surface_m2,rooms,floor,max_floor,price,neighborhood,year_built,elevator,construction_material,latitude,longitude,metro_proximity,stb_proximity
42,2,2,11,115500,164,2026,0,0,44.43776617,26.16469884,0.45445616,0.198162444
44.7,2,4,5,96900,135,2024,1,0,44.4965214,26.1224619,1.820849201,1.16125171
56.2,2,4,4,83000,135,2026,1,0,44.52420178,26.14090783,5.208026453,2.649253289
43.57,2,2,11,112000,135,2026,1,0,44.48962827,26.14258409,2.286777692,0.882839099
91.3,3,1,5,199900,135,2025,1,0,44.4965214,26.1224619,1.820849201,1.16125171
53.59,2,4,11,134000,135,2026,1,0,44.48962827,26.14258409,2.286777692,0.882839099
51,2,1,10,219318,135,2025,1,0,44.4769395,26.1119777,0.55626248,0.053288692
39.9,1,2,3,87500,135,2024,1,0,44.49405061,26.12109663,1.528005544,0.921545876
114.5,3,5,8,179900,135,2025,1,0,44.4885201,26.13376,1.614490096,0.992666347
58,2,3,5,125900,135,2025,1,0,44.5186929,26.14601253,4.826386115,2.882206109
91,3,3,4,119000,135,2026,1,0,44.51758782,26.14507386,4.682847578,2.793893922
68.5,2,2,7,101000,135,2026,1,0,44.50293126,26.13917172,3.052458565,2.380526729
74.26,3,1,10,149000,160,2026,1,0,44.4113422,26.1898017,0.526898082,0.339964553
74.92,3,2,11,172000,160,2026,1,0,44.4089594,26.2092914,0.377546244,0.45081772
73,3,6,9,490000,67,2023,0,0,44.47635173,26.11443353,0.512197276,0.235304095
43,2,5,9,210000,67,2023,0,0,44.4763517,26.1144335,0.512201222,0.23530214
53.7,2,8,9,270000,67,2023,0,0,44.4763517,26.1144335,0.512201222,0.23530214
54,2,5,10,134800,97,2025,1,0,44.44559573,26.02228424,1.28263708,0.318428333
95.38,4,3,11,152000,59,2025,1,0,44.4121476,26.0293496,0.680969353,0.174579891
82.9,3,4,11,132000,59,2025,1,0,44.4121476,26.0293496,0.680969353,0.174579891
52.2,1,4,8,94900,135,2026,1,0,44.4887235,26.1338891,1.63537226,1.015802588
30,1,3,6,41200,97,2025,0,0,44.4469466,25.9913497,1.715353462,0.326843796
109.4,3,4,8,209900,135,2026,1,0,44.4885201,26.13376,1.614490096,0.992666347
66.6,3,0,4,161000,135,2024,1,0,44.5349162,26.1423357,6.365632822,3.377165385
42,1,6,10,96000,108,2024,1,0,44.5361452,26.0923803,6.367128187,0.23914928
52.7,2,1,4,116500,135,2027,1,0,44.51353051,26.15714426,4.864858126,3.625409439
47.8,2,6,11,95000,160,2025,1,0,44.429244,26.193409,0.830215562,0.285606413
123,4,1,3,319000,135,2025,1,0,44.51485408,26.15357123,4.798155353,3.454567035
75,3,3,8,190000,135,2023,1,-1,44.4888258,26.1354876,1.748798781,0.989702354
42,2,2,10,63000,97,2026,1,0,44.44446571,25.97114956,2.167512958,0.885704082
79,3,2,7,450000,67,2023,1,0,44.469349,26.110425,1.353051047,0.057906321
54,2,2,10,81000,171,2026,1,0,44.44074618,25.97949028,1.423580028,0.45568279
54,2,2,10,81000,97,2026,1,0,44.44446571,25.97114956,2.167512958,0.885704082
29,1,7,7,41100,97,2025,1,0,44.4469341,25.992514,1.665349943,0.236858892
48,2,7,7,61600,97,2023,0,0,44.4481268,25.9899961,1.884085225,0.43504558
51,2,5,7,67400,97,2023,1,0,44.4470233,25.9924919,1.674786549,0.236250323
63.9,2,1,4,105500,160,2026,1,0,44.41453679,26.19669668,0.783455225,0.753459624
48.82,2,2,11,95000,82,2025,1,0,44.4293101,26.1927146,0.785892719,0.312038971
54.92,2,8,11,106000,82,2025,1,0,44.4293101,26.1927146,0.785892719,0.312038971
60.53,3,7,11,121000,82,2025,1,0,44.4293101,26.1927146,0.785892719,0.312038971
55,2,2,8,132300,97,2025,1,0,44.4368102,25.9896628,0.713552105,0.208731481
53,2,8,11,165000,67,2026,1,0,44.47826654,26.1090225,0.66049817,0.238490191
60,2,3,4,106800,97,2025,0,1,44.4561532,25.9959389,2.525461974,0.965919423
74,2,6,9,255000,67,2025,1,0,44.47925868,26.11365495,0.284108173,0.170668951
67,2,6,25,299000,67,2025,1,0,44.47647206,26.10144981,0.313425318,0.276183382
43,2,21,21,259000,67,2025,1,0,44.47625304,26.1033491,0.405499643,0.160903737
85,3,4,8,280000,67,2026,1,0,44.47593249,26.11740849,0.531969701,0.216229972
72,3,5,10,285000,67,2017,1,0,44.4704257,26.1109761,1.225624998,0.167153967
70,3,6,10,152000,108,2024,1,0,44.5361452,26.0923803,6.367128187,0.23914928
65,2,2,3,165000,28,2024,1,0,44.50652359,26.0193093,0.583505179,0.429620195
122.14,4,11,11,261000,160,2026,1,0,44.4089422,26.2092882,0.375619587,0.449165426
37.52,1,1,11,85000,160,2026,1,0,44.4089245,26.2092943,0.373775348,0.447167907
41,2,7,7,51200,97,2025,0,0,44.4479185,25.9896527,1.880304701,0.458883669
74.2,3,2,4,184000,135,2027,1,0,44.51353051,26.15714426,4.864858126,3.625409439
64.7,2,1,4,159900,14,2026,0,0,44.49720973,26.10162021,2.009804411,0.076563181
73.92,3,0,3,214980,135,2024,1,0,44.49121981,26.12184271,1.242446622,0.699691899
50,2,2,5,75000,97,2026,0,2,44.44935138,25.97307258,2.50153835,0.457656682
50,2,2,5,74850,97,2025,0,0,44.4476012,25.9780532,2.136778144,0.88564515
41,2,7,7,55700,97,2024,1,0,44.4469007,25.9925134,1.662177221,0.237875035
38.6,1,6,10,84000,160,2026,1,0,44.411451,26.1897381,0.539394468,0.351329636
163.08,4,10,10,299000,160,2026,1,0,44.4113422,26.1898017,0.526898082,0.339964553
40,1,1,7,67000,10,2026,1,0,44.35970911,26.15054084,1.160717759,0.148849903
54,2,1,10,97900,97,2026,1,0,44.4412259,25.97202301,1.870222432,0.700013024
90.58,3,1,4,270000,152,2025,1,0,44.50025,26.054954,1.943573957,0.266872849
48,2,5,7,49830,97,2023,1,0,44.4472212,25.9923148,1.70088159,0.246528192
83.15,3,1,7,230000,135,2019,1,0,44.4890912,26.13014433,1.422611825,0.866372578
82.78,3,7,7,220000,135,2019,1,0,44.4891903,26.1301119,1.427948069,0.874737581
26,1,5,7,33900,97,2023,0,0,44.4467757,25.9924922,1.651096005,0.243571595
40,2,7,15,215000,14,2026,1,0,44.47682728,26.1070202,0.595472831,0.124328892
46,1,3,6,101750,135,2026,1,0,44.52083641,26.13876622,4.797593122,2.366757291
47,2,5,5,109998,44,2024,1,1,44.4612989,26.1398017,1.774059651,0.225368441
47,2,5,5,109641,44,2024,1,0,44.461347,26.139763,1.775725447,0.226148927
52.6,2,1,3,130592,135,2027,1,0,44.49828103,26.16225717,4.114606995,2.186685187
45.01,2,3,7,145000,135,2023,1,0,44.49240915,26.12064253,1.342127054,0.745207706
65,2,1,7,62000,59,2023,1,0,44.4119468,26.0152931,0.765132985,0.142030045
53.99,2,0,5,123165,44,2024,1,0,44.4612989,26.1398017,1.774059651,0.225368441
91.92,3,2,4,270000,152,2025,1,0,44.50025,26.054954,1.943573957,0.266872849
58,2,3,7,113100,23,2025,1,0,44.35930387,26.1510219,1.218540119,0.096649145
115,3,11,13,166750,131,2023,1,0,44.4121657,26.0801114,1.541016982,0.192718179
40,1,1,7,63000,10,2025,1,0,44.37348,26.1254681,1.039734119,0.268469176
47,2,1,5,86500,97,2025,1,0,44.4453562,25.9874076,1.676334143,0.676789812
50,2,12,15,185000,135,2024,0,-1,44.4784996,26.1205176,0.392778899,0.133692468
225,5,5,6,1490000,55,2023,0,0,44.45798561,26.09873609,0.802192044,0.222705014
50,2,4,7,80200,23,2025,1,-1,44.36174017,26.15111656,0.993877654,0.182660381
47,2,5,6,145000,135,2024,1,-1,44.4911263,26.1239891,1.299735914,0.821468203
109,3,11,11,309990,18,2022,0,-1,44.4776055,26.1174187,0.348028651,0.039213574
104,4,2,3,369000,80,2023,0,-1,44.51382871,26.11201286,3.703648706,0.215942593
47,2,6,10,185000,67,2018,0,-1,44.47045432,26.1116856,1.203160713,0.207880739
50,2,11,11,130000,59,2010,0,-1,44.42049853,26.00387798,0.772416186,0.21543628
94,3,5,7,299000,28,2022,0,-1,44.51092223,26.07531948,3.902993505,0.471707763
49.3,2,2,4,115000,160,2019,0,-1,44.41604632,26.18988864,0.982754357,0.512319691
77,3,2,5,245000,80,2009,0,-1,44.51337802,26.10232718,3.808221421,0.25757381
89.53,3,3,6,277000,162,2015,0,-1,44.41696144,26.11896787,0.44575499,0.399777607
52,2,2,10,122900,56,1970,0,-1,44.41794093,26.14728802,0.732874358,0.1259947
73,3,1,11,275000,92,2018,0,-1,44.43061046,26.03208284,0.453063911,0.378530068
63,3,3,3,124000,10,2016,0,-1,44.37324459,26.13678843,0.714514118,0.276793631
62,3,8,10,119500,59,1971,0,-1,44.41545297,26.02928165,0.513822046,0.243628785
101,3,3,5,395000,78,2023,0,-1,44.48143692,26.08976394,0.870707479,0.321000365
51.6,2,5,7,330000,67,2025,0,-1,44.47780818,26.10195627,0.201577523,0.164325511
50.32,2,4,7,170432,14,2025,1,-1,44.48170205,26.10924214,0.596716945,0.175736099
141,4,-1,7,145000,27,2020,0,-1,44.49576133,26.02152098,0.825847791,0.657716223
54,2,8,9,115000,164,1970,0,-1,44.43550638,26.16602713,0.274955743,0.15271073
77,2,1,7,228000,170,2016,0,-1,44.43196479,26.11454904,1.030529373,0.12900202
41,1,0,10,110000,59,2017,1,0,44.41135215,26.00945482,1.133303996,0.195984982
100,4,2,6,365000,170,1983,0,-1,44.44097552,26.10070523,0.589706073,0.142999862
68,3,6,7,170000,163,1978,1,2,44.41284648,26.11002781,0.475782893,0.232017083
32,1,1,5,48900,97,2025,1,0,44.45142856,25.97236849,2.727321041,0.281623682
113,4,2,6,365000,28,2023,1,0,44.50901939,26.0740952,3.721138897,0.65543045
118,4,2,3,478000,152,2020,1,0,44.50261279,26.03816259,1.029792948,0.279698258
50,2,6,10,127000,59,1975,1,1,44.42189045,26.02756439,0.200978507,0.202526421
64.7,3,2,4,169900,14,2026,0,0,44.49666328,26.10059717,1.946343224,0.135459586
51.35,2,1,11,78100,160,2026,1,0,44.41596243,26.19768545,0.957643921,0.671581503
56.1,2,7,11,84900,160,2026,1,0,44.41597468,26.19764256,0.957940827,0.668275301
51.35,2,1,11,78100,164,2026,1,0,44.41596243,26.19755675,0.95466055,0.66470686
56.1,2,7,11,84900,160,2026,1,0,44.4160237,26.1975139,0.960224461,0.657367547
51,2,0,5,134900,135,2021,1,0,44.52307925,26.14343927,5.17152734,2.794009445
42,2,1,3,66800,97,2019,0,0,44.4513636,25.97717231,2.545457983,0.654386491
91,3,2,7,219900,14,2026,0,0,44.49586917,26.09927549,1.859520629,0.166923095
64.7,3,2,4,169900,28,2026,0,0,44.49734043,26.1017661,2.024964488,0.080789138
94,4,6,7,155000,25,2026,1,0,44.37433296,26.11002781,2.097310542,0.309801789
55,2,1,5,71900,97,2025,1,0,44.451436,25.972746,2.712731255,0.309731767
51,2,1,3,64580,139,2026,0,2,44.38075364,26.19087619,3.011490964,1.535275481
121,3,6,9,364000,67,2025,1,0,44.47826402,26.11368973,0.355970564,0.217267302
74,2,5,9,194000,67,2025,1,0,44.47798454,26.11199155,0.474712895,0.157937159
92,3,7,25,344000,67,2025,1,0,44.47954346,26.10208952,0.150871444,0.068103297
49.24,2,2,3,119000,160,2026,1,0,44.418999,26.19943,1.321592466,0.613397092
68.4,2,3,4,215000,80,2026,1,0,44.5146725,26.12025432,3.790282928,0.81440404
79,2,5,16,219500,18,2011,1,0,44.47810644,26.1151937,0.308346065,0.152165045
34.37,1,1,10,75570,160,2025,0,0,44.418937,26.1991028,1.306940364,0.590186854
65,2,5,8,185000,67,2026,1,0,44.47780644,26.11534508,0.335745146,0.137871107
85,3,6,9,124300,160,2026,1,0,44.4159502,26.1976855,0.956346527,0.672586052
53,2,0,7,113000,111,2026,0,0,44.3690325,26.16899486,2.013217245,1.815827545
40,1,1,7,67000,23,2026,0,0,44.36026054,26.15214241,1.17505794,0.218114197
49,2,5,7,82800,10,2026,0,0,44.37226062,26.1298618,0.925165968,0.135776006
55,2,7,7,88500,95,2025,0,0,44.36627171,26.11433113,2.233771175,0.201962604
66,3,0,4,125000,23,2017,0,0,44.38712759,26.09942445,1.501355248,0.322862729
74.17,3,1,4,337000,67,2027,1,1,44.46930417,26.11157748,1.327291975,0.147849304
60,2,6,10,189000,67,2025,1,0,44.47468,26.1154126,0.674531221,0.377878102
77,3,1,7,228000,25,2025,1,0,44.39501368,26.10563294,0.496110982,0.449562414
91,3,2,4,219900,28,2026,0,0,44.49734043,26.1017661,2.024964488,0.080789138
71,2,11,11,142500,164,2024,1,0,44.4346383,26.1723022,0.244308512,0.197782935
65,3,0,6,105000,10,2026,1,0,44.36791158,26.11901096,1.837699852,0.08863321
55,2,2,7,87500,25,2026,1,0,44.37433296,26.11002781,2.097310542,0.309801789
36,1,1,6,65000,25,2026,1,0,44.36148949,26.11901096,2.12704494,0.332979017
32,1,1,6,58000,25,2026,1,0,44.36791158,26.11901096,1.837699852,0.08863321
56.04,2,3,10,104180,160,2025,0,0,44.418937,26.1991028,1.306940364,0.590186854
43.21,2,4,10,87000,160,2025,0,0,44.418937,26.1991028,1.306940364,0.590186854
30,1,9,9,58000,59,1965,1,0,44.42102028,26.03826284,0.40723483,0.2335549
240,4,13,25,1598500,67,2025,1,0,44.47535528,26.10459531,0.545086362,0.057136347
42,2,2,7,65000,97,2026,1,0,44.4493112,25.98157375,2.207964005,1.04918993
142,4,6,12,699000,67,2025,1,0,44.4766033,26.1014054,0.298448837,0.288136049
140,4,9,12,659000,67,2025,1,0,44.47822209,26.09896639,0.146679315,0.157929975
144,4,15,25,869000,67,2025,1,-1,44.4766033,26.1014054,0.298448837,0.288136049
31,1,3,7,49900,97,2025,1,0,44.4436656,25.9765573,1.823068086,0.814515521
48,2,7,7,65900,97,2025,1,0,44.44328,25.9826708,1.547464736,0.464380541
43.72,2,1,7,115000,135,2026,0,0,44.5205919,26.1462587,5.021422278,2.937703443
38,1,7,8,80000,23,2024,1,0,44.36103205,26.15003802,1.012681495,0.089732792
54,2,2,10,80900,97,2026,1,0,44.44446571,25.97114956,2.167512958,0.885704082
47.3,2,1,4,169000,155,2025,1,0,44.49024117,26.06473088,2.077467575,0.095653418
52,2,5,9,200000,67,2025,1,0,44.47605681,26.1140728,0.552989349,0.213957456
52,2,2,5,117000,10,2025,1,0,44.37371605,26.13003381,0.778808905,0.036871862
68.3,3,1,10,102167,160,2026,1,0,44.4179045,26.2038071,1.368004927,0.973565677
40.65,1,3,7,77000,25,2025,1,0,44.37155672,26.11659634,1.739120901,0.131856804
49.53,2,8,20,165000,67,2026,1,0,44.47792506,26.12432957,0.68378724,0.105980915
32,1,0,7,48900,97,2026,1,0,44.4493112,25.98157375,2.207964005,1.04918993
58,2,1,2,102000,10,2017,1,0,44.36791158,26.11901096,1.837699852,0.08863321
44.2,2,1,4,68880,160,2026,1,0,44.41284648,26.19985934,0.728950093,0.648273824
52,2,1,7,77450,97,2026,1,-1,44.4493112,25.98157375,2.207964005,1.04918993
60,2,2,7,260000,120,2010,1,0,44.44492172,26.08307835,0.724005837,0.078686196
40,2,4,4,77000,160,2025,1,0,44.42142658,26.20091887,1.615372338,0.586081782
62.2,3,1,4,260000,28,2025,1,0,44.48963271,26.06502056,2.071951226,0.116450759
55.52,2,0,8,172000,135,2025,1,0,44.4888258,26.1354876,1.748798781,0.989702354
208,5,6,9,1495000,67,2023,0,0,44.4763517,26.1144335,0.512201222,0.23530214
76,3,1,6,122000,23,2025,0,0,44.3736269,26.1256846,1.016035122,0.288943535
65,2,0,3,158000,28,2024,1,0,44.50652359,26.0193093,0.583505179,0.429620195
46,2,7,7,77900,97,2024,1,1,44.4432425,25.9781668,1.711594834,0.684013564
46,2,1,7,68900,97,2025,1,0,44.4436826,25.9767448,1.81589831,0.803534788
49,2,6,6,72200,97,2022,1,0,44.4469007,25.9925134,1.662177221,0.237875035
58.5,2,10,11,165000,95,2024,1,3,44.368195,26.121332,1.688356388,0.163617381
76.3,3,1,3,114500,160,2026,1,0,44.41284648,26.19985934,0.728950093,0.648273824
90.1,3,1,3,148700,160,2026,0,0,44.41306421,26.19532054,0.600027937,0.629289864
53,2,2,11,112000,59,2026,1,0,44.4241833,26.0037726,0.849420243,0.163004851
138,4,1,7,681000,54,2017,1,-1,44.4654263,26.0596389,0.491284715,0.306762926
58,2,4,6,260000,28,2022,1,0,44.50901939,26.0740952,3.721138897,0.65543045
182,5,5,5,660000,78,2026,1,0,44.491275,26.064418,2.105039194,0.022196496
71,3,2,7,100300,23,2026,1,0,44.36599866,26.15365431,0.857661555,0.650636174
29,1,1,3,49490,97,2025,1,0,44.44561984,25.98339792,1.772944702,0.699298277
74,3,5,6,320000,28,2025,1,0,44.50901939,26.0740952,3.721138897,0.65543045
72,2,4,6,164650,80,2026,1,0,44.5172942,26.1411818,4.512716743,2.483596468
37,1,0,3,90500,27,2025,0,0,44.4877671,26.0547944,1.247788113,0.20977799
38,1,0,3,91000,27,2025,0,0,44.4877353,26.0547831,1.245364423,0.210329776
97,3,1,3,325000,135,2024,1,0,44.5226888,26.1449726,5.183553146,2.89673493
120,4,11,12,345000,2,2025,1,0,44.419656,26.0636394,0.899735814,0.147919654
95,2,5,7,595000,67,2015,0,0,44.46812948,26.10357466,1.254444279,0.218496282
110.92,4,10,10,330000,28,2017,1,0,44.501536,26.061654,2.492809639,0.17616059
78.1,3,1,4,297000,169,2025,1,2,44.428031,26.094654,0.502947014,0.126855318
51,2,1,7,78500,23,2025,1,0,44.3629333,26.1484511,0.766525842,0.194854401
166,4,2,5,495000,80,2025,1,0,44.5148983,26.1169235,3.804529258,0.549300868
41.7,1,6,9,68100,160,2026,1,0,44.41603596,26.19768545,0.965454853,0.6655848
37.1,1,0,11,60900,160,2026,1,0,44.41593179,26.19764256,0.953382148,0.67180195
38.3,1,2,11,70200,160,2026,1,0,44.4160893,26.1976568,0.970461381,0.659702112
51,2,0,10,110000,56,1967,0,0,44.419275,26.147123,0.661015362,0.184180871
59.73,2,1,3,108000,160,2026,1,0,44.403345,26.178819,0.810314328,0.723440155
32,1,5,5,48994,97,2025,1,0,44.4391391,25.98725134,0.99691698,0.187506826
59,2,3,4,207500,80,2026,1,0,44.5148983,26.1169235,3.804529258,0.549300868
78,3,7,10,209900,97,2025,1,0,44.4456861,26.02226241,1.292570793,0.324604856
32,1,1,7,49880,97,2026,1,0,44.44177321,25.98721002,1.28468344,0.317896116
64.7,2,1,4,159900,28,2026,0,0,44.49734043,26.1017661,2.024964488,0.080789138
39.32,2,1,3,72632,160,2026,1,0,44.41284648,26.19985934,0.728950093,0.648273824
51.11,2,12,15,265000,67,2026,1,0,44.47468,26.1154126,0.674531221,0.377878102
80,3,4,7,252000,23,2024,0,0,44.388236,26.1346854,0.962933899,0.19914824
142,4,2,8,269900,135,2025,0,0,44.4885201,26.13376,1.614490096,0.992666347
64,2,5,11,210000,67,2017,1,0,44.4701516,26.1111916,1.248029748,0.156216987
79,3,5,11,295000,18,2017,1,0,44.4701474,26.1111593,1.2493556,0.153994734
53,2,0,7,99000,95,2017,1,-1,44.37436677,26.12417229,1.062777209,0.221842676
52,2,3,7,90000,5,1967,1,0,44.38227138,26.11948267,1.207846861,0.314292079
54,2,5,7,129500,111,2020,0,-1,44.39061638,26.12762323,0.496191488,0.076906816
58,4,4,4,115000,25,1974,0,0,44.37745514,26.10716355,2.100773549,0.111709751
36,1,1,6,53390,95,2026,1,0,44.36934731,26.11604931,1.911945407,0.132663225
61.5,2,0,5,149000,23,2021,1,0,44.36365392,26.15364823,0.985974596,0.4622103
62,3,3,4,114000,59,1973,0,-1,44.42150264,26.016984,0.27490036,0.177382171
31,1,2,9,49000,10,1966,1,-1,44.37751118,26.12236318,1.059322129,0.154072004
72,3,3,10,129000,97,2026,1,0,44.43939465,25.97876466,1.342863284,0.48901601
40,1,3,10,72000,97,2026,1,0,44.43939465,25.97876466,1.342863284,0.48901601
52,2,3,7,90000,5,1968,1,-1,44.38854949,26.11212727,0.944441122,0.194730494
55,2,7,7,189000,96,2020,0,-1,44.41314456,26.12610334,0.154292887,0.187127338
218,6,1,1,399000,176,1930,0,-1,44.44377175,26.08801501,0.791767151,0.10319235
45,2,4,7,77000,23,2026,1,0,44.3701255,26.11174265,2.152755714,0.285637833
57,2,2,10,107000,23,1981,1,0,44.38783931,26.12492282,0.604957005,0.148854562
40,1,2,6,67500,10,2026,1,0,44.37241873,26.12963342,0.918590186,0.137629525
48.01,2,2,10,86999,160,2024,1,0,44.41308912,26.19735497,0.648509162,0.671174902
92,3,11,12,195000,111,2023,1,0,44.38466326,26.11863532,0.965865974,0.2243609
31,1,2,7,69000,120,1940,0,0,44.44746421,26.09992853,0.26364455,0.038635314
168.95,3,3,3,250000,179,2024,1,0,44.40043195,26.14670384,1.864203661,0.248360338
69,3,4,4,115900,111,1980,0,-1,44.38613261,26.1357236,0.728044334,0.239976174
53,2,9,10,117990,59,1973,0,-1,44.41961489,26.02559147,0.402923122,0.287608297
47,2,1,3,76264,160,2026,1,0,44.41578389,26.2024691,1.114215112,0.98016727
63,3,1,7,115000,25,1975,0,-1,44.38225405,26.10448492,1.848458672,0.353936635
80,3,2,3,265000,135,2021,1,0,44.48070276,26.11030267,0.501751932,0.168866425
49.4,2,3,20,150000,67,2026,1,0,44.47706396,26.12416677,0.721018132,0.197280668
124,4,6,9,720000,67,2023,0,0,44.4763517,26.1144335,0.512201222,0.23530214
81.1,3,3,7,152000,53,2017,0,-1,44.44892994,26.14623225,1.369080589,0.077251707
82.28,3,5,15,344000,67,2025,1,0,44.4758632,26.1133947,0.594233893,0.172435094
179,3,3,7,296500,162,2025,0,1,44.41727279,26.11580312,0.204145174,0.186509307
55,2,1,7,113000,95,2025,1,-1,44.3599115,26.13413572,1.255937303,0.290919018
42,2,2,7,64900,97,2026,1,0,44.44549171,25.97811457,1.927243594,0.864380073
59,2,1,7,90990,23,2026,1,0,44.36106977,26.14995674,1.005824413,0.082526481
39,2,1,6,76800,23,2025,1,0,44.37224365,26.11675564,1.690049226,0.186682497
34.6,1,1,7,57960,160,2026,1,0,44.41284648,26.19985934,0.728950093,0.648273824
51.68,2,1,5,89500,97,2025,1,0,44.4454227,25.9874609,1.683148904,0.67027114
416,4,5,5,600000,135,2023,1,0,44.4900286,26.1196395,1.066200125,0.483892625
78.08,3,1,4,250000,80,2025,1,1,44.51182712,26.1090106,3.515252559,0.376702661
131,4,3,4,319900,28,2026,0,0,44.49734043,26.1017661,2.024964488,0.080789138
45.59,2,3,11,104400,23,2025,1,0,44.36807336,26.12442554,1.532441924,0.181042537
38,2,0,5,66900,97,2026,1,0,44.44490348,25.98743442,1.626128554,0.640846049
58,2,3,7,220000,67,2018,0,0,44.47099469,26.11140598,1.154295778,0.238499635
58.6,2,11,11,196000,163,2024,1,0,44.40710204,26.12322104,0.64073055,0.116218405
51,2,3,7,57000,97,2024,0,0,44.4469466,25.9913497,1.715353462,0.326843796
64,3,7,7,90900,97,2024,1,0,44.4429701,25.977919,1.697489957,0.681600445
70,3,2,4,205841,135,2017,1,0,44.4932963,26.1191829,1.417004343,0.782347693
86.8,3,5,5,230000,160,2023,0,0,44.41284648,26.19087619,0.623350454,0.520942912
65.95,2,6,11,96300,164,2026,1,0,44.41596243,26.19751385,0.95368837,0.662434508
64.1,2,6,11,93800,164,2026,1,0,44.41603596,26.19764254,0.964457206,0.663262412
53.6,2,1,7,120000,95,2022,1,2,44.36791158,26.12799412,1.250921128,0.108121357
65,2,4,6,138500,23,2021,1,2,44.36216,26.15126,0.963884394,0.212282346
118,4,1,4,359900,55,2008,1,0,44.45774689,26.10104466,0.665953154,0.275307804
65.7,3,2,7,204000,18,2024,0,-1,44.47730355,26.11807111,0.392962487,0.100203914
74,2,4,6,137000,160,2023,1,0,44.41284648,26.19985934,0.728950093,0.648273824
99,4,1,6,190000,25,2023,1,0,44.37665172,26.10669136,2.195603651,0.023924465
36,1,0,6,68500,10,2026,1,2,44.37433296,26.12799412,0.827915951,0.212437951
107.08,4,8,8,360000,67,2026,1,0,44.47758817,26.1244154,0.707335742,0.135848604
40.3,2,4,7,116600,59,2026,1,0,44.41224483,26.03657912,1.119485617,0.222540291
131,4,3,4,319900,14,2026,0,0,44.49720567,26.10178143,2.010078399,0.067762904
130,4,3,3,319964,80,2026,1,0,44.51357811,26.12080004,3.672602109,0.873461387
77,3,2,10,115500,97,2025,1,0,44.44446571,25.97114956,2.167512958,0.885704082
47,2,1,7,77900,97,2024,1,1,44.44499983,25.98775992,1.633678652,0.659406466
46,2,1,5,78000,97,2026,1,0,44.450007,25.981167,2.291504211,0.99616155
33.2,2,3,7,56900,97,2021,1,1,44.43850808,25.98426367,1.011950656,0.114744395
93,4,0,5,471000,169,2022,1,0,44.425208,26.093247,0.695518436,0.215869973
57,2,3,7,93470,23,2025,1,0,44.36383462,26.15058892,0.788858855,0.319355054
40,1,1,6,67500,10,2025,1,0,44.36880493,26.1244472,1.480546113,0.144502267
41,1,1,7,67700,160,2026,1,0,44.41429142,26.19669668,0.75716175,0.777223904
36,2,10,10,89300,59,1973,0,-1,44.4183384,26.0185551,0.212217142,0.234278019
53.25,2,5,11,169750,59,2026,1,0,44.41201649,26.03662206,1.144982777,0.242425828
56,2,3,4,89600,160,2024,1,0,44.40202,26.17865,0.947275954,0.870170413
56,2,3,4,89600,164,2024,1,0,44.402032,26.178682,0.946661468,0.868906245
72,3,0,8,105500,97,2020,1,-1,44.44960843,25.97614694,2.404292343,0.638574088
73.2,3,4,6,135521,23,2025,1,0,44.37209852,26.11203861,2.032929466,0.268625551
33.5,1,4,6,68600,23,2025,1,0,44.36807464,26.11343518,2.163168047,0.07162036
63.9,2,1,3,105500,160,2026,0,0,44.41483316,26.19778541,0.841282791,0.773462447
37,1,0,7,99800,54,1986,0,-1,44.46415842,26.0740952,1.004901678,0.252404247
40,2,6,11,97000,110,2024,0,0,44.4509633,26.15005821,1.747058057,0.18883736
38,1,2,11,84900,161,2026,0,0,44.4264514,26.0190424,0.649649439,0.125454293
48,2,1,7,85680,179,2024,1,0,44.3943432,26.1433052,1.676407827,0.312889724
60,2,0,7,103603,97,2023,1,0,44.436957,25.9878485,0.749855601,0.130286307
48,2,2,7,86220,179,2024,1,0,44.3944949,26.1435137,1.694532581,0.332671808
72,3,3,10,186950,164,2025,1,0,44.43776617,26.16469884,0.45445616,0.198162444
46,2,7,7,120400,100,2026,1,0,44.43702525,26.16398683,0.467497122,0.113444068
82,3,9,17,159999,130,1978,1,0,44.44107514,26.15924688,1.02056054,0.179414485
67,3,1,9,240000,135,2025,0,-1,44.48943808,26.11739609,0.975319486,0.331577178
58,2,3,4,80500,164,2026,1,0,44.41147579,26.20441745,0.724306484,0.608849191
147,4,1,2,499000,135,2023,0,0,44.49274892,26.11903348,1.355072554,0.721321866
40,2,9,9,140000,42,1958,1,-1,44.43709682,26.09787582,0.412387291,0.124283465
187.89,4,1,7,2300000,34,2026,0,-1,44.45456033,26.08751846,0.385053634,0.132035794
68,2,1,8,99900,95,2024,1,2,44.36764,26.12061,1.772601693,0.081511411
77,3,3,10,115500,97,2026,1,0,44.44135899,25.97940445,1.483067391,0.488077375
53.6,2,0,11,139800,110,2026,0,0,44.44470281,26.15409222,1.592080416,0.20456237
71,3,10,10,89900,74,1976,0,-1,44.4335998,26.0155244,0.465623064,0.059730092
200,6,11,12,1200000,14,2026,1,0,44.48587165,26.10203906,0.759347313,0.413762812
42,2,5,7,75000,25,1974,1,0,44.4361414,26.102684,0.031770686,0.078691421
30,1,0,10,50500,130,1978,1,0,44.44448169,26.15999006,1.248849207,0.1967992
45,2,3,7,76680,23,2026,1,0,44.36051006,26.15031481,1.073996414,0.134628128
51,2,3,4,82500,97,2025,1,-1,44.44707779,25.98511753,1.895473833,0.81743217
42,2,1,7,64988,97,2025,1,0,44.43896598,25.98742451,0.97512991,0.205005838
260,5,10,10,1990000,67,2007,1,0,44.46493453,26.11880621,1.703679558,0.366794255
51,2,3,4,82500,97,2020,1,-1,44.44512994,25.98612858,1.667316852,0.641417999
71,2,2,3,189000,63,2025,1,0,44.40006135,26.10115221,0.626519947,0.20727264
53.64,2,4,7,150000,158,2025,1,0,44.460907,26.114413,1.136146542,0.130306648
50.51,2,4,4,140000,87,2025,1,0,44.46073,26.113684,1.085953604,0.096092902
69.6,3,5,7,214999,135,2017,1,-1,44.48979748,26.11901096,1.030869217,0.432487256
80,3,3,7,215000,55,1939,0,-1,44.4601903,26.0946699,0.928802371,0.070657547
55,2,3,12,260000,78,2021,0,-1,44.48634868,26.09270298,0.999338854,0.11400262
105.34,4,3,20,340000,18,2026,1,0,44.47721707,26.12425326,0.717430515,0.178925391
65,3,4,4,127000,25,1975,0,2,44.385543,26.1077923,1.41632856,0.196496701
57,2,4,4,140000,158,2025,1,0,44.460413,26.113837,1.064752548,0.062442612
53,2,5,8,81000,23,2025,1,0,44.36086505,26.15008935,1.030819585,0.099429324
54,2,0,3,103600,10,2015,0,2,44.37611,26.1395,0.507368569,0.135247085
53,2,11,11,132000,160,2021,0,2,44.40001146,26.20884249,0.624778778,0.619899208
56,2,8,10,97000,59,1971,0,-1,44.41434514,26.03287853,0.818889929,0.159527249
60,2,6,7,230000,67,2023,1,0,44.4808584,26.106348,0.518201932,0.169624832
39.95,2,4,7,77000,164,2025,1,1,44.4212768,26.20043093,1.587002646,0.555135443
51.12,1,2,7,174000,67,2027,1,0,44.4756346,26.12006754,0.624306829,0.342850742
55.6,2,1,7,189800,67,2027,1,-1,44.4756346,26.12006754,0.624306829,0.342850742
56.6,2,5,7,201500,67,2027,1,0,44.4756346,26.12006754,0.624306829,0.342850742
108,4,0,5,375000,28,2017,1,0,44.50901939,26.0740952,3.721138897,0.65543045
69,2,1,7,107107,97,2023,1,0,44.436957,25.9878485,0.749855601,0.130286307
36,1,2,4,63525,160,2026,1,1,44.4214788,26.2001105,1.600560805,0.523462216
30,1,4,7,55900,97,2026,1,0,44.44328,25.9826708,1.547464736,0.464380541
41.48,2,9,10,89000,160,2025,0,0,44.418937,26.1991028,1.306940364,0.590186854
87,3,2,8,207500,97,2025,1,0,44.4365589,25.9880652,0.702827668,0.096141508
193,4,2,4,890000,142,2017,0,-1,44.4678543,26.0909883,0.407558896,0.407166402
56,2,6,11,113000,26,2024,0,0,44.4496764,26.1421432,1.207318736,0.189404938
49.8,1,6,6,157000,135,2025,1,-1,44.4913267,26.1237514,1.311444641,0.820141198
126.51,4,3,6,315000,135,2025,1,0,44.4904739,26.1238786,1.231240189,0.772986715
50.13,2,18,21,205000,67,2026,1,0,44.4767805,26.1241548,0.738310235,0.227209852
52,2,1,7,78500,23,2025,1,0,44.35955422,26.15193637,1.231408264,0.139769174
72,3,6,7,129420,179,2025,1,0,44.3944949,26.1435137,1.694532581,0.332671808
57,2,5,10,135484,152,2024,1,0,44.50605187,26.02734223,0.397755002,0.034955843
58,2,3,7,80500,160,2026,1,0,44.41156864,26.2023925,0.783883869,0.586966921
65,2,1,6,223850,67,2022,1,0,44.46993311,26.11097674,1.276741961,0.127530754
81,3,3,10,144000,97,2026,1,0,44.43939465,25.97876466,1.342863284,0.48901601
55,2,8,10,99000,97,2026,1,0,44.43939465,25.97876466,1.342863284,0.48901601
52,2,3,10,94500,97,2026,1,0,44.43939465,25.97876466,1.342863284,0.48901601
53.06,2,4,10,132602,152,2025,1,0,44.50761741,26.02370682,0.521139357,0.106094046
127.4,4,1,3,384900,80,2026,1,0,44.51330847,26.1108546,3.656451789,0.214534073
162,4,5,8,495000,67,2025,1,0,44.47550199,26.1120312,0.681891871,0.130473969
36.29,1,9,10,74000,160,2025,0,0,44.418937,26.1991028,1.306940364,0.590186854
57.57,2,8,10,105400,160,2025,0,0,44.418937,26.1991028,1.306940364,0.590186854
92,3,13,25,419000,67,2025,1,0,44.47943892,26.10322219,0.236644398,0.023484742
49,2,5,7,48600,97,2023,0,0,44.4469697,25.992449,1.671383838,0.240899137
57,2,0,6,107400,155,2025,0,0,44.51432267,26.01805249,1.367451543,0.146540217
48,1,1,7,76900,97,2025,0,0,44.44328,25.9826708,1.547464736,0.464380541
56.65,2,4,11,113000,110,2027,0,-1,44.45035282,26.14662501,1.49878634,0.095569975
126,4,2,15,545000,67,2026,1,0,44.47468,26.1154126,0.674531221,0.377878102
72,3,10,15,456000,14,2025,1,0,44.47679511,26.10715678,0.606786845,0.122568831
97.6,3,8,11,525000,78,2024,1,0,44.487593,26.0905872,1.211835927,0.315865112
53,2,4,10,132602,152,2024,1,0,44.50605187,26.02734223,0.397755002,0.034955843
84,3,2,8,290000,163,2020,0,-1,44.39583356,26.09452905,0.970562403,0.249129086
123,4,1,7,307000,162,2025,0,-1,44.41740777,26.11601759,0.225267183,0.209152136
200,4,3,3,206000,59,2026,1,1,44.40400663,26.01824849,1.402540353,0.245223686
46,2,3,4,133000,135,2021,0,0,44.49365882,26.12008713,1.468612475,0.847163009
77.45,4,3,4,206000,25,1977,0,0,44.37739139,26.10771262,2.081990988,0.13578803
42,2,10,10,71900,59,1975,1,0,44.41284648,26.02019628,0.427679862,0.173931714
84,3,5,5,269900,14,2025,0,-1,44.48979748,26.0920615,1.349949152,0.421457737
32.5,1,3,12,82950,179,2026,1,0,44.40070239,26.15195548,1.609543461,0.058625994
73,3,9,9,89900,130,1979,1,0,44.43850808,26.17290988,0.428232886,0.084436726
61.3,2,1,11,119000,95,2025,1,0,44.3685354,26.1211894,1.667775777,0.18172765
37.5,1,0,4,173600,101,2025,0,-1,44.4459187,26.12496441,0.45104467,0.160744704
95.3,4,3,4,263500,135,2027,1,0,44.51353051,26.15714426,4.864858126,3.625409439
50,2,6,11,219000,47,2023,1,0,44.42660559,26.06254473,0.336815126,0.222773622
130.9,4,3,5,413000,80,2022,1,0,44.50901939,26.10104466,3.320677568,0.744580114
58.85,2,4,12,146500,44,2026,1,0,44.47069742,26.14153932,2.267184064,0.126505926
59.71,2,11,11,215350,18,2026,1,0,44.47712521,26.12425326,0.722970838,0.188470928
38,1,4,7,123000,169,1995,1,0,44.418509,26.112599,0.212051738,0.135310047
52,2,7,10,125000,92,1978,0,-1,44.43272149,26.03063043,0.314657111,0.16393083
46.5,2,1,4,167500,110,2025,0,-1,44.4459187,26.12496441,0.45104467,0.160744704
33.5,1,3,4,123950,101,2025,0,-1,44.4459187,26.12496441,0.45104467,0.160744704
57,2,3,4,204350,101,2025,0,-1,44.4459187,26.12496441,0.45104467,0.160744704
47.5,2,3,4,175875,102,2025,0,-1,44.4459187,26.12496441,0.45104467,0.160744704
33.5,1,1,4,127300,44,2025,0,-1,44.4459187,26.12496441,0.45104467,0.160744704
51,2,3,7,77450,97,2025,1,0,44.44375513,25.98383374,1.564969111,0.489096975
42,2,1,7,65000,97,2025,1,0,44.44566809,25.98339452,1.778147201,0.704629368
188,4,2,5,1750000,142,2005,1,0,44.4721537,26.0939561,0.895694193,0.430086635
100,4,2,11,274250,164,2020,1,0,44.4377741,26.163375,0.545878015,0.206318745
36.52,1,6,10,74000,160,2025,0,0,44.418937,26.1991028,1.306940364,0.590186854
56,2,6,7,92400,59,2025,1,0,44.4205962,25.9826833,1.23704352,0.183770824
41,2,5,7,40770,97,2022,0,0,44.4467854,25.992556,1.649426038,0.238428446
82.25,3,5,15,344000,18,2026,1,0,44.47546058,26.11507118,0.59378979,0.311111474
65,3,8,8,132300,164,1983,1,0,44.41129164,26.1427676,1.130755655,0.389631255
51,2,1,6,132231,162,2025,0,1,44.41730347,26.1159318,0.214919449,0.196755909
65.7,3,2,10,204000,14,2024,0,-1,44.47741486,26.11688524,0.364088708,0.052195307
59.73,2,1,3,108000,164,2026,1,0,44.403377,26.17887,0.808276484,0.720100221
50,2,8,10,91500,97,2026,1,0,44.43939465,25.97876466,1.342863284,0.48901601
55.8,2,6,8,188000,135,2026,1,-1,44.49013206,26.1352383,1.81205686,1.120182996
49,2,1,7,135000,169,1940,0,0,44.42916348,26.11503124,1.121113066,0.348295597
27.91,1,0,4,115385,101,2026,0,-1,44.4450607,26.1250423,0.546368957,0.185645939
150,4,5,5,730000,29,2008,0,-1,44.435214,26.126488,0.825817303,0.109111504
62,2,0,8,169000,56,1988,0,-1,44.41926294,26.13697727,0.274387487,0.072515117
56,2,6,7,189500,122,1995,1,0,44.43209374,26.11002781,0.712307355,0.166090723
88.3,3,1,3,159000,160,2026,1,0,44.403445,26.178729,0.797484163,0.712009283
38,2,10,10,89000,110,1977,1,0,44.46589911,26.11562734,1.645917576,0.528212666
72,3,5,7,237000,169,1993,1,0,44.425182,26.123437,1.237913187,0.065831395
74,3,5,7,260000,169,1992,1,0,44.42146,26.110848,0.567659452,0.061658319
71.18,3,2,12,239000,44,2026,1,0,44.47069742,26.14153932,2.267184064,0.126505926
64.7,2,2,4,169900,28,2026,0,0,44.49734043,26.1017661,2.024964488,0.080789138
73,3,11,12,245000,47,2023,1,0,44.42660559,26.06254473,0.336815126,0.222773622
56,2,3,4,89600,0,2024,1,0,44.402037,26.178567,0.943735961,0.868134444
117,3,5,6,485000,78,2007,1,0,44.48546387,26.08945616,1.107477092,0.271341705
82,4,4,10,234900,110,1980,1,-1,44.44607761,26.12629092,0.461730254,0.056148266
37.76,1,2,11,86900,23,2025,1,0,44.36807336,26.12442554,1.532441924,0.181042537
42,2,3,5,156000,162,2025,1,0,44.41295991,26.12031579,0.565340935,0.1871542
31.14,1,1,5,59900,97,2025,1,0,44.4453638,25.9873812,1.677435959,0.678461917
40.3,2,4,11,116600,71,2026,1,0,44.4129339,26.036911,1.051865247,0.1477558
169.4,4,3,5,599000,78,2007,1,0,44.4871925,26.0902599,1.194809552,0.323022057
57.4,2,11,11,117000,59,2025,1,0,44.41347362,26.03792444,1.020094878,0.134759655
70.24,3,1,8,271200,76,2026,1,-1,44.44851622,26.04460371,0.394548638,0.349864062
55.16,2,1,8,209500,76,2026,1,-1,44.4485162,26.0446037,0.394546961,0.349866321
73,3,1,7,185000,130,2026,1,0,44.4400042,26.2080343,1.237904432,0.668529072
66,3,1,10,191876,152,2024,1,0,44.50605187,26.02734223,0.397755002,0.034955843
77,4,6,11,218800,164,2024,0,0,44.4377662,26.1646988,0.454460643,0.198165099
87,3,3,3,320000,28,2024,1,0,44.51543266,26.03295327,1.528885164,0.748021399
153,4,1,2,362800,135,2026,0,0,44.515635,26.1519896,4.7927225,3.329446891
57.4,2,-1,4,109999,145,2020,1,1,44.3946622,26.058151,3.217490418,0.263260484
76,3,1,8,134900,49,1962,0,-1,44.4598201,26.0465876,0.892013507,0.082051264
38,2,4,4,42000,73,1971,0,0,44.3918283,26.08102803,1.854746523,0.178402821
96.3,3,7,9,140400,164,2026,1,0,44.41608498,26.19764254,0.969673198,0.659276559
79,3,9,11,335000,76,2017,1,-1,44.44607339,26.0642637,0.476896952,0.180945302
65,3,6,7,199900,55,1964,1,-1,44.46446359,26.10021843,1.108274297,0.205088569
37.5,2,1,10,139000,176,1976,1,-1,44.44917439,26.08271704,0.334868862,0.148645284
77,3,7,8,230000,135,2024,1,0,44.48338877,26.12799412,0.950631977,0.28226875
99,3,1,6,330000,62,2009,1,0,44.44391168,26.11260313,1.126885508,0.144859497
54,2,0,5,115900,135,2025,1,0,44.49292238,26.12535266,1.526769557,1.031852568
55,2,4,4,133200,135,2026,1,-1,44.49422983,26.13803484,2.269947523,1.447531181
83,3,2,3,379000,28,2024,0,-1,44.49528121,26.06117023,2.099381321,0.350585512
95,4,1,16,345000,18,2010,1,0,44.47930705,26.11516191,0.192232546,0.1624129
88,3,3,4,375000,55,2024,0,0,44.45064467,26.10327767,0.307367089,0.271950017
107,4,5,5,499900,80,2024,1,0,44.51280326,26.12506837,3.633711486,1.222400991
70,2,5,5,175000,131,2014,1,0,44.4154633,26.08786293,1.337193899,0.210423272
123,4,7,10,470000,67,2023,1,-1,44.47056924,26.11002781,1.229939114,0.152029284
65.18,3,3,4,269000,14,1984,0,-1,44.47919925,26.09804111,0.17649061,0.124446012
44,2,3,10,75000,97,2026,1,0,44.43939465,25.97876466,1.342863284,0.48901601
53,2,6,8,146000,130,2024,1,0,44.4389829,26.2095255,1.366735178,0.646435198
53,2,1,8,141000,130,2025,1,0,44.4389829,26.2095255,1.366735178,0.646435198
70,3,1,8,171000,130,2026,1,0,44.4396821,26.2079959,1.23742174,0.635902464
64,2,1,8,152000,130,2026,0,0,44.4389829,26.2095255,1.366735178,0.646435198
96,3,4,4,550100,101,2026,0,-1,44.4450607,26.1250423,0.546368957,0.185645939
40.67,1,3,7,150318,101,2026,0,-1,44.4450607,26.1250423,0.546368957,0.185645939
26.48,1,0,4,122031,101,2026,0,-1,44.4450607,26.1250423,0.546368957,0.185645939
47.78,2,5,7,75490,56,1970,0,0,44.415287,26.145713,0.830360284,0.29789249
71.5,3,0,4,307800,186,2025,0,-1,44.4459187,26.12496441,0.45104467,0.160744704
48,2,0,4,230400,101,2025,0,-1,44.4459187,26.12496441,0.45104467,0.160744704
78.5,3,0,4,378100,101,2025,0,-1,44.4459187,26.12496441,0.45104467,0.160744704
34,1,0,4,161200,110,2025,0,-1,44.4459187,26.12496441,0.45104467,0.160744704
42,2,5,7,104000,170,1960,0,-1,44.43435998,26.10296903,0.167844035,0.013166477
63,2,2,4,198000,135,2019,0,0,44.48979748,26.12799412,1.356496287,0.871255738
83.27,3,1,3,214900,135,2008,1,1,44.48979748,26.13697727,1.906085943,1.018144763
32,1,0,7,48900,97,2025,1,0,44.44350165,25.98353307,1.546070642,0.466450786
53,2,3,4,82500,97,2025,1,0,44.44570759,25.98344548,1.781146362,0.708274589
41,1,1,7,135999,92,2025,1,0,44.42936787,26.03949551,0.692073477,0.179388867
88.3,3,1,3,159000,164,2026,1,0,44.403377,26.17887,0.808276484,0.720100221
59.7,2,1,6,175000,40,2021,1,0,44.49579872,26.00292867,1.906393863,0.881125448
96.66,4,4,6,395000,118,2027,0,1,44.43220542,26.13574885,0.215492387,0.104242831
57.38,2,1,9,181380,47,2025,1,0,44.41438938,26.08131801,1.619308819,0.068619631
65.39,3,3,6,269000,118,2027,0,1,44.43478028,26.13194078,0.575178237,0.28472762
34,2,4,4,57999,97,2025,1,-1,44.4461029,25.98751875,1.757711223,0.643965577
85.31,4,0,8,152990,49,1984,1,0,44.45774689,26.04714574,0.658517525,0.301817309
150,4,2,3,675000,78,2006,0,0,44.4813355,26.08907456,0.920149497,0.357516825
56,2,14,14,120000,164,2010,0,-1,44.41940027,26.18012587,1.08256963,0.337103322
57.38,2,1,9,181380,47,2025,1,0,44.41262492,26.07889714,1.649625767,0.182971447
135,3,0,7,600000,54,2017,0,-1,44.46325446,26.07339921,1.084222367,0.137934365
128.5,4,12,12,549000,47,2024,1,0,44.42660559,26.06254473,0.336815126,0.222773622
68.94,3,15,20,250000,18,2026,1,0,44.47773814,26.12462997,0.714456455,0.114265603
42,2,3,7,154900,31,1962,1,-1,44.4437836,26.09837359,0.231482724,0.096113757
145,4,2,4,390000,28,2023,1,0,44.50901939,26.0740952,3.721138897,0.65543045
49,2,2,4,155000,80,2025,1,1,44.51182712,26.1090106,3.515252559,0.376702661
84.62,3,11,11,208800,59,2026,1,0,44.41219371,26.03649324,1.123477887,0.228415853
85.77,3,2,3,114694,160,2026,1,0,44.41672475,26.20288476,1.218422464,0.959287654
45,2,2,3,70394,160,2026,0,0,44.41673467,26.20290572,1.220279862,0.960323262
68.99,3,2,10,119900,145,2026,1,0,44.38443754,26.05925298,3.688512586,0.154579691
53.45,2,2,11,130800,71,2026,1,0,44.4122079,26.0363682,1.119764163,0.227486347
46.39,2,8,10,77400,145,2026,1,0,44.38610973,26.05710317,3.720783876,0.192755354
49,2,1,3,68600,160,2026,1,0,44.41661129,26.19762137,1.025370051,0.616666778
76,3,3,10,155000,53,1976,0,-1,44.46342016,26.13147049,1.609492657,0.072650868
61,2,4,7,92500,23,2026,1,0,44.3596983,26.15064677,1.165762208,0.145267462
65.7,3,2,10,204000,108,2024,0,-1,44.4775121,26.1159076,0.357287532,0.100943653
53,2,0,7,101207,97,2023,1,0,44.436957,25.9878485,0.749855601,0.130286307
51.11,2,12,15,265000,18,2026,1,0,44.47525219,26.1149854,0.617873068,0.315768247
71,3,9,11,161263,97,2025,1,0,44.4335321,26.0076116,0.35647593,0.04845384
80.23,3,5,5,240000,113,2026,1,0,44.4870641,26.0627105,1.804945635,0.277020494
108.97,4,17,21,490000,67,2026,1,0,44.4775065,26.1249591,0.749552655,0.134704247
39.23,1,3,11,89908,155,2026,1,0,44.5071831,26.0249408,0.46649948,0.003394061
37.02,1,3,11,90826,155,2026,1,0,44.5071831,26.0249408,0.46649948,0.003394061
72,3,9,9,176500,2,2024,1,0,44.4177259,26.0702621,1.41415886,0.232989174
79.4,3,5,6,269000,44,2024,1,0,44.45899719,26.13872898,1.536571624,0.16605504
50,2,1,3,60000,169,1924,0,0,44.4200728,26.1007675,0.667127304,0.254555363
77,3,2,8,244800,169,1991,1,0,44.42463708,26.12153489,1.096736409,0.099036009
49,2,1,4,94900,59,1971,0,0,44.42056249,26.02496252,0.305567505,0.310666522
35.2,1,6,12,89040,154,2017,1,0,44.40055122,26.15172983,1.632777016,0.057917443
50,2,5,8,110000,81,2017,1,0,44.441846,26.133842,0.116132872,0.103290564
90.9,4,0,11,285800,164,2026,0,0,44.44431587,26.15402909,1.568786202,0.167880574
74.1,3,0,11,186500,164,2026,0,0,44.44433328,26.15408931,1.566257301,0.172552408
165,4,5,5,595000,78,2009,1,-1,44.48338877,26.0920615,0.80285489,0.06716973
253,7,6,6,668000,80,2026,1,-1,44.52165979,26.14159035,4.967844486,2.607141033
183,4,4,12,565000,136,2017,1,0,44.44380438,26.07067774,0.426457695,0.164611732
74.1,3,0,11,186500,81,2026,0,0,44.4455036,26.15530166,1.580739872,0.135828942
187,5,3,3,789000,80,2022,1,2,44.51566,26.1244,3.937712855,1.142906293
53,2,0,3,83000,23,2023,1,0,44.37056023,26.10315871,2.750066605,0.061149178
54,2,0,4,233350,186,2025,0,-1,44.4459187,26.12496441,0.45104467,0.160744704
34,1,0,4,186000,101,2025,0,-1,44.4459187,26.12496441,0.45104467,0.160744704
83,3,0,6,141980,23,2026,0,0,44.3589602,26.14667741,1.13291503,0.308616629
182,5,5,5,660000,14,2026,1,0,44.490724,26.0646,2.090656082,0.041146849
59.72,2,13,20,205000,18,2026,1,0,44.47724769,26.12446786,0.730058964,0.170164748
68.94,3,13,20,305000,18,2026,1,0,44.47714358,26.1243391,0.727572682,0.184280897
104,4,5,8,350000,176,1992,1,0,44.451754,26.083656,0.056876032,0.06979644
268,3,3,3,318000,135,2019,1,1,44.49803,26.16206,4.087616897,2.154735182
50,2,0,11,102990,164,2019,0,-1,44.41168188,26.19827763,0.549557247,0.509221136
62,2,1,4,197056,118,2026,1,0,44.4307748,26.1410746,0.283212796,0.196564853
38,2,10,10,89000,87,1977,1,0,44.46193428,26.11657206,1.332557526,0.162289735
58,3,8,11,87900,133,1963,1,0,44.39193,26.09433,1.395062444,0.131507923
50,2,0,12,135000,44,2026,1,0,44.47069742,26.14153932,2.267184064,0.126505926
73,3,11,12,240000,47,2023,1,0,44.42660559,26.06254473,0.336815126,0.222773622
50,2,2,2,269000,54,2024,1,0,44.45934618,26.05836717,0.202483166,0.09489137
79.6,3,1,8,330480,80,2025,1,0,44.514462,26.121756,3.777907606,0.934857321
165,4,5,5,595000,78,2009,1,0,44.4785441,26.08526106,1.192366614,0.608913578
90.81,4,4,10,146900,145,2026,1,0,44.38408429,26.05989263,3.672267575,0.195254962
54.5,2,1,4,194300,118,2025,0,-1,44.4459187,26.12496441,0.45104467,0.160744704
50.5,2,1,4,184250,101,2025,0,-1,44.4459187,26.12496441,0.45104467,0.160744704
33.5,1,0,4,181200,101,2025,0,-1,44.4459187,26.12496441,0.45104467,0.160744704
72.91,3,7,11,182000,59,2026,1,0,44.41161094,26.03718028,1.199441106,0.24055442
70,2,3,4,119999,58,1966,0,-1,44.41999055,26.05899499,0.70972107,0.113676726
52,2,4,4,234500,101,2025,0,-1,44.4459187,26.12496441,0.45104467,0.160744704
63,3,5,10,132000,59,1974,1,-1,44.41539047,26.02407187,0.128105893,0.05612189
71.18,3,3,11,156500,23,2025,1,0,44.36807336,26.12442554,1.532441924,0.181042537
44,2,3,5,99999,135,2026,0,0,44.49504397,26.12435046,1.710263079,1.153276594
194,3,7,7,164900,23,2025,1,0,44.3612002,26.1493921,0.971449198,0.036063541
58,2,0,6,171200,28,2025,1,0,44.5112497,26.0738588,3.818496267,0.557878383
66.5,3,6,10,125600,145,2026,1,2,44.38717362,26.06511205,3.133936085,0.353486512
89,4,5,12,298000,53,2027,1,0,44.4713058,26.1401168,2.135643189,0.128890985
59.3,2,11,11,117000,59,2025,1,0,44.4139066,26.0379781,0.976872793,0.114505554
81,2,1,8,400000,67,2020,0,0,44.4684804,26.1053261,1.253684232,0.19381004
135,3,2,7,600000,67,2020,0,0,44.4684508,26.1052885,1.255852582,0.195456307
117,3,1,7,530000,67,2020,0,0,44.4684238,26.1052303,1.257245286,0.196258585
100,3,4,7,520000,67,2020,0,0,44.4684862,26.10531,1.252664487,0.192662246
53,2,3,5,117559,152,2025,0,0,44.50684,26.02707,0.465992544,0.065839435
48,1,8,11,130000,59,2022,1,-1,44.415327,26.0359318,0.77465575,0.116293871
101,3,3,5,395000,78,2023,0,-1,44.48343526,26.08657089,1.185836911,0.449112647
41.7,1,3,11,70200,164,2026,1,0,44.41596243,26.19751385,0.95368837,0.662434508
49,2,0,7,89000,164,1970,0,1,44.41234034,26.17873013,0.34625982,0.259800848
66.84,3,0,6,79338,69,2026,0,0,44.45852618,26.16591636,2.572745855,0.273171271
110.2,4,1,9,270000,95,2023,1,1,44.36088878,26.13901654,0.966451725,0.136258993
60,2,1,3,118948,92,2027,1,0,44.43180678,26.01160022,0.713233669,0.277869177
50,2,3,3,140000,164,2022,0,-1,44.417746,26.194484,1.113239496,0.357448418
77,3,9,10,262500,135,2022,1,0,44.49145094,26.11898276,1.21172663,0.587791714
55,2,2,2,279900,18,2022,1,0,44.46882651,26.10809845,1.306464821,0.135758471
49,2,5,7,110000,81,1962,1,0,44.44325994,26.13486805,0.293122026,0.212230529
56,2,7,8,184000,135,2025,1,0,44.48657285,26.13387608,1.517007424,0.863870078
143,4,10,15,1320000,67,2021,1,0,44.46329259,26.09823409,0.987122317,0.255083532
110,3,5,6,202000,135,2010,1,0,44.5335582,26.14528738,6.303345835,3.46675592
67,3,4,4,130000,164,1970,0,0,44.41174256,26.17619276,0.175690776,0.169857683
42.16,2,4,7,94499,59,1962,0,-1,44.4262208,26.05239528,0.252993577,0.121943435
63.41,2,0,7,350000,55,2017,0,-1,44.46466644,26.090637,0.37025324,0.274180095
79,4,3,4,115000,23,1969,0,-1,44.37168574,26.11631597,1.751031857,0.119736685
76.99,4,7,8,248000,170,1983,1,-1,44.44412321,26.11972823,0.733791755,0.02206987
78.06,3,7,7,359000,54,2019,0,-1,44.46730376,26.06668514,0.967478662,0.218574883
70.7,3,5,10,357170,67,2025,0,-1,44.43713495,26.10444342,0.193835275,0.132300031
64,3,1,4,140000,164,1974,0,0,44.41557913,26.1778494,0.622118484,0.331216962
75,3,1,3,90909,69,2026,0,0,44.45908754,26.16456363,2.648509033,0.221468815
86.3,3,1,11,163000,95,2025,1,0,44.3685354,26.1211894,1.667775777,0.18172765
43,2,4,7,66000,181,2008,1,0,44.39819879,26.14195725,1.66767114,0.075110674
46,2,2,10,123000,59,1964,1,-1,44.42414643,26.02821287,0.211973876,0.235092598
81,3,1,5,269000,29,2019,1,0,44.43209374,26.12799412,0.830099026,0.132733375
78,3,3,8,279999,15,2019,1,0,44.41926294,26.13697727,0.274387487,0.072515117
28.3,1,0,4,134033,101,2026,0,-1,44.4450607,26.1250423,0.546368957,0.185645939
26.69,1,0,4,155736,101,2025,0,-1,44.4450607,26.1250423,0.546368957,0.185645939
55.5,2,0,4,246250,68,2025,0,-1,44.4459187,26.12496441,0.45104467,0.160744704
76,3,0,4,310700,68,2025,0,-1,44.4459187,26.12496441,0.45104467,0.160744704
255.8,6,0,3,1620000,101,2025,0,-1,44.4459187,26.12496441,0.45104467,0.160744704
79,3,0,4,526700,101,2025,0,-1,44.4459187,26.12496441,0.45104467,0.160744704
47,2,0,4,211800,101,2025,0,-1,44.4459187,26.12496441,0.45104467,0.160744704
31,1,9,9,60000,56,1979,1,0,44.41156508,26.14055866,1.052846485,0.312341816
38,2,4,10,69500,130,1974,1,0,44.44310258,26.16357565,0.964105644,0.049827347
94.51,3,3,8,179900,135,2008,1,0,44.53076981,26.1439747,5.97665042,3.205236929
43,1,13,21,180000,18,2026,0,0,44.47770752,26.12450123,0.706982445,0.12098245
108,4,13,21,450000,18,2026,1,0,44.47786065,26.12450123,0.699172412,0.105411847
252,6,0,3,794000,54,2018,0,0,44.4687666,26.05944495,0.769350277,0.01374875
53.1,2,8,10,209000,162,2022,1,0,44.4154351,26.121762,0.579254077,0.435123294
97,3,2,8,285000,52,1991,1,0,44.42735189,26.13146949,0.794900876,0.139672435
83,3,1,5,325000,155,2023,1,0,44.48620986,26.06442709,1.914013871,0.280301536
31,1,9,10,60000,164,1969,1,0,44.41957857,26.16939278,0.805881356,0.299317274
48,2,8,8,94000,15,1973,1,0,44.42557138,26.14853822,0.889041932,0.122279324
64,3,4,7,125000,49,1984,0,-1,44.45246978,26.05296143,0.421752334,0.138271309
84,4,10,10,249000,126,1981,0,0,44.451786,26.077838,0.514093608,0.159510406
85,3,5,10,145000,160,2026,1,0,44.41524082,26.1964055,0.85400128,0.674345151
46,2,3,10,87000,160,2026,1,0,44.41767719,26.19597514,1.115093652,0.440234082
192,4,6,8,1000000,78,2022,0,-1,44.48768366,26.08994471,1.25236369,0.366154415
76,3,1,7,315000,169,1991,1,-1,44.42720333,26.09551572,0.446619141,0.145642737
62,2,1,4,197056,52,2026,1,0,44.4311535,26.1374679,0.166946209,0.078451696
95,3,5,12,340000,114,2007,1,0,44.42612305,26.12605057,1.183545947,0.110562669
52,2,5,12,240000,78,2026,1,0,44.48762931,26.09081268,1.203738337,0.30196102
50,2,10,10,170000,135,2025,1,0,44.48701155,26.11449715,0.723595567,0.099050154
38,2,5,13,235000,18,2017,0,-1,44.48154717,26.10219231,0.30623568,0.115373224
53,2,5,12,289000,78,2017,0,-1,44.48613189,26.09253844,0.988210794,0.128488364
75,4,0,4,150000,164,1972,0,0,44.413245,26.184789,0.809064256,0.459622541
72,3,0,6,400000,168,2025,1,0,44.4402909,26.0793912,0.658878185,0.122082796
57,2,2,4,105000,160,2026,1,0,44.41131276,26.19950004,0.584335054,0.475367362
127.4,4,11,11,609000,47,2023,1,0,44.42660559,26.06254473,0.336815126,0.222773622
29,1,1,3,49500,97,2025,1,0,44.45191597,25.98086186,2.501280274,0.940054287
52.1,2,2,7,190000,162,2023,1,0,44.4179592,26.11577192,0.237822386,0.169886882
42.5,1,1,4,154100,101,2025,0,-1,44.4459187,26.12496441,0.45104467,0.160744704
67.45,3,8,17,225000,124,1960,1,2,44.4263606,26.1104411,0.776365671,0.121156134
77,4,1,10,134000,92,1976,0,0,44.4338635,26.02584093,0.357389744,0.045688576
77,2,4,7,270000,78,2007,1,0,44.485481,26.0893821,1.113233963,0.277179017
67.4,2,9,11,134000,53,2026,0,-1,44.44871231,26.14692725,1.396425983,0.018784884
54.3,2,3,5,235000,78,2022,1,0,44.4903267,26.08824811,1.565339588,0.240050535
90.2,3,2,11,145000,69,2025,1,0,44.44958285,26.16494562,1.603711493,0.092983033
63.1,2,1,7,235000,176,2023,1,0,44.44306871,26.07991884,0.598673524,0.061625399
15,1,3,5,35000,179,1970,0,0,44.41284648,26.12799412,0.102080383,0.076240234
62,2,2,4,145000,58,1985,0,-1,44.42157028,26.05943703,0.551254638,0.065619194
41,2,0,3,63000,97,2025,1,0,44.45133466,25.98426367,2.372815695,0.982661036
52,2,3,7,85000,0,2014,0,1,44.40445783,26.18312985,0.882793821,0.5301398
70,2,1,4,139999,56,2008,0,0,44.41718525,26.13506664,0.549713705,0.013176364
50.6,1,8,12,150000,44,2027,1,-1,44.47069742,26.14153932,2.267184064,0.126505926
39.7,1,3,7,55350,10,2025,1,0,44.36837029,26.15523783,0.921687838,0.905297222
59,2,7,10,126340,97,2026,0,0,44.4335321,26.0076116,0.35647593,0.04845384
76.5,3,6,10,144400,145,2026,1,1,44.38948,26.06267,3.146099634,0.171274744
62,3,5,7,115000,125,1937,0,0,44.4403404,26.1062706,0.570031126,0.19426946
58.6,2,11,11,196000,96,2024,1,0,44.40725535,26.12317714,0.627931891,0.1140466
342,5,4,7,2200000,109,2008,1,0,44.4769289,26.08489037,1.206377081,0.502896565
73.2,3,4,4,125000,130,2024,1,1,44.463191,26.1881778,2.530894018,1.240694323
64,3,0,11,230000,18,2018,1,0,44.47755137,26.11708301,0.350206425,0.034652097
122,3,5,5,700000,78,2022,1,0,44.48534414,26.08791299,1.19706829,0.370546303
43,2,2,9,87000,186,1964,1,0,44.4504252,26.12153626,0.212354364,0.253248257
120,3,3,5,259900,152,2008,1,0,44.50319587,26.04320312,1.320917796,0.112550383
55,2,1,7,131600,26,2026,1,0,44.4451939,26.1288291,0.582030825,0.117473539
79,3,0,5,285000,14,2021,0,0,44.49134473,26.09125085,1.531912195,0.297753731
41,2,5,7,72000,59,1973,1,0,44.41827435,26.02221477,0.239445229,0.158767572
80,4,4,7,262000,55,1976,1,0,44.45831371,26.09572443,1.004877352,0.069170768
62,2,1,4,210500,14,2025,1,0,44.48496411,26.10223006,0.663841384,0.364077445
34,1,7,11,128000,92,2019,0,2,44.43209374,26.03816259,0.44598185,0.278047259
58,2,0,4,146900,163,1984,0,-1,44.40980542,26.12220892,0.477514012,0.090272237
58,3,3,7,99000,59,1965,0,3,44.42486902,26.03224378,0.326053632,0.273728712
46.62,2,0,7,105500,160,2023,1,0,44.4123899,26.1945773,0.518609161,0.538056041
50.2,2,1,7,259300,14,2023,1,-1,44.48673866,26.1085749,0.928069299,0.309318789
74.1,3,0,11,186500,110,2026,0,0,44.44466424,26.1541993,1.582807069,0.206203626
53.6,2,0,11,139800,164,2026,0,0,44.44448064,26.1542846,1.564555048,0.19510979
92,4,7,7,335000,52,1995,1,0,44.426868,26.130771,0.872142729,0.066365022
89.2,4,1,6,190620,53,2023,0,-1,44.4500663,26.1513762,1.769873693,0.228840846
53.6,2,0,11,139800,81,2026,0,0,44.4455036,26.15530166,1.580739872,0.135828942
47,2,1,4,174200,118,2025,0,-1,44.4459187,26.12496441,0.45104467,0.160744704
42.9,2,0,11,119800,81,2026,0,0,44.4455036,26.15530166,1.580739872,0.135828942
48,2,8,8,135000,170,1968,0,0,44.4375796,26.10209936,0.198250274,0.126757272
28,1,1,10,62900,130,1982,1,0,44.43798,26.1585,0.914099398,0.003969828
182,5,5,5,660000,28,2026,1,0,44.490137,26.064762,2.075009359,0.107490748
56,2,13,21,220000,163,2008,1,0,44.406358,26.123627,0.699076745,0.169852278
112,4,1,4,184000,160,2026,1,0,44.41328133,26.19613723,0.637116439,0.678302116
34,1,0,12,115000,44,2017,1,-1,44.47069742,26.14153932,2.267184064,0.126505926
97,3,1,5,315000,28,2009,1,0,44.51303517,26.10340812,3.746958803,0.265181899
110,3,1,3,349000,80,2007,1,2,44.51542529,26.11002781,3.898350655,0.03177852
164,5,2,7,514900,78,2006,1,2,44.47911,26.08966,0.8414008,0.254286176
50.8,2,7,9,220000,67,2025,1,0,44.476218,26.113864,0.542828629,0.193335379
175,4,4,14,1050000,78,2017,1,-1,44.49195495,26.08431649,1.903825349,0.15011243
54,2,3,8,168000,170,1975,1,0,44.43598341,26.0948113,0.513606338,0.157199552
55,2,5,11,172500,14,2025,1,1,44.48191984,26.109476,0.583732238,0.165820298
81,3,7,7,284000,154,1994,1,0,44.42280984,26.1116304,0.695125223,0.081803848
90,3,5,5,185000,135,2025,1,1,44.493772,26.124802,1.593268987,1.067148561
39,2,9,9,75000,164,1976,1,0,44.42071187,26.17240838,0.908366103,0.373053393
50,3,5,10,99900,107,1977,1,0,44.4135063,26.16721432,0.464201561,0.173095299
27.14,1,5,7,64000,164,1964,1,-1,44.4303002,26.1668043,0.619393532,0.00746465
55,2,4,5,130000,135,2026,0,0,44.49769685,26.12143917,1.929870627,1.083963453
93,4,4,4,168000,23,2015,1,0,44.3748648,26.1114585,1.971778206,0.183841434
170,4,12,12,533500,47,2023,1,0,44.42578113,26.06536042,0.480088117,0.055870593
274.89,5,11,12,1999000,78,2021,1,0,44.486252,26.092899,0.981424204,0.09857131
57.46,2,7,7,77000,145,2012,1,0,44.3882662,26.059924,3.402665517,0.113704371
45.2,2,1,6,62400,141,2025,1,0,44.4037954,25.9804021,3.055796785,0.369803935
26,1,4,7,33900,97,2023,1,0,44.439207,25.9875939,0.998615115,0.213363801
59.3,2,11,11,117000,59,2025,1,0,44.41347362,26.03792444,1.020094878,0.134759655
170,4,7,7,783000,54,2017,1,-1,44.4654263,26.0596389,0.491284715,0.306762926
127.4,4,11,11,549000,47,2023,1,0,44.42702183,26.06270313,0.290514964,0.180651434
75,3,6,6,187500,155,2024,1,0,44.4967231,26.0031896,1.846422034,0.941468953
59,2,4,7,107000,95,2023,1,0,44.3683483,26.11425725,2.092538265,0.029613094
67,2,3,5,229000,14,2015,0,0,44.49357248,26.08474942,2.020615053,0.079181561
75,2,3,4,255000,170,2017,1,-1,44.44072573,26.10077,0.563633072,0.141046909
18,1,10,10,41900,59,1970,0,-1,44.424192,26.03147,0.281302287,0.226136802
77.22,3,2,5,245000,28,2009,1,1,44.51900968,26.10584684,4.346538958,0.430032391
165,4,1,4,750000,78,2011,1,0,44.483929,26.086808,1.192006522,0.426139096
52,2,0,4,210000,14,1986,0,0,44.48571951,26.09830385,0.745684695,0.181870567
18,1,3,10,44990,59,1970,1,-1,44.42929271,26.03370385,0.581249006,0.236083837
31,1,4,9,74990,92,1970,1,-1,44.43144192,26.02862358,0.52818063,0.317807586
75,3,6,10,277000,135,2018,0,1,44.46995936,26.11244208,1.237889974,0.231265422
116,4,0,7,265000,80,2020,1,0,44.5102,26.1389,3.727279663,2.35616404
80,3,0,7,195000,163,1988,1,-1,44.40337806,26.1209756,1.076749804,0.082721138
49,2,1,4,85000,23,1975,0,-1,44.38770983,26.09982981,1.429255539,0.365931457
76.42,3,3,8,340000,31,1981,0,0,44.44229063,26.09258313,0.555488693,0.193005679
79,3,5,11,162500,160,2016,1,0,44.412391,26.199473,0.670297569,0.593476959
55,2,6,7,174900,169,2022,0,-1,44.4313552,26.1287753,0.777181063,0.081193592
72,2,1,3,115000,95,2019,0,0,44.36472099,26.11032975,2.587500082,0.245579185
42.8,2,1,4,71499,69,2027,1,3,44.45789901,26.16067253,2.583929768,0.167879658
37,1,1,4,120000,80,2025,1,0,44.51231436,26.11205069,3.535815324,0.353632245
52,2,2,8,170000,129,1987,1,0,44.42551094,26.07223925,0.890055162,0.094356524
71,3,7,7,119900,164,1983,1,0,44.41684278,26.17231449,0.777011437,0.08358169
74,3,0,7,194000,26,2026,1,0,44.44497621,26.13215554,0.454789324,0.130229707
47,1,7,10,93200,26,2025,1,0,44.45019655,26.12760695,0.278368617,0.175179534
67,2,6,7,185000,135,2022,1,0,44.49495346,26.12296636,1.664474915,1.082820519
99,3,2,4,299000,28,2011,1,0,44.49408625,26.0771216,2.474856933,0.161498761
52,2,4,11,170000,135,2026,1,0,44.48400676,26.10971539,0.66118944,0.028667801
69,3,2,4,217603,135,2025,1,0,44.51924911,26.14259363,4.757122005,2.624002161
32,1,9,10,60000,56,1980,0,-1,44.411338,26.1394972,0.970437833,0.267033374
87,4,1,4,167000,59,1965,0,-1,44.42432499,26.03382858,0.256707053,0.228948318
71.09,3,8,11,263499,151,2024,1,0,44.41926294,26.0740952,1.469209805,0.081055199
75.55,3,7,7,365000,54,2019,1,0,44.46134208,26.0665678,0.675444824,0.410674629
51,2,8,8,159000,52,2012,1,0,44.430485,26.131062,0.626259554,0.118391397
65,3,1,7,109900,23,1967,0,-1,44.38324111,26.11417526,1.257390798,0.184842966
52,2,1,4,104990,74,1982,0,-1,44.43918349,26.01300613,0.872297082,0.138435084
106,3,1,16,345000,18,2011,1,0,44.45133466,26.10104466,0.405548225,0.138843355
30,1,4,4,74990,59,1982,1,0,44.42356034,26.04300069,0.065148411,0.126039271
86.83,3,1,6,550000,11,2008,1,1,44.46527034,26.0763977,0.803593871,0.253863471
60,2,1,7,98500,69,2021,0,0,44.46158342,26.15961253,3.001237472,0.069802712
206.37,5,1,7,800000,54,1940,0,0,44.46672832,26.07053503,1.167967479,0.295304782
52,2,7,8,72500,73,1964,1,0,44.39444874,26.09379544,1.131795512,0.152967345
77,3,0,3,190000,152,2010,1,0,44.504446,26.040533,1.262173113,0.009472262
139,3,0,5,590000,185,2007,0,-1,44.47914618,26.0878301,0.986563745,0.397386723
115,2,3,4,650000,51,2022,1,0,44.4477025,26.117866,0.554797526,0.204120565
85.77,3,1,3,118755,160,2026,1,0,44.41184109,26.19883515,0.590889003,0.527628302
110,4,1,3,490000,31,1940,0,0,44.44414979,26.08860583,0.735381172,0.040285062
55,2,2,3,164000,135,2024,1,1,44.5455,26.12714,7.255257745,2.687058686
45,2,4,6,150000,80,2017,1,-1,44.51361206,26.13524891,3.948106072,2.008873265
61,3,4,8,103000,20,1978,0,0,44.43776314,26.16003824,0.790447527,0.120531704
136,4,4,16,395000,14,2012,1,-1,44.47859563,26.11500357,0.265543781,0.183855484
142,5,0,1,335000,12,1938,0,1,44.43850808,26.11002781,0.646674413,0.17388713
258,4,5,5,1000000,14,2006,1,1,44.48597,26.09606,0.827361766,0.146590253
86.1,3,7,11,469900,78,2026,0,0,44.48985097,26.08250144,1.84357818,0.149215686
40.65,1,2,6,77000,25,2025,1,0,44.36871721,26.11674935,1.911091084,0.162868241
40.25,2,1,8,150000,120,1937,1,0,44.446343,26.096687,0.094121138,0.055853897
52,2,4,10,105000,164,1970,1,-1,44.4243254,26.16472905,0.179402485,0.079183962
46.62,2,9,10,93000,74,1972,1,0,44.434771,26.016089,0.424725878,0.087779348
31,2,4,4,58000,97,1970,0,0,44.43251731,26.01489238,0.541381779,0.187130185
97,4,0,6,293300,27,2024,1,0,44.49453858,26.00351196,1.928768136,0.75395481
91.2,3,11,12,282900,23,2025,1,0,44.38619701,26.12103352,0.757139176,0.181367803
182,5,5,5,660000,152,2026,1,0,44.490188,26.064825,2.081875406,0.103355919
95,3,1,5,310000,80,2026,1,0,44.51459144,26.1409035,4.233528439,2.450768599
72.86,3,2,8,235000,180,1988,0,0,44.4204022,26.1283207,0.869474555,0.211270727
81,4,0,4,259000,14,1987,0,0,44.47627895,26.09824746,0.358223243,0.381382973
92,3,5,5,359900,29,2019,1,0,44.43735361,26.13381905,0.403105625,0.115573855
50.7,2,6,9,90000,95,2025,1,0,44.36148949,26.12799412,1.49496019,0.185374126
63,2,2,4,197056,29,2026,1,0,44.4318788,26.1378776,0.080780306,0.010014821
44,2,9,10,93900,59,1965,1,0,44.42343123,26.0464424,0.314931284,0.085956794
103.68,3,2,5,599000,67,2009,1,-1,44.47056924,26.11002781,1.229939114,0.152029284
53,2,5,12,279000,78,2017,0,-1,44.48652959,26.09249552,1.025307397,0.132661793
63,3,6,12,199900,67,1963,1,-1,44.46384425,26.09835019,0.978099012,0.228141429
28,1,10,10,52950,59,1975,1,0,44.42056986,26.04836373,0.52128701,0.103318831
68,3,8,8,110000,110,1986,0,-1,44.45746978,26.12890047,0.920252143,0.079109349
112,3,2,4,375000,80,2008,1,2,44.51542529,26.12799412,3.96686173,1.426771695
80,3,8,17,260000,163,2011,1,-1,44.40628663,26.12160016,0.786937349,0.091307588
70,3,7,8,127000,107,1979,1,0,44.41481298,26.16635027,0.420883138,0.125482559
52,2,0,4,232000,78,2024,0,-1,44.48003417,26.08724129,1.037821266,0.445186953
90.75,3,0,5,340000,28,2009,1,1,44.5150007,26.1028775,3.968610736,0.094504075
35,1,0,7,105000,14,2023,0,0,44.49048655,26.1070352,1.329313182,0.707707058
50,2,3,10,140000,164,2024,1,2,44.40982,26.2006,0.565266493,0.346950028
90.25,3,5,11,180000,110,2026,0,-1,44.44877669,26.14648959,1.373825313,0.053739753
55,2,3,10,224000,14,2021,1,0,44.48830928,26.0933465,1.155866416,0.231134853
111.5,4,2,3,184000,160,2026,0,0,44.4130642,26.1953205,0.600026329,0.629287621
135,3,1,4,492000,55,2010,0,-1,44.44922117,26.0972528,0.382750153,0.267321629
53.1,2,7,20,310000,67,2022,1,1,44.46913248,26.11055523,1.371843746,0.067144658
91,3,2,2,145000,69,2020,0,0,44.45450085,26.17668316,1.986543092,1.02900429
57,2,4,4,233500,101,2025,0,-1,44.4459187,26.12496441,0.45104467,0.160744704
131.75,4,3,3,300000,160,2025,1,0,44.408285,26.187545,0.524867123,0.133247981
94,3,2,10,392000,67,2025,1,0,44.47446109,26.11317287,0.744249647,0.273723924
98.4,3,13,20,453000,67,2022,1,1,44.46907122,26.11025433,1.373664015,0.045661109
76,2,2,7,89800,69,2017,0,-1,44.46262506,26.15884302,3.096433931,0.065702535
192,4,2,2,850000,78,2008,1,1,44.49659345,26.06617046,2.519408627,0.370231542
45,2,0,2,99000,164,2019,1,0,44.40084728,26.1748352,1.045698735,0.59903068
36,2,6,8,145000,163,1986,1,0,44.41701004,26.10418049,0.253196258,0.24889331
63,3,4,4,120000,59,1974,0,-1,44.4247577,26.0193505,0.533164217,0.206754864
82,3,5,6,137000,96,2021,0,-1,44.39403343,26.14336869,1.678602933,0.280081673
67.4,3,14,20,350000,67,2022,1,1,44.46907122,26.11025433,1.373664015,0.045661109
55,2,1,5,149000,135,2025,0,1,44.49090716,26.12394509,1.276422941,0.804323292
97,3,1,2,255900,27,2025,0,0,44.4965077,26.0392998,0.634297113,0.670682242
80,3,8,17,260000,163,2011,1,-1,44.4079886,26.12273685,0.58138201,0.125733412
90,3,4,7,297000,135,2017,0,0,44.517302,26.110127,4.104241264,0.240601162
138,5,3,4,635900,14,1993,0,1,44.4858818,26.09997312,0.747677161,0.304232997
48,2,1,7,66900,97,2025,0,-1,44.44328,25.9826708,1.547464736,0.464380541
49.4,2,2,6,68000,141,2025,0,0,44.4045292,25.98115,2.962145514,0.314707913
292.3,4,6,7,778000,170,2026,1,-1,44.4426569,26.12413137,0.737611174,0.340039882
78.27,3,9,12,247000,44,2026,1,0,44.4706974,26.1415393,2.26718377,0.126508172
45.84,1,9,10,136100,152,2024,0,0,44.50605187,26.02734223,0.397755002,0.034955843
48,2,8,12,143000,44,2027,1,0,44.4711847,26.14016,2.145234887,0.132682229
47.39,2,3,8,180000,137,2026,1,-1,44.44692091,26.04420546,0.268350277,0.233134501
41.34,2,6,8,155100,76,2026,1,-1,44.44851622,26.04460371,0.394548638,0.349864062
59,2,4,5,85000,10,2025,1,0,44.374757,26.1307317,0.651733062,0.125510879
156.8,5,0,15,995000,67,2026,1,0,44.47468,26.1154126,0.674531221,0.377878102
72,3,11,15,430000,14,2025,1,0,44.4768273,26.1070202,0.595471862,0.1243311
82,3,4,7,225000,28,2009,1,-1,44.49467438,26.07368967,2.723964919,0.318002621
55,2,1,4,78900,130,2024,1,1,44.4627405,26.1876858,2.486924688,1.24465822
48,2,8,8,119000,169,1991,1,0,44.4272552,26.13138138,0.807495395,0.128193302
39,2,3,9,90000,70,1960,1,-1,44.44492172,26.0740952,0.192426821,0.089732215
52,2,11,11,128000,164,2008,1,0,44.42014466,26.17078666,0.841030005,0.311675554
49,2,5,8,105999,166,1983,0,0,44.41593775,26.04916073,1.001902698,0.05372327
68,2,4,5,169000,58,1960,0,0,44.42263965,26.05959174,0.447417771,0.185130304
63,3,1,3,169900,27,2018,0,1,44.478721,26.036481,0.551890839,0.12677737
64,2,9,9,139000,42,1971,0,0,44.43446294,26.08411611,0.495452442,0.07447321
50.16,2,6,11,105000,130,1978,0,-1,44.43857301,26.18108494,0.598690347,0.11178935
56,3,3,7,140000,78,1970,0,-1,44.49304325,26.08038091,2.207020163,0.102706851
19.5,1,3,7,57999,54,1959,0,-1,44.46061786,26.06903676,0.873107004,0.334863732
60,3,4,8,121800,49,1977,0,0,44.45776532,26.04973947,0.678153469,0.261653937
74,3,6,8,165000,2,1990,1,0,44.41628935,26.08140701,1.765175542,0.097366654
116,5,4,7,195000,144,1992,0,0,44.43351415,26.00179677,0.124126753,0.053762108
40,1,4,4,129000,14,1985,0,2,44.48338877,26.0920615,0.80285489,0.06716973
100,4,0,2,388000,42,1935,0,-1,44.43850808,26.11002781,0.646674413,0.17388713
88,3,1,4,547000,11,2018,1,0,44.45774689,26.0740952,0.986440503,0.249987558
52,2,8,10,99600,59,1972,1,0,44.41926294,26.02917943,0.45242362,0.209994492
62,3,1,4,159900,92,1979,0,0,44.44492172,26.02917943,1.210786345,0.568003199
55,2,4,4,146400,180,1990,0,0,44.41747597,26.12465928,0.637864272,0.301099075
16,1,5,6,49000,148,1929,0,-1,44.44383848,26.09288065,0.43148,0.053574639
82,4,0,8,169000,66,1986,1,0,44.412929,26.148805,1.000171307,0.200715065
66,3,4,8,137800,49,1980,0,0,44.45069386,26.03858484,0.736364726,0.519895364
92,3,8,10,245000,163,1984,1,0,44.40877526,26.11815168,0.815055621,0.171055022
43,2,8,9,141990,170,1970,0,-1,44.44911031,26.17728276,1.529935868,0.833791093
33,1,3,3,93000,14,2017,0,-1,44.48021789,26.10609202,0.477004499,0.164887137
45,2,4,13,64500,181,2007,1,1,44.40104273,26.14344897,1.772858566,0.070482618
75,3,6,6,329000,162,2008,1,0,44.41412272,26.11877867,0.51542051,0.15686251
82,4,2,10,205000,87,1981,1,0,44.46186851,26.11553566,1.275203,0.242542121
58,2,1,6,234500,28,2025,1,0,44.5084274,26.07808642,3.699320577,0.332784765
90,4,2,10,125000,2,2017,1,-1,44.41019158,26.06016326,1.799028731,0.155888747
71,2,1,13,200000,169,1992,1,0,44.42533742,26.13000177,0.868186443,0.150752156
52,2,5,9,116000,102,1968,0,0,44.43027041,26.14583997,0.637620874,0.362997033
50,2,7,7,95000,23,2018,1,0,44.36870203,26.14334638,0.035151515,0.102191627
38,2,0,4,64500,156,1971,0,-1,44.3937296,26.0675655,2.57312962,0.111774093
55,2,8,10,144000,163,1980,0,-1,44.41185848,26.11193823,0.548367041,0.193058287
263,5,5,7,1000000,67,2015,0,3,44.4750965,26.11251185,0.701865454,0.186804917
42.01,2,3,4,112500,27,2013,0,-1,44.485872,26.044268,0.455213315,0.032419714
63,3,0,9,103000,145,1986,1,-1,44.4107967,26.0747591,1.846197336,0.264349849
44.53,2,7,9,78000,59,1965,1,0,44.422318,26.044089,0.196131343,0.220625987
43,2,2,4,135000,53,2012,1,0,44.450753,26.151855,1.845229959,0.149684872
31,1,7,10,58000,164,1978,1,2,44.43153,26.17289,0.520295826,0.405493655
73,3,2,8,177000,151,1989,1,-1,44.4169246,26.06522977,1.222195977,0.389784436
74.1,3,0,11,186500,130,2026,0,0,44.44429869,26.15383459,1.579717788,0.15636393
100.3,3,3,3,305000,135,2019,1,0,44.5022772,26.1338326,2.761822928,2.14974029
51,2,7,7,89000,1,1963,0,2,44.47056924,26.05612889,0.465898593,0.204131462
47,2,0,3,103700,51,1924,0,1,44.44397029,26.10825337,0.870973927,0.228045783
47,2,0,7,87000,1,1963,0,2,44.46415842,26.05612889,0.367583563,0.049689193
162.65,4,4,6,600000,78,2008,1,-1,44.48338877,26.0920615,0.80285489,0.06716973
53.3,2,0,5,209000,78,2022,1,-1,44.479122,26.090223,0.796725999,0.210269043
64,3,4,7,199900,169,1925,1,0,44.42567869,26.10104466,0.273391255,0.142179207
81,2,2,7,340000,78,2006,1,-1,44.48338877,26.0920615,0.80285489,0.06716973
216,8,0,3,479000,47,1946,0,-1,44.42567869,26.06511205,0.481888908,0.067382106
50.63,2,11,11,172000,76,2022,1,0,44.43850808,26.05612889,0.426450174,0.384989884
20,1,8,8,49999,170,1945,0,0,44.44036796,26.10321412,0.502145958,0.110069436
61,3,0,1,129000,163,1940,0,1,44.41347,26.11354,0.357527363,0.051620384
62,4,7,10,117000,59,1972,0,-1,44.41926294,26.02019628,0.082739932,0.185654838
55,2,5,8,128000,179,1994,1,0,44.41151877,26.13737583,0.800871002,0.118307035
26,1,3,4,76000,49,1987,0,0,44.45359518,26.04712154,0.201010414,0.105956476
94,3,9,9,199700,130,2008,1,-1,44.44492172,26.16392673,1.133870915,0.252004383
147,4,5,6,498000,131,2015,0,-1,44.4153785,26.08738,1.374984013,0.18618581
62,3,3,10,132500,97,1976,1,-1,44.43429779,26.02081626,0.048810172,0.06229602
62,3,3,10,132500,74,1976,1,-1,44.43922112,26.0191332,0.598147947,0.256042204
56,2,1,3,139500,27,2013,0,2,44.49620549,26.03816259,0.538044309,0.576980551
50,1,4,4,105000,1,2009,0,0,44.47259756,26.04852052,0.221550338,0.060666888
78,3,1,3,177500,160,2008,0,0,44.41265547,26.18475822,0.781964575,0.395417302
167,4,1,4,600000,78,2026,0,-1,44.48096463,26.09013005,0.828710021,0.265345431
108,3,1,5,170000,135,2026,0,0,44.48979748,26.13697727,1.906085943,1.018144763
87,2,10,11,156990,160,2025,1,-1,44.41591355,26.20131644,1.074362974,0.895383732
83,3,4,8,253000,169,1994,1,0,44.42537137,26.12918837,0.925220707,0.152439106
87,2,4,5,365000,78,2007,1,-1,44.484582,26.089939,1.017081417,0.189618672
57,2,2,7,107000,23,1981,0,-1,44.38727421,26.12746023,0.752375028,0.135740202
38,2,1,10,80000,87,1975,1,2,44.46423,26.11737,1.572712717,0.303456686
74,3,4,8,309000,17,2009,1,0,44.45222012,26.07433791,0.554976065,0.061611983
61,3,1,7,105000,130,1974,1,0,44.44280542,26.16602426,0.854502279,0.104943833
92,3,10,10,199000,162,1977,0,-1,44.41284648,26.11002781,0.475782893,0.232017083
78,3,5,10,149970,97,2017,1,0,44.44189636,25.97699985,1.64555372,0.686458367
60,2,3,8,174900,169,2000,0,4,44.4234708,26.113086,0.755103484,0.182532408
67,3,6,7,178000,50,1979,0,0,44.430573,26.145357,0.589467941,0.360642376
46,2,1,3,149400,67,1958,0,0,44.46306064,26.10601544,1.143260499,0.22756041
37,1,5,10,79000,81,1968,1,0,44.44459129,26.13173342,0.420071551,0.08755063
138,4,3,4,518892,80,2026,1,0,44.51511049,26.11951408,3.834893665,0.754054668
137,3,3,7,322000,163,2025,1,0,44.3938185,26.12751861,0.42607409,0.270368474
80,2,2,3,189000,163,2025,1,0,44.39703211,26.09834806,0.844229306,0.198769528
71,3,3,4,176800,106,2007,1,-1,44.41753811,26.11834055,0.406140103,0.31961805
51,2,11,11,94000,164,2009,1,0,44.422576,26.179994,1.393369361,0.192861264
62,3,4,8,152000,164,1983,1,2,44.41591,26.17534,0.630736126,0.229607176
75,2,5,10,110000,141,2017,1,0,44.4125847,26.00407539,1.21129691,0.175704065
44,2,8,10,89000,107,1977,1,-1,44.40642932,26.16392673,0.814182608,0.121958324
56,3,1,10,105000,164,1975,0,0,44.42695706,26.15204743,0.872146825,0.204683981
72,3,10,11,87000,59,1970,0,-1,44.41478242,26.01504521,0.642204616,0.134226893
60.69,3,3,4,184500,27,2012,0,-1,44.486621,26.038666,0.083660878,0.095694244
51,2,2,3,94900,27,2014,0,-1,44.48979748,26.01121313,1.715497431,0.061345147
48,2,9,9,79000,97,2017,0,-1,44.4343521,26.0135697,0.618490582,0.116888762
75.55,3,1,7,112950,164,2026,1,1,44.41284648,26.20884249,0.804036487,0.747358461
71,4,3,3,135000,62,1939,0,0,44.442336,26.11927151,0.927995104,0.179939972
48,2,1,8,105000,59,1981,1,0,44.41808794,26.0426563,0.597358328,0.072431567
75.47,3,6,8,234900,52,1990,1,0,44.43209374,26.13697727,0.123657221,0.043248178
49.5,2,4,10,172000,14,2026,1,0,44.48292133,26.11239776,0.417694116,0.233557302
134,3,1,5,330000,28,2009,0,4,44.49620549,26.0740952,2.810983356,0.193850466
30,1,2,7,54999,97,2019,1,1,44.44304266,25.98347031,1.499801409,0.41838625
84,3,2,9,240000,169,1994,1,0,44.42525442,26.12972146,0.882216643,0.161195308
50,2,4,4,88000,97,1983,0,0,44.43147092,26.01878462,0.354484031,0.00603174
192,5,5,5,1180000,78,2007,1,0,44.47850258,26.0877177,0.998174232,0.41996241
61.5,3,7,8,78900,75,1960,0,0,44.4722671,26.04971489,0.141869259,0.129222614
103,4,4,4,265000,28,2018,1,0,44.53463875,26.0920615,6.203050632,0.406967256
68,3,7,7,188500,56,1984,1,-1,44.41924878,26.13768964,0.242888854,0.080385276
52,2,3,10,116500,164,1967,1,1,44.41925,26.16054,0.640548088,0.343022837
75,3,5,10,132000,44,1976,0,2,44.46415842,26.13697727,1.882674653,0.165442452
112,3,3,4,330000,3,2010,1,0,44.42340035,26.13318722,0.541021884,0.362031656
60,2,0,3,87000,160,2026,1,1,44.41396121,26.20214224,0.941333053,0.816945605
34,1,0,7,85000,12,1890,0,1,44.43850808,26.11002781,0.646674413,0.17388713
73,3,1,2,169900,27,2011,0,0,44.48585232,26.04674298,0.592424872,0.166730399
75,4,1,2,228000,47,1942,0,-1,44.43301065,26.05893202,0.370900352,0.158362005
45,2,8,10,170000,186,2020,1,2,44.45208,26.11186,0.49237792,0.083907227
78,3,0,1,79000,73,2026,0,0,44.37061814,26.089396,3.495768053,0.12511061
78,3,1,8,155000,53,1991,1,2,44.45774689,26.13697727,1.340505921,0.132791463
114,5,9,9,388000,125,1979,1,0,44.43543867,26.10184425,0.087610553,0.084493793
62,3,7,10,116900,59,1972,0,0,44.42203671,26.02392206,0.204023113,0.174832163
66,3,8,11,119000,130,1978,1,-1,44.43508541,26.1660314,0.2790194,0.177694194
81.1,2,4,7,159000,61,2014,1,1,44.48979748,26.06511205,2.085642089,0.132573114
90,4,1,8,188000,56,1984,1,0,44.41284648,26.13697727,0.771826509,0.193933824
25.54,1,4,7,54700,70,1957,1,0,44.44576004,26.07688037,0.228489193,0.155480593
72,3,10,11,99700,10,1980,0,0,44.37860202,26.11954413,1.262614898,0.107673252
55,2,7,11,169000,169,2010,0,3,44.42716034,26.12694747,1.087531883,0.158304288
75.41,3,3,10,135000,130,1975,1,0,44.44492172,26.15494357,1.557010281,0.158244589
56,2,6,7,199900,28,2016,1,0,44.49007572,26.08868076,1.522337126,0.273987635
104.35,4,3,4,340000,80,2025,1,1,44.51182712,26.1090106,3.515252559,0.376702661
80,3,3,8,292000,15,2019,0,-1,44.42421809,26.14505768,0.576256364,0.1257923
105.3,3,3,3,179500,27,2020,0,-1,44.486024,26.052632,1.010445173,0.267058129
53,3,2,8,110000,36,1962,1,2,44.44645,26.07616,0.15052403,0.104388221
221,5,0,3,750000,55,1940,0,-1,44.45795665,26.08537071,0.671759722,0.239011111
56.5,2,7,10,229000,18,2020,1,0,44.4613268,26.10766085,0.962464456,0.047715904
104,4,6,8,320000,169,1996,1,0,44.42845519,26.1331594,0.613517192,0.038382903
120,3,1,2,249000,64,1940,0,0,44.441062,26.127597,0.437639216,0.124713364
51,2,8,8,96000,59,1981,1,0,44.41823774,26.0433681,0.587017024,0.114103922
64,3,6,7,195000,132,1985,0,0,44.45894858,26.11151934,0.825288664,0.070795777
138,3,5,5,624900,98,2009,1,0,44.42363503,26.09501849,0.689320015,0.046287642
100,3,2,5,250000,135,2021,0,1,44.51955705,26.1432786,4.811625147,2.68354683
58,2,1,7,124500,25,2025,1,0,44.3758911,26.1109766,1.981915526,0.176467138
53,1,0,3,74950,59,2008,0,0,44.41670868,26.00596826,0.777072463,0.224656274
71,3,3,4,177000,162,2007,0,-1,44.40945235,26.1121474,0.809845409,0.035872131
64.04,3,1,5,181450,110,2025,1,0,44.454718,26.120469,0.606162832,0.309707209
44,2,3,9,112000,150,1960,1,0,44.43501059,26.10501509,0.201607496,0.108278597
100,4,3,3,380000,80,2023,1,-1,44.5151133,26.1124002,3.843013412,0.190016102
79,3,1,4,132500,145,1989,0,0,44.40812281,26.08073125,1.297781736,0.220613166
28,1,10,10,57000,20,1984,1,-1,44.43319825,26.15866184,0.897991215,0.169518519
72,3,6,8,112000,130,1974,1,0,44.44085324,26.18174849,0.788351428,0.073310483
32,1,1,4,62000,25,2010,1,0,44.3764736,26.1054631,2.268139364,0.075692634
66,3,4,10,113000,53,1976,1,2,44.45774689,26.12799412,0.92198757,0.047057692
86,3,2,3,215000,169,1938,0,0,44.42696962,26.11200936,0.884918741,0.063876502
33,1,6,15,144000,67,2026,1,0,44.47468,26.1154126,0.674531221,0.377878102
244,7,5,7,780000,126,1998,1,-1,44.45185709,26.0854493,0.091195778,0.093906562
81,3,2,4,330000,169,2025,1,0,44.4279311,26.0946112,0.506725451,0.116032546
38,1,0,5,61150,10,2025,1,0,44.3749413,26.1304316,0.649081272,0.144540252
83,3,3,3,328000,13,1935,0,2,44.4640562,26.0848776,0.262915054,0.237403235
65,2,5,9,247000,169,1996,1,-1,44.42225999,26.11821227,0.729739204,0.148920866
52,2,7,10,118000,27,1977,0,-1,44.48087774,26.03675942,0.375513113,0.218758468
59,2,2,7,75000,23,2025,1,0,44.3593557,26.1511617,1.218879173,0.10207875
107.05,4,16,21,470000,67,2026,1,0,44.4770868,26.1245414,0.744494507,0.185967749
50.82,2,0,12,189000,44,2027,1,0,44.4706519,26.1415384,2.269604601,0.131568045
54.1,2,3,20,221482,67,2022,1,1,44.46910185,26.11029728,1.372856696,0.047807467
66,3,0,6,119600,155,2025,0,0,44.5132,26.01799,1.255460822,0.0758318
125,3,11,13,212500,131,2021,1,0,44.4121657,26.0801114,1.541016982,0.192718179
39,1,3,11,84900,161,2026,0,0,44.4264514,26.0190424,0.649649439,0.125454293
80,3,1,12,153900,177,2024,0,0,44.4096141,26.087505,0.899506111,0.220048965
50,2,11,11,124900,161,2024,0,0,44.4264514,26.0190424,0.649649439,0.125454293
74,3,6,6,129700,155,2025,0,0,44.51432267,26.01805249,1.367451543,0.146540217
64,1,1,3,75025,47,2017,0,-1,44.4348845,26.0670733,0.680392527,0.174739848
41.34,2,6,8,155100,49,2026,1,-1,44.44828129,26.04463513,0.369945875,0.338981795
103.7,4,8,8,452600,137,2026,1,-1,44.44810618,26.04463486,0.352638476,0.321258095
70.24,3,1,8,271200,49,2026,1,-1,44.44744003,26.04416279,0.312187522,0.277881351
96,4,8,8,460100,76,2026,1,-1,44.4485162,26.0446037,0.394546961,0.349866321
53.46,2,6,10,119000,108,2024,1,-1,44.5354899,26.0966361,6.270095135,0.326016897
81.9,3,0,5,164900,135,2024,1,0,44.4965276,26.1223332,1.818948571,1.151028193
53.46,2,8,10,119000,108,2024,0,0,44.5354976,26.0959058,6.273874753,0.304543467
87.8,3,1,4,375200,138,2024,1,0,44.4497618,26.1015643,0.471491654,0.209913121
69,2,7,8,175000,135,2024,1,0,44.4884349,26.1299979,1.366726261,0.797527692
81,3,2,5,175433,152,2025,0,0,44.50686,26.02708,0.468348858,0.068124941
44.5,1,3,7,117000,135,2026,1,0,44.5205919,26.1462587,5.021422278,2.937703443
51,2,7,11,124900,161,2027,0,0,44.4264514,26.0190424,0.649649439,0.125454293
55,2,1,11,115500,59,2026,1,0,44.4241918,26.003682,0.856390448,0.170188115
52,2,5,10,185000,67,2017,1,-1,44.4701895,26.1113558,1.23961986,0.168853435
82.3,3,3,5,169900,135,2024,1,0,44.4965276,26.1223332,1.818948571,1.151028193
46.36,2,1,12,140000,14,2025,1,0,44.486012,26.1045801,0.835179652,0.432568756
47.76,2,4,18,141000,14,2026,1,0,44.486012,26.1045801,0.835179652,0.432568756
213.24,4,3,7,900000,120,2015,1,0,44.4469744,26.0993879,0.194953201,0.033381105
54,2,2,4,245000,2,2021,1,0,44.42093516,26.08032557,1.537042843,0.266340211
55.31,2,2,18,171000,14,2026,1,0,44.4853203,26.1042017,0.752731492,0.401278114
53.35,2,3,10,119000,108,2024,0,0,44.5366636,26.0950838,6.407184409,0.164216322
138,4,2,7,567000,54,2017,1,-1,44.4649838,26.0602825,0.460904567,0.32717714
56.4,2,3,3,119378,28,2008,1,0,44.5327755,26.09818,5.963952826,0.651375796
40.02,1,1,12,79900,131,2024,1,0,44.40697058,26.08584119,0.872176663,0.437034006
50,2,4,11,119900,161,2024,0,0,44.4264514,26.0190424,0.649649439,0.125454293
63.2,2,5,5,139500,135,2024,1,0,44.4965682,26.1225482,1.827629997,1.167953866
82.54,2,0,7,138000,135,2023,1,0,44.49274476,26.1252832,1.50667325,1.014613939
78,3,3,11,159900,161,2026,0,0,44.4264514,26.0190424,0.649649439,0.125454293
66.3,3,0,4,152000,135,2025,1,0,44.5349162,26.1423357,6.365632822,3.377165385
66.4,3,0,4,153000,135,2025,1,0,44.5349162,26.1423357,6.365632822,3.377165385
71.99,3,2,18,230000,14,2026,1,0,44.486012,26.1045801,0.835179652,0.432568756
84.6,3,3,4,721000,67,2025,1,0,44.4729447,26.1012018,0.695205831,0.323855822
36.26,1,10,10,84000,160,2026,1,0,44.411451,26.1897381,0.539394468,0.351329636
84.3,3,2,4,649000,67,2024,1,0,44.4729447,26.1009872,0.693592038,0.336493741
124.09,3,10,10,245000,160,2026,1,0,44.4113422,26.1898017,0.526898082,0.339964553
75,3,10,11,135900,141,2025,1,0,44.4080115,25.9828017,2.555050891,0.301051353
471.37,5,5,5,799000,135,2022,1,0,44.4760441,26.1267711,0.955997413,0.325990284
39.4,1,0,10,94000,160,2026,1,0,44.411451,26.1897381,0.539394468,0.351329636
53,2,1,8,209900,18,2024,1,1,44.47697936,26.11002781,0.666197156,0.088824929
60.3,2,3,4,479000,67,2024,1,0,44.4731583,26.1011101,0.670829266,0.313742026
87.5,3,1,4,620000,67,2024,1,0,44.4730365,26.1008584,0.682638882,0.337792123
43.65,2,10,10,101000,160,2026,1,0,44.4113422,26.1898017,0.526898082,0.339964553
80,3,3,3,252000,23,2024,1,0,44.38815533,26.1346471,0.954156975,0.200634413
53,2,0,10,113500,164,1970,0,0,44.41415933,26.15231742,0.722524595,0.078403959
110,3,3,5,170000,97,2024,1,-1,44.4429845,26.0219174,0.991159456,0.117804199
70,3,10,10,152000,28,2024,1,0,44.5353778,26.0958887,6.260648921,0.317018311
70,3,1,10,152000,108,2024,1,0,44.5354976,26.0959058,6.273874753,0.304543467
53,2,1,4,76975,130,2024,1,1,44.4627005,26.1875681,2.483974467,1.240892988
73,3,0,10,164338,108,2024,1,0,44.5361452,26.0923803,6.367128187,0.23914928
66.9,3,1,4,138000,135,2024,1,0,44.5350076,26.1422276,6.372524996,3.37730369
47.3,2,3,5,108800,135,2024,1,0,44.4965276,26.1223332,1.818948571,1.151028193
47.86,2,0,11,105000,82,2025,1,0,44.4293101,26.1927146,0.785892719,0.312038971
61.04,3,1,11,121000,82,2025,1,0,44.4293101,26.1927146,0.785892719,0.312038971
72.2,2,4,7,127900,135,2023,1,0,44.4955416,26.12156023,1.697805494,1.086268436
50,2,1,8,200000,170,1940,1,0,44.434282,26.102635,0.176145258,0.040864505
70,2,2,3,214999,67,2017,1,0,44.47101902,26.11455581,1.087188733,0.432876958
58.2,2,6,10,106000,97,2025,1,0,44.4314202,25.99771855,0.522089701,0.260342119
57.8,2,10,10,98000,97,2025,1,0,44.4314202,25.99771855,0.522089701,0.260342119
57.2,2,10,10,104000,97,2025,1,0,44.4314202,25.99771855,0.522089701,0.260342119
47,2,1,10,124990,59,1972,1,-1,44.420287,26.020928,0.087174432,0.086010227
62.6,3,4,7,124900,75,1965,1,0,44.4538549,26.0643793,0.521920181,0.021476988
77.6,4,2,7,170000,23,1968,0,-1,44.3775589,26.115978,1.557714709,0.238426531
41,1,5,7,88900,180,1991,1,0,44.42052583,26.13047491,0.697862279,0.343085904
58,2,3,10,153000,10,2025,1,0,44.37894908,26.12897824,0.51303154,0.120672173
46,2,1,10,120000,59,1974,1,-1,44.42594423,26.04258262,0.279049039,0.273545883
38,1,1,8,100000,25,1989,1,0,44.39527306,26.1103038,0.396638398,0.278958676
78,3,4,8,253000,114,1989,1,-1,44.4249042,26.1281905,0.970771117,0.116781375
32,1,3,7,49800,97,2026,1,0,44.44136938,25.98738161,1.238098308,0.291144675
32,1,2,7,49808,97,2026,1,0,44.43853603,25.9872529,0.931635054,0.209714882
78,3,3,5,390000,18,2026,1,0,44.46320279,26.11091239,1.229546162,0.251010418
48.69,2,2,10,100000,160,1975,1,0,44.4125091,26.170726,0.456393099,0.226555344
80,3,0,7,250000,47,1944,0,1,44.43258894,26.06510339,0.382714048,0.283047067
62,2,1,7,75000,71,2008,0,-1,44.41234094,26.03511731,1.060525722,0.232735143
67,2,3,5,290000,18,2026,1,0,44.46311083,26.11074081,1.215394151,0.245210709
88,3,1,4,375000,55,2024,1,-1,44.45117795,26.10491874,0.189661465,0.233039103
47,2,1,4,106000,97,2021,0,0,44.43000283,26.00784607,0.581900887,0.324210086
59,2,8,8,107000,151,1988,1,0,44.4361414,26.102684,0.031770686,0.078691421
63,1,2,7,174500,53,2024,1,-1,44.45774689,26.13697727,1.340505921,0.132791463
46,2,3,10,79900,44,1977,1,0,44.46810973,26.13943735,2.287053474,0.117086381
75.28,3,10,10,139900,164,1976,0,0,44.41120656,26.17015341,0.439102948,0.198090916
240.88,5,5,5,1200000,78,2007,1,0,44.484516,26.08949,1.04177393,0.221283083
66.11,3,0,8,89000,156,1985,1,0,44.40288,26.07492,1.703727465,0.163950335
65,3,6,10,130000,15,1965,0,-1,44.42567869,26.16392673,0.122514347,0.049811325
72,3,8,11,244700,151,2024,0,-1,44.4169259,26.0728611,1.628824203,0.237797315
100,4,5,7,365000,169,1991,1,0,44.42644175,26.09528483,0.490398796,0.147968552
32,1,10,10,51900,59,1977,0,0,44.41947163,26.04828345,0.642714396,0.064680986
52,2,7,9,76000,23,1965,1,2,44.38075364,26.11901096,1.306598129,0.210107277
63,2,1,3,109000,85,1922,0,1,44.4344694,26.0861643,0.34783684,0.127708647
39,1,7,7,84900,52,1993,1,-1,44.43157167,26.13056497,0.633054035,0.079514628
135,5,5,7,289900,77,1918,0,-1,44.43747976,26.10290325,0.180068206,0.143332583
61,2,2,7,128500,112,2020,1,0,44.41284648,26.19087619,0.623350454,0.520942912
40,2,9,10,44900,73,1975,1,0,44.39323152,26.09165586,1.302407197,0.18080596
77,3,1,4,169900,58,1985,1,0,44.42168548,26.05944935,0.539631776,0.078443706
69,3,2,8,130000,23,2022,1,0,44.3674432,26.114159,2.160270631,0.073065916
54,2,8,10,114800,96,1984,0,-1,44.41625197,26.13334581,0.667662647,0.136043311
77,3,4,10,185000,36,1984,1,0,44.46229,26.07239,1.14417056,0.030518337
20.65,1,1,3,70000,67,1959,0,2,44.45774689,26.10104466,0.665953154,0.275307804
52,2,5,7,110000,59,1983,0,-1,44.41502408,26.0430479,0.939364974,0.04375292
58,2,6,8,178000,116,1976,1,-1,44.45553313,26.09731448,0.735083861,0.255765287
54,2,0,4,110000,0,2017,0,0,44.41238308,26.17162951,0.389861071,0.183378564
70,3,6,7,160000,56,1985,1,0,44.41618347,26.13944166,0.551422073,0.349635629
64,2,8,11,210000,152,2021,0,-1,44.5037732,26.0460331,1.526142923,0.070166969
444,10,-1,2,2500000,34,1990,0,1,44.45303651,26.09493222,0.833078074,0.060748109
107,4,1,4,499900,80,2021,1,2,44.51542529,26.12799412,3.96686173,1.426771695
58,3,5,8,119900,164,1976,1,0,44.41284648,26.16392673,0.216444781,0.061722196
70,3,6,8,160000,56,1984,0,0,44.41284648,26.13697727,0.771826509,0.193933824
51,2,3,8,139800,120,1970,0,0,44.4463444,26.0973148,0.065483431,0.06913091
53,2,0,5,104000,10,2018,1,0,44.36523635,26.12841781,1.279538776,0.117047158
50,2,0,4,105990,59,1972,1,-1,44.42515978,26.03705177,0.450518417,0.350005616
69.1,3,0,7,256700,67,2024,0,-1,44.47709161,26.1170802,0.401070543,0.085774678
83,3,2,14,215000,53,2010,1,0,44.45182518,26.1425535,1.423565118,0.211996594
55.56,3,-1,1,102000,156,2020,0,0,44.38850513,26.06085499,3.325890119,0.129946329
70.88,3,0,10,317700,14,2024,0,-1,44.4774524,26.1179458,0.374260839,0.082415592
55,2,2,9,133000,135,2018,1,0,44.52037129,26.1456762,4.978212233,2.887493433
200,6,3,4,650000,55,2006,1,0,44.45690393,26.09759325,0.792323565,0.158111816
71,3,0,10,179000,174,1976,0,-1,44.43700984,26.13974704,0.51360895,0.188311706
100,3,1,2,520000,142,1940,0,0,44.46816891,26.08973678,0.345013201,0.372237944
47.31,2,2,5,91900,156,2013,1,0,44.38702533,26.05728199,3.653827076,0.15549167
68,2,5,7,98700,95,2025,1,0,44.36626939,26.11446264,2.226128234,0.202470613
98,4,0,1,350000,52,1940,0,-1,44.42670907,26.12531111,1.224174348,0.162827904
28,1,2,7,65000,23,1966,0,-1,44.37837165,26.12228538,1.048756965,0.144860645
31,1,5,10,69000,59,1974,0,-1,44.41900537,26.03976488,0.530565605,0.184525486
200.38,6,3,4,650000,55,2006,1,0,44.4361414,26.102684,0.031770686,0.078691421
56,2,4,8,250000,186,1982,0,-1,44.45018415,26.12327041,0.073120407,0.181412064
58.5,2,8,8,175000,52,1997,1,0,44.42984628,26.13180851,0.60248513,0.088336118
84,2,3,9,375000,14,2010,1,0,44.47800915,26.09378873,0.529543162,0.186725981
68,2,1,6,96100,23,2026,1,0,44.36148949,26.15494357,1.218969279,0.455132509
90,3,1,3,399999,55,1965,0,-1,44.45938129,26.09260102,0.895831119,0.120077239
67,3,6,9,250000,55,1975,1,-1,44.46012949,26.10001996,0.934573006,0.075075458
48.9,2,6,11,189000,161,2024,1,0,44.42854046,26.04158057,0.568132379,0.095760442
112,4,2,12,280000,44,2026,1,0,44.47069742,26.14153932,2.267184064,0.126505926
46,2,4,8,148000,33,1973,1,0,44.42248991,26.10559749,0.726911016,0.228369801
89.48,3,5,6,340000,42,1942,1,-1,44.436124,26.093921,0.474697805,0.162696361
78,3,3,8,340000,31,1983,1,0,44.44365383,26.09275846,0.450363171,0.056549471
66,3,3,10,157000,53,1977,1,0,44.46241963,26.13008237,1.467196884,0.140627377
38,1,4,7,93000,106,1990,1,-1,44.42173192,26.11707271,0.633804917,0.139146714
120,4,0,10,284999,29,2000,1,0,44.42979718,26.12762714,0.908732848,0.260011695
60,2,0,2,178500,127,1998,0,1,44.43511605,26.12464041,0.933627121,0.060011963
54,2,1,6,120000,95,2022,1,2,44.36653,26.11943,1.927241587,0.08736982
77,3,3,8,165000,25,1987,1,0,44.39412252,26.10864226,0.513750988,0.252983515
91,4,1,10,265000,164,2010,0,-1,44.41715837,26.17248168,0.806191443,0.074021396
48,2,1,4,106000,59,1963,0,0,44.42472907,26.04386713,0.194579424,0.188419575
50,2,0,10,111000,186,1979,1,1,44.4523,26.11397,0.655832414,0.114867796
46,2,4,10,111900,110,1975,1,1,44.45124,26.12688,0.263086855,0.131625298
70,3,4,10,183900,158,1978,1,2,44.45966,26.11258,0.938213123,0.04960188
63,3,8,8,199999,1,1982,1,1,44.46326,26.07116,1.065602347,0.107135683
65,3,9,9,162000,64,1984,1,2,44.44437,26.12938,0.482446389,0.068234783
38,2,2,2,137000,67,1960,0,1,44.46429,26.10259,1.297107164,0.176750797
36.03,3,1,7,88900,158,1974,1,2,44.45966,26.11258,0.938213123,0.04960188
28,1,0,2,96000,42,1940,0,1,44.43980965,26.08849138,0.775037039,0.117788963
80,3,1,8,249000,169,1995,0,-1,44.42720505,26.13065259,0.852486383,0.078503071
76,3,0,3,130000,69,2025,0,0,44.46318879,26.15468019,2.838447215,0.06129682
73,3,1,7,182000,0,2013,0,1,44.412757,26.183437,0.688871184,0.39342113
45,2,0,6,65250,97,2025,1,0,44.44560864,25.98339863,1.771739095,0.698061981
75,3,1,10,188800,167,1983,0,0,44.45785242,26.06778372,0.854522525,0.176434294
54,2,3,10,81000,97,2026,1,0,44.44082757,25.97991943,1.411211402,0.426791288
37,1,0,4,99900,118,2015,1,-1,44.43369165,26.13213122,0.518062539,0.292155621
110,3,1,1,385000,3,2012,0,0,44.42991855,26.13039442,0.699344676,0.065754953
84,3,6,8,247000,169,1995,0,-1,44.42125038,26.1137505,0.508772469,0.17794538
106,6,10,12,219000,69,2025,1,0,44.44893783,26.16833805,1.493685173,0.194555084
127.7,3,0,7,544900,13,1957,0,0,44.4633601,26.0849747,0.330255892,0.284596944
51,2,3,3,89900,128,1961,0,0,44.47972943,26.043987,0.404275787,0.089462949
47,2,1,7,107000,33,1961,1,2,44.41882619,26.10738608,0.500964097,0.314834057
268,5,11,12,1550000,162,2025,1,0,44.41911553,26.11742228,0.420467323,0.169419834
61.25,3,5,10,115000,158,1975,0,-1,44.4625623,26.13154641,1.523306207,0.032156263
69,3,10,10,130000,87,1978,1,0,44.45773487,26.11757395,1.011506438,0.390765625
78,3,5,8,130000,2,1984,1,0,44.41461045,26.06485678,1.433047017,0.279065126
40,2,2,4,125900,56,2025,1,0,44.41042144,26.14776545,1.134201084,0.091846614
82,3,3,4,330000,180,2024,0,-1,44.4142774,26.1237244,0.377130407,0.414151379
51,2,2,8,155000,101,1986,1,0,44.44370759,26.11556327,0.969591708,0.218831162
49,2,3,7,109000,20,1969,0,0,44.43671059,26.15082669,1.090297389,0.331364735
70,3,8,8,104000,145,1983,0,-1,44.40557975,26.05853797,2.292955547,0.221792625
73,3,3,11,257000,59,2020,1,0,44.4157331,26.0352784,0.718336607,0.128062386
38,2,1,7,56500,97,2026,1,0,44.44566961,25.98337434,1.778785238,0.705073623
33,1,0,6,74000,10,2026,0,0,44.37143338,26.12956159,1.017739705,0.072552316
51,2,5,9,125000,46,1984,1,2,44.43209374,26.17290988,0.468752923,0.384292864
67,3,1,8,143000,59,1985,0,-1,44.4174232,26.0487806,0.85008542,0.209847357
66.5,3,7,10,143500,59,1980,1,0,44.417846,26.032595,0.470410798,0.083682925
55,2,0,7,99900,59,1970,0,-1,44.42091773,26.04143446,0.287980579,0.244143905
60,3,5,7,145000,25,1977,0,-1,44.38721068,26.10972664,1.185062632,0.012085656
38,2,1,2,75000,87,1968,0,0,44.46074121,26.1274102,1.230188906,0.069082747
50.05,2,10,10,90000,27,1968,1,0,44.484782,26.037154,0.213522148,0.159355102
114.2,3,2,2,249990,167,1930,0,1,44.45552655,26.06948989,0.626677672,0.320645484
81,3,0,1,131000,29,1944,0,1,44.432907,26.133912,0.362077308,0.26952208
51,2,2,7,78500,23,2026,0,0,44.36124061,26.1518794,1.074734178,0.23377301
66,3,12,14,107000,130,1976,1,0,44.443924,26.1521468,1.547451848,0.087874296
87,3,1,3,180000,169,1900,0,-1,44.4243188,26.09310185,0.756460662,0.185315213
180,3,5,7,1950000,84,2010,1,-1,44.46513942,26.07993017,0.529226311,0.175512851
65,2,1,5,131250,0,2025,1,0,44.41486936,26.18921758,0.883003341,0.653433482
74.7,3,2,6,174000,23,2025,1,0,44.38108553,26.1348692,0.171010364,0.144829601
45.9,2,3,6,89747,23,2025,1,0,44.3677284,26.1142555,2.134546977,0.040494464
35,2,9,10,58000,164,1970,1,-1,44.41224232,26.17314887,0.291349271,0.137163818
73,3,3,8,225000,180,1987,1,0,44.41767175,26.12836361,0.629017572,0.025749369
195,4,11,11,887999,163,2018,0,0,44.40151033,26.11206657,0.389342802,0.423719593
33,1,4,11,129000,92,2022,1,-1,44.43209374,26.02917943,0.448386739,0.249514537
59,2,8,8,104900,111,2002,1,2,44.38717362,26.13697727,0.852866418,0.184731375
52,2,3,9,90000,5,1966,1,2,44.38717362,26.11901096,0.692935789,0.138928174
73.8,3,4,4,135000,69,2020,1,0,44.468869,26.17182,3.541260207,0.235257933
78,3,3,8,340000,176,1983,0,0,44.44322101,26.09192974,0.531673294,0.091341255
103,3,11,12,200070,179,2026,1,0,44.4003194,26.15210434,1.642039543,0.096314869
49,2,1,10,85900,81,1965,0,0,44.44402941,26.12930756,0.456905031,0.059679337
82.4,3,6,8,195000,49,1983,0,0,44.45702463,26.04741232,0.577139402,0.364369634
69,3,2,10,179999,55,2017,0,0,44.45638244,26.09711704,0.792625165,0.174396486
71,3,2,8,205000,2,1995,1,0,44.41926294,26.0740952,1.469209805,0.081055199
74,3,1,10,164900,56,1982,1,2,44.41881,26.13966,0.261430121,0.077389757
98.1,3,4,5,430000,78,2010,1,0,44.4779121,26.08303655,1.337068243,0.68149034
58,2,5,6,199000,28,2025,1,0,44.50901939,26.0740952,3.721138897,0.65543045
39,2,1,4,80000,25,1976,0,-1,44.38390725,26.10504616,1.679369147,0.288272549
51,2,7,7,135000,56,1985,1,0,44.41949643,26.13716109,0.245228637,0.059581087
33.85,1,7,11,124000,92,2018,1,1,44.42567869,26.03816259,0.404916479,0.32413736
80,3,2,2,165000,29,1938,0,1,44.43796911,26.12628052,0.634885758,0.135364924
78,3,2,7,205000,2,1997,0,-1,44.42221389,26.07106111,1.062448863,0.039405645
60,3,1,4,124900,25,1975,0,0,44.38267236,26.11171503,1.41847855,0.223357235
40,2,5,7,114900,170,1960,1,0,44.43222518,26.09742922,0.535173904,0.183459146
46,1,3,7,139900,169,1998,1,0,44.4265551,26.11762918,1.148682461,0.131684111
58,2,1,6,234500,28,2025,1,-1,44.511227,26.075124,3.905265319,0.468148734
31,1,1,8,52499,97,2016,1,0,44.44275868,25.97596898,1.771578133,0.801723571
69,3,6,7,199000,163,1985,0,-1,44.41486004,26.1129577,0.205319312,0.156884561
52,2,1,8,75000,145,1983,1,0,44.41110729,26.05532351,1.630216519,0.04447451
32,1,8,8,50500,97,2021,1,0,44.44361645,25.9768703,1.804123595,0.791150947
32,1,5,5,48908,97,2026,1,0,44.43993571,25.98716553,1.08486592,0.186766627
31,1,1,7,52500,97,2016,1,0,44.44570776,25.98337493,1.782821174,0.709242892
51,2,3,4,82480,97,2025,1,0,44.45484125,25.98403519,2.75946816,1.218476431
68,3,10,10,142000,110,1978,0,2,44.44492172,26.12799412,0.600402824,0.097161033
92,3,3,7,345000,52,1990,0,0,44.42567869,26.13697727,0.535184375,0.033958669
130,4,2,3,529500,55,2000,0,0,44.45009343,26.10228606,0.405282334,0.218848073
30,1,2,10,49900,73,1970,0,-1,44.38717362,26.0920615,1.865785552,0.127691074
74,3,0,7,304000,59,2018,0,-1,44.42746502,26.03347778,0.603001836,0.032063391
38.5,2,6,10,76000,97,1974,1,0,44.43507455,26.037426,0.302974091,0.143226948
74,3,11,11,125000,81,1978,1,0,44.44166113,26.13471822,0.150792712,0.07402242
70,3,4,4,179900,14,1985,0,0,44.4829438,26.1015786,0.433346136,0.26354355
42.9,2,0,11,119800,130,2026,0,0,44.44544472,26.15552401,1.563586932,0.117009368
85,3,4,5,150000,95,2018,1,0,44.3717874,26.12234505,1.350763916,0.11684579
74,3,3,10,130500,97,2026,1,0,44.43939465,25.97876466,1.342863284,0.48901601
52,2,3,7,88000,128,1970,0,-1,44.48289705,26.05266094,0.93841956,0.069086172
45,1,1,7,69500,23,2026,0,0,44.36072987,26.15170785,1.112493816,0.226660057
78,2,10,22,195000,163,2012,1,0,44.40770762,26.12295515,0.5957924,0.116654447
152.65,4,4,5,875000,84,2010,1,0,44.46277724,26.07708901,0.831590775,0.269838444
90.9,4,0,11,285800,81,2026,0,0,44.4455036,26.15530166,1.580739872,0.135828942
61.69,2,6,11,130500,95,2025,1,0,44.37032679,26.12521827,1.308469525,0.138497792
46,2,3,3,205000,142,1965,0,-1,44.46593201,26.09332323,0.545828962,0.233935129
50,2,8,8,115000,74,1979,0,-1,44.4315188,26.01981459,0.30978962,0.087532235
94.15,3,3,5,162726,10,2025,1,0,44.37933282,26.14605449,0.849537066,0.495949407
78,3,3,4,135000,145,2021,0,1,44.3787807,26.0466479,4.566463047,0.037797827
45,2,0,10,70000,25,1965,0,0,44.38105181,26.12252654,1.033641378,0.225587149
73,3,8,8,115000,74,1978,0,-1,44.43391111,26.01164444,0.67237761,0.054741571
91,4,11,11,290000,113,2021,1,-1,44.47860267,26.05393767,0.886927156,0.235245382
180,5,3,4,995000,84,1999,0,-1,44.45995,26.07991111,0.861777564,0.260137985
55.5,2,11,11,152000,160,2019,1,0,44.40902566,26.17981911,0.36769276,0.146910831
64,3,1,9,230000,52,2013,1,1,44.4327794,26.1292455,0.730303999,0.114775373
116.4,3,1,7,450000,77,1935,0,0,44.4341255,26.09772834,0.44477003,0.274032244
67,2,7,7,210000,163,2009,1,0,44.39359289,26.10104466,0.85704571,0.568919373
34,1,-1,6,62900,59,2020,1,2,44.41284648,26.00222998,1.286593213,0.027405846
83,3,0,4,315000,152,2009,1,-1,44.4985475,26.0559935,1.966844114,0.456486214
74.63,3,8,8,159950,2,1989,1,0,44.421595,26.064056,0.760023793,0.14978542
81,4,4,10,156000,44,1978,1,0,44.46415842,26.14596042,2.346897397,0.105526137
75,3,5,7,128900,151,1988,1,-1,44.42017617,26.0649243,0.920091579,0.036328502
45,2,0,4,211800,96,2025,0,-1,44.4459187,26.12496441,0.45104467,0.160744704
76,3,3,8,238000,106,1992,1,0,44.42092638,26.11520674,0.493900454,0.082787148
63,3,5,9,264900,29,2011,1,0,44.43208957,26.13226683,0.491675002,0.21398357
75,3,7,8,231000,102,1995,1,0,44.43209374,26.13697727,0.123657221,0.043248178
65.15,2,5,6,158970,16,2023,0,-1,44.4500663,26.1513762,1.769873693,0.228840846
67,3,5,8,154999,174,1968,1,1,44.43850808,26.13697727,0.409535327,0.092645022
24.6,1,7,7,68500,160,2017,1,-1,44.41203281,26.19851025,0.591896376,0.548079562
60,3,9,10,127500,59,1971,1,0,44.42645552,26.04331201,0.345770238,0.270752184
50,2,3,10,104900,53,1978,0,0,44.46413124,26.13516498,1.806111658,0.05323064
50,2,2,5,102771,135,2025,1,0,44.51843257,26.14650505,4.820142998,2.917124342
64,2,3,8,103900,141,2025,1,1,44.40642932,25.98426367,2.704621264,0.401803887
45,1,2,7,129900,135,2022,1,0,44.49459534,26.12218295,1.608432445,1.016451157
80,3,0,4,155000,28,2013,0,-1,44.52356907,26.05915218,3.560567488,0.896673977
54,2,1,9,87000,23,1965,0,2,44.38356,26.12006,1.058704794,0.228299415
32,1,1,10,75000,175,1980,1,0,44.43622714,26.02132509,0.238759455,0.238063955
58,2,7,8,197000,169,2017,0,-1,44.420042,26.11272097,0.377033044,0.032845525
72,3,4,8,259000,67,1978,0,-1,44.45665397,26.0944915,0.961844843,0.165541222
77.57,3,6,11,197000,107,2013,0,0,44.4295113,26.17513767,0.805597244,0.455873846
77.57,3,6,11,197000,164,2013,0,0,44.42840062,26.17383873,0.864687682,0.4518815
48,2,7,10,77500,5,1969,0,0,44.38198844,26.11528907,1.339650407,0.023474224
78,3,1,3,177500,0,2008,0,0,44.41260155,26.18505685,0.802298932,0.396479009
138.82,5,9,9,850000,11,2010,1,0,44.46415842,26.0740952,1.004901678,0.252404247
70.3,3,9,11,120000,130,2025,1,0,44.449647,26.164152,1.625934499,0.151506026
55,2,6,9,199500,61,2022,0,0,44.4902127,26.0595767,1.711099999,0.186925773
66,3,3,7,205000,29,2013,1,-1,44.43223194,26.12758838,0.86162849,0.14913137
166,4,5,5,375000,160,2023,0,-1,44.41587516,26.19724363,0.938464033,0.655780452
100,3,0,1,340000,187,1940,0,-1,44.4379989,26.08091689,0.535062903,0.177293244
50,2,3,4,95000,23,2019,0,-1,44.36727285,26.11415082,2.172670624,0.09182801
30,1,4,4,57999,97,2016,1,0,44.4447654,25.98379079,1.672958869,0.600491503
50.1,2,9,10,189000,135,2023,1,-1,44.489349,26.118064,0.970224441,0.348298208
72,3,0,4,308700,110,2025,0,-1,44.4459187,26.12496441,0.45104467,0.160744704
58,2,0,4,277000,81,2025,0,-1,44.4459187,26.12496441,0.45104467,0.160744704
64,4,9,10,119990,59,1974,1,0,44.42123774,26.02275002,0.264849206,0.195526474
58.5,2,0,4,280500,110,2025,0,-1,44.4459187,26.12496441,0.45104467,0.160744704
76.26,3,1,3,228000,25,2017,1,0,44.39248055,26.10854793,0.696433496,0.115679729
72,3,4,7,210000,106,1988,1,0,44.42244192,26.12019312,0.838922794,0.188583122
15,1,4,4,20000,0,1970,0,0,44.42503,26.179122,1.169581362,0.109733752
70,3,5,10,135000,0,1976,0,-1,44.41169095,26.17093014,0.398217053,0.175328876
35,1,1,7,120000,61,2023,1,0,44.48747504,26.0633417,1.865913146,0.20940324
40.1,2,6,10,100000,156,2025,1,0,44.39223006,26.06622494,2.746664317,0.113182068
46,2,8,10,165000,14,2025,0,-1,44.47746916,26.11566847,0.365473536,0.120322927
46,2,8,10,160000,14,2025,0,-1,44.47753139,26.11564775,0.359060325,0.119543228
64.9,2,8,11,119900,160,2025,1,0,44.4148925,26.2015734,0.992227341,0.900876749
92,3,3,10,284000,118,2000,1,0,44.43085658,26.14098321,0.271733477,0.185496972
29.4,1,5,6,55000,97,2025,1,1,44.447697,25.992182,1.751916483,0.256638324
86,4,2,4,180000,59,1965,0,-1,44.42355956,26.02850145,0.212105225,0.170412807
77,2,1,10,115500,97,2026,1,0,44.44446571,25.97114956,2.167512958,0.885704082
60,2,1,11,217700,92,2020,1,0,44.42900715,26.04174462,0.618961027,0.142651912
84.56,4,0,3,198000,25,2016,0,1,44.3903054,26.1060138,0.968227907,0.251800201
126.9,6,0,2,584000,126,1930,0,0,44.450074,26.088922,0.422063264,0.173705506
120,5,0,4,350000,55,2017,0,-1,44.45095683,26.09065573,0.515973466,0.146749566
52,2,6,8,161000,80,2025,0,-1,44.51531681,26.11218725,3.867058228,0.174220824
80,3,8,8,270000,12,1982,1,0,44.43573393,26.11856666,1.253973342,0.319609152
32,2,0,7,50900,97,2010,1,-1,44.44278315,25.98836797,1.383507152,0.462717898
42,2,2,10,63000,97,2026,1,0,44.44403094,25.96979429,2.209915604,0.919923921
77,3,3,10,115500,144,2026,1,0,44.44154283,25.97760201,1.584961734,0.627145717
82,3,1,2,279999,114,1938,0,1,44.42685386,26.12857931,1.002336715,0.112029775
78,3,2,7,149000,25,2024,1,0,44.37595152,26.1023292,2.467555952,0.174819882
158,6,3,3,450000,84,1937,0,0,44.46352792,26.07469335,0.977122111,0.222879595
26,1,4,7,85000,170,1937,1,0,44.42880263,26.10178179,0.097320707,0.060660148
62,2,1,7,219997,76,2017,0,-1,44.44245961,26.04949292,0.385573557,0.36981079
49.72,2,9,12,98857,23,2025,1,0,44.36718289,26.12488762,1.505265828,0.17670097
51,2,10,11,170000,135,2021,1,-1,44.48617099,26.11174701,0.72258706,0.135569588
104.9,3,0,7,259000,152,2019,0,0,44.5058866,26.0314535,0.621640464,0.343199755
72,3,6,11,132000,141,2019,0,-1,44.40837512,25.98254129,2.520485825,0.299997106
74,2,3,3,172500,135,2024,1,0,44.49471772,26.1207332,1.594112149,0.975562538
31,1,5,7,59500,81,1965,0,0,44.44492172,26.12799412,0.600402824,0.097161033
57,2,5,5,119900,111,2011,1,0,44.38274999,26.14836213,1.090577592,0.21755131
46,2,8,10,84000,23,1970,1,0,44.37848446,26.1137587,1.722013624,0.284589214
95,2,5,6,115900,160,2008,1,0,44.4073239,26.1776609,0.366304965,0.285655834
67,3,8,10,120000,44,1976,1,0,44.46789984,26.14038098,2.360732533,0.121579353
50,2,7,7,180000,76,2017,1,1,44.4405584,26.0546191,0.524923587,0.39381882
50,2,5,5,74800,143,1983,0,0,44.37433431,26.09430371,2.956226656,0.318334278
42,2,2,4,82999,10,2016,1,0,44.37562451,26.14178074,0.67375082,0.303456441
33.1,1,0,4,63000,59,1973,0,0,44.42344247,26.01531692,0.294086111,0.246233284
60,3,6,7,107500,0,1976,0,-1,44.4080788,26.1734675,0.289995916,0.329742299
54,2,4,10,119000,108,2024,1,0,44.53614519,26.09238031,6.367127003,0.239150415
54,3,3,10,175000,148,2017,1,1,44.446162,26.09738,0.044646686,0.079246798
121.4,3,4,7,322000,111,2024,1,0,44.39069721,26.12601652,0.387132335,0.114421446
35,1,4,4,63500,23,2020,0,-1,44.37384161,26.12622344,0.96805463,0.333028818
156.9,4,11,12,1800000,67,2025,0,-1,44.47700172,26.10196999,0.275585459,0.251722377
82,3,4,8,254000,52,1996,0,-1,44.42483107,26.12823486,0.964104534,0.125479708
57,2,1,7,175000,23,2024,1,0,44.39800307,26.12703652,0.67676093,0.490824461
51.2,2,6,10,137700,74,1981,1,3,44.432389,26.024577,0.317816199,0.193349692
74.2,3,0,4,103880,23,2025,1,0,44.3704402,26.11680797,1.792172327,0.053409563
85.99,3,1,9,173200,95,2025,1,0,44.36659998,26.12488747,1.514961865,0.118292378
52.03,2,2,10,88400,145,2025,1,0,44.38741538,26.05921624,3.500854596,0.004292891
70,3,4,8,183000,2,1998,0,1,44.42016159,26.06565546,0.961877541,0.055914695
31,1,7,7,48900,97,2025,1,0,44.4435543,25.98366193,1.548207565,0.469853459
32,1,0,7,48900,97,2025,1,0,44.44564699,25.9834705,1.77412185,0.701300696
32,1,1,7,49880,97,2026,1,0,44.44394262,25.97790008,1.788398677,0.750448773
62.2,2,0,3,210000,63,2025,1,0,44.39641788,26.10214475,0.608410013,0.45080018
32,1,2,7,49888,97,2026,1,0,44.43916315,25.98721002,1.000258369,0.183830872
71,2,1,3,189000,63,2025,1,0,44.39637873,26.09977392,0.784598185,0.33259343
32,1,2,7,49900,97,2025,1,0,44.44566171,25.98338046,1.777801954,0.704123961
108.1,4,8,8,1000000,67,2025,0,-1,44.47690908,26.10198796,0.285285568,0.2621057
61,2,8,8,139999,160,2023,0,-1,44.4152,26.19433056,0.829924841,0.608971727
48,2,4,7,112000,160,2019,0,-1,44.41577908,26.19053758,0.938025186,0.527123821
71,2,1,3,189000,63,2025,1,0,44.40209127,26.10029563,0.41659048,0.090881004
32,1,3,7,49900,97,2025,1,0,44.44483276,25.98374784,1.681123988,0.608412044
116,4,2,4,230000,169,1939,1,1,44.42098541,26.10292539,0.705964887,0.077688065
71,2,1,3,189000,63,2025,1,0,44.40020146,26.10085819,0.599858571,0.18060996
20,1,4,4,37500,107,1960,0,0,44.42063816,26.16531283,0.529892932,0.067873969
74,3,1,8,294900,169,1991,1,0,44.42981,26.09619,0.423840327,0.010504663
65.5,3,2,8,112000,145,1986,1,0,44.40983,26.071174,2.079032294,0.132789595
64,2,4,5,114500,95,2018,0,-1,44.36344424,26.12946545,1.282653671,0.272955839
82,4,7,8,229000,164,1982,0,-1,44.41274072,26.15547508,0.476171832,0.157658075
72,3,5,5,149000,42,2017,0,-1,44.43808097,26.09348628,0.638180737,0.137609342
63,3,4,7,127000,117,1976,1,0,44.43357581,26.02271582,0.122080292,0.090888569
52,2,5,8,118900,49,1985,0,0,44.45133466,26.05612889,0.669655022,0.170382382
48.7,2,7,7,125000,160,2026,1,1,44.40426479,26.19791982,0.490756591,0.318502795
94,3,0,2,175900,29,1930,0,2,44.43209374,26.11901096,1.355625873,0.164425893
28,1,10,10,59000,56,1967,1,1,44.4212649,26.1391182,0.016069999,0.171866455
98.06,3,8,12,124000,160,2025,1,0,44.41473703,26.19536786,0.784664024,0.686223402
57.02,2,0,9,180300,47,2025,1,0,44.42215892,26.07386287,1.219128292,0.176299916
95,2,4,10,265000,64,2012,0,0,44.4416855,26.12442647,0.694071985,0.30981011
61,2,3,3,130000,97,2026,0,0,44.44185,26.00637,0.904974682,0.219222699
92,4,2,3,185000,97,2026,0,0,44.44185,26.00637,0.904974682,0.219222699
75,3,0,3,165000,97,2026,0,0,44.44185,26.00637,0.904974682,0.219222699
93.2,4,2,7,349000,124,1994,0,-1,44.42914276,26.1039348,0.259491266,0.099229964
68,2,4,7,180000,27,2025,0,-1,44.49876032,26.02810533,0.540421033,0.159214147
40,1,8,8,77500,151,1988,1,0,44.42349867,26.06956927,0.876867218,0.125173186
53,2,4,4,110000,10,1983,1,0,44.38236704,26.13518715,0.309138229,0.2406513
115,4,1,1,374500,47,1935,0,-1,44.44134643,26.07482905,0.590982803,0.1917663
95,4,1,8,309000,64,2014,1,-1,44.44257565,26.12239395,0.829165862,0.237502618
170.8,5,0,3,376000,83,2013,0,0,44.48865,26.043857,0.541789749,0.275202969
67,3,4,9,149500,92,1977,0,0,44.43412919,26.04064465,0.553900356,0.136768707
65,3,6,7,158980,41,1983,1,0,44.43850808,26.15494357,1.201457079,0.271784692
200,4,2,4,890000,142,2017,1,0,44.46740313,26.09201241,0.463238066,0.417998011
118,3,1,1,280000,170,1930,0,1,44.43871281,26.10546161,0.382031369,0.304846625
30,1,7,7,73400,56,1983,1,-1,44.41449362,26.13107734,0.402438632,0.064500174
50.8,2,3,10,66066,160,2026,1,0,44.4176747,26.2036107,1.338106101,0.973742503
65.58,2,3,11,105000,130,2024,1,0,44.45133466,26.16392673,1.812043396,0.294074261
79,3,1,10,159000,97,2016,1,-1,44.44824419,25.97602283,2.275404318,0.714207322
68.76,3,1,10,120900,145,2025,1,0,44.38741538,26.05921624,3.500854596,0.004292891
80,3,3,7,474999,126,2008,1,-1,44.45474716,26.0844129,0.309691697,0.009935551
31,1,0,8,88000,2,1994,0,-1,44.42458911,26.07142223,0.895499097,0.028043113
65.25,4,3,7,145000,87,1976,1,0,44.46361594,26.11902982,1.574520003,0.222659602
58,2,7,9,128000,120,1960,0,-1,44.44509246,26.0988774,0.128668346,0.081028536
81,4,5,7,143000,130,1977,1,1,44.44492172,26.15494357,1.557010281,0.158244589
55,2,1,8,193000,52,1990,1,0,44.42567869,26.12799412,1.024430948,0.052062934
112,4,2,7,395000,18,2018,1,-1,44.474806,26.112339,0.736845286,0.21160403
34,2,4,4,58000,97,2017,0,0,44.44491847,25.98374784,1.690224997,0.617831376
57.38,2,1,9,181380,47,2025,1,0,44.41912602,26.0755517,1.554956127,0.078901653
71,3,1,10,124000,145,1978,0,-1,44.40920126,26.07070915,2.095833937,0.143547707
41.9,1,1,3,58660,160,2026,1,0,44.41283562,26.19258093,0.579662579,0.556520221
95.58,3,2,9,301750,2,2025,1,0,44.42433293,26.07684497,1.19052527,0.059892136
50,2,5,10,113500,50,1970,0,0,44.43028643,26.14931166,0.897711824,0.305111585
70,2,7,7,190000,105,2017,0,-1,44.43035475,26.09189093,0.323462486,0.164541154
97,4,1,8,370000,124,1990,0,0,44.4253135,26.1021986,0.328393518,0.075623051
76.2,3,5,7,500000,67,2025,0,-1,44.47743622,26.10157303,0.218064429,0.199411994
82.84,3,4,12,220000,44,2026,0,0,44.47069742,26.14153932,2.267184064,0.126505926
77.87,3,1,9,230860,47,2025,1,0,44.42256187,26.07756395,1.392013626,0.264350854
58,3,7,8,92000,0,1973,0,0,44.40946526,26.17234275,0.266112228,0.178892399
88.35,3,4,5,222000,129,2012,1,0,44.42386476,26.05845494,0.285463313,0.218125283
74,3,6,7,119000,102,1938,1,0,44.43206675,26.13654051,0.157441391,0.047065982
218,6,3,4,550000,152,2008,1,1,44.50367164,26.04769609,1.619073175,0.172733474
54,2,1,4,175000,14,1984,0,0,44.47470206,26.10254368,0.527745807,0.132602507
57.38,2,1,9,181380,47,2025,1,0,44.41780156,26.07700015,1.741558068,0.204870644
57,2,-1,2,109000,126,1935,0,0,44.45079035,26.09202164,0.625852673,0.147662845
55.7,2,2,4,89460,25,2025,1,0,44.37138498,26.11518386,1.8457159,0.036897759
57.02,2,0,9,180300,2,2025,1,0,44.42191925,26.07699864,1.427398211,0.231105386
85.6,3,2,9,236800,47,2025,1,0,44.42286984,26.07800271,1.362337262,0.246639671
57.38,2,1,9,181380,47,2025,1,0,44.41463273,26.0751261,1.93139833,0.157202772
59,3,3,10,130000,159,1970,1,2,44.45774689,26.12799412,0.92198757,0.047057692
60.25,2,9,9,95000,4,2024,1,0,44.39956572,26.0515139,2.757032902,0.131072611
184,4,1,6,520000,54,2005,1,0,44.46415842,26.06511205,0.651713993,0.222454706
51,2,3,10,425000,67,2017,0,0,44.47653687,26.10255762,0.343842494,0.219994444
67,2,6,7,205000,124,1980,1,0,44.42567869,26.10104466,0.273391255,0.142179207
68,2,7,12,385000,78,2023,0,0,44.48634465,26.09265788,1.001133267,0.117561774
15,1,4,4,26000,130,1970,0,2,44.44175,26.18251,0.800113476,0.162638597
52.6,2,0,11,113000,160,2025,1,1,44.41859395,26.20779221,1.443267929,0.874481672
49,2,4,8,80000,73,1963,1,0,44.39206303,26.09289509,1.40565037,0.139038627
52,2,-1,2,145000,67,1960,0,-1,44.46679878,26.10807538,1.507856425,0.233794527
100,3,0,3,110000,97,2025,1,0,44.44442551,25.98832827,1.565648693,0.61813279
44,1,0,4,138000,135,2024,1,0,44.49340137,26.11709784,1.41459984,0.751434429
51,1,3,9,98000,135,2026,1,0,44.49370746,26.12330356,1.541956282,0.98471449
31,1,6,9,77999,95,2025,1,0,44.36696237,26.12124769,1.795404933,0.127621274
93,4,4,4,188000,53,1989,0,-1,44.45272523,26.15020721,1.88655725,0.146215948
46,3,3,5,78000,25,1975,0,-1,44.37998623,26.10945528,1.765781992,0.128546762
60,2,2,6,218000,92,2022,1,0,44.42850882,26.04004404,0.58787658,0.076007963
42,2,2,7,64999,97,2025,1,0,44.44353226,25.98374784,1.543668233,0.466045138
41,1,1,11,74000,160,2026,1,0,44.4198687,26.1999367,1.426108281,0.596535222
54,2,1,10,118000,181,2010,1,0,44.39858939,26.14355748,1.801969643,0.073620396
81,4,4,10,262000,55,1976,1,0,44.458877,26.0955071,1.057578133,0.134137666
77.1,4,4,4,116000,112,1970,0,0,44.41284648,26.18189303,0.583846476,0.42254821
148,3,0,4,158000,27,2020,0,2,44.48979748,26.01121313,1.715497431,0.061345147
66.53,3,2,3,300000,142,1960,0,1,44.46682785,26.09166091,0.420510744,0.385053792
34.79,2,10,10,61000,23,1972,1,0,44.38075364,26.11002781,1.669890523,0.035069213
68.18,3,4,7,138000,49,1982,0,0,44.45386362,26.04183558,0.518637353,0.273693634
75,2,3,7,226000,18,2011,0,-1,44.45831505,26.09998897,0.765937443,0.22553233
55,2,5,6,129500,23,2025,0,-1,44.365751,26.11355557,2.318313547,0.225965047
60,2,4,6,204980,14,2011,0,-1,44.49051219,26.09319463,1.381209436,0.473339004
65.35,2,4,6,155000,135,2024,1,0,44.49044817,26.13387622,1.746780108,1.157945737
86,3,5,25,354000,67,2025,1,-1,44.47647774,26.10117028,0.306888304,0.2942871
127,5,1,2,370000,67,2017,0,0,44.46415842,26.11002781,1.310185115,0.146213511
66,1,1,11,107000,110,2026,1,0,44.44760756,26.14656259,1.300071951,0.133288346
43,1,1,11,88000,110,2026,1,0,44.44621049,26.14573136,1.160810115,0.20934821
43,1,2,11,86000,110,2026,1,0,44.44646681,26.14426381,1.077834701,0.092795738
55.52,2,5,7,135920,135,2026,0,-1,44.4897391,26.1265053,1.275895444,0.83783027
118,2,0,10,215000,163,2017,1,0,44.4002539,26.11683315,0.638477385,0.334211964
39,2,3,9,90000,70,1962,0,-1,44.44392881,26.07645266,0.347839882,0.166794794
71.36,2,1,4,165000,49,2007,1,0,44.4512491,26.0501879,0.206431103,0.235755679
53.72,2,2,4,228000,67,2027,0,1,44.46931356,26.11155049,1.326945059,0.145782739
99,3,2,11,159000,110,2026,1,-1,44.4466967,26.14459264,1.113868327,0.106139085
69.22,3,3,11,186000,135,2026,1,0,44.48962827,26.14258409,2.286777692,0.882839099
92.34,3,11,11,216000,135,2026,1,0,44.49009588,26.14369262,2.388586339,0.936212964
45,2,4,4,85000,59,1960,0,1,44.425794,26.053084,0.28784774,0.050177828
50,2,5,6,131499,59,2019,1,0,44.41799058,26.00255985,0.940488493,0.088432519
43.5,2,0,4,99900,59,1965,0,-1,44.42567869,26.03816259,0.404916479,0.32413736
74.7,3,5,7,350000,36,2017,0,-1,44.45617913,26.08375287,0.470893666,0.157712715
43,2,0,4,98900,40,2026,1,2,44.48459,26.018,1.556198185,0.330257354
110,4,9,9,750000,67,2026,0,-1,44.4772453,26.10703259,0.577648034,0.170660795
71.1,2,1,3,189000,63,2025,1,0,44.3957561,26.10605583,0.409120914,0.37083189
61,3,5,7,115000,19,1962,0,-1,44.45774689,26.05612889,0.408709767,0.245476523
71,3,1,4,235000,29,1999,0,-1,44.4305565,26.11853205,1.383352852,0.156745799
56.6,2,2,5,96900,141,2025,1,1,44.40642932,26.00222998,1.864458965,0.453283471
53,2,10,10,125000,1,1982,1,0,44.460177,26.071106,1.040978752,0.250178838
111,3,2,3,297000,80,2007,0,-1,44.52008286,26.11500837,4.382833481,0.677874716
81,4,10,10,189500,186,1981,0,-1,44.45216343,26.11591808,0.696797903,0.072151382
42,1,11,11,127000,146,2023,1,0,44.4411761,26.057151,0.316559139,0.191674816
37,2,1,10,69900,23,1970,0,0,44.38852891,26.11442006,0.795595642,0.215523957
39,2,4,9,89000,70,1959,0,-1,44.44640387,26.07553482,0.102907891,0.108583164
98,3,2,3,499900,13,2005,1,0,44.45876661,26.0839573,0.75704425,0.124593061
70,3,0,2,175000,72,2020,0,1,44.46465672,26.04541268,0.810805673,0.327605423
85,3,2,7,268900,169,1996,1,0,44.42166854,26.11810916,0.670108788,0.190256802
53.7,2,4,6,92500,23,2025,1,0,44.36893071,26.11146504,2.239436335,0.246697224
92.96,3,11,11,221000,135,2026,1,0,44.49009588,26.14369262,2.388586339,0.936212964
54.3,2,4,11,132000,135,2026,1,0,44.48962827,26.14258409,2.286777692,0.882839099
45.44,2,0,11,119000,135,2026,1,0,44.48962827,26.14258409,2.286777692,0.882839099
45.53,2,3,11,116000,135,2026,1,0,44.48962827,26.14258409,2.286777692,0.882839099
61,2,1,7,154500,164,2023,1,1,44.41284648,26.19985934,0.728950093,0.648273824
36,2,3,8,65000,97,2022,1,0,44.44564649,25.98343995,1.774784306,0.70164902
59.7,2,3,4,127000,53,2010,1,0,44.453137,26.151291,1.980436062,0.123011774
29,1,1,7,49500,97,2025,1,0,44.44435341,25.9766557,1.881059097,0.855027902
120,4,10,11,350000,14,2025,1,1,44.47697936,26.10104466,0.250349954,0.250717236
82,3,1,3,110000,160,2026,1,1,44.41414628,26.20083984,0.890884181,0.805745997
66,3,10,10,123000,59,1984,1,0,44.415603,26.047445,0.967049947,0.10668939
41,1,10,11,72000,92,1976,1,0,44.4339627,26.0323419,0.123682268,0.096286565
165,4,8,15,695000,14,2026,1,0,44.47682728,26.1070202,0.595472831,0.124328892
157.57,5,4,4,2600000,51,2021,1,0,44.4397401,26.11032502,0.738423676,0.13737556
38,3,4,7,138000,79,1960,0,0,44.426884,26.023713,0.440629591,0.04749711
77,2,6,9,239000,169,1994,0,0,44.42567869,26.10104466,0.273391255,0.142179207
73.4,3,11,11,149900,141,2024,0,0,44.40791047,25.98249435,2.571582865,0.274224549
74.84,3,2,11,166000,160,2026,1,0,44.4089594,26.2092914,0.377546244,0.45081772
73,3,5,11,197000,135,2021,1,0,44.48979748,26.11002781,1.140609979,0.500674638
78.53,4,4,9,165000,87,1978,0,0,44.46485701,26.12901885,1.704739186,0.048079962
52,2,3,8,184000,18,2024,0,0,44.48179725,26.11057033,0.496196885,0.238073595
104,3,2,5,599000,67,2009,0,-1,44.47048764,26.10639766,1.080232496,0.179123659
49.09,3,2,10,87000,158,1975,1,0,44.4625087,26.1300005,1.474505133,0.144268472
66,3,2,8,105000,97,2019,1,-1,44.44943243,25.98430457,2.165000788,0.907249828
51.94,2,3,5,253000,127,2026,0,0,44.4399694,26.1256643,0.600717388,0.207404131
64,3,1,8,175000,135,2019,1,-1,44.494604,26.128766,1.822924364,1.358860799
94,4,3,8,215000,92,1994,0,-1,44.43658385,26.03487744,0.248101112,0.009773719
67,3,2,10,135000,97,1980,1,0,44.43209374,26.01121313,0.673594582,0.253116817
50,2,1,3,90990,73,2016,0,-1,44.37567021,26.09467258,2.808440919,0.295389747
70,3,4,10,105000,59,1975,0,-1,44.41425026,26.02544212,0.29474836,0.124152011
142,3,2,5,450000,78,2006,1,0,44.48449065,26.0891363,1.063346517,0.247792816
100,2,11,16,259900,18,2011,1,-1,44.4786047,26.11361278,0.332633802,0.191098319
44.41,3,3,4,77999,119,1976,0,0,44.38435721,26.09805093,1.823025658,0.282287892
78,3,7,7,279000,169,1991,0,-1,44.42486172,26.12351415,1.214999479,0.097244784
61,2,1,7,85900,160,2025,1,0,44.41184058,26.2064163,0.709502421,0.653115563
85,3,11,25,530000,67,2025,1,0,44.47616502,26.10996733,0.729158614,0.014349539
98,4,4,5,214000,170,1932,0,-1,44.43630648,26.10990728,0.568501831,0.07393075
160,5,3,7,790000,13,1995,0,-1,44.4636371,26.08422029,0.329557541,0.307067086
83.44,3,13,13,270000,56,2011,1,0,44.42044346,26.1334522,0.464566067,0.259043261
54.86,2,1,10,130000,95,2021,1,0,44.3611821,26.1366671,1.024617856,0.054080628
53,3,4,11,159000,67,1962,1,0,44.463801,26.099875,1.096505109,0.200741856
72.79,3,11,11,241700,59,2026,1,0,44.41179497,26.03649324,1.166741491,0.216607217
74.61,3,9,11,229375,59,2026,1,0,44.41253792,26.03675088,1.091101546,0.190227278
75,3,7,8,185000,180,1989,1,0,44.41245742,26.12061664,0.534394078,0.143636263
195,7,2,3,650000,131,1930,0,0,44.41807514,26.08872563,1.318917788,0.428352431
82,3,0,4,220000,80,2021,1,0,44.50712854,26.10641442,3.050033515,0.924399948
61,3,3,10,129999,81,1964,1,-1,44.43850808,26.13697727,0.409535327,0.092645022
61.75,2,7,11,190250,71,2026,1,0,44.41220791,26.03636819,1.119762907,0.227485308
43.42,1,1,4,64800,160,2026,1,0,44.41155781,26.20073697,0.676512264,0.527507779
44.81,2,3,11,148525,59,2026,1,0,44.41203013,26.03627854,1.137594886,0.22865082
58,2,2,3,199000,169,2025,0,0,44.42744288,26.11417459,1.050119725,0.210498737
52,2,0,8,84000,44,1986,0,0,44.46391955,26.14068759,2.036876067,0.133658156
76.7,2,4,4,475200,138,2024,1,0,44.4496547,26.10158515,0.478904495,0.199223236
140,3,7,7,449900,2,2017,0,-1,44.42112433,26.08352676,1.407881339,0.374597274
38,1,0,8,82000,151,1986,0,0,44.41615545,26.06756114,1.39787775,0.238375716
47,2,7,10,104000,59,2022,0,0,44.4210934,25.98170855,1.22855501,0.159866529
37.6,2,2,7,119000,169,2025,1,0,44.434611,26.121079,1.186456364,0.189324834
85.77,3,1,3,118755,160,2026,1,0,44.42049762,26.2059013,1.666118618,0.921880393
50,2,3,4,95000,164,1970,0,1,44.43074201,26.15420325,0.926814937,0.25457426
67,3,2,4,313050,184,2026,1,2,44.41926294,26.10104466,0.577590302,0.27543269
47,2,0,4,213700,184,2026,1,2,44.41926294,26.10104466,0.577590302,0.27543269
73.27,3,8,11,194800,59,2026,1,0,44.41219371,26.03649324,1.123477887,0.228415853
53.06,2,4,10,132602,155,2025,1,0,44.50457309,26.02861735,0.353694946,0.226316588
63,2,2,2,180000,1,2010,0,-1,44.4590586,26.071549,1.046161797,0.352419196
38,1,5,8,67600,23,2025,1,0,44.36791158,26.11901096,1.837699852,0.08863321
57,2,9,12,143802,2,2021,1,0,44.41163351,26.08002043,1.51512961,0.154265161
55,2,5,8,101862,23,2025,1,0,44.36764833,26.12202815,1.699375237,0.188605763
55,2,4,8,101862,23,2025,1,0,44.36751794,26.12287573,1.660080522,0.252996122
42,1,1,12,95868,2,2021,1,0,44.41248336,26.08085195,1.512951708,0.174547689
97.5,3,11,12,175500,143,2021,1,0,44.41172464,26.08000437,1.521558608,0.157723176
83,2,2,3,195425,80,2025,1,0,44.51291237,26.1120811,3.601723019,0.297456761
45.52,3,3,3,158000,38,1925,0,0,44.42999,26.09991,0.223056944,0.219490828
72,3,5,5,160000,23,2014,1,0,44.37565448,26.12198316,1.150489976,0.188390751
46.6,2,2,7,98500,1,1964,0,1,44.47056267,26.05286841,0.211353914,0.079925581
69,2,2,3,140700,135,2026,1,-1,44.49358912,26.13276088,1.922813849,1.405451335
69,2,2,3,139100,135,2026,1,-1,44.49292718,26.13741076,2.138144552,1.324214171
63,2,2,3,129200,135,2026,1,-1,44.49086079,26.13926742,2.122808767,1.060444958
83,4,-1,4,178500,28,2013,1,-1,44.49375352,26.07313475,2.69533357,0.399186576
57,2,3,6,105000,23,2021,1,0,44.366484,26.113959,2.240572482,0.180856759
36,1,2,3,62900,59,2007,0,2,44.41284648,26.00222998,1.286593213,0.027405846
42,2,2,7,160000,42,2017,0,-1,44.43697764,26.08240817,0.580341305,0.01348547
83,3,12,16,169500,53,2012,0,-1,44.45171111,26.14496389,1.523019692,0.128939592
62,3,10,10,129000,163,1976,1,0,44.41244188,26.10800753,0.369749965,0.234289854
90,4,6,9,129500,100,1975,1,0,44.44319625,26.16632381,0.888737958,0.138209547
58.17,2,3,3,129500,160,2024,1,0,44.41574142,26.20217752,1.096732782,0.963067037
63,2,3,3,127500,160,2024,1,0,44.41284648,26.19985934,0.728950093,0.648273824
56,2,1,10,185000,155,2025,1,-1,44.50599381,26.02635872,0.357572214,0.058289688
56,2,1,10,185000,152,2025,1,-1,44.50598961,26.02636382,0.35728078,0.058168227
47,2,9,10,139000,106,2001,0,-1,44.42229388,26.12332716,1.007337075,0.079329433
85.64,3,1,3,229900,135,2009,1,0,44.493947,26.133864,2.011130771,1.481634648
53,1,9,10,128000,106,2001,0,-1,44.42238307,26.12363862,1.032926927,0.06772659
71.35,3,4,11,162000,130,2026,0,-1,44.44899127,26.14661829,1.396904183,0.052279009
91,3,5,11,107900,160,2009,1,0,44.40551913,26.2049675,0.274260617,0.060112304
43,1,-1,4,100000,138,2024,1,0,44.4496807,26.10162885,0.474420303,0.199579268
95,4,3,5,235000,120,1939,0,-1,44.44432489,26.10086054,0.306938742,0.160838373
80,2,3,9,239900,169,1987,1,0,44.42606335,26.10655623,0.498817739,0.124512721
66.65,2,9,11,148000,71,2017,0,-1,44.41096907,26.03307155,0.994459802,0.159480573
183,4,2,3,3000000,84,2021,1,0,44.45774689,26.08307835,0.650526174,0.094449119
67,2,6,8,289000,17,2018,0,0,44.454208,26.07161,0.546889876,0.252006428
47.04,2,1,3,76264,160,2026,1,0,44.41667438,26.20537084,1.252560624,0.999887879
60,3,1,7,129900,5,1978,0,2,44.38695,26.1169,0.792734288,0.163012072
80,3,3,11,310534,36,2024,1,2,44.42567869,26.0740952,1.010953854,0.21514369
68,3,8,10,190000,1,1982,0,0,44.460425,26.071383,1.060378792,0.215345298
82.4,3,0,4,280000,135,2025,1,-1,44.51308218,26.11406187,3.60825359,0.394818897
59.6,2,1,4,169000,80,2025,1,-1,44.5129169,26.1142629,3.589036374,0.418499737
144.34,4,4,4,720000,67,2006,1,0,44.46550055,26.10239551,1.267275162,0.060866508
37,1,5,6,145000,28,2017,0,-1,44.4993618,26.06934535,2.885349686,0.162638092
51.84,2,3,3,144000,1,2016,0,0,44.4720576,26.05406959,0.319128399,0.166943803
97,3,4,7,146650,130,2026,0,-1,44.44575335,26.16446836,1.204664953,0.165496443
92,4,4,10,235000,110,1980,0,0,44.44745765,26.12553791,0.297061001,0.111715364
49,2,2,8,106000,164,1981,1,0,44.42339945,26.17698205,1.149188218,0.070190164
71.45,2,8,10,123000,130,2026,1,0,44.44584277,26.14741202,1.259560842,0.321320684
66.18,2,1,10,104000,130,2026,1,0,44.449375,26.14485517,1.322447711,0.196854628
65.12,2,3,10,112000,130,2026,1,0,44.44741227,26.1482571,1.401412132,0.170044299
55.35,2,7,10,92500,130,2026,1,0,44.44663173,26.1458732,1.194668121,0.207164029
47,2,3,12,229000,14,2024,0,0,44.47851846,26.10746352,0.57557224,0.315474366
64,3,6,7,89000,97,2025,0,1,44.44599026,25.99011523,1.685863338,0.450833696
46,2,9,9,158000,2,2022,1,0,44.4198887,26.0660131,1.003402636,0.060896217
116,4,1,3,333160,135,2025,1,2,44.51366,26.11104,3.693442528,0.183930798
35,2,7,8,63000,97,2018,1,0,44.44481261,25.98438974,1.664510845,0.60046355
48,1,5,10,86000,130,2026,1,0,44.45017022,26.1437096,1.327076897,0.243858092
43.08,1,5,10,78000,130,2026,1,0,44.44819989,26.14571264,1.285511076,0.129190047
43,1,8,10,89085,130,2026,1,0,44.44664026,26.14670908,1.251933681,0.23481575
42.91,1,6,10,82000,130,2026,1,0,44.44634679,26.14709599,1.262671661,0.264720781
35.5,1,2,4,63525,160,2026,1,0,44.42083559,26.20028344,1.536763434,0.564005063
90,3,4,7,315000,80,2017,0,-1,44.5153792,26.1121812,3.874010538,0.174665189
35.18,1,6,7,69000,120,1940,1,1,44.44497361,26.09799586,0.096254551,0.063186155
60,1,9,9,135000,131,2019,1,0,44.41497385,26.08902109,1.243150686,0.222229515
181,5,11,11,499000,135,2026,1,0,44.49009588,26.14369262,2.388586339,0.936212964
215.33,5,11,11,495000,135,2026,1,0,44.49009588,26.14369262,2.388586339,0.936212964
103.7,3,11,11,244000,135,2026,1,0,44.49009588,26.14369262,2.388586339,0.936212964
87.8,3,11,11,206000,135,2026,1,0,44.49009588,26.14369262,2.388586339,0.936212964
60.3,3,1,4,139800,56,1970,0,2,44.41284648,26.14596042,1.066320156,0.261883329
66.3,3,4,4,189000,13,1982,0,-1,44.4904241,26.0841847,1.787682642,0.073778838
76,3,1,4,159900,135,2024,1,0,44.49341352,26.13265167,1.902488133,1.384117727
70,2,5,16,235000,18,2011,1,0,44.48124782,26.11762365,0.100908863,0.174313707
69.56,3,5,11,192000,135,2026,1,0,44.48962827,26.14258409,2.286777692,0.882839099
82,3,2,4,184500,14,2025,0,-1,44.49094148,26.10117674,1.311924918,0.649052794
54.86,2,1,3,123500,135,2025,0,0,44.49332847,26.13279479,1.903095938,1.38087855
99,2,10,11,104999,160,2025,1,0,44.41284648,26.19985934,0.728950093,0.648273824
77,3,2,10,169000,108,2024,1,0,44.5361452,26.0923803,6.367128187,0.23914928
26,1,2,7,75000,56,1985,0,-1,44.41462416,26.1413104,0.74330669,0.509649368
88,2,10,11,99999,160,2025,1,0,44.41284648,26.19985934,0.728950093,0.648273824
52,2,10,10,108500,59,1973,1,-1,44.41481722,26.02541028,0.250666044,0.141982878
54.61,2,2,11,144000,135,2027,1,0,44.48960934,26.11987946,1.025443895,0.462982063
88.21,4,5,11,238000,135,2027,1,0,44.48960934,26.11987946,1.025443895,0.462982063
57,2,3,4,140000,2,2016,0,-1,44.4181931,26.07029732,1.382170152,0.28467847
88,4,9,10,179800,111,1983,1,0,44.39703302,26.11185586,0.290150017,0.182570089
95,4,4,5,210000,144,1987,0,0,44.43371856,25.99919379,0.318320682,0.107211504
90,4,6,7,167000,2,1988,0,-1,44.4134006,26.06884627,1.70723897,0.280140109
35,1,10,10,58000,125,1934,0,0,44.43349819,26.10140198,0.284626825,0.168383291
78,2,5,8,230000,78,2026,1,-1,44.49047279,26.09321363,1.376593759,0.468775119
77,2,5,9,205000,67,2026,1,-1,44.47193475,26.11108045,1.067776505,0.320641502
77,2,4,9,205000,67,2026,1,-1,44.47278576,26.11204227,0.950596128,0.406823171
56.5,2,3,7,201000,101,2025,0,-1,44.4459187,26.12496441,0.45104467,0.160744704
65,3,2,4,114990,0,1970,0,0,44.41284648,26.18189303,0.583846476,0.42254821
77.9,2,5,7,169587,135,2024,0,0,44.48593887,26.11618056,0.585387607,0.095602898
144,4,4,5,720000,67,2006,0,0,44.46415842,26.10104466,1.178824619,0.201492583
35,2,3,10,130000,42,2017,0,-1,44.43757609,26.09298049,0.570247067,0.172305945
71,3,1,4,117000,130,2017,1,0,44.44566288,26.25125286,4.7001823,3.288200164
98,2,1,5,249000,170,2017,0,-1,44.4319778,26.1144218,1.02075937,0.122189126
231.71,5,0,5,749000,78,2005,0,0,44.482943,26.087809,1.073965021,0.365602083
52,2,8,8,75000,81,1963,0,-1,44.44045885,26.13377897,0.075790626,0.082281526
80,3,11,12,255000,47,2024,1,0,44.43062712,26.06552747,0.255059713,0.195741068
32,1,3,7,49900,97,2026,1,1,44.44344582,25.98487968,1.507677902,0.446997438
48,2,4,10,106000,108,2024,1,0,44.5361452,26.0923803,6.367128187,0.23914928
51,2,7,10,106800,59,1973,0,0,44.4189402,26.0291317,0.480293608,0.177398719
101,3,4,9,326326,67,2025,1,0,44.47749686,26.11659703,0.354401794,0.055963923
73,2,5,9,242412,67,2025,1,0,44.47651387,26.1117142,0.605756396,0.02075303
164,4,1,14,567244,67,2025,1,0,44.47845242,26.10705857,0.544721241,0.304681693
126,3,8,14,427130,67,2025,1,0,44.47688177,26.10600662,0.521293156,0.145239141
92,3,5,25,494500,67,2025,1,0,44.47644166,26.0982712,0.341255302,0.363443547
92,3,17,25,493350,67,2025,1,0,44.47473142,26.10088825,0.495022967,0.262387653
133,3,5,10,268796,67,2025,1,0,44.47671474,26.11289704,0.53138971,0.112242709
59.93,3,1,4,105000,0,1974,0,-1,44.40688727,26.17646481,0.38028691,0.361698524
74,3,3,10,161000,108,2024,1,0,44.5361452,26.0923803,6.367128187,0.23914928
90,3,1,7,269000,169,1994,0,-1,44.4273737,26.11230334,0.902686836,0.111966977
47,2,2,7,97500,145,1986,1,0,44.41082288,26.06373308,1.792823373,0.274373308
130,3,1,7,778800,67,2025,1,0,44.47049647,26.11024149,1.240938724,0.147890849
91,3,2,4,127500,135,2025,1,0,44.51059969,26.13703079,3.699249831,2.20168201
79,2,1,4,116000,135,2025,1,0,44.52510345,26.14100701,5.304168673,2.696135595
51.9,2,6,8,272250,67,2025,1,-1,44.47697936,26.11901096,0.453284132,0.181937888
188,4,2,6,1750000,36,2005,0,0,44.47400964,26.09315002,0.804227851,0.351162564
44.4,2,4,6,124000,97,2023,1,3,44.43718998,25.98853,0.764693505,0.175310551
46.41,2,1,10,109000,160,2026,1,0,44.411451,26.1897381,0.539394468,0.351329636
50,2,9,10,80000,5,1970,0,0,44.37724135,26.11865457,1.35396425,0.104593519
90,3,1,3,405000,142,1965,0,1,44.46415842,26.0920615,0.496625747,0.30480173
60.2,3,10,10,84000,161,1975,1,0,44.42615312,26.02433626,0.34679447,0.039990238
126,3,0,10,595000,11,2010,1,2,44.46415842,26.08307835,0.346463705,0.285140322
59,3,5,10,155000,67,1963,1,0,44.4633116,26.09754598,0.934845418,0.215046001
65,2,5,5,146000,135,2025,0,-1,44.496689,26.1217838,1.826082141,1.107077825
80,3,10,10,115000,59,1981,0,0,44.4190354,26.04657059,0.601429601,0.119638176
165,4,2,2,380000,169,1938,0,0,44.43471433,26.11342977,0.85563177,0.201125231
105,3,5,5,186000,31,2017,0,-1,44.44741872,26.09291553,0.412412333,0.190559546
52.57,2,8,8,150000,135,2025,1,1,44.48853271,26.13501549,1.699908233,0.987230512
79,3,5,9,196000,67,2026,1,0,44.48008323,26.10784651,0.610177078,0.299776868
58,2,4,9,159000,67,2026,1,0,44.48051497,26.11358278,0.24224711,0.157630279
237,4,4,4,652080,80,2026,1,0,44.51263676,26.12240901,3.582458537,1.022230873
170,3,3,3,364188,80,2025,1,-1,44.51610835,26.1115741,3.959342377,0.164596999
83,2,3,3,227000,80,2025,1,-1,44.51812892,26.10748614,4.226327973,0.322736932
48,1,0,4,155100,80,2026,1,0,44.517025,26.12657245,4.117200341,1.330294416
180,4,3,3,447080,80,2026,1,0,44.51237529,26.1212441,3.54288731,0.942770822
110,3,1,3,252119,80,2026,1,0,44.51632357,26.12042395,3.974364575,0.836597639
78,2,1,3,164505,80,2026,1,0,44.51337475,26.12728339,3.732012947,1.384079691
104,3,2,5,630000,142,2017,1,0,44.46765796,26.10471425,1.326904346,0.243170522
70,3,8,8,174900,183,1986,1,0,44.4119503,26.1145802,0.534972958,0.009213586
96,4,3,5,385000,18,2025,1,0,44.46323714,26.11077644,1.229593339,0.239820678
64,2,3,7,250000,67,2025,1,0,44.46275836,26.11108338,1.18786679,0.290440646
91.75,3,1,2,240000,138,1940,0,-1,44.4465288,26.1033575,0.465915635,0.187784835
115,2,4,4,650000,51,2022,1,0,44.44767588,26.11792419,0.552005998,0.209090017
83,5,1,1,170000,169,1930,0,0,44.42560594,26.11926564,1.097147102,0.051140495
77.02,3,1,5,293400,68,2027,1,0,44.43616143,26.12455633,0.862293508,0.088447069
83,3,1,4,129558,135,2025,1,-1,44.53376095,26.13598555,6.098271108,2.92056123
79.93,2,11,11,128500,164,2010,0,-1,44.419777,26.1726707,0.983936156,0.276736166
63,2,0,3,185000,101,2020,0,-1,44.44852721,26.11807685,0.504421717,0.149021978
59,4,9,10,85000,97,1972,1,0,44.4410223,26.0164224,0.865425861,0.089734148
82,2,4,4,364900,120,2018,0,-1,44.44762536,26.10310036,0.483479261,0.064429638
55.4,2,11,11,175000,14,2025,1,0,44.47917079,26.11307892,0.327949592,0.12758503
55,2,10,11,175000,14,2025,1,0,44.47808834,26.10937767,0.64350429,0.220245949
55.3,2,11,11,175000,67,2025,1,0,44.47891224,26.10953953,0.595814662,0.168586499
72.42,3,10,10,240000,59,2020,1,1,44.415334,26.035946,0.774206255,0.117652016
51,2,5,10,136500,59,1980,0,0,44.4172578,26.03386884,0.533751256,0.093264805
165.38,3,0,7,600000,11,2010,0,-1,44.46848331,26.08218142,0.427620784,0.321225162
58.32,3,2,9,110000,5,1966,1,0,44.37719025,26.11402531,1.717308129,0.152183317
74,3,4,8,270000,124,1989,0,0,44.430192,26.107812,0.58822378,0.075746422
50,2,4,7,124000,15,1973,0,0,44.42606288,26.14961491,0.990501422,0.045099565
219.58,4,5,5,1150000,28,2015,1,2,44.49620549,26.06511205,2.425048347,0.391165913
77,3,1,4,158000,53,2025,1,0,44.456544,26.143255,1.687501546,0.10715268
92,2,1,3,230000,135,2010,1,0,44.50936841,26.12818808,3.318759022,1.578248311
97,3,1,2,255900,27,2023,0,0,44.49661247,26.0395503,0.656974796,0.692426428
36.9,1,1,7,119999,135,2017,1,-1,44.48979748,26.11901096,1.030869217,0.432487256
100,2,10,10,240000,67,2025,1,0,44.47647347,26.11199988,0.594955536,0.043209881
42.53,2,0,10,103000,160,2026,1,0,44.411451,26.1897381,0.539394468,0.351329636
42.53,2,5,10,99000,160,2026,1,0,44.411451,26.1897381,0.539394468,0.351329636
34,1,2,10,105000,17,1977,0,0,44.45133466,26.0740952,0.499907944,0.154316851
76,3,3,3,190000,135,2025,0,-1,44.49318514,26.12643684,1.593065426,1.115921179
101.05,3,1,9,245000,78,2010,1,0,44.49115286,26.08741683,1.678364602,0.149858616
55.6,2,2,11,163500,130,2026,1,0,44.437386,26.165613,0.370600064,0.142937329
187.7,4,10,12,1054000,67,2025,1,0,44.47720966,26.10479664,0.419937763,0.231740638
98,4,7,7,198000,163,1978,0,0,44.41434769,26.10786903,0.25818919,0.200292862
27,1,3,6,44000,97,2027,1,0,44.44426037,25.97689937,1.861616725,0.83355969
51,2,1,10,219318,18,2025,1,0,44.4771136,26.1121069,0.534999217,0.074373558
51,2,1,10,219318,67,2025,1,0,44.4766584,26.1121936,0.569289818,0.056083576
57,2,2,10,225600,67,2025,1,0,44.476689,26.1121078,0.570868971,0.04979814
135,3,10,10,740222,67,2025,1,0,44.4766278,26.1121078,0.576180377,0.049057203
135,3,10,10,740222,135,2025,1,0,44.476756,26.1121048,0.565241973,0.051409786
135,3,10,10,740222,18,2025,1,0,44.4769,26.1119727,0.559819345,0.050065799
137,4,10,10,773913,135,2025,0,0,44.4767254,26.1122765,0.559368309,0.063707806
53.7,2,8,9,330000,67,2023,0,0,44.47635173,26.11443353,0.512197276,0.235304095
121,3,11,13,205700,2,2024,1,0,44.41231538,26.08094169,1.496236199,0.193977027
135,4,11,13,229500,2,2024,0,0,44.41265617,26.08129032,1.496542765,0.163586539
108,3,11,13,156600,2,2024,0,0,44.4077653,26.0748245,1.740866238,0.108095169
78,2,11,13,166750,2,2024,0,0,44.41251659,26.08078745,1.519268277,0.170360163
64,2,1,15,250000,18,2026,0,0,44.4746786,26.1114742,0.782977609,0.197897261
98,3,3,10,202639,67,2025,1,0,44.47802116,26.11497215,0.323897194,0.168237698
85,2,1,10,189900,67,2025,1,0,44.47647935,26.11785364,0.477557689,0.165618135
72,3,4,5,350000,18,2026,1,0,44.46286781,26.11070149,1.1888508,0.259277069
68.8,3,1,11,194000,135,2027,1,0,44.4896093,26.1198795,1.025440389,0.462981262
54.61,2,0,11,153000,135,2027,1,0,44.4896093,26.1198795,1.025440389,0.462981262
43.5,1,4,11,124000,135,2027,1,0,44.4896093,26.1198795,1.025440389,0.462981262
104.6,4,10,11,260000,130,2026,1,0,44.437386,26.165613,0.370600064,0.142937329
48.19,1,3,11,131000,135,2027,1,0,44.4896093,26.1198795,1.025440389,0.462981262
193,4,7,8,614000,67,2025,1,0,44.4768891,26.11756682,0.42851061,0.114947819
185,4,7,8,595500,67,2025,1,0,44.47343273,26.11270027,0.864402146,0.366114379
164,4,7,8,520500,67,2025,1,0,44.47897619,26.11185556,0.423514173,0.059754288
150,4,7,8,501200,67,2025,1,0,44.47546744,26.11289712,0.651181401,0.169131499
85,3,2,8,310000,67,2026,1,0,44.47837051,26.11712406,0.260253971,0.056535318
68.61,3,8,10,107000,145,1983,1,0,44.409976,26.069565,2.062848606,0.026772821
103,3,8,8,365000,18,2007,1,0,44.45405508,26.1078608,0.220320338,0.254903736
262.48,5,6,8,950000,18,2018,0,1,44.47200431,26.10534749,0.892130289,0.235940642
102,2,1,5,465456,67,2026,1,0,44.46002989,26.1061959,0.806869595,0.043120806
85,2,1,5,385184,67,2026,1,-1,44.46141771,26.10149808,1.017531742,0.105575825
33,1,6,15,144000,18,2026,1,0,44.47560155,26.11502829,0.579201904,0.299596464
48,3,5,10,110000,107,1975,0,0,44.4136139,26.1664459,0.403300279,0.156650996
426,4,7,7,575000,135,2024,1,0,44.4928958,26.12629846,1.559642797,1.086942448
165,4,11,13,239250,2,2023,0,0,44.41268325,26.08129807,1.497886674,0.160961231
130,3,11,13,221000,2,2023,0,0,44.41257785,26.08065855,1.531554804,0.162976983
98,3,1,2,199910,29,1940,0,4,44.4304397,26.12050864,1.441417754,0.07696592
65,3,5,5,124990,56,1979,1,1,44.41539047,26.14558339,0.814950062,0.286540764
45.96,2,2,11,120000,160,2026,1,0,44.4088,26.20938,0.361562448,0.4317569
65,3,2,3,460000,55,2025,1,-1,44.4539019,26.0995889,0.503506469,0.102724645
96,3,7,25,595000,67,2025,1,0,44.47365561,26.10388813,0.676307154,0.144063443
68,2,6,25,315000,67,2025,1,0,44.47572706,26.09823776,0.414330056,0.441059867
65,2,5,10,188900,67,2025,1,0,44.4736204,26.1167795,0.785530005,0.47236207
82.4,2,0,6,390000,67,2023,1,0,44.47410885,26.11406141,0.75893049,0.344925997
70,2,2,4,105270,160,2026,0,0,44.4117001,26.2017714,0.751426622,0.575144292
80,3,2,4,138825,160,2027,0,0,44.4117305,26.2063342,0.699093108,0.640070749
37.5,1,3,11,82500,59,2026,1,0,44.4241891,26.0033974,0.877035606,0.1927908
57.1,2,1,9,96000,4,2024,1,0,44.38908735,26.04231365,3.384288125,0.409274626
73.3,3,1,9,116000,4,2024,1,0,44.39296931,26.05226046,3.478760349,0.324748457
150,4,5,6,780000,142,2001,0,0,44.4694939,26.0913971,0.541645394,0.47795997
71,2,2,3,99500,73,2025,0,0,44.3755041,26.0906974,2.967435782,0.066108755
57,2,4,10,162000,67,2025,1,0,44.47499187,26.1194908,0.672483271,0.37212946
54,2,2,10,156000,67,2025,1,0,44.47858882,26.1169228,0.234152626,0.081677463
57,2,1,10,188000,67,2025,1,0,44.47646974,26.11434065,0.502488721,0.226712293
67,2,2,10,184000,67,2025,1,0,44.47581488,26.11465352,0.563607134,0.26611679
41,1,0,10,77400,145,2024,1,1,44.38948,26.06267,3.146099634,0.171274744
96.7,3,0,7,244990,135,2023,0,-1,44.49246526,26.11758309,1.312209883,0.656492268
54.04,2,0,3,104500,135,2017,1,0,44.4943245,26.1229742,1.598142486,1.024722961
50,2,2,6,98771,135,2024,1,0,44.50989552,26.14089977,3.775859981,2.518264387
37.01,1,6,11,89250,26,2025,0,0,44.4487579,26.147381,1.427979341,0.017642547
67.05,2,5,7,180000,135,2023,1,0,44.49034069,26.12140847,1.138801875,0.607286205
58.29,2,3,3,149970,135,2024,1,0,44.49586787,26.12438462,1.797020701,1.229536613
48,1,4,10,106000,108,2024,1,0,44.5361452,26.0923803,6.367128187,0.23914928
52,2,1,4,105000,40,2025,1,2,44.48459,26.018,1.556198185,0.330257354
120,4,4,4,285000,161,2017,0,-1,44.4262926,26.0198307,0.588008636,0.182977219
119,4,6,11,367425,67,2026,1,0,44.47838443,26.10728866,0.563898712,0.298781123
92,3,11,11,285944,67,2026,1,0,44.47940411,26.10874535,0.641297264,0.220374888
79,3,10,10,216600,145,2026,1,1,44.38948,26.06267,3.146099634,0.171274744
67,3,0,4,135000,107,1972,0,-1,44.41708335,26.17141497,0.827740743,0.039167814
92,3,6,11,325288,67,2025,1,0,44.47647872,26.10829058,0.703140673,0.102476061
61,2,0,11,154900,153,2025,1,0,44.4431451,26.0524772,0.516600377,0.163349301
126,3,3,8,383000,67,2025,1,0,44.47287585,26.11753866,0.871234629,0.555733544
87,2,1,8,218900,67,2026,1,0,44.47837464,26.11255529,0.412668496,0.145713293
94,3,6,12,349999,163,2023,1,3,44.40340226,26.11032832,0.528634865,0.528896176
53,2,4,4,79716,86,2026,0,0,44.46303993,26.02445344,2.227510536,0.681215459
85,3,2,8,287000,55,1980,0,-1,44.45399911,26.09825063,0.609304118,0.070059012
120,4,3,7,214000,25,2025,1,0,44.3761142,26.1109491,1.979056094,0.168992916
44.4,2,2,6,63335,10,2025,1,0,44.3666103,26.15389476,0.85249157,0.717624216
84,4,9,12,139000,130,1976,1,0,44.442979,26.1586421,1.194906711,0.106315282
194,4,5,9,750000,67,2024,1,0,44.4743962,26.11592276,0.701400723,0.396293105
162,3,8,9,520000,67,2024,1,0,44.47807689,26.11182835,0.478522507,0.155483457
120,3,1,9,420000,67,2024,1,0,44.47158196,26.11284452,1.055658577,0.361285111
73,2,3,9,265000,67,2024,1,0,44.47395291,26.11631589,0.748869786,0.438999502
51,2,8,8,127140,97,2026,0,0,44.4335321,26.0076116,0.35647593,0.04845384
66,2,17,25,295000,67,2025,1,0,44.4766033,26.1014054,0.298448837,0.288136049
54,2,1,9,240000,18,2017,1,0,44.4701316,26.1111738,1.250604831,0.153686787
25,1,1,8,100000,170,1940,1,0,44.434282,26.102635,0.176145258,0.040864505
113,2,1,4,244629,135,2027,1,0,44.51423834,26.12563868,3.798916107,1.243719359
106,3,0,4,305777,135,2027,1,0,44.50982885,26.12652936,3.334577449,1.437280129
106,3,0,4,304896,135,2027,1,0,44.51354803,26.12776684,3.759608166,1.419501709
84,2,1,4,249876,135,2027,1,0,44.51497953,26.12698267,3.900934657,1.346345886
136,3,1,4,312332,135,2027,1,0,44.51410333,26.12940503,3.851781176,1.542619398
74,3,6,9,490000,67,2023,0,0,44.4763517,26.1144335,0.512201222,0.23530214
79.88,3,11,11,212000,160,2026,1,0,44.4062528,26.2078647,0.082732969,0.211938228
43.72,2,7,11,111000,160,2026,1,0,44.4088,26.20938,0.361562448,0.4317569
42.31,2,0,11,105000,160,2026,1,0,44.4089272,26.2092769,0.373815281,0.447998295
42.31,2,5,11,109000,160,2026,1,0,44.4089272,26.2092769,0.373815281,0.447998295
37.52,1,0,11,86000,160,2026,1,0,44.4062528,26.2078647,0.082732969,0.211938228
52,2,4,10,76900,23,1972,1,0,44.3817518,26.1256174,0.811555215,0.119896371
55,2,3,10,119000,108,2024,1,0,44.5361452,26.0923803,6.367128187,0.23914928
80,3,3,5,128080,160,2025,0,0,44.41670152,26.19601109,1.008095281,0.522796159
43,1,4,10,96000,108,2024,1,0,44.5354976,26.0959058,6.273874753,0.304543467
47.85,2,8,11,95000,82,2025,1,0,44.4293101,26.1927146,0.785892719,0.312038971
42,2,3,10,96000,28,2024,1,0,44.5350418,26.0959931,6.22288909,0.355251059
61,2,2,10,119000,108,2024,1,0,44.5361452,26.0923803,6.367128187,0.23914928
74.26,3,4,10,149000,160,2026,1,0,44.411451,26.1897381,0.539394468,0.351329636
102.52,2,3,4,461241,67,2026,1,0,44.47149,26.10105496,0.855276242,0.29923332
136.62,3,2,4,596756,67,2026,1,0,44.47061716,26.11122078,1.198753126,0.195845901
63,3,3,10,125000,42,1947,1,1,44.4365904,26.0882229,0.431059666,0.176130746
123.4,4,3,6,298000,135,2025,1,0,44.4907511,26.1233408,1.239654516,0.755313596
107,3,1,3,268000,28,2025,0,2,44.48979748,26.0920615,1.349949152,0.421457737
67,3,5,7,195000,135,2019,1,0,44.4897286,26.1307084,1.503103606,0.95009781
285.9,4,7,7,880000,170,2026,1,-1,44.43856175,26.12138977,0.967201195,0.135634629
67,2,6,12,365873,67,2025,1,0,44.4766033,26.1014054,0.298448837,0.288136049
122,3,7,7,550000,51,2024,1,0,44.44492172,26.11002781,0.937997779,0.118208359
120,5,5,8,445000,55,1982,1,0,44.4502298,26.0989843,0.506420176,0.306952743
54,2,1,10,161500,14,2026,1,0,44.48338877,26.11002781,0.603780484,0.084986314
61,2,6,11,149530,0,2024,1,0,44.4343365,26.1722809,0.258293564,0.225911979
100,3,1,5,166700,27,2025,0,0,44.51274537,26.01870697,1.185850256,0.01186558
52.94,2,1,10,119000,108,2024,1,0,44.5354976,26.0959058,6.273874753,0.304543467
77,3,4,10,169000,108,2024,1,0,44.5354976,26.0959058,6.273874753,0.304543467
124,3,3,4,273634,135,2017,1,0,44.51748412,26.11872674,4.095373611,0.73909299
68,2,2,8,165604,27,2026,1,-1,44.5080864,26.0228059,0.587270232,0.193944583
28.9,1,2,7,54300,86,2023,0,0,44.4443451,26.0243401,1.165851785,0.307951619
66.62,3,1,11,133400,97,2023,1,1,44.4425651,26.0226014,0.948716741,0.069232071
45.84,1,10,10,138200,152,2024,0,0,44.50605187,26.02734223,0.397755002,0.034955843
325.3,5,6,7,975000,126,2020,1,0,44.4506526,26.0826081,0.198697469,0.168424511
57,2,6,20,242840,67,2022,1,0,44.46792989,26.11049106,1.48928489,0.156019517
97,3,0,6,325000,67,2023,1,0,44.47461474,26.11411717,0.703635612,0.30442293
84,3,3,3,399000,169,2024,0,0,44.42567869,26.00222998,0.932445275,0.246418185
53.51,2,3,10,119000,108,2024,1,0,44.5360636,26.095245,6.339790848,0.232006443
68.27,3,5,7,165000,135,2026,1,0,44.5205919,26.1462587,5.021422278,2.937703443
52.04,2,1,7,133000,135,2026,1,0,44.5205919,26.1462587,5.021422278,2.937703443
43.98,1,0,11,71900,59,2025,1,0,44.4078915,25.9828245,2.567647956,0.298147911
91,3,11,13,131950,131,2023,1,0,44.4121657,26.0801114,1.541016982,0.192718179
96.5,4,4,4,325000,135,2017,1,-1,44.4934542,26.1197844,1.441902125,0.816620211
67.02,2,5,7,170000,135,2023,1,0,44.49282588,26.11977316,1.37299031,0.752687771
78.1,3,2,7,145000,160,2025,1,0,44.41532182,26.19430177,0.843423232,0.595384783
40,1,2,3,115000,135,2024,0,0,44.49643689,26.12247336,1.8119947,1.162472918
53,2,1,3,57000,73,2025,0,0,44.3719122,26.0903033,3.334814808,0.154372874
47,2,7,7,99500,160,2025,1,0,44.42138406,26.20110311,1.61589099,0.601458329
86.73,3,1,6,321000,118,2027,0,1,44.43207248,26.12948076,0.712396643,0.034031668
58.96,2,1,6,218000,118,2027,0,1,44.43203321,26.13259077,0.466699501,0.238585661
56.1,2,1,11,84900,164,2026,1,0,44.4159134,26.19772832,0.953460428,0.677900623
37.6,1,1,4,89000,135,2027,1,0,44.51353051,26.15714426,4.864858126,3.625409439
58.55,2,11,11,117000,59,2025,1,0,44.4139066,26.0379781,0.976872793,0.114505554
46,2,9,11,119000,164,2025,1,0,44.43776617,26.16469884,0.45445616,0.198162444
116,3,1,3,350000,80,2021,0,-1,44.5107018,26.12139596,3.359191403,1.029314243
52.5,2,3,20,270000,67,2023,1,2,44.46902,26.10987,1.361012502,0.025299243
149.5,4,3,20,591000,67,2023,1,2,44.47056924,26.11002781,1.229939114,0.152029284
75,3,4,10,180075,152,2024,1,0,44.50605187,26.02734223,0.397755002,0.034955843
75.77,3,5,10,120900,145,2026,1,0,44.38541887,26.062277,3.431594548,0.225539154
49.38,2,6,10,90400,145,2026,1,0,44.3880115,26.06099134,3.346454886,0.078491643
54.06,2,8,10,89900,145,2026,1,0,44.38908117,26.06094156,3.286252025,0.194365662
52.03,2,2,10,88400,145,2026,1,0,44.38967564,26.0584068,3.427517266,0.238897156
90,4,3,8,178500,53,1988,1,0,44.45615106,26.14065349,1.483479932,0.221020673
36.29,1,9,10,79000,160,2025,0,0,44.418937,26.1991028,1.306940364,0.590186854
70.24,3,1,8,271200,137,2026,1,-1,44.4478389,26.0447637,0.321626005,0.290025725
99.15,4,7,11,144500,160,2026,1,0,44.4160666,26.19764256,0.967717625,0.660769684
98.3,4,9,9,143500,160,2026,1,0,44.4160608,26.197696,0.968341211,0.664143662
68,2,2,10,108420,160,2025,0,-1,44.41136646,26.19926138,0.57476103,0.478325906
55.16,2,1,8,209500,49,2026,1,-1,44.44703472,26.04424867,0.274531629,0.239544732
130,4,1,4,369127,135,2017,1,0,44.4937325,26.1191107,1.464243158,0.825956031
56.1,2,7,9,84900,164,2026,1,0,44.41605434,26.19759964,0.965428238,0.659447786
50,2,7,10,124900,92,1980,1,-1,44.43273378,26.03068194,0.310634783,0.161606563
23,1,1,7,69500,49,1987,1,0,44.4551645,26.0549521,0.682692441,0.213821505
37.38,1,4,10,61900,145,2026,1,0,44.39018541,26.06238224,3.124891999,0.127823726
100,3,1,7,405000,142,1962,0,-1,44.464016,26.093475,0.605246939,0.203521621
81.1,3,2,11,152000,130,2026,0,-1,44.44871638,26.14656758,1.374391584,0.047278923
47,2,8,10,119900,59,1978,1,-1,44.42787242,26.04530026,0.451974874,0.269127771
79.16,3,3,11,185900,23,2025,1,0,44.36807336,26.12442554,1.532441924,0.181042537
58.76,2,3,11,129300,23,2025,1,0,44.36807336,26.12442554,1.532441924,0.181042537
54.34,2,2,11,118800,23,2025,1,0,44.36807336,26.12442554,1.532441924,0.181042537
53.28,2,2,11,117200,23,2025,1,0,44.36807336,26.12442554,1.532441924,0.181042537
38.51,1,4,11,88000,23,2025,1,0,44.36807336,26.12442554,1.532441924,0.181042537
39.56,2,3,10,84000,160,2025,0,0,44.418937,26.1991028,1.306940364,0.590186854
54.2,3,2,2,65000,54,1938,0,1,44.4647296,26.0684021,0.911909659,0.113061346
118.2,4,4,4,331500,135,2017,1,1,44.4936118,26.119216,1.452103005,0.816132953
118.2,4,4,4,331500,135,2017,1,1,44.4934241,26.1200467,1.442374416,0.82210602
30,1,4,8,110000,101,1982,0,-1,44.44293228,26.11783415,0.924362059,0.113236125
53,2,2,3,94500,23,2012,0,-1,44.37580366,26.14435667,0.767493703,0.508726286
71,3,3,8,136000,44,1983,0,-1,44.46125748,26.12620542,1.270387372,0.115493044
54,2,6,6,139000,97,2021,0,-1,44.43753572,26.00527046,0.423028366,0.210003507
28,1,8,8,90000,186,1978,0,-1,44.45302785,26.11042111,0.37296608,0.119503955
65,3,3,11,195000,23,2020,0,-1,44.37139035,26.13988249,0.407497623,0.08987238
79,4,2,7,210000,25,2017,0,-1,44.39669167,26.11260278,0.360038111,0.21639716
70,3,5,9,249000,52,1991,0,-1,44.42619044,26.12985999,0.931605401,0.056585574
101,3,10,17,450000,56,2009,0,-1,44.42002691,26.13333724,0.483312402,0.260579971
62,3,2,3,164000,61,2012,0,-1,44.4918765,26.05362145,1.395348702,0.390156147
47.8,2,7,7,74900,63,1965,0,-1,44.4060686,26.0944964,0.225400501,0.088796824
48,2,9,10,99900,59,1971,0,-1,44.41973265,26.02757063,0.411987653,0.236817139
35,2,0,1,64800,169,2017,0,-1,44.42304847,26.09996619,0.571584858,0.378000903
53,2,8,10,115000,59,2017,0,-1,44.42225247,26.0282977,0.221489527,0.136190106
52,2,2,6,179900,14,2008,0,-1,44.49170019,26.09167348,1.55196125,0.315619613
54,2,7,7,115000,87,1978,0,-1,44.4599765,26.1131615,0.993779918,0.041351399
38,1,3,3,49999,42,1947,0,-1,44.43517778,26.08645556,0.375358388,0.122796372
56,2,4,4,255000,14,1988,0,-1,44.4797756,26.10030641,0.068419326,0.066388879
53,2,3,3,99000,27,2015,0,-1,44.48227673,26.03318938,0.601900032,0.17084334
96,2,0,3,128600,40,2014,0,-1,44.4799275,26.0338994,0.625125765,0.097235913
50,2,1,5,129500,28,2021,1,-1,44.48810867,26.09445926,1.096372551,0.201720773
40,1,9,9,83000,120,1969,0,-1,44.4466907,26.0974653,0.100905723,0.056194425
57,3,0,7,104314,97,2023,1,0,44.43695695,25.98784845,0.74985112,0.130279911
27,1,5,7,30300,97,2023,1,0,44.4470482,25.9925114,1.676391716,0.234161144
68.5,3,7,8,71925,97,2020,1,0,44.4446314,25.9738893,2.03730415,0.934478003
48.07,2,5,5,110964,44,2024,1,0,44.461347,26.139763,1.775725447,0.226148927
50,2,5,5,118230,44,2024,1,0,44.461347,26.139763,1.775725447,0.226148927
65,2,0,3,158000,155,2024,1,0,44.50542545,26.0316559,0.611034419,0.322284059
71,3,2,11,187950,164,2025,1,0,44.43776617,26.16469884,0.45445616,0.198162444
56.5,2,0,6,151500,158,2024,1,0,44.45271075,26.14980589,1.862634535,0.17425101
111,4,0,10,333100,152,2024,1,0,44.50605187,26.02734223,0.397755002,0.034955843
92,3,3,3,325000,155,2024,1,0,44.50483192,26.03191358,0.603970634,0.30754721
127,4,0,3,295000,53,2025,1,0,44.4589542,26.141628,1.714060874,0.288231606
34,1,2,8,135000,42,1964,1,0,44.43749062,26.0877798,0.537157112,0.072439838
190,4,17,18,299999,96,2024,0,0,44.4121036,26.12687555,0.035733564,0.090730448
51,2,1,3,96500,59,2026,1,-1,44.40300304,26.01074547,1.753978008,0.463788429
48,2,1,4,87000,59,2008,0,-1,44.41360227,25.99815249,1.481857321,0.308165195
50,2,2,4,155000,80,2021,1,0,44.50958705,26.10371696,3.373056219,0.645494547
61,3,3,9,153000,170,1960,0,-1,44.43996748,26.09754775,0.616821752,0.132305475
59.73,2,1,3,108000,0,2026,1,0,44.403411,26.1788,0.802882939,0.71603621
80.3,3,11,11,240600,130,2026,0,0,44.44415563,26.15460751,1.521831696,0.19136128
186,3,6,6,384900,56,2026,0,0,44.41767769,26.1421085,0.448155925,0.220581895
132,4,10,10,278000,97,2016,1,0,44.44191911,25.97569823,1.714392756,0.710246872
77,3,3,8,238000,162,1992,1,0,44.42215731,26.11767006,0.698009245,0.170649042
37.5,1,6,11,61400,160,2017,1,0,44.41284648,26.19985934,0.728950093,0.648273824
60.5,3,7,10,126000,164,1978,1,0,44.42567869,26.14596042,0.735683077,0.142077275
63,3,4,9,127000,74,1976,1,0,44.43209374,26.02019628,0.23910631,0.13562078
90.6,4,1,4,153440,23,2025,1,0,44.37091415,26.12054086,1.523147055,0.183822581
48,2,7,10,120000,42,1968,0,-1,44.43903577,26.1058871,0.430761677,0.257395326
75,2,0,3,210000,163,2025,1,-1,44.39701985,26.09824061,0.843924563,0.191652672
86.7,3,2,3,450000,55,2024,1,-1,44.46138443,26.09434575,0.819633814,0.011507957
62.78,2,1,3,112000,164,2026,1,0,44.403377,26.17887,0.808276484,0.720100221
62.78,2,1,3,112000,0,2026,1,0,44.40343,26.178796,0.800781825,0.71391069
88.3,3,1,3,159000,0,2026,1,0,44.403429,26.17888,0.803084536,0.714372062
80,3,0,7,598001,84,2017,0,-1,44.46614188,26.07709371,0.742556418,0.160369971
174,4,5,6,675000,67,2006,0,0,44.45761612,26.09733582,0.856433774,0.110052225
65,2,3,10,114180,160,2026,1,0,44.41542963,26.1975883,0.898836128,0.711452756
136,4,6,6,326000,80,2026,1,0,44.51943298,26.14148318,4.738246881,2.541107582
50.99,2,0,8,86500,95,2025,1,0,44.36887648,26.12557424,1.42319087,0.116514093
53,2,9,12,166900,92,2016,1,0,44.431027,26.030682,0.45596226,0.348972248
41,2,0,7,100000,131,1939,0,0,44.4191134,26.0887242,1.355820095,0.340413062
56,2,4,10,157999,131,2022,0,0,44.4133366,26.0801013,1.617526462,0.088077888
53.4,2,2,4,91240,0,2024,1,0,44.402037,26.178567,0.943735961,0.868134444
53.4,2,2,4,91240,160,2024,1,0,44.402043,26.178639,0.944578684,0.86759151
275,7,4,14,1500000,78,2016,1,0,44.48707496,26.09008189,1.19457788,0.332921399
45.9,2,1,6,99247,23,2025,1,0,44.36924146,26.11212646,2.176540881,0.217478702
46,2,3,6,89947,23,2025,1,0,44.37205157,26.11690403,1.690226083,0.18151208
45.9,2,2,6,89747,23,2025,1,0,44.37087671,26.11190315,2.101837907,0.25412554
44.3,2,2,6,86650,23,2025,1,0,44.37001807,26.11690603,1.812918631,0.034613467
63.77,2,-1,5,196077,127,2026,1,-1,44.4399694,26.1256643,0.600717388,0.207404131
55,2,10,10,135000,163,1982,1,0,44.41102,26.11247,0.633732431,0.177975618
180,4,0,3,790000,142,2024,1,-1,44.46543452,26.09258741,0.493188353,0.264747586
81.1,3,9,11,152000,110,2026,0,-1,44.44902192,26.14661827,1.399088613,0.054269191
47,2,6,11,93500,110,2026,0,-1,44.44984956,26.14674696,1.467401655,0.099171472
50.2,2,7,11,100000,53,2026,0,-1,44.44876817,26.14676008,1.389903581,0.032309557
64.4,2,5,11,128500,110,2026,0,-1,44.44877398,26.14672466,1.388117176,0.035185175
41,2,6,7,144900,85,1961,0,0,44.4347866,26.08798096,0.260809012,0.027919889
50,2,7,10,108000,59,1972,0,0,44.42130132,26.04146489,0.245857231,0.201433965
52.46,2,5,7,155000,28,2023,1,0,44.48504602,26.06362227,1.827892189,0.187408889
48.5,2,0,6,82500,10,2025,1,0,44.36913774,26.15635304,1.008598992,1.002252416
84,3,0,2,412000,54,2025,1,2,44.46363,26.06118,0.370229528,0.357982214
45,2,4,4,78000,10,2025,1,0,44.3682475,26.15515202,0.915894862,0.897736799
39.32,2,1,3,74871,160,2026,1,0,44.41284648,26.19985934,0.728950093,0.648273824
163,4,1,3,780000,78,2004,1,2,44.48338877,26.08307835,1.44227398,0.555904764
41.32,2,5,10,63895,160,2026,1,0,44.41926294,26.20884249,1.517179615,0.822853805
54,2,2,5,235000,14,2022,0,1,44.49017917,26.08933304,1.501044047,0.2804434
108,3,2,12,650000,78,2017,0,-1,44.487481,26.0885046,1.31390371,0.406705269
67.24,3,2,3,230000,160,2024,0,0,44.4202165,26.1999244,1.462431903,0.57351106
48,2,3,3,104900,44,2023,0,-1,44.47133753,26.1744345,3.701631021,0.005971908
46,2,4,5,140000,61,2026,1,0,44.48705335,26.06256366,1.79341998,0.2869123
96.47,4,1,3,209000,160,2024,0,0,44.4202165,26.1999244,1.462431903,0.57351106
145.92,5,10,10,254376,160,2017,0,-1,44.418937,26.1991028,1.306940364,0.590186854
157.28,4,4,5,1370000,11,2024,1,0,44.46695496,26.08869493,0.199951443,0.213948274
70.22,3,2,10,126500,160,2025,0,0,44.418937,26.1991028,1.306940364,0.590186854
113.48,4,10,10,193146,160,2025,0,0,44.418937,26.1991028,1.306940364,0.590186854
113.13,4,10,10,193627,160,2025,0,0,44.418937,26.1991028,1.306940364,0.590186854
71.44,3,3,10,127500,160,2025,0,0,44.418937,26.1991028,1.306940364,0.590186854
115.34,4,10,10,194342,160,2025,0,0,44.418937,26.1991028,1.306940364,0.590186854
144.17,5,10,10,282638,160,2025,0,0,44.418937,26.1991028,1.306940364,0.590186854
55.16,2,1,10,104530,160,2025,0,0,44.418937,26.1991028,1.306940364,0.590186854
95,3,3,7,395000,116,2010,0,-1,44.4611656,26.0958011,0.925295064,0.108332129
71,2,2,10,188050,164,2025,1,0,44.4377741,26.163375,0.545878015,0.206318745
55,2,3,6,87500,25,2025,1,0,44.37034274,26.11493977,1.922041503,0.080644637
40,1,1,8,97960,97,2026,1,0,44.4335321,26.0076116,0.35647593,0.04845384
49,2,7,8,133480,97,2026,1,0,44.4335321,26.0076116,0.35647593,0.04845384
123.4,3,5,6,160600,141,2025,0,0,44.4037954,25.9804021,3.055796785,0.369803935
76,3,11,11,159053,97,2026,1,0,44.4335321,26.0076116,0.35647593,0.04845384
52.02,2,4,11,119541,155,2026,1,0,44.5071831,26.0249408,0.46649948,0.003394061
52.06,2,1,11,118349,155,2026,1,0,44.5071831,26.0249408,0.46649948,0.003394061
37.15,1,1,11,91284,155,2026,1,0,44.5071831,26.0249408,0.46649948,0.003394061
37.01,1,4,11,108257,155,2026,1,0,44.5071831,26.0249408,0.46649948,0.003394061
71.08,3,2,11,159244,155,2026,1,0,44.5071831,26.0249408,0.46649948,0.003394061
52.46,2,2,11,118807,155,2026,1,0,44.5071831,26.0249408,0.46649948,0.003394061
52.79,2,1,11,119266,155,2026,1,0,44.5071831,26.0249408,0.46649948,0.003394061
37.15,1,3,11,100917,155,2026,1,0,44.5071831,26.0249408,0.46649948,0.003394061
37.05,1,2,11,99083,155,2026,1,0,44.5071831,26.0249408,0.46649948,0.003394061
38,1,0,3,91500,27,2025,0,0,44.4877465,26.0547892,1.246366695,0.210283119
67,2,0,3,162500,27,2025,0,0,44.4877477,26.0548062,1.247625549,0.211472731
38,1,1,3,118500,27,2025,0,0,44.4877505,26.0547902,1.246641801,0.210182405
38,1,1,3,108500,27,2025,0,0,44.4877327,26.0548063,1.246866743,0.212133984
38,1,1,3,104500,27,2025,0,0,44.4877565,26.0547742,1.245822694,0.208753569
48,2,5,7,49830,97,2022,0,0,44.4467503,25.9925569,1.646036489,0.239644924
54,2,3,7,54000,97,2022,1,0,44.4469007,25.9925134,1.662177221,0.237875035
59.2,1,5,8,119900,135,2025,1,0,44.4885201,26.13376,1.614490096,0.992666347
48,2,5,7,48630,97,2023,1,-1,44.4469466,25.9913497,1.715353462,0.326843796
59,3,7,7,105120,179,2023,1,0,44.3944949,26.1435137,1.694532581,0.332671808
68,2,3,7,115583,179,2023,1,0,44.3944949,26.1435137,1.694532581,0.332671808
67,2,3,7,119520,179,2023,1,0,44.3944949,26.1435137,1.694532581,0.332671808
74,2,6,6,119700,155,2025,0,0,44.5132,26.01799,1.255460822,0.0758318
110,3,11,13,159500,131,2023,1,0,44.4121657,26.0801114,1.541016982,0.192718179
26,1,4,7,33900,97,2023,1,0,44.4469466,25.9913497,1.715353462,0.326843796
108,3,9,13,156600,131,2023,1,0,44.4121657,26.0801114,1.541016982,0.192718179
47,2,2,7,85320,179,2024,1,0,44.3944949,26.1435137,1.694532581,0.332671808
51,2,5,7,90180,179,2024,1,0,44.3943432,26.1433052,1.676407827,0.312889724
79,2,3,5,145000,58,2008,1,0,44.4219039,26.0620557,0.62508809,0.239968435
135,4,11,13,229500,131,2023,1,0,44.4121657,26.0801114,1.541016982,0.192718179
31,1,5,7,32910,97,2023,0,0,44.44492172,25.99324682,1.444490596,0.331393103
72,3,7,8,75600,97,2020,1,0,44.4445854,25.9740824,2.023695017,0.945538356
80,3,0,11,136900,71,2025,1,0,44.4081136,25.9829517,2.541322068,0.316352424
332,9,1,1,430000,47,1940,0,1,44.43349,26.0772556,0.211692229,0.111931954
38.03,1,1,7,77600,135,2023,1,0,44.49549781,26.12244359,1.710622793,1.113892918
50,1,7,7,105124,97,2023,1,0,44.436957,25.9878485,0.749855601,0.130286307
109,4,3,3,180000,131,1930,0,1,44.4205582,26.0955304,0.947567454,0.075213011
80,3,6,7,132600,179,2021,1,0,44.3944949,26.1435137,1.694532581,0.332671808
80,3,1,11,132900,141,2025,1,0,44.40642932,25.98426367,2.704621264,0.401803887
140,5,4,5,220000,170,1932,1,0,44.4366353,26.1101157,0.58919711,0.034814224
74,3,2,6,129300,155,2025,0,0,44.5132,26.01799,1.255460822,0.0758318
51,2,3,5,154000,74,2020,0,-1,44.4422565,26.022108,0.91117487,0.036998619
50,2,4,5,119574,44,2024,1,1,44.4612989,26.1398017,1.774059651,0.225368441
73,3,1,10,152000,108,2024,1,0,44.5361452,26.0923803,6.367128187,0.23914928
49.71,2,3,5,106890,44,2024,1,0,44.4612989,26.1398017,1.774059651,0.225368441
79,2,1,1,69900,75,1950,0,1,44.47319159,26.05080507,0.240303152,0.172294259
64,2,1,6,108900,155,2025,0,0,44.51432267,26.01805249,1.367451543,0.146540217
73,2,4,8,130000,135,2025,0,0,44.4885201,26.13376,1.614490096,0.992666347
118.8,3,1,8,229900,135,2025,0,0,44.4885201,26.13376,1.614490096,0.992666347
53,2,0,5,100000,97,2023,0,-1,44.4438908,26.0221044,1.092554117,0.209570256
60,2,1,11,110500,59,2026,1,0,44.4242349,26.0038406,0.846814806,0.157621914
50,2,4,5,106890,44,2024,1,1,44.4612989,26.1398017,1.774059651,0.225368441
58.55,2,11,11,117000,59,2025,1,0,44.412949,26.0382537,1.08392826,0.194162294
59.35,2,11,11,117000,59,2025,1,0,44.412949,26.0382537,1.08392826,0.194162294
88,3,3,5,179900,28,2013,1,0,44.5245394,26.0594387,3.647932708,0.803965872
53.46,2,2,10,119000,108,2024,1,0,44.5366071,26.0950959,6.400853333,0.170567103
103,3,6,16,185000,53,2012,0,0,44.4516504,26.1453064,1.534728654,0.101733156
42.3,2,1,8,150900,76,2026,1,-1,44.44851622,26.04460371,0.394548638,0.349864062
47.39,2,3,8,180000,76,2026,1,-1,44.44851622,26.04460371,0.394548638,0.349864062
42.3,2,1,8,150900,137,2026,1,-1,44.44781668,26.04411958,0.347147757,0.313589754
103.7,4,8,8,452600,49,2026,1,-1,44.44823701,26.04433455,0.376925046,0.344890864
96,4,8,8,460100,49,2026,1,-1,44.44777722,26.04446337,0.327991221,0.295227962
47.38,2,6,8,182200,76,2026,1,-1,44.44851622,26.04460371,0.394548638,0.349864062
47.38,2,6,8,182200,49,2026,1,-1,44.44725611,26.04442043,0.283364704,0.249152933
55.16,2,1,8,209500,137,2026,1,-1,44.44738072,26.04411958,0.309472828,0.27496459
320,8,2,7,1200000,55,1940,0,0,44.4546434,26.0945406,0.865006133,0.211233751
55.5,2,8,8,58275,97,2020,1,0,44.444662,25.9739751,2.035670702,0.934221111
43,1,4,5,75000,72,2020,0,-1,44.4682075,26.0236346,2.102586106,0.201782137
50.9,2,2,7,101500,130,2026,0,-1,44.44878922,26.14688545,1.399136618,0.023092546
55.5,2,7,8,58275,97,2020,1,0,44.4446007,25.9753484,1.963664615,0.953404803
56,2,2,6,58800,97,2020,1,0,44.4443403,25.9740824,2.002525274,0.970288337
67,2,4,6,117800,155,2025,0,0,44.51432267,26.01805249,1.367451543,0.146540217
50,2,1,7,86220,179,2023,1,0,44.3944949,26.1435137,1.694532581,0.332671808
50,2,3,7,103673,179,2023,1,0,44.3944949,26.1435137,1.694532581,0.332671808
53.46,2,6,10,119000,108,2024,1,0,44.5342147,26.0970223,6.127090655,0.468275206
76,4,6,11,218800,164,2025,0,0,44.4377662,26.1646988,0.454460643,0.198165099
59.33,2,8,11,98900,141,2025,1,0,44.408931,25.9823685,2.463833483,0.324780278
59,2,4,4,115000,141,2025,1,0,44.4108432,26.0079868,1.224807213,0.06779843
60.4,2,6,11,101900,141,2025,1,0,44.4087473,25.9822009,2.486932049,0.301429684
58.64,2,2,7,190971,152,2026,0,0,44.4994273,26.0556723,1.970369805,0.356837053
73,3,5,8,149800,174,1965,1,-1,44.4364306,26.1388841,0.439962165,0.156812095
56.25,2,1,18,177000,14,2026,1,0,44.486012,26.1045801,0.835179652,0.432568756
57,2,4,4,115000,141,2024,1,0,44.4109875,26.0089302,1.184473053,0.144429344
135,3,11,13,229500,131,2023,1,0,44.4121657,26.0801114,1.541016982,0.192718179
73.5,3,2,7,265000,118,2026,1,0,44.43469719,26.13531126,0.34910766,0.197120332
58.1,2,1,3,176000,118,2026,1,0,44.43519331,26.13843437,0.300928328,0.143981774
58.8,2,0,3,115500,135,2024,1,0,44.49579443,26.12593499,1.835283233,1.296233145
59,2,1,11,101900,141,2025,1,0,44.4081632,25.9831186,2.533031167,0.330711511
43,3,3,5,95800,108,2025,1,-1,44.53079971,26.16892653,6.946612023,4.985283135
130,3,-1,2,160000,75,2016,0,0,44.4724112,26.0470873,0.295711123,0.146950474
66,2,6,6,114700,155,2025,0,0,44.51432267,26.01805249,1.367451543,0.146540217
195,9,0,2,205000,110,1937,0,-1,44.44326491,26.13131672,0.2947195,0.115893416
49,2,5,6,82800,10,2025,1,0,44.37200664,26.12790192,1.031231109,0.089920506
55.33,2,2,18,175000,14,2026,1,0,44.486012,26.1045801,0.835179652,0.432568756
92,4,0,4,291300,155,2024,1,0,44.49658089,26.00495186,1.724280367,0.843541124
46,2,10,11,125200,164,2026,0,0,44.4377662,26.1646988,0.454460643,0.198165099
72,3,4,7,300000,130,2022,1,0,44.44068,26.2076701,1.206991318,0.722849643
60.4,2,8,11,101900,141,2025,1,0,44.4079179,25.9828706,2.563970122,0.302568059
55.31,2,5,18,174000,14,2026,1,0,44.4853203,26.1042017,0.752731492,0.401278114
42,2,8,8,135000,76,2021,0,-1,44.4435477,26.0541177,0.513144495,0.129518233
91.7,4,5,7,299000,53,2024,1,0,44.4592626,26.141932,1.753748838,0.311084707
54,2,3,6,97280,108,2023,1,-1,44.5330534,26.1722443,7.304937527,5.321106875
100,4,2,10,274250,164,2025,1,0,44.43776617,26.16469884,0.45445616,0.198162444
44,2,5,6,127000,135,2024,1,0,44.5366276,26.1719996,7.614247264,5.464692387
61.95,2,1,11,106900,141,2025,1,0,44.4082541,25.9825404,2.533579455,0.293416719
42,2,3,10,96000,108,2017,1,-1,44.5354976,26.0959058,6.273874753,0.304543467
42.88,2,4,10,96000,108,2024,1,-1,44.5354976,26.0959058,6.273874753,0.304543467
165,7,1,1,275000,29,2017,0,-1,44.4329482,26.1213743,1.287643171,0.015622227
46,2,7,11,120400,20,2025,1,0,44.43693477,26.1642483,0.444521352,0.101976542
40,1,3,3,95800,135,2024,1,0,44.49322612,26.12501372,1.545181696,1.035323865
33,1,0,5,60000,97,2023,0,-1,44.4437655,26.0219107,1.077898068,0.192072578
54,2,2,10,119000,108,2024,1,0,44.5354976,26.0959058,6.273874753,0.304543467
87,4,6,6,216200,155,2024,1,0,44.49344222,26.00252229,2.057856563,0.753403164
58,2,11,11,92900,71,2025,1,0,44.4081368,25.9826528,2.544182341,0.295639609
59,2,4,4,115000,141,2025,1,0,44.4106301,26.0068203,1.282778652,0.028152185
59.43,2,15,18,197000,14,2026,1,0,44.486012,26.1045801,0.835179652,0.432568756
73.8,2,4,4,296000,2,2021,1,0,44.42093123,26.0803314,1.537191192,0.265880614
83.73,2,4,7,138000,135,2023,1,0,44.49624291,26.12398569,1.825895048,1.247246897
51.85,2,1,7,133000,135,2026,1,0,44.5212046,26.1478613,5.14173653,3.076341092
53.4,2,7,7,141000,135,2026,1,0,44.5212046,26.1478613,5.14173653,3.076341092
54.95,2,1,7,140000,135,2026,1,0,44.5207291,26.1480589,5.103109551,3.080540134
53.79,2,1,7,138000,135,2026,1,0,44.5212046,26.1478613,5.14173653,3.076341092
53.79,2,2,7,140000,135,2026,1,0,44.5207291,26.1480589,5.103109551,3.080540134
53.89,2,3,7,140000,135,2026,1,0,44.5207291,26.1480589,5.103109551,3.080540134
52.56,2,4,7,137000,135,2026,1,0,44.5205919,26.1462587,5.021422278,2.937703443
76,3,7,7,138901,97,2023,1,0,44.43450755,25.98455041,0.631924887,0.145799321
37,1,5,5,68000,23,2025,1,0,44.3708454,26.1283152,1.122479691,0.067165499
53,2,2,6,96000,23,2025,1,0,44.36384416,26.15471286,1.043677599,0.544137693
38.7,1,2,6,69500,10,2025,1,0,44.36256819,26.15001056,0.867691847,0.172811031
52,2,2,10,119000,108,2024,1,0,44.5361452,26.0923803,6.367128187,0.23914928
52,2,0,7,150000,130,2024,1,0,44.4404514,26.2077296,1.211883691,0.701735442
90.81,3,9,18,273000,14,2026,1,0,44.486012,26.1045801,0.835179652,0.432568756
38,1,1,8,115000,76,2020,0,-1,44.4435535,26.0541962,0.507124205,0.132553163
245.87,4,7,8,525000,130,2024,1,0,44.4389829,26.2095255,1.366735178,0.646435198
245.87,4,7,8,551000,130,2026,1,0,44.4389829,26.2095255,1.366735178,0.646435198
111,4,6,8,451000,130,2026,1,0,44.44068,26.2076701,1.206991318,0.722849643
125,4,7,7,599000,130,2023,1,0,44.44068,26.2076701,1.206991318,0.722849643
358,5,5,6,1680000,28,2024,1,0,44.515852,26.075763,4.215877797,0.285509947
107,4,0,2,550000,55,2023,1,0,44.4563609,26.0968129,0.812372844,0.165115157
70,3,1,6,119000,23,2025,1,0,44.36923604,26.12651835,1.349288698,0.115844366
76.7,3,1,10,152000,108,2024,0,0,44.5361452,26.0923803,6.367128187,0.23914928
96.47,2,0,7,157600,135,2023,1,0,44.4920055,26.12429658,1.398207029,0.901620418
58.8,2,11,11,94900,141,2025,1,0,44.4077965,25.982131,2.590760573,0.242738554
37,1,0,7,64326,97,2022,0,0,44.436957,25.9878485,0.749855601,0.130286307
31,1,0,7,67355,97,2022,0,0,44.436957,25.9878485,0.749855601,0.130286307
55,2,2,5,90000,97,2023,1,0,44.4436722,26.021897,1.067487717,0.189815358
25,1,0,5,49980,120,2017,0,-1,44.4436579,26.0975933,0.236747132,0.048828648
44.35,2,2,7,116000,135,2026,0,0,44.5205919,26.1462587,5.021422278,2.937703443
37,1,5,5,68000,10,2025,1,0,44.3715116,26.128635,1.045716424,0.012466498
46.82,2,2,7,93750,135,2023,1,0,44.49105664,26.12400775,1.293490258,0.818067185
60.3,2,2,3,139900,135,2024,1,0,44.49735289,26.12564304,1.986693412,1.414271796
97.54,3,8,18,295000,14,2026,1,0,44.486012,26.1045801,0.835179652,0.432568756
53.83,2,4,7,112300,135,2023,1,0,44.49347591,26.12305618,1.511065859,0.952344483
310.35,5,5,6,799000,94,2012,1,0,44.43663732,26.12791687,0.631675832,0.121421422
50,2,9,9,189000,155,2023,1,0,44.4903602,26.0610816,1.82347732,0.099222511
84,3,3,5,127000,10,2025,1,0,44.37238764,26.12865158,0.962597705,0.109820362
71.16,3,13,18,225000,14,2026,1,0,44.486012,26.1045801,0.835179652,0.432568756
56.18,2,0,7,111000,135,2023,1,0,44.49645163,26.12356407,1.837608656,1.248870656
74,3,5,6,129800,155,2025,0,0,44.51432267,26.01805249,1.367451543,0.146540217
57.9,2,1,3,123700,135,2024,1,0,44.49244866,26.11978611,1.33195897,0.715549426
53,2,3,11,143500,164,2026,1,0,44.43776617,26.16469884,0.45445616,0.198162444
39,2,3,6,84700,108,2023,1,-1,44.5320744,26.170871,7.152459319,5.179788786
60,3,3,6,111320,108,2023,0,0,44.53079971,26.16892653,6.946612023,4.985283135
180,5,4,7,1240000,142,2012,0,0,44.46415842,26.0920615,0.496625747,0.30480173
77,3,6,9,199000,14,2025,0,-1,44.47995214,26.10162418,0.139165558,0.080440644
37,1,0,6,111400,155,2024,1,0,44.4969254,26.0036786,1.802025809,0.934174161
67.02,2,1,7,124900,135,2023,1,0,44.49702152,26.12338651,1.894129037,1.23427869
98,4,1,10,300000,152,2024,1,0,44.50605187,26.02734223,0.397755002,0.034955843
72,2,6,7,195000,27,2023,0,-1,44.4797108,26.0428764,0.358507493,0.063714289
39.4,1,0,10,78000,160,2026,1,0,44.411451,26.1897381,0.539394468,0.351329636
53,2,5,5,85500,171,2023,1,0,44.4437643,26.0218532,1.077585846,0.187534719
44.21,2,3,7,117000,135,2026,1,0,44.5205919,26.1462587,5.021422278,2.937703443
65,2,1,6,97500,10,2025,1,0,44.37433296,26.12799412,0.827915951,0.212437951
69.74,3,10,10,152000,108,2024,1,0,44.535542,26.0958999,6.278830083,0.299669321
61.2,2,2,7,117900,135,2023,1,0,44.49513719,26.12544591,1.752780502,1.215095411
57,2,0,5,100000,97,2023,1,0,44.44392024,26.02187199,1.094969296,0.192230283
121,4,0,3,320000,135,2009,0,0,44.53132671,26.15781283,6.509838283,4.195852267
88,3,5,8,379000,130,2026,1,0,44.44068,26.2076701,1.206991318,0.722849643
153,5,2,3,546400,135,2024,1,1,44.51542529,26.11901096,3.867679248,0.714857636
64,2,8,11,178000,92,2023,0,-1,44.4306322,26.0417633,0.773180788,0.307138681
89,3,1,4,111250,69,2026,0,0,44.4637878,26.1575678,3.069505654,0.17636739
108,3,3,6,430000,28,2024,1,0,44.515943,26.07572,4.21875465,0.282771514
135,3,1,6,439000,28,2024,1,0,44.515844,26.075795,4.217477553,0.283931826
79.8,3,6,6,234000,53,2024,1,0,44.4591998,26.1423254,1.774952653,0.315518674
54.82,2,1,7,145000,135,2026,1,0,44.5205922,26.1476895,5.075549379,3.048799973
54.68,2,2,7,141000,135,2026,1,0,44.5205919,26.1462587,5.021422278,2.937703443
77,3,1,4,184000,155,2024,1,0,44.4936779,26.0047575,1.893726235,0.617202739
34,1,2,8,109000,76,2021,0,-1,44.4435535,26.0541962,0.507124205,0.132553163
58.8,2,10,11,96900,59,2025,1,0,44.4078609,25.9826099,2.574821857,0.280928401
93.5,4,6,6,230000,53,2026,1,0,44.4593128,26.1421758,1.772664405,0.303569995
58,2,1,10,179100,152,2024,1,0,44.50605187,26.02734223,0.397755002,0.034955843
51,2,2,4,63750,44,2026,0,-1,44.4661825,26.1478141,2.608128693,0.064342586
68.3,2,2,5,155000,135,2023,1,0,44.4905405,26.119836,1.125168918,0.537880471
76.65,3,7,7,196000,135,2026,0,-1,44.5205919,26.1462587,5.021422278,2.937703443
82.93,3,3,7,215000,135,2026,0,-1,44.5205919,26.1462587,5.021422278,2.937703443
51,1,0,7,85000,130,2022,1,0,44.4403465,26.208034,1.236297649,0.702042667
45,2,3,7,89500,23,2025,1,0,44.36176856,26.15165701,1.017587555,0.224641979
56,2,7,10,189000,96,2021,1,0,44.41284648,26.12799412,0.102080383,0.076240234
56.23,2,0,18,190000,14,2026,1,0,44.486012,26.1045801,0.835179652,0.432568756
55,2,0,18,185000,14,2026,1,0,44.486012,26.1045801,0.835179652,0.432568756
55,2,11,18,184000,14,2026,1,0,44.486012,26.1045801,0.835179652,0.432568756
56,2,10,18,186000,14,2026,1,0,44.486012,26.1045801,0.835179652,0.432568756
76.11,3,3,7,194000,135,2026,1,-1,44.5205919,26.1462587,5.021422278,2.937703443
56,2,9,9,100000,163,1964,1,0,44.421133,26.1051661,0.709739776,0.114585097
108,4,3,3,165000,160,2020,0,-1,44.41290747,26.19475365,0.577102119,0.596990236
102,3,3,3,155000,160,2020,0,0,44.41290747,26.19475365,0.577102119,0.596990236
53,2,4,4,139600,155,2024,1,0,44.4936779,26.0047575,1.893726235,0.617202739
211,5,2,6,850000,28,2024,1,0,44.515943,26.07572,4.21875465,0.282771514
206,4,1,6,850000,28,2024,1,0,44.515921,26.075731,4.218096443,0.283358893
99,3,0,3,175000,160,2020,0,0,44.4126869,26.1958007,0.566480256,0.607278134
70,3,2,4,205841,135,2017,1,0,44.4933882,26.119806,1.434975555,0.81058692
53,2,0,6,155300,155,2024,1,0,44.49367791,26.00475745,1.893728948,0.617206568
57,2,4,8,86500,72,1965,0,-1,44.46010146,26.04694588,0.889863458,0.041808292
57,2,8,8,99900,144,2018,1,-1,44.4417367,25.9856874,1.307391557,0.263989355
56,2,0,4,89000,145,2017,0,0,44.3965201,26.0615876,2.892333613,0.143743698
36,1,0,8,72000,151,1989,0,-1,44.41361336,26.06412055,1.51076762,0.23912906
70,3,8,8,108900,49,1984,1,-1,44.4580641,26.0448731,0.728196802,0.257458038
43,2,8,9,65000,70,1968,1,-1,44.4450122,26.0780289,0.348456315,0.033856298
23,1,-1,7,43000,145,2017,1,0,44.40822298,26.06907044,2.198920697,0.225452795
74.8,4,4,4,93900,145,1983,0,3,44.408923,26.072483,1.951680642,0.270935081
47,2,6,10,185000,67,2018,1,-1,44.47056924,26.11002781,1.229939114,0.152029284
37.07,2,2,8,68900,97,2021,1,0,44.44493158,25.97422145,2.047044199,0.91573871
31,1,0,10,83000,92,2010,1,2,44.43850808,26.03816259,0.568112868,0.2877642
81.1,3,9,10,155000,97,2025,1,0,44.4314202,25.99771855,0.522089701,0.260342119
50.9,2,8,10,113000,97,2025,1,0,44.4314202,25.99771855,0.522089701,0.260342119
53.2,2,1,10,108000,97,2025,1,0,44.4315068,25.9974867,0.532320771,0.254041706
57.8,2,1,10,105000,97,2025,1,0,44.4315068,25.9974867,0.532320771,0.254041706
57.8,2,2,10,105000,97,2025,1,0,44.43154278,25.99807299,0.491145323,0.231857459
54,2,2,5,140000,80,2018,1,0,44.50901939,26.13697727,3.540143574,2.24447418
83,3,7,9,190000,135,2012,0,-1,44.52823496,26.14596042,5.776531256,3.200990135
85,3,4,5,149999,95,2018,1,0,44.37426164,26.12588542,0.958845407,0.328301116
31,1,0,4,62999,95,2020,0,0,44.4361414,26.102684,0.031770686,0.078691421
60,3,1,4,124988,25,1975,0,0,44.3844295,26.1088319,1.428842014,0.091361157
82,3,8,10,330000,47,2021,1,0,44.43066226,26.0595503,0.270096203,0.209011217
60,2,2,4,190000,186,2018,1,0,44.45133466,26.11901096,0.434578042,0.083906461
82,4,3,4,113000,25,1969,0,-1,44.37910392,26.11121008,1.773481237,0.195105636
54,2,4,8,85000,72,1976,0,-1,44.44533975,26.02584395,1.301869934,0.46642806
37,1,8,8,81500,169,1991,0,0,44.41926294,26.11901096,0.532056841,0.27315737
50,2,1,3,79086,23,2026,1,0,44.36189037,26.14835958,0.865971277,0.08800426
79,3,1,3,162000,169,1941,0,-1,44.4308297,26.1118995,0.915553766,0.038467077
60,3,4,4,130000,164,1970,0,2,44.42711,26.16427,0.264103866,0.173652154
76,3,2,3,122000,160,2025,1,0,44.4161107,26.19820683,0.986285421,0.688725722
55,2,4,4,110000,164,2015,0,-1,44.40484566,26.17675315,0.607749239,0.570257139
106,3,2,3,163000,160,2025,1,0,44.41437378,26.20110083,0.923560835,0.835335295
65,3,4,10,174000,25,1984,1,-1,44.39709754,26.1085636,0.186386908,0.121939742
56,2,7,10,99990,44,1977,0,2,44.46696,26.14066,2.304157213,0.100172513
60,3,2,7,155000,11,1961,1,-1,44.46347908,26.07396841,1.033738677,0.18179494
83,3,1,4,399000,78,2010,1,1,44.4794807,26.091622,0.686638796,0.094374389
59,2,1,2,125000,38,1900,0,1,44.43209374,26.10104466,0.439993841,0.208195026
61.57,3,1,4,113700,59,1977,1,0,44.42341543,26.01783834,0.416176964,0.298987093
268,6,4,4,950000,55,2007,1,0,44.45774689,26.10104466,0.665953154,0.275307804
46,2,10,10,135000,55,1974,0,0,44.4555746,26.0985978,0.646072709,0.200430074
82,4,2,10,204900,132,1981,0,2,44.45884,26.11262,0.867486473,0.053643766
42.34,2,10,10,68000,119,1975,0,0,44.38560803,26.10014114,1.623119621,0.154967423
63,1,7,11,171600,87,2026,1,1,44.4727425,26.1385507,1.950770045,0.259373547
88,2,4,4,125000,71,2022,1,2,44.40642932,26.00222998,1.864458965,0.453283471
50.74,2,0,3,210000,78,1986,0,1,44.47697936,26.0920615,0.694601144,0.290405778
42,1,1,7,53718,97,2026,1,0,44.44193661,25.9869955,1.305629802,0.324006937
97.11,3,2,11,288500,135,2025,1,0,44.477179,26.1179065,0.402741713,0.100371202
32,1,1,7,41238,97,2026,1,0,44.44144668,25.98720999,1.248954997,0.288829875
49,3,10,10,81000,145,1974,0,-1,44.40250945,26.05424699,2.51757669,0.272924522
55,2,7,7,104000,161,2020,1,0,44.4190359,25.98287425,1.386040839,0.356300388
48,2,7,7,95000,23,2018,1,0,44.36814412,26.14342142,0.088363938,0.047478913
51,2,4,8,79000,151,1984,0,-1,44.40744421,26.06512577,2.184419347,0.094551457
27,1,1,9,84999,163,1986,1,0,44.41110158,26.11466893,0.629155428,0.103849097
56,2,3,4,138000,183,1986,0,0,44.40881831,26.11944649,0.722206142,0.144777055
34,1,6,7,79500,56,1979,0,-1,44.4224954,26.1368313,0.242283214,0.254090337
52,2,5,7,110000,181,2019,1,0,44.38680085,26.13826101,0.834054024,0.087533903
58,2,2,7,124990,160,2018,1,-1,44.40801579,26.20510354,0.374338588,0.220986951
30,1,5,9,56000,164,1968,1,0,44.42003304,26.16452407,0.573334427,0.054853608
63.42,3,0,11,235000,49,2016,1,0,44.446413,26.044039,0.245628126,0.210350835
69,2,3,7,245000,37,1987,1,-1,44.395918,26.171538,1.62343053,0.191748552
112.86,3,4,6,261300,135,2026,0,0,44.51563019,26.13903964,4.273126076,2.302849124
173,4,4,7,1265000,142,2010,0,0,44.46534344,26.09212545,0.458868278,0.297947666
104,3,2,5,610000,67,2009,0,0,44.47301197,26.10474566,0.770639806,0.218332731
52,2,3,9,89990,5,1966,1,0,44.38977689,26.12218705,0.35249777,0.289876281
65,2,4,7,162000,135,2027,0,0,44.49909582,26.13195198,2.381009105,1.886852349
41,1,1,8,99999,25,1988,1,0,44.39359289,26.11002781,0.576341886,0.175676108
20,1,2,10,44000,23,1976,0,-1,44.40001146,26.10104466,0.625637144,0.20640411
23,1,5,10,54900,97,1976,0,0,44.43220882,26.01498832,0.546295749,0.214526548
62,2,0,3,173554,64,2025,0,3,44.4436435,26.1253725,0.683520648,0.260547417
64.7,3,10,10,85000,112,1970,1,0,44.41361982,26.18013387,0.52539226,0.43976806
44,2,4,10,72000,25,1976,1,0,44.38434541,26.10159181,1.706892809,0.03555627
53.25,2,10,10,120000,111,1982,1,0,44.39041559,26.11903302,0.382660289,0.221799841
63,3,2,7,174999,160,2023,1,0,44.40642932,26.19985934,0.479479177,0.134764886
200,6,0,5,850000,18,2016,1,-1,44.47657225,26.10649233,0.571815013,0.098909503
84,3,6,8,243000,169,1995,1,0,44.42100859,26.11286884,0.482621159,0.140432612
77,3,8,8,152000,179,1989,1,0,44.41558972,26.12633691,0.399773672,0.301195679
38,2,2,4,67000,23,1977,0,0,44.38161816,26.09910061,2.061693943,0.220746892
66,3,10,10,129500,0,1964,1,2,44.42567869,26.17290988,0.814872355,0.146386458
54,2,5,8,89000,44,1980,1,0,44.46172952,26.13551301,1.593472861,0.178957351
83,3,1,7,399000,78,2017,0,0,44.47697936,26.0920615,0.694601144,0.290405778
57,2,6,9,177000,110,2015,1,-1,44.44931436,26.12244129,0.14980869,0.237521613
85,3,5,5,107000,10,1979,0,0,44.38957425,26.12816522,0.598312812,0.185811176
57.69,2,5,7,90000,141,2019,1,1,44.40910483,25.99524325,1.974956969,0.043643173
60,2,6,10,89000,5,1978,0,-1,44.37875558,26.11876054,1.323356519,0.043716666
60,2,6,10,300000,18,2024,1,0,44.47621096,26.10959566,0.747392298,0.043760826
85,4,0,8,139900,10,1981,1,0,44.3861646,26.1357618,0.731721527,0.237033521
27,2,4,4,44500,130,1970,0,1,44.43850808,26.18189303,0.554510833,0.114227315
70.9,3,0,3,194000,29,2017,0,-1,44.43282969,26.11249772,0.842514726,0.039425099
32,1,3,7,66000,59,1965,1,-1,44.43520478,26.04515076,0.780290625,0.243261758
56,2,1,7,217000,76,2017,1,-1,44.43892464,26.06285568,0.46432033,0.324215194
50.6,2,0,12,174900,145,2023,1,0,44.41284648,26.08307835,1.400430853,0.16125108
58.23,3,7,7,123000,81,1962,1,0,44.43850808,26.13697727,0.409535327,0.092645022
48,2,1,10,93000,59,1969,0,0,44.42703691,26.03360853,0.555709814,0.020672674
106,4,9,11,320000,28,2021,1,0,44.48338877,26.06511205,1.805691234,0.110633115
76,3,3,3,315000,87,2015,1,0,44.47050358,26.1320921,1.669459577,0.525751272
42,1,2,4,76000,97,2011,0,-1,44.44186525,26.00968122,1.012070989,0.25990699
35,1,6,6,60500,25,2026,1,0,44.37433296,26.11002781,2.097310542,0.309801789
51,2,0,6,82000,25,2026,1,0,44.37433296,26.11002781,2.097310542,0.309801789
64,2,2,7,109000,95,2026,1,0,44.37433296,26.11002781,2.097310542,0.309801789
64.85,3,8,8,96500,23,1970,1,0,44.39128019,26.11523819,0.590663071,0.352980339
120,3,3,4,620000,138,2008,1,0,44.4501283,26.1042062,0.318953244,0.232575185
86.02,3,3,3,178500,28,2009,1,0,44.524938,26.05872,3.634761565,0.741766578
49,2,2,10,95000,160,1976,1,0,44.41281,26.16417,0.235995174,0.063918442
65,3,4,10,164000,163,1977,1,0,44.40672485,26.10381794,0.651158305,0.563188909
39.6,2,4,4,132000,67,1960,0,1,44.45774689,26.10104466,0.665953154,0.275307804
45,1,3,3,118000,135,2024,0,0,44.48338877,26.11002781,0.603780484,0.084986314
36,2,-1,2,88000,67,1962,0,0,44.465824,26.106391,1.451249618,0.061805289
50,2,5,10,89999,107,1968,0,0,44.42770791,26.16223355,0.301071446,0.149884925
73,3,1,7,275000,92,2020,1,-1,44.428383,26.031808,0.698573889,0.135052321
34,1,0,8,67000,130,1980,0,2,44.43209374,26.15494357,0.998526542,0.204590335
68,3,1,4,129000,23,1970,0,2,44.38075364,26.11901096,1.306598129,0.210107277
101,3,10,17,450000,60,2009,1,0,44.41709777,26.12954364,0.586884952,0.097292075
132,5,0,4,374000,109,2009,1,0,44.49679874,26.06535292,2.471579611,0.371546782
60.21,2,7,9,180600,2,2026,1,0,44.42018991,26.07724682,1.565168995,0.084039769
69,3,8,10,189999,165,1985,0,2,44.45245,26.08065,0.295515739,0.039970881
61.5,3,8,10,145000,110,1975,1,-1,44.45069643,26.12605886,0.175922419,0.047198341
95,3,4,5,228000,152,2012,0,0,44.50292842,26.05052712,1.75423278,0.070910213
48.33,2,1,9,97000,111,1965,0,0,44.3967912,26.1168693,0.607277485,0.15141242
65,2,2,4,219000,52,2025,1,0,44.4287013,26.12886883,0.86836728,0.177735238
30,1,5,10,69000,59,1972,0,-1,44.41926294,26.04714574,0.609383825,0.071316486
81.03,2,4,4,165000,155,2014,1,0,44.493997,26.062228,2.115451733,0.187683367
62.92,3,9,10,98900,5,1970,0,2,44.38075364,26.11901096,1.306598129,0.210107277
63,2,1,8,180000,124,1993,0,-1,44.42498526,26.12912123,0.908847417,0.165289847
47,2,4,4,170000,55,1960,0,0,44.45986693,26.0946126,0.951635708,0.048622014
74,3,2,3,125000,127,1945,0,0,44.44165869,26.12767115,0.438826488,0.167964576
38,1,0,3,85000,160,2022,0,1,44.41926551,26.19704189,1.302810968,0.422925461
65,2,2,6,106000,10,2025,1,0,44.37915497,26.12898534,0.509792609,0.117113781
76,3,2,8,245000,169,1991,1,0,44.42469216,26.12145271,1.097852088,0.107940889
56,2,7,9,129000,33,1965,1,0,44.41872708,26.10420742,0.442646486,0.224869553
44,2,0,11,101990,164,2019,0,-1,44.41190601,26.19730383,0.528429453,0.5416653
69,3,2,8,130000,95,2022,1,0,44.3704183,26.1150628,1.909285283,0.071386531
159.85,4,8,8,1350000,67,2021,1,0,44.46407182,26.10566096,1.255495654,0.15332217
42,2,4,4,114999,141,2025,1,1,44.4099771,26.00497543,1.413696806,0.154015276
71,3,0,5,198000,28,2019,0,2,44.53611,26.09332,6.356343552,0.255356474
28,1,10,10,69000,56,1969,1,2,44.42567869,26.13697727,0.535184375,0.033958669
72,3,10,10,145000,163,1976,1,0,44.4136038,26.108984,0.365970975,0.244662231
82.4,3,0,7,197760,135,2026,1,1,44.496787,26.145486,2.906335888,1.690388963
62.9,2,0,4,150960,135,2026,1,1,44.49620549,26.14596042,2.897099303,1.622754762
67,3,0,10,134999,59,1977,1,0,44.41984666,26.03740093,0.40460722,0.286253431
33,1,5,10,86000,56,1983,1,0,44.42335582,26.13766671,0.275542296,0.144993759
66,2,2,4,112500,23,2025,1,0,44.37066542,26.11279507,2.050461456,0.187615625
44,2,5,11,99900,164,2016,1,0,44.41284648,26.19985934,0.728950093,0.648273824
50,2,4,4,135000,162,1986,0,2,44.41235,26.11572,0.516727094,0.097686476
60,2,7,8,196800,169,2002,0,0,44.41673062,26.10754107,0.316249931,0.180547421
54.22,2,8,8,116000,96,1984,1,0,44.4149258,26.13303712,0.554365795,0.017953705
48.55,2,1,3,54545,69,2026,1,0,44.45706492,26.15892408,2.537220454,0.308229288
68,3,8,10,125000,110,1968,0,-1,44.45290089,26.13257344,0.747909835,0.297445283
50,2,3,4,121990,59,1978,0,0,44.421251,26.016037,0.196847065,0.100152141
72,3,10,10,145000,163,1976,1,-1,44.41244523,26.11130452,0.498933003,0.212012547
47,2,6,7,75000,70,1960,1,0,44.444487,26.075425,0.256692654,0.165872176
36,1,3,8,91900,25,1986,1,0,44.39953122,26.09928334,0.600221542,0.220037392
30,1,0,4,68000,25,1980,0,2,44.38717362,26.11901096,0.692935789,0.138928174
58.98,2,5,20,225000,18,2025,1,0,44.47811467,26.11610199,0.288716423,0.082561676
130,4,1,4,298000,77,1938,0,1,44.43850808,26.10104466,0.324589115,0.107254522
34,1,4,7,65000,59,1976,0,-1,44.42500945,26.02067362,0.457501079,0.271557988
63,3,10,10,141500,163,1976,1,0,44.40756366,26.10810185,0.845353572,0.387835181
65,3,3,8,136000,159,1983,1,-1,44.45774689,26.12799412,0.92198757,0.047057692
98,4,1,7,250000,61,2022,1,0,44.49246567,26.06742486,2.377718609,0.282637446
31.5,1,3,3,75000,27,2011,0,0,44.486632,26.02606,0.916567433,0.274214994
45,2,2,2,105000,15,1965,0,0,44.42544247,26.14653605,0.752620211,0.179753832
27,1,0,7,69900,169,1941,0,1,44.42471054,26.09935815,0.402336238,0.250314573
106,4,2,7,395000,67,2015,1,2,44.54104182,26.13697727,6.902750309,3.354488884
81.7,4,8,8,187000,163,1982,0,0,44.40642932,26.11901096,0.910158797,0.228271911
75,3,8,8,172900,118,1989,0,-1,44.43209374,26.13697727,0.123657221,0.043248178
72,3,4,8,259000,55,1978,0,-1,44.46119743,26.09594151,0.932164421,0.118919913
74,3,3,4,423000,13,2008,1,2,44.46415842,26.08307835,0.346463705,0.285140322
54,2,7,10,115000,107,1976,0,0,44.41364778,26.16102982,0.030527669,0.188122485
32,1,1,10,129000,110,2026,1,-1,44.44492172,26.12799412,0.600402824,0.097161033
81,4,2,4,134900,164,1970,0,0,44.42056662,26.17423589,1.042088406,0.294598846
90,3,1,3,399999,142,1962,0,0,44.46591563,26.09705349,0.841731731,0.159927271
65,3,9,11,167000,92,1978,0,-1,44.43513499,26.03534337,0.14801845,0.127685768
98,4,8,8,548900,169,2020,1,0,44.42567869,26.10104466,0.273391255,0.142179207
47,2,1,7,112000,33,1965,1,1,44.4547353,26.0950591,0.874795633,0.228974854
62,2,1,4,197056,174,2026,1,0,44.4315715,26.1394014,0.127527938,0.036891279
97,3,5,5,319900,28,2023,0,0,44.50575262,26.03596021,0.940665068,0.047155363
125,4,4,11,599000,67,2023,1,0,44.45133466,26.10104466,0.405548225,0.138843355
53,2,0,7,139500,59,1975,0,-1,44.41916152,26.02939422,0.448115869,0.209480781
32,1,8,10,62000,164,1978,0,0,44.43179584,26.17301667,0.500816572,0.403077089
89.9,3,2,3,125000,73,2025,0,0,44.37531691,26.09059729,2.989472359,0.088392235
74,3,3,8,265000,114,1994,1,0,44.42429142,26.12932953,0.860074466,0.22714748
61,3,3,10,109000,156,1978,0,-1,44.4090189,26.0797805,1.402456954,0.168817521
101,3,3,7,410000,78,2023,1,0,44.4792205,26.0893878,0.863002093,0.273688503
39,2,10,10,71500,23,1972,0,0,44.43239329,26.10220106,0.388486668,0.112161438
50,2,2,7,90000,137,1961,0,1,44.4275596,26.0544292,0.253173392,0.145171478
54.61,2,1,5,216000,168,2014,1,0,44.44820858,26.11102537,0.659428474,0.241899907
64,3,6,8,160000,56,1985,0,2,44.41284648,26.13697727,0.771826509,0.193933824
48,2,1,9,97000,111,1965,1,0,44.39692146,26.1137581,0.422412528,0.145371993
70.7,3,5,7,507000,67,2025,0,-1,44.43691321,26.10422832,0.164224618,0.112944768
69,3,6,10,95000,25,1974,1,0,44.37921274,26.1077129,1.917038131,0.269811891
69,3,6,10,95000,25,1974,1,0,44.38121176,26.11126062,1.572124949,0.099706862
117,4,1,7,359900,116,2008,1,0,44.45774689,26.10104466,0.665953154,0.275307804
49,2,2,4,96000,0,1969,0,2,44.41284648,26.17290988,0.35611333,0.164145471
58,3,5,8,119900,157,1976,1,0,44.40642932,26.16392673,0.814182608,0.121958324
27,1,1,7,88000,183,1986,0,-1,44.40394809,26.12356336,0.950554657,0.195144365
44.88,2,9,9,99900,59,1971,1,0,44.41990288,26.02838786,0.42083286,0.257479517
87,3,1,2,195000,12,1936,0,0,44.43850808,26.11901096,1.151395589,0.059317037
53,2,3,10,114000,158,1978,1,0,44.461264,26.117629,1.33450347,0.085933264
28,1,2,9,65000,10,1966,0,-1,44.37826768,26.12118204,1.137203993,0.168134825
64,2,0,8,159900,135,2017,1,0,44.48979748,26.12799412,1.356496287,0.871255738
78,3,3,7,245000,3,1998,0,-1,44.4249324,26.1209583,1.097587654,0.154381071
52,2,0,4,98500,23,2015,0,-1,44.370142,26.1415995,0.213371245,0.03310952
75,3,4,6,108000,23,2026,1,0,44.36148949,26.15494357,1.218969279,0.455132509
259.23,4,11,11,320500,160,2025,1,0,44.41109223,26.19664226,0.423830476,0.458284227
223.46,5,11,11,295500,160,2025,1,0,44.41099357,26.20209859,0.730692475,0.520626678
44,2,3,10,107500,83,1970,1,0,44.48606921,26.03948093,0.162653897,0.076342272
61.61,3,1,10,135000,56,1970,1,2,44.42375,26.14262,0.396400472,0.20992888
84,3,6,8,244000,169,1995,1,0,44.4212725,26.11522648,0.531223353,0.10202804
50,2,5,5,170000,114,2017,1,0,44.424174,26.127591,0.98320822,0.178053856
48,2,0,7,159500,67,1960,0,-1,44.46415842,26.10104466,1.178824619,0.201492583
54,2,1,3,137000,97,2017,0,1,44.43223543,26.00741198,0.391341305,0.167412468
69.1,3,0,10,245700,108,2024,0,-1,44.47833606,26.11553966,0.274962283,0.133122634
69.1,3,0,10,245700,67,2024,0,-1,44.47690554,26.11614004,0.421918185,0.130031909
69.1,3,0,10,245700,14,2024,0,-1,44.47751866,26.11854696,0.383517924,0.122449749
69.1,3,0,10,245700,18,2024,0,-1,44.47724908,26.11764171,0.39033785,0.081481093
69.1,3,0,10,256700,14,2024,0,-1,44.47721909,26.11785992,0.397503902,0.094581753
69.1,3,0,7,256700,18,2024,0,-1,44.47724908,26.11764171,0.39033785,0.081481093
38,2,7,7,77000,23,1974,0,0,44.38099341,26.10492275,1.916383345,0.405332356
50,2,1,10,87000,10,1984,1,-1,44.38637731,26.13799682,0.783030915,0.067196007
69.1,3,0,10,256700,108,2024,0,-1,44.47833606,26.11553966,0.274962283,0.133122634
69.1,3,1,10,220200,108,2024,0,-1,44.47833606,26.11553966,0.274962283,0.133122634
66,3,1,8,186999,49,1978,1,0,44.45524212,26.05078898,0.449949646,0.177525751
69.1,3,1,10,220200,18,2024,0,-1,44.47743291,26.11828581,0.384715622,0.106885676
69.1,3,1,10,220200,14,2024,0,-1,44.47761738,26.11876166,0.380734516,0.13611202
70.88,3,0,10,317700,67,2024,0,-1,44.47724444,26.11806424,0.399098188,0.10400214
70.88,3,0,7,317700,108,2024,0,-1,44.47833606,26.11553966,0.274962283,0.133122634
69,3,9,11,175000,160,2025,1,0,44.421217,26.2012479,1.60249386,0.618324262
70.88,3,0,10,317700,18,2024,0,-1,44.47732397,26.11807111,0.390791095,0.098810318
65.7,3,2,7,204000,67,2024,0,-1,44.47728226,26.11725987,0.381574252,0.066116385
55.8,2,5,6,111000,97,2018,0,-1,44.4383056,26.004222,0.481830071,0.205547197
67,3,8,8,128000,56,1985,0,-1,44.41531357,26.13906741,0.647982792,0.388615557
80,3,2,6,277000,162,2015,0,0,44.41713388,26.11889551,0.441784773,0.382460864
47,2,6,8,123500,81,1981,1,-1,44.44138038,26.13397099,0.084084321,0.054813007
35.8,2,0,8,85000,42,1960,0,-1,44.4386501,26.0920613,0.658438099,0.210339078
71,3,0,7,179000,174,1976,1,0,44.43703521,26.14038466,0.528921985,0.174571869
28.3,1,0,10,68000,179,1980,0,0,44.41328834,26.13705966,0.785338421,0.241583504
58,3,0,4,145000,164,1967,0,-1,44.41641698,26.15712473,0.466325326,0.299325536
88,3,4,5,220000,41,2018,0,-1,44.4430776,26.17088624,0.846544161,0.129619018
87.6,3,4,5,220000,20,2008,1,0,44.43725043,26.16422088,0.460013574,0.137041052
64,3,6,9,97000,130,1976,1,0,44.440899,26.1825084,0.770270163,0.109304685
50,2,3,4,93900,40,2025,1,2,44.48459,26.018,1.556198185,0.330257354
43,2,7,10,82000,92,1975,1,0,44.4350056,26.03656683,0.234711493,0.100220026
31,1,9,9,57990,59,1967,1,-1,44.41876883,26.03454556,0.376470028,0.099833589
72,3,10,10,145000,163,1976,1,0,44.41100543,26.10919178,0.550718582,0.073871674
49,2,5,10,70000,73,1976,1,0,44.39900409,26.08700421,0.95372434,0.122863572
106,2,2,2,120000,169,1941,0,0,44.42442789,26.10563509,0.553533308,0.189654935
42,1,7,8,109000,118,1991,1,0,44.43202999,26.13401834,0.354275439,0.228842004
62,3,6,10,110000,59,1972,1,0,44.41328696,26.03398709,0.937963811,0.163575394
51,2,0,12,172000,131,2023,0,-1,44.41169742,26.07958628,1.548253466,0.127839783
75,3,6,11,250000,76,2018,1,-1,44.442298,26.052142,0.545287167,0.260979576
62,3,2,4,135000,127,1940,0,0,44.440843,26.126066,0.559096916,0.228855932
57,2,2,5,123000,95,2018,0,2,44.36148949,26.12799412,1.49496019,0.185374126
58,2,2,8,170000,2,1988,1,0,44.42330475,26.07259645,1.058972554,0.072447739
44,2,5,7,155000,93,1960,1,-1,44.4354675,26.09717556,0.446670975,0.260471297
40,2,0,4,120000,67,1960,0,2,44.48338877,26.11901096,0.355281451,0.207144039
53,2,0,5,155000,135,2019,1,0,44.49166994,26.1131569,1.252213385,0.585586662
52,2,4,10,115500,23,1982,0,0,44.38834623,26.12647988,0.609974777,0.07509977
53,2,5,8,139000,42,1948,0,-1,44.43410717,26.08867253,0.167448258,0.054565732
63,2,4,8,125000,2,1989,0,-1,44.41786685,26.05812979,0.932273077,0.056753375
65,2,1,7,215000,135,2026,1,0,44.48979748,26.12799412,1.356496287,0.871255738
49,1,2,7,145000,135,2026,1,0,44.48979748,26.12799412,1.356496287,0.871255738
372,4,8,8,590000,135,2012,1,0,44.52823496,26.14596042,5.776531256,3.200990135
53.5,2,6,7,139900,164,2022,1,1,44.41720278,26.18881702,1.133240745,0.43535111
64,2,4,4,139900,59,2019,0,2,44.41284648,26.00222998,1.286593213,0.027405846
62,3,0,10,125000,5,1980,0,-1,44.38323982,26.11080999,1.413509189,0.172648994
67,3,6,8,250000,52,2009,0,0,44.42823515,26.13267317,0.657854381,0.013669845
67,2,6,8,204000,169,1996,1,0,44.42362305,26.1127944,0.773046433,0.186461009
74,3,5,8,209990,2,1988,1,-1,44.417988,26.063093,1.03463363,0.277273312
39,1,1,3,76955,92,2027,1,0,44.43178781,26.0115895,0.713172744,0.28007916
104,3,2,5,610000,67,2016,1,-1,44.47056924,26.11002781,1.229939114,0.152029284
110,3,2,5,399000,67,2008,1,-1,44.47056924,26.11002781,1.229939114,0.152029284
76,4,1,4,145000,164,1967,0,0,44.42203381,26.16808345,0.541949975,0.332207528
112,3,2,4,649999,142,2009,1,-1,44.47056924,26.0920615,0.664157562,0.404814491
40,2,9,10,44900,73,1973,1,-1,44.38600763,26.08176827,2.353861551,0.229990921
36,2,4,4,129000,14,1988,0,1,44.4825447,26.0990011,0.389382671,0.099656709
132,3,4,6,620000,78,2006,1,-1,44.47697936,26.08307835,1.234959731,0.606263606
104,5,4,7,350000,176,1991,1,-1,44.45133466,26.08307835,0.120163169,0.107082531
144,3,3,5,680000,67,2010,1,-1,44.47056924,26.11002781,1.229939114,0.152029284
53.3,2,0,7,209000,78,2022,1,-1,44.479147,26.090238,0.795525476,0.208513614
127,4,2,3,685000,13,2024,1,-1,44.45774689,26.08307835,0.650526174,0.094449119
125,4,1,3,685000,84,2024,1,-1,44.45774689,26.08307835,0.650526174,0.094449119
139,3,0,5,590000,185,2007,1,-1,44.47697936,26.08307835,1.234959731,0.606263606
60,3,0,4,144900,107,1977,0,1,44.40722846,26.15654894,0.797539206,0.552987457
87,4,6,8,170000,25,1982,1,0,44.38737344,26.10928201,1.205586913,0.027894164
94.7,3,0,4,167000,95,2011,1,2,44.36777,26.12102,1.740259727,0.117084159
46,2,10,10,84500,59,1973,1,-1,44.422639,26.025741,0.066839537,0.093390699
79,4,7,8,150000,158,1986,0,2,44.45774689,26.12799412,0.92198757,0.047057692
74,3,8,11,160000,160,2018,0,2,44.41221,26.19749,0.565188884,0.572859287
39,1,1,3,76955,97,2027,1,0,44.43181739,26.01158476,0.711672781,0.276880655
39,1,4,6,64000,10,2026,1,0,44.37741901,26.12966277,0.513890983,0.258603645
61,2,1,7,179000,3,2017,1,-1,44.43287232,26.12676863,0.927236285,0.098107218
68,3,8,8,139999,164,1983,1,0,44.40870168,26.15110188,0.975838827,0.218393942
50,2,10,10,170000,135,2025,1,0,44.48464896,26.11741631,0.445308073,0.268460768
60.3,2,1,3,118948,74,2027,1,0,44.43179912,26.01165385,0.717522776,0.278136623
49,2,3,4,75000,59,1974,0,0,44.41926294,26.02019628,0.082739932,0.185654838
80,3,1,7,249000,52,1995,0,-1,44.42760342,26.13215462,0.737222144,0.094178552
58,3,10,10,118000,59,1972,1,0,44.41991705,26.04105797,0.40309047,0.170678389
37,1,2,4,78000,59,2009,0,-1,44.41860866,26.01017475,0.387326244,0.100873284
50,2,4,7,119900,163,1961,1,-1,44.4178479,26.1043052,0.344579094,0.32284581
47,2,0,7,104000,77,1940,0,1,44.44492172,26.11002781,0.937997779,0.118208359
50,2,4,8,120000,111,1984,1,1,44.40001146,26.10104466,0.625637144,0.20640411
35,1,6,6,60500,23,2026,1,0,44.36791158,26.11901096,1.837699852,0.08863321
43,1,2,6,77000,25,2026,1,0,44.38075364,26.11002781,1.669890523,0.035069213
70,3,3,6,112500,10,2026,1,0,44.36791158,26.11901096,1.837699852,0.08863321
64.39,3,5,10,134900,10,1988,0,-1,44.3805308,26.1322354,0.270262512,0.11249019
61,2,5,6,209330,67,2022,1,0,44.46965748,26.11076234,1.311422872,0.09609266
72.3,3,2,8,260000,169,1991,1,0,44.421328,26.12364239,0.965652842,0.184834059
42,2,4,10,65000,23,1973,0,0,44.39060902,26.11796737,0.431133908,0.253795624
42.64,2,1,10,88900,130,1973,1,2,44.4399755,26.1800322,0.773171651,0.122032436
51.47,3,3,8,125000,105,1961,1,2,44.42567869,26.0920615,0.759577732,0.163838289
76.7,4,9,9,115000,158,1978,1,0,44.46495193,26.12927607,1.71976045,0.069699429
55,2,2,10,225000,60,2025,1,0,44.420936,26.132648,0.522422312,0.33663393
39.5,2,8,8,135000,76,2021,1,-1,44.44492172,26.05612889,0.422163758,0.138377435
50.5,2,5,5,98900,23,2022,1,0,44.36762853,26.15469917,0.88851822,0.847407248
55,2,7,7,88500,10,2025,1,0,44.36522357,26.11343819,2.36452594,0.166580199
41.1,1,1,5,74800,141,2010,0,0,44.407865,25.998774,1.884156793,0.202790433
38.74,2,4,11,83000,181,2012,0,-1,44.398656,26.1436097,1.808445655,0.081806877
57.1,2,6,12,108500,69,2025,1,-1,44.45300985,26.16186938,2.035642271,0.211231884
75,3,3,4,280000,28,2020,1,-1,44.5118882,26.07217287,3.738367233,0.664117242
50,2,3,4,95000,95,2019,1,0,44.36692211,26.11523151,2.13225181,0.147898471
84,3,6,8,247000,169,1995,1,0,44.42196676,26.11519642,0.6051877,0.165287215
91.95,3,5,7,360000,81,2019,1,0,44.43850808,26.12799412,0.487932073,0.086694429
47,2,8,9,91990,128,2017,1,0,44.48338877,26.05612889,1.216169068,0.102513992
86,3,1,8,239900,52,2010,1,0,44.42567869,26.12799412,1.024430948,0.052062934
47.77,3,5,6,104900,145,2014,0,0,44.38728627,26.05714214,3.647955774,0.161459698
77,3,8,10,254900,135,2024,1,0,44.48979748,26.11901096,1.030869217,0.432487256
61,2,6,8,126000,151,1986,0,-1,44.41502263,26.06918335,1.576194739,0.123059788
73,3,11,11,227000,126,1979,0,0,44.45133466,26.08307835,0.120163169,0.107082531
49,2,7,10,116000,87,1978,1,0,44.45774689,26.11901096,0.959140324,0.434274836
33.1,1,2,11,134998,92,2024,1,0,44.42974191,26.04134801,0.702854032,0.202876114
59,2,6,10,105000,56,1978,1,0,44.42187339,26.13714518,0.183850703,0.227877527
38.2,1,6,10,115000,135,2022,1,-1,44.49341352,26.12265446,1.494035544,0.927521386
61.8,3,3,8,119000,0,1975,1,-1,44.410639,26.168219,0.581078565,0.157352722
61.8,3,3,8,119000,107,1975,1,-1,44.410551,26.168136,0.586993183,0.166337852
61,3,5,7,115000,165,1962,0,-1,44.45133466,26.0740952,0.499907944,0.154316851
80,3,0,3,194000,29,1942,0,-1,44.43353849,26.11599429,1.081027832,0.038573445
68,3,3,4,420000,13,2002,1,0,44.4675127,26.08239652,0.35625663,0.287394473
54,2,3,7,110000,41,1981,0,0,44.43944108,26.15697553,1.08459238,0.095168505
182,4,3,3,240000,141,2026,1,0,44.40498267,26.00411126,1.942817485,0.612897074
90,3,10,12,395000,54,2021,0,0,44.47056924,26.05612889,0.465898593,0.204131462
41,2,1,10,139000,176,1976,0,0,44.45133466,26.08307835,0.120163169,0.107082531
100,3,3,11,350000,126,1995,1,-1,44.45133466,26.08307835,0.120163169,0.107082531
90,3,1,2,235000,84,1938,0,-1,44.45774689,26.0740952,0.986440503,0.249987558
55,2,1,5,209990,78,2021,1,-1,44.47697936,26.0920615,0.694601144,0.290405778
114,4,5,7,475000,187,2012,0,0,44.43850808,26.0740952,0.408402181,0.223693267
37,2,1,1,65000,19,2017,0,1,44.45133466,26.06511205,0.280295529,0.15422912
170,5,5,5,790000,77,1997,0,0,44.44492172,26.10104466,0.291307268,0.124877523
104,5,4,10,400000,176,1992,0,0,44.45133466,26.08307835,0.120163169,0.107082531
92,3,5,5,360000,94,2019,0,0,44.43850808,26.12799412,0.487932073,0.086694429
58,3,4,10,185000,11,1977,0,0,44.46415842,26.0740952,1.004901678,0.252404247
60,3,7,8,120000,53,1976,0,-1,44.46557662,26.12976661,1.796617066,0.135562191
29.21,1,9,10,65000,164,1976,1,0,44.42681938,26.16483112,0.262568319,0.173150192
76,3,3,8,165000,25,1987,1,0,44.39270433,26.11131306,0.693249798,0.138928647
38,1,14,16,72000,53,2010,0,-1,44.46328536,26.14273165,2.09462259,0.099724327
59,2,2,7,120000,6,1935,1,0,44.444102,26.096783,0.197783103,0.101371208
74.5,3,11,11,199000,92,2021,1,-1,44.43078536,26.02413519,0.427921792,0.374437387
63,3,5,6,100000,145,2014,1,0,44.38717362,26.05612889,3.723224276,0.242781995
70,3,3,10,135000,59,1983,0,-1,44.41868596,26.04272068,0.531379589,0.060181089
47,2,2,6,89000,145,2013,1,0,44.38717362,26.05612889,3.723224276,0.242781995
53.13,2,8,12,350000,76,2014,1,-1,44.44641018,26.05986973,0.410879216,0.0429411
47,2,0,10,117500,81,1977,1,-1,44.44193198,26.13702051,0.329579209,0.121962288
37,2,2,3,59000,4,2012,0,2,44.38708,26.00894,3.419924905,1.476186227
70,3,4,4,93990,0,1970,0,-1,44.4215531,26.17483248,1.038487352,0.262132524
65,2,3,4,121900,10,2022,1,0,44.37433296,26.13697727,0.598333594,0.160041621
64,3,4,4,135000,137,1978,0,-1,44.43561986,26.0445122,0.834883343,0.224293317
66,3,8,8,149900,2,1986,1,2,44.42567869,26.06511205,0.481888908,0.067382106
44.6,2,3,10,179500,135,2023,1,2,44.48979748,26.11901096,1.030869217,0.432487256
50,2,4,8,124500,50,1974,0,-1,44.41770686,26.15764304,0.551694286,0.446158589
81,4,1,10,265000,164,2010,1,-1,44.41926294,26.17290988,1.024495732,0.230739316
37,1,0,7,99900,29,2015,0,0,44.43279,26.113617,0.926256656,0.013366995
54,2,8,8,95900,49,1984,1,0,44.45774689,26.04714574,0.658517525,0.301817309
73,3,7,7,142900,97,1979,1,0,44.43209374,26.02917943,0.448386739,0.249514537
50,2,2,7,137490,178,2018,1,0,44.44492172,26.02917943,1.210786345,0.568003199
55,2,8,9,124990,59,1969,1,0,44.42567869,26.04714574,0.199837274,0.177702933
33,1,9,9,69900,59,1965,1,0,44.41926294,26.03816259,0.492249373,0.314795981
45,2,0,10,104900,72,1977,0,0,44.45774689,26.05612889,0.408709767,0.245476523
60,2,0,4,138990,74,1986,0,0,44.43850808,26.02019628,0.500828354,0.257213513
51,2,4,9,137900,74,1968,1,0,44.43209374,26.02019628,0.23910631,0.13562078
57,2,7,10,134900,74,1980,1,0,44.43209374,26.02019628,0.23910631,0.13562078
50,2,1,10,121900,59,1974,1,0,44.41926294,26.04714574,0.609383825,0.071316486
63.01,3,4,9,138900,74,1976,1,0,44.43209374,26.02019628,0.23910631,0.13562078
39.27,1,4,7,149900,74,2018,1,0,44.42567869,26.02019628,0.526273776,0.215747821
74,3,0,4,148900,92,1991,0,0,44.43850808,26.02917943,0.570002502,0.054726088
89,4,0,8,159900,92,1980,1,0,44.43209374,26.02917943,0.448386739,0.249514537
76,3,0,1,188900,74,2008,0,0,44.43850808,26.02019628,0.500828354,0.257213513
71,3,10,10,157900,74,1980,1,0,44.43209374,26.02019628,0.23910631,0.13562078
83,3,6,8,248000,106,1995,1,-1,44.42124908,26.11434793,0.513643007,0.15960122
60.9,2,2,3,170000,135,2024,0,-1,44.4875121,26.1147023,0.77445122,0.117201051
68,3,1,4,156000,164,1969,0,-1,44.42074391,26.17476487,1.070332471,0.29319666
63,2,1,7,184990,152,2017,1,-1,44.5090869,26.03188412,0.88304467,0.499515013
52,2,0,7,210000,14,1986,0,-1,44.48296642,26.09998511,0.423725628,0.138960333
88.22,3,5,10,200000,170,1949,1,0,44.438034,26.102686,0.241505272,0.188657769
47,2,8,8,179000,93,1960,1,0,44.44039144,26.10045882,0.536040042,0.115780193
30,1,1,4,59000,154,2012,0,-1,44.38554331,26.16263185,2.265285619,0.975922003
38,2,7,10,76000,73,1975,1,-1,44.37799473,26.09949152,2.42859597,0.050341721
50.74,2,0,7,210000,78,1986,0,-1,44.48007974,26.09478654,0.446491914,0.168139401
61.3,2,1,4,155000,49,2025,0,1,44.454853,26.0465,0.348894959,0.241165766
83.9,2,0,4,255000,49,2025,0,1,44.454853,26.0465,0.348894959,0.241165766
37,1,7,10,144999,135,2023,0,-1,44.48928494,26.11814259,0.963908802,0.34582882
58,2,1,8,187000,114,1994,0,0,44.42645039,26.12942374,0.976672821,0.051217581
65,2,8,8,174800,52,1997,1,0,44.43007574,26.13551761,0.354278598,0.211204694
99,4,1,8,299800,106,1990,1,0,44.42151761,26.12032125,0.770624546,0.27436556
50,2,1,5,115000,151,2012,0,0,44.4135972,26.07064259,1.772474641,0.186323636
80,3,3,8,265000,114,1994,1,0,44.42379116,26.13029164,0.767888724,0.320609596
84,3,6,8,247000,154,1995,0,-1,44.41926294,26.11002781,0.390787329,0.100774543
76,3,3,8,165000,25,1987,1,-1,44.3935133,26.1088683,0.580545968,0.183724498
87,3,3,12,570000,78,2017,0,2,44.47697936,26.0920615,0.694601144,0.290405778
45,2,5,8,119000,148,1960,0,-1,44.44513038,26.09544809,0.184390238,0.174036466
50.06,2,4,4,155000,14,1985,0,0,44.43733528,26.10895461,0.517303855,0.104773166
77,3,3,3,169000,160,2019,1,1,44.40925472,26.17983192,0.360098033,0.133557921
141,3,3,3,379999,158,2023,0,0,44.47092048,26.12830703,1.427398247,0.295829081
74,3,5,8,125000,151,1986,1,0,44.41284648,26.06511205,1.619841845,0.348248772
49,2,5,8,119900,0,1970,0,0,44.41438431,26.17458972,0.466734807,0.07360192
72,3,4,8,227000,162,1992,1,2,44.41926294,26.11901096,0.532056841,0.27315737
71.14,3,10,11,299000,180,2017,1,0,44.41091683,26.12117454,0.504679987,0.122850749
74,3,7,7,119000,130,1975,0,-1,44.44160315,26.17841095,0.978607601,0.206697758
60,3,0,4,160000,27,1964,0,-1,44.48179555,26.04693049,0.491172229,0.141575891
80,3,0,5,245000,135,2019,1,0,44.51207642,26.14232986,4.042373817,2.585698043
102,3,0,4,339900,78,1991,0,2,44.48979748,26.08307835,1.804933036,0.118386437
80,3,4,7,163000,107,2024,1,-1,44.40460701,26.16396197,1.012239312,0.122573619
38,1,4,7,93000,169,1990,1,-1,44.4215737,26.11693915,0.613299681,0.118603919
80,4,7,12,164000,130,1976,1,0,44.43850808,26.15494357,1.201457079,0.271784692
37,2,0,10,129000,55,1974,1,1,44.4553349,26.0983637,0.65035389,0.203396881
38.11,2,1,4,68800,119,1976,0,0,44.3867221,26.10202515,1.448436978,0.231494719
66,3,3,7,199000,101,2026,1,0,44.4520315,26.12094339,0.343777297,0.129525496
60,3,0,2,115000,127,1940,0,1,44.43882442,26.12031781,1.042323855,0.050689108
180,5,4,5,1180000,142,2012,0,-1,44.46719684,26.09211475,0.464641687,0.396362589
48,2,1,9,97000,23,1965,0,0,44.39736013,26.11202895,0.279307933,0.183067454
40,2,8,9,159000,170,1959,1,0,44.44080121,26.10144508,0.559148872,0.195295369
21,1,4,5,67000,12,1945,0,-1,44.43879371,26.11144659,0.761783323,0.229454505
66.75,3,8,8,111000,10,1983,1,0,44.3836282,26.13394781,0.463052488,0.193426595
34,1,4,10,75950,56,1975,0,-1,44.41894611,26.14022958,0.256787959,0.0368604
45.93,2,10,10,84500,59,1973,1,-1,44.42603253,26.02558644,0.312106893,0.110403606
52.43,2,7,10,124999,92,1978,0,-1,44.43209374,26.02917943,0.448386739,0.249514537
50,2,7,10,106999,59,1974,0,-1,44.41926294,26.03816259,0.492249373,0.314795981
74,3,2,10,145000,10,1985,1,2,44.38125,26.1335,0.237024512,0.119302754
50,2,1,10,97999,59,1971,0,-1,44.41284648,26.02917943,0.621653612,0.128874746
75,3,4,4,215000,14,1987,0,2,44.48407,26.09517,0.679223953,0.127482229
77,4,3,8,300000,148,1981,1,2,44.44811,26.09956,0.302326529,0.095194806
50,2,6,8,177990,36,1976,1,2,44.45443,26.09775,0.659783495,0.129692139
51,2,3,7,152000,101,1983,1,2,44.44001,26.11616,1.158498384,0.091484472
52,2,7,7,125000,1,1963,1,1,44.46733,26.06355,0.813239052,0.148020765
22.65,1,2,2,66000,54,1950,0,2,44.46936,26.06042,0.825154358,0.092902241
34.26,1,6,10,83000,164,1978,1,0,44.42261843,26.15836904,0.434808146,0.184555705
23,1,8,10,54999,158,1974,1,1,44.46381,26.12726,1.56337717,0.087025365
102,3,5,7,224900,135,2009,0,0,44.514495,26.11789515,3.760956635,0.629783543
52.1,2,9,9,185000,28,2022,0,0,44.5321872,26.1014327,5.852277957,0.842049741
68,3,5,5,172000,28,2017,0,0,44.53780126,26.09971201,6.491241927,0.387094504
38,2,8,10,133900,165,1974,1,2,44.45108,26.08129,0.259043397,0.134998357
27.2,1,8,8,98500,165,1979,1,2,44.45133466,26.08307835,0.120163169,0.107082531
37.2,1,3,10,79000,158,1985,1,2,44.45774689,26.11901096,0.959140324,0.434274836
45,2,3,3,128990,67,1959,0,1,44.46277,26.10641,1.112017344,0.197988002
103,3,11,12,330000,92,2018,0,-1,44.42820067,26.03163706,0.697913262,0.111024106
49,2,10,10,107000,158,1970,0,2,44.45774689,26.12799412,0.92198757,0.047057692
51,2,10,11,165000,92,2025,1,0,44.431235,26.034293,0.368399856,0.352586232
73,3,4,5,289000,135,2020,1,0,44.492128,26.118021,1.277310657,0.62943195
104,4,2,3,395000,80,2022,1,0,44.515971,26.130767,4.080857906,1.648861815
120,4,3,3,140000,69,2013,0,0,44.462798,26.16096226,3.106708047,0.175184188
55.38,2,0,3,80991,69,2026,1,0,44.46538711,26.16290006,3.360915712,0.148572872
67,2,4,7,179500,135,2024,1,0,44.493415,26.127187,1.644908815,1.178047593
51,2,3,8,110000,41,1981,1,0,44.44020564,26.1566833,1.141990926,0.152349091
77,3,2,10,115500,97,2026,1,0,44.4397044,25.9789753,1.357821333,0.473292636
51.13,2,1,5,73550,160,2025,1,0,44.41876826,26.20013133,1.316514381,0.673887787
51.63,2,8,9,149990,135,2009,1,0,44.48066593,26.11332601,0.261895487,0.176169841
50,2,1,10,85000,111,1984,0,2,44.38625,26.13829,0.776038949,0.04000728
105,3,1,6,802169,67,2026,1,1,44.46800588,26.10486445,1.292965726,0.231501995
54,2,1,6,120000,95,2025,1,2,44.36791158,26.11901096,1.837699852,0.08863321
60,3,7,10,120000,158,1976,0,-1,44.46300998,26.13102796,1.55433841,0.063300111
61.26,3,0,4,124900,27,1960,0,-1,44.478766,26.043606,0.478397338,0.16967788
34,1,7,10,85000,110,1978,0,-1,44.4460787,26.12690617,0.481984361,0.011953532
82,4,1,2,290000,52,1938,0,-1,44.42868781,26.12592128,1.079643856,0.344129859
49,2,5,8,129000,91,1981,1,0,44.45090119,26.11905119,0.416589066,0.130286702
46,1,1,7,145000,2,2018,0,-1,44.42213101,26.07930066,1.460721073,0.345286727
53,2,0,2,113000,111,2026,0,0,44.37092838,26.17063252,2.154931625,2.034718824
31,1,9,9,59900,164,1970,0,-1,44.43503048,26.168634,0.087774275,0.104587327
67,3,3,4,105000,5,1968,0,0,44.37816106,26.11667324,1.494464162,0.153843226
48,2,5,7,91990,1,1962,0,0,44.4703519,26.04657312,0.305904398,0.332491483
90,3,5,5,250000,62,2012,0,-1,44.44578788,26.11892504,0.618217505,0.215274284
42,2,5,7,119999,168,1962,0,-1,44.43481051,26.10645295,0.314672795,0.124539748
28,1,0,2,99000,42,1940,0,-1,44.43307556,26.08493497,0.40015967,0.032759982
104,3,2,4,609899,67,2021,0,-1,44.47143531,26.10977876,1.143584415,0.246378066
45,2,5,8,154999,93,1960,0,-1,44.44189749,26.09198123,0.620217871,0.222166104
75,3,3,7,260000,120,2001,0,-1,44.45012856,26.11128716,0.530293542,0.304763642
75,3,7,7,345000,54,2020,0,-1,44.46459321,26.06221155,0.504721438,0.350329988
54,3,7,8,195000,42,1959,0,-1,44.43723605,26.09239559,0.517123082,0.22446007
30,1,9,9,58000,59,1970,0,-1,44.4196447,26.0385657,0.49337428,0.298858221
44,2,10,11,105000,160,2016,0,-1,44.41197778,26.19895556,0.608706384,0.54342544
38,2,5,7,134000,6,1965,1,0,44.44492172,26.0920615,0.448599763,0.093091651
102,4,1,4,260000,152,2025,0,-1,44.50593056,26.03119613,0.606895241,0.334650009
49,2,2,4,99700,59,1967,0,-1,44.42620282,26.05318666,0.302740186,0.088300052
82,3,2,2,84500,145,2017,0,-1,44.39114996,26.06026596,3.220029831,0.024833317
48.5,2,11,11,133000,160,2023,1,0,44.410273,26.200749,0.598106188,0.396886529
50,2,2,9,135000,36,1959,1,0,44.43988078,26.09987283,0.502639462,0.073601038
64,3,3,4,123500,0,1978,0,0,44.40870271,26.17148349,0.362809119,0.281929479
52,2,5,10,105000,164,1975,0,-1,44.41417647,26.17947512,0.539196852,0.459111475
51.4,2,4,5,91360,0,2024,1,0,44.40364625,26.17063823,0.829069402,0.635064606
51,2,2,3,117000,160,2018,1,0,44.411608,26.203335,0.778460684,0.633553618
77,4,4,4,147900,59,1970,0,-1,44.41407391,26.01940155,0.362617564,0.257631195
75,3,7,7,169900,173,2015,1,0,44.41828771,26.01357261,0.314047158,0.185053572
72,3,6,7,198500,163,1987,0,0,44.41284648,26.11002781,0.475782893,0.232017083
47,2,6,7,116900,1,1964,1,0,44.470297,26.055158,0.394885902,0.249937764
33,1,3,3,93000,18,2017,0,-1,44.47899308,26.10574914,0.435502728,0.214135495
55,2,0,6,89000,25,2026,1,0,44.37433296,26.11002781,2.097310542,0.309801789
84,3,5,6,134000,23,2026,1,0,44.36791158,26.11901096,1.837699852,0.08863321
60,2,3,6,96500,10,2026,1,0,44.36791158,26.11901096,1.837699852,0.08863321
67,2,5,6,200000,67,2024,0,-1,44.46976441,26.11215327,1.265024355,0.202501825
44,2,9,10,119900,64,1968,1,2,44.4445675,26.127629,0.592921118,0.08818194
48.5,2,11,11,133000,160,2023,1,1,44.410491,26.200087,0.565039548,0.398433356
100,3,0,3,330000,27,2015,0,1,44.48973303,26.05243285,1.215231118,0.138707995
107,3,8,16,330000,14,2017,0,-1,44.47825155,26.11609481,0.273751862,0.089379954
43,2,0,3,109000,0,2022,0,-1,44.40320607,26.17599479,0.782962071,0.76165192
40,1,0,9,79900,74,1966,1,0,44.43589336,26.01976201,0.237811518,0.205503378
34.26,1,6,10,83000,164,1978,1,0,44.42170946,26.16151669,0.379724687,0.269200262
75.87,4,7,10,136500,25,1982,1,0,44.383594,26.102224,1.769323634,0.129714721
27,1,4,4,69000,49,1984,0,0,44.45133466,26.04714574,0.072368871,0.033254456
75,3,6,8,242900,106,1995,1,0,44.41926294,26.11002781,0.390787329,0.100774543
24,1,6,8,55000,66,1983,1,0,44.41323866,26.14773842,1.083175096,0.234400151
53,2,3,4,109000,20,1969,0,-1,44.43456552,26.15811773,0.909283555,0.164398529
64.6,3,0,4,105000,59,1972,0,0,44.4129981,26.01779586,0.537310907,0.103869057
57,3,8,8,95000,41,1977,1,0,44.43835766,26.16034574,0.791174197,0.149096772
63,2,6,11,101500,130,1978,0,-1,44.44057113,26.18237788,0.739913,0.099011184
145,3,2,6,432000,52,2020,1,1,44.43084355,26.12753749,0.884300853,0.194539685
62,3,9,10,134900,59,1971,0,-1,44.42794964,26.04229689,0.500402558,0.130120581
74,2,3,16,228000,14,2010,1,1,44.47697936,26.11901096,0.453284132,0.181937888
70,3,0,8,150000,167,1982,1,-1,44.46070983,26.07068539,1.003125503,0.223624428
56,2,9,10,115000,46,1984,1,0,44.4432258,26.16437062,0.947350659,0.077878176
85,3,2,10,126500,160,2025,0,0,44.41309636,26.19700786,0.638796418,0.67609491
122,3,3,3,198000,23,2017,0,-1,44.36796391,26.11888304,1.840816477,0.099628953
42,2,3,10,76230,97,2026,1,0,44.44117515,25.97519875,1.681074122,0.629207652
67,2,10,11,229000,137,2018,0,-1,44.43492524,26.04530803,0.766478783,0.244514832
44,2,2,7,144900,54,1950,0,-1,44.46622297,26.05748909,0.565468118,0.272880406
44,1,1,5,200000,78,2021,0,-1,44.48140451,26.08975445,0.870388376,0.319210116
70,3,1,10,290400,67,2018,1,0,44.47004741,26.11102666,1.263450955,0.138737885
69,3,0,7,297660,67,2020,1,0,44.47021311,26.11132614,1.237946321,0.168754859
51,2,7,7,119000,54,1967,0,-1,44.46927979,26.05576261,0.476711419,0.175481009
69,3,1,7,249900,153,2023,1,0,44.44944468,26.05746673,0.782903431,0.196518153
46,2,2,8,144900,25,1964,1,0,44.39359289,26.11901096,0.27081899,0.108529217
79.9,3,0,4,181999,179,1989,1,0,44.41699977,26.12422251,0.601516289,0.362023606
52,2,3,10,90000,5,1966,0,-1,44.38866596,26.12007567,0.50759426,0.094231193
45,2,1,13,75000,181,2007,0,0,44.40009169,26.14297713,1.821758701,0.057088301
51,2,7,10,160000,96,2020,0,2,44.41284648,26.12799412,0.102080383,0.076240234
65,2,1,3,265000,47,1970,0,-1,44.4329477,26.07508612,0.232965198,0.190869006
47.11,2,1,8,85000,111,1984,0,-1,44.39359289,26.11901096,0.27081899,0.108529217
74,3,5,8,124900,145,1986,1,0,44.41284648,26.06511205,1.619841845,0.348248772
54.28,2,5,8,88000,95,2025,1,2,44.36791158,26.11901096,1.837699852,0.08863321
59.39,3,2,8,92000,53,1974,1,0,44.4631556,26.1347982,1.697353087,0.145790261
57.6,2,0,4,160000,135,2022,0,0,44.50901939,26.13697727,3.540143574,2.24447418
31,1,8,10,52000,110,1970,0,0,44.45556376,26.12960815,0.763017728,0.069245223
60,3,1,4,130000,72,2017,0,-1,44.46320794,26.04090363,1.148156321,0.070245475
75,3,5,8,128900,2,1988,1,-1,44.41538914,26.06804975,1.489465259,0.194413416
60,2,9,9,185000,28,2023,1,0,44.52823496,26.10104466,5.429909873,1.204970701
47.23,2,1,11,193000,14,2025,1,-1,44.48170205,26.10924214,0.596716945,0.175736099
72,3,9,9,94900,73,1975,1,0,44.39113979,26.08624734,1.682338945,0.03754735
77,3,7,9,165000,2,2014,1,0,44.41284648,26.06511205,1.619841845,0.348248772
60,3,8,8,155000,50,1968,1,0,44.43658299,26.1009058,0.168555189,0.072223202
39,1,8,8,65000,70,1970,0,-1,44.44438998,26.087308,0.830179777,0.130849918
68.45,3,5,25,359000,67,2024,1,-1,44.47697936,26.10104466,0.250349954,0.250717236
70.6,2,2,2,225000,55,1930,0,1,44.460146,26.0908449,0.751912464,0.255693855
105,3,13,15,453772,18,2022,1,0,44.47109825,26.1161094,1.066677725,0.548479919
114,5,3,3,178000,12,1933,0,1,44.439836,26.114692,1.044271315,0.169023628
70,3,7,8,129700,145,1982,1,0,44.40642932,26.06511205,2.292168353,0.061550397
34,1,0,1,79900,36,1900,0,2,44.43850808,26.11901096,1.151395589,0.059317037
53,2,6,8,120000,124,1965,1,0,44.42403562,26.10299449,0.483138295,0.148654058
59,3,4,8,135000,110,1965,1,0,44.44963229,26.13732249,1.022515635,0.284774546
37.31,2,1,8,88000,41,1975,1,-1,44.44234753,26.15424077,1.428433692,0.161292923
70,3,1,10,170000,87,1977,0,-1,44.46217128,26.11834543,1.436259758,0.061821614
82,3,1,11,318000,97,2019,0,0,44.43074557,26.0380257,0.542827214,0.371413312
47,2,4,7,120000,33,1961,1,2,44.41926294,26.10104466,0.577590302,0.27543269
73,3,8,8,152000,2,1989,0,0,44.41894799,26.06093839,0.866190807,0.106135206
56.55,2,1,9,79000,4,2024,1,0,44.41423163,26.03439043,0.872590162,0.056749272
40,2,3,10,71499,23,1972,1,0,44.38075364,26.11002781,1.669890523,0.035069213
50,2,8,8,120000,110,1984,0,-1,44.44937168,26.1197809,0.349980696,0.260333179
96,3,2,3,179900,186,1936,0,0,44.45133466,26.10104466,0.405548225,0.138843355
58,2,5,10,127000,20,1982,0,-1,44.43250061,26.15765466,0.922915344,0.28090624
31,1,9,10,73500,92,1976,0,0,44.43603396,26.02816999,0.469496205,0.195891177
49.1,2,1,10,85000,111,1984,1,0,44.38398346,26.13840464,0.544778764,0.236106094
64,3,0,4,150000,179,2008,1,0,44.4076077,26.1315893,0.600360841,0.103156462
57,2,6,6,149500,28,2025,0,0,44.51397016,26.01901667,1.302811665,0.148026362
75,3,8,9,220000,170,1979,0,-1,44.44091871,26.1047615,0.58389512,0.076291643
72,2,10,11,176600,87,2026,1,0,44.4727425,26.1385507,1.950770045,0.259373547
60,2,13,13,220000,96,2017,1,-1,44.41111466,26.12049883,0.552149154,0.0648484
46,2,11,11,127500,160,2021,0,2,44.40642932,26.20884249,0.095922493,0.252483603
70,3,3,7,295000,67,2022,0,0,44.4699483,26.1125771,1.236247016,0.240893434
45,2,7,7,69700,63,1961,1,0,44.401033,26.09839,0.418791713,0.059421368
67.24,3,2,3,230000,160,2024,1,0,44.41224047,26.19657898,0.537751081,0.582371245
72.4,3,0,2,122800,160,2026,1,0,44.41544862,26.19659181,0.879788276,0.66285525
72,3,1,2,199000,55,1935,0,-1,44.45165116,26.09443674,0.698200333,0.123165209
70,3,2,11,129000,69,2025,1,0,44.449586,26.163399,1.63604814,0.205667059
50,2,4,7,125000,71,2021,1,0,44.4073098,26.03294129,1.268501732,0.360163488
74,3,2,4,165000,9,1985,1,0,44.43653993,26.10484673,0.180965047,0.064806624
91,3,4,5,295000,162,2014,0,0,44.41284648,26.11901096,0.618706137,0.160564976
63,3,0,9,120000,145,1986,1,0,44.41388643,26.07940686,1.698575842,0.096587599
68,2,3,8,235000,169,1995,1,-1,44.42497435,26.10959856,0.769038024,0.245629173
32,1,3,3,73900,0,2012,0,-1,44.40515532,26.17410326,0.576264733,0.621575801
43.32,2,1,7,79900,164,1960,0,2,44.431105,26.15463,0.931369269,0.278232588
30,2,0,7,64000,169,1935,0,0,44.420736,26.090466,1.172680395,0.116442047
61,3,9,10,110000,110,1968,0,1,44.45133466,26.12799412,0.344907696,0.111942618
57,2,3,10,153000,23,2025,1,2,44.38075364,26.12799412,0.600369507,0.118698968
35.1,2,8,10,69950,130,1975,1,0,44.442352,26.15463,1.402607016,0.154948273
50,3,6,10,124888,73,1972,0,-1,44.39199819,26.09559704,1.30725064,0.179158804
57.5,2,4,5,114900,95,2018,0,0,44.3676356,26.1339606,0.784715011,0.068053283
57.64,3,5,7,89900,23,1971,0,0,44.38075364,26.11002781,1.669890523,0.035069213
40,1,0,11,119000,131,2022,0,-1,44.41705485,26.08786337,1.359023392,0.375640069
64,2,2,8,148000,164,2021,0,-1,44.41682085,26.18675765,1.154693736,0.498640423
71,2,1,13,200000,52,1992,1,0,44.42551681,26.13008254,0.873735603,0.131080608
27,1,8,8,68999,164,1967,1,0,44.41966209,26.16891861,0.774351947,0.329974504
50,2,1,4,95000,59,1971,0,-1,44.41789718,26.02819383,0.462538074,0.039679915
107,3,2,7,395000,14,2016,1,2,44.475,26.11303,0.69347638,0.216747305
64,2,10,10,195000,96,2009,1,2,44.41284648,26.12799412,0.102080383,0.076240234
36,1,2,8,79000,151,1987,1,0,44.41684308,26.06632286,1.278120587,0.355898978
48,2,5,10,147000,163,2017,1,0,44.41146591,26.11052871,0.592209139,0.087011917
47,2,2,5,215000,28,2023,1,1,44.48979748,26.0920615,1.349949152,0.421457737
100,3,5,7,349000,80,2025,1,0,44.51965887,26.12051616,4.344770104,0.973216918
87,3,3,3,275000,135,2025,0,0,44.4880662,26.13126625,1.422162288,0.821790627
84.85,3,0,7,168000,131,1920,0,0,44.41926294,26.0920615,1.119600938,0.265087914
66.6,2,3,10,180000,135,2023,1,1,44.48663126,26.12841463,1.145340561,0.560920772
144.8,3,2,2,209900,31,1925,0,0,44.4309089,26.0966738,0.460702701,0.036612357
110,3,0,7,545000,13,1957,0,-1,44.46588732,26.08420315,0.180528098,0.254134606
65,2,1,5,225000,2,2015,0,2,44.4240617,26.0803982,1.244156315,0.200236514
32,1,6,10,62000,164,1980,1,0,44.41435132,26.17325399,0.491213326,0.038300648
60,2,8,10,99900,0,1980,0,-1,44.40619663,26.17513203,0.450508592,0.47998801
108.81,3,5,5,359900,94,2019,1,0,44.43835128,26.12929506,0.417900349,0.127114027
81.1,3,1,3,270000,135,2023,0,-1,44.49219906,26.12602412,1.481611535,1.022180293
60,3,6,8,99999,44,1975,0,-1,44.46618838,26.13355107,1.956679134,0.210765646
40,1,10,10,76000,158,1989,0,-1,44.46156944,26.12149722,1.310881089,0.232046025
37,1,11,11,127000,76,2022,1,0,44.441209,26.056675,0.346935205,0.229629609
72.38,3,1,5,145000,160,2026,1,0,44.41926294,26.19985934,1.360499468,0.634381472
56,2,6,7,153000,163,1983,1,0,44.41418955,26.1057893,0.109210836,0.093439348
43.17,2,2,9,99490,111,1974,0,0,44.39359289,26.11901096,0.27081899,0.108529217
67,2,16,24,122000,53,2009,0,-1,44.45175753,26.14514351,1.535910333,0.118919079
47,2,4,7,103000,54,1967,0,2,44.46902,26.05606,0.510444984,0.154818218
33,1,0,8,61500,25,1965,0,-1,44.38755196,26.10987486,1.154996384,0.041631367
64.69,3,2,8,147990,151,1982,1,0,44.41284648,26.0740952,1.990869909,0.032680359
23,1,-1,2,42000,27,2014,0,0,44.48338877,26.02917943,0.76233873,0.089519449
115,4,1,7,480000,47,2017,0,-1,44.43682944,26.07334236,0.272880531,0.065946778
78.28,3,2,11,169900,74,2027,1,1,44.4261264,26.0187973,0.647280232,0.09966165
52.28,2,1,5,85124,160,2026,1,0,44.41926294,26.19985934,1.360499468,0.634381472
56,2,4,8,110000,97,1981,1,0,44.43403372,26.02056284,0.062711595,0.069554665
45,2,3,10,109900,164,1968,1,0,44.42333075,26.16912524,0.544467973,0.202113227
54,2,3,8,123000,74,1980,1,0,44.4372474,26.0249009,0.451142521,0.145952929
59,2,8,8,105000,23,2002,1,2,44.38717362,26.13697727,0.852866418,0.184731375
62,2,1,2,108000,106,1940,0,0,44.4192952,26.1168816,0.402735878,0.123495953
54.9,2,7,7,106000,59,2020,1,0,44.41926294,25.98426367,1.320754488,0.347735601
68,3,10,10,115000,53,1976,1,-1,44.46318021,26.13289384,1.629635061,0.098487147
76.6,3,3,4,363000,121,2027,1,0,44.434237,26.112197,0.76970509,0.139926085
72,3,8,10,190000,167,1984,1,0,44.45869566,26.07244118,1.028835387,0.345905684
51,2,8,8,124500,49,1984,1,0,44.4334945,26.09777064,0.476630935,0.308496862
93,4,4,4,188000,16,1989,0,0,44.453145,26.149255,1.866565569,0.128908444
69,3,4,4,114990,23,1970,0,-1,44.37874055,26.11605569,1.537968584,0.177674627
129,4,3,4,175000,126,1930,0,0,44.44895673,26.08761342,0.424854999,0.13990368
54,2,3,8,123000,74,1982,0,0,44.42991441,26.02181725,0.464675362,0.30234452
40,1,3,4,95000,92,1988,0,-1,44.43698173,26.02621563,0.50333868,0.252076813
84,3,4,7,248000,23,2024,1,0,44.38808678,26.13483437,0.945760752,0.217344618
102,3,2,7,395000,67,2015,1,2,44.54104182,26.13697727,6.902750309,3.354488884
40.91,2,1,5,73554,160,2026,1,0,44.41926294,26.19985934,1.360499468,0.634381472
183,3,2,7,385000,67,2017,0,-1,44.46179109,26.10233083,1.037667747,0.097139777
88,3,1,5,550000,84,2008,0,-1,44.46650469,26.07439946,0.957231021,0.164714315
80,4,1,4,164990,74,1983,0,-1,44.42916892,26.01571554,0.705953381,0.156462379
92,5,9,10,250000,110,1984,1,-1,44.446963,26.12681881,0.393369041,0.109234073
30,1,10,10,62000,164,1975,1,0,44.41926294,26.16392673,0.647646536,0.146887934
65,4,7,10,110000,53,1978,0,2,44.46415842,26.14596042,2.346897397,0.105526137
69,3,9,10,129900,20,1975,0,0,44.43850808,26.18189303,0.554510833,0.114227315
91,2,4,5,365000,78,2007,1,1,44.48361658,26.08960036,0.980464852,0.208673702
54,2,2,10,129900,167,1984,0,-1,44.45754465,26.06411221,0.625875166,0.161930299
50,2,3,9,84900,25,1967,1,0,44.39181764,26.11828267,0.342752893,0.295796994
50,2,3,9,84900,23,1967,1,0,44.39187894,26.11768209,0.385401414,0.32527168
53,2,9,13,106000,23,2007,1,1,44.40103489,26.14207119,1.696090814,0.049694771
63,3,10,10,145000,163,1977,1,0,44.4136038,26.108984,0.365970975,0.244662231
59,3,7,8,136000,59,1966,0,0,44.42272242,26.04138199,0.103508103,0.045167015
52.3,2,9,10,78980,5,1972,1,-1,44.43495022,26.10150578,0.142971345,0.060309208
83,4,3,4,149000,25,1977,0,0,44.38509104,26.11225284,1.183161963,0.190295755
49,2,3,9,122500,170,1960,0,-1,44.44823206,26.10595919,0.506131885,0.115163317
48,2,2,9,110000,23,1974,1,1,44.39528669,26.11315711,0.501486284,0.187669635
141.7,4,11,12,254800,111,2023,1,-1,44.38904636,26.11860544,0.52351253,0.074341196
76,3,8,8,209000,169,1991,0,-1,44.42502983,26.12196871,1.152328,0.081862654
20,1,9,10,38000,25,1974,0,-1,44.40001146,26.11002781,0.160819557,0.191837531
71.2,2,8,8,130000,160,2021,1,1,44.4175963,26.19039926,1.135083885,0.336513684
38,1,1,8,105000,169,1997,0,-1,44.41911524,26.11464792,0.288897726,0.066955775
50.09,3,5,10,99000,107,1975,0,0,44.41410714,26.16758877,0.498234128,0.218497834
73,3,5,8,124900,151,1986,0,-1,44.41312242,26.06559499,1.607645606,0.368290193
27.85,1,3,9,60156,59,1963,1,0,44.4231809,26.0372931,0.338548237,0.16637756
64,3,1,7,125000,25,1975,0,0,44.3858122,26.10874322,1.337583764,0.159233322
64.41,3,9,10,115000,53,1975,1,0,44.463298,26.13067,1.574739753,0.103266808
50,2,1,10,82000,59,1973,1,-1,44.41978234,26.0244842,0.363307264,0.354035796
50,2,8,10,91700,128,1976,0,0,44.48328044,26.05482154,1.111859528,0.081749392
59,2,0,4,140000,58,1984,0,-1,44.42568276,26.06222849,0.419425248,0.18349917
63.01,3,4,9,133998,74,1976,1,0,44.43406182,26.02128331,0.005667907,0.021125688
120,4,0,3,167000,29,1930,0,-1,44.43180533,26.12190476,1.314642918,0.109387991
71,3,3,4,99000,156,1951,0,-1,44.40642932,26.0740952,1.773306101,0.131078514
62,3,1,7,149000,81,1964,1,0,44.443732,26.129059,0.44659891,0.06051185
50,2,6,7,75000,56,1970,0,-1,44.41951308,26.13995696,0.19013741,0.046680329
76.67,4,4,4,147900,59,1970,0,0,44.41284648,26.02019628,0.427679862,0.173931714
65.39,2,5,12,182900,158,2026,1,0,44.471497,26.139766,2.100975521,0.147382332
59,2,5,7,98000,56,1987,0,-1,44.41254558,26.14231827,0.986828434,0.473676524
84,3,3,3,237000,135,2008,0,-1,44.52904668,26.14716769,5.897919375,3.327470353
50.57,2,4,7,119900,163,1961,1,0,44.41926294,26.10104466,0.577590302,0.27543269
55,2,0,4,195000,135,2026,1,0,44.51542529,26.11901096,3.867679248,0.714857636
43.35,1,2,2,135000,55,1939,0,-1,44.46584365,26.10278413,1.296543675,0.015594517
56,2,3,4,119998,160,2020,1,0,44.41083184,26.18998445,0.475011505,0.286555565
64.85,2,3,3,102000,160,2025,1,0,44.41926294,26.19985934,1.360499468,0.634381472
60,3,3,4,107000,0,1972,1,0,44.41324,26.1739,0.357446226,0.109301077
52,2,3,7,90000,23,1966,0,-1,44.38624205,26.11762233,0.832864147,0.14917947
196.58,5,4,5,349000,61,2020,0,0,44.49067743,26.06632939,2.213025552,0.156286217
78,3,3,7,160000,81,1978,0,-1,44.43850808,26.14596042,0.897412688,0.165937923
52,2,8,10,190000,56,2020,0,2,44.41926294,26.13697727,0.274387487,0.072515117
74,3,3,8,237900,106,1992,1,0,44.42098452,26.1156446,0.5113126,0.055936577
124.4,3,5,8,525000,67,2017,0,0,44.46979074,26.103008,1.064413899,0.10078946
60,3,0,4,151250,164,1970,0,-1,44.4145758,26.15451325,0.5571188,0.125281149
31,1,2,10,49000,95,1966,1,0,44.37728603,26.12183545,1.105823561,0.126808062
64,2,1,7,156900,25,2016,0,-1,44.38670552,26.10996267,1.200861412,0.066920989
52,2,3,9,88900,5,1966,1,0,44.39135655,26.12094643,0.206766532,0.212895449
52.17,2,10,10,150000,186,1980,1,-1,44.45262795,26.10826024,0.201159932,0.280639457
38,1,6,6,104500,25,2017,0,0,44.39188197,26.10951312,0.762451265,0.030883904
48,2,6,10,119000,27,2017,0,0,44.48812913,26.03667446,0.178143435,0.00871062
64.72,3,4,4,127000,25,1975,0,2,44.38654,26.10672,1.368639033,0.237113163
139,3,0,6,590000,185,2009,0,-1,44.48079364,26.08254606,1.4174422,0.623759786
125.01,4,4,6,545000,78,2009,1,0,44.48329492,26.08887718,1.013672219,0.273010814
71.76,2,4,7,99000,12,1929,1,0,44.43729971,26.11151043,0.71179725,0.114389534
42,2,5,7,125000,38,1960,0,0,44.43359017,26.10135903,0.276573276,0.165588587
115,3,5,6,525000,185,2009,0,-1,44.48163847,26.0839589,1.322674881,0.675889465
39,2,0,10,63000,130,1977,1,0,44.44273491,26.17865349,1.082181032,0.266131057
152.65,4,4,5,875000,84,2010,1,0,44.45778141,26.07391184,0.982877281,0.260668943
73,2,1,5,199000,52,2017,1,-1,44.43324666,26.13106032,0.59154075,0.19978259
42,2,2,4,160000,42,1960,0,2,44.43209374,26.08307835,0.554867212,0.150084026
59,2,1,7,180000,36,1993,1,0,44.41926294,26.12799412,0.802263431,0.180137126
75,2,3,7,339000,51,2025,1,0,44.44719372,26.1100418,0.709124225,0.165400708
63,3,4,10,139000,74,1976,1,-1,44.433733,26.022037,0.066814768,0.055797615
48,2,6,8,123998,81,1989,0,-1,44.44453325,26.13633364,0.474330872,0.230630408
60,2,8,8,105000,23,2002,1,2,44.3887,26.13465,1.014604856,0.179392042
28,1,1,2,81900,52,1970,0,0,44.42805,26.13624,0.523226769,0.188776075
49,2,1,7,122000,1,1963,0,2,44.47056924,26.05612889,0.465898593,0.204131462
103.7,3,1,1,178000,187,1922,0,0,44.43924141,26.0830395,0.752961134,0.108871521
39,1,0,8,90000,59,1964,1,0,44.42547212,26.02964955,0.389970427,0.17911445
103.7,3,1,1,178000,42,1922,0,0,44.4388859,26.0832141,0.740101234,0.075503824
34,1,7,11,128000,92,2018,1,-1,44.431003,26.037806,0.509652936,0.373263361
65,3,7,8,134000,158,1982,1,0,44.4601002,26.1259794,1.140463955,0.068206511
32,1,1,8,74990,92,1980,1,0,44.4353772,26.02977019,0.325494853,0.151298735
63.01,3,4,10,139000,74,1976,1,0,44.43438296,26.01773814,0.288751139,0.141031503
65,3,0,4,125000,23,1975,0,-1,44.38589625,26.0993526,1.623258852,0.223583004
157,4,1,4,480000,28,2018,0,2,44.48979748,26.06511205,2.085642089,0.132573114
62,2,1,7,185000,52,1995,1,0,44.43179532,26.12930717,0.728759174,0.023868139
60,3,1,4,124900,25,1975,0,-1,44.3839204,26.11233999,1.277970763,0.208104574
46,2,1,9,107000,23,1970,0,-1,44.3920947,26.1149821,0.588869973,0.40770912
52,2,5,7,116000,102,2017,0,-1,44.43277271,26.15359948,1.124372157,0.077127479
126.7,4,2,7,700000,13,2023,1,0,44.46184313,26.08575563,0.480635007,0.163743405
29,2,1,2,31000,145,1974,0,1,44.40508338,26.0643222,2.420323371,0.143565922
31.1,1,7,12,78960,179,2026,1,0,44.40071069,26.15139067,1.63006744,0.031349167
65.65,3,6,10,130000,59,1974,1,0,44.41284648,26.02019628,0.427679862,0.173931714
67,3,1,4,125000,25,1974,0,-1,44.38337564,26.1087182,1.515487346,0.172562491
40,2,2,2,80000,101,1943,0,-1,44.44538511,26.12494644,0.509609162,0.175311034
50.5,2,4,12,131610,154,2026,1,0,44.40055122,26.15172983,1.632777016,0.057917443
51,2,4,4,93500,49,1982,0,0,44.45296276,26.0435704,0.352427355,0.260355984
61,2,1,5,179000,52,2017,1,-1,44.43358747,26.1307978,0.61854537,0.222111836
73,3,4,7,108000,92,1979,0,0,44.43243342,26.04034952,0.577431542,0.263421829
67,3,1,4,125000,23,1974,0,-1,44.38296055,26.10994701,1.481855414,0.189083822
76.42,3,3,9,339900,31,1983,1,0,44.44175041,26.09442941,0.513869121,0.175560344
76,3,6,12,177840,154,2026,1,0,44.4005161,26.15099717,1.664260433,0.05920868
99,3,-1,3,149000,27,2020,0,2,44.48338877,26.03816259,0.230272536,0.224987742
47,2,0,7,118000,174,1977,0,-1,44.44267842,26.14784989,1.186223467,0.051672874
50,2,9,10,78000,112,1973,1,2,44.41505,26.17971,0.630326048,0.458409434
162,5,-1,3,350000,27,2011,0,2,44.48979748,26.04714574,0.832066869,0.273337152
65,3,4,4,95000,164,1968,0,0,44.41681563,26.16763443,0.617940279,0.129963014
71,3,8,10,119900,164,1970,1,0,44.42688,26.16359,0.218822883,0.132106721
53.6,2,1,7,120000,23,2022,1,2,44.36148949,26.11901096,2.12704494,0.332979017
48,2,8,8,83000,10,1984,0,0,44.38091781,26.13484383,0.153474752,0.130937668
37,1,9,10,72900,164,2017,1,-1,44.41179,26.167752,0.542186273,0.032035982
79,3,5,11,162500,0,2016,1,0,44.412366,26.19945,0.666990485,0.590474851
46,2,-1,7,68000,12,1933,0,1,44.44231723,26.1144891,1.140645307,0.223215412
76,4,7,9,159999,49,1982,0,0,44.4534409,26.0525342,0.421455637,0.027527671
46,2,2,9,119900,148,1959,1,2,44.446,26.0977,0.025498925,0.059785688
79,3,5,11,162500,112,2016,1,0,44.412363,26.199406,0.664514304,0.589684045
54,2,5,10,129900,95,2020,1,1,44.36148949,26.13697727,0.98252848,0.046452318
65.4,2,2,12,166870,154,2017,1,0,44.40055122,26.15172983,1.632777016,0.057917443
66.12,3,5,10,139900,56,1970,1,0,44.419653,26.142248,0.291837562,0.152316562
51,2,9,10,120000,49,2017,0,-1,44.4533456,26.04981154,0.235739656,0.12322762
43.33,2,2,3,60661,69,2026,0,0,44.46666119,26.15488309,3.069591329,0.102229319
51.31,2,8,11,178000,92,2018,1,0,44.4334259,26.0407544,0.573952377,0.161143697
55,2,3,12,144730,154,2026,1,0,44.40055122,26.15172983,1.632777016,0.057917443
46,2,2,9,120000,120,2017,0,-1,44.4460647,26.09753644,0.03108078,0.066658516
61,2,2,5,86364,25,2025,1,0,44.36606991,26.11347117,2.299997729,0.234695183
50,2,0,5,122000,160,2023,0,0,44.4142874,26.1889016,0.837487315,0.664810262
73.8,2,4,4,296000,2,2021,1,0,44.4183294,26.08153897,1.755117266,0.086171503
91.95,3,5,7,360000,81,2019,1,-1,44.4405311,26.13124229,0.15496336,0.144632193
97.5,4,0,2,790000,55,2024,1,0,44.45463816,26.09856866,0.60513882,0.138211617
115.84,4,2,4,230000,184,1939,1,-1,44.41998613,26.09809135,0.781470184,0.171512189
80.23,3,2,4,315000,55,2012,1,0,44.44492429,26.09971031,0.194356799,0.065683511
64.32,2,10,10,194900,179,2008,1,0,44.4099559,26.13164122,0.415513336,0.351175599
74.2,3,2,4,184500,28,2025,1,0,44.49524806,26.09927121,1.790536178,0.233145585
104.62,4,4,5,585000,78,2018,1,0,44.48581275,26.08589385,1.359019163,0.377803026
74,2,3,3,99900,171,2023,0,-1,44.45724572,26.00453849,2.582950993,1.211155287
64,2,3,6,106000,10,2026,1,0,44.3701768,26.11980408,1.62061234,0.197931473
61,3,10,10,92500,81,1963,0,0,44.442436,26.130069,0.292797595,0.0981791
39,2,0,4,59500,25,1975,0,-1,44.37890142,26.10837592,1.913797922,0.208234867
42,2,1,10,122000,92,1976,0,2,44.43552,26.03769,0.3364958,0.194349147
64,3,8,8,140000,87,1978,1,0,44.46251938,26.12041774,1.430383164,0.175921234
24,1,0,8,57500,56,1983,1,0,44.41383148,26.14587872,0.969594832,0.352075789
54,2,3,8,124000,144,1980,1,-1,44.43209374,26.01121313,0.673594582,0.253116817
65.83,3,6,10,150000,90,2009,1,0,44.42224081,26.18069483,1.396559946,0.139935266
67.4,3,9,20,400000,18,2022,1,0,44.46891018,26.10974394,1.365613249,0.034511851
72.66,3,2,8,137000,151,1987,1,0,44.41224455,26.0684483,1.799715031,0.243170885
71,2,1,13,200000,3,1992,1,0,44.42535862,26.13022493,0.854587889,0.149729557
50,2,4,7,79500,97,2015,1,2,44.44613,25.97982,1.928539191,0.848457086
41,2,3,4,59500,97,2019,1,2,44.45133466,25.98426367,2.372815695,0.982661036
67,3,4,4,139000,49,1980,1,0,44.45356,26.04333,0.397681942,0.29347252
21,1,4,5,67000,12,1945,0,-1,44.4377667,26.1114422,0.720037016,0.136819319
100.6,4,6,8,293000,52,1992,1,0,44.42801632,26.13150504,0.741509327,0.101876056
58,2,1,3,117990,160,2025,1,-1,44.41926294,26.19985934,1.360499468,0.634381472
105,4,3,4,160000,170,1930,1,1,44.43398,26.10765,0.440138764,0.013044649
46,2,6,7,130000,157,2008,1,0,44.41639259,26.16837918,0.641833546,0.152957707
31,1,2,9,49000,5,1966,0,0,44.37638212,26.12084307,1.208459482,0.067967581
50,2,8,8,119000,101,1984,0,0,44.44879354,26.12201221,0.209673216,0.188429393
44,2,1,7,122000,1,1963,1,-1,44.47649771,26.05587939,0.749389801,0.162198963
65,3,4,4,109500,0,1970,0,-1,44.41244764,26.17338181,0.298278955,0.162913355
30.48,1,3,4,75000,126,1940,0,0,44.449128,26.081728,0.376005206,0.146232668
63,3,1,10,160000,87,1978,1,0,44.45774689,26.11901096,0.959140324,0.434274836
63,2,1,5,85124,160,2026,1,0,44.42120284,26.20708752,1.735725354,0.832968158
52,2,2,7,69000,23,1965,1,2,44.38075364,26.11901096,1.306598129,0.210107277
67,3,0,10,134999,59,1980,1,0,44.41965795,26.03659612,0.370466299,0.250702119
60,3,2,10,149000,92,1977,1,0,44.43415,26.02705186,0.45279117,0.124519688
84.58,3,2,8,175000,135,2009,1,0,44.530807,26.143188,5.958163974,3.155294774
38,1,5,8,72900,95,2022,0,-1,44.36908656,26.12171826,1.594227282,0.174595595
84,4,8,10,175000,49,1984,1,0,44.45410167,26.05367988,0.535663277,0.097992629
54,2,8,10,89900,23,1976,1,0,44.379754,26.130971,0.350157852,0.211242838
485,8,5,7,4500000,67,2021,0,0,44.470219,26.10662082,1.114880835,0.190776918
81,3,3,7,290000,96,2022,0,-1,44.41284648,26.12799412,0.102080383,0.076240234
50,2,4,7,109900,15,1966,0,-1,44.42475747,26.14760773,0.778139006,0.225493524
66.67,3,2,8,129600,107,2027,1,0,44.41106644,26.15864535,0.348236491,0.327114649
41,1,4,4,130000,78,1988,0,-1,44.48531963,26.09471503,0.814142334,0.119125833
38,1,2,7,80000,92,1981,1,-1,44.43965555,26.03427331,0.572922428,0.103324654
43.9,1,4,7,219636,64,2026,0,0,44.43850808,26.12799412,0.487932073,0.086694429
50.3,2,0,10,116000,174,1984,0,0,44.4378756,26.1554786,1.142613614,0.243918603
80.3,3,11,11,240600,110,2026,0,0,44.4444383,26.15404595,1.576257447,0.179008152
80,3,1,9,160000,87,1978,0,0,44.46574916,26.12937989,1.807869362,0.127576736
90.9,4,0,11,285800,110,2026,0,0,44.44439344,26.15417908,1.564903924,0.182308768
90.9,4,0,11,285800,130,2026,0,0,44.44412497,26.15417811,1.546339563,0.161880283
74.8,3,3,11,196300,110,2026,0,0,44.44421691,26.15413183,1.55555646,0.165827617
74.8,3,3,11,196300,130,2026,0,0,44.44428426,26.15405005,1.565296553,0.166453195
15,1,1,6,25500,164,1980,0,-1,44.43018671,26.17357492,0.676913167,0.530610169
52,2,0,4,125000,107,1985,0,0,44.41379999,26.1559661,0.430344235,0.074347089
80,4,4,7,149999,173,1974,0,0,44.4202773,26.0158311,0.202421645,0.137877475
60.9,2,5,11,171200,130,2026,0,0,44.44422542,26.15423929,1.54946848,0.172802341
65,3,2,4,84000,25,1974,0,-1,44.3868937,26.10633149,1.334402989,0.187119269
50,2,4,6,79500,23,2022,1,-1,44.36111764,26.15009199,1.006620308,0.092311128
50,2,6,10,120000,157,1974,1,0,44.41299943,26.16609464,0.379705529,0.096689812
145,4,0,1,269936,13,1945,0,0,44.4634935,26.08376693,0.363004946,0.289493739
74,3,0,4,98000,0,1965,0,0,44.42457863,26.17268899,0.795555619,0.063610357
62,3,9,9,134900,59,1971,0,-1,44.4265254,26.04327586,0.352576266,0.26367175
100,3,2,4,375000,55,2024,1,-1,44.45133466,26.10104466,0.405548225,0.138843355
31,1,1,7,52444,97,2016,1,0,44.43928571,25.98716712,1.01430344,0.178768327
65.91,3,4,4,99000,145,1980,0,0,44.4074737,26.0674428,2.242640505,0.250213858
51,2,5,10,97800,56,1970,1,0,44.4200978,26.15145312,0.978413993,0.350311043
60.9,2,0,11,161900,110,2026,0,0,44.44437699,26.15421771,1.561369904,0.183122503
60.9,2,0,11,161900,130,2026,0,0,44.44439119,26.15419888,1.563525547,0.183212637
43,2,3,7,135000,10,2025,0,-1,44.37669952,26.12921256,0.585540964,0.255034279
31,1,1,7,52500,97,2016,1,-1,44.44760762,25.98207209,2.015590582,0.937503091
57,2,2,8,123000,2,1987,1,-1,44.41303775,26.06591045,1.626915912,0.395019693
54.4,2,7,11,160200,110,2026,0,0,44.4443934,26.1541142,1.568905516,0.178803001
54.4,2,7,11,160200,130,2026,0,0,44.44462192,26.15419319,1.580164633,0.202212637
40,2,5,7,114899,125,1960,1,0,44.433584,26.10242805,0.254897541,0.104016284
58,2,3,3,84990,145,1981,0,-1,44.40504722,26.0636,2.411107294,0.125096606
65,3,9,9,130000,128,1964,1,0,44.48201,26.05394,1.041266437,0.13290667
42,2,3,7,65000,97,2026,1,0,44.4384305,25.9872958,0.919427192,0.218430022
59,2,2,7,98000,97,1980,1,0,44.43124129,26.02314087,0.346201038,0.332264733
60,2,7,9,299000,14,2018,1,-1,44.47688126,26.09919612,0.267304372,0.302017023
77.58,3,4,7,229000,28,1983,0,-1,44.4874647,26.07842641,1.963193772,0.324922235
112,4,2,7,395000,78,2017,1,-1,44.47056924,26.11002781,1.229939114,0.152029284
41,2,8,10,133900,176,1974,1,-1,44.43747306,26.10792909,0.446735805,0.186306774
131.78,3,0,3,420000,28,2008,1,-1,44.5193602,26.09232997,4.514032661,0.336067604
52,2,3,7,77444,97,2026,1,0,44.44026727,25.98716712,1.120904506,0.20115888
59,3,0,8,124990,92,1966,1,-1,44.43762493,26.03846524,0.512781645,0.301436014
50.06,2,4,4,155000,14,1984,0,-1,44.48201852,26.09890408,0.335585195,0.148883544
53.6,2,0,11,139800,130,2026,0,0,44.44463611,26.15419765,1.580902542,0.203666446
30,1,6,10,80000,56,1979,1,0,44.4221404,26.13931085,0.111472798,0.268428277
50,2,3,7,97500,1,1963,0,2,44.47056924,26.05612889,0.465898593,0.204131462
54,2,3,7,125000,1,1963,0,2,44.47056924,26.05612889,0.465898593,0.204131462
49.7,2,7,10,113000,59,1973,0,-1,44.4361414,26.102684,0.031770686,0.078691421
48,2,1,7,116500,1,1963,0,2,44.47056924,26.05612889,0.465898593,0.204131462
92.88,4,3,4,229000,135,2021,1,0,44.51967926,26.14299665,4.814079146,2.664111286
33,1,3,3,98000,14,2018,0,2,44.48015,26.10827,0.644547592,0.269234748
119,4,4,4,335000,169,2016,1,0,44.43209374,26.11901096,1.355625873,0.164425893
24,1,6,10,49500,158,1974,0,-1,44.46278866,26.1265467,1.442731979,0.139702757
50,2,0,7,169999,180,2017,1,-1,44.41341947,26.12232523,0.42454108,0.310294279
45.43,2,3,10,86000,64,1962,0,-1,44.4435995,26.1316077,0.318468611,0.126302106
22,1,1,3,40990,97,1970,0,-1,44.43432174,25.98904103,0.443471072,0.09489812
58,2,6,10,139000,173,2017,0,-1,44.4119879,26.0145343,0.8108849,0.134224619
62,2,0,4,140000,49,2020,1,-1,44.45055993,26.05943546,0.689994976,0.160036895
67.4,3,9,19,400000,67,2024,0,-1,44.43748583,26.10370936,0.195134141,0.187756202
40,1,1,8,114900,163,1986,1,-1,44.41375814,26.1093039,0.384543887,0.225477881
37,1,5,7,72800,95,2022,0,-1,44.37038764,26.11569219,1.869051438,0.088772909
76,3,3,8,238000,106,1992,1,0,44.42815398,26.11998278,1.379423658,0.182299429
75,3,3,3,315000,158,2015,0,0,44.4708836,26.1324469,1.662251157,0.575871128
54,2,7,9,89980,5,1965,0,-1,44.38505613,26.11991556,0.897488919,0.191287519
59.4,2,1,4,100840,0,2025,1,1,44.40001146,26.17290988,1.155898237,0.428547633
58,3,7,10,100000,107,1967,1,0,44.41355862,26.17095774,0.516883006,0.229229906
60.44,3,2,10,120000,130,1974,1,0,44.44091152,26.1039495,0.569074707,0.035273439
68.5,3,4,10,117000,56,1975,0,0,44.41193523,26.13615342,0.701620511,0.075909038
110,3,2,6,690000,78,2004,1,0,44.47698538,26.08060533,1.292391718,0.601432665
77,4,4,4,147900,59,1970,0,-1,44.41359107,26.021537,0.306918628,0.125481373
46,2,3,4,109500,59,1968,0,-1,44.424901,26.03577,0.371838667,0.301333579
68,3,2,8,160000,56,1982,1,-1,44.41284648,26.13697727,0.771826509,0.193933824
84,3,5,5,266000,177,2024,1,2,44.41284648,26.0920615,0.988538027,0.231263585
61,2,3,4,105000,0,2022,1,1,44.40001146,26.17290988,1.155898237,0.428547633
39,1,8,8,98000,169,1991,1,0,44.430329,26.108003,0.608170953,0.096019964
44,2,3,3,149000,67,1960,0,0,44.46038989,26.1046202,0.850683571,0.174302256
114,3,1,4,178000,164,2022,0,0,44.41926294,26.19087619,1.306970551,0.153915602
56,2,5,7,145000,25,1986,1,0,44.39589311,26.11232041,0.407141125,0.230854425
88,4,6,7,364000,169,1994,1,0,44.426671,26.094659,0.52820107,0.092300867
40.33,1,6,8,88000,12,1938,1,0,44.437809,26.109278,0.559893635,0.118564822
46,2,8,18,73000,23,1970,1,0,44.387436,26.11818,0.694548554,0.125170417
39,2,5,10,199900,67,2018,1,-1,44.47056924,26.11002781,1.229939114,0.152029284
56,2,0,10,174000,18,2025,0,-1,44.47946156,26.12012405,0.308954381,0.202375159
65,2,1,8,230000,106,1993,0,-1,44.41962071,26.11734663,0.454426419,0.147871976
69,2,8,15,169900,67,2026,0,-1,44.47822222,26.11500077,0.302619859,0.169809062
54,2,3,10,160000,167,1984,1,-1,44.460324,26.070241,0.97103985,0.278917441
245,6,10,20,1550000,18,2023,1,-1,44.47056924,26.11002781,1.229939114,0.152029284
54,2,4,4,93500,49,1982,0,0,44.45383356,26.04450787,0.33804419,0.228275594
76,3,5,10,74900,23,1975,1,0,44.391064,26.086116,1.694704316,0.049476919
36,2,5,10,75000,59,1974,1,0,44.42405719,26.01273357,0.334095826,0.055407448
66,3,4,10,133000,59,1980,0,0,44.41858987,26.04480742,0.57887819,0.223605977
51,2,6,10,110000,107,1976,0,0,44.41360497,26.16069368,0.054542856,0.21056303
199,4,0,7,649000,18,2018,1,-1,44.47056924,26.11002781,1.229939114,0.152029284
158,5,5,6,998000,78,2007,1,-1,44.48338877,26.08307835,1.44227398,0.555904764
149,3,3,6,749000,78,2009,1,-1,44.47697936,26.08307835,1.234959731,0.606263606
83.8,3,3,5,395000,78,2023,1,-1,44.479147,26.090238,0.795525476,0.208513614
52,2,6,8,163000,80,2025,1,2,44.51528,26.11234,3.861896684,0.185872476
53,2,2,6,73780,95,2026,0,0,44.37052812,26.11637457,1.815188893,0.087161106
52,2,1,6,71470,95,2026,1,0,44.36795838,26.11651842,1.979422193,0.174076555
55.6,2,1,3,68925,69,2026,1,0,44.4558545,26.1574489,2.453812269,0.461702359
72.17,3,0,7,199000,135,2026,0,-1,44.49009955,26.12151118,1.116357325,0.596154986
48,2,8,8,115000,74,1979,1,-1,44.431416,26.020579,0.30248293,0.148388214
54,3,0,3,160000,23,2003,0,0,44.36134377,26.15558179,1.267456205,0.479341757
21,1,3,5,37000,10,1986,0,1,44.38717362,26.13697727,0.852866418,0.184731375
180,3,0,3,435000,80,2023,0,-1,44.51341543,26.109393,3.684516049,0.197788453
59,2,1,10,184000,163,2022,0,-1,44.40320766,26.12262611,1.05306008,0.156628391
56,2,0,9,110000,49,1982,1,0,44.45447587,26.04441703,0.393428017,0.222081844
57,2,7,8,92500,97,2019,0,2,44.44622,25.98615,1.78624246,0.747427388
98,3,3,5,310000,80,2026,1,0,44.51625577,26.13996063,4.366925661,2.378453741
20,1,9,10,34000,0,1970,0,0,44.41728329,26.17565179,0.783366877,0.120780176
59,2,3,8,230000,14,2021,0,-1,44.48396845,26.09746509,0.57887885,0.100425872
27,1,2,4,69900,27,1980,0,-1,44.4827081,26.04552405,0.371837665,0.245792193
70,3,5,9,254500,114,1994,0,0,44.4261298,26.12982266,0.929933982,0.063737948
33,1,1,4,55000,59,2017,0,0,44.42486012,26.03870969,0.318107076,0.297338758
18,1,5,5,46000,120,1938,0,-1,44.44602376,26.10168056,0.326500043,0.097688106
33,1,2,4,58000,25,1973,0,0,44.38883061,26.11112527,0.998694743,0.109343485
85,3,2,7,269000,169,1996,0,-1,44.42635141,26.120322,1.208593852,0.099969404
67.3,3,8,10,159998,59,1979,1,0,44.41943492,26.04795565,0.639235282,0.049353919
39.28,1,6,12,115000,178,2025,1,-1,44.44492172,26.03816259,0.680258022,0.123692314
136,4,4,16,395000,67,2012,1,-1,44.47883303,26.11528273,0.2318095,0.178857519
38.9,2,10,10,72000,59,1975,1,0,44.416313,26.018155,0.376538238,0.188439054
136,4,4,16,395000,14,2012,1,-1,44.47831255,26.11472554,0.303796133,0.193451284
50,2,5,5,74800,73,1983,0,0,44.37428809,26.09426057,2.962305416,0.313146976
56,2,4,5,109000,23,2010,1,0,44.37272831,26.15000359,0.658039509,0.694653037
180,4,0,7,790000,55,2025,0,-1,44.46048041,26.09725917,1.063639467,0.241299059
41.08,2,7,11,133300,164,2026,0,0,44.44439497,26.15389804,1.582403509,0.16788599
78,3,5,8,225800,183,1991,0,0,44.40642932,26.11901096,0.910158797,0.228271911
41.08,2,7,11,133300,110,2026,0,0,44.44479432,26.15447896,1.575263092,0.196875559
51,2,3,7,88000,70,1968,0,1,44.44951031,26.07150991,0.276444582,0.096963713
41.08,2,7,11,133300,130,2026,0,0,44.44460639,26.15415655,1.581298774,0.199049522
42.9,2,0,11,119800,110,2026,0,0,44.44520468,26.15503356,1.573064033,0.150147275
79,3,2,4,265000,62,2025,1,0,44.44492172,26.11002781,0.937997779,0.118208359
60,2,8,10,91490,73,1984,1,0,44.38724052,26.09765412,1.567648181,0.423310576
64.17,3,7,8,137000,107,1982,1,0,44.40916,26.166998,0.659454292,0.273974576
100,4,0,4,365000,55,1995,0,0,44.45940779,26.0947575,0.997215493,0.070179169
67.27,3,3,7,200000,28,2023,1,0,44.48846467,26.0656388,2.072929369,0.024498006
52,2,0,4,169999,96,2015,1,0,44.41486118,26.11984518,0.552820189,0.27354437
74,3,0,11,304000,92,2018,1,-1,44.43035,26.032403,0.474810035,0.356796313
63,3,1,7,160000,158,1978,0,-1,44.46430557,26.1263148,1.607954099,0.032841721
67.27,3,6,7,249000,155,2023,1,0,44.488647,26.065423,2.063217078,0.002292173
45,1,1,8,77000,103,1978,1,0,44.4044,26.0574,2.392896738,0.10848571
55,2,7,11,179700,14,2026,0,-1,44.4819076,26.1090541,0.616011465,0.148534638
76,3,6,7,400000,158,2018,1,0,44.47501,26.11297,0.69443855,0.213170811
55,2,3,4,180000,135,2022,1,1,44.4951784,26.11761974,1.613626529,0.798027773
83.5,3,11,11,284800,81,2026,0,0,44.4455036,26.15530166,1.580739872,0.135828942
49,2,4,5,77000,97,2017,1,0,44.44461233,25.98391965,1.653674634,0.582179526
44,2,3,4,75500,23,2015,1,-1,44.37653556,26.09906427,2.593375513,0.154180468
39.35,1,9,11,139200,146,2016,1,0,44.44492172,26.04714574,0.054553816,0.078912746
88,3,1,5,549899,13,2008,1,0,44.4626054,26.0759229,0.923177604,0.261926158
79.69,4,10,10,149999,101,1982,0,-1,44.4427695,26.118323,0.91963026,0.12459432
32,1,7,8,51990,97,2018,1,0,44.44379065,25.98370488,1.571965986,0.494883389
67,3,0,8,175000,130,2024,1,0,44.4396821,26.2079959,1.23742174,0.635902464
79,2,7,8,175000,135,2025,0,1,44.48894387,26.13377067,1.641098217,1.026610692
90,3,1,1,288000,107,2026,0,-1,44.40248011,26.16722871,1.085083155,0.471375303
40,2,3,4,77900,154,2018,0,0,44.38942485,26.19233855,2.04117605,0.628706683
73.39,3,3,8,238000,106,1989,1,0,44.41926294,26.11901096,0.532056841,0.27315737
54,2,2,11,120000,164,2016,1,0,44.41197114,26.19708845,0.526886708,0.551901533
27,1,4,4,69000,49,1987,0,0,44.45358717,26.04666901,0.211594414,0.109800479
61,2,4,4,160000,80,2013,1,0,44.51043183,26.11052702,3.343004505,0.525164653
61,2,6,9,173000,169,1995,1,2,44.42582,26.12309,1.276022482,0.043231981
54,2,4,4,114999,92,1996,0,0,44.44333455,26.02886772,1.052253789,0.410751647
78,2,1,7,235000,148,1979,1,0,44.43149381,26.10706124,0.593219248,0.138557408
48,2,6,8,124000,81,1981,1,2,44.44251,26.13391,0.185538188,0.162021283
60,4,1,10,188900,56,1980,1,0,44.41284648,26.14596042,1.066320156,0.261883329
38.03,2,3,10,55000,130,1973,0,0,44.43850808,26.17290988,0.428232886,0.084436726
62,3,8,10,119500,59,1972,1,-1,44.4188521,26.03213999,0.36736732,0.133270425
47,2,4,4,96900,59,1964,0,0,44.42687355,26.03492958,0.551784477,0.123111367
95,4,2,8,390000,89,1980,1,0,44.4345748,26.1019805,0.156484353,0.094321955
54,2,10,10,119899,111,1982,1,-1,44.39738856,26.11604031,0.572500468,0.155385419
45,2,2,8,73200,130,1975,0,-1,44.44432862,26.15558876,1.474860639,0.136600132
74,3,-1,10,165000,92,2019,0,-1,44.42974631,26.03659581,0.578787096,0.377433128
43,2,1,8,85000,0,1977,1,0,44.4209687,26.17272742,0.915604163,0.402979845
68,3,6,7,140000,32,1985,0,0,44.41556283,26.15478096,0.570512057,0.174303678
80.3,3,11,11,240600,81,2026,0,0,44.4455036,26.15530166,1.580739872,0.135828942
156,4,3,5,625000,1,2009,1,0,44.464787,26.067054,0.820085735,0.070400926
87,3,3,5,200000,14,2021,1,0,44.48338877,26.11002781,0.603780484,0.084986314
40,1,1,4,109000,52,1990,1,0,44.42957,26.1356,0.394772035,0.258626894
123,4,1,6,307000,106,2025,0,1,44.41720888,26.11584717,0.205325706,0.185193999
41,2,2,10,126000,126,1975,1,0,44.45133466,26.08307835,0.120163169,0.107082531
52,2,7,11,175000,2,2025,1,0,44.41926294,26.06511205,1.006073406,0.134887145
57.5,2,2,4,80500,160,2026,1,0,44.41182861,26.20726312,0.696203382,0.664984213
56,2,2,7,130000,15,1976,0,-1,44.42617194,26.14901662,0.95829544,0.091640292
47.06,2,7,7,75000,57,1964,1,0,44.38503587,26.09114918,2.085687709,0.13801799
50,2,5,7,155000,170,1960,0,-1,44.43956443,26.09992156,0.469772372,0.04033122
66,3,12,12,90000,20,1963,1,-1,44.432528,26.146474,0.638405015,0.162881804
52,2,7,7,85000,164,1964,0,-1,44.4305112,26.17156559,0.581890457,0.382773383
54,2,3,8,79000,145,1984,1,0,44.41210704,26.06092401,1.599077974,0.069965036
132,4,0,5,374000,109,2009,0,0,44.49620549,26.06511205,2.425048347,0.391165913
58.96,2,11,12,250000,92,2022,1,-1,44.42567869,26.02917943,0.378186832,0.14988995
123,4,6,8,349000,52,1995,0,-1,44.42898285,26.13365687,0.543790677,0.103269481
132,5,0,5,374000,28,2009,0,0,44.49620549,26.05612889,1.811120971,0.533675741
83,4,0,4,240000,49,1984,1,0,44.45626364,26.05800103,0.543804067,0.239539046
58.1,2,2,6,179000,28,2025,1,0,44.51180821,26.07065002,3.630735834,0.784102463
74.8,3,3,11,196300,81,2026,0,0,44.4455036,26.15530166,1.580739872,0.135828942
84,3,1,3,220000,27,2013,0,2,44.49620549,26.03816259,0.538044309,0.576980551
44.7,2,8,9,126000,74,1966,1,1,44.43696485,26.02566584,0.469383525,0.214203796
74,3,3,7,238000,106,1992,1,0,44.42100891,26.11611998,0.528312818,0.039511401
58,2,1,7,139900,59,2021,1,0,44.423071,25.999506,1.108116312,0.042418603
76,3,3,8,238000,106,1992,0,-1,44.41928508,26.11540895,0.331610552,0.019713961
64,3,4,4,105000,111,1978,0,-1,44.38873386,26.11527451,0.728509976,0.151621738
46,2,1,10,163000,163,1977,1,0,44.41310812,26.10578241,0.203826467,0.042692173
105,4,3,4,299900,152,2022,1,-1,44.50261279,26.05612889,2.12858235,0.058788594
37,2,4,7,74500,59,1971,1,0,44.42331545,26.02479038,0.086225864,0.026838642
47,2,2,10,80900,5,1970,1,1,44.37842,26.11719,1.450766226,0.103693691
61.41,2,2,7,100000,141,2021,1,0,44.4093667,25.99566928,1.930335732,0.082370224
80,3,1,7,249000,3,2017,0,-1,44.42772603,26.13172553,0.751008093,0.104217009
57,2,7,13,150000,172,2010,1,0,44.4208184,26.0042652,0.739365207,0.261460036
53,2,4,7,139600,27,2017,0,-1,44.49850925,26.00713375,1.483230647,0.920410636
41,2,1,15,258000,142,2022,0,-1,44.4673672,26.09694596,0.843987276,0.300678456
61,3,7,7,123000,81,1966,0,-1,44.43864353,26.13341194,0.256832977,0.168769577
44,2,5,11,119900,61,2021,1,0,44.48571213,26.06194122,1.709631582,0.296913038
45,1,3,3,117999,135,2024,0,-1,44.48279871,26.11873935,0.288750417,0.201987305
94,3,5,5,169000,170,1931,0,-1,44.433224,26.10741994,0.471362994,0.098957528
50,2,7,9,99000,59,1970,0,-1,44.42567869,26.02917943,0.378186832,0.14988995
93,3,17,18,299900,96,2025,0,0,44.41497156,26.12622353,0.334872129,0.343388915
62,3,4,4,132000,59,1961,0,-1,44.42567869,26.05612889,0.091054137,0.092830991
71,3,5,6,100500,23,2026,1,0,44.36948425,26.11372075,2.05517932,0.162776594
50,2,8,8,99600,59,1972,0,-1,44.41926294,26.02019628,0.082739932,0.185654838
50,2,6,10,122000,59,1974,0,0,44.421946,26.04644329,0.376553019,0.216928104
86,3,2,4,134000,141,2025,1,0,44.4073193,25.99925383,1.90903225,0.2716718
51.46,2,1,5,140000,59,2026,0,-1,44.41474404,26.00377519,1.051686483,0.246064282
41,1,2,5,75000,59,2026,0,0,44.40961077,26.00569005,1.423670594,0.169539376
77,3,3,4,220000,162,2025,0,0,44.4250704,26.11951949,1.05280554,0.113810155
49,2,2,3,81700,140,2025,0,0,44.39515719,26.08757094,1.244557328,0.40874949
54,2,5,7,129500,111,2020,0,-1,44.39568053,26.13092783,0.750138966,0.573626386
113,4,2,5,350000,106,2026,1,-1,44.42876797,26.11817632,1.366835045,0.195717376
77,2,-1,4,150000,101,1936,0,-1,44.43906381,26.11818178,1.203217184,0.126116949
62,3,0,3,79500,73,2016,0,1,44.3748191,26.088687,3.114049604,0.223635584
54,2,2,5,141000,80,2018,1,0,44.512467,26.139382,3.968277826,2.348298292
63,2,3,4,148500,83,2026,0,0,44.48535233,26.05838087,1.425066189,0.094889197
99,3,3,4,220000,83,2026,0,0,44.485401,26.05849697,1.435230052,0.100794436
53,2,0,6,88500,25,2026,1,0,44.37433296,26.11002781,2.097310542,0.309801789
65,3,4,4,127000,25,1975,0,2,44.38663,26.10598,1.368094997,0.196424136
64.84,3,4,10,134000,56,1970,1,2,44.4234007,26.1435851,0.428207726,0.208955756
50,2,2,10,107000,23,1981,1,0,44.37433296,26.13697727,0.598333594,0.160041621
36,2,1,10,65000,10,1974,1,2,44.38018,26.12878,0.527899256,0.144593966
36,2,0,10,64500,159,1975,0,0,44.46332062,26.12645353,1.50044369,0.080356902
44,2,0,7,97000,63,1964,0,-1,44.40770838,26.09129707,0.532979578,0.041682232
85,3,1,4,209000,40,2021,0,-1,44.4969677,26.00514937,1.692550124,0.871020536
78,4,5,10,139000,130,1976,1,0,44.44303247,26.1574728,1.267362662,0.081938594
61,2,3,8,120000,23,2022,1,0,44.36148949,26.13697727,0.98252848,0.046452318
68,3,0,7,202000,135,2018,1,2,44.489,26.13007,1.411508813,0.854643042
66,3,5,10,199000,135,2025,1,2,44.49021,26.11638,1.059424089,0.392056606
63,3,0,3,160000,163,2017,0,-1,44.41405701,26.11027726,0.381526063,0.204686269
65,3,1,4,115000,164,1968,0,0,44.41344973,26.18204181,0.629593063,0.484069557
45,2,0,7,70000,10,1965,0,0,44.38101661,26.122461,1.038180562,0.232034767
41,2,1,7,139000,126,1976,0,-1,44.451067,26.0805748,0.31277663,0.118433417
41,1,1,10,79900,87,1986,0,0,44.46058731,26.12381515,1.185285797,0.238079324
65,3,2,4,152000,44,1986,0,0,44.46697588,26.13934314,2.247745088,0.010269366
53,2,0,6,108000,42,1928,1,1,44.4344856,26.0837491,0.523719535,0.062436657
42,2,8,9,112999,42,1960,1,0,44.44189091,26.08955865,0.770246945,0.233074822
102,4,1,7,204999,42,1947,1,0,44.43830076,26.08757073,0.627907097,0.043978725
82,3,1,6,114999,12,1930,1,1,44.43427245,26.11117625,0.690168544,0.159282307
42,2,6,9,124999,170,1960,1,0,44.44123552,26.10084052,0.568416043,0.164709958
54,2,7,10,92999,59,1982,1,0,44.4157347,26.02735184,0.357601713,0.213372669
40,2,2,3,92500,174,1960,0,-1,44.44207553,26.15002412,1.348930348,0.118470597
31,1,4,10,69500,59,1979,1,1,44.41937971,26.04743572,0.614870381,0.049798491
40,2,3,7,115000,135,2024,1,-1,44.49515575,26.12780587,1.837349315,1.343682025
40,2,3,7,120000,135,2024,1,-1,44.49380844,26.12418122,1.577615508,1.037456564
56,2,11,11,169999,92,2018,0,-1,44.43329244,26.04083762,0.583703158,0.165930091
78,3,7,8,247900,29,1998,0,-1,44.43224068,26.12651955,0.946424938,0.065528845
64,2,5,9,239000,169,1997,1,-1,44.426231,26.125779,1.20822172,0.13504436
130,4,4,5,459999,55,2015,1,-1,44.46124585,26.09728211,1.017162216,0.224732356
47,2,3,4,134500,49,1982,0,-1,44.45717196,26.04883075,0.599492563,0.339643798
54,2,8,10,117000,56,1984,1,0,44.41510021,26.13301243,0.564148113,0.007917795
55,2,8,8,138000,20,1983,0,0,44.43398845,26.1563361,1.058373351,0.269559384
60,2,10,10,108900,167,1985,0,-1,44.45706163,26.06412813,0.662520558,0.146594067
60,3,11,13,120000,75,1967,0,-1,44.464844,26.054898,0.48100188,0.094525361
50,2,6,10,119000,164,1968,0,0,44.42592892,26.14924539,0.95782116,0.065144913
70,2,3,4,125000,164,2009,1,0,44.41658355,26.18724613,1.124495951,0.519971201
43,2,0,8,115000,18,1965,0,-1,44.4591225,26.11376456,0.950464347,0.083096826
77,3,7,7,240000,52,1990,1,0,44.43209374,26.11002781,0.712307355,0.166090723
50,2,10,10,120000,23,1993,0,-1,44.39530833,26.11635556,0.540231328,0.128604633
46.2,2,0,4,92800,59,1964,0,0,44.42348864,26.03464428,0.191271969,0.128683852
66,2,4,12,195000,180,2011,1,0,44.41863568,26.12589186,0.739513158,0.161329764
60,2,8,8,176000,52,1995,1,0,44.430491,26.135583,0.317027683,0.169828972
67,3,1,10,119000,53,1976,1,-1,44.4611133,26.1338402,1.463407816,0.130607093
67,3,2,4,138000,53,2025,1,0,44.455434,26.144001,1.692562593,0.053883619
89,4,0,11,365000,92,2018,0,-1,44.43272686,26.04116924,0.626431158,0.200832977
62,2,8,12,140000,141,2026,0,-1,44.40975927,25.99789884,1.772569122,0.025817015
67,3,4,4,95000,23,1970,0,0,44.381128,26.114146,1.46505486,0.141877405
54,2,1,10,134800,97,2025,1,0,44.44565908,26.02228022,1.289651238,0.323344162
52,2,3,10,129900,97,2025,1,0,44.44582398,26.0221983,1.307606507,0.332837795
60,4,10,10,83000,74,1973,1,0,44.440711,26.01592,0.854119735,0.138837561
37,1,1,9,124999,76,2020,1,0,44.44134745,26.05386639,0.547586254,0.356234549
34,1,7,7,69000,26,1978,0,0,44.44776548,26.12804432,0.393658675,0.210835593
45,2,2,6,67000,23,2026,1,0,44.36148949,26.15494357,1.218969279,0.455132509
71,3,2,6,102000,23,2026,1,0,44.36148949,26.15494357,1.218969279,0.455132509
62.63,2,6,8,117000,28,2024,1,0,44.53352143,26.09715429,6.049635555,0.544128782
75,3,2,6,108100,23,2026,1,0,44.36148949,26.15494357,1.218969279,0.455132509
175,3,0,6,145500,23,2017,1,0,44.36148949,26.15494357,1.218969279,0.455132509
91,4,-1,2,150000,123,1947,0,1,44.434186,26.11698,1.143240711,0.107313107
55,2,0,4,139999,56,1984,0,-1,44.41443059,26.14108209,0.760569264,0.53775559
52,2,0,8,149999,56,1985,0,-1,44.41605712,26.14090253,0.580772358,0.357137282
138,2,0,6,112800,23,2017,1,0,44.36148949,26.15494357,1.218969279,0.455132509
98,2,0,6,86000,23,2017,1,0,44.36148949,26.15494357,1.218969279,0.455132509
44,2,7,8,119500,59,1964,1,0,44.42737597,26.04861973,0.255517744,0.104975161
62.51,3,8,8,164950,129,1992,1,0,44.423914,26.071887,0.971940386,0.02737638
60.9,2,5,11,171200,81,2026,0,0,44.4455036,26.15530166,1.580739872,0.135828942
60,2,4,7,169000,120,1959,1,0,44.4461624,26.0973799,0.044691064,0.07929193
52.5,2,3,5,140000,10,2021,1,0,44.37976104,26.14819592,1.019416523,0.479785799
67,3,3,3,82900,126,1940,0,4,44.44705854,26.08236267,0.566834683,0.090895298
37.3,2,3,7,73000,97,2025,0,-1,44.44635025,25.99034785,1.706509736,0.420098308
57.99,2,6,10,139000,173,2000,1,0,44.41284648,26.01121313,0.937888888,0.181693573
69.4,3,1,5,157900,160,2024,1,0,44.4142274,26.192375,0.734600759,0.688140983
51,2,1,4,105000,59,1972,0,0,44.41686593,26.03008644,0.576533146,0.193454564
60.9,2,0,11,161900,81,2026,0,0,44.4455036,26.15530166,1.580739872,0.135828942
71,3,6,8,143000,23,1985,0,-1,44.38075364,26.13697727,0.181762798,0.186483444
76,3,3,8,238000,106,1992,1,0,44.42359819,26.11167903,0.780559735,0.168208108
64,3,6,10,134000,44,1970,0,0,44.45545584,26.12863428,0.711290589,0.095267356
50,2,2,8,120000,20,1983,1,0,44.43650222,26.16325928,0.506373701,0.092977966
69,3,4,4,169000,160,2019,0,-1,44.40814796,26.18046697,0.457069355,0.251746049
39,2,6,8,157000,42,1961,1,0,44.43563994,26.08982594,0.302659264,0.076460857
133,5,2,4,298000,77,1938,1,0,44.44300486,26.10163742,0.446543185,0.235028617
73,3,11,11,227000,176,1979,1,-1,44.4523385,26.079568,0.378704529,0.072274957
28,1,5,7,76000,42,1933,1,0,44.4342964,26.0825809,0.556623806,0.083431647
46,2,0,4,92800,59,1964,0,0,44.42503137,26.03483354,0.352851688,0.26313215
136,4,1,7,447000,134,2017,0,-1,44.46262147,26.12181007,1.423086746,0.184307276
30.03,1,0,7,69900,164,2015,1,0,44.422126,26.180603,1.382215074,0.150078995
79,3,1,7,339500,163,2026,1,0,44.41982277,26.10822697,0.537278226,0.250757612
61,2,6,8,205000,169,1998,1,0,44.42046138,26.11633856,0.481805861,0.025118365
49,2,1,3,135000,106,1940,0,0,44.43207505,26.12064042,1.397153318,0.088757902
45,2,6,8,93500,73,1964,0,-1,44.39533341,26.0956957,1.017451867,0.27395097
88,4,9,11,130000,130,1978,1,0,44.43850808,26.17290988,0.428232886,0.084436726
58,2,1,7,105000,179,2013,0,-1,44.398465,26.14427,1.850510556,0.115447978
43,2,4,7,124900,124,1963,1,0,44.42567869,26.10104466,0.273391255,0.142179207
76.75,3,3,5,130000,42,1950,0,0,44.44112108,26.08901226,0.855518976,0.164016287
28.38,1,8,10,57000,130,1977,1,0,44.4436311,26.16031511,1.158459231,0.117180716
26.72,1,0,4,115763,101,2026,0,-1,44.4450607,26.1250423,0.546368957,0.185645939
26.72,1,0,7,115637,101,2026,0,-1,44.4450607,26.1250423,0.546368957,0.185645939
30,1,8,10,68500,81,1982,0,-1,44.44520542,26.13778277,0.602016913,0.218639905
47,2,3,7,99900,1,1967,1,0,44.47027166,26.05784413,0.605181784,0.10964131
46,2,0,4,92800,59,1964,0,0,44.42656879,26.02950724,0.47011951,0.06266967
42,2,3,6,114800,0,2017,1,-1,44.40935728,26.17440379,0.131815136,0.218864843
55,2,7,7,141900,163,1985,1,0,44.41485537,26.10597053,0.10383834,0.069240865
49,2,3,4,109900,92,1963,0,-1,44.42485728,26.03553878,0.35839245,0.291293161
50,2,3,4,82499,97,2025,1,0,44.44380779,25.98361898,1.575967514,0.4981262
84,3,5,7,225000,163,1991,1,0,44.40596833,26.12227173,0.787624987,0.132287787
54,2,3,7,105000,10,2012,0,0,44.37764875,26.13317444,0.277613713,0.191741053
127,3,3,5,167800,141,2026,0,2,44.4039127,25.9802485,3.046266119,0.354298952
51,2,8,8,48990,97,2018,1,0,44.44328734,25.9839626,1.512396213,0.436092595
46,2,0,4,92800,92,1964,0,-1,44.42478307,26.03463901,0.321697565,0.272511302
58,3,9,10,90799,59,1974,0,0,44.41532692,26.02769193,0.392748257,0.254899019
54,2,1,4,185000,14,1986,0,-1,44.48256922,26.09713644,0.45302329,0.121271009
190,4,11,12,1200000,14,2024,1,0,44.48354185,26.10795254,0.758008044,0.053567688
48,2,6,8,124000,81,1981,1,0,44.44275003,26.13359088,0.204571714,0.170748942
77.57,3,6,11,197000,90,2013,0,0,44.42496228,26.17392243,0.892010204,0.16697196
60,2,4,4,140000,163,1986,0,0,44.40616694,26.11934419,0.911895785,0.21801512
61.3,3,8,8,124900,59,1974,1,0,44.41537473,26.02986754,0.561145924,0.219818152
47,2,5,7,120000,160,2019,0,-1,44.41459658,26.18734818,0.93269468,0.672350051
45,2,2,10,123000,59,1964,0,-1,44.42350895,26.0259352,0.031118035,0.066684859
50,2,4,4,105000,1,2009,0,-1,44.47189949,26.04922269,0.126384996,0.145291406
51,2,1,7,119000,64,2025,0,2,44.44492172,26.14596042,1.112180675,0.233351324
100,3,0,3,340000,78,1987,0,2,44.48874,26.08399,1.673772118,0.022526373
42,1,10,10,71999,173,1975,1,0,44.41575832,26.01631249,0.524631159,0.035313731
57,3,7,7,139000,25,2017,0,-1,44.37655,26.10608333,2.232480197,0.025772754
47,2,0,1,94000,154,1960,0,1,44.41946341,26.11468577,0.326376289,0.052203053
68,2,1,4,265595,14,2024,1,2,44.48338877,26.10104466,0.474158663,0.218764923
42,1,1,7,128000,130,2022,0,-1,44.4374033,26.1637605,0.500323907,0.158190524
36,2,1,6,53488,97,2026,1,0,44.43830794,25.98742451,0.903784962,0.234237978
21,1,1,4,51900,0,1976,0,0,44.40860207,26.17751907,0.24191417,0.15351135
66,3,5,10,175000,56,1982,1,0,44.41869823,26.13947213,0.272249806,0.096807727
29,1,-1,9,48500,97,2019,1,0,44.44563511,25.98338905,1.774775323,0.701092655
59.73,2,1,3,108000,157,2026,1,0,44.403419,26.178849,0.803317394,0.715345892
54.4,2,7,11,160200,81,2026,0,0,44.4455036,26.15530166,1.580739872,0.135828942
64,3,6,10,134000,110,1970,1,0,44.45561019,26.12963263,0.768366844,0.065064851
32,1,8,10,108000,163,2017,0,-1,44.41170469,26.11226318,0.560487413,0.187064882
59,2,4,8,91800,95,2024,1,0,44.36510505,26.13465801,0.832351403,0.137758002
54,2,2,7,129000,27,2012,0,-1,44.48268602,26.0381816,0.211175773,0.240942811
70,3,5,11,260000,18,2020,1,0,44.44019828,26.10227204,0.483705345,0.172773108
61,3,7,8,125000,91,1965,0,-1,44.45235022,26.11935482,0.464209733,0.032670658
43.9,2,4,4,110000,0,2015,1,0,44.40359449,26.17704376,0.748775274,0.702696852
50,2,9,10,174999,135,2023,0,-1,44.49493694,26.11607144,1.585466975,0.686820469
93,3,1,7,195000,101,1938,0,1,44.44210303,26.12409915,0.726667135,0.304387802
50,2,4,4,139500,162,1961,0,1,44.41735075,26.11230465,0.112512363,0.117086914
101,4,3,5,229000,135,2021,1,-1,44.51366001,26.14168961,4.170916564,2.517743706
45.75,2,1,8,163000,163,1977,1,0,44.41284648,26.11002781,0.475782893,0.232017083
55,2,10,11,188000,137,2017,1,-1,44.43970384,26.0312438,0.608257288,0.169144365
66,3,6,7,144990,59,1982,0,-1,44.41765895,26.04937952,0.836318358,0.240737464
95,3,9,12,255000,2,2023,0,-1,44.41760873,26.07031166,1.425802268,0.219731528
71,3,2,4,140000,88,1936,1,0,44.42298952,26.09195879,0.917332969,0.161480884
67,3,3,10,138000,23,1978,1,0,44.38304033,26.09287445,2.168718295,0.073922591
62,2,7,10,175000,14,2026,0,-1,44.48363042,26.10545297,0.645283576,0.22424014
41.08,2,7,11,133300,81,2026,0,0,44.4455036,26.15530166,1.580739872,0.135828942
118,3,9,9,325000,26,2012,0,0,44.45815628,26.13276555,1.143506902,0.125411305
42,2,3,4,108000,0,2018,1,0,44.4095517,26.18765585,0.550771568,0.185602032
43,2,4,7,145000,163,1960,1,0,44.41926294,26.10104466,0.577590302,0.27543269
64.41,3,9,10,115000,44,1976,1,0,44.4626088,26.13137539,1.522890882,0.038105131
55,2,5,6,131499,59,2019,0,-1,44.41765071,26.00251578,0.958288205,0.126358587
83.4,3,5,8,225880,163,1991,1,0,44.40642932,26.11901096,0.910158797,0.228271911
60,4,9,10,100000,59,1974,1,0,44.4191115,26.02375635,0.319770091,0.308188076
43.8,2,2,3,153000,52,2014,0,0,44.429325,26.135993,0.401483963,0.243534311
127,3,7,8,750300,67,2021,0,-1,44.468673,26.105596,1.240552989,0.186512165
133.74,5,5,8,445000,55,1982,1,-1,44.45028812,26.09881455,0.509990437,0.308827327
52,2,2,7,77498,97,2026,1,0,44.4400996,25.9872958,1.100584926,0.202651236
83,3,0,1,168000,131,1920,0,-1,44.42164704,26.09145774,1.045614711,0.038807293
49,2,5,8,108000,44,1984,0,-1,44.46083333,26.12673889,1.230084733,0.058771129
61.94,4,9,10,129000,87,1988,1,0,44.46415842,26.11901096,1.633264885,0.282164206
68.4,3,3,4,134999,0,1972,0,0,44.418125,26.165637,0.614046685,0.088723404
116,5,4,5,259000,42,1935,1,1,44.44115696,26.08187505,0.844345357,0.065541199
77,3,1,6,158000,12,2017,0,-1,44.44630828,26.11447242,0.865259463,0.103833876
51.61,2,2,10,215000,14,2020,1,0,44.48774986,26.09321324,1.106825067,0.176245395
62,3,8,10,148000,110,1975,0,2,44.42567869,26.10104466,0.273391255,0.142179207
56,2,3,6,71500,141,2008,1,0,44.40528,25.99645,2.22426297,0.448666969
104,3,4,4,233000,110,2023,0,0,44.45774689,26.12799412,0.92198757,0.047057692
100,3,3,4,179000,186,2023,0,4,44.4568937,26.1270587,0.808697367,0.167512017
55,2,1,3,155000,23,2016,0,-1,44.36780421,26.11895005,1.849569559,0.083119388
85,3,2,3,225000,23,2018,0,-1,44.36807511,26.11868956,1.843183945,0.119113333
41,1,4,7,94500,96,1990,0,-1,44.41701538,26.13196583,0.662698296,0.131355214
53,2,7,10,115000,132,1977,1,0,44.4610296,26.11646718,1.25172571,0.180526878
59.4,3,4,8,125000,186,1963,1,0,44.45133466,26.11901096,0.434578042,0.083906461
68.5,3,11,11,199000,59,2025,1,1,44.42567869,26.02019628,0.526273776,0.215747821
71,3,2,6,102500,23,2026,1,0,44.36148949,26.15494357,1.218969279,0.455132509
68,2,3,6,96300,23,2026,1,0,44.36148949,26.15494357,1.218969279,0.455132509
61,2,3,6,86000,23,2026,1,0,44.36148949,26.15494357,1.218969279,0.455132509
51,2,3,6,71700,23,2026,1,0,44.36148949,26.15494357,1.218969279,0.455132509
73,2,6,9,239000,169,1994,1,0,44.426717,26.11265,0.93958287,0.064994477
63,3,0,2,219000,176,1940,0,-1,44.44676332,26.08424646,0.578200035,0.104968327
81,4,1,8,155000,74,1982,0,-1,44.432155,26.018997,0.284117833,0.077413057
94,3,9,20,245000,95,2009,1,0,44.37104413,26.14094086,0.320669607,0.079711919
40,1,3,6,58500,23,2026,1,0,44.36148949,26.15494357,1.218969279,0.455132509
53,2,7,10,180000,163,1985,0,-1,44.40001146,26.11901096,0.801392808,0.159467618
56.5,2,2,6,89842,23,2025,1,0,44.36791158,26.11002781,2.396615134,0.343015896
43,2,3,7,170000,124,1962,1,-1,44.43246803,26.11098981,0.753686346,0.101810507
58,3,2,7,222000,98,2025,1,0,44.42483095,26.09043891,0.900232009,0.005235172
95,4,4,5,210000,64,1932,0,1,44.447133,26.138747,0.821109152,0.201315484
104,4,4,7,349999,169,1992,1,0,44.43121717,26.10323671,0.386323816,0.144662837
71,3,4,10,116000,161,1965,1,0,44.42855479,26.05360488,0.374840959,0.084223409
86,4,1,8,130500,145,1986,1,0,44.40933313,26.05674713,1.852063193,0.247414288
20,1,7,10,67500,52,2017,0,-1,44.42793532,26.12598691,1.110410627,0.264390147
39.75,1,1,8,89000,52,1986,0,-1,44.42470279,26.13598796,0.472044648,0.100400769
60,3,6,8,133000,174,1965,0,0,44.43609195,26.13946071,0.409057384,0.195133435
89.4,3,1,11,125000,130,2025,1,0,44.449831,26.1656,1.619907569,0.085167476
75,3,11,11,199000,74,2025,0,-1,44.43335292,26.02104101,0.08448812,0.09144165
50,2,4,4,89000,118,2017,0,-1,44.4310138,26.14801586,0.778260075,0.218731877
45.23,2,6,9,98500,74,1968,1,-1,44.436192,26.015846,0.496111257,0.246289783
85,3,1,4,369050,14,2024,1,2,44.48338877,26.10104466,0.474158663,0.218764923
40,1,0,6,58470,23,2026,1,0,44.36148949,26.15494357,1.218969279,0.455132509
95.2,3,2,7,200000,135,2022,0,-1,44.49277932,26.12160907,1.401804309,0.821815786
100.9,3,3,5,200000,135,2022,0,-1,44.489427,26.12443724,1.152829873,0.757304892
42,2,4,7,82900,23,2025,1,0,44.36148949,26.15494357,1.218969279,0.455132509
42,2,3,4,104900,9,2013,1,0,44.437091,26.014754,0.621581491,0.142459308
63,2,0,3,275000,51,2020,1,0,44.44629726,26.11740506,0.668801241,0.277333457
87,3,5,7,500000,78,2008,0,-1,44.48655583,26.08622282,1.3846093,0.321543849
57.87,3,9,10,96990,9,1978,1,0,44.440492,26.016441,0.81255683,0.117478403
78,2,10,22,195000,124,2012,1,0,44.40807909,26.12278442,0.571181656,0.129355954
111,4,2,9,360000,84,1976,1,0,44.45651975,26.0803467,0.596397342,0.101502457
20,1,0,7,61980,153,1941,0,0,44.43342737,26.09896546,0.405943501,0.246832411
50.5,2,0,4,227750,110,2025,0,-1,44.4459187,26.12496441,0.45104467,0.160744704
58,2,0,4,270500,81,2025,0,-1,44.4459187,26.12496441,0.45104467,0.160744704
45,2,1,7,91000,63,1963,1,-1,44.40639734,26.09385722,0.286043364,0.138224304
62,2,0,4,275100,101,2025,0,-1,44.4459187,26.12496441,0.45104467,0.160744704
55,2,0,4,270050,101,2025,0,-1,44.4459187,26.12496441,0.45104467,0.160744704
50,2,4,9,123000,164,2017,0,0,44.42561076,26.16171182,0.101730314,0.118100036
15,1,2,4,19000,0,1976,0,0,44.41284648,26.18189303,0.583846476,0.42254821
44,2,4,8,97000,160,2023,0,-1,44.41458158,26.19777852,0.814910876,0.795745379
62,3,3,10,114900,59,1973,0,-1,44.4213403,26.0344852,0.119963508,0.110534507
82,4,7,8,200000,163,1982,1,-1,44.40953086,26.11686804,0.842444854,0.062519622
73,3,11,11,227000,176,1979,1,-1,44.45231407,26.08002793,0.342123335,0.038028266
54.42,2,5,6,126500,10,2016,1,1,44.372017,26.125629,1.143943812,0.249730532
74.8,4,4,4,94900,145,1983,0,3,44.408923,26.072483,1.951680642,0.270935081
30,1,6,10,74700,56,1970,1,-1,44.4239865,26.14457402,0.530065761,0.137826465
59,1,3,6,195000,12,2021,1,0,44.44149622,26.1143598,1.112857957,0.175841824
40,2,8,10,74000,158,1977,0,2,44.46415842,26.11901096,1.633264885,0.282164206
53,2,2,4,152000,80,2023,0,0,44.51239066,26.13905325,3.948907003,2.323546454
40,2,3,10,71500,25,1972,0,-1,44.38005952,26.10737383,1.859969956,0.238519284
63,3,2,7,143500,10,2021,1,0,44.37167208,26.1288212,1.022817166,0.033173327
147,5,2,3,258000,44,2009,0,0,44.45774689,26.15494357,2.548696142,0.568351925
60.8,3,4,4,112000,141,1977,0,0,44.4137019,26.0209765,0.314373147,0.162385737
48,2,3,10,109900,107,1978,1,0,44.41284648,26.16392673,0.216444781,0.061722196
37,2,4,4,55000,25,1971,0,0,44.3790044,26.10462313,2.091819745,0.265556726
31,1,2,9,49000,5,1966,0,0,44.37658412,26.12173588,1.134032035,0.115304095
73.18,3,2,4,128000,145,1987,0,0,44.40642932,26.0740952,1.773306101,0.131078514
68,3,8,10,142999,59,1984,1,0,44.41801898,26.0194443,0.221277081,0.156310004
36,2,0,10,80990,25,1974,0,0,44.38010388,26.11145243,1.667855312,0.156332428
37.15,2,2,10,59500,23,1973,1,0,44.378708,26.094866,2.49679757,0.021936645
81,4,1,4,128500,25,1974,0,-1,44.38589411,26.10388756,1.486020622,0.228892237
32,1,2,7,49900,97,2025,1,0,44.44562728,25.98341015,1.773445623,0.69994571
75,3,0,5,168000,59,2022,0,0,44.41789912,26.00179366,1.000881624,0.117301398
44,2,6,6,80000,10,2026,1,0,44.37804821,26.13337398,0.233625675,0.22896235
62,3,0,4,95000,97,1965,0,-1,44.43784001,26.01737336,0.523917802,0.21399739
50,2,1,3,69700,140,2025,0,0,44.39833098,26.08435329,1.166187357,0.055128941
39,2,10,10,70000,59,1975,1,-1,44.41786035,26.02039359,0.238701222,0.092307166
83,3,4,8,253000,52,1994,1,-1,44.42532072,26.12905737,0.931369762,0.144341802
47.2,2,3,6,118000,23,2025,1,0,44.378418,26.13345989,0.200130396,0.19587125
31,1,7,7,69500,110,1978,0,0,44.44645729,26.1295784,0.580387506,0.212228314
152.65,4,5,5,279000,155,2020,0,0,44.51441977,26.02152895,1.296329056,0.302939509
62,3,3,4,114000,59,1972,0,-1,44.41284648,26.01121313,0.937888888,0.181693573
76.4,3,1,3,446585,78,2025,1,0,44.478516,26.095229,0.405935294,0.222996362
35,1,3,7,97000,3,2015,0,-1,44.42394955,26.12751726,0.980477183,0.202416288
68,3,6,7,140000,49,1984,1,0,44.45893233,26.04577833,0.80368755,0.199739931
51,2,0,8,125000,101,1983,1,2,44.44012,26.11496,1.077087239,0.135821595
64.87,3,9,10,175100,56,1988,1,0,44.41926294,26.13697727,0.274387487,0.072515117
95,2,5,6,115900,160,2008,1,-1,44.40729732,26.17745819,0.361758044,0.292107452
46,2,6,10,114900,15,1968,0,-1,44.42620131,26.14749071,0.86494506,0.207735693
63,2,0,8,150000,129,1990,0,0,44.42562325,26.0684379,0.64144218,0.073678212
70,3,3,8,200000,2,1990,1,0,44.42488616,26.07451081,1.080969563,0.131357783
85.11,3,2,7,302500,28,2025,0,0,44.48979748,26.0920615,1.349949152,0.421457737
70,3,0,2,300000,142,1965,0,-1,44.46480332,26.09339979,0.571026704,0.190401554
30,1,9,10,60800,164,1975,1,0,44.42205416,26.17189774,0.802149623,0.281195348
56.17,2,1,7,249500,137,2022,1,-1,44.43209374,26.04714574,0.687817534,0.287516068
79.7,3,10,10,245000,2,2024,1,-1,44.42369742,26.06078621,0.410646743,0.213788424
79.7,3,10,10,245000,129,2024,1,-1,44.42418887,26.06481457,0.629788151,0.166044287
55,2,7,11,174000,135,2026,1,-1,44.48020008,26.11827831,0.141628782,0.22514375
55,2,7,11,174000,14,2026,1,-1,44.48081239,26.11716993,0.045378173,0.129231979
75,3,3,3,315000,158,2015,0,-1,44.46655029,26.13719889,2.119656689,0.040620339
42.06,2,0,8,105000,72,1976,0,0,44.45774689,26.05612889,0.408709767,0.245476523
160,4,3,3,169000,85,2017,0,-1,44.43437439,26.08464303,0.452824619,0.101376662
53,2,3,10,112990,92,1975,1,-1,44.43335674,26.03125603,0.232549524,0.088224265
109,3,10,11,299990,135,2022,1,0,44.47697936,26.11901096,0.453284132,0.181937888
75,3,1,3,160900,160,2019,0,-1,44.41499466,26.18977655,0.877190191,0.626590893
67.1,3,1,4,123900,95,2025,1,0,44.357636,26.118606,2.354439307,0.663319803
109,3,15,17,400000,96,2009,1,-1,44.40889579,26.12258303,0.515560008,0.050501491
77,3,3,10,115500,97,2026,1,0,44.44154762,25.98116398,1.426334897,0.380478394
42,2,2,10,62900,97,2026,1,0,44.44637856,25.97010385,2.380064601,0.662385207
78,3,7,8,167000,97,1989,1,0,44.43608744,26.03496691,0.201633737,0.064697069
31,1,8,8,50000,143,1964,1,0,44.39154987,26.09665139,1.270250862,0.275432494
85.67,3,3,7,220000,170,1930,1,-1,44.44011423,26.0930694,0.725375624,0.047733258
40,2,1,3,153000,67,1960,0,-1,44.46057603,26.10520455,0.867789667,0.141490639
41,2,9,9,97000,170,1959,1,0,44.43954724,26.09980585,0.472611607,0.044667247
36,1,1,7,64000,59,2015,0,0,44.40604999,26.02337453,1.126613087,0.120885617
36,1,0,7,67500,59,1982,0,-1,44.41837727,26.04809206,0.733142285,0.163465996
67,3,2,7,148000,151,1982,1,0,44.4146572,26.08205777,1.597738009,0.134221458
71,3,4,4,165000,25,1988,0,0,44.39300714,26.11451201,0.618595867,0.350962888
38,2,5,10,82000,92,1975,1,1,44.43514475,26.03829061,0.371828312,0.201455965
181,4,11,11,630000,15,2010,1,0,44.43272644,26.16091103,0.749111807,0.184009261
181,4,11,11,630000,164,2010,1,0,44.43269273,26.16075474,0.761957657,0.183943131
181,4,11,11,630000,20,2010,1,0,44.43301166,26.16067589,0.75377808,0.148106312
181,4,11,11,630000,168,2010,1,0,44.43305025,26.16073403,0.747901308,0.145393807
36,1,5,11,120000,92,2022,1,0,44.43115945,26.04186026,0.748653272,0.354201687
50,2,3,4,169000,55,1968,1,2,44.46415842,26.10104466,1.178824619,0.201492583
93,4,0,2,790000,55,2025,0,0,44.45702929,26.10414821,0.4888891,0.150857076
78.9,3,10,11,310000,67,2022,1,-1,44.47697936,26.11901096,0.453284132,0.181937888
112,3,2,3,389000,80,2008,1,2,44.51542529,26.11002781,3.898350655,0.03177852
76,3,2,7,235000,169,1988,1,0,44.42567869,26.13697727,0.535184375,0.033958669
71,2,2,11,240000,169,2026,0,-1,44.42743425,26.12301797,1.346889376,0.201829956
104,4,1,6,260000,80,2010,1,0,44.51329768,26.10855097,3.68261058,0.224080942
42,2,6,10,62900,97,2026,1,0,44.44148155,25.9789753,1.513817858,0.524674728
222,3,3,3,270000,164,2014,0,-1,44.42122778,26.17111944,0.791158173,0.378043006
75,3,3,3,315000,158,2015,0,-1,44.47041228,26.13230955,1.689030451,0.530564959
35,1,6,10,78000,15,1975,0,-1,44.42590143,26.14984327,0.996008322,0.019720423
35,2,4,10,69500,130,1974,1,0,44.44334616,26.16223159,1.042804666,0.111159818
66,3,10,10,129800,164,2017,0,-1,44.41716164,26.15772651,0.497707591,0.387226911
92,4,10,11,174500,81,1978,0,0,44.44119361,26.13367886,0.053270063,0.063908154
85,3,3,7,197000,163,1986,0,0,44.40401433,26.12072432,1.037226232,0.033217016
40,2,5,8,135000,42,1960,1,0,44.43923109,26.09194439,0.719056676,0.169341727
30,1,6,11,103000,160,2021,1,0,44.40405605,26.20623205,0.245858726,0.233890652
86,3,4,7,229000,28,1983,1,2,44.49082,26.07942,2.101245079,0.041523967
92.35,3,-1,3,150000,49,2020,1,0,44.450495,26.055348,0.623498339,0.059667914
86,3,3,3,160000,164,2021,1,0,44.42023357,26.19204994,1.399026593,0.020692845
63,2,2,3,199000,152,2021,0,-1,44.5029841,26.04134615,1.206306467,0.184158697
63,2,4,7,119000,141,2021,0,-1,44.4102625,26.0048595,1.390542337,0.137099674
40.49,2,1,3,76264,160,2026,1,0,44.41284648,26.19985934,0.728950093,0.648273824
51,2,2,5,121700,160,2023,1,0,44.414086,26.191511,0.735389868,0.667180028
44.8,2,0,3,94200,160,2025,1,0,44.419233,26.198754,1.330388761,0.554959317
29.7,1,7,12,80900,164,2017,1,0,44.421455,26.18197,1.348488368,0.121251262
50,2,1,4,101900,160,2026,1,0,44.422954,26.196383,1.522829034,0.197182776
44,2,2,3,105990,160,2026,1,0,44.417641,26.198555,1.156427297,0.607308078
46,2,1,3,107000,160,2025,1,0,44.418517,26.19944,1.271192634,0.62998418
44.1,2,8,8,115900,164,2017,1,0,44.421389,26.182225,1.349575156,0.124173427
48.28,2,13,14,121000,164,2009,1,-1,44.420073,26.181453,1.190925626,0.280263382
49.1,2,8,12,124900,164,2017,1,0,44.421389,26.182225,1.349575156,0.124173427
58.37,2,4,8,159900,179,1989,1,0,44.41284648,26.11901096,0.618706137,0.160564976
86.26,4,0,8,147900,160,1979,1,0,44.422679,26.178122,1.252847443,0.117495192
56,3,8,10,135900,59,1975,0,0,44.42397917,26.04623401,0.29612046,0.030970042
44,2,6,8,119999,81,1961,0,-1,44.44265117,26.13181389,0.215907255,0.155526617
29,1,4,5,45000,97,2023,1,-1,44.45072498,25.97105021,2.717224101,0.236311463
59,3,2,10,137000,59,1976,0,-1,44.41790429,26.03444338,0.468486993,0.017822077
77,3,5,9,155000,15,1965,0,0,44.42490878,26.14137432,0.452646443,0.23442075
57,2,6,11,215000,92,2019,0,-1,44.43287584,26.04056954,0.57601816,0.214183852
45,2,8,9,120000,91,1963,0,-1,44.4528023,26.1117839,0.480131354,0.010014885
47,2,8,12,258000,18,2023,1,0,44.47723902,26.10320115,0.31613419,0.26467481
60,2,14,14,158000,92,2025,1,0,44.4338609,26.0385081,0.389510708,0.188406796
54,2,3,7,134750,97,2025,1,0,44.44590741,26.02232712,1.317433907,0.346516091
46,2,2,7,119900,148,1961,1,0,44.44334687,26.09766335,0.27140882,0.029704652
116.75,5,3,4,278000,160,2025,1,0,44.41912353,26.1993262,1.332131812,0.601993185
78,3,6,10,184900,97,2025,1,0,44.44584603,26.02224129,1.310234999,0.336907513
78,3,7,10,209999,97,2025,1,0,44.44560268,26.02230536,1.283506587,0.32014563
52,2,3,10,132950,97,2025,1,0,44.44566402,26.02230536,1.290315424,0.325104212
53,2,7,10,114000,0,1974,0,0,44.41197771,26.16741847,0.510112021,0.04280165
33,1,1,4,73900,173,2007,0,0,44.41291044,26.00690549,1.054290594,0.244006366
49,2,5,10,117000,164,1970,1,2,44.41926294,26.16392673,0.647646536,0.146887934
85,3,7,8,249000,163,1985,1,0,44.4114993,26.1150915,0.592415299,0.072235353
50,2,7,10,131000,160,2021,0,-1,44.40444897,26.20676099,0.185254182,0.214450795
53.7,1,2,4,73755,160,2026,1,0,44.41147618,26.20033406,0.646034936,0.508677511
61.75,2,2,4,95900,160,2026,0,0,44.4117225,26.2059396,0.706312712,0.635588638
45.83,2,3,6,92450,101,1936,0,0,44.4477519,26.12312982,0.254628583,0.067685736
80,3,9,11,450000,67,2025,1,-1,44.479059,26.104065,0.301698585,0.094332162
80,3,6,8,227000,114,1996,1,-1,44.42347593,26.13078713,0.718306983,0.363531308
50,2,5,10,99000,156,2026,1,-1,44.3867553,26.0620579,3.355930185,0.128251022
76,2,4,4,475200,138,2026,1,0,44.44607294,26.10136313,0.301917068,0.079010413
53,2,6,9,179900,26,2015,1,0,44.44834457,26.11794308,0.52104721,0.152945846
83,3,1,4,375200,138,2026,1,0,44.45013561,26.09967818,0.511398003,0.291834633
65,3,4,10,129999,110,1975,1,0,44.45004211,26.12688984,0.220216908,0.128648598
85,4,13,14,139000,130,1979,0,0,44.441511,26.17871,0.972991806,0.180850877
68,2,3,4,139999,95,2018,1,1,44.36968076,26.12117049,1.577327028,0.1823952
62.4,2,2,3,87360,160,2026,1,0,44.41566695,26.20111269,1.042537069,0.897830942
85,3,5,8,245000,169,1991,1,2,44.42599,26.11988,1.156881192,0.059771813
61,3,2,3,159000,27,2015,0,0,44.47641159,26.03376189,0.887230421,0.449834073
47.5,2,7,7,63500,73,1963,1,0,44.386376,26.088471,2.105283512,0.298115351
64,3,4,10,159999,163,1977,1,0,44.41198598,26.1081968,0.416672299,0.200978435
62,3,8,8,119500,59,1971,1,-1,44.41189177,26.03716042,1.168857128,0.260077386
45,2,3,7,89500,23,2026,1,0,44.36019273,26.15017372,1.099533693,0.150271923
33,1,2,10,65000,53,1981,1,0,44.46354172,26.13744844,1.846595509,0.227858402
62,3,8,10,119500,59,1972,0,-1,44.41284648,26.02917943,0.621653612,0.128874746
60,2,1,11,176900,14,2023,1,2,44.48338877,26.10104466,0.474158663,0.218764923
51,2,6,10,139900,74,1980,1,-1,44.4322323,26.02409542,0.299550649,0.223827787
59,2,3,8,139900,0,2021,0,0,44.4170255,26.18557434,1.099131277,0.501171007
83,4,3,4,149000,25,1977,0,-1,44.38356437,26.10691661,1.60682898,0.269079361
36,1,5,7,45000,163,1930,0,-1,44.42002576,26.10680837,0.609659004,0.248704375
50,2,1,10,115000,179,1979,1,-1,44.41373527,26.13920791,0.823368756,0.378066844
78,3,5,10,184900,97,2025,1,0,44.44572342,26.02219845,1.296440336,0.324332849
51,2,10,10,149500,17,1982,0,-1,44.45295354,26.07492059,0.635049334,0.077062172
46,3,3,4,78000,25,1975,0,0,44.39334636,26.11002432,0.603497993,0.148340121
78,3,6,10,209900,97,2025,1,0,44.44563335,26.02234832,1.28711651,0.324967504
35,2,8,8,69000,25,1975,0,0,44.38537728,26.10957014,1.315669961,0.084759948
25,1,1,4,72000,49,1981,0,0,44.45133466,26.04714574,0.072368871,0.033254456
48,2,5,9,119000,150,1960,0,0,44.43733135,26.09567842,0.586543741,0.060280079
61,3,4,4,142000,56,1983,0,0,44.41511017,26.14529738,0.826150554,0.319175749
48,2,1,10,94000,0,1972,1,1,44.41926294,26.17290988,1.024495732,0.230739316
70,3,3,4,220000,164,1971,0,-1,44.42037071,26.16390948,0.525970179,0.047929357
34,1,10,10,105000,17,1982,0,-1,44.45474034,26.07694972,0.660813293,0.228945312
44,2,1,8,210000,31,1961,1,2,44.43209374,26.0920615,0.189789509,0.144665085
65,3,6,10,99000,110,2017,0,-1,44.45353412,26.12563529,0.418419626,0.225339506
80,3,1,3,154990,124,1947,0,1,44.41926294,26.10104466,0.577590302,0.27543269
61,2,8,8,109900,145,1986,1,0,44.41385777,26.06926931,1.684267928,0.219629975
73.9,3,4,10,198000,163,1980,1,0,44.41069585,26.1126609,0.668112183,0.141736569
47,2,0,5,97900,23,2021,1,1,44.36459313,26.12952264,1.222992521,0.145130171
47.85,2,2,4,118500,71,2025,1,2,44.40642932,26.02917943,1.193312663,0.35635886
69,3,3,10,103990,145,1978,1,0,44.40642932,26.0740952,1.773306101,0.131078514
65,3,2,3,160000,144,2023,0,1,44.43850808,25.99324682,0.932149397,0.487408734
54,2,3,10,134895,97,2025,1,0,44.44566402,26.02239127,1.290734309,0.329788858
106.51,3,1,16,345000,14,2011,1,2,44.47836,26.11627,0.259964564,0.08481922
47.2,2,3,5,76700,23,2026,1,0,44.36900059,26.11055347,2.297234628,0.317329698
50,2,5,8,194999,80,2025,1,-1,44.51301903,26.13033865,3.756364641,1.629505154
56.8,2,5,7,130000,160,2021,0,0,44.41064434,26.19348555,0.326930374,0.326477071
50,2,2,3,129000,160,2017,1,-1,44.419181,26.19926,1.336586632,0.595388858
78,3,8,8,165000,2,1990,1,0,44.42050069,26.0672281,1.031115492,0.06136558
50,2,9,10,97500,59,1972,1,0,44.41845633,26.0288041,0.533640264,0.118513698
44,2,4,4,78000,130,1975,0,0,44.43241274,26.21498108,2.007876451,0.302931491
95,4,6,7,367999,37,1995,1,0,44.42537116,26.09002746,0.839405336,0.065932921
86,4,7,8,210000,164,1986,0,0,44.43450841,26.16544252,0.340848913,0.194141779
85.1,3,11,11,327000,151,2023,1,0,44.42007884,26.06494709,0.929243708,0.04592964
59,3,9,9,137000,81,1970,1,0,44.43996719,26.13636493,0.280487459,0.172775053
118,4,5,7,299999,51,1947,1,0,44.44793419,26.09930837,0.275330855,0.077855017
79,4,2,10,165000,71,1974,1,0,44.42051964,26.05345097,0.603123634,0.455720742
56,2,2,4,294900,169,2023,0,0,44.422645,26.094643,0.791613836,0.157632668
61,3,6,10,138000,59,1974,1,0,44.41571971,26.01793067,0.397302057,0.163350955
76.3,3,1,3,114500,160,2026,1,0,44.42095127,26.19879652,1.515706713,0.454090766
47.17,2,1,3,76472,160,2026,1,0,44.41409039,26.19686771,0.739585011,0.784837007
82.18,3,1,3,110500,160,2026,1,0,44.41312324,26.20293607,0.922114267,0.758255122
80,4,0,7,196997,97,1978,1,0,44.43571924,26.0445345,0.83445642,0.232855719
47,2,6,9,104998,92,1968,0,-1,44.4461951,26.02271658,1.351499451,0.390912254
48,2,3,9,189000,42,1962,0,-1,44.44069361,26.09535838,0.59320844,0.145171492
35,2,4,10,67000,25,1973,1,-1,44.38324542,26.10661691,1.648009922,0.30708889
54,3,2,4,139000,128,1970,0,1,44.47697936,26.04714574,0.704018842,0.185172505
40,1,3,3,52892,69,2026,1,0,44.46283228,26.15577724,2.893349012,0.002604455
53,2,3,10,120000,164,1970,1,0,44.42567869,26.14596042,0.735683077,0.142077275
258.87,5,9,10,1999000,87,2010,1,1,44.46540369,26.11869671,1.707010968,0.418614679
32,1,2,10,71800,36,1978,0,2,44.46415842,26.13697727,1.882674653,0.165442452
47,2,8,11,165000,76,2020,0,-1,44.44304896,26.05192065,0.483377902,0.192801819
50.76,2,0,11,160000,69,2020,0,0,44.44475447,26.16727854,1.040631899,0.20749086
47.04,2,2,3,76264,160,2025,0,0,44.41734239,26.20336749,1.296708329,0.967807096
48.59,3,1,7,125000,175,1976,1,-1,44.43707491,26.02469149,0.425780014,0.144032752
41,1,9,9,125000,92,2021,1,0,44.43335926,26.04014863,0.528805927,0.204860517
68,3,2,8,135000,10,1983,1,0,44.38531633,26.13031035,0.753109972,0.18153247
40,2,8,10,71990,158,1977,0,-1,44.46276289,26.11811732,1.482482986,0.13003549
31,1,6,10,80000,56,1980,1,0,44.42272379,26.13700378,0.248981241,0.225619741
49,2,0,3,83000,73,2024,1,-1,44.37178804,26.09210536,3.285818623,0.172181808
115,4,0,3,409000,13,1938,0,4,44.4621644,26.0838869,0.486347079,0.269509411
56,2,11,11,139000,23,2020,0,-1,44.37139823,26.14091367,0.352035773,0.0402787
83.2,3,3,4,375000,62,2025,1,0,44.4495696,26.1025186,0.438970661,0.157769025
38,1,2,11,135000,92,2025,1,1,44.42905572,26.03951458,0.658667943,0.149777222
73,3,0,7,252000,76,2016,1,1,44.447251,26.0433608,0.343173928,0.3077752
50,2,4,4,162500,87,2025,1,0,44.46099265,26.11453414,1.149550678,0.143242512
107,3,9,9,349000,18,2007,1,0,44.45465022,26.10787153,0.268251475,0.285084883
99,4,1,8,190000,25,2024,0,0,44.3758474,26.10820085,2.19911018,0.16693032
70,3,2,10,126000,25,1974,0,0,44.37606578,26.11205428,1.894097319,0.091465814
64,3,0,10,249000,18,2018,1,0,44.477179,26.1179065,0.402741713,0.100371202
54.33,2,1,3,137000,144,2017,0,-1,44.43209374,26.01121313,0.673594582,0.253116817
51.13,2,3,7,87000,145,1983,0,-1,44.4072475,26.07450921,1.754339981,0.144154305
47.7,2,4,10,132999,59,1973,1,0,44.41940856,26.02854186,0.475257257,0.206084809
74.08,3,0,11,304000,92,2018,1,1,44.42567869,26.02917943,0.378186832,0.14988995
83.2,3,1,10,185000,152,2025,1,-1,44.50333478,26.04360593,1.354116938,0.102598101
47,2,0,7,103000,51,1940,0,1,44.44471549,26.10892226,0.908167223,0.188449915
51,2,6,7,110000,18,1961,0,-1,44.46037211,26.10682599,0.848522715,0.055669497
45.18,1,9,11,85900,0,2026,1,0,44.42128436,26.18193898,1.330012273,0.140146212
77,3,4,8,257000,169,2017,1,0,44.424839,26.128203,0.966769329,0.123342753
50.4,2,2,4,159999,101,2020,0,0,44.4485492,26.118066,0.504491209,0.146972317
108,4,8,23,1000000,14,2024,1,2,44.47697936,26.10104466,0.250349954,0.250717236
74,3,0,11,304000,92,2018,1,-1,44.430058,26.03496086,0.50630976,0.342283488
98,3,3,8,189000,135,2014,1,-1,44.53056885,26.14543764,5.999052705,3.291588054
52.6,2,6,11,95900,23,2027,1,0,44.3610872,26.1293735,1.431644272,0.0678547
72.16,3,1,8,230000,106,1991,0,-1,44.4212757,26.11875046,0.665932346,0.215605675
52.2,2,6,11,93900,23,2027,1,0,44.3610872,26.1293735,1.431644272,0.0678547
61,3,7,8,125000,91,1962,0,-1,44.45231331,26.11881534,0.497520287,0.048580489
63.7,2,0,11,229000,92,2024,1,1,44.42567869,26.03816259,0.404916479,0.32413736
110.92,4,10,10,330000,152,2017,1,0,44.50409,26.044868,1.484067649,0.03600032
39,2,2,2,71000,9,2019,0,0,44.4412217,26.0088092,0.915495224,0.272561137
70,3,6,10,104900,59,1975,1,0,44.41926294,26.02019628,0.082739932,0.185654838
63,2,1,2,124900,17,1940,0,-1,44.45236416,26.07197505,0.406669451,0.166016786
58,2,5,7,90000,75,1963,0,-1,44.46951401,26.05156568,0.199269893,0.127466933
54,2,5,5,162000,135,2020,0,1,44.48979748,26.11901096,1.030869217,0.432487256
70.8,3,2,6,245000,31,1934,1,1,44.44244442,26.09522294,0.416157448,0.189071263
65,2,3,6,106000,23,2026,1,2,44.37425,26.12641,0.927251903,0.330944037
125,3,5,5,184900,72,2020,0,-1,44.46788843,26.02363637,2.129607059,0.225973776
57.02,2,0,9,180300,2,2025,1,0,44.42520726,26.07407728,1.033587743,0.166444201
43.45,2,1,8,84900,111,1963,1,-1,44.396809,26.11533,0.540345713,0.076782796
48,2,8,10,95000,59,1972,1,-1,44.42610643,26.03081059,0.494437574,0.132448851
57.28,2,4,4,140000,59,2019,1,0,44.41284648,26.00222998,1.286593213,0.027405846
43,1,6,6,69000,23,2026,1,0,44.37163431,26.11093523,2.134111154,0.336357999
87,3,3,5,200000,135,2021,1,0,44.49189,26.117731,1.249124289,0.597521026
127,4,11,11,490000,47,2025,0,0,44.4263444,26.06250702,0.365921438,0.224308449
115,5,0,7,310000,148,1928,0,1,44.44397196,26.09920779,0.239604608,0.121483086
57.2,2,2,5,130000,2,2023,1,-1,44.40355521,26.0758801,1.621419559,0.228553676
65,3,5,8,105000,145,1984,0,0,44.40908927,26.06366979,1.976299745,0.26922537
55,2,4,10,119000,23,1981,1,0,44.38902136,26.12580555,0.517846093,0.018899452
266,7,0,7,611800,169,1930,0,1,44.42166267,26.10612263,0.776164047,0.20894498
78,3,1,8,159000,158,1983,0,-1,44.45951496,26.12378905,1.066122579,0.253817454
38,1,5,6,63500,145,2014,0,-1,44.38696983,26.06152996,3.376161375,0.0800046
50,2,3,7,76000,130,1975,1,0,44.44434283,26.15870647,1.301241188,0.101756712
64,3,8,9,134999,49,1984,0,1,44.45726482,26.05456269,0.513912045,0.132100673
68,3,3,8,89000,23,1971,1,0,44.3777662,26.11970544,1.261423858,0.110977178
48,2,4,11,87000,160,2025,1,0,44.41407466,26.19867061,0.792344086,0.775299561
40.83,1,3,11,74000,160,2026,1,0,44.41777276,26.20096848,1.241763689,0.772954862
74,2,2,7,298500,62,2025,1,0,44.4458992,26.1155894,0.812058572,0.172088063
52.05,2,1,10,91400,145,2025,1,0,44.38741538,26.05921624,3.500854596,0.004292891
74,3,3,3,349999,101,2024,1,0,44.44865606,26.11339513,0.76163528,0.196642944
52,2,9,10,158000,110,1969,0,-1,44.45451098,26.12820437,0.603798661,0.020161255
58.22,3,2,8,127000,72,1964,1,0,44.461308,26.046013,0.95631332,0.12771988
101,4,0,4,340000,28,2017,1,0,44.48979748,26.08307835,1.804933036,0.118386437
155,4,4,6,1270000,13,2024,1,0,44.46415842,26.08307835,0.346463705,0.285140322
137.56,3,1,3,159800,59,2009,0,-1,44.40616438,26.00562695,1.766343212,0.515644565
52,2,9,10,175900,135,2024,1,0,44.490154,26.117329,1.054487512,0.403704562
50,2,2,25,230000,67,2025,1,-1,44.47697936,26.10104466,0.250349954,0.250717236
60,2,2,5,195000,80,2021,0,2,44.5103,26.10462,3.428089013,0.568567296
89.26,2,3,16,240000,135,2011,1,0,44.4778377,26.1150894,0.339190401,0.158038495
101,3,3,5,395000,185,2023,0,-1,44.47865358,26.09035918,0.787935824,0.217727357
47.01,2,6,8,90000,145,1985,0,0,44.41284648,26.06511205,1.619841845,0.348248772
37,2,10,10,64499,161,1973,1,0,44.42483107,26.01790002,0.538033005,0.143482721
56,2,3,11,176900,137,2016,1,0,44.44258881,26.06622647,0.456354613,0.224703909
90.81,4,3,10,146900,145,2025,1,0,44.38741538,26.05921624,3.500854596,0.004292891
56,2,3,11,176900,47,2016,1,0,44.44268639,26.06611871,0.447526734,0.235716897
49.18,2,5,15,162600,110,2027,1,0,44.44727192,26.13395148,0.706929704,0.128493783
55,2,3,4,109900,118,2012,0,0,44.42567869,26.14596042,0.735683077,0.142077275
50,2,3,9,84900,111,1967,1,0,44.39197089,26.11802529,0.356311081,0.299323286
75.14,2,2,3,173000,171,2008,0,-1,44.437388,26.0322,0.340142505,0.102260006
83,2,0,3,395000,12,2024,0,0,44.44208504,26.11326689,1.082893429,0.27366188
73,3,0,7,149900,175,1985,0,-1,44.43850808,26.02917943,0.570002502,0.054726088
50,2,10,10,86500,59,2017,1,-1,44.42564803,26.0273359,0.292685083,0.204175148
57.02,2,2,5,124999,141,2011,0,-1,44.408693,25.9985151,1.82647436,0.108476626
60,2,3,4,127500,112,2015,1,2,44.41284648,26.19087619,0.623350454,0.520942912
32,1,7,7,48900,97,2025,1,0,44.44500065,25.97628454,1.95714949,0.924480332
51.5,2,1,7,155000,101,1984,0,0,44.44475886,26.12104513,0.62466707,0.142528106
32,1,2,7,49900,97,2025,1,-1,44.4435819,25.97737176,1.778160123,0.756988413
124,3,3,16,349000,14,2012,0,-1,44.47815208,26.11623164,0.283278624,0.074661867
32,1,1,7,49890,97,2025,1,0,44.44561615,25.98340193,1.772458205,0.698839062
32,1,4,7,49899,97,2025,1,0,44.44552185,25.98326136,1.765824912,0.690559623
32,1,5,7,49808,97,2026,1,0,44.44107903,25.98716709,1.209407935,0.255926807
32,1,4,7,49900,97,2025,1,0,44.43869831,25.9872958,0.948378685,0.204952522
47,2,3,7,88000,9,1965,1,0,44.43409581,26.01322939,0.644774258,0.091904539
60,2,3,4,155000,25,2016,0,0,44.38931524,26.10356432,1.135228889,0.160519609
62,3,9,10,91000,59,1972,0,-1,44.41284648,26.02917943,0.621653612,0.128874746
39,1,9,11,129600,76,2016,0,-1,44.44732298,26.04336977,0.347734415,0.312388276
50,2,9,10,105000,59,1972,0,-1,44.41284648,26.02917943,0.621653612,0.128874746
61,2,2,3,93000,31,1902,0,2,44.43675,26.09919,0.3011651,0.209639122
71,2,2,3,189000,63,2025,1,0,44.39814923,26.105972,0.2555931,0.194344161
53,2,11,11,127500,160,2021,1,2,44.40407,26.2073,0.194050529,0.273737206
31,1,1,7,54500,10,1968,1,0,44.37993485,26.12217251,1.049626853,0.249660215
146.89,5,0,3,308000,27,2012,0,-1,44.49317987,26.03533805,0.319507972,0.185246592
79,3,0,9,181700,182,1989,0,0,44.41284648,26.12799412,0.102080383,0.076240234
80.2,3,3,6,121500,25,2025,1,0,44.3691618,26.10786535,2.474650663,0.375579653
50,2,10,10,172000,146,2018,1,-1,44.44646607,26.06195156,0.430323585,0.089564067
40,1,4,6,64100,10,2025,1,0,44.37989025,26.1270145,0.664956921,0.045880472
95.26,4,6,7,220000,180,1989,0,-1,44.41627569,26.12884365,0.483662331,0.161007813
67,3,0,4,140000,164,1967,0,0,44.42381351,26.16626479,0.313986359,0.192903708
42,2,6,10,63000,97,2026,1,0,44.44160411,25.98326683,1.357335118,0.275621788
50,2,8,8,119999,110,1984,0,-1,44.44992673,26.13008504,0.4734929,0.06930467
60,2,2,5,120000,25,2020,0,-1,44.37462641,26.11036361,2.06271887,0.269318062
70,2,0,1,89999,125,2017,0,1,44.43380274,26.10614419,0.352257941,0.124876447
38.3,2,9,10,73000,25,1974,0,-1,44.3913705,26.11295417,0.762738812,0.25678926
143,4,3,5,930000,78,2005,0,-1,44.48338877,26.0920615,0.80285489,0.06716973
62,3,4,6,175000,53,2024,0,-1,44.45943353,26.14067532,1.686225523,0.269538218
52,2,10,10,107000,44,1970,0,-1,44.45818659,26.12967612,1.018515446,0.104271599
50,2,7,7,145000,135,2019,1,-1,44.49239248,26.12734775,1.555082486,1.120222414
200,5,5,6,450000,96,2026,0,-1,44.4072912,26.12937908,0.555295975,0.125993534
100,3,13,20,453772,18,2023,1,0,44.4665541,26.1087782,1.550426349,0.246231457
78,3,5,6,185000,92,2012,0,-1,44.43217989,26.02800469,0.521042126,0.240531607
102,3,4,9,365000,14,2019,0,0,44.47444198,26.11168564,0.797151777,0.229101245
60,2,7,9,290000,78,2018,1,0,44.4788923,26.0940226,0.496162171,0.119974563
116,3,4,8,572000,67,2020,1,0,44.46822136,26.1050078,1.273312593,0.2112198
62.42,3,4,4,117000,112,1974,0,0,44.40642932,26.17290988,0.471389493,0.510350648
28,1,1,10,65000,130,1975,1,0,44.44359102,26.15381241,1.533835048,0.105477483
76,3,3,10,140000,0,1975,0,-1,44.41129171,26.17325612,0.214099483,0.040036951
100,3,3,3,305000,135,2017,0,-1,44.48338877,26.10104466,0.474158663,0.218764923
71,3,0,5,225000,28,2016,1,-1,44.53246243,26.09858304,5.928349285,0.696310237
57,2,4,5,145000,135,2022,1,2,44.48979748,26.11901096,1.030869217,0.432487256
69.47,2,1,8,259000,18,2025,0,-1,44.48025797,26.11475168,0.156140552,0.082753247
51.4,2,0,13,213000,2,2017,1,0,44.40831324,26.08387488,1.07169301,0.347491646
120,5,2,7,420000,38,1940,1,1,44.43152254,26.0974266,0.470745403,0.108874066
86,4,7,9,260000,81,1984,0,-1,44.44197642,26.13162318,0.164563969,0.103698293
70,3,10,10,115000,145,1978,0,-1,44.40776686,26.07207927,1.954639723,0.324246299
180,4,3,8,1369000,67,2020,1,0,44.469422,26.106041,1.175910933,0.159194031
165.5,3,2,9,1290000,67,2020,1,0,44.469422,26.106041,1.175910933,0.159194031
81,3,8,24,420000,67,2025,1,0,44.47670518,26.10167027,0.294958802,0.280240874
73,3,2,5,159900,38,1936,1,2,44.43521734,26.1060491,0.269763378,0.133517756
75,2,5,11,222000,67,2026,0,-1,44.47755745,26.11881417,0.388556791,0.141645089
60,2,1,9,195000,76,2019,1,-1,44.4430731,26.05210098,0.494319845,0.183223632
50,2,0,7,117000,49,1984,1,-1,44.45760082,26.03662486,1.08916359,0.358499179
61,3,0,7,159900,27,2009,0,-1,44.49508189,26.03216233,0.066733981,0.086977373
24,1,3,7,59500,66,1983,1,0,44.41317846,26.14776044,1.081641726,0.227501425
70.01,4,1,3,276500,179,2013,0,0,44.40642932,26.13697727,0.990339385,0.117613721
57,3,0,4,117000,160,2020,0,0,44.41600012,26.1899463,0.976366629,0.515746207
67,2,3,9,260000,67,2017,0,0,44.4712482,26.11201057,1.111308972,0.289750768
106,3,2,11,298000,110,2027,0,-1,44.45089259,26.13117635,0.570248956,0.09448856
53,2,6,10,93000,107,1975,0,-1,44.41191765,26.16721692,0.497417411,0.059821767
61.25,3,4,4,80000,73,1975,0,0,44.38717362,26.0920615,1.865785552,0.127691074
51,2,8,10,158900,29,2012,1,0,44.43209374,26.12799412,0.830099026,0.132733375
154,4,9,15,1300000,67,2021,1,-1,44.465203,26.10157,1.204277744,0.081118457
200.3,4,24,25,1950000,67,2023,1,0,44.46429743,26.10362867,1.291434017,0.180682169
68,2,5,11,180000,23,2024,1,0,44.38630698,26.12086916,0.74689283,0.198837713
52,2,5,10,224999,54,2020,1,0,44.47253182,26.05658761,0.525183653,0.039808073
80,3,0,3,454999,142,2017,0,0,44.46652924,26.08928841,0.229349709,0.208120019
54.4,1,0,3,166270,135,2024,1,0,44.49549115,26.12356438,1.736013611,1.158729129
52,2,3,5,229000,62,2026,1,0,44.45133466,26.11002781,0.376789113,0.223441305
49,2,1,7,99000,19,1965,1,0,44.45461981,26.06406349,0.606896159,0.109889834
74.15,3,8,8,138000,151,1987,0,-1,44.41444,26.0634238,1.404918794,0.164721942
19,1,5,7,42900,56,1972,1,0,44.41884305,26.14399657,0.457317276,0.166902948
34,1,5,7,115900,80,2017,0,-1,44.51439824,26.09523191,3.938485095,0.324838931
39,1,0,8,103000,29,1990,1,0,44.43136365,26.13557778,0.25891449,0.109416294
62.14,2,1,4,149000,135,2019,0,-1,44.49568887,26.14314067,2.684644251,1.556343736
64,2,3,5,195000,28,2024,0,-1,44.51074502,26.07496001,3.868591271,0.506333016
49,2,0,10,63000,160,2026,1,0,44.41646236,26.20148851,1.133475211,0.874593135
150,5,-1,2,280000,13,2017,0,0,44.46544705,26.0942712,0.625306761,0.141553711
80.2,4,1,14,118800,130,2017,0,-1,44.45717554,26.15402493,2.452553887,0.51243746
49,2,0,10,63895,160,2026,1,0,44.41645267,26.19889675,1.041005206,0.704830242
76,2,1,7,130000,59,2010,0,1,44.4155973,26.00558324,0.882028879,0.348976064
60,3,0,9,124990,92,1966,0,0,44.435855,26.033714,0.148457457,0.126407594
36,2,0,7,45000,156,1971,0,0,44.3926149,26.0782832,1.943378405,0.349521608
66.33,3,9,10,358000,67,2025,1,0,44.476786,26.112237,0.556038876,0.062415596
50,2,10,10,89000,59,1976,1,0,44.42410736,26.04698281,0.237029157,0.050980279
112,4,1,4,184000,164,2026,1,0,44.41181821,26.19687984,0.504300591,0.538829617
40,2,0,7,150000,76,2018,1,0,44.44680031,26.05075727,0.361458697,0.282902408
74.12,3,7,7,155000,2,2014,1,0,44.41718484,26.06963888,1.419578022,0.184525614
40,1,5,8,92800,169,1991,0,0,44.41926294,26.11002781,0.390787329,0.100774543
40,2,4,6,124000,42,1960,0,-1,44.43074033,26.09384147,0.391458606,0.21033424
39,1,8,8,103900,169,1991,0,-1,44.42567869,26.11002781,0.768276729,0.173351883
52,2,4,4,97800,49,1981,0,0,44.45133466,26.03816259,0.760854256,0.59128911
49.41,2,3,11,178900,76,2016,1,-1,44.4453481,26.06431104,0.420046402,0.24403769
60,2,3,4,219000,62,2024,1,0,44.45133466,26.11002781,0.376789113,0.223441305
49,2,0,4,164900,14,1983,0,0,44.4813676,26.10307446,0.331487859,0.107083977
52,2,1,7,128900,97,2025,1,0,44.44575965,26.02237172,1.301248546,0.336493785
37,2,4,5,88000,170,1960,0,-1,44.4326382,26.11109582,0.751775148,0.084911661
57,2,2,4,151500,49,2023,0,-1,44.460298,26.04882072,0.739489728,0.137760223
69.5,2,9,11,299962,169,2026,0,0,44.4274593,26.1228892,1.355037173,0.207858751
43.01,2,11,11,112000,160,2025,1,1,44.41026405,26.19583834,0.31271024,0.356299234
48,2,2,7,125000,59,2008,1,0,44.4183345,26.0122641,0.325691873,0.175434608
48.41,2,4,8,135000,49,1984,1,-1,44.45133466,26.04714574,0.072368871,0.033254456
44,2,5,11,99900,160,2016,0,-1,44.41213904,26.19871103,0.610877077,0.56025471
181,4,11,11,630000,164,2008,1,0,44.43456409,26.16253506,0.562557467,0.191538168
31,2,4,4,64990,97,1969,0,-1,44.43238894,26.01463701,0.565210979,0.209807708
52,2,10,10,84999,59,1972,0,0,44.42063082,26.0308507,0.252404872,0.214072012
79,4,5,8,223500,101,1980,1,0,44.44545738,26.12082489,0.56192356,0.192897691
35,1,0,4,75000,23,2014,0,-1,44.36148949,26.14596042,0.845983998,0.238736432
36,1,6,11,120000,92,2019,1,0,44.42990592,26.03745188,0.59367924,0.332382649
59,2,1,4,230000,3,2010,1,0,44.42558354,26.1335247,0.669848213,0.258750721
57.75,2,3,6,179000,28,2017,0,-1,44.51003135,26.07409231,3.770950282,0.607729825
52,2,8,8,99599,59,1972,1,0,44.41931403,26.02549536,0.40559245,0.267958233
55,2,11,11,169000,14,2026,1,0,44.48338877,26.11002781,0.603780484,0.084986314
38,2,10,11,64900,59,1973,0,-1,44.42506589,26.01969996,0.53067798,0.206056084
33,1,2,10,69500,164,1970,0,-1,44.42007116,26.16480072,0.575249571,0.056781046
62,3,8,10,118899,59,1971,1,0,44.41581963,26.02772753,0.386096086,0.200042451
53.9,2,1,2,128000,64,2023,0,-1,44.44846215,26.1493514,1.536886132,0.164311218
68,3,2,8,135000,10,1982,0,2,44.38251,26.13485,0.327318516,0.213808345
83,3,2,4,375200,138,2025,0,-1,44.45133466,26.10104466,0.405548225,0.138843355
85,3,5,6,140000,141,2021,0,-1,44.40857917,25.99185893,2.216888334,0.232948662
108,3,3,4,398868,28,2026,1,-1,44.50074185,26.0873734,2.608484762,0.727495705
56,2,7,10,109900,59,1969,1,0,44.42529265,26.04456093,0.277996319,0.170955419
41,2,1,10,141000,176,1976,1,0,44.45691551,26.08271648,0.565031768,0.173748078
51.7,2,7,7,199750,169,2025,1,0,44.4274593,26.1228892,1.355037173,0.207858751
41,2,1,10,139000,126,1976,0,-1,44.4501887,26.08123236,0.314011293,0.224764596
121,4,0,2,550000,148,1930,0,-1,44.45149149,26.09398489,0.695583337,0.14218952
102,3,5,7,215000,135,2009,0,2,44.51496,26.11839,3.813881435,0.665221718
44.62,2,1,7,114500,1,1963,0,-1,44.468936,26.056745,0.563506926,0.105167773
59,2,5,7,92000,75,1963,1,-1,44.46815245,26.05351925,0.412230943,0.111472451
54,2,10,10,119990,25,1982,0,-1,44.39556308,26.11589692,0.585888989,0.082983069
70,3,3,7,135000,71,1983,1,0,44.41541804,26.0477169,0.994974122,0.085841563
47.54,2,0,7,103000,51,1938,0,1,44.44492172,26.11002781,0.937997779,0.118208359
138,4,3,4,518892,28,2026,1,0,44.51536704,26.11839351,3.859122671,0.665675583
73.23,3,2,8,178000,2,1989,1,0,44.41770642,26.06618489,1.194434413,0.290605167
34,2,6,6,82000,148,1938,0,0,44.441013,26.099937,0.562830487,0.090654838
59,2,1,7,144668,152,2025,0,-1,44.50476941,26.03450167,0.798338807,0.117070562
48,2,5,7,92000,1,1961,1,0,44.47046848,26.0521244,0.159197846,0.027945142
35,1,1,3,49000,73,2018,0,0,44.38220766,26.08342266,2.67757478,0.094720881
77,4,6,6,225000,176,1936,1,1,44.44932159,26.07270768,0.322651814,0.175501241
50,2,4,7,142000,28,1986,0,-1,44.49063213,26.08286819,1.879266844,0.17150787
71,3,8,8,121000,130,2017,0,-1,44.44222771,26.16321054,0.89621506,0.052994301
52,2,5,8,86900,145,1985,0,0,44.40629894,26.06411267,2.28517787,0.056161331
50,2,8,10,139999,163,1974,1,0,44.41138758,26.10891564,0.504322409,0.114343469
49.41,2,3,11,178900,76,2016,1,-1,44.43850808,26.06511205,0.597206182,0.245619
49,2,8,10,96999,59,1971,1,-1,44.41284648,26.02917943,0.621653612,0.128874746
37,2,4,4,55000,25,1971,0,0,44.37738408,26.1003115,2.458994611,0.046226473
88.3,3,1,3,164000,0,2026,1,0,44.403429,26.17888,0.803084536,0.714372062
88.3,3,1,3,164000,164,2026,1,0,44.403377,26.17887,0.808276484,0.720100221
82,3,4,7,214000,59,1970,0,1,44.4281446,26.0526856,0.40435298,0.169868224
90.75,3,0,5,350000,28,2013,0,-1,44.51622507,26.10553289,4.048754603,0.156950499
57,2,2,10,87000,164,1970,0,0,44.4301881,26.16697818,0.626580829,0.025936406
46,2,1,4,72999,97,2025,1,-1,44.44585651,25.98752253,1.730461493,0.65071392
61,2,2,2,159900,27,2013,0,0,44.4930089,26.0400505,0.67689708,0.506547995
50,2,8,8,85000,111,1982,1,0,44.38500408,26.1304928,0.71603983,0.214826599
170,5,-1,4,349999,49,2022,0,0,44.45479895,26.05250392,0.50238548,0.124063013
412,6,4,5,400000,141,2024,0,1,44.40977146,25.99930817,1.694855001,0.09114736
139,4,1,4,445440,102,2026,1,0,44.4318476,26.1386993,0.074153087,0.027295452
51,2,7,7,119900,1,1963,0,2,44.47056924,26.05612889,0.465898593,0.204131462
53,2,7,8,75000,73,1963,0,-1,44.39359289,26.0920615,1.254957048,0.158531632
253,3,4,5,499000,110,2026,0,-1,44.44431574,26.13115845,0.405682188,0.046117386
155,4,1,5,475000,110,2026,0,-1,44.44427553,26.13115845,0.40155249,0.048270305
68.3,3,1,10,102167,164,2026,1,0,44.417963,26.2037113,1.369131173,0.963585321
52.3,2,4,10,220000,135,2021,1,0,44.47382483,26.11881971,0.782294063,0.469737582
32,1,1,6,58000,25,2026,1,0,44.37044937,26.11258058,2.077048875,0.21070287
60,2,8,15,125000,181,2007,0,-1,44.39871915,26.14337459,1.793467503,0.076187191
35,1,0,7,78000,95,1975,0,0,44.39254439,26.12096794,0.114655439,0.128916642
54,2,1,10,78000,44,1978,0,-1,44.46396621,26.13567467,1.81024429,0.088627987
64,2,3,3,170000,113,1970,0,0,44.48317266,26.05761469,1.332369986,0.159219836
50,2,9,10,260000,18,2025,1,0,44.47697936,26.11002781,0.666197156,0.088824929
28,1,3,7,70000,158,1982,0,-1,44.45553429,26.12007669,0.700954917,0.391281883
95,4,8,8,309000,106,1992,0,-1,44.42022164,26.11961914,0.633426366,0.277523511
46.08,2,1,2,79500,29,1938,0,1,44.427168,26.122107,1.35676876,0.186209188
34,1,1,9,67500,157,1976,0,0,44.4120698,26.1626581,0.190973337,0.100130372
97,3,1,2,255900,27,2025,0,-1,44.4964135,26.03922844,0.625425929,0.659026336
52,2,0,7,156500,163,1980,0,-1,44.41019802,26.11014294,0.668052236,0.06286975
24.18,1,6,8,80000,42,1961,0,-1,44.43777782,26.09285046,0.586585672,0.182069642
70,3,0,4,220000,135,2024,0,0,44.50616446,26.13671424,3.250564038,2.341364239
75,3,7,10,123000,97,1979,0,-1,44.43252218,26.00989976,0.559660549,0.261810983
81.6,3,1,3,220000,37,1940,0,1,44.435752,26.1163859,1.080815868,0.270093863
335,6,11,12,890000,25,2021,1,0,44.40199094,26.11187329,0.424761121,0.4518544
90,3,0,7,205000,96,1988,1,0,44.41922118,26.13104468,0.683429088,0.251279717
60,4,1,10,89000,59,1974,1,0,44.42469324,26.0215136,0.382164877,0.25299834
50.6,2,1,6,132338,44,2026,1,0,44.47741264,26.15473937,3.045573416,0.308615254
59.34,2,9,11,129900,97,2027,1,1,44.42832494,26.01841446,0.681062851,0.241070436
116,4,0,5,310000,148,1940,0,-1,44.4441429,26.1001469,0.273701318,0.156480719
23,1,4,10,53990,158,1975,0,-1,44.46379744,26.12668832,1.555404203,0.045773511
46,2,4,6,86000,23,2026,1,0,44.36043785,26.15000195,1.069058043,0.120944719
60,3,2,4,125000,164,1974,0,0,44.40717191,26.17258955,0.412599343,0.428615871
59.53,3,1,10,99000,110,1967,1,-1,44.45133466,26.12799412,0.344907696,0.111942618
46,2,0,4,170000,78,2003,0,-1,44.4850933,26.087903,1.181928833,0.360835193
47,2,0,2,103700,51,1940,0,1,44.44446984,26.10860115,0.887003759,0.210796662
50,2,2,4,115000,164,2020,1,0,44.41489493,26.18930733,0.882453729,0.648400265
54,2,7,9,89900,5,1965,0,0,44.386662,26.1176076,0.791893154,0.178617087
53,2,0,4,138999,74,1986,0,-1,44.43926489,26.02060318,0.579574558,0.262503551
38,2,3,4,63499,97,2017,0,-1,44.44452049,25.9839626,1.642911328,0.571600057
60.44,3,2,10,105000,130,1974,1,0,44.4415109,26.1787102,0.972973527,0.180832026
68.5,3,4,10,120000,179,1977,1,0,44.4106435,26.1408494,1.086033364,0.233097533
65,4,9,10,99999,130,1974,1,0,44.44226575,26.17922692,1.02071901,0.196898919
68,3,6,8,159000,56,1985,1,-1,44.41668459,26.1406343,0.507992722,0.285791798
45.05,1,1,7,70400,90,2025,1,0,44.4221899,26.1837741,1.366654766,0.017288028
31.4,1,10,10,65000,97,2017,1,-1,44.43939387,26.1050799,0.433200955,0.224229269
50,2,3,11,176900,76,2016,1,-1,44.442907,26.066636,0.488899655,0.262084329
26,1,3,4,70000,132,1985,0,2,44.45774689,26.11901096,0.959140324,0.434274836
90,3,2,2,165000,169,1920,0,1,44.42367354,26.10304559,0.522568021,0.186308901
63,3,4,9,138900,74,1976,1,-1,44.4375061,26.02615428,0.539106037,0.228860093
72.3,3,2,8,268000,169,1991,1,2,44.42567869,26.11901096,1.096045109,0.04305964
69,3,7,8,78000,72,1962,0,1,44.45871885,26.05145934,0.589770247,0.165993551
90,3,1,3,148700,164,2026,1,0,44.41215529,26.19556665,0.504660729,0.546331925
301.21,4,11,12,1999989,78,2021,1,0,44.48338877,26.0920615,0.80285489,0.06716973
74,3,7,10,119500,25,1975,0,-1,44.3773342,26.1092181,2.023297472,0.076798676
57,2,4,7,114400,23,2026,1,0,44.36062172,26.14995922,1.049443057,0.104617933
41,2,4,10,71900,130,1974,1,0,44.44261824,26.1717605,0.808527034,0.052355481
52,2,10,10,114900,56,1976,1,0,44.42005938,26.13846369,0.134335528,0.028716686
50.46,3,1,11,113800,160,2019,0,0,44.41243372,26.19883797,0.643264576,0.593438543
58,2,1,6,76725,23,2026,1,0,44.36666421,26.11408739,2.219802736,0.159547191
51.75,2,9,10,82000,0,1976,1,-1,44.42129458,26.17110807,0.786456441,0.370864281
70,2,1,3,179000,27,2019,0,-1,44.48510833,26.03088056,0.561812096,0.305298229
60,3,2,7,149000,92,1978,0,-1,44.43387683,26.02750335,0.489095473,0.099393551
97.2,4,10,10,181262,160,2026,1,0,44.4176747,26.2036107,1.338106101,0.973742503
75,2,5,5,161398,162,2024,1,0,44.41581229,26.12393157,0.496218087,0.432713668
59,2,3,3,123000,25,1962,0,-1,44.39732387,26.1102907,0.183595924,0.062193541
71,3,1,6,100500,25,2025,1,0,44.36629015,26.11090719,2.442936319,0.332424807
50.75,2,2,10,65975,164,2026,1,0,44.4170081,26.2031138,1.254674602,0.962961502
34,1,0,10,58500,44,1978,1,0,44.46749202,26.14051864,2.34677309,0.100744681
62.3,2,3,3,109000,10,2022,0,0,44.377277,26.144298,0.754653086,0.537378406
255,5,1,2,649900,176,1912,0,-1,44.4485442,26.0862498,0.410152659,0.147115393
41,2,0,3,133500,10,2022,0,0,44.377277,26.144298,0.754653086,0.537378406
89,4,6,10,170000,23,1982,0,-1,44.39053143,26.12884587,0.585536752,0.151032102
70,3,5,10,255000,114,1996,0,0,44.42547109,26.12999634,0.876626147,0.13588394
48,2,3,4,180000,135,2024,1,2,44.49412,26.11961,1.512638683,0.879999569
41,2,7,10,129500,55,1976,1,2,44.4544605,26.0992938,0.544297399,0.110974786
68,3,5,25,386000,14,2025,1,0,44.478739,26.101894,0.137497168,0.068591713
71,3,3,4,176800,162,2017,1,-1,44.41756701,26.11880229,0.442579403,0.34583351
77.49,3,4,8,255000,169,1988,1,-1,44.424839,26.128203,0.966769329,0.123342753
42,2,8,9,118000,42,1960,0,-1,44.4390504,26.09458923,0.740197778,0.1548393
41,2,0,4,117500,27,2025,1,1,44.48630089,26.01824244,1.412483988,0.160255717
32,1,7,9,72900,175,1973,1,0,44.43209374,26.02917943,0.448386739,0.249514537
60.9,3,3,10,109000,145,1978,0,-1,44.41089258,26.06900547,1.952176247,0.088489429
69,3,6,8,159000,20,1982,1,2,44.43850808,26.15494357,1.201457079,0.271784692
29,1,1,4,49500,97,2017,1,-1,44.44512978,25.98648063,1.662308195,0.646158683
38,2,6,6,57999,97,2019,1,-1,44.44318967,25.98370402,1.508839087,0.429562272
38,1,8,9,137900,76,2016,1,1,44.43850808,26.05612889,0.426450174,0.384989884
75,3,9,10,115000,44,1976,1,0,44.46654342,26.1346174,2.026511336,0.218918992
32,1,0,7,58000,0,1978,0,-1,44.41455702,26.17311792,0.516456169,0.05977211
25,1,4,5,56900,96,1974,0,-1,44.41504857,26.12621215,0.343377213,0.351566939
81,3,5,5,167000,95,2018,1,2,44.36791158,26.12799412,1.250921128,0.108121357
42,2,2,5,158000,42,1960,0,0,44.43850808,26.08307835,0.707399083,0.0800496
50,2,1,4,117000,164,2019,1,0,44.41665866,26.18694664,1.143453789,0.514241006
48.5,2,4,7,135000,49,1984,0,-1,44.45821558,26.05204546,0.578522785,0.094871674
45,2,3,10,149999,131,2025,1,0,44.41236474,26.08092341,1.500618265,0.188341337
43,1,0,8,83000,97,1986,0,-1,44.43209374,26.02917943,0.448386739,0.249514537
35,1,1,8,115000,76,2022,1,-1,44.44183645,26.05398496,0.525504755,0.304298512
48,3,3,4,61980,65,1977,0,0,44.39093053,26.08000898,1.983234722,0.119222124
68.12,3,3,7,255500,168,1940,1,0,44.443477,26.096691,0.266400102,0.053904804
76,3,7,7,229000,148,1980,0,-1,44.43209374,26.08307835,0.554867212,0.150084026
36,2,6,6,80000,145,2017,0,-1,44.38764426,26.06102887,3.366494865,0.04390814
15,1,1,5,25500,164,1980,0,0,44.42442451,26.17883915,1.2397926,0.076517246
81,3,1,6,334000,28,2024,1,0,44.51542529,26.0740952,4.079975893,0.422874965
42,2,6,7,79900,70,1962,1,0,44.44847864,26.07723613,0.310480151,0.15827003
53,2,2,8,165000,101,1983,1,0,44.4397925,26.11557603,1.10634717,0.130181897
32,1,0,10,68000,25,1979,0,-1,44.39359289,26.11002781,0.576341886,0.175676108
55,2,3,8,118900,100,1984,1,2,44.44506,26.16877,1.06122823,0.252623504
46,2,-1,3,60000,138,1936,0,-1,44.44770933,26.10380103,0.538042105,0.080650001
52,2,4,4,97499,59,1978,0,0,44.41453216,26.02210468,0.19318726,0.21251877
84.78,3,3,3,245000,80,2008,1,0,44.52836818,26.14834718,5.868697559,3.377024119
51,2,5,10,113500,118,1970,1,0,44.42988303,26.14858169,0.856206055,0.342119396
41,1,0,11,124000,92,2023,1,0,44.42941195,26.04120642,0.667570442,0.164516209
84.78,3,3,3,245000,135,2008,1,0,44.52755794,26.14568746,5.698921651,3.148008008
38,2,9,10,75999,44,1977,1,0,44.46745164,26.13873487,2.267457828,0.068946033
40,1,1,8,87000,10,1986,0,-1,44.38147947,26.13204564,0.337612651,0.107974328
200,5,5,5,890000,78,2004,1,0,44.483638,26.08882,1.035505324,0.269286597
200,5,5,5,890000,185,2004,1,0,44.483546,26.088678,1.040565685,0.282036693
56.59,2,8,8,110000,2,1988,1,0,44.41284648,26.06511205,1.619841845,0.348248772
56,2,9,9,112000,59,1981,0,-1,44.42411688,26.04838131,0.150845082,0.085865252
48,2,2,7,99500,23,1974,0,-1,44.3967598,26.11668151,0.615551682,0.136761973
76,3,10,11,187900,160,2021,1,0,44.4051731,26.2079435,0.062500935,0.236765861
44,2,6,10,130000,164,2008,1,0,44.41284648,26.16392673,0.216444781,0.061722196
53,2,6,7,159000,55,1976,0,-1,44.4591067,26.09538876,1.055567764,0.130435837
324.4,8,7,8,1550000,78,2014,1,0,44.48250227,26.09033826,0.870784869,0.220411316
31,1,2,7,85000,42,1940,0,-1,44.4361685,26.0737739,0.196758534,0.057568965
67,3,9,10,128900,44,1977,0,-1,44.45774689,26.13697727,1.340505921,0.132791463
82,3,4,4,217000,59,1970,0,1,44.4281446,26.0526856,0.40435298,0.169868224
159.46,4,7,8,750000,78,2014,1,0,44.48263964,26.0901869,0.888204182,0.217765984
50,2,9,9,149000,56,1983,1,0,44.42646323,26.14278592,0.656168441,0.183846058
157.05,4,7,8,750000,78,2014,1,0,44.48262347,26.09023221,0.884185332,0.216427324
81,4,4,10,245000,96,1982,1,0,44.45143161,26.1244552,0.169078047,0.122249963
139,3,0,6,590000,78,2009,1,2,44.4814174,26.0872638,1.061548111,0.483417309
62.78,2,1,3,112000,160,2026,1,0,44.40341,26.178788,0.802678633,0.71610202
167.35,4,7,8,800000,78,2014,1,0,44.48286578,26.08997264,0.914582295,0.214897934
62.78,2,1,3,112000,112,2026,1,0,44.403398,26.178783,0.80381263,0.71741645
62.78,2,1,3,112000,107,2026,1,0,44.403406,26.178809,0.803641352,0.716626292
45.63,2,8,9,104000,59,1968,1,0,44.4259308,26.02592503,0.300013502,0.139444533
123,4,0,8,600000,28,2002,1,0,44.48979748,26.08307835,1.804933036,0.118386437
49.41,2,3,11,176000,76,2016,1,-1,44.43850808,26.06511205,0.597206182,0.245619
60,2,4,4,85000,59,2017,0,0,44.40911465,26.00968675,1.310211206,0.269417936
88.3,3,1,3,159000,107,2026,1,0,44.403419,26.17883,0.802820769,0.715266528
50,2,0,3,83000,73,2023,0,0,44.36910077,26.10200284,2.897259171,0.14482485
51,2,6,10,97500,164,1969,0,-1,44.41434264,26.15550397,0.474814616,0.129933472
212,4,4,4,390000,135,2021,1,-1,44.38281612,26.12296475,1.049173241,0.128909262
327,5,9,9,550000,131,2020,1,0,44.41310376,26.09008445,1.077241667,0.218766314
30,1,6,10,62000,0,1974,0,0,44.43231453,26.17248058,0.429209359,0.344818935
28,1,5,10,64000,23,1977,1,0,44.38778023,26.10795736,1.221066954,0.142224081
43,1,2,3,105000,59,1958,0,-1,44.42640163,26.05643883,0.04922765,0.07262924
18,1,4,7,35000,12,1950,0,-1,44.4377699,26.1100419,0.614764479,0.091957499
58,3,4,6,150000,170,1960,0,0,44.43209374,26.10104466,0.439993841,0.208195026
51.4,2,5,7,320000,67,2025,0,-1,44.47714546,26.10146201,0.243409413,0.23115925
500,5,8,9,2000000,67,2009,1,2,44.465457,26.118965,1.703297661,0.425558006
50,2,6,7,182000,55,1976,1,0,44.45133466,26.10104466,0.405548225,0.138843355
101,3,9,9,260000,42,1961,0,0,44.43873546,26.09716352,0.54812316,0.069286954
46,2,8,9,149000,120,1959,0,-1,44.44591354,26.09761558,0.014335879,0.04966647
61,3,1,9,97000,9,1966,1,0,44.43839161,26.01508856,0.690649733,0.024357309
153,4,0,3,670000,80,2026,1,0,44.51542529,26.11901096,3.867679248,0.714857636
78,4,10,10,120000,130,1975,1,0,44.43850808,26.17290988,0.428232886,0.084436726
253,7,6,6,668000,80,2026,1,-1,44.51770467,26.13923235,4.489986551,2.33492349
68,3,1,2,128000,110,1944,0,-1,44.44468064,26.13224865,0.421155824,0.129429813
79,3,2,8,359900,14,2022,1,-1,44.49129032,26.08868767,1.631733387,0.146934926
38.2,2,4,8,88888,23,2025,1,0,44.362932,26.151716,0.923293299,0.291796656
50,2,7,10,74000,130,1974,0,0,44.44052547,26.18120506,0.774804465,0.052514915
98,5,3,7,197000,169,1930,0,-1,44.4281403,26.09481446,0.490066821,0.144272941
50,2,5,10,118500,56,1966,0,-1,44.4186664,26.1454233,0.564238819,0.080965295
153,4,4,6,850000,78,2010,0,-1,44.46669792,26.0774904,0.713803085,0.119909369
61,2,2,7,197000,59,2022,1,0,44.42872335,26.0397008,0.618917863,0.111937132
47,2,0,7,97000,63,1964,0,-1,44.40001146,26.0920615,0.597541758,0.201020158
55,2,5,7,99000,151,1985,0,-1,44.41113748,26.07528209,1.822915521,0.237008652
50,2,10,11,75000,118,1962,0,-1,44.43197181,26.14366339,0.419156976,0.36926844
50,2,10,11,149999,131,2023,1,0,44.41325956,26.08923439,1.124585109,0.213077208
57.02,2,0,9,180300,2,2025,1,0,44.42564839,26.07820381,1.060122854,0.047783355
61,2,5,8,144900,163,1986,1,0,44.39557872,26.11182907,0.412923499,0.275222433
63,3,2,7,143500,10,2021,0,0,44.37134587,26.12863358,1.061645711,0.006158857
61,2,5,8,144900,25,1986,1,0,44.39556852,26.11182899,0.413883675,0.275480737
97,4,3,4,197000,31,1930,0,4,44.42567869,26.0920615,0.759577732,0.163838289
56,3,1,10,105000,15,1975,0,0,44.42739683,26.15133755,0.939442179,0.20528399
56,3,1,10,105000,50,1975,0,0,44.42759105,26.14997936,1.049058311,0.199446187
150,3,10,12,1390000,142,2018,1,2,44.47697936,26.0920615,0.694601144,0.290405778
25.1,1,10,10,63900,164,1986,1,-1,44.42674841,26.17690153,1.107102419,0.194369615
48,2,1,4,134900,92,1974,0,-1,44.43727606,26.0406654,0.632961724,0.354102327
43,2,3,7,170000,168,1962,1,-1,44.43023101,26.10614891,0.47147459,0.071145081
68,2,1,6,225000,28,2025,1,0,44.515833,26.075789,4.216397273,0.285023476
58,2,2,6,76725,23,2026,1,0,44.36948736,26.11678521,1.855821661,0.082464821
67,3,4,4,130000,164,1968,0,1,44.41373385,26.16166698,0.033494035,0.150231833
49.8,2,1,3,69421,140,2025,0,0,44.39214233,26.08596739,1.596222439,0.122135921
54,2,7,9,99800,20,1970,0,0,44.43550093,26.16308886,0.508244775,0.106236111
72,3,5,9,204990,161,2022,1,-1,44.421836,26.00101495,1.000007567,0.216016477
72,3,2,11,187000,59,2022,1,0,44.41870099,26.00055099,1.067836644,0.102174384
43,1,8,17,116000,3,2008,1,-1,44.42279938,26.12931411,0.80803416,0.36488982
68,3,8,10,141900,59,1984,1,0,44.41777963,26.02046571,0.248506697,0.08166489
65.57,3,3,8,165000,101,1984,1,0,44.44887779,26.12146375,0.241136054,0.214972792
40.35,2,10,10,93900,97,2021,0,0,44.436643,25.988628,0.70340894,0.131894597
78,3,1,8,159000,53,1991,1,0,44.45974645,26.13721624,1.507297378,0.076881512
67.5,3,9,10,121900,81,1979,1,0,44.44378193,26.14583441,1.058570227,0.151883515
54.93,2,2,4,114900,28,2008,0,0,44.48995506,26.06548741,2.11986909,0.147743737
44,2,2,4,154500,67,1960,0,-1,44.46206491,26.10364257,1.045596441,0.180450234
105,5,-1,2,129999,42,1940,0,0,44.44043544,26.08864748,0.842249738,0.12590488
33,1,1,9,95000,42,1961,0,-1,44.43804983,26.09320317,0.625513091,0.158370584
56,2,4,7,114000,159,1979,1,0,44.46127667,26.12852582,1.309255786,0.175069659
66.14,3,2,7,137000,42,1947,0,0,44.44312765,26.08434099,0.889122976,0.072549051
78,4,1,10,156900,71,1984,0,0,44.4156349,26.04771937,0.9734751,0.085348665
66.4,3,4,7,279999,155,2017,1,1,44.48717052,26.06218984,1.768649766,0.303797567
76,4,1,4,157000,164,1970,0,1,44.42567869,26.16392673,0.122514347,0.049811325
67,3,5,8,155000,56,1980,1,0,44.41284648,26.13697727,0.771826509,0.193933824
66,2,0,5,134000,97,2011,1,-1,44.43209374,26.01121313,0.673594582,0.253116817
110,3,2,5,299900,80,2012,1,0,44.51544003,26.10490199,3.975002972,0.07671493
52,2,0,8,105000,49,1982,1,-1,44.45988282,26.04034424,1.069066306,0.05180672
77,3,7,8,280000,124,1990,1,0,44.42162477,26.11244319,0.554397224,0.070342336
54,2,5,8,215000,67,2025,1,1,44.474679,26.111474,0.782947961,0.197851164
32,1,4,10,69900,81,1980,1,0,44.443987,26.134787,0.363806258,0.214909297
36,1,8,10,137500,92,2024,1,0,44.44454688,26.02280747,1.16960188,0.285050633
52,2,10,10,112000,59,1973,1,0,44.41284648,26.02917943,0.621653612,0.128874746
55,2,4,4,89950,160,2025,1,0,44.41166887,26.20637235,0.691718952,0.633717469
85,2,1,3,127500,135,2026,1,2,44.50341,26.14375,3.318793623,2.415653817
65,3,7,8,129900,107,1984,1,0,44.4089207,26.16442782,0.566164231,0.125717015
71,3,1,5,259000,152,2014,1,0,44.5038344,26.0433919,1.383405375,0.04457855
78,4,6,10,137000,71,1984,1,2,44.415791,26.048592,0.991666591,0.032232983
45.08,2,4,7,138000,117,1968,1,1,44.43209374,26.02019628,0.23910631,0.13562078
44,2,1,1,115000,51,1927,0,1,44.444633,26.114044,0.993316364,0.064154047
67,3,3,9,115000,49,1963,0,-1,44.45829403,26.05068612,0.666118777,0.196483936
45,2,0,6,90000,187,1929,0,0,44.43850808,26.0920615,0.643173316,0.220435689
110,3,0,3,369900,54,2005,0,1,44.46766243,26.06368528,0.850271202,0.152159457
96,4,1,4,350000,28,2010,0,0,44.515343,26.103246,3.997361718,0.055037339
39.13,1,1,2,125000,36,1943,0,1,44.46415842,26.05612889,0.367583563,0.049689193
56.65,2,8,8,92000,151,1987,1,0,44.419056,26.06797448,1.180200496,0.181934494
37,1,2,8,95000,169,1975,1,0,44.43259445,26.0894083,0.057441319,0.131246803
120,4,1,2,480000,170,1936,0,-1,44.44254941,26.10458235,0.66221174,0.156623954
67,3,1,7,139000,164,1984,0,-1,44.42558792,26.17844415,1.141442299,0.121004717
44,2,4,7,105999,63,1965,1,-1,44.4037635,26.0965728,0.083167248,0.06227531
130,5,2,7,430000,55,2010,1,-1,44.45540923,26.09736752,0.725601232,0.241410948
92,3,1,3,255000,39,2022,0,0,44.47093936,26.05225276,0.155697394,0.045221789
55,2,5,6,134400,59,2019,0,2,44.41926294,26.00222998,0.923467605,0.061195219
50,2,0,8,100000,92,1980,0,0,44.4350771,26.03298476,0.083503475,0.098264945
91,3,4,5,200000,96,2026,0,-1,44.40700011,26.13030672,0.610955768,0.045531615
44,2,3,8,85000,72,1962,1,2,44.45914,26.04933,0.728217201,0.229998152
67,2,4,7,114900,186,1957,0,-1,44.4470076,26.10829398,0.673341715,0.072597772
60,3,6,7,146900,59,1974,1,0,44.41594055,26.01874888,0.330102725,0.222762114
84.08,3,1,9,284950,47,2025,1,0,44.42326413,26.07636959,1.300671991,0.173433463
102,3,1,3,329990,101,2016,1,0,44.44459094,26.12030176,0.666573254,0.088803009
46.89,2,3,4,79500,141,2014,1,0,44.40613257,25.97733793,2.880969394,0.182850209
28.67,1,7,7,80500,163,1980,1,0,44.41015455,26.11336446,0.725930608,0.101741463
45,2,6,7,149000,42,1960,0,-1,44.43419105,26.0877852,0.223759765,0.044282025
78.78,2,1,1,119900,124,1940,0,1,44.42567869,26.10104466,0.273391255,0.142179207
72,2,3,7,196000,27,2008,1,0,44.48034776,26.04452771,0.384320078,0.111220637
171,6,1,2,515000,169,2017,0,1,44.41926294,26.0920615,1.119600938,0.265087914
42,2,0,3,76000,160,2026,1,1,44.41624253,26.20030329,1.066032923,0.808332898
58.37,2,1,3,115000,23,2013,0,-1,44.36791158,26.11901096,1.837699852,0.08863321
61,4,0,10,75000,65,2017,0,0,44.38075364,26.08307835,2.837732873,0.16109369
66,3,2,4,124900,164,1968,0,-1,44.41807415,26.1656034,0.607859466,0.082495433
40,2,5,7,79500,87,1975,0,0,44.46317338,26.11857874,1.536869641,0.170504335
53,2,9,9,117500,59,1973,0,-1,44.42272438,26.02550117,0.063690519,0.076148479
65,3,4,4,95500,59,1972,0,0,44.41689771,26.02879129,0.475363829,0.107276856
43,2,2,5,129500,162,1965,1,1,44.41980307,26.11146508,0.37845615,0.058284784
70,3,6,10,124500,56,1970,1,0,44.41492962,26.15330527,0.659451219,0.038069007
53,2,5,7,94950,74,1975,1,0,44.43412989,26.02131924,0.006061343,0.018490992
75.14,2,2,3,173000,49,2008,0,-1,44.446356,26.037276,0.758376651,0.097465577
54,2,4,5,195000,28,2022,0,0,44.511868,26.074564,3.900928703,0.481536273
43.25,2,2,10,155000,96,2018,1,-1,44.41284648,26.12799412,0.102080383,0.076240234
110,4,9,14,669990,67,2017,0,0,44.4782257,26.1058304,0.453634741,0.261224945
68.98,2,6,7,102400,141,2011,0,0,44.40743858,25.98876958,2.48808178,0.506178185
49,2,7,7,129990,135,2022,1,0,44.48979748,26.12799412,1.356496287,0.871255738
66.95,3,7,10,125000,144,1981,1,-1,44.43209374,26.01121313,0.673594582,0.253116817
52,1,0,7,71500,92,2010,1,2,44.4349949,26.0265111,0.422224378,0.141646855
85,3,10,11,379000,18,2019,1,-1,44.47730251,26.11742557,0.381305064,0.068055999
67.45,2,-1,7,74000,27,2021,0,0,44.4857981,26.0297053,0.634900581,0.357671564
95,3,5,5,359900,78,2007,1,0,44.48223343,26.08417406,1.321516007,0.664315167
53,2,8,10,94900,56,1970,0,0,44.41788135,26.14612536,0.657310383,0.034916482
154,4,4,5,720000,67,2006,1,1,44.46881133,26.09798322,0.962231978,0.443705884
116,4,4,6,585000,78,2019,1,0,44.4846992,26.09349324,0.817223851,0.130926453
57.02,2,0,9,180300,2,2025,1,0,44.42681434,26.0750771,0.911859524,0.249722581
80,3,4,5,310000,167,2015,1,0,44.45715016,26.07320757,0.894795938,0.345219195
80,3,3,20,315000,67,2020,0,-1,44.470144,26.112267,1.22198336,0.226865221
41,1,1,11,135999,92,2025,1,0,44.42950282,26.04001023,0.695044043,0.176461306
58.12,3,9,10,90800,59,1974,1,0,44.41284648,26.02917943,0.621653612,0.128874746
44,2,4,7,140000,141,2023,0,-1,44.41284648,26.02019628,0.427679862,0.173931714
39.4,2,2,8,115000,79,1951,1,0,44.430403,26.103299,0.311802722,0.158973567
67,3,0,7,94950,44,1975,1,0,44.46750578,26.14060854,2.352008686,0.10775728
32,1,5,5,48988,97,2025,1,0,44.4390569,25.98716709,0.989534077,0.18275255
144,4,1,7,429800,11,2004,1,2,44.46415842,26.0740952,1.004901678,0.252404247
70,3,4,7,130000,59,1976,1,0,44.41824479,26.01965022,0.194115062,0.161831898
59,2,0,7,190000,59,2022,1,0,44.4188702,26.00131883,1.004087974,0.103139804
37,2,4,6,95000,70,1964,1,-1,44.44452671,26.06967356,0.435358896,0.211567367
58,2,2,6,76725,23,2026,1,0,44.36601289,26.11503618,2.211679053,0.237359269
82,4,4,4,149500,59,1970,0,0,44.41929751,26.04017623,0.488777839,0.167355585
84,3,3,8,120000,170,1940,1,-1,44.43862083,26.10396435,0.320889545,0.289833811
103,3,1,3,300000,27,2009,0,-1,44.49416752,26.03678773,0.398442399,0.343603823
50,2,2,6,68740,23,2026,1,0,44.36647242,26.11582556,2.130951964,0.215155979
68,3,2,7,135000,10,1980,0,-1,44.381655,26.1340673,0.251910229,0.169073035
105,3,4,5,338650,110,2026,0,-1,44.44431765,26.13088486,0.414643009,0.028198898
65.43,2,7,7,190000,105,1991,1,0,44.42989925,26.09487562,0.514344575,0.098254386
82,4,1,4,145000,44,1987,0,0,44.45133466,26.14596042,1.541519005,0.039579801
46,2,7,7,122000,1,1967,1,-1,44.46746786,26.05099114,0.403307057,0.141456818
75,3,3,7,115000,49,1963,1,0,44.45791658,26.05120603,0.652359189,0.146590706
153.7,4,3,5,950000,14,2015,1,0,44.47697936,26.0920615,0.694601144,0.290405778
75,3,3,8,115000,72,1963,0,0,44.45886855,26.04947842,0.727012476,0.258816377
54,2,8,10,116000,56,1983,1,0,44.41696492,26.13482778,0.580696105,0.021839498
51,2,3,4,82500,97,2025,1,-1,44.44717285,25.98749273,1.876176097,0.628589091
34,2,4,4,57998,97,2019,1,0,44.4503522,25.98150301,2.320114745,1.01313969
50,2,1,8,95000,59,1971,0,0,44.41335196,26.02624698,0.411843407,0.08966451
89.6,4,0,7,249000,42,1967,1,-1,44.43966322,26.08570592,0.822700311,0.058675757
51,2,10,10,94900,15,1970,1,-1,44.4240299,26.14417005,0.507735309,0.131601768
140.3,4,3,3,850000,42,2020,1,0,44.44202379,26.08659732,0.967160626,0.213191381
67.13,2,4,7,135000,59,2015,1,1,44.41284648,26.01121313,0.937888888,0.181693573
50.76,2,0,11,130000,69,2020,0,0,44.44475447,26.16727854,1.040631899,0.20749086
44.8,1,1,5,95900,135,2026,1,0,44.49620549,26.11901096,1.736240492,0.889730579
70,3,5,9,259000,114,1993,0,-1,44.426154,26.129925,0.925043818,0.060050162
49.9,2,2,7,159900,81,2016,0,0,44.437308,26.134848,0.427174312,0.16164056
71,4,3,3,135000,101,1939,0,-1,44.44332706,26.12225231,0.749032973,0.215012316
72.1,3,5,9,225000,36,1993,1,2,44.42413,26.12947,0.842658178,0.247862477
73.47,3,2,10,144900,10,1985,1,0,44.3811499,26.13358854,0.223947434,0.10809093
103.68,3,2,5,620000,67,2009,1,0,44.47056924,26.11002781,1.229939114,0.152029284
68.3,2,1,5,225000,80,2010,1,0,44.515284,26.10244895,4.008311243,0.118573564
70,2,1,3,91750,160,2026,1,-1,44.41284648,26.19985934,0.728950093,0.648273824
135.1,4,5,6,440000,28,2009,1,0,44.50196672,26.05562721,2.062793504,0.076154358
187,6,2,7,340000,28,2009,0,0,44.52823496,26.10104466,5.429909873,1.204970701
35.4,1,9,11,126900,161,2021,0,0,44.42868651,26.03768139,0.683748752,0.248978639
66,3,3,11,209999,14,2022,0,0,44.48846933,26.11004228,1.011083288,0.384022333
84,3,8,11,310000,96,2022,1,0,44.41139,26.120132,0.575996891,0.03196833
78,3,3,4,215000,179,1990,0,0,44.41926294,26.12799412,0.802263431,0.180137126
62,2,2,3,120000,66,2019,0,0,44.40642932,26.14596042,1.455975916,0.080844082
53,2,0,10,112000,74,1980,1,0,44.43252452,26.02176187,0.176025966,0.175136575
68,3,2,8,132000,23,1983,0,-1,44.38075364,26.13697727,0.181762798,0.186483444
122,3,1,7,550000,67,2009,1,0,44.47429592,26.09784278,0.574095059,0.508039393
55,2,6,8,189500,169,1995,1,0,44.429963,26.106047,0.450255146,0.070644929
170,4,19,25,1290000,14,2025,1,0,44.47667612,26.10159054,0.295644,0.282550918
61,3,3,4,106000,23,1973,0,1,44.378117,26.107144,2.041776983,0.177410989
91,3,5,7,360000,78,2005,1,0,44.48117725,26.09174079,0.712476983,0.201216185
54,2,2,2,180400,14,2026,1,0,44.48737611,26.09991804,0.913893159,0.402142249
53.56,2,2,4,151998,135,2019,1,1,44.50901939,26.13697727,3.540143574,2.24447418
64,3,2,8,132000,10,1980,1,-1,44.381979,26.13454927,0.27355394,0.196800481
58,2,2,3,129000,160,2025,0,-1,44.41922207,26.19952261,1.347446536,0.614710858
50.57,2,4,7,119900,163,1961,1,-1,44.4195227,26.104499,0.529762193,0.144380672
65,3,3,10,140000,44,1970,1,2,44.45774689,26.12799412,0.92198757,0.047057692
49,2,9,9,96000,151,1986,1,1,44.4002894,26.08156139,1.256291638,0.189758654
49,2,7,8,125000,92,1986,1,-1,44.43203236,26.03127035,0.336786876,0.23530942
62,3,4,4,139000,114,1970,1,1,44.42970403,26.12202287,1.339340646,0.146148768
105.5,4,0,5,570000,126,2009,0,0,44.450322,26.086041,0.228417305,0.175804458
68,3,10,10,93700,59,1980,1,0,44.42183,26.01463,0.11625068,0.064214198
75,3,0,5,470000,176,2009,1,0,44.45133466,26.08307835,0.120163169,0.107082531
67,2,4,6,265000,28,2022,0,-1,44.51114411,26.07544107,3.923067387,0.450643472
99.7,4,6,7,180000,23,2026,1,0,44.36791158,26.11002781,2.396615134,0.343015896
67,3,0,10,115000,143,1978,0,-1,44.39385316,26.09167839,1.235677571,0.198035132
70,3,6,6,112500,23,2023,1,0,44.36641919,26.11376236,2.257137131,0.191083909
61.11,3,6,7,135000,26,1964,1,0,44.44543674,26.12682673,0.54386937,0.062603761
69,3,9,9,105000,15,1962,0,-1,44.42941389,26.14534722,0.646605385,0.464131359
50.1,2,1,6,135900,135,2025,0,-1,44.48810652,26.11870731,0.841684704,0.285577854
70,3,6,8,129000,159,1983,1,0,44.45333752,26.12665834,0.429138648,0.167595377
33,1,4,10,75000,59,1976,0,1,44.4185419,26.0419394,0.546133194,0.004325531
52,2,5,10,105000,164,1973,0,-1,44.41452641,26.17915915,0.557811047,0.435402663
82.2,3,1,3,110500,160,2023,1,0,44.4165772,26.2027487,1.198783752,0.956721971
67.04,3,1,8,124900,145,1983,1,0,44.40642932,26.06511205,2.292168353,0.061550397
77.7,3,7,7,208000,160,2025,1,1,44.4046901,26.20670376,0.171056301,0.190222797
46.5,2,10,11,113000,160,2026,1,1,44.40867154,26.20354321,0.514657751,0.322351382
54.7,2,0,11,123000,160,2026,1,1,44.39851428,26.20377877,0.87201766,0.41330769
16,1,4,7,30000,16,1970,0,-1,44.45242426,26.14647164,1.659939301,0.136188853
46,2,1,3,72800,97,2025,1,0,44.44553887,25.98317555,1.769716161,0.693748199
32,1,4,5,49000,97,2025,1,0,44.45259959,26.00416858,2.065563329,0.899534632
62,3,1,4,117999,74,1967,0,0,44.437045,26.015495,0.569915254,0.158013263
39,2,5,10,79000,158,1970,0,-1,44.46417192,26.11721769,1.56039905,0.301439435
70,2,2,4,239000,135,2022,0,-1,44.49344181,26.11990033,1.442172813,0.819075146
38,2,3,7,39000,65,1972,0,-1,44.41400726,26.08653522,1.311089079,0.023757174
30,1,5,7,115000,28,2009,0,0,44.514647,26.082701,4.184553148,0.084935764
80,3,5,7,265000,169,1995,1,0,44.41926294,26.11002781,0.390787329,0.100774543
153.45,5,3,3,515000,80,2026,1,-1,44.51542529,26.11002781,3.898350655,0.03177852
80,3,3,7,245000,102,1992,0,-1,44.43300332,26.13082128,0.607180187,0.166731002
105.1,4,2,10,250000,170,1941,1,-1,44.43850808,26.10104466,0.324589115,0.107254522
35,2,2,10,60000,145,1971,1,0,44.40159413,26.05215514,2.555786686,0.150764597
38,2,2,7,130000,93,1960,0,0,44.4437531,26.0982232,0.231834248,0.090548404
34,2,3,10,130000,42,1960,0,0,44.43869402,26.09753563,0.521603145,0.068993165
58,3,3,7,139900,59,1969,0,-1,44.4191284,26.0427475,0.482539063,0.089131773
36.5,1,1,4,110000,52,2017,0,0,44.43046642,26.13649662,0.272296048,0.141682461
57,3,7,8,98000,174,1962,1,0,44.437666,26.137682,0.514495635,0.068861037
95.6,3,1,16,345000,135,2011,1,-1,44.47678385,26.11882257,0.467353401,0.183008326
61.89,2,2,7,123000,168,1934,0,-1,44.4425913,26.1008427,0.439677711,0.176343224
102,3,5,11,285000,44,2024,1,0,44.46638184,26.13754043,2.116855233,0.023774257
20,1,2,4,62000,169,1970,0,0,44.42717796,26.12626386,1.132420139,0.179133924
63,3,3,4,108000,164,1977,0,0,44.43496717,26.16719318,0.192802625,0.186224194
51,2,10,10,84900,110,1976,1,0,44.4547925,26.1267191,0.57870663,0.131492863
134,4,3,3,395000,152,2025,0,-1,44.50718511,26.02839534,0.548831023,0.151840287
75,2,1,3,175000,152,2025,0,-1,44.50713745,26.02839212,0.544198324,0.148071046
65.3,2,3,5,350000,78,2022,1,0,44.4810293,26.08993293,0.845629902,0.282199965
48.76,2,7,7,115000,164,1965,0,-1,44.42406899,26.15977926,0.254189544,0.161694534
41,1,7,8,78500,182,1984,0,0,44.41919368,26.12178738,0.724543763,0.32591541
51,2,4,7,77450,97,2025,1,0,44.44353226,25.98361898,1.547014222,0.468202085
70,3,8,8,109000,59,1964,1,0,44.41926294,26.03816259,0.492249373,0.314795981
58,2,1,8,193000,52,1991,1,0,44.42567869,26.12799412,1.024430948,0.052062934
40,2,4,4,159000,116,1960,0,0,44.45774689,26.0920615,0.890031359,0.272157745
75.12,3,0,7,220000,101,1958,0,1,44.43209374,26.11002781,0.712307355,0.166090723
56,2,4,7,129000,158,1986,1,0,44.45774689,26.11901096,0.959140324,0.434274836
78,4,1,4,170000,164,1968,0,-1,44.41479845,26.15952034,0.204430435,0.239853689
79.81,3,2,2,258000,128,1970,0,-1,44.48338877,26.05612889,1.216169068,0.102513992
110,2,1,1,600000,42,1938,0,1,44.43850808,26.0920615,0.643173316,0.220435689
95.57,2,3,5,382280,78,2025,1,0,44.48247189,26.09069334,0.843913569,0.20560713
64.31,3,8,9,287000,56,2015,1,0,44.41284648,26.14596042,1.066320156,0.261883329
53.15,3,2,3,125000,33,1936,0,1,44.41284648,26.10104466,0.358033211,0.179827285
64,3,3,7,177000,162,2007,1,0,44.41284648,26.11901096,0.618706137,0.160564976
76.74,3,4,7,295000,169,1996,1,0,44.42567869,26.11002781,0.768276729,0.173351883
63,3,6,8,250000,179,2010,1,0,44.41284648,26.12799412,0.102080383,0.076240234
92.1,4,0,8,250000,25,1992,0,0,44.40001146,26.10104466,0.625637144,0.20640411
60.59,3,10,10,133000,163,1976,1,0,44.41284648,26.11002781,0.475782893,0.232017083
27.79,1,8,8,100000,165,1982,1,0,44.45133466,26.08307835,0.120163169,0.107082531
58.12,2,7,8,197000,106,2001,1,0,44.41926294,26.11002781,0.390787329,0.100774543
58.44,2,0,4,150000,183,1984,0,0,44.40001146,26.11901096,0.801392808,0.159467618
144,4,3,5,930000,78,2009,0,0,44.48338877,26.0920615,0.80285489,0.06716973
50,2,3,4,82500,97,2025,1,0,44.4437525,25.98400364,1.560489933,0.486601863
60,3,4,8,122000,72,1977,1,-1,44.45774689,26.05612889,0.408709767,0.245476523
45,2,0,8,105000,75,1977,1,-1,44.45774689,26.05612889,0.408709767,0.245476523
48.25,2,0,3,76860,160,2026,1,0,44.41504777,26.21017721,1.057382117,0.608202979
50,2,3,4,82500,97,2025,1,0,44.44564008,25.9833985,1.775079547,0.701506983
80,3,3,7,245000,29,1992,0,-1,44.43274534,26.12401961,1.144883709,0.140750035
110,5,0,4,430000,101,1940,0,1,44.43850808,26.11002781,0.646674413,0.17388713
91,3,1,2,285000,68,1965,0,0,44.43850808,26.11901096,1.151395589,0.059317037
46,2,1,7,89000,164,1977,0,0,44.4214358,26.1736417,0.956687807,0.32044027
68.67,3,8,8,203500,165,1976,0,-1,44.4522117,26.0772028,0.564811246,0.180737975
52,2,0,7,125800,25,2025,1,0,44.37593492,26.11082214,1.992925654,0.184429403
51,2,1,5,135000,71,2020,0,0,44.408962,26.023767,0.805165355,0.178135516
54,2,4,5,120000,141,2023,1,0,44.41055918,26.00596905,1.319463656,0.095556697
147.27,4,5,5,734999,135,2021,1,0,44.51542529,26.14596042,4.509525833,2.851126591
50,2,8,8,119999,101,1984,1,0,44.44855002,26.1211879,0.278777595,0.197441179
47.2,2,4,11,85900,23,2027,1,0,44.3610872,26.1293735,1.431644272,0.0678547
32,1,1,4,91900,49,1982,0,-1,44.455267,26.042867,0.54202807,0.102651242
75.91,3,1,8,130000,23,2025,1,0,44.36954916,26.12246817,1.515996261,0.097202221
90,4,4,10,235000,110,1980,1,0,44.44492172,26.12799412,0.600402824,0.097161033
42,2,1,10,62950,97,2026,1,0,44.44135899,25.97296715,1.823355697,0.685441612
44,2,4,7,99000,70,1964,1,-1,44.44830305,26.06655079,0.222932533,0.141654543
88,3,1,4,375000,55,2024,1,-1,44.44671827,26.10210399,0.373682689,0.095994044
31,1,9,10,63000,110,1976,0,2,44.4642848,26.1357581,1.844181422,0.070358997
59.6,3,10,10,74999,110,1967,1,0,44.45133466,26.12799412,0.344907696,0.111942618
30,1,7,10,74000,81,1982,1,0,44.44492172,26.13697727,0.538639723,0.214187393
25,1,2,4,47000,16,1972,0,1,44.45133466,26.14596042,1.541519005,0.039579801
17,1,1,4,24999,16,1970,0,0,44.45133466,26.14596042,1.541519005,0.039579801
70,3,1,2,119999,110,1958,0,1,44.44492172,26.13697727,0.538639723,0.214187393
44,2,2,2,145000,54,1950,0,1,44.48381178,26.06472336,1.822124068,0.094141394
78,2,3,7,134900,58,2010,1,-1,44.42034428,26.06127017,0.735360891,0.170453128
77,4,6,10,153990,111,1982,1,0,44.38717362,26.13697727,0.852866418,0.184731375
35.12,2,10,10,63500,25,1975,1,0,44.38717362,26.11002781,1.167225135,0.036309977
35.69,2,1,7,59990,145,1975,1,0,44.40642932,26.0740952,1.773306101,0.131078514
80,3,3,5,629999,67,2013,1,0,44.47654661,26.09656334,0.413236056,0.411219068
33,1,7,9,132000,52,1992,1,0,44.427022,26.129889,0.910858202,0.037172118
78,2,3,7,134900,58,2010,1,-1,44.42038557,26.06114149,0.726606819,0.15925021
63,3,4,4,130000,25,1974,0,-1,44.38756667,26.10683889,1.254277966,0.173239572
78,2,3,7,134900,2,2010,0,-1,44.42069265,26.0618129,0.723051058,0.200570518
33,1,0,1,59999,163,1930,0,1,44.41342413,26.10409443,0.155417375,0.096984478
52,2,3,6,111999,181,2018,1,0,44.40020876,26.13211709,1.12290536,0.677035174
46.05,2,1,3,124743,117,2027,1,0,44.43185,26.01142,0.698145793,0.275560885
51.26,2,5,8,87500,23,2025,1,0,44.36603388,26.12154744,1.787386556,0.202152323
58.71,2,3,3,135000,0,2015,0,0,44.40730149,26.18177159,0.594847098,0.252656076
80,3,10,11,191000,131,2025,1,0,44.41386866,26.08687859,1.282641905,0.023294163
52,2,1,7,71660,97,2026,1,0,44.44162422,25.98720712,1.268417828,0.304304296
39,1,1,7,56630,97,2026,1,0,44.43835002,25.98729288,0.91079304,0.222903021
46,2,1,7,134000,186,1962,0,0,44.45312941,26.10778079,0.166939665,0.233807745
65,3,2,2,128000,38,1910,0,1,44.43209374,26.10104466,0.439993841,0.208195026
45,2,10,10,95000,97,2022,0,0,44.43681657,25.98931019,0.716008303,0.185903265
75,3,8,8,203500,17,1976,0,-1,44.45282426,26.07256513,0.475609581,0.114942606
94,4,4,11,250000,17,1978,0,-1,44.45223038,26.07772964,0.523161343,0.197304336
65,3,4,4,87000,23,1976,0,2,44.38075364,26.0920615,2.413698609,0.195941525
73.3,3,8,8,172000,180,1988,1,0,44.41284648,26.12799412,0.102080383,0.076240234
31,1,3,8,67900,20,1983,1,0,44.43660115,26.1603342,0.736633706,0.153483189
23,1,7,7,41000,130,1974,0,0,44.44075863,26.17527026,0.740694216,0.129978603
79,3,2,4,117000,141,2021,1,2,44.40001146,25.98426367,3.304900854,0.874527181
170,4,9,12,700000,18,2024,1,1,44.478096,26.107784,0.608189787,0.275039775
47,2,1,7,129000,170,1960,0,0,44.440027,26.099592,0.527452946,0.072604535
117,4,1,5,350000,80,2010,0,-1,44.5153647,26.10286351,4.007844227,0.085162332
86,4,0,8,150000,159,1983,0,0,44.4615577,26.12645522,1.306158632,0.141681082
80,4,9,10,143000,130,1975,1,-1,44.43987134,26.18218538,0.674703062,0.062015105
48,2,3,4,83000,145,1976,0,0,44.40360657,26.0585035,2.501645953,0.077530166
62,3,9,10,90000,59,1974,0,-1,44.41493194,26.02861216,0.474914824,0.225001332
54,2,3,8,67500,97,2024,0,-1,44.44521183,26.01783668,1.268841108,0.230161767
44,2,3,8,55000,97,2024,0,-1,44.44519727,26.01799204,1.264604178,0.221889683
54,2,6,8,67500,97,2024,0,-1,44.44524247,26.01786886,1.271607266,0.23149661
77,3,2,8,96250,97,2024,0,-1,44.44514248,26.01791755,1.25991529,0.220158866
74.8,3,2,5,355000,52,2019,1,-1,44.43179037,26.12992209,0.680288263,0.025045168
44,2,6,6,115000,10,2022,0,-1,44.37328064,26.12759624,0.934892645,0.225267177
70,3,0,7,180000,135,2014,0,1,44.51542529,26.13697727,4.18667953,2.138919808
66,2,2,6,150000,31,1934,1,-1,44.4420736,26.09446049,0.481521931,0.210204968
77.53,2,6,7,320000,54,2011,1,2,44.46415842,26.05612889,0.367583563,0.049689193
98,4,1,4,289000,182,1998,0,0,44.41841944,26.12497333,0.730898705,0.193431085
50,2,4,4,141500,162,1961,0,0,44.417421,26.111424,0.174920743,0.158147926
60,2,1,4,125000,49,2011,0,-1,44.46194674,26.0325496,1.647221469,0.536326943
60.11,2,0,2,105000,27,2012,0,0,44.48679694,26.02596756,0.923988438,0.285986642
40,1,8,8,79990,162,1991,1,0,44.42245962,26.11444742,0.648015701,0.210875264
78.43,4,2,10,175000,101,1981,1,0,44.44228815,26.11790613,0.982532936,0.181108206
40,1,8,8,79990,106,1991,1,-1,44.42250172,26.11460309,0.654393416,0.22392374
58,2,9,9,190000,56,2016,0,-1,44.41621721,26.13883921,0.548224064,0.329186709
74.6,3,3,4,395000,67,2017,0,-1,44.4693124,26.11156762,1.326656063,0.147129537
51.76,2,10,10,110000,59,1973,1,0,44.41428399,26.02512978,0.27540981,0.125773873
65,3,0,3,109999,97,2024,1,-1,44.44488581,25.98580505,1.645722431,0.611119133
72.91,3,2,4,194990,18,1994,0,0,44.462767,26.114048,1.291619583,0.324050407
60,2,2,7,129500,53,2025,1,-1,44.45870473,26.14266393,1.765898074,0.34782489
15,1,4,4,24500,44,1975,1,0,44.452714,26.147432,1.733857753,0.186463078
67.4,2,3,4,245000,14,2025,1,-1,44.4857877,26.0995797,0.73885839,0.271608699
86,4,2,3,275000,67,2019,0,0,44.468079,26.112967,1.431380232,0.287343059
38,2,10,10,89000,18,1977,1,0,44.46264097,26.11449434,1.298212877,0.315603796
38,2,10,10,89000,186,1977,1,0,44.46312976,26.11650538,1.433486776,0.233277098
44,2,4,8,124900,170,1958,1,1,44.43209374,26.10104466,0.439993841,0.208195026
66,2,0,1,249000,169,2004,0,-1,44.41926294,26.10104466,0.577590302,0.27543269
46.26,2,8,8,86500,164,1965,1,1,44.42050212,26.14715037,0.633791262,0.304561558
39,2,2,2,80000,68,1940,0,1,44.4415931,26.1191607,1.00715308,0.152123418
124.8,5,0,2,367000,77,1936,0,0,44.44932676,26.10473736,0.392172242,0.182638878
60,2,1,1,70000,51,2017,0,-1,44.4501154,26.1155842,0.677866442,0.119956013
104,3,2,8,259000,42,1939,0,-1,44.44213658,26.09436459,0.479540345,0.214651571
50.35,2,5,7,107164,23,2025,1,0,44.37023413,26.11949219,1.635552699,0.173481729
48,2,3,11,81000,160,2026,1,0,44.42063175,26.20041813,1.518797103,0.583789555
61,2,1,7,92500,23,2026,1,0,44.36058607,26.15035836,1.06836518,0.132810355
76,3,7,8,126850,23,2025,1,0,44.36027855,26.1504824,1.10296358,0.1609997
34,1,3,10,77000,56,1976,1,0,44.41926294,26.13697727,0.274387487,0.072515117
67.54,3,2,7,105000,92,1976,1,-1,44.43384471,26.02461383,0.26046452,0.060585008
67.54,3,2,8,105000,99,1976,1,-1,44.43708131,26.02506493,0.445392497,0.166959001
67.54,3,2,8,105000,99,1976,1,-1,44.43718288,26.02300789,0.369281821,0.087571367
67.54,3,2,8,105000,74,1976,1,-1,44.43983446,26.02161281,0.640206893,0.244472404
50,2,5,10,100000,15,1965,0,0,44.42347951,26.14636119,0.623938777,0.252829696
91,3,2,24,155000,44,2017,0,-1,44.45133466,26.14596042,1.541519005,0.039579801
49.85,1,0,7,88700,160,2026,1,1,44.41582574,26.19775611,0.944846209,0.686597537
31,1,3,10,75000,56,1974,1,0,44.42147481,26.13888921,0.04556467,0.187882495
110,3,2,7,250000,14,2025,0,0,44.48933704,26.09141253,1.331742769,0.400182103
80,3,5,7,259900,106,1995,1,0,44.42136576,26.11200638,0.531826093,0.081570364
57.8,3,8,10,110000,130,1974,1,-1,44.4417957,26.16693073,0.725738811,0.029683106
115.44,3,2,4,456272,80,2026,1,0,44.51300785,26.12087478,3.610003812,0.893963128
30,2,4,4,69900,148,1940,1,0,44.44555826,26.09642178,0.095473497,0.094159505
94.64,4,1,4,495000,67,2027,0,1,44.46932763,26.11155152,1.325429603,0.145984171
32,1,1,10,70000,44,1974,0,-1,44.45721111,26.12811944,0.869632928,0.097911626
52,2,0,7,97000,49,1982,0,-1,44.45373471,26.04519701,0.290863292,0.179476744
86,3,2,4,136500,160,2026,0,0,44.41163132,26.19960575,0.614918554,0.511717483
49,2,3,4,85000,164,1970,0,0,44.41305334,26.178332,0.384796906,0.318685212
52,2,5,10,105000,164,1973,0,2,44.41459,26.17908,0.560663075,0.429770276
44,2,8,8,80000,59,1974,0,0,44.42117599,26.0174328,0.237992378,0.211211514
38,2,6,13,70000,181,2008,1,-1,44.401941,26.142733,1.663033304,0.076642622
87,3,4,7,229000,28,1983,0,-1,44.48979748,26.0740952,2.38933483,0.396630157
72.88,3,4,7,323000,28,2010,1,1,44.51689649,26.08625275,4.340675735,0.171992118
79,3,16,21,299000,163,2009,1,0,44.40628073,26.12417201,0.690033663,0.212299787
48,2,0,7,175000,28,2010,0,-1,44.43330386,26.09843419,0.446887476,0.284295733
60,3,4,7,107000,112,1979,0,0,44.40908347,26.17801136,0.236415631,0.089030048
77.94,3,5,7,175000,97,2023,1,2,44.4347,25.9873,0.525705579,0.051569383
43,1,1,4,69472,160,2017,1,-1,44.41172355,26.19971297,0.628188149,0.523375389
139,3,0,7,340000,187,1940,0,-1,44.43967754,26.07795813,0.551171371,0.229999595
70,2,6,8,178000,55,1976,1,-1,44.457077,26.0962797,0.889611026,0.07534653
31,1,8,9,63700,59,1973,0,-1,44.42300666,26.0369575,0.306691866,0.133802244
41.7,1,1,3,115000,135,2024,1,0,44.495017,26.122278,1.655599558,1.060813478
71.18,3,3,11,156500,23,2025,1,0,44.36821829,26.12445832,1.528933406,0.177879924
83,3,4,8,261200,52,1992,0,0,44.42567869,26.12799412,1.024430948,0.052062934
80,2,3,10,230000,14,2020,0,1,44.49136876,26.08876972,1.635311112,0.142481429
52,2,4,8,107000,41,1983,1,0,44.43850808,26.15494357,1.201457079,0.271784692
75,4,1,7,159000,164,1970,0,0,44.42567869,26.16392673,0.122514347,0.049811325
105,2,5,7,278000,56,2019,1,1,44.41284648,26.13697727,0.771826509,0.193933824
56,2,1,7,89600,0,2022,1,0,44.40001146,26.18189303,1.245073376,0.722413167
44.49,1,1,3,70000,160,2025,1,0,44.41711495,26.20311154,1.264351911,0.958191351
76,3,6,8,208000,2,1989,1,2,44.4172947,26.0611159,1.044070705,0.182058266
48,2,5,10,90000,158,1977,0,0,44.4630153,26.1280605,1.488252342,0.184964947
68,3,6,9,99500,15,1962,1,0,44.42895443,26.15687237,0.636250791,0.093852129
80,3,6,8,390000,28,2025,1,-1,44.51532819,26.11281262,3.86411908,0.223673974
51,2,6,10,114999,52,1975,1,0,44.42738829,26.13763757,0.57046687,0.117352396
73,3,1,5,389000,14,2023,0,-1,44.49142035,26.09338767,1.468300968,0.454993898
47,2,7,10,148500,54,2020,0,0,44.48040999,26.05886611,1.24211037,0.204477517
105,3,0,7,365000,42,2009,1,-1,44.44151786,26.08756957,0.925747624,0.200402023
73,2,6,7,239000,169,1994,1,0,44.426901,26.112335,0.91162506,0.063338953
27,1,5,8,69500,56,1983,0,0,44.41432199,26.14159183,0.781180687,0.520336347
64,3,2,10,125000,26,1974,0,0,44.45074507,26.12494344,0.111742341,0.044973838
50,2,0,5,121999,160,2024,0,-1,44.41478531,26.18969618,0.85841219,0.650726485
50,2,11,11,166000,14,2026,0,-1,44.48243778,26.11165881,0.439754927,0.231134406
17,1,1,4,25000,16,1970,0,0,44.45140964,26.14880255,1.704973175,0.190391082
52,2,1,7,169000,14,2026,0,-1,44.48083228,26.09960894,0.192989369,0.138571216
94,3,4,6,310000,3,2026,0,4,44.41926294,26.13697727,0.274387487,0.072515117
91.7,3,11,11,294000,59,2020,1,0,44.41541461,26.03685573,0.788188581,0.131319625
86,4,0,8,150000,159,1983,1,0,44.45971417,26.12688951,1.109935114,0.066290185
61,3,1,4,99000,0,1970,0,0,44.40973901,26.18102074,0.441010191,0.203571811
51.32,2,2,12,98650,95,2025,1,0,44.36698347,26.12501259,1.498441052,0.152454622
69,2,3,5,365000,67,2025,1,0,44.46260872,26.10915923,1.126079811,0.210531763
75,3,9,9,235000,114,1995,1,0,44.42338824,26.13128887,0.677652806,0.382062804
53,2,9,9,167000,92,2016,1,-1,44.43209374,26.02917943,0.448386739,0.249514537
57.18,2,8,10,229000,14,2020,1,0,44.48817848,26.09369874,1.129936092,0.210790051
66,3,3,5,153000,23,2017,0,-1,44.37247527,26.1249147,1.147395195,0.225854152
47.8,2,8,8,110000,49,1986,0,-1,44.45133466,26.04714574,0.072368871,0.033254456
43.57,2,3,11,135000,135,2026,1,0,44.48962827,26.14258409,2.286777692,0.882839099
64.3,3,0,11,166000,135,2026,1,0,44.48962827,26.14258409,2.286777692,0.882839099
68,3,1,8,176500,176,1960,0,0,44.45527316,26.09343384,0.812356453,0.288128014
48,2,5,8,107000,164,1976,1,0,44.41299695,26.16105695,0.06325271,0.166848563
179,3,2,3,599900,18,2021,1,2,44.46031,26.10751,0.848957322,0.080308031
64,3,10,11,189000,135,2020,0,-1,44.48882141,26.1097134,1.058083769,0.43030898
65,3,8,8,125000,53,1976,1,0,44.46412662,26.13685902,1.874625935,0.157614773
106,4,9,11,299500,61,2021,1,2,44.4857,26.06232,1.738796303,0.282641408
61.14,3,4,10,89900,44,1968,1,0,44.45795307,26.13033783,1.019535592,0.093732095
35,1,6,7,69500,97,1978,0,0,44.4335058,26.03129111,0.221352799,0.072088958
36,1,1,6,53400,23,2026,1,0,44.36976012,26.11608335,1.882753615,0.105973617
33,1,1,6,58000,23,2026,1,0,44.36894238,26.1173425,1.858767453,0.131519859
45.42,2,0,4,94900,128,1963,0,0,44.48338877,26.04714574,0.508096252,0.122258307
66,2,4,10,209000,14,2019,0,-1,44.47780875,26.1214429,0.498201599,0.088974915
35,1,4,7,115000,114,2016,0,1,44.42391543,26.12788078,0.951920725,0.210046626
73,3,6,10,248000,14,2023,0,-1,44.47753763,26.11858248,0.382716676,0.124500424
46.7,2,1,3,123615,117,2027,1,0,44.43185,26.01142,0.698145793,0.275560885
61,3,3,8,105000,164,1978,1,-1,44.42628286,26.17982781,1.020126232,0.062151017
48,3,9,10,100000,157,1976,1,0,44.41384244,26.16812468,0.53770172,0.200790922
66.4,3,4,6,269000,155,2025,1,1,44.488095,26.064421,1.968314703,0.099527551
40,1,0,2,89000,42,1940,0,-1,44.43936667,26.08269444,0.740831506,0.138908303
42,2,3,10,63000,97,2017,1,0,44.44111387,25.97888947,1.48478467,0.514538312
99,4,1,7,255000,27,2016,0,2,44.47697936,26.03816259,0.658940788,0.237798221
64.25,3,0,8,98000,145,1985,0,-1,44.41284648,26.0740952,1.990869909,0.032680359
104,3,2,5,599000,67,2009,0,-1,44.4704876,26.1063963,1.080187865,0.179018793
50.5,2,5,8,97500,41,1984,1,0,44.4399067,26.15777618,1.049651684,0.07066872
85,4,9,10,160000,41,1982,0,0,44.43667366,26.15921624,0.825556061,0.153600197
98,4,10,10,159500,26,1977,1,0,44.44992762,26.13356576,0.74978513,0.284675713
50.76,2,5,8,86500,95,2025,1,0,44.37071764,26.12478928,1.296392735,0.130358328
48,2,13,13,260000,67,2017,0,-1,44.4767897,26.1072837,0.616133723,0.124478309
65,2,8,10,124000,0,1972,0,-1,44.41061475,26.1774697,0.160941732,0.045807489
126,3,1,4,449500,47,1995,0,0,44.43850808,26.06511205,0.597206182,0.245619
59,2,7,7,126500,1,1963,0,2,44.47056924,26.05612889,0.465898593,0.204131462
90,3,6,7,189000,135,2013,0,1,44.515485,26.1044661,3.988084407,0.043261238
65,3,4,10,134000,15,1970,1,2,44.41926294,26.13697727,0.274387487,0.072515117
53,2,10,10,96000,159,1979,1,0,44.46058516,26.12995474,1.272092254,0.188057963
89,4,2,2,401700,54,2024,1,0,44.46330783,26.06050189,0.308029404,0.293450474
93,4,3,8,339500,36,1992,1,2,44.42567869,26.10104466,0.273391255,0.142179207
35,1,9,10,73000,59,1986,1,0,44.41284648,26.04714574,1.242890617,0.240455203
94,3,8,8,300000,52,2007,1,-1,44.42918187,26.13211533,0.621929528,0.102658927
94,3,8,8,300000,169,2007,1,-1,44.42871568,26.13211533,0.653901946,0.06096531
94,3,8,8,300000,29,2007,1,-1,44.42912624,26.13002001,0.76551514,0.07483549
94,3,8,8,300000,114,2007,1,-1,44.42487079,26.12685735,1.06582169,0.106955099
82,3,1,11,329000,92,2019,0,-1,44.43287584,26.04056954,0.57601816,0.214183852
67,3,2,4,137000,164,1970,1,0,44.41756542,26.16033417,0.457291605,0.376884597
73,3,0,7,218300,138,1940,0,1,44.4487063,26.1013061,0.439105367,0.149862745
62,2,1,4,197056,102,2026,1,0,44.4312958,26.1401304,0.188912825,0.102198943
139,4,1,4,445440,52,2026,1,0,44.4312148,26.1378099,0.149890815,0.082646514
52,2,8,8,150000,135,2025,0,0,44.489471,26.13577,1.805785664,1.035584274
133,3,1,3,335000,80,2010,1,-1,44.51468511,26.11731831,3.781148493,0.582149909
54,2,1,3,149000,27,2022,0,0,44.48468437,26.02777541,0.811238605,0.263736848
52.96,2,1,11,94000,160,2026,0,0,44.41929289,26.1997085,1.359670363,0.623256188
54,2,0,7,107000,160,2020,0,-1,44.41602305,26.19009636,0.974805155,0.509730298
197.4,6,0,4,550000,169,2017,0,0,44.43209374,26.11901096,1.355625873,0.164425893
38,1,0,7,126000,146,2022,1,0,44.44735135,26.04437208,0.293969627,0.259885597
50,2,3,7,87000,59,1965,0,0,44.42475166,26.0425845,0.148006198,0.200204957
37,2,0,3,60000,156,2021,0,0,44.403676,26.0767175,1.554207203,0.269255653
45.73,2,5,9,90000,128,1965,0,0,44.48244406,26.05664651,1.254091059,0.105089609
53.47,2,7,11,154617,129,2025,1,0,44.4232915,26.064441,0.67433111,0.26799111
68,3,5,20,386000,67,2023,1,-1,44.4676571,26.09721852,0.871012601,0.338123177
40,1,3,4,135000,52,1992,0,0,44.4272153,26.13273101,0.740732608,0.126981684
58.6,2,0,7,115000,2,1988,1,0,44.41693869,26.06153563,1.092274641,0.233785538
48,2,2,3,72900,97,2025,1,0,44.44962786,25.98351878,2.200108168,0.97303539
74,4,5,10,139000,130,1977,1,0,44.44295504,26.16274166,0.98422863,0.052620999
81,4,2,10,150000,130,1975,1,0,44.44190711,26.17186089,0.733660332,0.027747006
38,2,7,8,105000,25,1984,0,-1,44.39549821,26.11207665,0.431080879,0.25833815
62,3,5,10,100000,87,1977,1,0,44.46429094,26.12643928,1.607438306,0.035349429
41.72,1,0,6,80000,23,2025,1,0,44.37167467,26.11463882,1.868099497,0.077185273
71,3,10,10,124000,10,1988,0,-1,44.38073447,26.13433327,0.151645683,0.087096176
59.6,3,3,5,93900,23,2026,1,0,44.36900059,26.11055347,2.297234628,0.317329698
60,3,2,10,125000,110,1972,1,0,44.44532419,26.12691288,0.55806971,0.07404645
70,3,3,10,143000,59,1983,0,-1,44.41559423,26.04562962,0.915120977,0.090139307
137.8,4,2,2,335000,114,1960,0,1,44.4209889,26.1342876,0.392077211,0.223104266
57,3,5,5,105000,97,2024,1,0,44.45133466,25.97528052,2.606528799,0.507289189
43.62,1,0,3,99000,12,1932,0,-1,44.4385582,26.1117741,0.774866649,0.220410989
37,1,1,8,115000,137,2021,1,-1,44.44360523,26.05415816,0.511145985,0.126129343
72,3,12,14,114000,130,1976,0,-1,44.44384391,26.15222477,1.55162384,0.077241009
65,2,11,11,175000,92,2024,1,1,44.42887658,26.04104168,0.610319011,0.103691739
55,2,7,11,175000,92,2022,1,-1,44.42900715,26.04174462,0.618961027,0.142651912
57,2,2,10,153000,96,2010,1,0,44.41184391,26.12424209,0.245856786,0.301747175
74,2,4,13,170000,27,2009,1,0,44.47716323,26.04577823,0.719366962,0.075125869
55,2,3,11,169500,92,2022,1,-1,44.42900715,26.04174462,0.618961027,0.142651912
80,3,7,11,209500,44,2026,0,-1,44.47364419,26.14105828,2.09049142,0.205104768
32,1,9,11,63500,59,1977,0,-1,44.4212795,26.04795994,0.451906746,0.165848558
67,3,5,5,107500,141,2009,1,1,44.40775535,25.99843785,1.910383749,0.210371906
72,3,2,10,89000,145,1984,1,0,44.4057612,26.0630875,2.324872825,0.047015026
50.5,2,10,11,188000,92,2021,0,0,44.42847817,26.03957174,0.596653573,0.102279982
74,3,1,7,124900,59,1979,0,-1,44.4222263,26.02161091,0.283662385,0.176605998
119,3,5,6,399000,162,2015,0,-1,44.41327602,26.1184067,0.551013583,0.10259548
72,3,0,7,169900,187,1940,0,1,44.4435085,26.0822886,0.724966372,0.094657915
47.04,2,2,3,76264,160,2026,1,0,44.41363913,26.20631101,0.907024371,0.850564245
63.12,2,10,15,210000,60,2008,0,1,44.41950815,26.13327716,0.505648439,0.267566665
65,3,10,10,105000,158,1976,0,0,44.46236383,26.11930847,1.434351084,0.099329515
38,1,0,8,83900,169,1990,0,0,44.41926294,26.11901096,0.532056841,0.27315737
40,1,2,6,71000,25,2026,1,0,44.36148949,26.11901096,2.12704494,0.332979017
64.4,3,4,7,80000,164,1967,0,1,44.42567869,26.17290988,0.814872355,0.146386458
73.45,3,6,8,133000,151,1988,1,-1,44.41284648,26.06511205,1.619841845,0.348248772
47,2,3,10,83000,59,1971,1,0,44.41980394,26.04162163,0.407972481,0.144149312
32,1,7,8,52000,97,2018,1,0,44.44566919,25.98341698,1.777735016,0.704444838
107,3,1,5,375000,78,2008,1,0,44.48549354,26.08578783,1.347198175,0.406381812
114.59,4,3,9,270000,170,1940,1,-1,44.439437,26.101095,0.419171885,0.07351929
40,1,5,7,81900,10,2021,1,0,44.37433296,26.14596042,0.628976279,0.494365976
67,3,4,4,108000,164,1967,0,0,44.42450212,26.17068489,0.637497273,0.066549019
46.29,2,0,5,115000,151,2012,1,1,44.41284648,26.0740952,1.990869909,0.032680359
40.02,2,1,3,76033,160,2027,1,0,44.41284648,26.19985934,0.728950093,0.648273824
54.28,2,0,8,84000,23,2025,1,0,44.3720091,26.12985426,0.9501724,0.117257956
61.21,3,7,10,114500,59,1965,1,0,44.426333,26.02588,0.344705187,0.12162793
53.7,2,2,6,135000,23,2025,1,0,44.38034894,26.13734446,0.178099382,0.180301719
95.3,4,0,3,250000,160,2024,0,1,44.42041418,26.19773856,1.43872144,0.42383434
50,2,2,2,85000,27,2000,0,-1,44.48738377,26.01795174,1.356089066,0.068512538
47.23,2,4,11,168464,14,2025,1,-1,44.48170205,26.10924214,0.596716945,0.175736099
102,3,0,7,330000,80,2020,0,-1,44.51743799,26.13547493,4.351663916,2.035631893
52,2,0,9,74500,5,1970,1,0,44.37835031,26.11873988,1.328915129,0.075205232
60,2,0,3,90000,160,2025,1,1,44.41504251,26.19730997,0.851113855,0.732408727
43.71,2,2,8,189800,54,2020,1,-1,44.473845,26.054143,0.434639672,0.094647131
77,3,2,3,113000,160,2026,1,1,44.41841368,26.20154681,1.325996325,0.792817749
42.6,2,4,11,109000,95,2020,1,0,44.36791158,26.11901096,1.837699852,0.08863321
68,2,4,8,175000,135,2023,0,-1,44.49250744,26.12498196,1.472322358,0.97925294
140,4,11,11,499000,47,2017,0,-1,44.42567869,26.06511205,0.481888908,0.067382106
85,3,11,11,235000,92,2017,0,-1,44.43495201,26.04231853,0.686775162,0.069640329
45,2,6,9,130000,170,2017,0,-1,44.44281073,26.10205288,0.485337539,0.229314953
51.5,2,3,3,137000,160,2017,1,-1,44.41783,26.194531,1.122682054,0.351899998
49,2,0,7,123000,59,1979,0,0,44.41948023,26.02061341,0.078348242,0.16281501
37,2,0,7,139999,135,2021,1,-1,44.49436856,26.11985463,1.543044083,0.912760276
137,3,3,3,1499010,185,2017,1,0,44.48538379,26.08892505,1.134963468,0.301261143
45.4,2,3,10,170000,76,2018,1,-1,44.44492172,26.06511205,0.44034153,0.197324714
50,2,15,15,105000,15,1976,0,0,44.42479544,26.14412053,0.562735125,0.04815701
71,2,4,7,364900,120,2018,1,0,44.44492172,26.10104466,0.291307268,0.124877523
123,3,0,11,385000,28,2008,1,0,44.49031706,26.08733654,1.609575916,0.188106476
59.7,3,3,4,127000,53,2010,1,0,44.453137,26.151291,1.980436062,0.123011774
90,4,1,3,180000,40,2025,0,0,44.48287454,26.02853269,0.835166104,0.071408413
74.9,3,5,5,136791,23,2025,1,0,44.3784458,26.1451103,0.784410184,0.599213473
51.6,2,1,3,85200,160,2026,1,0,44.41286053,26.19605456,0.590212123,0.633751623
35.86,1,1,4,98516,87,2026,0,-1,44.4619833,26.1249216,1.341775054,0.196209612
77.87,3,1,9,230860,47,2025,1,0,44.42262325,26.07317909,1.144202458,0.149505706
107,3,5,5,186000,31,1936,0,-1,44.44492172,26.0920615,0.448599763,0.093091651
51.7,2,5,10,90000,53,1979,0,-1,44.4631334,26.1380276,1.836821013,0.243240625
64,3,8,8,114800,159,1986,1,0,44.458036,26.125193,0.905360754,0.252340812
29,1,1,3,49500,97,2025,1,0,44.44494909,25.98383374,1.691475314,0.620208862
40,2,1,6,60000,97,2026,1,0,44.44561275,25.98335393,1.773235937,0.699136006
27,1,2,6,44000,97,2025,1,0,44.44470418,25.98391965,1.66343825,0.592298183
85.72,3,0,9,237160,2,2025,1,0,44.42603252,26.07343332,0.946594181,0.19838723
60,2,10,13,195000,114,1992,1,0,44.42443708,26.12790448,0.970529103,0.154189638
88,3,1,4,375000,138,2024,1,-1,44.44584704,26.10477299,0.570964582,0.287259482
38,2,5,6,61999,97,2025,1,0,44.44487394,25.9766557,1.929078643,0.89322146
31,1,2,7,46500,97,2025,1,0,44.44518013,25.98034682,1.815141153,0.735814841
30,1,2,7,45000,97,2025,1,0,44.44490456,25.97931674,1.824181104,0.75449996
40,2,2,7,59000,97,2025,1,0,44.44545571,25.98279326,1.770563418,0.691482321
36,2,3,7,53500,97,2025,1,0,44.44475146,25.98090478,1.753294827,0.672659259
40,2,1,7,60000,97,2025,1,0,44.44518013,25.97953134,1.843549447,0.769846791
28,1,1,7,44000,97,2027,1,0,44.4457619,25.97953134,1.901446613,0.824395589
110,3,2,6,680000,78,2003,1,0,44.47873499,26.09162188,0.687366406,0.129629514
45,2,5,6,115900,160,2008,1,0,44.40625831,26.18091262,0.616354798,0.387180619
67.45,3,10,10,219900,97,2022,1,2,44.43736,25.98972,0.77446856,0.249669792
53,2,7,10,119000,59,1973,0,0,44.41498068,26.02642545,0.310525969,0.19039725
56,3,3,7,180000,27,2013,1,0,44.49620549,26.02917943,0.277692179,0.161724374
68,3,8,10,95000,23,1974,0,-1,44.38003599,26.10013604,2.197125657,0.092139819
33,1,6,6,48500,97,2025,1,0,44.44567316,25.98339971,1.778563151,0.705113871
58,3,1,3,149900,169,1940,0,2,44.42419,26.12695,1.031753978,0.178098788
52,2,5,9,66000,23,1970,1,2,44.38075364,26.11901096,1.306598129,0.210107277
49,2,9,10,105000,59,1971,1,0,44.41572563,26.02641856,0.284535429,0.164013772
114.16,4,3,6,550000,62,2009,0,0,44.446915,26.109593,0.720582131,0.118630843
79.88,3,5,8,259900,169,1992,1,0,44.4217667,26.11057379,0.607309573,0.028038025
46.1,2,5,6,195000,64,2022,1,0,44.4421966,26.1253713,0.629752551,0.334738379
61,3,3,4,119990,49,1961,0,-1,44.46201614,26.04221224,1.192992229,0.113061391
68,3,7,10,150000,165,1975,1,0,44.45177717,26.07120217,0.317742143,0.188559499
51.2,2,6,10,137000,92,1980,1,0,44.43209374,26.02019628,0.23910631,0.13562078
58,3,4,10,185000,1,1979,1,0,44.45774689,26.0740952,0.986440503,0.249987558
65,3,1,10,130000,130,1975,1,0,44.44101147,26.19130236,0.101404512,0.109011119
68,3,8,8,110000,10,1982,1,2,44.38075364,26.13697727,0.181762798,0.186483444
50,2,0,4,107000,59,1966,0,-1,44.42656014,26.05193005,0.242729909,0.148859852
50,2,1,9,103000,59,1969,0,-1,44.42288405,26.03438628,0.12515322,0.062773167
92,3,2,5,203000,96,2026,0,-1,44.40763251,26.13021019,0.543546893,0.100368782
81,3,1,3,147600,160,2026,1,1,44.41923422,26.19648387,1.292175132,0.382067197
63,2,0,3,89000,160,2026,1,1,44.41416568,26.20218069,0.960206779,0.839278942
64,3,0,4,122000,25,1975,0,0,44.38686358,26.10756452,1.325219015,0.165669025
55,2,2,4,134900,97,2013,0,-1,44.43665447,26.01569967,0.532176798,0.204377969
97,2,0,4,104585,160,2025,0,1,44.41363369,26.20021199,0.815382875,0.739434105
82,3,1,3,110000,160,2026,1,1,44.4166773,26.19965452,1.087260462,0.738468361
170,4,19,25,1289000,67,2025,1,0,44.47504854,26.09838467,0.481005257,0.460238083
105.21,3,3,3,450000,179,2025,0,0,44.408864,26.132848,0.565046603,0.274943837
66,3,10,10,123000,71,1984,1,0,44.415642,26.047271,0.957237611,0.115762036
68,2,1,6,325000,28,2026,0,-1,44.51020098,26.07490749,3.837094481,0.544520653
65,2,1,3,93400,164,2026,1,0,44.41284648,26.19087619,0.623350454,0.520942912
85,3,1,3,123250,164,2026,1,0,44.41284648,26.19087619,0.623350454,0.520942912
57,2,1,3,93400,164,2026,1,0,44.41284648,26.19087619,0.623350454,0.520942912
50,2,3,7,69500,73,1972,0,0,44.38810844,26.09012977,1.88372006,0.170782122
78,3,1,5,255000,152,2015,1,0,44.50259903,26.04988189,1.691425927,0.079783537
68,3,0,8,199000,135,2020,0,-1,44.4886191,26.1305687,1.414841256,0.839018898
67.8,3,9,9,166998,56,1986,1,0,44.41240045,26.14192731,0.995297835,0.443733721
75,3,3,4,267000,170,1956,0,-1,44.45216268,26.08672104,0.192660036,0.057499167
42,2,0,8,125000,132,1962,0,-1,44.45894858,26.1118412,0.839768065,0.050194521
51,2,3,3,149000,76,1956,0,-1,44.44048561,26.06539956,0.464012596,0.066484044
58,2,5,18,215000,18,2025,1,0,44.47275249,26.11927673,0.906655147,0.449251087
61.8,2,2,4,86900,160,2025,1,0,44.40851233,26.19878951,0.381712438,0.158905013
87,4,6,7,216200,27,2017,0,-1,44.50411576,25.99576357,2.302095309,1.950688091
70,3,8,8,140000,36,1976,1,0,44.42567869,26.13697727,0.535184375,0.033958669
44,2,1,7,106000,70,1963,0,-1,44.44726128,26.07714499,0.237160165,0.102671007
46.48,2,0,8,130000,163,1976,0,0,44.41250128,26.10654116,0.291836701,0.130878812
84,3,1,5,339000,80,2014,0,-1,44.51249774,26.12725623,3.63659597,1.399143053
53,2,2,7,91000,27,2013,0,-1,44.48384778,26.03800536,0.264881831,0.218274392
53,2,2,7,91000,1,2012,0,-1,44.48400803,26.03825879,0.258514456,0.197027913
38,1,4,7,123000,162,1995,1,0,44.41887,26.113368,0.243183318,0.10888263
65,3,3,4,114000,59,1973,0,0,44.42110069,26.01352215,0.003702563,0.074439466
93.77,3,11,11,215000,160,2026,1,0,44.4089422,26.2092882,0.375619587,0.449165426
60,3,3,3,233000,47,1940,0,-1,44.42858711,26.07673955,0.718948206,0.385550235
92,3,3,4,128900,160,2025,1,0,44.41214616,26.20290811,0.847212228,0.663130913
54.51,2,2,3,80992,160,2026,1,0,44.41558801,26.19933077,0.966446148,0.793586834
154,5,0,5,374800,28,2009,1,0,44.49620549,26.05612889,1.811120971,0.533675741
120,4,0,6,224000,12,1936,0,2,44.43850808,26.11002781,0.646674413,0.17388713
63,3,10,10,88999,92,1970,1,0,44.426452,26.034188,0.494872695,0.100272201
71.07,2,1,4,175000,135,2019,1,0,44.49250886,26.11995691,1.341136683,0.727735868
37,1,7,8,94500,96,1989,0,-1,44.41444361,26.12781898,0.267528858,0.254291873
62,2,1,3,195000,148,1938,0,0,44.4514332,26.0926815,0.667098346,0.148880859
51,2,2,7,64900,23,2027,1,0,44.36334275,26.15211255,0.913820896,0.34579413
38.04,1,0,8,108000,29,1992,1,0,44.43182235,26.12813332,0.82122755,0.117108659
47,2,0,7,119000,128,1963,0,0,44.4819373,26.04828797,0.595303963,0.046082757
60,2,1,4,199000,62,2025,1,0,44.45133466,26.11002781,0.376789113,0.223441305
92,3,5,7,360000,81,2019,0,-1,44.43738889,26.1324,0.399165236,0.007864412
55.4,2,2,3,87360,160,2027,1,0,44.41284648,26.19985934,0.728950093,0.648273824
29,1,-1,6,44900,36,1939,0,2,44.44946,26.08166,0.34886828,0.183157827
52,2,2,7,179900,14,2008,1,-1,44.49117833,26.09292475,1.457629182,0.427838868
116.55,3,1,8,530000,67,2021,1,1,44.47109248,26.10661213,1.028857009,0.222435208
68,3,8,8,99000,71,1982,1,-1,44.41675144,26.04547146,0.788990074,0.21367965
50,2,5,7,165000,163,1985,1,0,44.41466177,26.11166216,0.262470229,0.204587386
75,3,4,4,235000,61,2022,1,0,44.492951,26.06792,2.43765529,0.319957607
70,3,5,6,106800,44,1986,0,-1,44.46268175,26.14130143,1.967266973,0.034017872
60,3,7,11,150000,165,1976,1,0,44.45133466,26.0740952,0.499907944,0.154316851
52.85,2,1,3,100800,160,2026,1,0,44.4128608,26.2032683,0.902859591,0.745817202
67,3,3,4,92500,5,1967,0,0,44.38273661,26.1197708,1.152843481,0.308758262
45.48,2,1,3,78582,160,2025,1,0,44.4198687,26.1999367,1.426108281,0.596535222
125,3,2,2,420000,54,2000,0,0,44.46864761,26.05653905,0.563267731,0.134416622
52,2,10,11,185000,135,2026,1,0,44.483269,26.114315,0.340975626,0.297425212
100,3,3,7,328000,52,1995,0,-1,44.4287492,26.1329072,0.604428423,0.046724157
53,2,5,7,119800,164,1970,1,0,44.41596059,26.15830701,0.364462643,0.272141466
70,3,4,6,209900,55,1976,0,0,44.46039189,26.09805996,1.042730228,0.230695183
54,2,1,10,120000,74,1980,1,-1,44.43804405,26.0193975,0.467248133,0.312849849
67,3,2,7,125000,81,1977,0,-1,44.44277929,26.14095498,0.655647532,0.075134874
61,2,-1,2,94999,55,1950,0,-1,44.45806793,26.09763627,0.871087944,0.139043974
56,2,0,7,124900,74,2018,0,1,44.428755,26.022093,0.595044848,0.259650153
53.41,2,7,8,84700,103,1984,0,0,44.408933,26.059329,1.930228223,0.140490158
80,3,1,5,169000,40,2022,1,1,44.48478361,26.01860696,1.50715976,0.323782434
103,4,0,3,295000,51,1947,1,-1,44.44675573,26.10618741,0.670941208,0.175133127
51.1,2,5,5,98970,95,2021,1,0,44.36298016,26.11481848,2.38648995,0.160853347
40,2,2,7,127000,38,1939,0,1,44.42567869,26.10104466,0.273391255,0.142179207
79,3,0,4,116000,59,1972,0,0,44.41468189,26.02054491,0.249705815,0.270103332
64,2,5,9,239000,169,1997,0,-1,44.42856639,26.09725356,0.300204356,0.160166654
96,3,1,9,212000,16,2023,1,0,44.449052,26.1483404,1.508451786,0.062481425
58,2,7,7,114000,23,2020,1,0,44.36712293,26.15433591,0.871183631,0.78452211
90,3,0,3,229000,135,2023,0,0,44.49378087,26.11990846,1.479387202,0.85387136
76,3,7,7,126850,23,2025,1,0,44.36120449,26.14931979,0.968347467,0.030299235
26,2,3,4,41500,145,1975,0,1,44.40616745,26.0476662,1.970251793,0.473360678
34,1,3,7,92999,14,2022,0,-1,44.49045186,26.09727712,1.277665525,0.523622072
60.76,2,1,3,89102,160,2026,1,0,44.41394906,26.20522407,0.96003349,0.880559313
245,3,6,6,450000,163,2008,0,1,44.3998531,26.1119944,0.262685617,0.291623381
59.9,2,6,12,175000,60,2024,1,0,44.4208991,26.1326997,0.518516282,0.3313464
80.02,3,2,3,118755,160,2026,1,0,44.41708227,26.20740641,1.276849548,0.849426352
91,3,11,14,330000,113,2008,1,0,44.481816,26.059326,1.394009935,0.270388795
60,2,2,4,175000,28,2008,1,0,44.510557,26.103808,3.473851254,0.537502415
72.45,3,11,11,120000,130,1978,0,-1,44.44186222,26.16670811,0.73793796,0.013335836
70,2,3,3,135000,107,2009,0,1,44.4031834,26.16287424,1.155571728,0.259569949
55,2,6,10,115000,52,2017,0,-1,44.42738253,26.13763332,0.571140878,0.118056875
51.32,2,5,10,125000,178,2017,1,-1,44.4451942,26.0379091,0.699156563,0.100064537
35,1,4,5,57000,97,2026,1,0,44.43850808,25.98426367,1.011950656,0.114744395
51,2,0,10,95000,74,1980,1,0,44.43147191,26.01667701,0.470930143,0.161674841
80,3,2,7,256120,47,2024,1,0,44.42567869,26.0740952,1.010953854,0.21514369
48,2,4,4,94900,59,1973,0,-1,44.41761461,26.01552765,0.418937359,0.20018291
39,1,1,7,69938,23,2026,1,0,44.36099013,26.15013011,1.020386679,0.097965675
50,2,1,6,84579,23,2026,1,0,44.36016188,26.15000217,1.096231713,0.144508298
72,3,3,3,233000,47,1940,0,-1,44.43291944,26.07758611,0.278624004,0.179923851
46,2,6,10,93000,56,1964,0,-1,44.42357446,26.14736432,0.701147697,0.280704328
59,2,3,3,168000,135,2025,0,-1,44.49501119,26.122398,1.657581386,1.064984647
67,3,8,8,105000,71,1983,1,-1,44.41523451,26.04451545,0.931924175,0.141367293
43,2,2,7,155000,179,2019,1,2,44.41284648,26.12799412,0.102080383,0.076240234
51.6,2,1,3,85200,160,2026,1,0,44.41242526,26.19578086,0.537871452,0.580831737
44,2,1,6,78529,23,2026,1,0,44.36062214,26.14991697,1.047805556,0.102005786
72.1,3,9,11,153900,141,2024,1,1,44.4079753,25.98257104,2.563155433,0.282540639
150,5,6,7,770000,14,2022,0,-1,44.49412618,26.08872817,1.899117697,0.197532689
117.82,4,1,13,800000,78,2018,0,-1,44.47899667,26.0891796,0.879686601,0.29412837
241,4,5,6,2500000,142,2009,0,-1,44.46896179,26.08467721,0.344198779,0.456527037
274,5,4,4,2500000,28,2014,0,-1,44.51463996,26.09044435,4.021239881,0.233403216
62,2,1,7,285000,33,2026,1,0,44.41926294,26.11002781,0.390787329,0.100774543
45.48,2,2,3,78582,160,2025,1,0,44.41944724,26.19976571,1.377375871,0.615263833
15,1,1,4,25500,0,1978,0,0,44.42503622,26.17886154,1.178541887,0.092300136
99.5,3,7,12,125000,160,2024,1,0,44.41231249,26.19982404,0.681824647,0.589352105
49.28,2,5,6,99000,25,2014,0,0,44.37726084,26.10175721,2.388732605,0.034470382
51.6,2,1,3,85200,160,2026,1,0,44.4127856,26.1957964,0.577067954,0.616894508
49,2,9,9,96000,151,1986,1,1,44.4001053,26.07973782,1.39886735,0.182458741
68.1,2,1,2,169000,168,1885,0,0,44.43071535,26.10398766,0.372836256,0.196309771
53.5,2,5,8,75000,110,1961,1,-1,44.45154919,26.12183074,0.255805576,0.207777125
100.9,4,1,7,192000,168,1885,0,1,44.43156767,26.10397003,0.449072188,0.106639357
168,6,1,2,360000,168,1885,0,1,44.43035845,26.10371942,0.328826089,0.172607339
65,3,4,4,124900,107,1975,0,0,44.41740016,26.16584111,0.558802789,0.060889995
82,4,8,9,187800,163,1982,0,0,44.40642932,26.11901096,0.910158797,0.228271911
77,3,2,4,159580,53,2025,1,0,44.455919,26.143282,1.660363982,0.037808093
36,2,0,10,87000,59,1973,1,-1,44.42567869,26.02019628,0.526273776,0.215747821
93,3,6,8,240000,2,2010,0,-1,44.42279942,26.0826216,1.267645641,0.270896849
85,4,3,7,149000,145,1983,0,0,44.41054964,26.06403425,1.829010485,0.307215105
77,3,3,4,161175,53,2025,1,0,44.456287,26.144156,1.740346757,0.100845192
51,2,0,10,136000,27,1968,0,-1,44.48611189,26.03757708,0.062572362,0.091544242
50,2,0,5,100000,23,2016,1,2,44.37423,26.12657,0.91896188,0.318041263
51,2,3,7,230000,78,2022,0,-1,44.49134672,26.08876225,1.633608411,0.144284886
84,2,4,11,249000,76,2017,0,-1,44.44200181,26.06686419,0.513294103,0.167217295
66,3,7,7,215000,135,2019,1,2,44.48921,26.12926,1.379550335,0.846096162
93,3,0,3,249000,40,2021,0,0,44.4876456,26.0268056,0.862940357,0.215840442
46,2,1,6,125000,135,2027,1,0,44.491856,26.137007,2.038872537,1.224470473
90,4,4,4,187000,53,1989,0,-1,44.45531687,26.14485366,1.751337244,0.122574996
83.15,3,3,4,327999,186,2026,1,1,44.4497928,26.1067375,0.341668312,0.164433919
57,2,5,8,185000,29,1995,1,0,44.43209374,26.12799412,0.830099026,0.132733375
67,3,1,4,123900,59,1979,0,0,44.4161767,26.0321524,0.65907513,0.24895055
51,2,11,11,89900,164,2010,1,1,44.42260926,26.17990358,1.392295393,0.20023124
145,4,0,2,365000,40,2018,0,0,44.48414543,26.02720491,0.872304936,0.24197932
61,2,8,8,109990,2,1986,0,-1,44.41447369,26.06928017,1.629403316,0.160248492
51,2,3,8,155000,101,1983,1,2,44.43850808,26.11002781,0.646674413,0.17388713
31.4,2,9,9,89000,150,1960,1,-1,44.43815759,26.09169058,0.598200554,0.229254808
63,3,3,4,100000,0,1972,0,0,44.42399656,26.17631439,1.087914675,0.034728808
43.42,1,3,4,64800,160,2026,1,-1,44.41059021,26.19904603,0.504420492,0.390529196
62,3,8,10,135000,15,1970,1,0,44.423401,26.143585,0.428220881,0.208925784
54,2,1,4,85900,160,2026,0,0,44.41155626,26.20238207,0.782440731,0.585360621
50,2,8,10,125000,130,1976,1,0,44.443653,26.153038,1.588043067,0.060932939
50,2,0,3,83000,23,2023,0,0,44.36791158,26.10104466,3.021582412,0.294803286
58,2,7,7,114000,10,2021,1,0,44.36019258,26.15021623,1.101141873,0.152513364
44,2,1,7,114000,54,1963,0,-1,44.4692155,26.0584106,0.675655495,0.035621567
62,3,5,9,264999,29,2011,1,0,44.433361,26.12750561,0.873150609,0.039668847
33,1,4,4,65300,59,1972,0,-1,44.4246794,26.0138237,0.397204345,0.108560105
50,2,2,6,76500,97,2025,1,0,44.44561801,25.98348879,1.770614822,0.697883864
59.9,2,4,10,145000,161,1978,1,0,44.42607546,26.02026137,0.54614485,0.215878682
90,4,3,4,256000,135,2025,1,0,44.49518733,26.15071908,3.148738034,1.525778146
69.4,3,3,9,295000,67,2020,1,0,44.4696536,26.1126214,1.267032414,0.235379732
60,3,6,7,115000,59,1965,0,-1,44.42584461,26.05549335,0.126350653,0.136282985
82,4,7,7,120000,145,1986,0,0,44.40831181,26.06230121,2.034470434,0.245562138
54.51,2,1,3,80992,160,2026,1,0,44.41942605,26.20242794,1.458009193,0.788647359
63.91,2,1,3,95041,160,2026,1,0,44.4158335,26.20797505,1.136009753,0.784007403
52,2,5,8,95990,25,1970,1,0,44.38964632,26.10452132,1.073354678,0.162892494
54,2,2,3,129000,47,1955,0,-1,44.43991601,26.06451631,0.448614486,0.154092257
96.61,3,1,2,200000,118,1927,0,1,44.431759,26.122029,1.305104459,0.115379715
84,3,2,4,134127,95,2025,1,0,44.357636,26.118606,2.354439307,0.663319803
62.57,2,2,3,93000,160,2026,1,0,44.41394231,26.20311201,0.993706632,0.845763305
75.85,3,2,4,115702,160,2025,1,0,44.41406562,26.20329774,1.01384335,0.864580301
66.2,3,4,8,304425,80,2025,1,0,44.514462,26.121756,3.777907606,0.934857321
47.68,2,1,3,76033,160,2026,1,0,44.41394231,26.20311201,0.993706632,0.845763305
56,3,7,7,107500,15,1967,0,-1,44.42567869,26.13697727,0.535184375,0.033958669
92,3,3,5,240000,135,2021,1,0,44.49351923,26.12759509,1.671513331,1.210513602
31,1,8,8,57500,59,1968,1,0,44.4200629,26.03952181,0.432340011,0.25958139
105,3,0,7,263000,14,1988,0,0,44.48338877,26.0920615,0.80285489,0.06716973
91,3,0,2,469000,167,2026,0,-1,44.46015394,26.06440823,0.515865386,0.378391488
55,2,8,8,119900,101,1981,0,-1,44.43730178,26.10840287,0.474682613,0.14474945
71,3,1,7,230000,61,2018,0,0,44.48626549,26.04800413,0.700093501,0.153435967
65,3,3,4,112000,74,1975,0,-1,44.43663273,26.02430822,0.368426204,0.164131675
51,2,8,10,119000,56,1966,0,-1,44.42188127,26.14887081,0.770853224,0.217289738
54,2,7,7,92500,59,1982,1,1,44.41678111,26.02672668,0.31190706,0.130786318
77.2,3,1,3,148700,160,2026,1,0,44.41284648,26.19087619,0.623350454,0.520942912
46,2,1,3,73000,97,2025,1,0,44.4519772,25.98081894,2.508786654,0.936375921
91.2,3,3,4,359000,80,2025,0,0,44.5129169,26.1142629,3.589036374,0.418499737
74,2,1,16,190000,14,2010,0,-1,44.47819633,26.11572181,0.285786763,0.114029661
81,3,0,4,299000,80,2025,0,0,44.5129169,26.1142629,3.589036374,0.418499737
79.5,3,4,4,299000,80,2025,0,0,44.5129169,26.1142629,3.589036374,0.418499737
47,3,4,7,155000,170,2017,0,-1,44.44024851,26.10033627,0.52464968,0.109638936
298,3,9,9,334900,23,2020,1,0,44.38075364,26.11901096,1.306598129,0.210107277
62.57,2,2,4,92975,160,2026,1,0,44.4128608,26.2032683,0.902859591,0.745817202
50,2,0,3,82990,73,2024,0,-1,44.37229019,26.10132121,2.825332363,0.296031133
52,2,2,7,185000,78,2025,1,0,44.48338877,26.10104466,0.474158663,0.218764923
139.6,4,0,4,459900,80,2025,0,0,44.5129169,26.1142629,3.589036374,0.418499737
75,3,2,10,279450,169,1996,1,0,44.42455233,26.12530565,1.168333708,0.175042092
15,1,1,4,25500,164,1978,0,0,44.42448758,26.17950736,1.210555792,0.12814745
140,5,3,6,250000,31,1930,0,0,44.442171,26.093541,0.514324766,0.210372828
50,2,3,7,124500,59,1974,1,-1,44.41656599,26.03341283,0.609044085,0.176241018
21,1,3,4,47500,28,1974,0,0,44.48993928,26.061614,1.83951271,0.100207084
47,2,2,10,94800,111,1962,0,0,44.4010484,26.0986181,0.424933236,0.075368085
96,3,5,7,485000,169,2025,0,-1,44.42391452,26.12027481,0.973336914,0.149829126
64,3,5,7,95000,25,2014,0,0,44.38340238,26.10998812,1.44319144,0.140015807
92,3,2,4,128900,160,2025,1,0,44.41172898,26.20661637,0.693965021,0.643400322
83,4,0,5,368000,152,2020,1,-1,44.50053577,26.04811703,1.45620165,0.337132877
104.33,5,4,10,369000,176,1991,0,0,44.45846088,26.08533115,0.727062547,0.228171111
43.42,1,2,4,64800,164,2026,1,0,44.41153578,26.20040279,0.65447992,0.516627939
65,3,1,5,93900,23,2025,1,0,44.37197164,26.11371073,1.918665589,0.149313832
53,2,2,5,76700,23,2025,1,0,44.36902986,26.11511021,1.992993095,0.121472514
75,3,4,4,165000,53,2001,0,1,44.45172306,26.1528039,1.970198534,0.088091807
40,2,5,9,165000,67,2025,1,0,44.47621,26.113874,0.543323115,0.194310156
72,3,4,10,115000,46,1979,0,0,44.43770982,26.17223384,0.325897278,0.094217434
64,3,0,4,145000,56,1875,0,-1,44.41447321,26.15246815,0.714945259,0.045753251
36,1,5,7,73000,23,2000,0,-1,44.36148949,26.11901096,2.12704494,0.332979017
42,2,3,7,154900,148,1962,1,-1,44.44377817,26.09736744,0.224013792,0.056723282
54,2,8,8,118000,56,1984,1,0,44.41476807,26.13247392,0.507794746,0.048796631
66,3,8,9,200000,36,1982,1,2,44.45774689,26.0740952,0.986440503,0.249987558
61,2,8,9,115000,20,1973,1,0,44.43209374,26.16392673,0.584051001,0.296032692
52,2,1,7,77450,97,2025,1,0,44.44565249,25.98338901,1.776621143,0.702996435
85,3,2,5,188000,96,2026,0,-1,44.40764605,26.13019556,0.541691654,0.102253591
65,3,3,10,125000,27,1968,0,-1,44.48708015,26.03755263,0.045423459,0.132823946
53,2,3,8,129500,49,1985,1,-1,44.45885669,26.04798317,0.780606808,0.191667306
40,2,4,7,92900,186,1960,0,0,44.45228627,26.10517902,0.070524946,0.112933329
60,3,0,4,128800,25,1975,1,0,44.38110586,26.10514355,1.895073234,0.387719125
58.5,2,1,3,102899,160,2026,1,0,44.41284648,26.19087619,0.623350454,0.520942912
130,3,7,7,261735,23,2026,1,0,44.36223049,26.14669605,0.78171045,0.21099652
40.02,2,1,3,92000,160,2027,1,0,44.41284648,26.19985934,0.728950093,0.648273824
64.25,3,0,13,299000,54,2020,1,0,44.472064,26.0563327,0.491661048,0.048311737
67,2,10,11,154000,180,2015,1,-1,44.41504733,26.1319555,0.495468553,0.063858998
120,4,0,3,315000,135,2008,1,1,44.52673476,26.14373326,5.553528759,2.968679544
63.4,2,10,11,159000,7,2026,0,0,44.47056924,26.14596042,2.584911665,0.114568209
80,4,9,10,141000,130,1975,0,-1,44.43892738,26.17865456,0.761204223,0.02208623
53,2,4,7,175000,176,1936,1,0,44.43751835,26.0977343,0.440438097,0.077518141
38,1,0,8,124650,135,2022,0,-1,44.49124857,26.12301654,1.279415928,0.769761251
43.4,2,3,4,70900,23,1961,0,-1,44.38981197,26.11709865,0.540418695,0.156241777
66,3,1,10,130000,81,1978,0,-1,44.44302541,26.13627338,0.341769349,0.183618248
76,3,1,7,210000,28,2018,0,-1,44.53369605,26.09903605,6.057480348,0.594370075
53.4,2,2,4,91240,164,2024,1,0,44.402032,26.178644,0.945863229,0.868824277
31,1,6,7,74900,56,1968,1,0,44.41926294,26.13697727,0.274387487,0.072515117
46,2,11,11,157000,160,2023,1,0,44.40431765,26.20721501,0.173646542,0.247984298
75,3,6,11,189900,14,2021,0,1,44.488872,26.113157,0.951168862,0.311803567
50,2,7,10,77000,5,1969,1,0,44.37924003,26.11487873,1.629061038,0.27190434
82,4,1,8,188500,56,1989,0,0,44.41283849,26.14303,0.971418735,0.455842049
40,1,10,10,70000,87,1986,1,-1,44.46056103,26.12098621,1.208001158,0.225860498
42,2,1,7,65000,97,2025,0,0,44.44463281,25.97727125,1.879949289,0.839234103
78,3,5,5,158800,28,2018,0,2,44.53617,26.09515,6.352075266,0.219345853
35,1,4,7,85000,135,2023,0,-1,44.47799746,26.12458314,0.698342824,0.088888707
60.8,2,0,4,137298,95,2017,0,0,44.357636,26.118606,2.354439307,0.663319803
89,3,3,4,146766,95,2025,1,0,44.357636,26.118606,2.354439307,0.663319803
63,2,3,4,109251,95,2025,1,0,44.357636,26.118606,2.354439307,0.663319803
67.1,2,3,4,119958,95,2025,1,0,44.357636,26.118606,2.354439307,0.663319803
48,2,8,8,86500,111,1983,0,0,44.38915693,26.13103694,0.812272006,0.1124152
65,3,2,4,107000,59,1973,0,-1,44.41536382,26.0199733,0.24878605,0.214032997
156,4,0,10,540010,28,2024,0,0,44.50532187,26.0259413,0.275994437,0.133040243
59.55,3,10,10,119000,130,1975,0,0,44.444587,26.142003,0.814215439,0.098479654
51,2,2,8,160000,101,1986,1,0,44.44028999,26.11690361,1.215397906,0.072953139
90,4,6,8,170000,151,1989,1,0,44.41717465,26.06585928,1.226769316,0.352363561
68.9,2,3,4,177000,106,2008,1,0,44.4177,26.124927,0.654928509,0.271653467
88,3,1,3,405000,55,1965,0,0,44.46029963,26.08930407,0.687443475,0.24427806
48,2,1,3,184900,142,1964,0,0,44.46696016,26.09090976,0.365473713,0.340237325
80,3,0,10,195000,28,2024,0,2,44.53669,26.09536,6.408747322,0.165251931
53,2,5,7,170000,54,2020,1,0,44.47437499,26.05525617,0.539042895,0.179586095
62,2,5,12,215000,14,2025,0,-1,44.47616944,26.113775,0.550636606,0.187798266
47,2,6,7,70000,73,1964,1,0,44.38933463,26.09092624,1.735853326,0.099038469
45,2,6,10,78000,41,1977,1,0,44.43808106,26.16107661,0.725722335,0.20113615
35.66,1,4,7,81100,135,2023,1,0,44.49432445,26.12297419,1.598136959,1.024717925
59,2,3,6,84500,97,2012,1,0,44.444373,25.984462,1.615913088,0.551302719
51,2,0,7,129000,28,2021,0,1,44.49252285,26.10025701,1.485770066,0.494426449
96,3,5,7,250000,164,2015,1,1,44.41926294,26.17290988,1.024495732,0.230739316
46,2,3,3,130000,61,2013,0,-1,44.4883238,26.05026801,0.982863936,0.07265403
70,2,8,10,349000,78,2023,1,0,44.48639033,26.09271579,1.002439002,0.113262585
95,3,0,2,170000,169,1940,0,-1,44.42918498,26.11404719,1.043673344,0.288480717
60,3,6,7,99900,97,2018,0,0,44.44701661,25.97738591,2.103591351,0.885014568
35.72,1,11,12,139000,31,1936,1,-1,44.434347,26.098023,0.413172364,0.242521344
32.79,1,-1,3,59000,145,2019,1,-1,44.41284648,26.06511205,1.619841845,0.348248772
82.6,3,5,8,245000,36,1947,1,-1,44.433932,26.096953,0.509619277,0.241303515
80.75,3,1,7,175000,38,1932,1,-1,44.429857,26.100209,0.200960976,0.191694588
75,3,2,2,330000,142,1965,0,-1,44.46602536,26.09204482,0.444076477,0.328063512
40,1,5,8,115000,129,1990,1,0,44.42501314,26.07077341,0.825812923,0.077032054
50,2,0,3,85600,160,2026,0,1,44.41399063,26.20083959,0.877090885,0.78893176
73,3,5,8,249000,2,1984,0,-1,44.42467757,26.07567065,1.148360235,0.069515077
45,2,1,4,107000,59,1967,0,-1,44.42879643,26.04060918,0.60768767,0.090314007
48.35,2,4,4,129500,152,2013,0,-1,44.50426838,26.04710404,1.6261119,0.161957731
36,1,4,8,105000,25,1986,1,0,44.39359289,26.11002781,0.576341886,0.175676108
30,1,7,7,68000,130,1976,0,-1,44.44633316,26.15211393,1.62357283,0.257549781
80,3,4,5,295000,1,2015,0,-1,44.4614906,26.0679823,0.788267507,0.326755729
79,4,2,10,149999,130,1976,0,0,44.44205464,26.17517532,0.85445859,0.046080136
31,1,1,8,76000,175,1980,1,0,44.43209374,26.02917943,0.448386739,0.249514537
39,1,8,8,79900,151,1987,0,0,44.41992228,26.06644209,1.025434267,0.043383034
147,4,3,4,485000,11,2004,0,0,44.4655711,26.07577308,0.849693058,0.23908966
80,3,10,10,240000,47,2017,0,-1,44.42567869,26.06511205,0.481888908,0.067382106
105,4,2,8,260000,135,2024,1,0,44.4888531,26.13397288,1.648835472,1.03067074
37,2,2,15,255000,67,2025,1,2,44.47697936,26.10104466,0.250349954,0.250717236
73.5,3,0,7,280000,64,2026,1,0,44.44237316,26.1256735,0.611190458,0.303746165
98,4,1,8,320000,169,1990,1,0,44.42567869,26.11002781,0.768276729,0.173351883
239,5,0,5,238900,141,2010,0,0,44.407865,25.998774,1.884156793,0.202790433
52,2,2,7,77450,97,2026,1,0,44.44438847,25.98682017,1.576539793,0.571966409
42,2,3,7,64999,97,2026,1,1,44.44753448,25.98732835,1.917582599,0.640771442
100.6,4,0,7,443000,64,2026,1,0,44.44111667,26.12330889,0.778111667,0.208079301
77.36,3,3,7,157000,51,1942,1,1,44.441667,26.120807,0.955702854,0.096292724
74,3,2,4,120000,97,1985,0,0,44.44079508,26.01751819,0.806280829,0.046693195
66,3,4,10,95000,44,1970,0,0,44.45981318,26.13103751,1.228482378,0.138775712
53,2,0,7,94000,20,1980,1,0,44.440958,26.157959,1.09654619,0.181208898
56,2,2,4,95371,0,2023,1,0,44.40216799,26.17434651,0.902226566,0.690406182
41,2,4,7,73498,61,2012,0,-1,44.48979748,26.03816259,0.350031177,0.214249953
79,3,2,8,159000,53,1989,0,0,44.45774689,26.14596042,1.939235748,0.317264098
65,3,2,10,130000,110,1968,1,2,44.45133466,26.12799412,0.344907696,0.111942618
54,2,8,10,119000,56,1982,1,0,44.41284648,26.12799412,0.102080383,0.076240234
42,2,0,10,76230,97,2026,1,0,44.44446571,25.97114956,2.167512958,0.885704082
79.12,3,1,10,160000,95,2021,1,0,44.3611821,26.1366671,1.024617856,0.054080628
69.91,2,1,4,104865,160,2026,1,0,44.41155781,26.20073697,0.676512264,0.527507779
32,1,1,7,108999,76,2022,1,-1,44.44075119,26.05831003,0.280512122,0.101014237
60,3,8,10,131900,59,1975,0,-1,44.42430511,26.04725361,0.207546698,0.060991634
45.5,2,3,5,95000,160,2020,1,0,44.4116941,26.19545379,0.452700219,0.497244896
45,2,1,7,136000,160,2025,0,0,44.41006414,26.19735003,0.36499613,0.340552214
82,4,5,10,161999,46,1975,0,0,44.43510692,26.16904004,0.059072032,0.088343119
104.97,3,9,9,335000,23,2020,1,0,44.38284087,26.11830542,1.167547833,0.24160502
65,1,0,7,200000,27,2017,0,-1,44.48975585,26.0516753,1.166878769,0.150899715
42,1,10,10,86000,2,1999,1,0,44.418749,26.059312,0.849934302,0.036068411
83,3,1,11,325000,92,2019,0,-1,44.43297015,26.04103941,0.608458123,0.182964144
109.04,4,11,11,368800,71,2026,1,0,44.41220791,26.03636819,1.119762907,0.227485308
109.04,4,11,11,368800,59,2026,1,0,44.41179497,26.03649324,1.166741491,0.216607217
72.79,3,11,11,241700,71,2026,1,0,44.41220791,26.03636819,1.119762907,0.227485308
74.42,3,9,11,233625,71,2026,1,0,44.41220791,26.03636819,1.119762907,0.227485308
74.42,3,9,11,233625,59,2026,1,0,44.41253792,26.03675088,1.091101546,0.190227278
74.61,3,9,11,229375,71,2026,1,0,44.41210181,26.03641293,1.132049054,0.238973382
50,2,4,5,105800,23,2019,1,-1,44.36453927,26.14300684,0.489831875,0.375912142
31,1,8,10,52000,44,1974,0,0,44.45628812,26.12790164,0.76807113,0.114344737
91.66,4,3,6,300000,168,1979,1,-1,44.43209374,26.10104466,0.439993841,0.208195026
45.5,2,6,10,120000,164,1975,1,0,44.40620025,26.17414697,0.462011519,0.514494401
63,2,7,8,204900,124,1989,1,0,44.43017151,26.10727968,0.548576006,0.038814052
48.15,1,2,3,77000,160,2025,1,0,44.42064847,26.20079107,1.530571689,0.609363264
43.42,1,2,7,64800,160,2026,1,-1,44.40893205,26.19950053,0.448457845,0.219732686
35,1,-1,3,35000,97,2009,0,-1,44.443325,26.010588,1.188584237,0.368931686
55.6,3,2,7,135000,160,2021,0,1,44.4148592,26.19730296,0.831513916,0.748794268
55,2,8,10,87000,164,1978,0,0,44.41175517,26.1675102,0.525707753,0.047227882
61.75,2,7,7,190250,59,2026,1,0,44.41185632,26.03636442,1.157913354,0.216041087
53.13,2,1,11,172625,71,2026,1,0,44.41220791,26.03636819,1.119762907,0.227485308
53.13,2,1,11,172625,59,2026,1,0,44.41201649,26.03662206,1.144982777,0.242425828
53.25,2,5,11,169750,71,2026,1,0,44.41195527,26.03632705,1.14653434,0.223566354
43.22,2,3,11,149125,71,2026,1,0,44.41220791,26.03636819,1.119762907,0.227485308
43.22,2,3,11,149125,59,2026,1,0,44.41203013,26.03627854,1.137594886,0.22865082
44.81,2,3,11,148525,71,2026,1,0,44.41152585,26.03705702,1.206159935,0.227001873
39,2,6,11,159999,14,2025,0,-1,44.47726944,26.11526944,0.394663093,0.158159305
57,2,1,8,125000,151,1988,0,0,44.41344504,26.06649124,1.60736798,0.39921091
52,2,10,12,99990,15,1976,0,0,44.42388095,26.14059448,0.323736627,0.230316158
72.09,3,9,11,119800,74,1975,1,0,44.43395694,26.01687822,0.355320817,0.065581363
67,3,1,4,210000,47,1961,0,-1,44.43120282,26.06868401,0.511239093,0.074035609
50,2,8,8,85000,128,1966,1,-1,44.48634009,26.05727806,1.369128947,0.168241498
152,4,0,2,790000,55,2024,1,2,44.45774689,26.10104466,0.665953154,0.275307804
38,1,7,7,86000,29,1993,1,-1,44.4306785,26.12876939,0.793308586,0.139373944
44,2,6,7,109800,120,1960,0,-1,44.44165186,26.09888321,0.471284466,0.124844104
55,2,0,11,178999,92,2017,1,0,44.43392602,26.03606121,0.199521279,0.026360838
50.5,2,0,8,125000,28,2020,1,-1,44.492418,26.099461,1.475490302,0.529114413
53,2,7,10,109000,59,1972,0,2,44.41926294,26.02917943,0.45242362,0.209994492
50,2,10,10,94500,56,1970,0,1,44.4148946,26.1533097,0.658194461,0.035893811
37,1,4,7,124999,135,2017,1,-1,44.48979748,26.11901096,1.030869217,0.432487256
59,2,1,7,159900,28,2025,0,-1,44.50321234,26.04967059,1.71462066,0.016226237
56,2,3,4,89600,112,2024,1,0,44.402043,26.178687,0.945588242,0.867695193
40.83,1,2,10,74000,160,2025,1,1,44.41856501,26.19177422,1.218095214,0.205590059
91.77,4,11,11,265900,59,2026,1,0,44.41195515,26.0364503,1.14861347,0.228960138
91.77,4,11,11,265900,71,2026,1,0,44.41220791,26.03636819,1.119762907,0.227485308
84.62,3,11,11,208800,71,2026,1,0,44.41220791,26.03636819,1.119762907,0.227485308
55.3,2,1,4,229000,18,2026,0,0,44.47056924,26.11002781,1.229939114,0.152029284
58,2,1,11,145000,164,2025,1,0,44.42249661,26.18246913,1.349456074,0.003901909
74.19,3,8,8,169750,182,1990,1,0,44.423359,26.124069,1.128356382,0.058123712
69,3,10,11,148370,160,2025,0,0,44.40897116,26.19949641,0.449452879,0.223640006
47,2,8,8,86500,23,1983,0,0,44.38915533,26.13099409,0.80945564,0.115774121
117,5,3,5,225000,125,1936,1,-1,44.43536937,26.10534718,0.21154844,0.082162254
58.1,2,2,4,182900,27,2023,1,-1,44.481095,26.045538,0.408060072,0.212558803
65,2,2,8,78500,95,2025,0,-1,44.37435961,26.11884999,1.436079691,0.216389011
48,1,-1,7,85000,170,1930,0,-1,44.4405662,26.0981927,0.582554001,0.06530797
125,3,3,6,629000,138,2008,1,0,44.4483692,26.10586747,0.490682457,0.121118682
40,2,2,6,79500,145,1960,1,-1,44.41317025,26.06983297,1.772541909,0.236593712
96,3,1,2,199900,29,1940,0,1,44.43183008,26.12268261,1.252824083,0.152183803
65,3,4,10,130000,59,1976,0,-1,44.42096613,26.01862907,0.150007082,0.134825447
100,3,5,5,299000,28,2010,1,0,44.51466886,26.10281868,3.934442165,0.119551252
75,3,1,7,249000,169,1995,0,-1,44.42643884,26.12880729,1.015352148,0.096710688
61.4,3,6,10,98000,25,1974,1,0,44.386665,26.109616,1.226008146,0.064219725
45,2,7,7,93000,54,1965,0,0,44.47056924,26.05612889,0.465898593,0.204131462
105,2,5,5,316500,56,2020,1,-1,44.41664727,26.14064853,0.512289733,0.290004076
63,2,1,5,166000,74,2015,1,0,44.4363539,26.0184896,0.339867645,0.273670987
64.21,3,10,10,120000,130,1974,1,0,44.44228459,26.16309929,0.906392141,0.048862507
43.7,2,2,8,189800,78,2020,0,-1,44.47216585,26.05614866,0.480221598,0.033424678
88.6,3,4,5,550000,78,2022,1,0,44.48134457,26.08971505,0.871503627,0.317324448
27,1,0,4,61999,92,1982,0,0,44.431276,26.028318,0.558618608,0.337030136
88.2,3,5,6,199500,160,2020,1,1,44.41349237,26.19817404,0.716747026,0.710692167
35,2,10,10,90000,87,1976,0,0,44.4630246,26.11811733,1.504393556,0.158186794
53,2,2,4,168000,47,1955,0,-1,44.42842344,26.06639512,0.327734705,0.050353536
90.73,3,2,7,299900,176,1958,0,0,44.45221446,26.08925218,0.39328088,0.18065379
74,3,2,10,144900,10,1985,1,0,44.38166932,26.1332836,0.284565379,0.124244707
60,2,1,7,192900,52,1992,0,0,44.42650431,26.12960492,0.966469072,0.035915481
98,4,2,8,335000,169,1991,1,0,44.42705599,26.08276088,0.867672467,0.256380286
43,2,3,9,90900,59,1965,1,0,44.42508901,26.04782553,0.138337649,0.150338193
44,2,4,4,73000,164,1964,0,0,44.43675967,26.16667706,0.261869977,0.034941761
60,3,2,10,105000,164,1965,1,0,44.42567869,26.17290988,0.814872355,0.146386458
190,6,0,1,790000,47,1930,0,0,44.43174856,26.07515905,0.36411604,0.306877916
55,2,4,8,83900,25,1964,1,1,44.39731938,26.11251375,0.314519874,0.22159937
73.27,3,8,11,194800,71,2026,1,0,44.4122079,26.0363682,1.119764163,0.227486347
77,3,1,3,228000,23,2025,1,0,44.39505818,26.1062511,0.466410486,0.41117921
54,2,8,10,118000,56,1984,1,0,44.41675902,26.13716781,0.513684795,0.184826828
124.6,3,11,12,369000,60,2024,1,0,44.42079295,26.13263364,0.52449227,0.332397922
107.35,4,9,21,410441,135,2026,1,0,44.47732207,26.12422588,0.709377413,0.168967114
68.93,3,9,21,269182,135,2026,1,0,44.47736185,26.12422618,0.707076506,0.164912106
50.79,2,9,21,187801,135,2026,1,0,44.47740676,26.12433468,0.711861205,0.156939766
62,2,0,8,176999,106,1994,1,0,44.4224671,26.1151441,0.658431921,0.217480586
65,2,6,7,149875,135,2017,0,0,44.49475813,26.12073165,1.598485732,0.979609865
48,2,4,10,79000,23,1965,0,0,44.39645259,26.11846651,0.494629906,0.237658645
146,4,2,6,850000,142,1990,0,-1,44.467894,26.09247252,0.516233252,0.434523395
34.5,1,0,12,83000,160,2025,1,-1,44.410713,26.19721,0.412487261,0.413213611
50,2,2,6,93847,23,2025,1,0,44.37079855,26.11647287,1.792114175,0.100448224
54,2,3,7,129000,72,2022,1,0,44.46415842,26.02917943,1.843243316,0.416948922
65,2,10,10,188000,52,1990,0,-1,44.42540844,26.12757244,1.039645169,0.043506207
94,4,6,7,364900,124,1995,1,0,44.42713118,26.0938678,0.57620209,0.014537885
77,3,3,7,265000,114,1993,1,0,44.425002,26.128069,0.984181428,0.102357375
60,3,3,3,92500,72,2008,0,0,44.47233605,26.01134795,2.60287692,0.284339463
72.91,3,7,11,182000,71,2026,1,0,44.4122079,26.0363682,1.119764163,0.227486347
61.11,2,6,7,164100,59,2026,1,0,44.41197901,26.03653618,1.147512662,0.235049201
52.4,2,8,8,140400,59,2026,1,0,44.41267083,26.03675088,1.076791839,0.175473413
42,2,3,10,84000,160,2025,1,0,44.41198545,26.1991135,0.617371132,0.545345161
53,2,1,4,89600,164,2025,1,0,44.40001146,26.18189303,1.245073376,0.722413167
39.44,2,6,7,133000,169,1960,0,1,44.43209374,26.08307835,0.554867212,0.150084026
92,3,9,9,330000,113,2008,1,0,44.48186273,26.05433486,1.073642663,0.119247062
46,2,5,8,58000,145,2012,0,-1,44.40476188,26.08034197,1.264127952,0.177598624
96,5,4,7,222998,124,1935,1,1,44.42850935,26.09652731,0.356465066,0.141640703
85,3,4,7,229000,78,1983,1,2,44.48979748,26.08307835,1.804933036,0.118386437
57,2,5,5,175000,54,2020,0,0,44.46415842,26.06511205,0.651713993,0.222454706
48,2,5,5,158000,54,2020,1,0,44.46415842,26.06511205,0.651713993,0.222454706
60,3,6,6,150000,44,2024,0,0,44.48152364,26.165911,3.911086944,0.460969087
61.43,2,2,3,90074,160,2026,1,0,44.4165772,26.2027487,1.198783752,0.956721971
70,3,5,8,148000,20,1980,1,2,44.43850808,26.15494357,1.201457079,0.271784692
50,2,2,5,215000,28,2022,1,0,44.4903267,26.08824811,1.565339588,0.240050535
38.12,1,5,7,108000,135,2022,1,0,44.49255635,26.12656588,1.537663061,1.080382863
90,4,3,10,188000,41,1983,1,-1,44.43850808,26.15494357,1.201457079,0.271784692
110,3,3,4,340000,59,2008,0,1,44.41045807,26.00699198,1.29462478,0.032021421
55,2,1,10,129998,81,1982,1,0,44.44319067,26.13283196,0.250881495,0.202228255
42,2,3,7,155000,115,1965,0,-1,44.44571535,26.09771967,0.013588517,0.029178274
40,2,4,7,97990,70,1964,1,-1,44.44680976,26.07535232,0.086715234,0.071625506
28,1,7,7,62500,56,1970,1,0,44.41720039,26.14510269,0.640451298,0.097534855
47,3,5,10,74900,25,1975,1,0,44.3822567,26.1098913,1.544195538,0.132474038
75,3,1,7,249000,52,1995,0,-1,44.42836801,26.13155488,0.712842051,0.090621432
40.2,2,2,10,68500,25,1974,0,0,44.3908125,26.1127442,0.795244379,0.26604379
45.47,2,5,7,78000,73,1964,1,0,44.39269328,26.09364405,1.326326127,0.047909135
36,2,1,7,65500,23,1971,0,-1,44.38075364,26.12799412,0.600369507,0.118698968
162,2,0,5,179000,78,2010,1,0,44.48111208,26.09109869,0.758897376,0.221641872
70,3,7,8,214000,1,1982,1,0,44.460265,26.071212,1.048377043,0.237500534
48,2,1,9,100000,9,1968,0,-1,44.43782982,26.0105606,0.72211186,0.07508865
37,2,3,7,154900,31,1965,1,-1,44.44390062,26.09359567,0.379592721,0.107517209
44.18,2,10,11,118400,59,2026,1,0,44.41203013,26.03627854,1.137594886,0.22865082
55,3,6,7,119900,85,1959,1,0,44.43433242,26.0880276,0.220117718,0.035384033
136.82,2,3,3,186375,160,2024,1,0,44.4167146,26.19819787,1.049685111,0.643393639
136.8,2,3,3,186375,160,2024,1,0,44.4167146,26.19819787,1.049685111,0.643393639
34,2,3,9,130000,42,1960,1,-1,44.43555906,26.09364687,0.413935163,0.105431731
49,2,8,10,97000,164,1966,0,0,44.42699296,26.14921339,1.026340979,0.148379207
52,2,0,6,83000,97,2018,1,0,44.44560564,25.98342345,1.770834316,0.69739418
75,3,3,4,280000,28,2020,0,0,44.50901939,26.0740952,3.721138897,0.65543045
46,2,3,6,129000,0,2020,0,0,44.41287876,26.18620449,0.849044453,0.460984774
75,3,0,7,249000,31,1911,0,4,44.44931954,26.08833125,0.433918754,0.135129397
52,2,5,6,224500,67,2021,1,2,44.47697936,26.11002781,0.666197156,0.088824929
57,2,0,11,143000,135,2022,1,2,44.48979748,26.11002781,1.140609979,0.500674638
60,3,0,9,124500,92,1967,1,0,44.43887572,26.03115243,0.524567084,0.108553275
74,3,3,7,267000,125,2017,0,0,44.44159126,26.10396917,0.643982024,0.040842612
95,3,4,7,318000,80,2024,0,-1,44.515395,26.103626,3.995051659,0.024665112
98.3,4,11,11,150000,160,2026,1,0,44.41895832,26.20135872,1.374147797,0.747684283
97.71,3,9,11,123000,160,2025,1,0,44.41113357,26.20311087,0.743806841,0.58123433
81,3,5,5,165900,95,2018,1,2,44.36791158,26.11901096,1.837699852,0.08863321
69.91,2,1,4,104865,160,2026,1,-1,44.41608244,26.20747333,1.165560936,0.826030142
90.1,3,1,3,126140,160,2026,1,0,44.42093568,26.1960756,1.475812899,0.292963079
140,4,1,3,790000,55,2025,1,0,44.45774689,26.10104466,0.665953154,0.275307804
65,3,3,8,139200,20,1987,0,0,44.43209374,26.16392673,0.584051001,0.296032692
78,3,1,10,233000,120,1978,1,0,44.44677997,26.10271292,0.422084286,0.144584646
65,3,2,4,137000,164,1968,0,0,44.41852877,26.16198007,0.559053577,0.274317701
50,2,1,3,99500,95,2019,0,-1,44.36904214,26.11810326,1.805336715,0.135735206
94,4,2,10,149500,130,1977,0,0,44.44128798,26.16823308,0.647988296,0.146794464
70,3,8,8,137900,164,1986,1,0,44.42731358,26.17809435,0.998688356,0.119203906
70,3,9,9,121900,81,1978,0,0,44.44251277,26.14377022,0.864351121,0.015565354
60,3,0,4,99900,25,1975,0,0,44.388014,26.1100388,1.117798077,0.093232436
186.26,6,3,3,200000,12,1930,0,0,44.43769161,26.11315734,0.849098613,0.162014913
59.9,3,4,4,107900,164,1970,0,2,44.41022,26.17988,0.346885304,0.127357168
45,2,10,10,93900,97,2021,0,0,44.43669399,25.98926731,0.702717269,0.175307171
81,3,5,5,165900,95,2018,1,2,44.36791158,26.12799412,1.250921128,0.108121357
50.08,2,6,8,245000,117,1986,1,0,44.435094,26.021383,0.112782096,0.112166455
111,2,4,4,156000,172,2008,0,-1,44.418419,26.007349,0.577455996,0.005506131
162,5,4,4,233000,172,2008,0,-1,44.418419,26.007349,0.577455996,0.005506131
60.35,3,0,3,111157,160,2026,1,0,44.4188124,26.19538148,1.235564367,0.324386343
49.73,2,5,7,260000,67,2020,1,0,44.479058,26.104066,0.30178207,0.094466548
48,2,0,6,82999,97,2018,1,0,44.4434098,25.98361898,1.534166858,0.454932724
49.73,2,5,7,260000,18,2020,1,0,44.460935,26.107632,0.919099435,0.039541514
55.4,2,2,3,87360,160,2027,1,0,44.41655,26.19815771,1.031297269,0.652824548
68.8,3,1,7,105840,160,2027,1,0,44.41655,26.19815771,1.031297269,0.652824548
35,1,5,5,49900,163,1921,0,0,44.41926294,26.10104466,0.577590302,0.27543269
30,1,7,7,60000,133,1978,1,2,44.42567869,26.17290988,0.814872355,0.146386458
50,2,9,9,48999,97,2019,1,1,44.44536581,25.98649955,1.687923946,0.67221613
42,2,1,3,74000,160,2025,1,0,44.41152514,26.19941414,0.595802261,0.4975379
38,2,2,3,70000,160,2025,1,0,44.41144684,26.19930355,0.583434417,0.487638171
68,3,2,3,108000,160,2025,0,0,44.41158241,26.19956657,0.608881923,0.505813144
43,2,1,3,80500,160,2025,1,0,44.41150303,26.19933181,0.589445405,0.494139488
72,2,3,10,134900,97,2026,0,-1,44.44571914,26.02241619,1.296978465,0.335592714
45,2,0,7,69900,5,1965,0,0,44.38137691,26.12070517,1.182341445,0.327846396
61,2,3,7,148000,180,1985,1,0,44.41877944,26.12758494,0.747014837,0.146566714
57,2,1,3,79800,141,2025,1,0,44.40520997,26.00527351,1.85616232,0.60671549
74.5,4,1,3,145000,169,1940,0,1,44.42866,26.120634,1.451383184,0.130268084
33,1,8,10,108000,163,1981,1,-1,44.41137469,26.11261368,0.59329807,0.171984218
53,2,2,4,189000,14,1983,0,-1,44.48044893,26.10127997,0.164297727,0.078689987
198,4,3,3,206600,141,2025,1,0,44.40551654,26.00737636,1.709897625,0.579211101
56,2,2,7,168000,110,2026,1,0,44.45133466,26.11901096,0.434578042,0.083906461
84.65,3,1,4,305000,14,2025,1,-1,44.4857877,26.0995797,0.73885839,0.271608699
95,3,4,5,129000,143,2015,1,0,44.37363462,26.10320516,2.629240322,0.175597746
51,2,3,11,109000,135,2017,1,0,44.49756968,26.12913988,2.123818064,1.611162705
76.5,3,1,6,267000,52,2026,1,0,44.4305559,26.1321289,0.5447496,0.160653692
96,3,3,12,290000,96,2022,0,-1,44.41896373,26.1613051,0.605337458,0.305674564
54,2,5,6,163000,40,2021,1,0,44.49620549,26.00222998,1.938786348,0.952448695
58,3,2,2,93000,36,2021,0,1,44.41284648,26.0740952,1.990869909,0.032680359
54,2,6,10,176500,14,2026,0,-1,44.50261279,26.13697727,2.92426346,2.373928841
80,4,3,7,160000,97,2017,0,-1,44.43643931,26.04561286,0.765057281,0.303714877
85,4,6,8,143000,97,1984,1,-1,44.43821784,26.0270749,0.646763401,0.224604142
93,3,6,7,305000,31,1973,1,0,44.44851782,26.08888149,0.527666934,0.036018363
63.87,2,1,3,93612,160,2026,1,0,44.42171464,26.20670971,1.794550739,0.779051678
40,2,4,7,165000,93,1961,0,-1,44.4383005,26.1009171,0.308539764,0.121053175
49.5,2,6,12,140000,60,2024,1,0,44.4208991,26.1326997,0.518516282,0.3313464
49.5,2,8,12,149000,60,2024,1,0,44.4208991,26.1326997,0.518516282,0.3313464
49.5,2,8,12,153000,60,2024,1,0,44.4208991,26.1326997,0.518516282,0.3313464
60.7,2,4,12,177900,60,2024,1,0,44.4208991,26.1326997,0.518516282,0.3313464
71,3,3,9,192500,59,1979,0,-1,44.42812593,26.04446411,0.520884825,0.30256087
60.7,2,3,12,172700,60,2024,1,0,44.4208991,26.1326997,0.518516282,0.3313464
116,4,3,4,240000,141,2026,1,0,44.40547354,26.0057577,1.807912885,0.590954075
50.8,2,1,4,96500,141,2026,1,0,44.40555535,26.0057577,1.80193717,0.582441194
50.8,2,1,4,98500,141,2026,1,0,44.40543777,26.0060013,1.796034026,0.594732204
125,4,3,3,184691,160,2025,1,0,44.41284648,26.19985934,0.728950093,0.648273824
85.66,3,3,11,126500,160,2025,1,0,44.41926294,26.19985934,1.360499468,0.634381472
85,3,1,10,260000,2,2017,0,-1,44.42465488,26.07724942,1.15794573,0.06053799
43,2,7,10,107000,55,1976,1,0,44.44979414,26.09543649,0.476985643,0.227734539
77.86,3,1,3,122000,160,2025,1,0,44.41926294,26.19985934,1.360499468,0.634381472
72,3,9,10,156000,130,1986,0,-1,44.4369825,26.15928902,0.825868847,0.124573177
65,3,4,10,106000,59,1978,1,0,44.42096228,26.02006979,0.109887771,0.020661668
33,1,9,12,63750,81,1976,1,0,44.442986,26.153147,1.539769043,0.049678327
97.71,3,1,12,124000,160,2025,1,0,44.41151264,26.1992735,0.586957749,0.494563405
72.1,3,2,3,122000,160,2025,1,0,44.41920254,26.19678609,1.29242364,0.405856732
73,3,3,4,175800,69,2017,0,-1,44.46548924,26.14961239,2.662117383,0.050444905
65,3,9,10,139990,53,1974,1,-1,44.4612189,26.12906602,1.315221375,0.207270186
197.4,6,0,2,565600,169,1940,0,1,44.43165104,26.11747699,1.257858955,0.205475073
317,4,10,10,1264990,67,2020,1,-1,44.45929434,26.10622224,0.725282037,0.075237291
75,3,1,7,297000,92,2020,1,0,44.43057111,26.03978859,0.653675468,0.295751704
47,2,2,10,124990,59,1977,0,0,44.42224047,26.04435133,0.2177456,0.243168483
60.4,2,1,4,84900,160,2026,1,0,44.41284648,26.20884249,0.804036487,0.747358461
66,3,2,7,159000,163,2017,0,-1,44.41355899,26.10623692,0.182547626,0.081146325
50,2,10,10,165000,74,2025,0,-1,44.42751278,26.03304863,0.60864874,0.04844259
57,2,10,10,188000,137,2015,1,0,44.4344092,26.04854926,0.510460875,0.020838684
42,2,2,7,65000,97,2026,1,0,44.44660985,25.97633648,2.10581836,0.857167514
52,2,1,7,77450,97,2026,1,-1,44.44664047,25.97637942,2.106975386,0.856980151
77,3,17,17,249000,163,2009,1,0,44.40707103,26.1242356,0.606912859,0.196837281
56.9,2,9,10,144300,101,1982,0,0,44.4395424,26.1156582,1.101718547,0.144742601
134,4,4,6,545000,78,2009,1,0,44.48338877,26.08307835,1.44227398,0.555904764
82,3,1,5,269000,29,2019,0,0,44.43348897,26.12096883,1.271115334,0.077101835
59.84,3,3,4,124990,0,1974,0,0,44.40642932,26.17290988,0.471389493,0.510350648
81.52,3,2,3,159000,0,2026,1,0,44.40001146,26.18189303,1.245073376,0.722413167
66,2,0,3,125000,0,2026,1,0,44.40001146,26.18189303,1.245073376,0.722413167
61,2,7,9,299000,78,2019,1,2,44.47853,26.09434,0.475288687,0.165128322
67,3,0,5,235880,96,2027,1,0,44.4095444,26.1248804,0.340742855,0.152449061
59,2,5,21,225000,108,2026,1,0,44.47697936,26.12799412,0.991477768,0.301352238
56,2,3,7,182822,96,2027,1,0,44.4095444,26.1248804,0.340742855,0.152449061
32,1,2,7,49900,97,2026,1,0,44.4493112,25.98157375,2.207964005,1.04918993
54,2,3,17,164000,110,2027,0,-1,44.45049512,26.13036257,0.499488245,0.022709219
60.51,2,3,3,129500,160,2025,1,0,44.41682572,26.19852678,1.069726029,0.656131447
60.51,2,3,3,129500,160,2024,1,0,44.41284648,26.19985934,0.728950093,0.648273824
43,1,10,10,145000,187,1990,0,0,44.43850808,26.0740952,0.408402181,0.223693267
75.59,2,2,2,149000,168,1933,0,1,44.450356,26.089278,0.432937813,0.159162106
52,2,4,4,105000,112,2018,0,-1,44.40001146,26.17290988,1.155898237,0.428547633
44.97,2,8,10,245000,18,2025,1,2,44.47697936,26.11002781,0.666197156,0.088824929
49.88,3,9,10,115000,126,1976,1,0,44.45111561,26.08021216,0.338641947,0.113770915
87,3,8,8,549000,169,2020,0,0,44.42649489,26.11584618,1.108627024,0.265529818
83,4,4,10,200000,23,1986,0,-1,44.3860675,26.1290529,0.877997524,0.051912774
104,3,9,9,335000,23,2020,0,-1,44.38075364,26.11901096,1.306598129,0.210107277
113,2,3,3,132500,164,2025,1,0,44.41389862,26.20082984,0.868527036,0.77881666
154,4,4,5,750000,67,2006,0,-1,44.45133466,26.10104466,0.405548225,0.138843355
100,3,1,3,405000,142,1962,0,-1,44.46415842,26.0920615,0.496625747,0.30480173
60.9,2,3,4,85900,160,2025,1,0,44.41278882,26.19856265,0.663797438,0.632186889
64.23,3,0,8,125000,92,1986,1,0,44.431473,26.031855,0.368810987,0.302456346
86,3,3,11,205000,160,2026,0,-1,44.41024884,26.1975186,0.38902958,0.357431143
61,2,2,5,175000,135,2024,1,0,44.49023164,26.11810765,1.068127137,0.43548664
57,2,10,10,188000,137,2015,1,0,44.43468541,26.04653151,0.669189186,0.145468834
108,3,0,3,260000,28,2008,1,0,44.4990104,26.0712862,3.002532378,0.204165115
53,2,1,9,115000,164,1978,1,0,44.41926294,26.16392673,0.647646536,0.146887934
98,3,3,7,118000,74,2010,0,0,44.43176204,26.01408444,0.631852906,0.292173892
40,1,2,8,85000,97,2022,0,0,44.4373492,25.97839614,1.205536942,0.289554721
118,4,3,5,250800,141,2025,0,1,44.40642932,26.00222998,1.864458965,0.453283471
51,2,3,4,178000,47,1960,0,-1,44.43209374,26.06511205,0.337027335,0.271708013
59,2,6,7,308999,17,2017,0,0,44.45133466,26.0740952,0.499907944,0.154316851
95,3,4,5,430000,78,2010,1,0,44.47930783,26.08725481,1.03233274,0.441387292
94,3,4,6,175000,121,1937,0,0,44.43565026,26.10716917,0.349764923,0.117941401
98.96,4,3,7,119000,121,1937,0,0,44.43543603,26.10751191,0.379161499,0.085725788
30,1,-1,4,45000,23,2016,1,2,44.36791158,26.11901096,1.837699852,0.08863321
38,1,6,10,99000,97,2020,0,-1,44.43702247,25.99347086,0.785012861,0.330302582
46,2,8,8,250000,14,2024,0,-1,44.4780138,26.10877716,0.687287642,0.230537687
110,5,10,12,355000,69,2025,1,0,44.4739381,26.18924429,3.711736468,1.107805359
92,3,3,4,128000,160,2026,1,1,44.41314532,26.20235844,0.889381376,0.740033484
30,1,-1,7,49500,97,2022,0,-1,44.41926294,25.98426367,1.320754488,0.347735601
67.4,2,2,11,134000,130,2026,0,-1,44.44885026,26.14627512,1.365953104,0.071799737
91,3,8,11,180000,130,2017,0,-1,44.448838,26.14627512,1.36507608,0.071552027
81.1,3,10,11,162000,110,2017,0,-1,44.44874604,26.14623222,1.35590446,0.073915207
65.3,2,7,11,130500,81,2017,0,-1,44.44876456,26.14684065,1.394646621,0.025926591
81,3,7,8,284000,154,1994,1,0,44.42272716,26.11158966,0.686775724,0.073650201
209,4,3,5,532620,14,2026,0,-1,44.48043576,26.10375583,0.311119203,0.058218076
144,3,1,5,369490,14,2026,0,-1,44.47925689,26.10394895,0.292472044,0.073001566
83,3,1,4,155000,176,1933,0,0,44.43209374,26.10104466,0.439993841,0.208195026
295,4,10,11,1300000,102,2017,1,-1,44.431179,26.143231,0.40771772,0.340457592
90,3,2,4,195000,61,2026,1,0,44.48750708,26.05787257,1.457667113,0.303674199
61.8,2,2,4,155000,113,2026,1,0,44.48435153,26.05914543,1.465376869,0.063587007
77,4,4,4,154000,59,1972,0,-1,44.41732214,26.0274176,0.381362016,0.049560389
34,1,4,7,94500,97,2023,0,-1,44.4370709,25.9877324,0.764343633,0.140671188
72.77,3,11,11,225000,126,1979,0,-1,44.452291,26.079816,0.358570598,0.051961821
62,3,1,4,110000,45,1965,0,-1,44.46059394,26.039234,1.183877619,0.15833616
44.54,2,1,10,77000,25,1973,1,0,44.3805231,26.1084033,1.768355555,0.142243314
55,2,-1,3,125000,28,2017,0,-1,44.49337642,26.07472113,2.569957261,0.325129084
62,2,1,4,179900,101,2008,0,-1,44.44932973,26.12010439,0.325665825,0.285820349
76,3,11,21,330000,183,2007,1,1,44.40642932,26.12799412,0.628818035,0.230856491
48,2,3,10,126000,59,1976,0,0,44.417219,26.029779,0.559146554,0.156509122
92,4,0,8,250000,25,1992,1,0,44.399436,26.103351,0.462147654,0.137583195
66,3,0,7,110000,145,1984,1,0,44.40361,26.073312,1.824737128,0.031014222
70,3,5,7,110000,44,2011,0,0,44.46362193,26.14119027,2.038019855,0.085783996
55.67,3,2,4,99000,9,1967,0,0,44.43889237,26.01576445,0.694990107,0.097055343
49.5,2,5,10,170000,14,2026,0,0,44.48093745,26.10995186,0.53032779,0.206349956
39,1,9,9,116000,169,1990,0,0,44.42620323,26.12248944,1.282680051,0.074770104
64,2,1,4,153000,144,2020,0,-1,44.43850808,25.99324682,0.932149397,0.487408734
19.61,1,9,9,77000,170,1961,0,0,44.434981,26.098453,0.356819864,0.190558571
87.2,3,2,4,136363,160,2024,1,0,44.41284648,26.19087619,0.623350454,0.520942912
50,2,2,2,94900,49,2024,0,1,44.47056924,26.00222998,3.329857248,0.073624424
58.7,3,8,9,84500,186,1963,0,-1,44.4518022,26.12156355,0.290716455,0.180966527
97,4,3,7,345000,124,1991,1,0,44.4286955,26.09872121,0.190261136,0.239038593
97,4,3,7,345000,169,1991,1,0,44.42692019,26.098837,0.217779368,0.117748979
62.2,4,0,10,119500,59,1972,1,0,44.4201938,26.02341794,0.278974637,0.258840976
56.1,2,1,4,85900,160,2025,1,0,44.41167534,26.20583988,0.703541835,0.629692556
140,4,0,7,599000,51,2023,1,0,44.44492172,26.11901096,0.688921518,0.122529807
97,4,7,7,315000,42,1938,0,-1,44.4341016,26.090696,0.143477114,0.104937542
127,4,3,3,550000,52,2022,0,0,44.42958618,26.1289259,0.820995281,0.154636154
42,2,5,10,96000,108,2024,1,0,44.53614519,26.09238031,6.367127003,0.239150415
69.9,2,2,8,159900,135,2025,1,0,44.48875852,26.13372323,1.626515528,1.009244784
35,1,9,10,75000,20,1981,1,0,44.43850808,26.15494357,1.201457079,0.271784692
55,2,7,9,194999,17,1983,1,0,44.45399502,26.07532448,0.727369489,0.176127505
61.5,2,3,4,86500,160,2025,1,0,44.40703097,26.20156149,0.566670368,0.114979
75,3,7,8,231000,102,1995,0,0,44.43123872,26.13466252,0.33006858,0.182738229
62,2,9,9,82500,160,2025,1,0,44.41284648,26.19985934,0.728950093,0.648273824
69.4,3,3,7,295000,67,2020,1,0,44.46008462,26.10669189,0.815668946,0.02275632
62,2,6,9,180000,155,2023,1,-1,44.48676969,26.05562789,1.261882077,0.188566022
83,4,-1,7,178544,28,2013,1,-1,44.49640574,26.07179357,2.896410022,0.199132681
79,3,7,7,162000,181,2021,1,2,44.39359289,26.14596042,1.7698841,0.348058549
59,2,3,7,91000,23,2026,1,0,44.35970157,26.15021697,1.149571254,0.158072128
81,3,1,4,269000,29,2017,1,-1,44.43521921,26.12512301,0.898266036,0.03136339
55,2,6,7,82998,25,1964,1,-1,44.39773565,26.12200372,0.533094467,0.090002701
27.35,1,10,10,59900,174,1968,0,1,44.437588,26.13863,0.567418763,0.144487896
43,1,1,11,168354,36,2024,1,2,44.42567869,26.0740952,1.010953854,0.21514369
68,2,1,6,99900,95,2025,1,2,44.36148949,26.11901096,2.12704494,0.332979017
44.58,3,2,4,80244,73,1975,0,0,44.3865958,26.0949192,1.757213297,0.225769944
120,4,0,3,790000,55,2025,0,-1,44.45615372,26.09696844,0.7904483,0.191200511
86,4,6,11,160000,87,1976,1,0,44.46279056,26.11953529,1.475600103,0.148915089
46,2,1,3,73000,97,2025,1,0,44.4456133,25.9834059,1.772061841,0.698472482
152.65,4,4,6,845000,43,2010,1,-1,44.46415842,26.0740952,1.004901678,0.252404247
82,3,1,4,249000,135,2025,1,1,44.51305201,26.11409477,3.604757856,0.398890985
135,3,-1,3,165000,1,2016,0,0,44.47361714,26.04666819,0.404647857,0.020029515
138,5,10,12,250000,69,2017,0,-1,44.44961563,26.1632093,1.643701457,0.221061026
50,2,7,9,121000,59,1971,1,-1,44.41284648,26.02917943,0.621653612,0.128874746
60,3,3,4,120000,0,1974,0,0,44.3998429,26.17378791,1.164087838,0.461164373
122,5,11,16,470000,162,2024,0,2,44.41926294,26.11901096,0.532056841,0.27315737
74.96,3,1,4,190000,135,2024,0,2,44.48979748,26.12799412,1.356496287,0.871255738
18,1,9,10,38000,164,1975,1,0,44.41225349,26.17310286,0.29466115,0.137977917
31,1,9,10,73900,92,2017,0,-1,44.43356358,26.03009889,0.304319849,0.10614541
38,2,5,10,64000,130,1974,0,0,44.44062582,26.17184094,0.596580056,0.170185355
77,3,4,6,295000,124,1996,0,-1,44.42418296,26.10894818,0.770120073,0.180083598
62,3,2,10,118900,54,1970,1,0,44.46625875,26.05912054,0.57381593,0.266260941
67,3,8,8,104000,71,1984,1,-1,44.41284648,26.04714574,1.242890617,0.240455203
63,3,8,10,129800,59,1972,1,0,44.42040981,26.04269385,0.340367134,0.215772154
113,4,6,7,203000,25,2025,1,0,44.37590424,26.11099379,1.980275979,0.175047014
52,2,1,7,93700,25,2025,1,0,44.37556673,26.11125126,1.968454827,0.16046521
66,3,2,11,259500,14,2020,0,1,44.48073532,26.11516751,0.115930605,0.029878301
70,2,5,5,134000,135,2008,1,0,44.49341764,26.12754064,1.659621538,1.200101493
55,2,3,8,110000,25,1964,1,0,44.38916228,26.11040806,1.034125499,0.042757279
61,3,3,4,87000,72,1963,0,0,44.46415842,26.03816259,1.231446176,0.090484442
93,3,5,5,169000,101,1930,0,0,44.43436495,26.10749873,0.410454835,0.032492702
179,3,3,6,296500,162,2025,0,1,44.41727279,26.11610338,0.226857972,0.206061466
59,3,4,4,195000,135,2025,1,0,44.51308804,26.11405859,3.608918831,0.394229486
30,1,5,10,59000,0,1983,0,-1,44.43167237,26.1718008,0.466541777,0.321403706
84.1,3,2,4,269900,135,2025,1,-1,44.51306734,26.11410507,3.606414424,0.398567224
93,3,7,10,215000,36,1986,1,2,44.45188,26.07783,0.51443411,0.16763129
61.9,2,2,4,179000,135,2025,1,-1,44.51302166,26.11402581,3.601697503,0.396453401
80,4,2,4,210000,164,1972,0,0,44.4278935,26.15117669,0.968494308,0.249738264
53,3,10,10,71000,73,1972,0,0,44.38543104,26.09086973,2.069286839,0.124277343
51,2,4,11,104000,23,2020,0,-1,44.36889952,26.13558354,0.642620738,0.258704525
82,3,1,7,269000,64,2018,1,0,44.43521498,26.12501406,0.904721934,0.03400952
58,2,3,12,260000,78,2022,0,0,44.47807632,26.09358476,0.543553246,0.173586696
45,2,5,10,119900,44,1970,0,0,44.45884427,26.13153166,1.152644913,0.04562392
74,3,10,20,435000,18,2022,0,0,44.46933951,26.11025734,1.349547517,0.044813175
42,2,7,11,149990,49,2023,1,0,44.4434956,26.0360845,0.867533147,0.020121011
77,3,7,7,280000,169,2000,1,0,44.42567869,26.11002781,0.768276729,0.173351883
53.12,2,0,5,119000,28,2021,1,0,44.5294379,26.06753277,4.489537608,0.184573391
45,1,2,12,66430,130,2027,0,-1,44.44652503,26.16600102,1.253576344,0.023223757
86,4,1,8,215000,86,1980,0,4,44.4549398,26.039553,0.734373602,0.30489171
35.6,1,4,10,104900,152,2025,1,-1,44.504108,26.04588,1.542604042,0.065002913
53,2,4,10,147000,152,2025,1,-1,44.504108,26.04588,1.542604042,0.065002913
61,3,0,7,130000,110,1970,0,0,44.45239625,26.1249444,0.281933779,0.203179918
69,3,1,9,190000,131,2019,1,0,44.41282216,26.08981095,1.059762066,0.180950718
71.1,3,1,12,249900,2,2023,1,1,44.417891,26.070629,1.423995564,0.251050485
66,3,5,7,120000,23,2020,1,2,44.36148949,26.12799412,1.49496019,0.185374126
29,1,10,10,54900,59,1974,1,0,44.4194642,26.0481042,0.645491005,0.054280031
29,1,2,3,49500,97,2025,1,0,44.45265184,25.97949862,2.612321331,0.831936207
198,7,5,7,700000,114,1996,0,0,44.4260291,26.1296141,0.936735227,0.079104213
55,2,1,4,139000,27,2014,0,-1,44.49013911,26.03261671,0.494040278,0.218243432
66.5,3,1,7,230000,61,2025,1,0,44.488058,26.064404,1.965756944,0.103087893
60,3,7,10,94900,130,1974,0,-1,44.44086734,26.17954987,0.876083161,0.101682832
50.6,2,2,10,215000,67,2025,1,0,44.47545632,26.11257064,0.664435462,0.154298644
86.08,3,8,20,467000,67,2022,1,1,44.46590054,26.11099554,1.517393146,0.27844016
68,3,8,10,190000,1,1982,0,-1,44.45999086,26.0709823,1.033602697,0.273011731
15,1,1,4,31000,119,1979,0,0,44.38011651,26.099991,2.192426837,0.087459441
90,3,1,5,320000,29,2009,1,1,44.44078763,26.12340122,0.770737576,0.202726338
90,3,1,7,154999,130,1976,1,2,44.44263,26.15656,1.295022672,0.019284291
240.88,5,5,6,1200000,78,2007,1,0,44.484582,26.089939,1.017081417,0.189618672
62,3,6,9,115000,186,1964,1,0,44.45126634,26.12271694,0.18569781,0.230955349
55,2,1,8,124000,161,2021,1,0,44.41926294,25.98426367,1.320754488,0.347735601
40,1,1,5,99999,135,2026,0,0,44.49620549,26.11901096,1.736240492,0.889730579
78,3,7,10,250000,135,2023,1,-1,44.4881593,26.11590872,0.833166271,0.161095005
52,2,2,7,80000,23,2026,1,0,44.3600082,26.15017439,1.117707823,0.166380647
53,2,6,7,159000,163,1976,0,0,44.41185814,26.10925769,0.486720655,0.13759034
70,3,5,10,112000,164,1965,0,0,44.42243692,26.16683256,0.436718593,0.283392473
41.7,1,4,11,70200,160,2026,1,0,44.41098922,26.19757413,0.454423327,0.437583462
73,3,5,6,325000,28,2025,1,0,44.50901939,26.0740952,3.721138897,0.65543045
45,2,2,5,125000,63,2026,0,0,44.39789071,26.09756706,0.739578738,0.118998533
60,2,0,1,142000,171,2008,0,0,44.43495487,26.0283185,0.429221611,0.0763121
90,3,1,3,405000,55,1962,1,2,44.45774689,26.0920615,0.890031359,0.272157745
45,2,6,7,119000,172,2016,1,0,44.42378559,26.01088438,0.365696242,0.10852884
45,2,6,14,119000,161,2016,1,0,44.42347543,26.00997059,0.388062649,0.129657378
157.47,4,0,3,365000,120,1935,0,0,44.45025369,26.09505121,0.535734273,0.223205736
128,4,2,3,362478,135,2024,1,2,44.51366,26.11104,3.693442528,0.183930798
65,2,1,3,174345,135,2024,1,2,44.51366,26.11104,3.693442528,0.183930798
40.9,1,3,7,71600,10,2025,1,0,44.35971023,26.15132075,1.19104999,0.14229306
66,3,2,4,149950,56,1967,0,1,44.41284648,26.13697727,0.771826509,0.193933824
80,3,2,2,219000,27,2020,0,0,44.4859079,26.0458758,0.543867093,0.149006994
50,2,1,4,185000,14,1985,0,0,44.482284,26.097849,0.396648933,0.116592824
180,4,1,1,250000,62,1940,0,4,44.44786284,26.10726552,0.560206345,0.059484584
73,3,5,11,120000,130,2025,0,-1,44.44924089,26.16462706,1.572701717,0.102103431
80,4,2,10,165000,117,1979,0,0,44.43418368,26.02062263,0.058892172,0.074020358
67,3,2,4,126000,164,1967,0,0,44.42567869,26.16392673,0.122514347,0.049811325
56,2,5,7,97000,145,1986,1,-1,44.41475401,26.06229999,1.341823248,0.082454535
53,2,11,11,127500,160,2021,1,1,44.40642932,26.20884249,0.095922493,0.252483603
60.9,2,1,4,85900,160,2025,1,0,44.41264703,26.20159784,0.807406936,0.665143167
57,2,0,4,259000,152,2008,0,1,44.50261279,26.05612889,2.12858235,0.058788594
65,3,2,4,112900,164,1970,0,0,44.41284648,26.18189303,0.583846476,0.42254821
37.5,1,4,12,135000,135,2026,1,1,44.48641806,26.10837994,0.913555959,0.283228471
45.54,3,3,4,79999,73,1976,0,0,44.381531,26.095864,2.182138406,0.301714103
27.74,1,7,11,65000,46,1968,1,0,44.43164225,26.16712332,0.471374109,0.146172929
118,3,3,7,399000,169,2023,1,0,44.424749,26.106262,0.563433221,0.203068446
84.65,3,1,7,305000,14,2025,1,0,44.48338877,26.10104466,0.474158663,0.218764923
54,2,8,10,117500,56,1984,0,-1,44.41658596,26.13510132,0.602847659,0.064913344
40.76,1,0,6,142000,14,2020,1,0,44.48742,26.096965,0.954945531,0.255965299
43,1,7,10,107000,55,1976,1,0,44.45068311,26.09892622,0.554795624,0.268109775
74.26,3,1,11,177000,160,2026,0,1,44.40901199,26.19033693,0.331360189,0.117832961
47,2,4,7,118000,23,1961,0,2,44.40001146,26.10104466,0.625637144,0.20640411
59,2,2,7,230000,126,1991,0,0,44.451732,26.082921,0.113204863,0.123199735
68.6,3,6,10,195000,135,2025,1,0,44.489301,26.117407,0.960162605,0.318117663
57,2,1,8,200000,14,2022,0,2,44.48979748,26.0920615,1.349949152,0.421457737
28,1,0,7,54000,53,1975,1,0,44.46415842,26.13697727,1.882674653,0.165442452
63.19,2,3,3,88466,160,2025,1,0,44.42254717,26.19238601,1.416063048,0.133715452
231.71,5,0,5,749000,185,2005,0,0,44.483541,26.088637,1.043180686,0.28533644
53,2,8,10,75000,5,1970,1,-1,44.37847168,26.11849308,1.347110978,0.054803017
61.7,2,9,20,273995,18,2023,1,0,44.46470329,26.10985327,1.365396024,0.135283384
80,3,1,7,146000,41,1978,1,1,44.4426032,26.1566843,1.285388708,0.026657131
59,3,9,9,137000,81,1969,1,0,44.43850808,26.13697727,0.409535327,0.092645022
102,4,3,7,245000,67,2017,0,-1,44.45800324,26.09961486,0.757072141,0.268727794
88.36,3,1,7,199500,67,2026,0,-1,44.4619833,26.1249216,1.341775054,0.196209612
145,5,0,1,475000,42,1960,0,1,44.43972912,26.09141792,0.765817269,0.114962514
48,2,5,11,165000,14,2024,1,0,44.48318027,26.11059709,0.553076214,0.117670215
50,2,8,9,115000,151,2014,1,-1,44.417192,26.071922,1.552577161,0.207798314
51,2,1,10,120000,157,1976,1,0,44.41284648,26.16392673,0.216444781,0.061722196
41.7,1,3,11,70200,160,2026,1,0,44.41337152,26.19847944,0.71621846,0.696920182
54,2,8,10,116000,96,1983,0,-1,44.41652345,26.1352055,0.604291991,0.073908346
83.63,3,3,3,117082,160,2025,1,0,44.41810352,26.20683849,1.393533071,0.924552571
90,3,1,4,405000,142,1962,0,0,44.46694302,26.09190505,0.441990297,0.390898235
54,2,11,11,165000,92,2018,0,-1,44.43275017,26.0405052,0.575801525,0.228129472
52,2,5,9,225000,14,2023,1,0,44.47697936,26.11002781,0.666197156,0.088824929
49.16,2,5,8,82500,44,1970,1,0,44.4554696,26.12691267,0.654646039,0.164875205
73,2,3,7,94500,59,2009,0,0,44.41657068,26.00597548,0.786392272,0.237872564
95,3,4,14,274500,135,2010,0,0,44.4783696,26.11546586,0.27334095,0.139979451
81,3,5,10,166000,135,2026,1,0,44.48949494,26.1417954,2.224035461,0.872357943
100,3,10,11,350000,67,2021,0,0,44.477471,26.11437,0.399632541,0.219463469
89.16,3,4,7,190000,135,2010,0,-1,44.49551046,26.13995077,2.478133216,1.55474278
46,2,7,7,107900,59,1970,1,-1,44.42160636,26.04097092,0.226883844,0.17347438
68,3,2,7,123000,164,1967,0,0,44.42301571,26.16554161,0.31772885,0.237328947
54,2,2,7,185000,101,2026,0,-1,44.44492172,26.11901096,0.688921518,0.122529807
142,4,1,4,595000,134,2026,0,1,44.46415842,26.12799412,1.611729747,0.081976785
121,3,0,4,610000,134,2026,0,1,44.46415842,26.12799412,1.611729747,0.081976785
108,3,0,4,475000,134,2026,0,1,44.46415842,26.12799412,1.611729747,0.081976785
46,2,9,9,158000,2,2022,1,0,44.4196314,26.06618219,1.03309065,0.079642221
82,3,0,5,395000,169,2025,0,1,44.42567869,26.11002781,0.768276729,0.173351883
70,3,0,5,447000,169,2025,0,1,44.42567869,26.11002781,0.768276729,0.173351883
89,3,1,7,320000,64,2026,0,-1,44.44492172,26.12799412,0.600402824,0.097161033
54,2,9,10,148500,56,1982,1,0,44.41926294,26.13697727,0.274387487,0.072515117
95,2,5,6,115900,160,2008,1,0,44.40636715,26.17607949,0.432875599,0.427046868
80,4,5,8,189000,101,1980,0,0,44.44671326,26.12178986,0.402680237,0.095781763
38,2,3,7,105000,125,1960,0,0,44.43827285,26.10162687,0.283018036,0.157780499
67,3,2,2,135000,10,2013,0,-1,44.37990904,26.1382265,0.229691925,0.228737713
100,3,4,10,322000,87,2024,1,-1,44.4673064,26.13774061,2.21401538,0.12584369
83,4,2,10,230000,132,1981,0,0,44.45943101,26.11261368,0.919158316,0.031443614
71.58,3,5,7,310000,28,2019,1,0,44.49620549,26.0740952,2.810983356,0.193850466
45.44,2,0,11,127000,135,2026,1,0,44.48962827,26.14258409,2.286777692,0.882839099
69.22,3,0,11,199000,135,2026,1,0,44.48962827,26.14258409,2.286777692,0.882839099
36.9,1,1,9,87000,97,2021,1,-1,44.43850808,25.98426367,1.011950656,0.114744395
61,2,0,11,179990,20,2009,0,1,44.4380105,26.1634729,0.551637922,0.229236026
44,1,1,3,57440,160,2026,1,-1,44.41284648,26.19985934,0.728950093,0.648273824
51,2,3,7,78500,23,2026,1,0,44.35982426,26.1506883,1.155054184,0.158059087
69.22,3,3,11,166000,135,2026,1,0,44.48962827,26.14258409,2.286777692,0.882839099
73,2,5,10,210000,18,2025,0,-1,44.47697936,26.11002781,0.666197156,0.088824929
353,6,1,2,667000,29,2004,0,1,44.43209374,26.11901096,1.355625873,0.164425893
43.57,2,3,11,116000,135,2026,1,0,44.48962827,26.14258409,2.286777692,0.882839099
73.3,3,1,3,159900,135,2025,0,0,44.49322168,26.13314875,1.913462944,1.383607378
61,2,2,3,73140,160,2026,1,0,44.41926294,26.19985934,1.360499468,0.634381472
56.1,2,2,11,91200,160,2026,1,0,44.41278378,26.19630458,0.587568133,0.635958924
88,2,10,11,100000,160,2025,1,-1,44.41284648,26.19985934,0.728950093,0.648273824
62,3,3,6,108500,10,2025,1,0,44.36219962,26.1512487,0.95988893,0.21372263
44.3,2,3,10,155000,135,2025,1,-1,44.494544,26.128722,1.815416055,1.351893279
88.4,4,5,10,365000,169,1996,0,-1,44.42178367,26.10000572,0.710733977,0.32596698
37,2,0,10,82500,25,1980,0,-1,44.37433296,26.11002781,2.097310542,0.309801789
60,2,1,4,135000,110,2026,0,-1,44.45932485,26.14044189,1.664216537,0.248805048
38,1,1,7,130000,135,2024,0,0,44.4923817,26.11774604,1.303750591,0.650594351
41,2,4,4,71500,145,2020,0,0,44.38481301,26.04756475,4.000512288,0.062896434
64,3,9,9,155000,163,1979,0,0,44.41247181,26.11101703,0.504149996,0.205080544
51.62,2,0,4,89000,145,2017,1,-1,44.38717362,26.05612889,3.723224276,0.242781995
192,2,7,11,110000,160,2025,1,0,44.41284648,26.19985934,0.728950093,0.648273824
82,3,1,5,269000,81,2019,1,0,44.43137141,26.12172504,1.332517415,0.078873151
42,2,7,10,129500,55,1976,0,-1,44.454755,26.098879,0.586779944,0.144975562
40,1,-1,5,131707,127,2026,1,-1,44.4399694,26.1256643,0.600717388,0.207404131
133,4,15,25,774000,67,2025,1,0,44.4772596,26.1019679,0.250908184,0.223618382
60,3,7,7,129000,164,1978,1,-1,44.41423803,26.16447405,0.259150703,0.003558274
70,3,5,8,150000,56,1985,0,-1,44.41602578,26.13485242,0.666118722,0.125416084
55,2,1,6,110000,126,1945,0,-1,44.45145373,26.09529734,0.655668918,0.165585823
31,1,5,10,63500,130,1974,0,0,44.4443012,26.1594236,1.260926183,0.147558201
120.5,3,3,7,164980,131,1930,0,1,44.41284648,26.0920615,0.988538027,0.231263585
72,2,1,6,188000,28,2010,1,0,44.51424622,26.10262365,3.893711231,0.164376135
32,1,1,7,65500,25,2018,0,0,44.3720768,26.1154522,1.790028765,0.116670741
46,2,1,3,73000,97,2025,0,0,44.44320407,25.98366193,1.511466389,0.431885357
93,3,3,5,152000,28,2012,0,-1,44.52183048,26.05612889,3.252697361,0.999054133
87.42,3,1,3,298000,152,2026,1,0,44.5025679,26.0600739,2.414061839,0.066346951
97,4,8,8,170000,151,1990,0,-1,44.41470061,26.0649158,1.426089039,0.284530749
65,3,8,9,144999,56,1970,1,0,44.4234663,26.1431057,0.402661213,0.21570471
44,3,7,10,82500,74,2017,0,-1,44.44041551,26.01656285,0.80046571,0.116950048
96,4,4,6,185000,170,1938,0,0,44.4352708,26.1079557,0.416650172,0.049642209
53,3,3,7,125500,27,2013,0,-1,44.49408699,26.03708267,0.422695391,0.353583495
103,3,3,4,284400,81,2026,1,2,44.44254,26.13126,0.230292996,0.140152726
71,3,7,7,259000,29,2011,1,5,44.43291739,26.12905941,0.745891683,0.133737222
92,4,1,3,175000,29,1936,0,0,44.4339435,26.12096246,1.239142398,0.121086339
63,3,6,11,199990,67,2017,0,-1,44.46353202,26.0991702,1.050106005,0.219950945
49,2,7,8,110000,137,1978,0,0,44.43658152,26.04473422,0.836570607,0.314463472
19.61,1,9,9,80000,31,1960,1,0,44.43209374,26.10104466,0.439993841,0.208195026
64.1,2,1,11,97800,160,2026,1,0,44.41371419,26.19671405,0.696016222,0.742160067
40,2,4,5,95000,75,2017,1,0,44.448309,26.074442,0.185231081,0.022330196
28,1,1,5,155000,78,2021,0,-1,44.48168037,26.08929369,0.914395192,0.343773794
73.69,2,0,1,230000,101,1934,0,-1,44.437355,26.12365,0.850234562,0.179638403
86,3,4,4,159970,160,2025,1,-1,44.41180994,26.2062016,0.710214855,0.647460446
80.3,3,0,4,141000,160,2025,1,0,44.41180994,26.20654512,0.703950187,0.651326753
58.4,2,2,7,281000,78,2022,0,-1,44.480455,26.0885137,0.943354116,0.355768121
80,4,8,10,128999,130,1978,0,2,44.43850808,26.17290988,0.428232886,0.084436726
63,2,0,4,101450,160,2025,0,0,44.41184058,26.20667394,0.705200448,0.656417935
62,2,1,4,92970,160,2025,1,-1,44.41184058,26.20667394,0.705200448,0.656417935
75.3,3,3,4,116900,160,2025,1,0,44.41180994,26.20628748,0.70855537,0.648321523
60,2,2,11,182000,14,2026,1,0,44.48559188,26.10382985,0.768976211,0.443171441
67,3,9,10,122000,81,1979,1,0,44.44492172,26.14596042,1.112180675,0.233351324
47,2,5,8,108000,169,2017,0,-1,44.41967651,26.10383975,0.550653387,0.117365336
38,2,2,7,67000,48,1924,0,-1,44.41605258,26.08967649,1.199499302,0.2117039
97,3,1,3,405000,116,1965,0,1,44.46248501,26.09602138,0.861236049,0.180186369
105,4,2,3,594900,55,1935,0,1,44.45133466,26.0920615,0.619234383,0.139158065
46,2,5,7,119000,150,1962,0,-1,44.43773608,26.09503279,0.648949967,0.008981918
136,4,4,10,517000,68,2010,0,0,44.441494,26.12399161,0.726257488,0.270478662
39,1,8,8,99000,169,1993,1,0,44.43058601,26.12464448,1.115145214,0.219195218
44,2,0,3,135000,164,2019,0,0,44.41292977,26.19118527,0.622230351,0.53652475
31,1,10,10,67000,56,1965,0,0,44.42111472,26.13895488,0.021241863,0.151485003
49.84,2,1,7,94900,15,1964,1,0,44.4250906,26.14571335,0.677409262,0.113334343
43.22,2,-1,3,60000,64,1948,0,1,44.44708159,26.13143576,0.661481696,0.224789411
91,2,3,4,345000,67,2024,1,0,44.4642536,26.1123159,1.37847602,0.326046975
51,2,7,10,119000,59,1971,0,-1,44.41284648,26.02917943,0.621653612,0.128874746
71,3,1,3,144900,23,2021,0,0,44.37274,26.103548,2.641434423,0.116764447
70,3,2,4,150000,56,1968,0,0,44.41284648,26.13697727,0.771826509,0.193933824
49,2,5,8,86500,145,2012,1,0,44.40963481,26.07818238,1.545653997,0.123665217
69,3,4,8,124900,145,1984,1,0,44.408767,26.063422,2.005750865,0.240609496
73.49,3,5,5,133000,66,1982,0,-1,44.4100228,26.1460371,1.278465026,0.218082419
57,2,11,12,88000,130,1975,0,-1,44.44285218,26.15740438,1.258395421,0.073589805
30.8,1,0,7,73000,164,1978,1,0,44.42982699,26.16475035,0.558991984,0.169289126
167,4,0,3,308000,27,2012,0,-1,44.49474325,26.03238595,0.052107578,0.110638415
41,2,1,4,61000,65,2013,0,0,44.39431667,26.0839473,1.49372645,0.185448445
61,2,1,2,92000,170,1901,0,0,44.43880438,26.09695725,0.565907433,0.079698518
60.6,3,4,7,180000,110,1973,0,0,44.45133466,26.12799412,0.344907696,0.111942618
124,3,10,10,192800,145,2026,1,2,44.38717362,26.06511205,3.133936085,0.353486512
71.3,3,0,6,400000,176,2023,1,0,44.44065949,26.08001945,0.718449921,0.105145795
126,3,0,20,580000,84,2009,1,0,44.46296629,26.07229504,1.1474676,0.099156443
68,3,8,10,120900,160,1974,1,0,44.41286584,26.16588375,0.365821973,0.07616298
81,2,3,7,179000,135,2023,1,0,44.4943268,26.1221409,1.578809266,0.98910944
98,4,7,9,225000,135,2010,1,0,44.53038935,26.14503923,5.968604967,3.254232758
44,2,2,7,189800,54,2020,1,-1,44.4739981,26.0547534,0.481290219,0.138395496
87,4,0,10,158000,158,2017,0,-1,44.46456104,26.130444,1.70256334,0.163889699
58.98,2,0,7,75206,23,2026,1,0,44.36098102,26.14909386,0.982410682,0.028883683
64.8,2,2,7,80991,23,2026,1,0,44.36101171,26.1490081,0.976362414,0.023370795
84,3,3,4,134000,141,2025,1,0,44.4078465,25.99952319,1.849278438,0.226129592
52,2,2,4,81000,141,2025,1,0,44.40744801,25.99990942,1.86682387,0.279748493
40.1,2,6,8,185000,67,2025,0,0,44.47643115,26.11732006,0.476081444,0.16034026
56.3,2,6,7,220000,2,2024,1,1,44.42232047,26.08025478,1.408649572,0.35941051
85.2,3,4,4,225000,59,2021,1,0,44.41797485,26.00627813,0.675789668,0.101863216
67,3,3,7,116000,5,2017,0,0,44.37984703,26.12308989,0.976438353,0.204306423
61,3,0,6,178690,53,2023,0,-1,44.4500663,26.1513762,1.769873693,0.228840846
71,3,3,9,192500,59,2017,0,-1,44.42776944,26.04348056,0.491029305,0.22533254
80,3,3,3,225000,55,1939,0,-1,44.45840805,26.09535781,1.034350925,0.090608753
60,2,3,5,137300,141,2024,1,0,44.41348748,26.00158303,1.274573857,0.064067269
60,2,0,4,139900,56,1985,0,-1,44.41613825,26.14091973,0.572317561,0.348325152
43,1,5,7,78500,161,2024,0,1,44.40896091,25.98397445,2.432134209,0.431155205
66.5,3,6,10,103000,53,1974,0,0,44.4622203,26.1305514,1.458840031,0.116473912
412,4,4,4,410000,141,2024,1,0,44.40738668,25.99973779,1.880308694,0.27938961
145,4,4,5,720000,67,2004,1,-1,44.46125894,26.10098161,1.015392577,0.115319008
52.13,2,2,4,200000,22,2010,1,1,44.46151003,26.0947877,0.838099156,0.034422739
51,2,0,4,214000,14,1985,0,0,44.4801015,26.0942911,0.485355117,0.133343174
84,3,2,5,104958,23,2026,1,0,44.37282541,26.1292327,0.896545778,0.134788299
57.7,2,3,5,80578,23,2026,1,0,44.37282541,26.12918982,0.898404818,0.137326307
59,2,2,5,85123,23,2026,1,0,44.37233446,26.12918982,0.944584067,0.112417616
47,2,1,4,96000,128,2017,0,-1,44.48287685,26.05441485,1.077413397,0.078624438
74,3,2,2,185000,169,1936,0,0,44.42643966,26.09360556,0.615711211,0.076356166
71.95,3,7,7,219500,135,2018,0,-1,44.48855481,26.12813433,1.264643764,0.744159998
43.71,2,2,7,189800,54,2020,1,0,44.474277,26.055188,0.527663834,0.172873614
76.5,3,0,3,123400,160,2026,1,0,44.41284648,26.19985934,0.728950093,0.648273824
53,2,2,6,130000,28,2025,1,0,44.50348407,26.06026107,2.467107584,0.164337921
34,1,0,10,74000,56,1978,0,0,44.42225664,26.13746013,0.186950197,0.26831235
83.97,3,0,3,334172,179,2026,1,0,44.40642932,26.12799412,0.628818035,0.230856491
70,3,2,7,265000,62,2026,1,0,44.4497928,26.1067375,0.341668312,0.164433919
50,2,12,12,160000,92,2019,1,0,44.430624,26.036816,0.499282844,0.395414349
65,3,9,10,125000,130,1978,1,0,44.44372561,26.14512017,1.002640412,0.166876173
71,3,1,4,117000,130,2017,1,0,44.44586936,26.25108423,4.689675361,3.293966418
109,4,2,8,160000,149,1936,0,-1,44.4422591,26.10873523,0.854293425,0.086754391
77.4,3,2,4,210000,135,2021,1,0,44.491672,26.123321,1.332219116,0.819066439
54.6,2,1,4,175000,135,2021,1,0,44.48979748,26.11901096,1.030869217,0.432487256
29,1,10,10,57000,81,1980,0,-1,44.44488075,26.13768543,0.56906047,0.243418843
30,1,0,8,56000,107,1973,1,2,44.41284648,26.16392673,0.216444781,0.061722196
52,2,4,4,145000,14,1985,0,0,44.49217,26.083382,1.971353094,0.196114172
54,2,4,5,110000,27,2020,1,2,44.48338877,26.02019628,1.429223603,0.300049589
45,2,2,8,100000,124,1970,0,-1,44.41926294,26.10104466,0.577590302,0.27543269
60,2,1,10,245000,14,2021,1,-1,44.46016679,26.04731722,0.859698951,0.036978811
34,1,3,7,65000,28,2009,1,0,44.53451246,26.05897693,4.432872979,0.255419082
66,3,3,4,108000,59,1970,0,0,44.42219239,26.01538367,0.187802683,0.11415683
120,5,2,2,249999,110,1940,0,2,44.44675,26.12905,0.527430369,0.184387544
77,3,4,8,314000,80,2025,1,0,44.515395,26.103626,3.995051659,0.024665112
100,4,0,1,229000,42,1918,0,-1,44.43659037,26.08962435,0.409047789,0.178950306
130,4,4,5,450000,55,2016,1,0,44.46114248,26.09688954,0.997330847,0.194387285
79,2,6,7,205000,135,2017,1,1,44.42671446,26.09888166,0.230095998,0.115046184
105.3,3,13,20,453772,18,2023,1,0,44.46749488,26.11014386,1.515645446,0.194778376
85,3,11,12,550000,67,2025,1,0,44.476619,26.101626,0.302581049,0.276161446
67.58,3,1,4,120420,160,2027,1,0,44.41284648,26.21782564,1.097213451,0.101975387
71.21,3,1,3,118755,160,2026,1,0,44.41284648,26.19985934,0.728950093,0.648273824
68.17,3,1,3,102493,160,2026,0,0,44.41284648,26.19985934,0.728950093,0.648273824
57.89,2,0,3,87037,160,2026,0,0,44.41284648,26.19985934,0.728950093,0.648273824
57.94,3,2,3,119900,27,2017,0,-1,44.48035924,26.04857487,0.661841987,0.215803168
53.47,2,1,4,84180,160,2027,1,0,44.41284648,26.21782564,1.097213451,0.101975387
57.94,3,2,3,119900,128,1962,0,0,44.48035621,26.04854812,0.660001476,0.216145934
80,3,1,10,240000,43,1980,1,0,44.45904439,26.07783616,0.940236116,0.084402206
37,1,2,4,61774,164,2026,1,0,44.41335282,26.19989135,0.775132421,0.704206551
48,2,4,4,72000,0,1967,0,-1,44.42567869,26.18189303,1.018207455,0.233128509
47,1,1,4,79990,59,2008,0,2,44.41822,26.00764,0.570009027,0.035475546
45,2,4,10,174900,14,2020,0,-1,44.48826709,26.09310152,1.161127275,0.232765011
64,3,9,10,112000,44,2017,0,-1,44.46443595,26.13515191,1.835312743,0.021926424
46.1,2,11,11,191000,76,2021,1,0,44.43850808,26.05612889,0.426450174,0.384989884
85.11,3,2,3,250000,28,2025,0,0,44.48979748,26.0920615,1.349949152,0.421457737
52,2,7,9,102900,59,1968,1,0,44.42567869,26.02917943,0.378186832,0.14988995
79,2,3,6,230000,52,2020,1,1,44.4308124,26.12752676,0.885856293,0.197128844
86,3,1,4,220000,27,2011,0,0,44.49620549,26.03816259,0.538044309,0.576980551
53,2,3,3,119500,27,2020,1,2,44.48338877,26.02019628,1.429223603,0.300049589
47.4,2,6,10,89000,56,1969,0,0,44.42103816,26.14293317,0.295106528,0.282011843
60,2,0,4,219000,28,2008,1,-1,44.5016708,26.0582936,2.246371036,0.111660455
74.91,3,1,4,120471,160,2026,1,0,44.41154089,26.20063816,0.669231062,0.523081697
56.12,2,3,4,84180,164,2026,1,0,44.41152216,26.20035921,0.650858999,0.514151865
77,3,2,4,260000,169,1995,0,-1,44.4304193,26.1209366,1.408241962,0.092171607
155.44,4,1,5,620675,78,2025,1,-1,44.48459945,26.08612059,1.274712789,0.485421694
93,2,0,4,165000,135,2023,0,0,44.50684676,26.13707274,3.330649867,2.336124261
98,3,4,5,520000,78,2010,1,1,44.48063063,26.09167767,0.700619246,0.151232814
85,3,0,8,179000,170,1932,0,0,44.4371861,26.10085256,0.211938388,0.11029615
108,4,8,8,360000,47,2017,0,-1,44.4273624,26.06766297,0.472649634,0.139358246
71,3,2,10,129000,160,2025,1,2,44.41926294,26.19985934,1.360499468,0.634381472
64,3,6,8,125500,158,1975,1,-1,44.4643437,26.1178149,1.603818292,0.306629651
55,2,3,7,107900,59,1980,0,2,44.41926294,26.03816259,0.492249373,0.314795981
32,1,8,9,69900,92,2017,0,-1,44.43562992,26.02818121,0.454466327,0.151677782
51,2,4,10,255000,67,2021,1,0,44.46255612,26.10493054,1.088817162,0.242536274
36,1,4,12,173000,2,2024,1,0,44.42567869,26.0740952,1.010953854,0.21514369
42,2,2,7,64999,97,2026,1,-1,44.44390343,25.98510967,1.55198711,0.498085656
74,2,0,1,230000,101,2017,0,-1,44.43738556,26.12353045,0.8570538,0.175707339
78,4,0,1,99000,164,1989,0,1,44.41880555,26.17409573,0.959184936,0.173737761
66,3,1,4,113700,59,1976,0,-1,44.42536509,26.01444004,0.477988658,0.182156871
67,3,4,4,130000,107,1968,0,1,44.41367583,26.16070544,0.055555494,0.212775898
42,2,3,7,64999,97,2026,1,-1,44.44560347,25.98505815,1.736473554,0.686985878
42,2,4,5,81000,125,1945,0,1,44.43448613,26.09981968,0.28010993,0.113179081
116,3,8,8,349000,52,2006,0,-1,44.42598682,26.1262778,1.160520285,0.088613821
20,1,1,10,39900,0,1970,0,-1,44.4171882,26.1761278,0.77425721,0.12422353
20,1,1,10,39900,107,1970,0,1,44.4171625,26.1754192,0.769894124,0.140271185
20,1,1,10,39900,164,1970,0,0,44.4173157,26.1753763,0.786968042,0.126707455
66,3,6,7,128500,59,1974,0,-1,44.42297678,26.02126837,0.350058349,0.239580504
105,3,2,2,258000,61,2023,0,1,44.48958897,26.05207024,1.183010957,0.124527054
40,2,4,6,90000,186,1960,0,-1,44.45256423,26.1111732,0.432325136,0.065162875
90,3,1,11,151000,69,2025,1,0,44.44956822,26.16351079,1.631555502,0.196587403
70,3,1,11,145000,69,2025,1,0,44.4496305,26.1635235,1.637890234,0.197590864
98,3,3,7,520000,78,2020,0,-1,44.47828698,26.09377679,0.523860541,0.158696529
68,2,1,11,139000,69,2025,1,0,44.44957526,26.16355487,1.631290257,0.193432972
115.8,4,1,3,345840,80,2025,0,0,44.5138405,26.1109573,3.714157374,0.163073761
140,3,0,4,225000,49,2017,0,-1,44.45480698,26.0464846,0.344329109,0.237703316
70,2,1,4,155000,49,2017,0,-1,44.45488452,26.04647119,0.352899494,0.245348555
48,2,0,10,108706,108,2024,1,0,44.5361452,26.0923803,6.367128187,0.23914928
63,3,5,9,110000,164,1963,0,-1,44.42919462,26.15975331,0.519480898,0.141998868
61,3,4,4,132000,47,1961,0,1,44.4277226,26.0534563,0.327653343,0.154644369
51,2,7,7,119000,59,1971,1,-1,44.41668695,26.02360059,0.079970079,0.048232054
66,3,6,10,120000,151,1980,0,1,44.412823,26.0653229,1.628961654,0.364015433
70,3,2,8,103000,44,1986,0,0,44.46486373,26.13961412,2.066322257,0.032873368
91,4,0,8,178000,81,1984,1,2,44.4445,26.14134,0.763955482,0.146944571
76.5,3,1,4,148760,97,2025,1,1,44.43629261,26.00738444,0.417673764,0.284878
154,4,16,19,819980,67,2023,0,-1,44.468937,26.110286,1.387319532,0.054970162
95,3,2,3,290000,101,2010,0,-1,44.44536667,26.12271944,0.519456164,0.203160301
58.98,2,2,8,220000,124,1994,1,0,44.425421,26.105692,0.480478223,0.115876224
95,4,1,3,135000,110,1932,0,1,44.44657441,26.13719344,0.70522819,0.093141926
33,1,6,10,59500,130,1982,0,0,44.44452698,26.14255774,0.84954527,0.055690061
49,2,2,2,92000,167,1950,0,0,44.4580373,26.06426955,0.602409783,0.181911957
71,2,0,5,125000,42,1948,0,-1,44.43807747,26.09347559,0.637459745,0.138306423
73,3,2,7,145000,101,1980,0,0,44.45089008,26.12310416,0.133786346,0.190924037
59,2,1,7,147000,152,2025,0,-1,44.50145149,26.06392991,2.65649488,0.107878179
79,3,10,11,100000,23,1979,0,0,44.37852629,26.11861228,1.337126946,0.0531864
75,3,2,7,330000,169,2024,0,1,44.43209374,26.11901096,1.355625873,0.164425893
80.6,3,10,24,423000,67,2025,1,-1,44.47662577,26.1016523,0.302630608,0.27514623
86,3,2,4,140900,130,2015,1,0,44.4474171,26.2127614,1.778762176,1.560945007
136,3,4,4,225000,59,2021,0,-1,44.41809061,26.00651842,0.652801249,0.078853112
109.58,3,4,5,545800,28,2010,1,0,44.515795,26.103216,4.046463814,0.072774534
40,1,5,11,62500,160,2025,1,-1,44.42609032,26.1916791,1.033145622,0.37991554
42,2,0,2,107000,106,1936,0,1,44.42567869,26.11901096,1.096045109,0.04305964
46,2,1,3,149400,67,1958,0,0,44.46309892,26.10594034,1.147416101,0.229495416
190,5,2,4,1080000,13,2000,1,0,44.46875693,26.09041391,0.428675181,0.45617515
190,5,2,4,1080000,55,2000,1,0,44.4685754,26.09013392,0.39865874,0.42724445
190,5,2,7,1080000,142,2000,1,0,44.46911717,26.090444,0.458489677,0.491012413
41,1,1,11,136000,92,2025,0,-1,44.4290012,26.04146,0.620018599,0.129667888
70,3,4,10,144900,130,1977,1,0,44.4431164,26.1606774,1.095957574,0.083470113
84.34,3,2,7,244999,135,2019,1,-1,44.48979748,26.12799412,1.356496287,0.871255738
84,3,2,11,126500,160,2025,1,0,44.41722349,26.19826339,1.105174661,0.613061826
47,2,3,8,105000,151,1985,1,0,44.41202988,26.07583814,1.826107104,0.181018772
62,3,4,4,115000,59,1974,0,-1,44.42031113,26.01335948,0.090550812,0.065955965
92,4,-1,4,600000,168,2023,0,0,44.4234613,26.09595483,0.655693824,0.071861259
67,3,1,7,235000,155,2020,1,-1,44.4915886,26.0642182,2.10729869,0.059652022
48,2,3,7,139500,42,1969,1,1,44.4391538,26.0922879,0.717181179,0.164115713
51,2,3,3,144000,111,2017,0,-1,44.39359289,26.11002781,0.576341886,0.175676108
59,2,0,1,270000,29,2022,1,0,44.4291056,26.1145989,1.086310068,0.326013809
71,3,3,4,177000,162,2007,1,0,44.41693,26.1194922,0.487097314,0.432995555
73,3,0,4,275000,152,2018,1,1,44.50321263,26.05073495,1.785080204,0.07376131
50,2,2,5,215000,14,2022,0,1,44.49018259,26.08934376,1.500863364,0.280458741
38.41,2,0,10,77000,145,2016,1,0,44.39359289,26.05612889,3.409452181,0.201607832
88,3,4,7,289000,88,2017,0,-1,44.42198701,26.08960666,1.133241326,0.113045731
57,2,6,7,177000,186,2015,0,-1,44.45099995,26.1205802,0.305129437,0.154837905
58,2,6,7,219999,36,1990,1,0,44.42678,26.10249,0.192436602,0.109218312
68,3,9,9,122000,81,1979,0,0,44.43734,26.1503145,1.086737609,0.262883725
66.6,3,1,10,264000,135,2022,1,0,44.49620549,26.12799412,1.947263843,1.437714989
85.77,3,2,3,118755,164,2026,1,0,44.41284648,26.19985934,0.728950093,0.648273824
44.75,2,5,9,127000,74,1966,1,0,44.43850808,26.02019628,0.500828354,0.257213513
100,3,8,8,269000,120,1941,0,-1,44.4433384,26.1014638,0.411268712,0.225398344
85,4,2,8,165000,130,1983,1,0,44.44470628,26.14301795,0.891162602,0.049337796
46.23,2,1,8,145000,42,2017,1,1,44.43601343,26.09481811,0.516229262,0.160507911
46,2,4,4,135000,67,1970,1,2,44.45774689,26.10104466,0.665953154,0.275307804
65,2,2,3,135000,135,2026,0,0,44.50611944,26.13768348,3.284618524,2.413188144
59,2,4,8,124500,87,1990,0,0,44.45597645,26.12102962,0.715683942,0.456542471
53,1,0,3,76950,59,2008,0,0,44.41663344,26.00596752,0.782416604,0.232006029
83,4,7,8,130000,23,2017,1,0,44.38659731,26.13635481,0.783089866,0.197887463
44,1,5,7,167000,56,2016,0,-1,44.41802707,26.14017478,0.35435033,0.137315429
74,3,2,7,144900,10,1985,1,0,44.38101658,26.13383978,0.199928504,0.09582341
65,2,0,2,220000,142,2017,0,-1,44.46615023,26.09129716,0.384574063,0.330660516
46.5,2,10,11,224000,18,2025,1,0,44.47342183,26.10504216,0.742239968,0.18143898
55,2,8,8,76000,23,1964,0,0,44.39216331,26.11786569,0.362690288,0.290789628
52,2,7,10,81900,130,1975,1,0,44.4426281,26.16026742,1.076603797,0.030364792
63,3,1,5,166000,74,2015,1,0,44.43649179,26.01853251,0.349231583,0.286991683
144,4,3,5,428500,14,2025,1,0,44.48544791,26.10048276,0.699285926,0.296864259
74,3,2,5,242000,14,2025,1,0,44.48555255,26.09756728,0.742233468,0.126691291
23,1,8,8,45000,158,2017,0,-1,44.46252208,26.1301925,1.480806078,0.129106522
51,2,10,11,86000,25,1976,0,-1,44.38730488,26.10990997,1.167147502,0.027059866
95,3,7,9,319000,135,2024,0,0,44.515379,26.112181,3.873989835,0.174646131
95.4,3,3,3,229000,135,2020,1,0,44.48999482,26.12400987,1.189496304,0.754675442
73,3,0,5,275000,152,2018,0,-1,44.50367851,26.04512328,1.466225007,0.017890413
73,3,0,3,175000,160,2021,0,0,44.41283522,26.19598318,0.586029867,0.628606308
43.5,2,2,8,155000,169,1961,0,0,44.43024034,26.09653171,0.424031024,0.051130739
62,2,0,2,169990,11,2010,0,-1,44.45960504,26.07227749,1.120675954,0.281698767
72,2,3,3,89000,0,2014,0,1,44.40433636,26.18312715,0.892532369,0.543639668
69,2,3,3,89900,0,2014,0,1,44.40373467,26.18397281,0.919986206,0.611095087
63,3,5,10,71900,73,1977,1,0,44.3837181,26.0813832,2.592766458,0.031640417
131.75,4,3,7,300000,164,2025,1,0,44.408274,26.187504,0.527962718,0.136537314
176,4,6,6,520000,47,2024,0,-1,44.4319111,26.059586,0.350156575,0.275119996
70,2,5,7,145000,155,2024,1,-1,44.51389144,26.01692839,1.361613849,0.101584376
82,3,5,6,83500,23,2011,0,2,44.3801856,26.1094526,1.747860146,0.108151473
168.03,6,2,4,240000,77,1937,1,2,44.441676,26.104921,0.668474113,0.0949962
47.1,2,7,7,127500,1,1963,0,0,44.47056924,26.05612889,0.465898593,0.204131462
48,2,0,7,184500,118,2025,0,-1,44.44058133,26.0999887,0.569353571,0.07756807
86,3,3,7,197000,183,1986,0,-1,44.40761409,26.11682687,0.969438849,0.117381527
92,3,1,6,375000,78,2010,1,0,44.48338877,26.08307835,1.44227398,0.555904764
52,2,8,8,112000,26,1982,0,0,44.44872904,26.123681,0.13801246,0.153171535
44,2,1,7,79000,25,2025,1,0,44.3757624,26.11080519,1.998245108,0.191167135
73.8,2,4,4,296000,2,2020,1,2,44.41926294,26.08307835,1.614198195,0.202196554
54.1,2,2,4,245000,36,2020,1,2,44.41926294,26.08307835,1.614198195,0.202196554
77,3,9,11,153900,97,2023,1,0,44.40772488,25.9826482,2.588853229,0.279194615
33.93,1,12,16,61000,141,2010,1,0,44.41284648,26.02019628,0.427679862,0.173931714
50.8,2,7,9,220000,14,2025,1,0,44.476222,26.113864,0.542421757,0.193235581
40,2,5,9,165000,14,2025,1,0,44.476214,26.113864,0.54323556,0.193436148
73.21,3,1,9,350000,67,2025,1,0,44.475901,26.1139,0.574169334,0.206829147
107.4,4,2,9,550000,67,2025,1,0,44.475901,26.113901,0.574139442,0.206902502
71.58,3,5,7,295000,28,2019,1,2,44.49620549,26.0740952,2.810983356,0.193850466
48,2,9,10,100000,56,1972,1,-1,44.4208549,26.14795894,0.694745985,0.349840338
372,4,8,8,580000,135,2009,1,2,44.52823496,26.14596042,5.776531256,3.200990135
48,2,9,10,100000,56,1972,1,-1,44.42075835,26.1477919,0.682078503,0.352074092
58,2,2,7,103000,25,2025,1,0,44.3757931,26.11106272,1.977519973,0.170447524
131,4,1,3,627000,34,1940,0,0,44.45421891,26.09410948,0.817268473,0.16354965
66,3,1,4,113700,59,1976,0,-1,44.42114415,26.01605415,0.197633851,0.102349139
111,3,3,3,299000,135,2025,1,0,44.51485408,26.15357123,4.798155353,3.454567035
58,2,3,3,147000,160,2024,0,-1,44.41772999,26.19604037,1.121610261,0.440001856
67,3,0,10,125000,92,1967,1,0,44.43850808,26.02917943,0.570002502,0.054726088
98,2,1,5,530000,142,2000,0,0,44.46888028,26.09029286,0.43126857,0.462763945
65,2,1,6,75000,141,2023,1,0,44.40367727,25.9932505,2.522341554,0.615425432
65,2,2,6,79000,141,2023,1,0,44.40761887,25.99033137,2.378392343,0.384406739
67,2,3,7,395000,67,2021,1,0,44.46813096,26.1050886,1.284814312,0.222729549
85,3,2,4,480000,170,2023,0,-1,44.4388378,26.1045617,0.359947998,0.270765005
56.6,2,1,8,120000,177,1989,1,0,44.41284648,26.08307835,1.400430853,0.16125108
98.46,3,10,10,323400,14,2024,0,-1,44.4770308,26.1171299,0.408172096,0.092617715
87,3,7,7,330000,54,2019,1,-1,44.4640178,26.0602999,0.364656661,0.327885541
73.57,2,6,16,225000,18,2011,1,0,44.48072245,26.11643065,0.016153967,0.070376626
64,3,1,7,114900,130,1974,1,0,44.43850808,26.15494357,1.201457079,0.271784692
42,2,0,7,77000,68,1940,0,1,44.44461478,26.12472097,0.592947716,0.235955754
52,2,4,7,144900,28,2017,0,-1,44.49240349,26.08358135,1.979874222,0.167897242
82.32,3,2,10,288511,108,2024,0,-1,44.4773552,26.1159174,0.374402644,0.10821885
82.32,3,2,10,288511,14,2024,0,-1,44.4775484,26.1197883,0.429502497,0.213329214
82.32,3,2,10,288511,18,2024,0,-1,44.4777661,26.119617,0.401926896,0.201494543
82.32,3,2,10,288511,67,2024,0,-1,44.4773169,26.1173028,0.378224078,0.063222052
49.16,2,10,10,75500,53,1975,0,1,44.46137603,26.13438731,1.511277345,0.129057928
90,3,3,12,189500,135,2025,0,0,44.48888736,26.13081418,1.448708029,0.874641412
92,4,2,3,179000,131,1930,0,0,44.419823,26.102199,0.596205823,0.164739266
51,2,3,4,177500,47,1960,0,0,44.43419053,26.07444768,0.131069346,0.093019747
87,3,0,4,185000,28,2010,0,0,44.50535451,26.03626047,0.950014558,0.042955786
73,3,1,4,151000,0,2020,0,0,44.40628203,26.17464211,0.445400142,0.489780936
70,3,8,9,173900,163,1985,0,0,44.41284648,26.11002781,0.475782893,0.232017083
49,2,1,7,118700,52,2002,0,1,44.42567869,26.12799412,1.024430948,0.052062934
50,2,6,11,165000,135,2026,0,-1,44.48229999,26.10780856,0.692822111,0.092213797
40,2,3,10,138000,135,2023,0,2,44.49620549,26.12799412,1.947263843,1.437714989
93,4,4,7,226800,40,2024,1,1,44.49578341,26.00387066,1.839581992,0.827542089
73,3,4,6,185000,40,2024,1,1,44.48806368,26.01704118,1.374086146,0.063966562
44.73,1,0,3,62622,160,2025,0,0,44.4198687,26.1999367,1.426108281,0.596535222
65,3,5,10,105000,87,1977,0,-1,44.463732,26.1242963,1.534776165,0.048736584
50,2,0,4,110000,160,2013,0,-1,44.4158705,26.18879624,0.997875097,0.563858077
51,2,0,9,90000,23,1964,1,0,44.38734152,26.11994785,0.650544333,0.144389465
42.52,2,4,7,177500,170,1960,0,2,44.4345,26.09715,0.471553514,0.243422865
56,2,2,7,160050,28,2025,0,0,44.50385744,26.04629927,1.548082168,0.090930178
80,3,5,8,225000,169,1989,1,0,44.425276,26.119424,1.069679277,0.089757746
102,5,5,7,419900,124,1985,1,2,44.42708468,26.09758583,0.294266497,0.218378316
49,2,3,3,110000,21,2014,0,-1,44.48936474,26.0210934,1.025523788,0.379150173
70,3,0,3,195000,61,2011,0,-1,44.48910062,26.03416696,0.384157539,0.233344713
66,3,1,4,113700,59,2017,0,-1,44.4212544,26.01468422,0.090206165,0.007337758
64.1,3,5,8,99990,87,1974,1,0,44.46415842,26.12799412,1.611729747,0.081976785
57,2,2,7,232500,78,2022,1,-1,44.4898929,26.0897076,1.457908104,0.322119674
55,2,9,10,103000,15,1970,1,0,44.42572362,26.14995672,0.993364142,0.010842028
70,3,0,8,126500,2,1986,1,0,44.41405877,26.06724822,1.577586459,0.310420221
62,2,0,3,184900,101,2020,1,-1,44.44492172,26.11901096,0.688921518,0.122529807
79,3,10,11,101000,23,1979,1,0,44.3790316,26.11872217,1.324602273,0.03707643
89,4,1,2,235000,30,1938,0,2,44.44346,26.07066,0.456452861,0.130190476
85,3,3,5,156900,101,1942,1,0,44.441877,26.120435,0.942023412,0.121622343
89.4,3,1,11,125000,69,2025,1,0,44.449509,26.163916,1.616154136,0.163849154
72,2,1,3,112000,59,2009,0,0,44.4138966,26.0084115,0.900723693,0.366837944
122.12,3,7,7,549000,51,2025,1,-1,44.44492172,26.11901096,0.688921518,0.122529807
72,3,1,7,130000,170,1910,0,-1,44.43850808,26.11002781,0.646674413,0.17388713
63.06,3,7,9,194990,177,2020,1,0,44.41284648,26.08307835,1.400430853,0.16125108
63,2,7,8,204990,169,1989,1,0,44.43017804,26.10750735,0.565385791,0.053510877
64,2,1,3,129000,141,2017,0,0,44.40877491,26.02623582,0.864760201,0.023984315
52,2,0,7,139000,28,2010,1,0,44.50901939,26.10104466,3.320677568,0.744580114
87.6,4,-1,7,149000,47,2017,0,0,44.439023,26.067441,0.690035198,0.195110452
52,2,3,3,120000,135,2010,1,0,44.53677935,26.17169317,7.614074182,5.450278274
97,3,5,5,319900,152,2024,0,0,44.50595911,26.03601693,0.952628142,0.070159824
56,2,10,10,240000,47,2021,1,0,44.429634,26.0606241,0.15943828,0.068253669
103,4,7,10,288000,114,1990,1,-1,44.42480913,26.12867475,0.931542129,0.149625724
62,2,2,3,80000,44,2023,0,-1,44.47133753,26.1744345,3.701631021,0.005971908
134,4,1,7,488700,11,2000,1,2,44.46415842,26.0740952,1.004901678,0.252404247
74,3,3,3,145000,103,2009,0,1,44.40478,26.057404,2.352206538,0.150506486
95.57,3,4,7,279999,135,2010,1,0,44.47697936,26.11901096,0.453284132,0.181937888
117.01,4,3,3,459000,135,2019,1,0,44.51542529,26.11002781,3.898350655,0.03177852
48,1,3,4,81000,145,2013,0,-1,44.38944164,26.05978841,3.344578417,0.217866897
70.05,2,6,10,275000,14,2009,0,-1,44.47772097,26.09438893,0.49293447,0.23758108
26,1,4,8,60000,170,1946,1,1,44.43977912,26.10747368,0.57344888,0.107492244
45,2,4,7,124000,124,1960,1,0,44.4300603,26.1033386,0.283963003,0.127953479
335,4,11,12,888000,163,2020,1,1,44.4014851,26.1121471,0.391069247,0.426507204
57.5,2,0,3,74100,44,2023,0,-1,44.47133753,26.1744345,3.701631021,0.005971908
89,3,4,7,142500,23,2026,1,0,44.36107744,26.14926338,0.978838518,0.030039759
50,2,2,7,135000,125,1959,1,0,44.43969704,26.09997158,0.480893317,0.051717699
74.55,3,7,7,345000,54,2019,1,0,44.46496725,26.0614155,0.500657023,0.308267677
88,3,0,7,460000,142,2017,0,-1,44.46519587,26.0903216,0.324495029,0.240030056
55,2,2,2,225000,14,2021,0,-1,44.48454146,26.10184279,0.611234092,0.31455463
85.03,3,1,7,125000,114,1933,0,1,44.42766033,26.1218534,1.394245227,0.244333999
108,3,11,12,330000,59,2022,0,-1,44.41573479,26.03607307,0.734281427,0.157274732
85,4,8,10,212500,110,2017,0,-1,44.44561306,26.12751499,0.55049948,0.059117964
51,2,0,7,189000,158,2025,0,-1,44.45833552,26.11576628,1.007662315,0.238605831
85,3,1,5,449210,170,2026,0,-1,44.43872282,26.1050442,0.365526785,0.292821126
84,3,0,5,449210,169,2026,0,-1,44.42720372,26.11042378,0.756587623,0.151870687
213,3,0,7,449210,169,2026,0,-1,44.42660657,26.11099886,0.813114213,0.080290238
26,1,4,9,82000,170,2017,0,-1,44.43418997,26.10272053,0.186080884,0.038567413
84,3,2,5,449850,51,2026,0,-1,44.44652736,26.10911058,0.745211153,0.065543648
83,2,12,16,223112,14,2010,0,-1,44.47834243,26.11562321,0.272277755,0.127355115
84,3,2,5,449850,169,2026,0,-1,44.42126709,26.11234663,0.516154108,0.099862854
84,3,2,5,449850,106,2026,0,-1,44.42133795,26.11713575,0.597838211,0.10740344
58,2,8,8,110000,53,2017,0,-1,44.4600131,26.13552628,1.441071038,0.117039971
159,3,3,7,597360,170,2026,0,-1,44.43542876,26.10455067,0.14909793,0.061105845
34,1,5,7,115900,80,2017,0,-1,44.5124777,26.10305617,3.695523087,0.33127885
63,3,2,3,99500,15,1961,0,-1,44.42837666,26.1434516,0.606326542,0.35844412
52,2,8,8,239000,14,2024,0,-1,44.47742185,26.10860378,0.689277512,0.184085098
80,4,4,4,124500,25,2017,0,-1,44.38342431,26.10716772,1.601956307,0.259364176
89,2,1,3,239000,170,2017,0,-1,44.43140007,26.11469643,1.068830928,0.18887038
155,4,1,5,480000,14,2025,0,-1,44.49033535,26.09232849,1.392942735,0.427524356
75,2,2,7,200000,14,2025,0,-1,44.4903904,26.09234495,1.397818217,0.425258671
100,3,4,4,103000,141,2026,0,-1,44.4078846,25.98919317,2.431209124,0.457872183
55,2,4,7,165000,78,2017,0,-1,44.48079745,26.09412868,0.519732697,0.175033448
65,3,0,4,95000,141,2026,0,-1,44.40763933,25.98404333,2.575314638,0.385023966
48,2,3,4,59900,141,2026,0,-1,44.40708749,25.97923681,2.730654245,0.007858579
50,3,8,10,127000,59,2017,0,-1,44.42440274,26.01279463,0.371005831,0.028535691
43,1,2,3,55900,44,2017,0,-1,44.47133753,26.1744345,3.701631021,0.005971908
50,2,9,10,255000,20,2025,0,-1,44.43312778,26.15322778,1.173593852,0.028034497
55,2,4,6,155000,55,1974,0,1,44.45584408,26.09741288,0.743185439,0.237914861
92,4,0,7,255000,25,2017,0,-1,44.3984841,26.10587172,0.256692378,0.179718906
174,4,13,14,1050000,14,2025,1,0,44.47702297,26.10924706,0.713124859,0.117342111
78.95,3,9,10,365000,14,2025,0,-1,44.47646943,26.11093663,0.650727095,0.046604683
47,2,6,10,120000,27,2017,0,-1,44.4832903,26.03711621,0.305538465,0.299544479
38,2,0,4,79900,23,2017,0,-1,44.3798134,26.0987347,2.258678075,0.036806154
72,3,4,7,234990,29,1991,1,0,44.4312325,26.13275716,0.47184609,0.250681387
135,4,0,4,370000,80,2014,1,-1,44.5161853,26.1288346,4.06456554,1.497567882
253,5,8,9,760000,78,2014,1,0,44.47638831,26.09012437,0.861607988,0.350612588
45,2,2,2,120000,52,2017,0,-1,44.42476389,26.12652222,1.08592036,0.129374105
55,2,2,5,83000,59,2013,1,0,44.40642932,25.99324682,2.295682515,0.319995535
100.7,3,0,7,340000,78,1982,0,0,44.48903571,26.08335594,1.733508415,0.037579342
145,4,3,5,400000,54,2025,0,-1,44.46528915,26.0674007,0.872236382,0.013010489
44,2,1,2,164900,14,2021,0,-1,44.4776104,26.11717265,0.344499584,0.029013819
200,4,7,7,990950,67,2022,0,-1,44.46170389,26.10740941,1.001040812,0.072382291
80,2,0,3,184000,27,2024,0,0,44.47770701,26.03712559,0.617681771,0.170536366
60,2,1,5,164339,152,2025,1,0,44.5060247,26.0278843,0.41915419,0.074466849
62,3,3,4,150000,56,1967,0,-1,44.4161799,26.1464166,0.794274079,0.206555608
60,2,16,25,285000,14,2025,0,-1,44.47675386,26.10278792,0.33423052,0.230654258
45,1,1,7,55785,23,2026,1,0,44.3614116,26.1489386,0.93402702,0.021749751
51,2,3,4,95000,23,2019,0,0,44.36734755,26.11404522,2.17398099,0.085517191
87.99,3,1,5,230000,110,2025,1,0,44.454718,26.120469,0.606162832,0.309707209
53.51,2,5,5,140000,110,2025,1,0,44.454718,26.120469,0.606162832,0.309707209
69,3,2,2,160000,36,1936,0,1,44.43362663,26.11998481,1.321846415,0.146992081
126,4,2,3,184691,164,2025,1,0,44.41361118,26.20082863,0.843486746,0.747826631
83,3,1,7,251900,28,2023,0,0,44.48634284,26.06655341,2.082137564,0.269167537
50,2,6,6,145000,96,2021,1,2,44.40825,26.12623,0.432876911,0.277920113
63,2,7,8,230000,2,2017,0,-1,44.4241824,26.0758604,1.20354431,0.088290641
62.4,3,4,7,114000,164,1967,0,-1,44.42164036,26.16474502,0.409704976,0.125889795
80,3,0,5,134000,95,2025,1,1,44.36252383,26.11072315,2.713689593,0.232745285
216.8,5,0,7,649000,170,2026,0,-1,44.44169855,26.12447246,0.690621863,0.31373292
79,3,3,4,475000,84,2009,1,2,44.45133466,26.08307835,0.120163169,0.107082531
55,2,3,4,220000,67,2025,0,1,44.47592266,26.11369041,0.578434416,0.190581559
108,4,4,4,239000,28,2015,1,0,44.524398,26.056671,3.474655688,0.761857329
95,4,2,10,150000,130,2017,1,0,44.43850808,26.18189303,0.554510833,0.114227315
68,3,6,10,123500,107,1970,0,0,44.41529913,26.15183648,0.782627145,0.110271313
256,6,9,9,500000,131,2020,0,-1,44.4141734,26.0870217,1.303959587,0.053333114
125,5,1,1,259500,70,1940,0,-1,44.4494936,26.076742,0.371833743,0.126281571
92,4,4,4,243400,40,2024,1,1,44.48941837,26.01046405,1.785139385,0.106968115
120,3,2,7,199000,81,1940,0,1,44.4406236,26.1242985,0.700211087,0.195993759
72,3,6,9,138000,130,1975,1,-1,44.44492172,26.15494357,1.557010281,0.158244589
91.2,3,0,3,350760,80,2025,1,0,44.5138405,26.1109573,3.714157374,0.163073761
191,5,5,7,1179800,78,2006,1,0,44.48485517,26.08730809,1.207282025,0.398290343
134,2,0,1,249000,1,2017,0,1,44.45742718,26.07551921,0.925203906,0.193431894
38,2,5,8,125000,55,1973,0,0,44.4553647,26.0973358,0.725932814,0.237798695
50,2,2,5,212500,14,2021,1,-1,44.489958,26.0896486,1.466521824,0.313541044
80,3,3,7,214500,96,2021,0,-1,44.40819978,26.13370067,0.664335156,0.215105535
50,2,1,4,115000,107,2025,0,0,44.40642932,26.16392673,0.814182608,0.121958324
70,2,1,4,129000,107,2025,1,0,44.40642932,26.16392673,0.814182608,0.121958324
60,3,3,4,120000,0,1974,0,0,44.40157326,26.16957616,1.07280598,0.512980767
80,3,0,3,129000,59,2022,1,0,44.4062687,26.0237932,1.103964709,0.161946291
141.3,3,3,5,614999,55,2009,0,-1,44.45011036,26.098728,0.489282058,0.32410302
52,2,2,5,199990,116,2010,1,1,44.44877773,26.09127921,0.600697472,0.100561825
120,4,0,5,398000,28,2010,1,0,44.51932407,26.09928239,4.466609789,0.572325818
68.7,3,4,4,94000,59,1977,0,0,44.41958704,26.03060059,0.349106101,0.280326115
79,3,1,8,126000,119,1983,1,0,44.38336437,26.10180837,1.803943664,0.145787529
138.57,3,0,5,629900,78,2007,1,0,44.47697936,26.08307835,1.234959731,0.606263606
50,2,3,7,299900,55,2025,1,0,44.45697031,26.09873402,0.725102888,0.235482525
62,2,2,4,114900,59,2022,0,0,44.4044152,26.02078989,1.318357957,0.078859051
96,3,2,7,419000,142,1938,0,0,44.46635014,26.08849593,0.163998458,0.149733613
32,1,0,10,69500,59,1982,0,0,44.4180267,26.0486162,0.789757328,0.21331807
78.22,3,6,7,146500,23,1979,1,0,44.38912152,26.11815015,0.537976488,0.099946524
62,2,2,3,133000,47,1940,0,0,44.4353716,26.0669797,0.688896516,0.124862184
91,4,3,4,129900,70,1940,0,4,44.449157,26.07741638,0.373795969,0.091638061
180,5,0,4,595000,169,2017,0,-1,44.43005956,26.11783524,1.354905845,0.189106726
97,3,1,2,255900,27,2025,0,0,44.4965022,26.0393052,0.634489013,0.670489983
73,3,0,11,279000,76,2017,1,0,44.44715326,26.04325961,0.34281622,0.307354463
64.71,2,1,7,235000,80,2009,1,-1,44.51364202,26.10246877,3.832948878,0.226563551
86,3,4,5,449240,170,2025,0,-1,44.43518362,26.10393913,0.119434667,0.107067438
33,1,10,11,91000,97,2014,0,0,44.43939539,26.04014311,0.745917708,0.388370539
52,2,3,7,130000,42,2017,1,-1,44.4411594,26.0877504,0.932973993,0.18409287
67,3,3,10,102000,20,1962,0,0,44.43285665,26.14573974,0.581540102,0.214302974
68,3,1,9,185000,186,1965,0,-1,44.45106765,26.12377696,0.129398328,0.144259172
84,3,2,7,449850,169,2026,0,-1,44.42695541,26.11066659,0.779866693,0.120484568
88,3,4,5,449214,169,2025,0,-1,44.42703969,26.1095937,0.694327588,0.201522104
65,2,1,7,85000,23,1950,0,-1,44.39359289,26.11901096,0.27081899,0.108529217
85,2,0,4,169493,152,2025,1,0,44.5060247,26.0278843,0.41915419,0.074466849
51,2,8,10,100000,74,1981,0,0,44.43418588,26.01521726,0.487078037,0.07012302
96.61,3,1,6,403250,135,2025,1,1,44.51542529,26.11002781,3.898350655,0.03177852
74,3,4,4,178500,53,2025,1,0,44.456161,26.143534,1.689558585,0.065822209
67,3,8,8,99500,26,1969,1,0,44.45111897,26.12338545,0.144493811,0.1754376
69,3,2,7,117000,164,2017,0,-1,44.42323459,26.1673543,0.420254825,0.297262751
52,2,2,7,204915,14,2024,1,0,44.4814158,26.1177313,0.119570235,0.189014217
105,4,1,7,370000,169,1996,0,-1,44.42156415,26.11158495,0.560948289,0.061959226
43,2,0,7,79000,164,2017,0,-1,44.41238721,26.15901845,0.225283241,0.225137758
52,1,4,7,94500,97,2023,0,-1,44.4372143,25.9877309,0.779857878,0.156380637
54,2,6,11,109500,179,2007,0,0,44.39960752,26.14313554,1.813784913,0.041350301
65,3,3,4,116900,23,1974,0,0,44.37755499,26.10665232,2.115297928,0.106612833
57,2,2,3,145000,27,2013,0,-1,44.49158716,26.03396429,0.371100648,0.034675482
80,3,3,7,184500,14,2024,1,2,44.48979748,26.10104466,1.184339177,0.671231069
18,1,7,10,36000,164,1976,1,0,44.417669,26.1726844,0.856180867,0.08978869
114,4,0,1,219000,29,2017,0,-1,44.4318238,26.11963873,1.412372298,0.106314676
64,3,1,2,157000,169,1936,0,0,44.42636343,26.09478586,0.530373816,0.12163208
60,3,7,7,183000,150,1962,1,0,44.43878136,26.09373949,0.71718543,0.162661311
36.7,2,4,7,149000,113,2023,1,0,44.487848,26.063681,1.903999566,0.163561004
38.61,1,1,4,61775,0,2026,1,0,44.41097514,26.19984808,0.580911424,0.444545592
53,2,-1,7,95000,97,2017,0,-1,44.4354792,26.0120532,0.722694845,0.133398955
145,4,4,4,145000,135,2006,0,-1,44.51508338,26.11038208,3.85697136,0.030631676
62.7,3,3,6,169000,83,2024,0,0,44.47697936,26.03816259,0.658940788,0.237798221
64.78,3,5,7,207000,135,2019,1,0,44.48918273,26.13014429,1.429317434,0.875248386
77,4,4,4,126500,44,1986,0,-1,44.4637985,26.1427205,2.134838629,0.125934068
51.3,2,6,7,139900,144,2021,1,0,44.43209374,25.99324682,0.316205929,0.14212523
60,2,3,4,142700,155,2024,1,0,44.49367791,26.00475745,1.893728948,0.617206568
60,3,8,8,186000,169,1963,1,0,44.42567869,26.10104466,0.273391255,0.142179207
60,2,3,3,69900,23,2018,0,1,44.36713878,26.11517412,2.119862952,0.124815678
73,3,3,5,293000,162,2025,1,-1,44.4129599,26.1203158,0.565339957,0.187153316
75,3,4,5,312900,162,2025,1,-1,44.41269466,26.12044437,0.550765415,0.161964814
75,3,3,4,184500,28,2024,1,0,44.48624074,26.10504216,0.873707578,0.429818244
210,4,13,13,375000,162,2024,1,0,44.412271,26.1267244,0.052753245,0.103238395
101,4,0,5,393000,162,2025,1,-1,44.4129599,26.1203158,0.565339957,0.187153316
44,2,3,5,154000,162,2025,1,0,44.41295991,26.12031579,0.565340935,0.1871542
59,2,0,8,160000,106,1990,0,0,44.42842099,26.11886609,1.376277245,0.184543567
61,2,2,7,230000,169,2023,0,0,44.42776975,26.11274717,0.934820662,0.164868886
114,4,4,5,455000,162,2026,1,-1,44.41269466,26.12044437,0.550765415,0.161964814
113,4,4,5,455000,162,2025,1,-1,44.41295991,26.12031579,0.565340935,0.1871542
55,2,2,5,182000,162,2025,1,-1,44.4129599,26.1203158,0.565339957,0.187153316
33,1,1,5,50750,97,2025,0,0,44.44810739,25.97270214,2.402913523,0.548501889
43.65,2,3,10,101000,160,2026,1,0,44.411451,26.1897381,0.539394468,0.351329636
70,3,8,8,175000,111,1981,0,-1,44.39227653,26.12439676,0.182692352,0.031863475
54,3,5,5,73990,23,1977,0,0,44.3810922,26.1075707,1.762586827,0.194825378
51,2,7,7,75000,23,1968,0,0,44.37647034,26.11737022,1.472077797,0.113544832
101.2,3,4,5,224000,124,1930,1,0,44.42827756,26.09495482,0.479175576,0.163158822
44,2,1,10,66066,160,2026,1,0,44.4179087,26.2057032,1.383118992,1.00372804
52,2,8,25,299000,67,2025,1,0,44.47813999,26.10325921,0.263292437,0.167947332
74.6,3,4,8,449214,169,2025,0,0,44.42567869,26.11901096,1.096045109,0.04305964
50,2,8,10,86900,164,1968,0,-1,44.41340283,26.16565046,0.340235925,0.096521742
72,3,0,3,170000,135,2025,0,-1,44.492474,26.1357097,2.002563961,1.329280322
101.05,3,1,9,245000,14,2010,1,0,44.49139834,26.08742322,1.699826618,0.123278084
101.05,3,1,9,245000,28,2010,1,0,44.4912753,26.08750022,1.685217505,0.135146864
90,4,7,8,295000,42,1990,0,0,44.4405438,26.0821459,0.803765911,0.06189284
41.75,1,2,7,73800,23,2026,1,0,44.36110812,26.1493063,0.97736072,0.031567774
94,4,0,3,466890,186,2026,1,0,44.45119661,26.11838927,0.476192781,0.120576352
36,1,4,8,126000,11,1983,0,-1,44.4623026,26.0725308,1.155430973,0.023946933
64,1,3,3,67500,73,2025,0,0,44.3754535,26.0906624,2.973702697,0.072361088
100,3,1,3,280000,80,2017,0,-1,44.51518017,26.12431882,3.884009026,1.135019511
44,2,0,7,79000,25,2025,1,0,44.37611185,26.11106378,1.970169422,0.17025859
94,4,1,28,418345,186,2026,1,0,44.45159365,26.11855749,0.478720669,0.07907436
55,2,2,2,110000,97,2022,0,0,44.44188466,26.0206781,0.869476573,0.132672962
72,3,1,7,144000,97,2022,0,0,44.44188466,26.0206781,0.869476573,0.132672962
50,2,1,3,203280,186,2026,1,0,44.45122067,26.11837662,0.477948497,0.119085698
67,3,2,3,278600,186,2026,1,0,44.45124043,26.11839464,0.477250507,0.116476299
80.6,3,12,24,398000,67,2025,1,-1,44.47662019,26.1016617,0.303480196,0.274177755
43.6,2,12,24,275000,67,2025,1,-1,44.47658379,26.10159525,0.305389913,0.275334881
52,2,8,8,114900,150,1962,0,-1,44.4395733,26.0919503,0.756336238,0.154374515
80,3,0,6,176000,152,2024,0,-1,44.50123734,26.05331016,1.861933467,0.226131841
104.81,2,6,8,150000,135,2016,1,-1,44.530798,26.143215,5.957985311,3.15652775
72,2,1,6,164650,80,2026,1,0,44.51757825,26.14131745,4.545851642,2.497527002
50,2,1,4,121000,160,2027,0,-1,44.4191204,26.1954191,1.269942056,0.309628632
31,1,2,4,74000,160,2027,0,-1,44.41513443,26.19641174,0.842555913,0.684710339
76.45,3,1,7,152000,143,2025,0,0,44.37480404,26.11226955,1.911597318,0.147804858
50,2,2,3,237220,186,2026,1,0,44.45126258,26.11836053,0.480583078,0.11630394
35,1,2,3,159600,101,2026,1,0,44.45129278,26.11840729,0.4781072,0.11134185
50,2,2,3,203280,186,2026,1,0,44.45128556,26.11837125,0.480568926,0.113812665
30,1,5,5,61500,92,2021,0,-1,44.43850808,26.02917943,0.570002502,0.054726088
50,2,4,8,135000,135,2018,1,-1,44.5223984,26.1464862,5.207951888,3.002958994
96.45,4,2,8,337500,88,1996,1,-1,44.42085009,26.07624795,1.457093839,0.104764066
75.5,3,6,6,329000,162,2008,1,0,44.41284648,26.11901096,0.618706137,0.160564976
70.6,3,1,11,192600,130,2026,1,0,44.437386,26.165613,0.370600064,0.142937329
30,1,9,10,55000,164,1970,1,0,44.4308986,26.1716421,0.542597593,0.362013126
132,4,3,3,485000,35,2004,0,0,44.46540369,26.07556686,0.86756632,0.26202157
70,3,4,7,156500,164,1968,1,0,44.41926294,26.15494357,0.817501696,0.530255136
58,3,2,10,89000,130,1974,0,-1,44.44198872,26.16954182,0.718188681,0.187028393
166,4,2,7,495000,80,2025,1,1,44.51464822,26.11773977,3.777680058,0.61579864
126.5,4,7,7,380000,135,2026,1,0,44.52059189,26.14625869,5.021420925,2.937702438
50,2,1,7,74850,97,2025,0,0,44.44674195,25.97578598,2.141194405,0.817086979
157,4,2,5,620675,78,2024,0,0,44.48131494,26.08992261,0.854771965,0.302601362
87,2,2,7,353609,78,2024,0,0,44.4815475,26.0898129,0.870659388,0.326387316
117.35,3,1,7,600000,67,2021,1,1,44.47056038,26.10633833,1.070890757,0.177093442
52,2,6,8,161000,80,2024,1,2,44.51542529,26.10104466,4.032878773,0.229364161
32,1,5,5,44450,97,2025,0,0,44.44821763,25.97356371,2.374591704,0.578065031
115,4,2,8,337500,2,2017,0,-1,44.42459738,26.08389258,1.043703681,0.046940772
52,2,8,20,199000,108,2025,0,-1,44.49521575,26.14233417,2.60183442,1.504454045
29,1,0,11,65000,160,2025,0,1,44.40533513,26.18980411,0.433907637,0.334336618
45,2,0,11,80000,160,2026,0,1,44.40833433,26.18551476,0.685815848,0.18934594
35,1,0,11,76000,160,2025,0,1,44.40577111,26.19054108,0.357934302,0.2683104
49,2,3,4,115000,0,2020,1,0,44.4156324,26.191943,0.89450281,0.531136062
167,4,9,11,160000,160,2025,1,0,44.41414009,26.19686981,0.744914456,0.789816123
49,2,5,6,82800,10,2025,1,0,44.3720411,26.1294329,0.962979605,0.094626557
35,1,6,7,73800,10,2025,1,0,44.37601736,26.12866249,0.664890692,0.288165676
60.97,3,2,4,125000,23,2018,1,0,44.36148949,26.12799412,1.49496019,0.185374126
55.21,2,2,10,239900,14,2020,1,0,44.49327301,26.09536571,1.616598575,0.505194252
50,2,3,8,85000,70,1970,0,-1,44.44295704,26.07810974,0.510477552,0.078808428
45,1,0,3,83900,164,2026,1,0,44.41284648,26.19985934,0.728950093,0.648273824
52,2,1,3,83000,160,2017,0,-1,44.415652,26.2022769,1.093346387,0.975083381
168,4,7,7,490000,135,2024,1,0,44.49111011,26.11803144,1.164671676,0.522665891
47,2,2,5,156000,128,2013,0,-1,44.48527429,26.05505646,1.166672485,0.081806331
59,3,5,7,160000,186,1962,0,-1,44.4526354,26.1180683,0.5667827,0.117760072
50,2,2,6,76167,23,2026,1,0,44.3612801,26.1491928,0.956229214,0.02139862
61,2,2,7,75200,23,2026,1,0,44.361141,26.1490973,0.96658126,0.015097068
56,2,4,8,139900,168,1949,1,1,44.43850808,26.11002781,0.646674413,0.17388713
68.17,2,1,4,265000,147,2010,1,0,44.42892306,26.09333047,0.518388587,0.179921876
82,3,3,3,147600,157,2026,0,1,44.407871,26.167553,0.684925413,0.380956099
51,2,3,3,91800,157,2026,0,1,44.407871,26.167553,0.684925413,0.380956099
46.5,2,3,3,83700,157,2026,0,1,44.407871,26.167553,0.684925413,0.380956099
55,2,1,6,110000,120,1945,0,0,44.4508713,26.0956457,0.585849122,0.235722565
53,2,7,7,238000,163,2017,0,-1,44.4085049,26.09826164,0.47574483,0.093576244
75,3,5,6,250000,28,2025,1,2,44.50901939,26.0740952,3.721138897,0.65543045
34,1,1,3,105000,25,2024,0,0,44.390294,26.1050386,0.991790216,0.233339383
89,3,0,9,500000,138,2021,1,0,44.45133466,26.10104466,0.405548225,0.138843355
57,2,5,8,98000,186,1964,1,0,44.4521071,26.1183276,0.519616786,0.078327245
27,1,5,5,59000,51,1936,1,0,44.4465508,26.1003296,0.234138944,0.047850852
40,1,2,6,68560,23,2026,1,0,44.3613494,26.1492714,0.952297189,0.03030384
71,3,2,11,126500,160,2026,0,-1,44.4203423,26.2050675,1.649856855,0.936791896
45,3,10,10,69000,59,1973,1,0,44.4149166,26.0307676,0.641000683,0.162836176
63,2,1,7,156000,25,2022,0,0,44.40069714,26.10622666,0.315086242,0.132509737
135,3,4,8,720000,67,2020,1,-1,44.4698533,26.1059403,1.128687034,0.137258708
40,2,6,8,89500,42,1960,1,0,44.434816,26.084431,0.487716298,0.120770014
43.2,2,1,4,92561,97,2025,1,1,44.43601682,26.00751318,0.408584798,0.25790589
82.6,2,3,4,325000,169,2025,1,2,44.428031,26.094654,0.502947014,0.126855318
213,5,9,10,940000,158,2009,1,0,44.4655656,26.1180076,1.684654784,0.438823147
51.31,2,4,11,185000,92,2018,1,0,44.4330891,26.0405731,0.569206776,0.19674796
80,3,3,9,220000,54,1973,1,0,44.46926919,26.05873164,0.698242324,0.060164467
81,3,7,10,260015,28,2023,1,0,44.50541252,26.02615055,0.291402245,0.114933741
59,2,4,10,107000,145,1983,1,0,44.40663011,26.06395439,2.246390303,0.042388181
80,3,5,5,295000,28,2017,1,2,44.49620549,26.0740952,2.810983356,0.193850466
69.1,3,1,10,220200,67,2024,0,-1,44.4773169,26.1173028,0.378224078,0.063222052
61,2,7,8,129600,163,1987,0,0,44.40642932,26.11901096,0.910158797,0.228271911
106,2,8,8,279999,52,1995,1,0,44.43112195,26.13800796,0.155510644,0.092289389
50,2,-1,3,78900,17,1950,0,-1,44.454169,26.075045,0.722307488,0.180901591
81,3,7,10,260011,152,2024,1,0,44.5053207,26.02600054,0.27751753,0.130229843
48,2,1,3,109900,36,1940,0,2,44.44492172,26.08307835,0.724005837,0.078686196
68,2,0,4,195000,28,2018,1,0,44.50901939,26.0740952,3.721138897,0.65543045
43,1,9,9,116000,169,1990,1,0,44.4262329,26.1232968,1.322595043,0.071095137
49,3,8,10,79500,74,1974,0,0,44.4400162,26.015135,0.824126772,0.158221419
52.96,2,7,7,90032,169,2008,1,0,44.4265344,26.1231892,1.344685024,0.104159443
40.98,2,6,7,89500,120,1945,1,0,44.44492172,26.10104466,0.291307268,0.124877523
70,3,5,7,108000,44,1986,0,0,44.46255379,26.14235907,2.016429842,0.057996963
222,4,11,11,320000,162,2025,1,0,44.4119881,26.1266941,0.050582772,0.106665157
61,2,2,3,110000,160,2025,1,0,44.41284648,26.19985934,0.728950093,0.648273824
51,2,1,7,78500,23,2026,1,0,44.361318,26.1491866,0.952260462,0.022717605
167,4,3,4,650000,67,2007,1,0,44.45902682,26.10057148,0.80640789,0.13637457
53.8,2,5,5,133500,160,2025,1,0,44.41758965,26.19158832,1.113584813,0.314906883
60.55,3,5,7,146500,160,2025,1,0,44.41515338,26.19565396,0.833646116,0.653799206
104.97,3,9,9,335000,5,2020,1,0,44.3824521,26.1173668,1.230878682,0.155825389
118,4,0,3,398000,28,2010,1,0,44.5140563,26.1027758,3.870032744,0.174557203
74,3,3,9,170000,27,2025,1,0,44.47938145,26.04085922,0.356666546,0.15986525
109,4,2,4,161746,160,2026,0,0,44.4115416,26.2020755,0.76119361,0.571328977
88,3,4,7,135000,69,2017,1,0,44.4620263,26.15764282,2.981351028,0.109400981
68,3,2,2,165000,62,1940,0,-1,44.4448366,26.1089219,0.906469456,0.175447576
70,3,5,5,119000,23,2026,1,0,44.376015,26.1291828,0.632379045,0.246818492
110,4,1,7,259000,169,1932,0,1,44.42195001,26.08145714,1.394595473,0.386455708
43,1,10,10,91000,92,2011,0,0,44.4395748,26.0400572,0.755961374,0.377791627
45,1,10,11,91000,137,2011,0,0,44.4394968,26.0402019,0.757331369,0.390651503
81,3,2,3,285000,1,2025,0,0,44.47017374,26.05139494,0.131566954,0.063961574
73.32,3,4,4,178500,53,2025,1,0,44.45774689,26.14596042,1.939235748,0.317264098
76.27,3,1,7,158000,53,2025,1,0,44.45774689,26.14596042,1.939235748,0.317264098
190.83,5,2,4,1000000,78,2013,0,-1,44.477206,26.095828,0.413740723,0.35284122
72.6,3,11,12,240000,47,2023,1,0,44.42571988,26.06309021,0.436748571,0.225342889
53,2,2,7,159900,25,2021,0,0,44.39849765,26.10500677,0.324972672,0.161846773
55,2,0,3,133000,27,2025,0,0,44.487725,26.0548383,1.248731268,0.214804224
45,1,1,3,127000,27,2025,0,0,44.4877565,26.0547955,1.247322209,0.210311082
72,3,0,7,173500,27,2025,0,0,44.4877327,26.054806,1.246845595,0.212112125
63,3,2,4,120000,25,1969,0,-1,44.384079,26.1132812,1.218756535,0.271400972
40,1,5,6,71000,23,2026,1,0,44.3597904,26.150561,1.153510777,0.156990777
67,3,1,4,181000,49,2017,0,-1,44.45373319,26.043607,0.388646269,0.277438349
136,4,2,7,398000,169,2009,1,0,44.4305299,26.1150374,1.140087521,0.283273199
64.4,2,2,6,199000,67,2020,1,1,44.47056924,26.11002781,1.229939114,0.152029284
92,3,1,3,279000,158,2014,0,0,44.47120013,26.12015413,1.091059388,0.363002116
187,5,3,3,790000,80,2022,1,2,44.51566,26.1244,3.937712855,1.142906293
185,5,5,5,750000,162,2008,1,0,44.41439753,26.11701806,0.385463474,0.115984616
120,4,4,5,240000,12,1932,0,0,44.4365299,26.1097492,0.558749726,0.056562881
54,2,1,7,152000,1,2025,0,-1,44.46861567,26.04876499,0.297878802,0.102605532
246,4,6,7,645000,2,2021,1,0,44.4234059,26.0812104,1.266105243,0.29176069
50,2,1,3,81999,151,1940,0,1,44.4197136,26.066679,1.055028539,0.067773695
45,1,6,9,176000,14,2021,0,0,44.4847703,26.108754,0.772380495,0.121190296
119,4,4,4,660000,169,2024,1,0,44.4279194,26.0946432,0.504247817,0.116670344
180,5,4,6,1180000,142,2010,0,0,44.46415842,26.0920615,0.496625747,0.30480173
46,1,1,7,99900,135,2025,1,0,44.4885975,26.1312941,1.458817541,0.869934631
60,2,1,7,129300,135,2025,1,0,44.488704,26.1327473,1.55906815,0.951842636
50,2,4,4,86500,160,2026,0,0,44.4120101,26.2105321,0.729923357,0.606696874
104,4,0,8,485000,67,2018,0,-1,44.47101071,26.10806066,1.097230718,0.238626963
430,7,4,7,830000,164,2008,1,0,44.4212069,26.1702181,0.732929335,0.39814026
44,2,2,6,67300,23,2025,1,0,44.3672193,26.154421,0.875391995,0.797192567
40,1,2,6,59900,23,2025,1,0,44.36665299,26.15383625,0.846632554,0.719067711
95,4,4,4,140000,92,2017,0,-1,44.43685,26.03973889,0.545691674,0.348687529
67,3,9,10,113990,44,1970,0,0,44.45133466,26.12799412,0.344907696,0.111942618
57.65,2,8,9,97000,4,2024,1,0,44.40787632,26.05360555,1.950576271,0.083154571
61.55,2,8,9,103500,4,2024,1,0,44.39524733,26.05143175,3.220679764,0.259545187
56.55,2,7,7,95000,4,2024,1,0,44.39056663,26.04693884,3.429036096,0.208818919
57.1,2,7,9,96000,4,2024,1,0,44.40254707,26.04515236,2.328776797,0.408359952
56.4,2,7,9,95000,4,2024,1,0,44.39365459,26.04917464,3.260451269,0.096874091
74,3,1,5,185000,135,2020,0,0,44.4918213,26.1224575,1.321965129,0.781698346
60.63,4,3,10,128888,110,1970,1,0,44.45587775,26.12706522,0.701460337,0.182360489
44,2,7,7,87000,42,1960,1,0,44.434076,26.090332,0.13171571,0.115065937
37,1,2,10,104000,29,1990,0,0,44.43268279,26.12458254,1.100041863,0.096008538
65,3,4,4,97000,164,1972,0,-1,44.41616788,26.17969804,0.738323104,0.367525875
80,4,4,4,150000,59,1973,0,-1,44.42046497,26.01620942,0.221920032,0.144269594
101,4,0,7,290000,12,1940,0,-1,44.4374187,26.1107304,0.654963137,0.069452261
50,2,2,7,165000,53,2025,1,0,44.4593955,26.1405968,1.678719262,0.262407711
39.9,1,1,7,110000,135,2024,0,0,44.49447146,26.12223141,1.596255893,1.006588705
44,1,1,8,79000,135,2022,0,0,44.48132457,26.16230422,3.624532578,0.404512975
61,2,0,3,90900,73,2025,0,0,44.3754534,26.0906974,2.972344281,0.071399239
60.9,2,1,4,85900,164,2026,1,1,44.41284648,26.20884249,0.804036487,0.747358461
38,1,1,7,58700,23,2025,1,0,44.3595077,26.1507746,1.189239081,0.122218402
60.62,2,3,3,127500,160,2024,1,0,44.41284648,26.19985934,0.728950093,0.648273824
52,2,2,5,106600,92,2017,0,-1,44.43850808,26.02917943,0.570002502,0.054726088
73,2,4,5,211000,29,2026,0,-1,44.43066033,26.13023632,0.681873935,0.134155379
62,2,3,5,179000,29,2026,0,-1,44.43068523,26.13022291,0.682071925,0.131189251
110,3,3,7,245000,14,2008,1,-1,44.4914076,26.09184,1.516933328,0.338258207
51,2,7,7,70000,23,1972,1,2,44.37433296,26.11901096,1.425604305,0.220047621
71.6,2,3,4,135900,40,2026,1,2,44.48459,26.018,1.556198185,0.330257354
86,3,2,5,136720,160,2025,0,0,44.414468,26.1928028,0.755488983,0.663967648
166,4,4,6,705000,67,2007,1,2,44.46415842,26.11002781,1.310185115,0.146213511
43,1,0,11,125000,49,2021,1,0,44.4462124,26.0360849,0.849879299,0.185809374
119,5,5,8,444900,55,1982,1,0,44.44777556,26.09605901,0.251972777,0.119080124
121,3,4,4,699000,78,2017,0,-1,44.4854611,26.089,1.13553869,0.300779146
80,3,2,7,144000,25,2025,1,0,44.3760071,26.1108495,1.989172741,0.177436081
40,1,2,3,104500,80,2015,1,0,44.5056268,26.1299086,2.96685088,1.900044409
43,2,0,5,135000,135,2017,0,0,44.4952389,26.1407396,2.50558851,1.51640676
71,3,1,7,244990,151,2024,1,0,44.4196647,26.0704487,1.270500503,0.26917102
60,3,5,9,119900,186,1963,1,0,44.451407,26.12249,0.209077537,0.253157736
133,5,1,1,550000,168,1950,0,1,44.4320335,26.0672414,0.452932442,0.103226424
133,5,1,7,550000,47,1950,0,1,44.4325557,26.0670172,0.476223965,0.142195015
78,3,3,7,155000,145,2016,1,0,44.38717362,26.06511205,3.133936085,0.353486512
37,2,1,10,85000,59,1974,0,-1,44.41284648,26.01121313,0.937888888,0.181693573
44,2,2,5,80600,23,2025,1,0,44.3604352,26.1502609,1.079163596,0.136314754
65,2,3,7,79752,23,2026,1,0,44.36133299,26.14615236,0.866336115,0.221914866
50,2,4,8,120000,135,2023,1,0,44.48851985,26.13379777,1.616998412,0.994800446
90,3,6,7,210000,135,2023,1,0,44.48833156,26.13368507,1.598238395,0.973867513
113,4,1,7,271000,25,2025,1,0,44.3954008,26.1038911,0.554457509,0.512693419
47,2,7,12,89900,69,2024,0,-1,44.44990759,26.1656,1.628268569,0.093380866
48,2,8,12,105000,69,2024,0,-1,44.44983866,26.16566035,1.619837641,0.084798062
127,4,12,12,515000,47,2023,0,-1,44.4269362,26.06303247,0.301662494,0.198585276
125,4,12,12,499000,47,2023,0,-1,44.4270404,26.06303247,0.290143108,0.187995909
74,3,4,4,185000,155,2024,1,0,44.4936779,26.0047575,1.893726235,0.617202739
75,3,2,2,284900,39,2025,0,1,44.47141548,26.05111409,0.075808656,0.07537638
52,2,1,2,151000,39,2025,0,1,44.46817472,26.04271896,0.681682488,0.486155011
116,4,3,3,841000,12,2024,1,0,44.4394226,26.1109742,0.761927415,0.198631032
69,3,3,3,190000,135,2025,0,-1,44.49252209,26.13690354,2.078462517,1.296154582
54,2,2,3,119500,135,2025,0,-1,44.49283459,26.13601246,2.047016657,1.35562278
65.2,3,-1,7,109800,101,2025,1,0,44.4472332,26.1191907,0.492978172,0.285911908
74,3,5,7,150000,151,1989,1,-1,44.42164502,26.06535893,0.835843884,0.131531939
67,3,4,4,95000,107,1970,0,0,44.4157187,26.1666313,0.484147811,0.024186865
125,4,12,12,520000,47,2023,0,-1,44.42701588,26.06303247,0.292853336,0.19047732
79,3,11,12,255000,47,2023,0,-1,44.42696838,26.06310114,0.298735308,0.197555352
72,3,10,12,245000,47,2023,0,-1,44.42699425,26.06294058,0.294547803,0.189819186
100,3,1,3,335000,28,2010,1,1,44.51490987,26.10424837,3.930341026,0.058819997
45,2,0,11,87000,160,2026,0,1,44.4085888,26.1883217,0.469267813,0.077812895
55.2,2,1,5,175000,101,2026,1,0,44.45350801,26.11772825,0.644742096,0.20444834
85,3,5,25,360000,67,2025,1,0,44.477425,26.102319,0.252624675,0.213973616
38,1,0,7,119900,137,2019,1,1,44.4331181,26.0389799,0.448011345,0.250882678
47,2,4,7,95000,145,1965,0,3,44.4224563,26.0455571,0.288959954,0.204805653
64,2,0,10,139000,134,2024,1,0,44.4677487,26.1383951,2.247665063,0.11107688
87,3,0,10,209000,134,2024,1,0,44.4677487,26.1383951,2.247665063,0.11107688
57,2,7,10,107600,145,2026,1,1,44.38948,26.06267,3.146099634,0.171274744
92.5,3,10,10,174600,145,2026,1,1,44.38948,26.06267,3.146099634,0.171274744
94,3,0,7,219000,134,2024,1,0,44.4677487,26.1383951,2.247665063,0.11107688
62,3,9,10,128500,1,1969,1,0,44.4718049,26.0506533,0.087390353,0.111850486
62,2,6,7,242500,67,2023,1,0,44.4692856,26.11021042,1.352227357,0.039749363
51.61,2,2,10,225000,14,2020,1,0,44.48732124,26.09295795,1.076740955,0.146446813
140,3,1,7,1250000,142,2001,1,-1,44.47477351,26.09237807,0.793464869,0.322621489
44.18,2,10,11,118400,71,2026,1,0,44.4122079,26.0363682,1.119764163,0.227486347
53.45,2,2,11,130800,59,2026,1,0,44.41201649,26.03662206,1.144982777,0.242425828
52.4,2,8,11,140400,71,2026,1,0,44.41220791,26.03636819,1.119762907,0.227485308
59.01,2,2,5,160000,28,2026,1,0,44.4872694,26.0627263,1.812569814,0.262273936
42,2,1,3,119900,61,2011,0,0,44.48979748,26.03816259,0.350031177,0.214249953
98,3,2,4,620000,67,2022,0,-1,44.46239053,26.10605885,1.068840247,0.170968742
100,3,0,3,337000,14,2015,0,-1,44.48559697,26.09872464,0.726005791,0.201790407
95,3,2,7,275000,174,1950,0,1,44.4363763,26.143675,0.600162352,0.320941408
31,1,5,10,88000,59,1975,0,0,44.4149,26.0464746,1.00964528,0.018977329
200,5,5,5,1200000,78,2006,0,0,44.4857351,26.0879919,1.217540463,0.384859352
41,2,0,1,85000,64,1960,0,1,44.445783,26.1241494,0.461131267,0.190242993
57,2,0,4,153000,49,2023,0,-1,44.4589329,26.0454585,0.809005795,0.214111852
96,3,8,12,569300,78,2022,1,0,44.48613452,26.09240058,0.995259619,0.139264419
39,1,2,7,135000,92,2024,0,-1,44.42880706,26.04227097,0.595708442,0.157289838
129,5,2,2,130000,98,1930,0,-1,44.42484942,26.09576372,0.552821312,0.103357776
72.21,3,3,4,255000,135,2026,1,2,44.49620549,26.13697727,2.363201414,1.681829477
94,3,10,10,445500,163,2009,1,1,44.40094462,26.11224227,0.351409763,0.394705733
91.77,3,3,11,192000,59,2025,0,-1,44.4103127,26.0326426,1.01235611,0.172740242
72,2,9,11,151000,59,2025,0,0,44.4105639,26.0328064,1.00475965,0.163186437
44,1,1,7,96000,59,2025,0,0,44.41707579,26.03756687,0.64638299,0.247086321
50,1,1,8,133115,27,2026,1,-1,44.50828015,26.02308907,0.6027867,0.188309343
84,3,3,8,229226,27,2026,1,-1,44.5085276,26.0228678,0.633567148,0.184567399
105,3,3,3,350000,80,2012,1,0,44.51098264,26.12428771,3.423408464,1.223294208
68,3,0,5,195000,59,2023,1,2,44.42567869,26.02019628,0.526273776,0.215747821
48.13,2,2,3,89000,145,2017,0,-1,44.38848163,26.05169519,3.836537183,0.339265551
143,3,0,6,1270000,11,2023,0,-1,44.47193003,26.08311714,0.696363955,0.479809814
72,3,2,11,151000,59,2017,1,-1,44.40895497,26.02920934,0.946835051,0.187440257
155,4,0,6,725000,67,2008,0,2,44.46415842,26.10104466,1.178824619,0.201492583
64,3,1,4,99162,72,2026,0,0,44.4672204,26.0224679,2.246176315,0.331235832
56,2,1,4,83300,72,2026,0,0,44.467343,26.0222963,2.244721831,0.316448367
55,2,1,4,82054,72,2026,0,0,44.4674043,26.0226823,2.219577323,0.313318804
53,2,1,4,81200,86,2026,0,0,44.4662112,26.0215106,2.347142515,0.44337207
56.7,2,0,7,175000,28,2026,1,0,44.4872354,26.0626249,1.803779875,0.2710321
80,3,2,7,144000,25,2024,1,0,44.3763819,26.1111138,1.960581898,0.148200571
47,1,1,6,68000,23,2025,0,-1,44.36849319,26.11156227,2.259089678,0.225036829
46,2,9,9,136998,150,1965,1,0,44.4372498,26.0977239,0.429588949,0.103877699
50,2,0,6,89500,187,1929,1,-1,44.43936703,26.09192848,0.733547482,0.162927653
38,1,0,11,140000,92,2024,1,1,44.42567869,26.03816259,0.404916479,0.32413736
42,2,8,8,142000,150,1959,1,-1,44.43979137,26.09391049,0.727583384,0.058901965
100,3,1,7,500000,67,2020,1,-1,44.46285668,26.10102902,1.180981759,0.062398474
100.05,3,1,5,320000,135,2025,1,0,44.5077817,26.1377112,3.44611177,2.344432396
128,3,2,4,398868,135,2026,1,0,44.5145049,26.1210561,3.777083541,0.879158242
46.7,2,1,7,175000,135,2022,1,0,44.491324,26.122055,1.259036392,0.719758697
249,4,1,2,689000,55,2017,0,-1,44.4506126,26.0943998,0.593033822,0.212091686
43,1,1,4,63000,141,2025,1,0,44.4094187,25.9992857,1.725413467,0.091457364
58,2,1,4,81000,141,2025,1,0,44.4090513,25.9993517,1.75302652,0.113919231
138,2,5,5,128230,160,2025,1,0,44.41284648,26.19087619,0.623350454,0.520942912
130,6,0,1,189000,104,1907,0,1,44.4197634,26.0994055,0.695953695,0.242140088
68.4,2,3,3,215000,80,2026,1,0,44.5146107,26.1213485,3.791017635,0.901424239
160,5,2,3,459900,147,1941,0,1,44.4345153,26.08922479,0.186997318,0.057822927
34,1,1,6,58000,25,2025,1,0,44.3685728,26.1144247,2.06698502,0.05436643
31,1,2,10,59900,56,1966,0,0,44.4186185,26.1476656,0.726981778,0.17200249
47.77,2,1,7,191120,124,2025,1,-1,44.42379353,26.09445785,0.708522139,0.075638398
60,2,10,10,186500,161,2024,1,0,44.4257339,26.0255923,0.278960437,0.130086597
55,2,8,8,145500,163,2017,0,-1,44.41261548,26.11342678,0.45231087,0.111731141
124,4,7,7,565000,14,2020,0,-1,44.48164734,26.10746623,0.634698045,0.169671092
180,6,6,6,549000,96,2018,1,-1,44.428549,26.137565,0.443289001,0.092423173
118,3,8,8,349000,52,2017,0,-1,44.42614838,26.12621489,1.173364977,0.099664411
56.34,2,7,8,138100,97,2026,1,-1,44.4335321,26.0076116,0.35647593,0.04845384
52,2,7,8,104000,97,2026,1,0,44.4335321,26.0076116,0.35647593,0.04845384
62,3,0,1,101000,124,1950,0,1,44.4326274,26.1218681,1.28499779,0.042469729
46,2,8,10,123840,97,2026,0,0,44.4335321,26.0076116,0.35647593,0.04845384
51,2,9,10,127600,97,2026,0,0,44.4335321,26.0076116,0.35647593,0.04845384
52,2,1,7,64875,23,2025,1,0,44.3603559,26.1505819,1.099412132,0.161880955
104.41,4,2,7,309000,135,2009,1,2,44.52823496,26.14596042,5.776531256,3.200990135
67,3,10,10,119999,59,1979,1,0,44.4187378,26.0421578,0.523981062,0.026073471
51,1,5,6,94700,155,2025,0,0,44.5132,26.01799,1.255460822,0.0758318
120,5,1,2,259000,101,2017,0,-1,44.44372481,26.1249237,0.692928971,0.293825
60,2,0,7,100000,97,2023,0,-1,44.4437215,26.0218632,1.072859848,0.187704455
56,2,3,7,116900,15,1968,0,-1,44.42567869,26.14596042,0.735683077,0.142077275
38.11,2,1,5,104000,28,2026,1,0,44.48724007,26.06256699,1.799527923,0.274524063
127.02,4,0,5,440000,28,2026,1,0,44.4871509,26.0626298,1.801485276,0.276191536
106.81,4,1,5,320000,28,2026,1,0,44.4873225,26.0624582,1.793930051,0.276793577
66.17,3,5,5,210000,28,2026,1,0,44.4870896,26.0627156,1.806117784,0.274933542
75.6,3,4,5,228000,28,2026,1,0,44.4872423,26.0622892,1.778503818,0.292885497
52.1,2,2,5,158000,28,2026,1,0,44.4872729,26.0627611,1.815326007,0.259795595
95,3,4,10,345000,114,2007,1,0,44.427287,26.1269528,1.079567741,0.172043524
61.37,2,0,3,79781,164,2026,0,1,44.411615,26.204087,0.749918923,0.627454207
61,2,0,3,79781,164,2026,0,1,44.411615,26.204087,0.749918923,0.627454207
58,2,1,6,81000,23,2025,0,-1,44.36873122,26.11198683,2.21636681,0.199961136
45,2,2,7,64000,23,2026,1,0,44.3636082,26.1522238,0.900713608,0.372754132
98,2,3,7,244900,135,2008,0,-1,44.5255426,26.1443209,5.45016335,2.956399518
121.4,4,0,2,790000,55,2024,1,0,44.45485656,26.09970715,0.53120237,0.084328469
42,2,5,5,68500,95,2026,1,0,44.3731448,26.1295221,0.854232847,0.094477719
85.25,3,3,3,111956,164,2026,0,1,44.411624,26.204286,0.743699647,0.626386403
40,1,6,8,82900,49,1986,0,0,44.4529147,26.0423852,0.440169744,0.353056611
59,2,2,7,91000,23,2025,1,0,44.3610811,26.149394,0.983239581,0.03915872
44,2,2,3,128500,170,2017,0,-1,44.43039264,26.10247475,0.277278689,0.140871602
193.13,4,4,6,599000,78,2017,1,0,44.48716309,26.09179837,1.114847499,0.208555636
46,2,1,10,176900,14,2021,0,-1,44.48913114,26.09348687,1.232152265,0.318043025
92.92,3,6,7,170000,149,1940,0,0,44.4371765,26.1121742,0.760496296,0.162176761
109,5,5,8,445000,55,1982,1,0,44.45133466,26.10104466,0.405548225,0.138843355
50,2,4,8,198500,42,1972,1,0,44.4339133,26.0948367,0.40189278,0.102429946
61.11,2,6,11,164100,71,2026,1,0,44.4133625,26.0365847,0.999056683,0.09827421
29,1,5,5,51998,120,1941,1,0,44.4466815,26.1014341,0.321636047,0.042844417
42,2,2,4,115000,78,2008,1,1,44.4899082,26.0656428,2.129247632,0.143459513
82,4,5,7,178000,46,1978,1,0,44.4376513,26.1711169,0.268929493,0.092546079
107,3,13,16,328500,18,2011,0,0,44.4781312,26.1156227,0.294829337,0.119482802
106,3,6,7,343500,18,2017,0,-1,44.4784069,26.1155798,0.26648437,0.133579923
106,3,3,7,356500,18,2011,0,0,44.4780699,26.1155369,0.303268236,0.124650066
38.23,1,3,11,91000,160,2026,1,0,44.4089245,26.2092943,0.373775348,0.447167907
50,2,6,7,85000,169,2010,1,0,44.4262036,26.1231729,1.314127134,0.07475387
64,3,4,4,95000,112,1970,0,0,44.4157273,26.1785342,0.655755723,0.342742978
40,2,1,6,91000,170,1948,1,0,44.4399327,26.1050081,0.486050599,0.168553268
85,3,2,3,500000,13,2003,0,0,44.4614735,26.0860177,0.519696391,0.119450056
85,4,0,8,130000,44,1987,0,0,44.4701527,26.14309402,2.404416492,0.144226097
78,2,4,7,220000,169,2010,0,0,44.42511365,26.12714233,1.056021181,0.074389425
63,3,4,4,115000,164,1967,0,0,44.4232937,26.1655326,0.296319443,0.208262515
99,3,7,7,564000,14,2023,0,-1,44.4810166,26.1094933,0.567165419,0.236518142
137,3,2,3,299000,80,2012,1,0,44.515021,26.144924,4.428863186,2.768814482
72,2,3,4,165000,152,2025,0,-1,44.50617685,26.02701302,0.397251168,0.008199179
57,2,3,3,103500,107,2026,0,-1,44.40662164,26.16869732,0.674465117,0.462711187
70,2,1,4,105000,160,2027,0,0,44.41145286,26.2059367,0.677635574,0.605713278
56,2,1,4,84000,160,2027,0,0,44.4104685,26.19909827,0.499311341,0.377642567
43,1,1,4,65130,160,2027,0,0,44.4116265,26.2022891,0.780546924,0.588117882
72.12,3,2,11,150000,44,2024,1,0,44.4494534,26.1647523,1.593242722,0.099220135
67,2,5,11,106620,160,2025,0,0,44.42247753,26.20124086,1.734112864,0.586239468
43,2,5,10,79500,159,1976,1,-1,44.45449186,26.12633643,0.536897959,0.152526074
45,2,3,7,89500,23,2025,1,0,44.3619873,26.1520043,1.016476067,0.258336698
58,2,-1,3,65500,73,2008,0,0,44.3938825,26.0902537,1.270524914,0.304871779
190,5,2,4,620000,67,2019,1,2,44.45774689,26.11002781,0.648842621,0.111627457
60.26,2,2,11,102000,59,2025,1,0,44.4121476,26.0293496,0.680969353,0.174579891
60.32,2,10,11,102000,59,2025,1,0,44.4121476,26.0293496,0.680969353,0.174579891
84.5,3,7,11,135000,59,2025,1,0,44.4121476,26.0293496,0.680969353,0.174579891
83.23,3,9,11,133000,59,2025,1,0,44.4121476,26.0293496,0.680969353,0.174579891
37.3,1,4,5,68000,10,2025,1,0,44.3717866,26.128825,1.011720958,0.045182362
84.06,3,5,11,134000,59,2025,1,0,44.4121476,26.0293496,0.680969353,0.174579891
188,4,2,2,603999,152,2021,1,0,44.50314092,26.05860524,2.331615485,0.139806672
53.05,2,8,8,243900,14,2021,1,0,44.48914744,26.0896392,1.394152366,0.395586986
120,4,1,1,199900,12,1930,0,1,44.4399545,26.1138801,0.99221199,0.200917917
64,2,6,11,189500,92,2017,1,-1,44.42766565,26.04269177,0.470416371,0.165277675
177,4,6,6,625000,187,2023,1,2,44.43850808,26.08307835,0.707399083,0.0800496
59,3,1,4,165000,177,2023,1,0,44.416199,26.08525,1.550705351,0.168245861
119,4,0,3,337000,67,2008,1,-1,44.4696576,26.1039852,1.097181847,0.04654569
80,3,2,7,168000,2,1950,0,1,44.4200846,26.06571929,0.971491725,0.065317896
89,4,1,3,250000,125,1938,0,-1,44.43660105,26.10557804,0.237275706,0.097757263
43.7,1,0,7,95000,178,2017,1,-1,44.443893,26.036522,0.824243366,0.075539902
85,3,1,3,229000,14,2017,1,0,44.48845402,26.09158526,1.2417435,0.312935192
72.9,2,5,6,237800,28,2025,1,0,44.5112497,26.0738588,3.818496267,0.557878383
47,2,4,4,125000,152,2025,0,-1,44.50559887,26.02757237,0.366452233,0.085453781
72,2,3,4,165000,152,2025,0,-1,44.50634417,26.0267212,0.404432736,0.024463503
75,3,3,3,180000,135,2024,0,0,44.494292,26.141926,2.513404375,1.403297855
121.47,3,5,6,158000,141,2017,0,-1,44.4037954,25.9804021,3.055796785,0.369803935
58,2,3,3,131500,28,2008,0,-1,44.532363,26.0993958,5.906673311,0.735649897
50.6,2,2,4,69800,141,2025,1,-1,44.4040176,25.9805833,3.028279683,0.349890309
52.7,2,2,4,72600,141,2025,1,0,44.4037954,25.9804021,3.055796785,0.369803935
44.2,1,2,3,106000,135,2024,1,0,44.49343331,26.12397183,1.532720973,0.995073373
73.51,2,1,3,149900,135,2024,1,0,44.49575395,26.12211421,1.731312271,1.126854841
35,3,0,4,45000,65,1970,0,-1,44.3892705,26.0720052,2.562962583,0.417245034
83,3,4,4,407800,110,2025,0,-1,44.44582098,26.12490426,0.461123951,0.166374739
45,2,5,7,75000,0,1977,0,0,44.4097955,26.1677758,0.616557683,0.25007131
78,2,2,5,178000,80,2017,0,-1,44.5089934,26.1370533,3.540327413,2.251096149
61,2,2,7,75000,23,2025,1,0,44.36148949,26.15494357,1.218969279,0.455132509
70,4,4,8,102000,38,2017,0,-1,44.4312832,26.1037574,0.413300448,0.134831137
58,2,3,4,101900,23,2026,0,0,44.36791158,26.15494357,0.903252963,0.880168066
75,3,2,7,112000,7,2025,1,0,44.47056924,26.15494357,3.241526108,0.243821394
52,2,8,10,245000,14,2020,1,-1,44.487876,26.0928879,1.132074523,0.200525056
37,1,3,7,57450,23,2025,1,0,44.36074145,26.15217239,1.133077863,0.26241088
66,3,5,7,195000,135,2019,1,0,44.4896825,26.1306067,1.493679085,0.941659262
141.16,4,11,11,328000,160,2026,1,0,44.4089422,26.2092882,0.375619587,0.449165426
50,2,2,7,123900,59,1970,1,-1,44.4222142,26.0470155,0.386795181,0.175787131
50,2,1,10,157500,92,2024,0,-1,44.43517352,26.03857593,0.3946826,0.22236088
72,3,15,20,238000,67,2025,1,2,44.47697936,26.12799412,0.991477768,0.301352238
65,3,1,7,108500,23,2025,1,0,44.36386958,26.14924805,0.715541212,0.296085348
252.65,5,10,10,895000,78,2010,1,2,44.47697936,26.0920615,0.694601144,0.290405778
39.06,1,0,3,79900,23,2017,0,1,44.36791158,26.11901096,1.837699852,0.08863321
62,2,2,3,109900,23,2020,0,1,44.36791158,26.11901096,1.837699852,0.08863321
68,3,3,3,146900,23,2020,0,1,44.36791158,26.11901096,1.837699852,0.08863321
120,4,0,10,481990,67,2018,1,-1,44.47149076,26.11101135,1.115123381,0.272556923
45,1,1,7,67500,23,2025,0,0,44.3603525,26.1510826,1.120162159,0.195602036
46,2,0,5,210000,78,2021,1,0,44.47982945,26.08896251,0.899789078,0.306910336
51,2,1,7,64000,23,2025,1,0,44.36148949,26.15494357,1.218969279,0.455132509
132,5,8,9,419900,124,1995,0,0,44.4264,26.1118212,0.881821494,0.01150715
77,3,1,6,158000,12,2017,0,-1,44.44192249,26.10972976,0.871178765,0.037787043
220,4,5,5,499500,80,2025,1,0,44.5172942,26.1411818,4.512716743,2.483596468
59.3,2,4,7,166000,47,2024,1,0,44.4248744,26.0784556,1.148428054,0.052357892
59.3,2,4,7,166000,2,2024,1,0,44.4248287,26.078453,1.153372962,0.057353667
59.3,2,4,7,166000,169,2024,1,0,44.4248849,26.0786705,1.150728713,0.049939281
82,2,1,5,325000,185,2005,1,2,44.47697936,26.08307835,1.234959731,0.606263606
40,1,5,7,99000,92,2024,0,0,44.4300921,26.0420804,0.738623885,0.260067591
40,1,4,11,115000,92,2024,0,0,44.4293379,26.0417777,0.655542702,0.174705665
91,2,4,5,365000,78,2017,0,-1,44.4843204,26.08953112,1.026791135,0.213306256
59.9,3,0,11,105700,164,2025,0,0,44.41551136,26.17873375,0.639643197,0.371513351
44.68,1,0,7,88500,164,2025,1,0,44.41983627,26.17917764,1.106149036,0.293470135
37.41,1,0,11,78200,164,2025,1,0,44.4207797,26.17558986,1.127734129,0.278978946
49.6,2,3,7,200000,14,2024,1,-1,44.47697936,26.11002781,0.666197156,0.088824929
49.1,2,0,11,93500,164,2025,1,0,44.41952742,26.17938226,1.077577558,0.289210325
71,2,1,4,218500,148,2025,1,0,44.45942179,26.10656843,0.741378968,0.051962491
64.25,2,2,3,139000,83,2017,0,0,44.48338877,26.03816259,0.230272536,0.224987742
106.43,3,1,6,212500,80,2026,1,0,44.5172942,26.1411818,4.512716743,2.483596468
106.43,3,1,6,212500,80,2026,1,0,44.5182684,26.1408882,4.60087961,2.473303856
74.8,2,2,6,167400,80,2025,1,0,44.5184027,26.1405521,4.603396132,2.449088059
72,2,4,6,164650,80,2026,1,0,44.5185445,26.1407168,4.623148259,2.464373192
182.9,5,7,7,655000,170,2017,1,-1,44.4375517,26.11377346,0.893271043,0.129819574
240.6,6,0,7,717000,64,2017,1,-1,44.44082774,26.12748198,0.446755465,0.120355845
147.1,4,5,7,448000,170,2026,1,-1,44.43914016,26.11804974,1.212108417,0.138763194
118.6,3,5,7,387000,125,2026,0,-1,44.44298187,26.11871879,0.883596074,0.105849396
106.3,4,1,7,375000,64,2017,1,-1,44.4417114,26.1246822,0.674276891,0.320358275
70.5,3,2,7,230000,64,2026,0,-1,44.4417114,26.1244245,0.69457551,0.310586354
58.6,2,1,7,200000,64,2026,1,-1,44.4413557,26.1241668,0.71124305,0.271642477
115,3,4,6,485000,78,2007,1,0,44.48703284,26.09439722,0.991394538,0.083053546
170,4,3,5,698000,22,2012,1,0,44.45841132,26.09604728,0.991557819,0.077875855
205,4,2,3,1750000,84,1960,1,2,44.46415842,26.08307835,0.346463705,0.285140322
95.3,3,1,6,140000,149,1938,1,0,44.4352439,26.107937,0.415669157,0.051487453
52.46,2,5,7,155000,113,2023,1,0,44.48315952,26.0579925,1.362239353,0.151940285
130,4,3,3,394995,80,2022,1,0,44.5152709,26.102927,3.996437684,0.081169517
64,3,9,10,120000,53,1974,1,-1,44.46163061,26.13282368,1.473073849,0.087665222
80.95,3,2,3,245000,28,2024,1,0,44.48979748,26.0920615,1.349949152,0.421457737
85.1,3,2,3,229000,28,2024,1,1,44.48979748,26.0920615,1.349949152,0.421457737
55,2,1,7,250000,28,2022,1,0,44.50901939,26.08307835,3.589068414,0.178023564
85,2,0,3,209900,136,2025,1,0,44.44492172,26.0740952,0.192426821,0.089732215
71,2,1,7,233000,51,2024,1,0,44.44492172,26.10104466,0.291307268,0.124877523
46,2,5,6,71100,23,2025,1,0,44.36241218,26.15331595,1.054363644,0.372512082
142,4,6,20,750000,67,2022,1,2,44.47056924,26.11002781,1.229939114,0.152029284
500,4,8,8,1099998,135,2023,1,-1,44.48896278,26.13098592,1.464573343,0.889145015
156,3,0,3,439900,136,2025,1,0,44.44492172,26.0740952,0.192426821,0.089732215
101,3,1,3,294900,136,2025,1,0,44.44492172,26.0740952,0.192426821,0.089732215
71,3,3,12,570000,78,2017,1,0,44.47819922,26.09052409,0.780196697,0.234430905
88,3,0,3,249900,136,2025,1,0,44.44492172,26.0740952,0.192426821,0.089732215
61,2,1,3,184900,136,2025,1,0,44.4444548,26.0710306,0.355136248,0.228208503
108.58,3,3,4,309595,152,2025,0,0,44.48864055,26.07557034,2.22464279,0.349525104
114,3,2,3,245000,135,2009,0,-1,44.5294949,26.1557405,6.251341541,3.961748773
305,5,7,12,1900000,67,2024,1,0,44.4770449,26.1028082,0.309967176,0.258829246
114,4,4,4,97000,121,1920,0,1,44.4355845,26.1081838,0.430637962,0.043408498
122,4,4,10,310000,126,1987,0,-1,44.45133466,26.0920615,0.619234383,0.139158065
101.6,3,6,8,331524,27,2026,0,-1,44.5085276,26.0228678,0.633567148,0.184567399
114.8,4,8,8,355797,27,2026,1,-1,44.5081614,26.0226774,0.59804031,0.206988931
176,5,8,8,588000,27,2026,1,-1,44.5085276,26.0228678,0.633567148,0.184567399
98,3,6,8,359874,27,2026,1,-1,44.5085276,26.0228678,0.633567148,0.184567399
84,3,4,8,231484,27,2026,1,-1,44.5084032,26.0229492,0.618610855,0.199796268
70,2,2,8,203247,27,2026,1,-1,44.5085276,26.0228678,0.633567148,0.184567399
97,3,6,8,300031,27,2026,1,-1,44.50828015,26.02308907,0.6027867,0.188309343
63,2,1,8,168323,27,2026,1,-1,44.5085276,26.0228678,0.633567148,0.184567399
63.53,2,0,7,207000,170,1940,1,2,44.43850808,26.10104466,0.324589115,0.107254522
90,4,0,1,156000,29,1943,0,-1,44.43289101,26.12440092,1.115150368,0.118465402
107.27,4,4,6,449000,185,2012,1,2,44.48027,26.08816,0.968264078,0.377760728
35,1,1,7,99000,120,1959,0,0,44.4449216,26.0981727,0.107080229,0.075747031
52,2,20,25,330000,67,2024,1,0,44.4769724,26.1027536,0.313383285,0.25345013
57,2,5,6,87190,23,2024,1,0,44.3685926,26.1442564,0.059201068,0.086719241
59,2,4,4,115000,141,2024,1,0,44.410802,26.0076422,1.239209871,0.040070722
85.65,3,1,7,127120,160,2024,1,0,44.40642932,26.19087619,0.295096871,0.192514672
45,1,1,7,55785,23,2026,1,0,44.3611695,26.1494465,0.976493391,0.040675418
59.3,2,4,7,166000,2,2024,1,0,44.4247698,26.0785388,1.161130048,0.062776166
59.3,2,4,7,166000,47,2024,1,0,44.4252602,26.0779421,1.09886987,0.053714913
59.3,2,4,7,166000,169,2024,1,0,44.4247698,26.0798303,1.185720965,0.115253564
86.7,3,2,3,450000,142,2024,0,0,44.46349398,26.0944043,0.696224269,0.181709609
215,3,8,8,190000,10,2025,1,0,44.3700358,26.1422544,0.16747164,0.038453355
52,2,3,7,66100,23,2025,1,0,44.3620644,26.1484346,0.851185149,0.102506201
54.1,2,2,4,245000,2,2020,0,-1,44.42034813,26.08177455,1.541992084,0.224943989
66.5,3,4,10,125600,145,2026,1,1,44.38948,26.06267,3.146099634,0.171274744
72.8,3,0,7,160000,160,2025,1,1,44.40897515,26.21216119,0.476948467,0.40932193
53,2,1,8,239000,67,2023,0,2,44.47697936,26.11901096,0.453284132,0.181937888
52,2,11,11,155000,76,2023,1,0,44.44133437,26.05846253,0.223981203,0.095438806
79,3,10,10,192800,145,2026,1,1,44.38948,26.06267,3.146099634,0.171274744
108,3,3,7,380000,135,2020,1,0,44.47821947,26.12414914,0.656701957,0.091952567
100,3,7,7,499900,67,2020,1,0,44.46415842,26.10104466,1.178824619,0.201492583
57,3,3,5,90500,97,2024,1,0,44.45133466,25.97528052,2.606528799,0.507289189
50,2,8,20,245000,67,2023,1,2,44.46902,26.10987,1.361012502,0.025299243
140,3,2,7,580000,67,2020,1,0,44.46415842,26.10104466,1.178824619,0.201492583
185,6,0,7,419900,12,2017,0,1,44.43850808,26.11002781,0.646674413,0.17388713
87,3,3,3,249900,77,1935,0,0,44.44448252,26.10871452,0.895651752,0.21054075
101.6,3,7,8,460000,80,2024,1,0,44.515377,26.112995,3.868425832,0.238613347
101.2,3,8,8,525000,80,2024,1,0,44.515377,26.112995,3.868425832,0.238613347
132.5,4,15,25,775000,67,2024,1,0,44.476736,26.10216,0.308730774,0.256735253
55.5,2,9,10,104800,145,2026,1,1,44.38948,26.06267,3.146099634,0.171274744
49.5,2,2,10,93500,145,2026,1,1,44.38948,26.06267,3.146099634,0.171274744
153,4,2,5,919000,67,2022,1,0,44.47049857,26.10524383,1.041079647,0.095365303
115.3,3,3,3,342500,101,2025,1,0,44.4466511,26.11889586,0.55217864,0.309095243
136,3,2,12,650000,78,2017,0,-1,44.48738958,26.08902736,1.277487179,0.422922224
53,2,-1,3,95000,9,2010,1,0,44.43870397,26.00970808,0.733558047,0.055316867
58,2,10,10,150000,130,2021,0,-1,44.4372119,26.1714409,0.242833809,0.037646248
105,3,3,7,475000,61,2010,0,-1,44.4932763,26.0497981,1.213696094,0.569719165
102,4,1,4,260000,152,2025,0,-1,44.5063878,26.0271235,0.422144171,0.018185174
86,2,11,13,146200,131,2023,1,0,44.4121657,26.0801114,1.541016982,0.192718179
126,3,1,4,437000,47,2017,0,-1,44.43921266,26.06228013,0.417497537,0.291559502
54.07,2,0,11,140000,135,2027,1,0,44.4896093,26.1198795,1.025440389,0.462981262
54,2,2,11,81000,97,2026,1,0,44.44123643,25.97700119,1.589149524,0.641622849
54,2,2,10,63000,97,2026,1,0,44.44446571,25.97114956,2.167512958,0.885704082
55.3,2,1,12,170000,14,2025,1,0,44.486012,26.1045801,0.835179652,0.432568756
110,4,2,6,275000,135,2025,1,0,44.49055354,26.12387583,1.238974458,0.777620297
100,4,0,2,388000,12,1935,0,-1,44.4361414,26.102684,0.031770686,0.078691421
58,2,1,7,99800,23,2025,1,0,44.36786103,26.11530778,2.060063279,0.081264795
64.7,2,2,4,169900,14,2026,0,0,44.49949513,26.10431013,2.283706678,0.34692537
38.13,1,7,7,105000,135,2023,0,0,44.49165738,26.11932079,1.238755713,0.620451026
51.6,2,4,7,117000,96,2026,1,0,44.40043348,26.15226429,1.625014458,0.096210349
160,4,2,7,1440000,78,2026,0,-1,44.43310029,26.10583241,0.391586665,0.114408258
35.5,1,2,4,76865,160,2026,1,0,44.41789778,26.19883681,1.190518666,0.613185562
36.95,2,4,4,93170,160,2025,1,0,44.41780935,26.19861843,1.175791431,0.602452881
90,3,7,8,240000,135,2025,1,0,44.48882581,26.13548756,1.748796642,0.989705143
75,3,0,8,235000,135,2025,1,0,44.48882581,26.13548756,1.748796642,0.989705143
34.5,1,3,4,65915,160,2026,0,1,44.4214292,26.2004222,1.602869564,0.548635434
39.3,1,2,4,68925,160,2026,1,0,44.42071004,26.20025338,1.522772799,0.568162868
54.8,2,1,4,90450,160,2025,1,0,44.42085344,26.20044719,1.542839908,0.574860743
92,3,8,8,214000,135,2024,1,1,44.48882581,26.13548756,1.748796642,0.989705143
59,2,1,4,90450,164,2026,1,1,44.4212825,26.2000674,1.578707926,0.528046096
46,2,1,4,85425,160,2026,1,1,44.4214188,26.2002726,1.59809083,0.537834871
41,2,4,4,89500,164,2025,1,1,44.421576,26.2005316,1.621094962,0.551718708
52,2,1,7,219000,62,2025,1,0,44.45133466,26.11002781,0.376789113,0.223441305
55.6,2,6,12,152110,179,2026,1,0,44.40033597,26.15126971,1.671191579,0.072921034
46,2,11,11,117900,20,2024,0,0,44.4389716,26.1643045,0.562094498,0.328503925
45,2,11,11,117900,164,2024,0,0,44.4377662,26.1646988,0.454460643,0.198165099
42,2,3,15,72000,181,2012,0,0,44.39401741,26.14340829,1.681614265,0.279036664
40,1,2,4,70999,69,2025,1,-1,44.46262463,26.17052643,3.001762975,0.551786442
98,4,0,7,300000,155,2025,1,0,44.50583988,26.02647961,0.345335458,0.061503544
53,2,0,3,127500,27,2025,0,0,44.4877326,26.0547848,1.245346317,0.210572956
53,2,1,3,142400,27,2025,0,0,44.4877604,26.0547903,1.247155944,0.209763235
53,2,1,3,142500,27,2025,0,0,44.4877404,26.0548061,1.247245566,0.211782308
53,2,1,3,141000,27,2025,0,0,44.4877604,26.0547903,1.247155944,0.209763235
54,2,2,3,154500,27,2025,0,0,44.487725,26.0548061,1.246460187,0.21245943
55,2,2,3,145000,27,2025,0,0,44.4877413,26.054774,1.2450301,0.209402469
50,2,4,7,74900,59,2026,1,0,44.4207358,25.9826037,1.226422045,0.169170692
46,2,9,10,136100,155,2025,1,0,44.50706326,26.02573577,0.45963611,0.067756563
53,2,11,11,121043,97,2026,1,0,44.4335321,26.0076116,0.35647593,0.04845384
31,1,5,10,67000,164,1967,0,0,44.4195475,26.1685826,0.76764544,0.33881531
58,2,11,11,127921,97,2026,1,0,44.4335321,26.0076116,0.35647593,0.04845384
52.06,2,2,11,117431,155,2026,1,0,44.5071831,26.0249408,0.46649948,0.003394061
94.6,3,0,3,234000,53,2025,1,0,44.4589884,26.1411781,1.687506673,0.261763171
51,2,5,12,147000,158,2027,1,0,44.4711847,26.1403317,2.157102598,0.121486245
74,3,4,10,180075,152,2025,1,0,44.50589023,26.02650873,0.351390764,0.055840231
37.01,1,3,11,110092,155,2026,1,0,44.5071831,26.0249408,0.46649948,0.003394061
37.03,1,2,11,105505,155,2026,1,0,44.5071831,26.0249408,0.46649948,0.003394061
37.05,1,1,11,89725,155,2026,1,0,44.5071831,26.0249408,0.46649948,0.003394061
125.1,4,11,11,605000,2,2023,1,0,44.42631615,26.06203131,0.371998884,0.188965606
45,2,5,6,115900,0,2008,1,1,44.4073239,26.1776609,0.366304965,0.285655834
56.4,2,7,8,129900,163,1986,1,0,44.4040149,26.1211568,1.020243183,0.011549501
97,4,0,4,359000,28,2025,0,0,44.51283229,26.11423053,3.579776463,0.422084348
52.38,2,1,11,134034,155,2026,1,0,44.5071831,26.0249408,0.46649948,0.003394061
37.03,1,2,11,108257,155,2026,1,0,44.5071831,26.0249408,0.46649948,0.003394061
55.5,3,0,6,169000,53,2024,1,0,44.45934256,26.14043784,1.665203197,0.250222542
145,6,4,7,341000,170,1978,1,0,44.43498444,26.10453205,0.170374751,0.10995119
65,3,0,4,135000,59,1975,0,0,44.41702778,26.02984371,0.560191827,0.168493243
50,2,1,5,129500,14,2021,1,-1,44.49027179,26.09659819,1.269246261,0.481892526
140,3,2,5,650000,78,2007,1,2,44.48338877,26.0920615,0.80285489,0.06716973
52,2,2,7,77445,97,2025,1,0,44.44565166,25.98338103,1.776721711,0.703015648
42.5,2,3,5,125000,25,2017,1,1,44.375504,26.110705,2.012322042,0.204211752
56,2,9,10,110000,59,1982,1,0,44.42385752,26.04879177,0.159194519,0.109697058
40,2,3,7,79500,27,2012,0,2,44.47697936,26.02917943,1.115761938,0.559278633
85,3,9,17,298000,114,2015,1,0,44.42062204,26.13356759,0.452579238,0.256050052
31,1,9,10,61000,56,1979,1,0,44.41284648,26.13697727,0.771826509,0.193933824
50,2,6,9,155000,170,1960,1,-1,44.43999517,26.09971762,0.519617021,0.081835078
57.58,2,1,3,82000,141,2016,0,1,44.39952049,25.98650912,3.222283524,1.012980782
53,2,1,1,215000,170,1900,0,1,44.43491195,26.10686092,0.341289444,0.110712483
65,3,10,10,125000,54,1971,1,0,44.46617154,26.06649103,0.87111579,0.108905491
286,7,3,4,450000,128,2016,1,0,44.48768454,26.03341384,0.35162469,0.272039505
286,7,3,4,450000,83,2016,1,0,44.48818353,26.0324852,0.440117029,0.340960102
50,2,1,10,124500,59,1975,0,-1,44.41973188,26.02021694,0.036398449,0.133506118
38,2,3,4,63500,97,2017,1,1,44.4427657,25.98543207,1.423133853,0.373541835
55,2,10,10,108500,141,1973,1,-1,44.41434824,26.02538824,0.283926236,0.134211575
56,2,0,4,144000,163,1987,0,-1,44.4039474,26.1193915,1.003423785,0.138413961
68,2,7,8,155000,135,2024,0,1,44.4888258,26.1354876,1.748798781,0.989702354
154,4,4,4,720000,67,2006,1,1,44.46907102,26.09842149,1.004368863,0.443126338
48,2,1,7,112000,33,1964,1,1,44.4190746,26.1042275,0.481047153,0.186885683
46.82,2,10,10,86900,81,1963,0,0,44.44652258,26.1296925,0.582431309,0.222844711
64,3,10,10,129000,163,1976,1,-1,44.4128444,26.1067804,0.27105075,0.127097113
43,2,5,7,124000,42,1960,1,-1,44.43898963,26.09238982,0.701725567,0.173747229
66,3,6,10,118000,5,1978,1,0,44.3843559,26.1156104,1.093007986,0.131669587
52.5,2,0,7,139600,40,2023,1,1,44.48770141,26.01384263,1.614275155,0.25954241
54,2,2,2,152000,1,2025,0,0,44.4693851,26.0494638,0.197758847,0.098241762
75.5,3,6,11,141900,71,2025,0,-1,44.4086097,25.9824205,2.497459229,0.306005165
54.26,2,1,4,228000,62,2025,1,0,44.44855358,26.10842757,0.516374598,0.084113994
37.03,1,1,11,115596,155,2026,1,0,44.5071831,26.0249408,0.46649948,0.003394061
52.79,2,1,11,125630,155,2026,1,0,44.5071831,26.0249408,0.46649948,0.003394061
52.38,2,2,11,125210,155,2026,1,0,44.5071831,26.0249408,0.46649948,0.003394061
52.46,2,2,11,119725,155,2026,1,0,44.5071831,26.0249408,0.46649948,0.003394061
47.26,1,11,11,114679,155,2026,1,0,44.5071831,26.0249408,0.46649948,0.003394061
82.35,3,6,11,200840,155,2026,1,0,44.5071831,26.0249408,0.46649948,0.003394061
52.03,2,3,11,134454,155,2026,1,0,44.5071831,26.0249408,0.46649948,0.003394061
52.37,2,1,11,123950,155,2026,1,0,44.5071831,26.0249408,0.46649948,0.003394061
52.02,2,6,11,126891,155,2026,1,0,44.5071831,26.0249408,0.46649948,0.003394061
52.02,2,7,11,118624,155,2026,1,0,44.5071831,26.0249408,0.46649948,0.003394061
55.55,2,1,11,126471,155,2026,1,0,44.5071831,26.0249408,0.46649948,0.003394061
41,2,5,7,40770,97,2022,1,-1,44.4472212,25.9923148,1.70088159,0.246528192
50,1,5,6,84900,155,2024,0,0,44.5132,26.01799,1.255460822,0.0758318
49,2,-1,3,145000,142,2017,0,0,44.46631509,26.08849148,0.163130245,0.146510203
114,4,9,10,179900,97,2024,1,0,44.4355759,25.9776571,1.139948374,0.148799445
60,2,4,9,111975,97,2024,1,0,44.4356127,25.9776088,1.145325735,0.145162031
64,2,5,9,117550,97,2024,1,0,44.43799776,25.97863217,1.239213051,0.355401923
50,2,3,4,78000,81,1965,0,0,44.446474,26.1351119,0.63528025,0.042076686
59,2,5,9,106550,97,2024,1,0,44.435682,25.9775942,1.150241463,0.144689697
61,2,5,9,111975,97,2024,1,0,44.4333446,25.9770322,1.08422226,0.262643695
61,2,7,9,111975,97,2024,1,0,44.4355353,25.9772366,1.166672032,0.115333352
45,1,1,6,67500,23,2026,1,0,44.36791158,26.14596042,0.213899902,0.166174515
60,2,6,7,74000,148,1940,0,-1,44.4479568,26.1072036,0.548947034,0.050461416
185,4,5,7,1825000,13,2024,1,0,44.46265567,26.08236031,0.505209062,0.1540449
130,3,6,13,221000,131,2023,1,0,44.4121657,26.0801114,1.541016982,0.192718179
73,2,1,5,124000,27,2025,0,0,44.51274537,26.01870697,1.185850256,0.01186558
55,2,0,9,119500,97,2024,1,0,44.4355897,25.9776303,1.142559882,0.146731823
48,1,4,5,111403,28,2025,0,0,44.50695,26.02718,0.480685491,0.079134469
76.25,3,6,6,319869,47,2022,1,0,44.43427015,26.05907663,0.33153324,0.052226835
63,2,2,8,126000,97,2026,1,0,44.4355859,25.9776678,1.139777344,0.149688927
47,1,4,8,94000,97,2026,1,0,44.4355514,25.9772849,1.16420927,0.119187173
59,2,6,7,106550,97,2023,1,0,44.4355897,25.9776303,1.142559882,0.146731823
146,4,4,5,1725000,13,2024,1,0,44.4620442,26.08606119,0.45614913,0.182207542
47,1,2,8,94000,97,2026,0,0,44.43626078,25.97792621,1.162478377,0.188403411
75,4,2,4,120999,12,2017,0,-1,44.44142,26.11146,0.925945276,0.15939636
126,3,1,4,450000,47,1995,0,1,44.44276032,26.06242386,0.154174811,0.014748321
47,1,3,8,94000,97,2026,0,0,44.4356004,25.9776088,1.144634136,0.145083922
112,5,6,8,270000,120,1938,1,-1,44.44420356,26.09746908,0.176294519,0.104621176
77.4,2,6,7,180370,2,2023,1,0,44.4248815,26.0784954,1.148273295,0.05092752
48,2,8,9,69000,59,2017,0,-1,44.4243479,26.0428798,0.113691843,0.173654238
77.4,2,6,7,180370,47,2023,1,-1,44.4249631,26.0784519,1.138697594,0.042921467
77.4,2,6,7,180370,169,2023,1,0,44.4247589,26.0796971,1.18396352,0.1072375
80,3,11,11,132900,141,2025,1,0,44.4080115,25.9828017,2.555050891,0.301051353
241.51,5,14,15,2300000,67,2017,1,-1,44.46607729,26.09637188,0.78730877,0.150186215
36,2,10,10,67000,100,2017,0,-1,44.4431918,26.1716696,0.869349425,0.116449898
101,3,3,7,202000,97,2026,1,0,44.4355889,25.9776195,1.143255133,0.145871272
87.58,4,2,2,399000,120,1937,0,-1,44.4494269,26.0984067,0.41001137,0.257847584
123,5,0,1,499000,42,1900,0,0,44.4385604,26.0841272,0.780105495,0.006054354
103,4,1,6,298700,47,2022,1,0,44.43194273,26.05280503,0.357399765,0.194165004
75,2,4,7,285000,51,2024,1,0,44.44464422,26.1187264,0.72716284,0.089886002
85,3,0,3,169500,169,1935,1,0,44.4385599,26.118536,1.186779127,0.093822164
221,4,2,3,1750000,84,1960,0,-1,44.46331755,26.07608487,0.880348036,0.300267726
37,1,5,5,68000,23,2025,1,0,44.3734399,26.1301416,0.80025283,0.035416388
179,4,4,7,1370000,142,2024,1,0,44.46518247,26.08780193,0.150858791,0.042131641
77,2,11,13,130900,131,2023,1,0,44.4121657,26.0801114,1.541016982,0.192718179
102.33,4,9,12,333000,44,2026,1,0,44.4706974,26.1415393,2.26718377,0.126508172
81,3,2,5,175433,152,2023,0,0,44.50674,26.02697,0.452654138,0.054537428
130,4,1,4,405000,152,2022,0,-1,44.50225996,26.05875371,2.304129582,0.067667967
76.83,3,7,7,374100,137,2026,1,-1,44.44812321,26.04450604,0.359192557,0.327420957
76.83,3,7,8,374100,76,2026,1,-1,44.44851622,26.04460371,0.394548638,0.349864062
51.29,2,8,10,88000,145,2017,1,0,44.41338447,26.06375384,1.523904459,0.224998034
81,3,2,5,175433,28,2023,0,0,44.50684,26.02706,0.465679874,0.065777321
81,3,2,5,175433,28,2025,0,0,44.50688,26.02708,0.470393008,0.070339481
37,1,5,5,68000,23,2026,1,0,44.37433296,26.12799412,0.827915951,0.212437951
73,3,7,10,149000,151,1989,1,-1,44.3851076,26.0799852,2.51153422,0.159380709
49,2,7,8,52675,97,2020,1,0,44.4471844,25.9789745,2.063177277,0.972066065
38,1,1,7,60000,23,2026,1,0,44.36046123,26.14796646,1.000613074,0.114111201
72,3,1,3,170000,135,2017,0,0,44.4926611,26.1360075,2.034039895,1.338177902
53,2,5,7,85500,97,2023,0,-1,44.4434925,26.0217825,1.047185366,0.175084758
40,1,7,7,60000,23,2026,1,0,44.3610858,26.1504578,1.024687673,0.121607145
80.2,3,5,6,245000,53,2024,1,0,44.4593862,26.1424149,1.792815762,0.29465533
68,2,6,8,205000,169,1998,0,-1,44.4235362,26.1132467,0.762102968,0.195669239
72,3,2,7,125400,160,2023,1,0,44.4085982,26.2126505,0.471818751,0.35254303
65.3,3,6,7,174000,53,2024,1,0,44.459165,26.1408113,1.676195056,0.253746495
52,2,0,1,102000,169,2017,0,-1,44.432814,26.1215998,1.285202711,0.014744938
40,1,2,6,74000,23,2025,1,0,44.3614523,26.150618,0.997276466,0.136039117
153.3,4,5,5,549900,135,2023,0,-1,44.48979748,26.12799412,1.356496287,0.871255738
73,3,1,7,220000,130,2024,1,0,44.4400042,26.2080343,1.237904432,0.668529072
100,3,2,5,166300,27,2025,0,0,44.51274537,26.01870697,1.185850256,0.01186558
77.05,3,2,7,245000,152,2022,0,-1,44.50222935,26.05875371,2.302864697,0.066797387
50,2,6,11,144210,0,2024,1,0,44.4339375,26.1722823,0.283741993,0.263944104
75,3,6,8,180000,2,1989,1,1,44.41926294,26.06511205,1.006073406,0.134887145
80.77,4,0,8,140000,71,1983,0,-1,44.41284648,26.04714574,1.242890617,0.240455203
46,2,10,11,116700,164,2025,0,0,44.4375342,26.1664035,0.331236597,0.112318612
50,2,1,7,71000,73,1970,0,-1,44.38744099,26.08720971,2.025708972,0.41213838
74,3,3,7,226000,130,2024,1,0,44.4400042,26.2080343,1.237904432,0.668529072
73,3,0,7,230000,130,2023,1,0,44.4400042,26.2080343,1.237904432,0.668529072
75.96,3,5,5,179000,135,2021,1,0,44.52183048,26.14596042,5.132759324,2.946265492
78.76,3,4,4,222000,52,2017,0,-1,44.4279897,26.1329956,0.660725243,0.047265711
65,2,3,5,142481,28,2023,0,0,44.50685,26.02707,0.467014276,0.066947491
42.76,1,0,7,85300,135,2023,1,0,44.49268228,26.12101172,1.378744746,0.786517502
82,4,-1,7,139000,169,2017,0,-1,44.4228789,26.0993037,0.599742363,0.333947193
121,4,0,2,350000,27,2019,0,0,44.48515014,26.03107863,0.545432203,0.316094135
250,3,9,10,195900,97,2021,1,0,44.4356065,25.9775981,1.145709988,0.144272894
39.15,1,2,7,60000,23,2025,1,0,44.3647139,26.15906082,1.309886391,0.893718999
61,2,2,8,139900,135,2024,1,-1,44.48979748,26.12799412,1.356496287,0.871255738
82,3,0,8,215000,169,1995,0,0,44.4200077,26.1124262,0.377196548,0.039254244
64,2,1,5,141818,28,2023,0,0,44.50684,26.02706,0.465679874,0.065777321
77,4,2,4,325000,179,2008,0,0,44.4073212,26.1313248,0.6158073,0.065025454
65,2,1,5,142481,152,2023,0,0,44.50689,26.02714,0.473301755,0.072025546
64,2,1,5,141818,152,2023,0,0,44.50681,26.02705,0.46230151,0.06239527
81.53,3,1,3,231941,135,2024,0,0,44.495269,26.146173,2.850162866,1.517658322
71,3,4,10,186050,164,2025,1,0,44.43776617,26.16469884,0.45445616,0.198162444
164,5,10,10,299900,97,2021,1,0,44.4355897,25.9776303,1.142559882,0.146731823
64,2,2,5,139404,152,2023,0,0,44.50681,26.02705,0.46230151,0.06239527
150,7,0,4,240000,164,1968,0,0,44.4297616,26.1689383,0.642910938,0.185868011
64,2,2,5,139404,28,2025,0,0,44.50685,26.02707,0.467014276,0.066947491
65,2,0,1,200000,54,1965,0,0,44.46587076,26.06662974,0.858774296,0.076461575
60,2,0,1,255000,12,2017,0,1,44.43721332,26.11094545,0.665929069,0.069250271
90,4,8,8,390000,169,2017,0,-1,44.4273573,26.0998844,0.123161263,0.065571806
47,2,1,6,77603,23,2025,1,0,44.36562333,26.15521513,0.988333788,0.699353489
81,2,1,8,390000,67,2020,0,0,44.4684804,26.1053261,1.253684232,0.19381004
59,2,2,5,129770,152,2023,0,0,44.50682,26.02706,0.463636278,0.063559452
100,3,4,5,256700,59,2015,1,0,44.4158368,26.0127345,0.590281156,0.249829496
75,3,11,11,150800,20,2025,1,0,44.4339881,26.1722387,0.277534664,0.260691345
66,3,0,6,124700,155,2025,0,0,44.5132,26.01799,1.255460822,0.0758318
59.43,2,1,18,183000,14,2026,1,0,44.486012,26.1045801,0.835179652,0.432568756
59,2,2,5,129770,28,2023,0,0,44.50684,26.02708,0.466306353,0.065911032
102.33,4,9,12,333000,44,2026,1,0,44.4711259,26.1403528,2.161770225,0.124189948
103,3,9,20,440000,18,2022,1,0,44.46808973,26.10943376,1.429961477,0.127688194
57,2,3,3,120000,27,2014,0,-1,44.47983163,26.04216009,0.323998932,0.090285403
39.15,1,2,7,67000,23,2026,1,0,44.36223314,26.14916912,0.862509901,0.114570217
39.15,1,3,7,60000,23,2025,1,0,44.35879898,26.14829482,1.183879882,0.228792038
126,4,2,15,545000,18,2026,1,0,44.47531348,26.11434198,0.624087013,0.268305965
39.15,1,2,7,60000,23,2025,1,0,44.35980614,26.15252612,1.233951733,0.18841081
39,1,5,6,60330,23,2025,1,0,44.37084899,26.15864387,1.209571601,1.220294984
48,1,4,5,111403,152,2025,0,0,44.50684,26.02705,0.465368346,0.065724718
30,1,0,7,55000,97,2023,1,0,44.4437345,26.0218124,1.074158939,0.183878316
101,3,2,3,348736,135,2024,1,1,44.51542529,26.11901096,3.867679248,0.714857636
50,2,1,4,90000,59,1973,0,0,44.4228754,26.0197847,0.322127788,0.220548631
64,2,0,7,160000,130,2024,1,0,44.4404514,26.2077296,1.211883691,0.701735442
101,3,1,5,165400,27,2025,0,0,44.51294,26.01838,1.216214878,0.034314741
90.81,3,2,18,266000,14,2026,1,0,44.486012,26.1045801,0.835179652,0.432568756
60,2,3,7,200850,54,2023,0,0,44.46388808,26.06465651,0.605309323,0.269453048
117,3,3,3,399000,124,2024,1,0,44.3724417,26.1346481,0.796928507,0.356722625
52.21,2,10,12,180000,53,2027,1,0,44.4714297,26.1400742,2.125989941,0.126364322
46,2,6,6,68100,23,2025,1,0,44.36148949,26.15494357,1.218969279,0.455132509
111,4,2,4,750000,13,2023,1,2,44.46415842,26.08307835,0.346463705,0.285140322
48,2,5,10,125000,164,1967,0,-1,44.4266194,26.1669631,0.38311039,0.262920965
57,2,2,5,124608,152,2023,0,0,44.50683,26.02705,0.464345655,0.064614828
69.4,3,3,10,315000,67,2020,1,0,44.470179,26.112301,1.217487926,0.231044049
85.2,3,1,4,160000,135,2025,1,0,44.5349162,26.1423357,6.365632822,3.377165385
85.1,3,1,4,160000,135,2025,1,0,44.5349162,26.1423357,6.365632822,3.377165385
84.4,3,3,4,160000,135,2025,1,0,44.5349162,26.1423357,6.365632822,3.377165385
76.7,3,0,4,171000,135,2025,1,0,44.5349162,26.1423357,6.365632822,3.377165385
77.7,3,2,4,160000,135,2024,1,0,44.5349162,26.1423357,6.365632822,3.377165385
66,3,0,4,147000,135,2025,1,0,44.5349162,26.1423357,6.365632822,3.377165385
66.3,3,1,4,139000,135,2024,1,0,44.5349162,26.1423357,6.365632822,3.377165385
77,3,1,4,159000,135,2024,1,0,44.5349162,26.1423357,6.365632822,3.377165385
75.5,3,0,4,169000,135,2024,1,0,44.5349162,26.1423357,6.365632822,3.377165385
60,2,5,5,95000,97,2023,1,-1,44.4437038,26.0218961,1.070995682,0.190081531
69.2,3,0,4,168000,135,2024,1,0,44.5350076,26.1422276,6.372524996,3.37730369
60,2,5,5,95000,171,2023,1,0,44.4437958,26.0218533,1.081086379,0.188073523
77.5,3,2,4,159000,135,2024,1,0,44.5350076,26.1422276,6.372524996,3.37730369
38.13,1,2,7,81300,135,2023,1,0,44.49335969,26.11998692,1.434452412,0.813613638
72,3,2,18,230000,14,2026,1,0,44.486012,26.1045801,0.835179652,0.432568756
72,3,10,18,238000,14,2026,1,0,44.486012,26.1045801,0.835179652,0.432568756
121,3,4,7,640000,13,1998,1,0,44.46544202,26.08780041,0.132056676,0.042340838
105,3,4,10,262000,135,2009,1,0,44.52823496,26.14596042,5.776531256,3.200990135
68,2,5,7,98700,95,2025,1,0,44.36632485,26.11449338,2.220202469,0.196452067
57,2,2,5,124608,28,2023,0,0,44.50686,26.02708,0.468348858,0.068124941
54,2,2,5,119120,28,2025,0,0,44.50685,26.02706,0.46670229,0.066886406
48,1,2,5,111734,28,2023,0,0,44.50688,26.02712,0.471648613,0.070696192
45,2,5,6,119999,160,2008,0,0,44.4085376,26.1776336,0.253309411,0.156378374
70.31,3,8,20,295000,14,2026,1,0,44.47720664,26.12377776,0.686566356,0.182666896
76.1,3,6,12,221000,14,2025,1,0,44.486012,26.1045801,0.835179652,0.432568756
85,3,2,3,307268,135,2024,1,1,44.51542529,26.11901096,3.867679248,0.714857636
165.2,3,5,8,1320000,67,2020,0,-1,44.47056924,26.11002781,1.229939114,0.152029284
189,3,5,5,660000,109,2006,0,0,44.4850598,26.0900603,1.041944599,0.206107767
54,2,2,5,119120,152,2023,0,0,44.50685,26.02707,0.467014276,0.066947491
66.3,3,0,4,161000,135,2025,1,0,44.5349162,26.1423357,6.365632822,3.377165385
66.1,3,0,4,152000,135,2025,1,0,44.5349162,26.1423357,6.365632822,3.377165385
69.2,3,1,4,158000,135,2024,1,0,44.5349162,26.1423357,6.365632822,3.377165385
44,2,3,6,67300,23,2026,1,-1,44.3673732,26.1544862,0.876937894,0.814370656
81,2,3,6,250000,28,2024,1,0,44.515921,26.075709,4.21665533,0.28482423
70,3,6,6,240000,14,2009,1,-1,44.48979748,26.0920615,1.349949152,0.421457737
95.8,3,3,5,283500,80,2025,1,1,44.51838707,26.14151176,4.633715643,2.524113809
87,2,5,6,258000,28,2024,1,0,44.515928,26.075709,4.217094007,0.284403804
52.08,2,10,12,168000,158,2027,1,0,44.4711847,26.1403317,2.157102598,0.121486245
53,2,3,5,117559,28,2025,0,0,44.50684,26.02706,0.465679874,0.065777321
55,2,1,5,90000,97,2023,0,0,44.4439797,26.0220248,1.102099335,0.205586176
73,2,3,8,109550,135,2024,1,0,44.49122667,26.12260081,1.264453916,0.74348747
72,3,1,5,127000,10,2025,1,0,44.37330651,26.13129158,0.770254363,0.07410414
53,2,3,5,117558,152,2023,0,0,44.50684,26.02704,0.465057961,0.065681647
80,3,0,3,165000,126,1948,0,1,44.4515706,26.0810792,0.260131551,0.080568785
146,4,1,16,499900,18,2009,1,0,44.4663694,26.1086345,1.528384105,0.224079362
72.2,2,1,7,127900,135,2023,1,0,44.49634935,26.12244844,1.802079907,1.160902444
59,2,2,6,97350,25,2025,1,0,44.3759413,26.1129674,1.826185368,0.018173326
48.9,2,5,6,82800,10,2025,1,0,44.37433296,26.12799412,0.827915951,0.212437951
53,2,3,5,117558,28,2023,0,0,44.50687,26.02708,0.469370729,0.069232136
82.52,3,0,7,154500,135,2023,1,0,44.49654469,26.12617736,1.919458035,1.373747874
59.6,2,2,7,94700,23,2025,1,-1,44.362704,26.1129341,2.538964769,0.116511823
56,2,2,6,84550,23,2025,1,0,44.3669838,26.1542209,0.866002466,0.766570741
104,2,1,6,343000,28,2024,1,0,44.515936,26.075709,4.217595472,0.283925168
52,2,1,5,117370,152,2023,0,0,44.50689,26.02705,0.470487874,0.071275126
97,3,6,6,451500,14,2024,0,-1,44.48979748,26.0920615,1.349949152,0.421457737
52,2,1,5,117370,28,2023,0,0,44.50685,26.02707,0.467014276,0.066947491
130,4,7,7,577000,14,2023,1,0,44.48979748,26.0920615,1.349949152,0.421457737
66.1,3,1,4,141000,135,2025,1,0,44.5349162,26.1423357,6.365632822,3.377165385
66.1,3,2,4,141000,135,2025,1,0,44.5364602,26.14099715,6.496134387,3.414223834
73.8,3,1,4,139000,135,2025,1,0,44.5350076,26.1422276,6.372524996,3.37730369
75.2,3,4,4,140000,135,2025,1,0,44.5350076,26.1422276,6.372524996,3.37730369
66,3,1,4,138000,135,2024,1,0,44.5350076,26.1422276,6.372524996,3.37730369
66.9,3,4,4,157000,135,2025,1,0,44.5350076,26.1422276,6.372524996,3.37730369
169,4,5,7,1419000,67,2021,1,0,44.46907153,26.10659971,1.22934553,0.216582297
60,2,5,5,95000,97,2023,0,0,44.4439184,26.0218554,1.094715775,0.19090146
58,3,4,4,110000,164,1968,0,0,44.4236671,26.1591668,0.317665694,0.127882006
138.4,4,3,8,1419000,67,2020,0,-1,44.47056924,26.11002781,1.229939114,0.152029284
92,4,0,3,290000,28,2019,1,0,44.513611,26.111244,3.686124348,0.196399097
170,5,1,1,380000,29,1938,0,0,44.4330514,26.1263376,0.962517199,0.087249173
55.1,2,0,4,126000,135,2025,1,0,44.5349329,26.1421941,6.363805624,3.369865903
50,2,8,11,329000,135,2024,1,0,44.4875449,26.0908337,1.195366248,0.296032953
53.5,2,4,4,120000,135,2025,1,0,44.53491623,26.14233565,6.365634712,3.377164548
75,3,0,5,300000,28,2021,1,0,44.50525456,26.07086245,3.319705662,0.665337276
53,2,0,10,113500,164,1970,0,0,44.41403691,26.15236038,0.717911924,0.087460051
74,4,2,2,415000,55,2017,0,0,44.45524197,26.10248525,0.376053492,0.161763258
80,3,3,3,252000,10,2024,1,0,44.3882359,26.13469544,0.962877984,0.199867929
180,4,2,5,750000,78,2010,1,0,44.4778839,26.0899362,0.831690263,0.292740737
53.2,2,3,4,117000,135,2025,1,0,44.5350409,26.1423616,6.379426048,3.387762818
32,1,6,7,108999,76,2020,1,1,44.4421168,26.0621257,0.147801055,0.067306491
91,3,7,7,399000,14,2023,1,0,44.48979748,26.0920615,1.349949152,0.421457737
88,3,5,8,361000,130,2024,1,0,44.44068,26.2076701,1.206991318,0.722849643
92.74,3,3,3,325000,28,2024,1,0,44.50652359,26.0193093,0.583505179,0.429620195
43.4,1,1,12,94900,131,2024,1,0,44.4083878,26.0878484,0.796691695,0.237864356
118,3,5,5,520000,28,2021,1,0,44.51127983,26.08325938,3.817667647,0.150638108
252.64,5,8,8,900000,78,2010,0,0,44.478006,26.094065,0.508391016,0.197163948
53,2,5,5,85500,171,2023,0,0,44.4437038,26.021939,1.071138969,0.193468652
58,2,2,6,83400,23,2025,1,0,44.36429295,26.14734034,0.591453383,0.364981708
47.87,2,2,11,95000,82,2025,1,0,44.4293101,26.1927146,0.785892719,0.312038971
51.58,2,0,5,138654,135,2021,1,0,44.52183048,26.14596042,5.132759324,2.946265492
57.4,2,2,5,97500,10,2025,1,0,44.3794036,26.1340659,0.105771617,0.094966021
181,4,1,6,656000,28,2024,1,0,44.515928,26.07572,4.217814459,0.283669655
76.65,3,1,7,190000,135,2026,0,-1,44.5205919,26.1462587,5.021422278,2.937703443
75.1,3,2,3,163500,135,2024,1,0,44.49511995,26.12525042,1.744885047,1.203777264
82,3,2,2,220000,83,2025,0,-1,44.48490252,26.05549185,1.190486625,0.050162702
54,2,4,7,77400,23,2025,1,0,44.3615894,26.1508583,0.995464495,0.158129104
145,4,3,4,930000,78,2009,0,0,44.484904,26.0893,1.079132418,0.250121555
50,2,5,10,110000,81,1963,0,0,44.4431483,26.1288325,0.418674237,0.083278483
142,3,2,4,440000,14,2005,0,1,44.4844274,26.0905612,0.967258097,0.137367405
72,3,0,11,146000,82,2025,1,0,44.4293101,26.1927146,0.785892719,0.312038971
192,3,0,6,543000,28,2024,1,0,44.515912,26.075707,4.215960445,0.285500101
93,3,3,7,430000,13,2015,1,-1,44.4626123,26.0844487,0.422914965,0.282760189
54.4,2,4,4,121000,135,2024,1,0,44.5349162,26.1423357,6.365632822,3.377165385
138,4,5,5,600000,135,2021,1,0,44.5137411,26.1402565,4.125987996,2.403764549
234.5,5,9,9,1200000,67,2023,0,-1,44.46420836,26.09772974,0.92038252,0.166310752
160,4,5,5,625000,135,2021,1,0,44.51542529,26.13697727,4.18667953,2.138919808
60.7,2,4,4,135000,135,2025,1,0,44.5350076,26.1422276,6.372524996,3.37730369
59.7,2,4,4,135000,135,2025,1,0,44.5350076,26.1422276,6.372524996,3.37730369
169,4,2,6,575000,28,2024,1,0,44.515936,26.075699,4.216940643,0.284594374
36,2,10,10,67000,130,2017,0,-1,44.44338,26.1714,0.885953827,0.141465601
155,3,2,7,1190000,67,2021,1,0,44.47053279,26.10787804,1.133732707,0.206459304
93,4,1,2,195000,101,1939,0,0,44.4383452,26.11553283,1.049920227,0.043046836
210,5,0,6,1276000,67,2023,1,2,44.46415842,26.10104466,1.178824619,0.201492583
138,3,5,7,1320000,67,2021,1,0,44.47057335,26.10391936,0.997953932,0.064429722
260,4,0,6,685000,28,2024,1,0,44.515829,26.075763,4.214441513,0.28696696
53.2,2,0,4,127000,135,2024,1,0,44.5349162,26.1423357,6.365632822,3.377165385
94.3,3,8,11,521000,78,2024,1,0,44.4876546,26.0904343,1.224830553,0.329781053
54,2,2,4,150000,135,2020,1,0,44.512462,26.139149,3.959410918,2.330044317
51,2,4,5,160000,81,2019,1,1,44.44458163,26.1346937,0.42375194,0.155657926
38,2,0,7,59900,97,2017,1,2,44.44492172,25.98426367,1.678906887,0.613340713
66,3,5,5,132900,23,2020,1,0,44.36296986,26.15037973,0.849855287,0.226165774
52,2,0,10,84900,44,1964,0,-1,44.44492172,26.12799412,0.600402824,0.097161033
58.7,2,4,4,123080,160,2026,0,0,44.4117225,26.2059396,0.706312712,0.635588638
62,2,0,5,149000,23,2021,1,0,44.36568563,26.15282068,0.811536132,0.585002911
48,2,2,8,98000,131,1964,1,-1,44.4214834,26.1031228,0.757639268,0.100985325
86,4,1,7,130000,151,1986,1,-1,44.41421124,26.06553796,1.496854642,0.333736797
56,2,0,4,89000,156,2017,0,0,44.391425,26.0600342,3.22249603,0.018095569
38,2,4,4,42000,65,1971,0,0,44.39233429,26.08265934,1.728675593,0.064919088
40,2,0,4,59950,23,1979,1,-1,44.38111759,26.1079575,1.740197671,0.164157881
70,3,8,8,113000,49,1984,1,-1,44.4580641,26.0448731,0.728196802,0.257458038
38,2,2,4,63900,23,1976,0,0,44.38385785,26.09359622,2.061531339,0.181288909
66,3,0,7,92900,74,1968,0,0,44.441141,26.01494869,0.935282793,0.150547183
34,1,0,8,85990,74,1982,1,-1,44.4373494,26.0240367,0.421504184,0.085695963
66,3,0,7,92900,92,1968,0,0,44.43384975,26.03279117,0.103187482,0.096366283
50,2,1,7,60000,131,1924,0,0,44.41606485,26.09630694,0.679896507,0.301366104
50,2,4,4,115000,25,1977,1,0,44.3847564,26.0990657,1.746029382,0.199822832
53,2,0,7,97000,95,2019,0,-1,44.39325928,26.11751369,0.381651227,0.223270259
69,3,4,4,87500,111,1968,0,-1,44.37083119,26.1178697,1.698060724,0.090056259
42,2,4,8,124900,124,1962,1,-1,44.42842731,26.1018683,0.07714023,0.088368745
54,2,10,10,119999,111,1982,1,-1,44.39762703,26.10950599,0.12735951,0.026810947
37,2,1,4,80000,25,1974,0,-1,44.38791329,26.099314,1.431703431,0.403483001
50,2,0,7,76000,73,1977,1,-1,44.3860549,26.09417342,1.841372917,0.15755874
40.23,2,6,9,55000,70,1960,1,-1,44.43926468,26.10477168,0.410156995,0.228839168
48,1,8,8,130000,161,2022,1,-1,44.42722594,26.03343615,0.576368269,0.005335487
42,2,2,7,83000,10,2016,0,-1,44.39729367,26.11302716,0.351741506,0.216651673
61.78,3,10,10,120000,56,1963,1,-1,44.41798619,26.13609082,0.42981648,0.131997884
50,2,10,10,86499,59,1972,0,-1,44.42048788,26.01979878,0.057262307,0.064575207
37,2,0,10,82900,25,1980,1,-1,44.38239864,26.10667002,1.708055896,0.304663512
58,2,5,6,135000,23,2021,1,0,44.36427503,26.15677505,1.162839662,0.70975448
63,3,0,9,102999,151,1984,1,0,44.40773944,26.07232673,1.934759935,0.306483514
68,3,0,7,235000,49,2016,1,1,44.43901397,26.07042751,0.60831995,0.006610948
55,2,0,10,90000,151,1986,0,0,44.40892911,26.06943387,2.160683612,0.143646043
70,3,4,7,144900,74,1982,0,-1,44.43318722,26.01981362,0.157277625,0.096019316
38,2,3,7,71900,97,1977,1,-1,44.43169101,26.03178481,0.349051994,0.277605394
37,2,1,7,80000,25,1974,0,-1,44.38853519,26.097603,1.455237349,0.447366089
63,3,1,7,155000,177,2022,0,0,44.41293025,26.09611293,0.709461536,0.376299049
32,1,1,7,75000,97,1983,0,0,44.43294146,26.01950837,0.193415343,0.123635113
50,2,8,8,115000,74,1979,1,-1,44.42734888,26.02040437,0.630746974,0.244497264
57,2,0,7,135000,97,1980,1,0,44.43405927,26.02221583,0.068784797,0.053308226
52,2,1,10,80000,56,1965,1,0,44.41988108,26.14568931,0.532507935,0.212949565
127,4,10,10,199000,160,2026,1,0,44.41989095,26.20025347,1.436800047,0.615495758
54,2,2,4,150000,135,2020,1,0,44.513064,26.139714,4.03937573,2.367008266
38,2,7,10,74980,25,1975,1,0,44.43958422,26.10578822,0.478001531,0.236153793
52,2,2,4,93990,95,2016,0,-1,44.36238431,26.1142272,2.450525224,0.175805428
34,2,9,10,69999,23,1971,0,0,44.38455033,26.1256148,0.951500261,0.244561269
90.11,3,3,5,119835,160,2026,1,0,44.42169388,26.20092235,1.643499307,0.577793482
38,2,1,4,79989,25,1975,0,0,44.38048915,26.10377693,2.020998636,0.359727262
67,3,5,10,159000,174,1969,0,2,44.43850808,26.13697727,0.409535327,0.092645022
89,4,0,4,260000,179,1987,0,-1,44.41630198,26.12942994,0.500100443,0.155174082
57.22,2,2,10,118500,97,2025,1,0,44.4315068,25.9974867,0.532320771,0.254041706
55.1,2,2,10,122500,97,2025,1,0,44.4315068,25.9974867,0.532320771,0.254041706
81.1,3,10,10,150000,97,2025,1,0,44.4314202,25.99771855,0.522089701,0.260342119
38,2,2,4,64000,119,1978,0,0,44.37988075,26.09880735,2.249602738,0.037259016
28,1,8,11,100000,36,1981,0,2,44.45133466,26.0740952,0.499907944,0.154316851
50,2,1,10,179000,186,1984,0,2,44.45133466,26.11002781,0.376789113,0.223441305
65,3,9,9,122000,130,1978,0,2,44.44492172,26.14596042,1.112180675,0.233351324
44,2,4,8,125000,150,1963,1,0,44.44039786,26.09486834,0.636765604,0.099654821
74,2,0,2,230000,68,1934,0,2,44.43850808,26.11901096,1.151395589,0.059317037
51.64,2,3,5,73554,160,2026,1,0,44.4217021,26.20098197,1.645927058,0.582122678
77,3,4,7,189000,158,1978,0,2,44.45774689,26.11002781,0.648842621,0.111627457
78,4,7,10,175000,158,1978,0,2,44.46415842,26.12799412,1.611729747,0.081976785
56.6,2,1,10,130000,97,2025,1,0,44.43151214,25.99781534,0.510028045,0.251852708
63,3,4,4,95000,5,1969,0,-1,44.39573953,26.11569802,0.609418827,0.057822257
57.1,2,1,7,118500,97,2025,1,0,44.4317573,25.99807299,0.478080346,0.225302445
75,3,3,4,255000,168,2001,0,1,44.44847726,26.10595835,0.47888198,0.114294868
97,4,0,11,365000,92,2018,1,0,44.43261536,26.03734016,0.358958135,0.194298538
53.2,2,10,10,100000,97,2025,1,0,44.4314202,25.99771855,0.522089701,0.260342119
37,2,0,4,59500,25,1972,0,0,44.38101431,26.10420956,1.956029214,0.426986318
53,2,2,7,94500,10,2012,0,0,44.37705076,26.133862,0.306764726,0.167799267
52.2,2,10,10,105000,97,2025,1,0,44.4314202,25.99771855,0.522089701,0.260342119
75,4,1,4,160000,49,1982,0,2,44.45569,26.04671,0.435680343,0.301631209
75,3,1,4,160000,49,1982,0,2,44.4571574,26.0450789,0.627487025,0.198880152
65.85,3,0,3,122314,160,2025,1,0,44.41406562,26.20329774,1.01384335,0.864580301
38,2,2,4,72500,23,2017,0,-1,44.38015597,26.09794048,2.247351709,0.110514989
84.8,3,2,7,123250,160,2025,1,0,44.41256444,26.18925953,0.660561498,0.472748437
85.77,3,1,3,118755,160,2025,1,0,44.41484882,26.20157266,0.98830255,0.896192511
63.75,2,1,3,93438,160,2026,1,0,44.4164012,26.20686005,1.204956,0.878519332
44,1,1,3,70500,160,2025,1,0,44.41661532,26.19989364,1.088841815,0.758067862
80,3,3,5,154977,160,2024,1,0,44.41219998,26.19659511,0.534035029,0.578162399
71.31,3,0,3,147520,160,2025,1,0,44.41406562,26.20329774,1.01384335,0.864580301
37,2,0,4,69950,25,1973,0,0,44.38415737,26.09136682,2.146674883,0.198664549
50,2,0,3,82990,73,2024,0,0,44.37706073,26.09658154,2.606494567,0.158250708
52,2,3,7,89950,5,1966,0,-1,44.38753489,26.11798914,0.692240189,0.118731902
28,1,5,8,47450,73,1963,1,0,44.3951289,26.0938158,1.057079094,0.228425044
55,2,-1,7,68000,111,2016,0,0,44.39296669,26.12665439,0.346225467,0.163244676
32,1,2,3,46950,73,2016,0,0,44.3756452,26.0938775,2.837306234,0.233593867
53,2,2,4,72900,73,1961,0,0,44.3805658,26.0911896,2.470245812,0.215893698
50,2,1,7,114999,160,2021,0,-1,44.41029991,26.18549718,0.740939286,0.20042579
69,3,7,10,109999,145,1974,1,0,44.4011087,26.0514302,2.590276082,0.094347699
38,2,7,10,74950,25,1975,1,0,44.38270441,26.10377312,1.831466106,0.279257813
45,2,4,7,71900,119,1975,1,0,44.39117728,26.09751249,1.245370924,0.354978123
42,2,2,7,81995,95,2016,0,1,44.37257682,26.12879638,0.938712726,0.131372929
67,3,3,4,104950,5,1969,0,0,44.37911651,26.11627507,1.518538347,0.160084692
57,2,6,10,109990,107,1976,1,0,44.42022933,26.15578682,0.764400132,0.47033416
40,1,2,7,73950,95,2022,0,-1,44.3688079,26.1214413,1.631919961,0.210385707
32,1,2,3,46900,73,2016,0,0,44.3756452,26.0938775,2.837306234,0.233593867
41,1,1,4,87950,111,1986,0,0,44.3926772,26.1159995,0.501262901,0.359609778
31,1,0,7,65450,179,1980,0,-1,44.4119272,26.1358088,0.674273438,0.073457369
42.4,2,2,4,99700,59,1961,0,0,44.42567869,26.05612889,0.091054137,0.092830991
119.8,4,0,9,690000,67,2023,0,0,44.47557586,26.11428208,0.597692335,0.249596678
67.61,3,0,10,123000,25,1972,1,0,44.38479359,26.10548719,1.576009205,0.311058032
138,2,5,5,155158,160,2024,1,0,44.4122457,26.19432532,0.50153106,0.516382242
65.56,3,2,10,150000,23,1985,1,0,44.38075364,26.13697727,0.181762798,0.186483444
33.79,1,1,4,83500,56,1982,0,0,44.41284648,26.14596042,1.066320156,0.261883329
79,4,4,8,160000,10,1984,0,-1,44.38341715,26.1364068,0.433448081,0.350708088
50,2,9,10,117990,59,1974,0,-1,44.41815715,26.02257891,0.221692539,0.169061037
50,2,3,7,153000,135,2023,0,0,44.48937309,26.11814038,0.973613207,0.353858974
54,2,8,10,159000,114,2004,1,0,44.42567869,26.12799412,1.024430948,0.052062934
50,2,10,10,165000,20,2021,1,-1,44.43850808,26.16392673,0.552047417,0.27782225
43.48,2,5,7,86000,81,1965,1,0,44.43850808,26.13697727,0.409535327,0.092645022
50.5,2,0,4,107000,160,2020,0,0,44.41284648,26.19087619,0.623350454,0.520942912
51.2,2,6,8,110000,107,1976,1,0,44.41284648,26.15494357,0.515901916,0.183643773
49,2,2,4,97000,0,1979,0,0,44.41284648,26.17290988,0.35611333,0.164145471
64.5,3,1,5,93900,23,2025,1,0,44.36977254,26.11302349,2.084832841,0.214407458
80,3,4,7,229000,28,1983,1,2,44.48979748,26.12799412,1.356496287,0.871255738
53.2,2,2,5,76700,23,2025,1,0,44.37805196,26.10777477,2.018552635,0.193884905
52.3,2,3,5,75600,23,2025,1,0,44.3733264,26.11206243,1.979112304,0.306047317
77,3,6,8,278000,169,1992,1,0,44.432039,26.092276,0.207659235,0.159081936
51,2,5,5,73500,23,2025,1,0,44.36887191,26.11431546,2.054510688,0.087181934
98.17,3,9,11,124000,160,2025,1,0,44.41559793,26.19922314,0.963807595,0.786554156
24,1,3,7,46000,25,1974,1,0,44.38919278,26.11466329,0.736264096,0.214382087
64.84,2,1,3,89000,160,2026,1,0,44.4195469,26.20576092,1.562684787,1.019634024
37.5,1,1,11,61400,160,2026,1,0,44.41625779,26.19604969,0.959829776,0.564280869
114.81,3,0,7,130000,160,2025,1,0,44.41128368,26.19494201,0.399788926,0.43748896
52,2,2,4,95000,95,2016,0,0,44.36375961,26.11564201,2.300508503,0.130299929
257.7,4,4,4,251000,164,2025,1,0,44.41635129,26.19421161,0.957790031,0.485253808
37,2,2,4,67900,25,1972,1,0,44.37643212,26.10199756,2.444182029,0.119644637
243,5,4,5,1200000,78,2009,1,0,44.48849408,26.08315532,1.708621894,0.061169213
86.29,3,2,3,144504,160,2026,1,0,44.41152216,26.20045208,0.65650428,0.516375885
70,2,12,24,125000,53,2009,1,0,44.45280675,26.14359827,1.560078844,0.140488461
50,2,1,10,125000,59,1972,1,0,44.41254381,26.01763302,0.581028161,0.054754288
47,2,6,8,85000,81,1965,1,0,44.43850808,26.13697727,0.409535327,0.092645022
40.79,2,3,7,105000,107,1976,1,0,44.40642932,26.16392673,0.814182608,0.121958324
84,3,6,8,247000,106,1995,0,1,44.421251,26.113331,0.507947391,0.150558937
40,2,5,6,75000,145,2018,0,0,44.40432181,26.06682191,2.337822587,0.099463803
237.45,3,0,11,244900,160,2026,1,0,44.41805569,26.20093159,1.268853087,0.758827829
30,1,9,9,56000,25,1975,0,0,44.38757921,26.10664711,1.255157934,0.158825668
24,1,9,10,45000,25,1978,0,0,44.39122853,26.11849235,0.357573515,0.314092501
34,2,1,10,77000,25,2017,0,-1,44.38595355,26.1107246,1.204203274,0.156824584
30,1,9,10,53000,25,1975,0,0,44.3855115,26.10495246,1.506260526,0.284270037
23,1,4,4,44500,23,2015,0,1,44.36837129,26.11509146,2.038183377,0.067811189
80,3,3,3,109990,95,2017,0,0,44.37127404,26.11983291,1.542778363,0.237443899
30.47,1,1,10,68200,110,1978,1,2,44.44492172,26.12799412,0.600402824,0.097161033
83.63,3,1,3,117081,160,2026,1,0,44.41095128,26.20115082,0.66379851,0.478577896
31,1,0,4,62999,95,2020,0,0,44.36405874,26.11199935,2.536427877,0.094268407
140,3,3,3,990000,13,2008,0,-1,44.4614577,26.08264694,0.601550562,0.203989807
60,3,4,8,124900,110,1965,1,2,44.45133466,26.11901096,0.434578042,0.083906461
48,2,3,8,155000,176,1928,1,1,44.43879373,26.09704612,0.559473692,0.076934614
48.59,2,7,10,145000,10,2020,1,-1,44.38075364,26.12799412,0.600369507,0.118698968
70,3,1,4,169800,10,2021,0,2,44.3822685,26.1491983,1.138524922,0.302474577
49,2,7,7,123000,92,1986,1,-1,44.43209374,26.02917943,0.448386739,0.249514537
81.4,3,4,5,220000,20,2010,0,-1,44.43943598,26.16606187,0.512560477,0.246026011
103,3,7,10,550000,78,2023,0,1,44.48069862,26.08665694,1.093078854,0.504915663
52.85,2,9,9,167000,178,2016,0,-1,44.43200831,26.031383,0.333998766,0.23848754
90,4,0,4,299999,155,2020,0,-1,44.4962289,26.0024376,1.922608321,0.942373012
37,2,2,4,67900,25,1974,0,-1,44.37949844,26.10173351,2.214970712,0.208005557
41,1,3,4,109800,180,1992,0,0,44.42128392,26.12450528,1.021749879,0.164038249
60,2,7,7,204900,169,1990,1,0,44.43063982,26.10813847,0.632468211,0.124367877
65,2,5,7,245000,169,1997,1,0,44.42591251,26.12375851,1.316826737,0.022915211
40,1,4,4,104500,52,1990,0,0,44.42710012,26.13272791,0.751057465,0.139781648
79,3,2,8,298000,2,1984,1,0,44.42277,26.07432,1.201662602,0.105364941
40,2,2,8,134000,120,1960,1,-1,44.44496388,26.09635042,0.133866311,0.113954316
50,2,1,3,60000,131,1930,0,-1,44.41926294,26.10104466,0.577590302,0.27543269
54,2,1,10,107000,27,1967,0,1,44.48839279,26.03540195,0.259458176,0.11307391
70,2,3,4,125000,164,2019,1,0,44.41650262,26.18715905,1.120025694,0.529558498
89,4,6,10,175000,111,1982,1,0,44.391314,26.13464892,0.998075761,0.308399647
69,3,7,10,109999,145,1974,1,0,44.40408028,26.04927191,2.225954581,0.209396968
55.8,2,1,6,95000,95,2025,1,0,44.36419744,26.11773268,2.127428263,0.044612659
80,3,1,6,128000,95,2025,1,0,44.36331124,26.11640915,2.254789288,0.114059314
41,1,9,11,139000,146,2015,1,0,44.44726171,26.04339688,0.341713858,0.30633544
190.8,4,11,16,320000,96,2022,1,0,44.41657273,26.12450508,0.549006186,0.35531015
38,2,9,10,74500,25,1972,1,-1,44.38302943,26.10994155,1.476413371,0.181423053
86,4,0,8,180000,10,1988,1,0,44.38075364,26.13697727,0.181762798,0.186483444
60,2,16,24,122000,44,2009,1,0,44.45133466,26.14596042,1.541519005,0.039579801
140,3,0,7,224000,49,2022,0,0,44.45450268,26.04218601,0.529913806,0.197454859
39,1,1,10,77000,158,1984,0,2,44.45774689,26.11901096,0.959140324,0.434274836
36.11,2,8,10,71999,158,1976,1,0,44.46415842,26.11901096,1.633264885,0.282164206
46.3,2,4,4,118500,112,2021,0,-1,44.41540778,26.19371809,0.853403183,0.573313337
77,2,1,5,235000,29,2016,1,-1,44.43155044,26.11466293,1.058797813,0.172869516
64.25,3,0,10,179000,174,1976,1,0,44.43209374,26.13697727,0.123657221,0.043248178
52,2,1,4,154800,49,2025,0,0,44.46123278,26.04225127,1.131194658,0.153841698
50,2,4,10,124500,50,1974,1,-1,44.4277165,26.1489458,0.988982743,0.230494241
57,2,2,7,124500,97,1978,0,0,44.43433837,26.0146434,0.533273402,0.118729219
107,4,4,7,209900,144,2017,0,-1,44.4330968,25.99924258,0.329498224,0.134227306
77,4,3,7,119999,23,1977,0,1,44.3893933,26.1140566,0.764704862,0.267492738
52,2,1,7,64048,97,2026,1,0,44.44048329,25.9872958,1.142430578,0.221988156
54.5,2,4,9,90000,128,1966,0,0,44.48312805,26.05734431,1.310710069,0.166569624
54,2,1,6,120000,95,2022,1,2,44.3685354,26.1211894,1.667775777,0.18172765
54,2,0,10,108000,164,1978,1,0,44.41284648,26.16392673,0.216444781,0.061722196
53.17,2,3,7,195200,135,2025,1,-1,44.477179,26.1179065,0.402741713,0.100371202
29,1,-1,3,41499,97,2025,1,0,44.44354083,25.98383374,1.542374244,0.465663134
83,4,0,7,154990,74,1983,0,-1,44.431046,26.018609,0.401475261,0.049946745
48,2,4,8,79900,145,1982,0,0,44.41195544,26.06241114,1.642496592,0.161682363
38,2,3,4,39000,65,1972,0,-1,44.43444045,26.1051091,0.243710845,0.157005407
279.35,5,1,2,650000,47,1942,0,-1,44.4294234,26.0715128,0.701887067,0.358883205
83,4,7,7,135000,130,1975,0,0,44.44568474,26.15262654,1.636840533,0.247690381
85,3,10,10,120000,50,1979,1,0,44.43252851,26.14129404,0.227138499,0.199477802
85,3,2,7,268500,114,1992,0,-1,44.42720317,26.11986149,1.278381513,0.140064434
112,3,2,6,650001,142,2009,1,0,44.46773949,26.0869182,0.182004579,0.272070379
36,1,5,10,85000,56,1980,1,0,44.42230006,26.13733607,0.197544117,0.265015168
38,2,0,4,58500,23,1977,1,0,44.37433296,26.10104466,2.671305312,0.361441282
51,2,3,7,77449,97,2026,1,0,44.4447654,25.98374784,1.673974806,0.601011796
74,3,0,7,239000,59,2020,1,0,44.415838,26.035793,0.716962878,0.15451244
50,3,5,10,95000,159,1976,1,-1,44.4634099,26.12689,1.514934106,0.087069653
27,1,2,7,32500,97,1986,0,0,44.43297375,25.976447,1.117337872,0.289294233
100,4,2,2,230000,51,1936,0,1,44.445702,26.118914,0.62594333,0.206373097
60,3,7,8,130000,174,1961,1,2,44.4362943,26.1388873,0.424879613,0.153027037
54,2,4,7,100000,130,1989,0,0,44.44898253,26.1459778,1.357614087,0.09827726
84,3,9,12,245000,114,1990,1,0,44.43543516,26.10597457,0.258531436,0.1148637
77,3,2,3,220000,135,2016,0,0,44.49578447,26.12718197,1.876273704,1.359682665
50.94,2,2,11,106300,0,2026,1,0,44.42128436,26.18193898,1.330012273,0.140146212
53,2,7,7,162990,114,2017,1,-1,44.42042742,26.13401486,0.42090437,0.21554297
38,1,1,8,100000,25,1988,0,2,44.39359289,26.11002781,0.576341886,0.175676108
72,2,0,1,249000,176,1911,0,-1,44.4485269,26.0843481,0.382088856,0.171522695
77,3,2,5,245000,28,2009,1,-1,44.514043,26.10255,3.873738489,0.185818223
156,3,4,4,241524,160,2026,1,0,44.41149065,26.20030254,0.645159749,0.509486731
124,4,3,4,215000,31,1940,0,2,44.4419771,26.0942338,0.50007994,0.194819837
97,4,5,10,190000,130,1984,1,0,44.4404912,26.15162812,1.374603787,0.116257107
36,2,0,4,60990,119,1977,0,-1,44.38383982,26.10497152,1.687867226,0.284930908
64,2,13,13,295000,114,1990,1,0,44.42541771,26.12917154,0.928999214,0.149745005
58,2,2,7,89850,23,2025,1,0,44.36791158,26.11002781,2.396615134,0.343015896
71,3,5,6,109500,23,2017,1,0,44.36791158,26.11002781,2.396615134,0.343015896
60,3,7,7,129900,174,1961,1,2,44.4362943,26.1388873,0.424879613,0.153027037
46,2,0,7,92790,59,1964,0,0,44.4195093,26.0391313,0.5012048,0.251775997
110,5,0,2,180000,29,1945,0,0,44.43420963,26.12164413,1.178491398,0.140740566
47,2,0,8,125000,18,1960,0,-1,44.45435845,26.11732471,0.73034566,0.24680252
60,3,2,10,149000,92,1978,0,-1,44.4322293,26.02043126,0.218335791,0.159343654
43,2,5,10,85990,81,1963,0,-1,44.44025433,26.13923027,0.492124285,0.212212824
67,3,2,10,125000,81,1977,1,0,44.45020969,26.13920345,1.138401989,0.221835474
33,1,4,4,61990,20,1980,0,0,44.43102909,26.15558894,0.874313494,0.255902941
47.05,2,8,8,95000,20,1968,1,0,44.43209374,26.16392673,0.584051001,0.296032692
98.1,3,5,5,240000,160,2017,1,0,44.40642932,26.18189303,0.66052369,0.33477471
28,1,5,10,56000,164,1968,1,0,44.41926294,26.16392673,0.647646536,0.146887934
96,3,1,8,220000,110,2023,0,-1,44.44881652,26.14607548,1.351429704,0.086898779
143,4,4,5,190000,23,2023,1,-1,44.36784995,26.11552628,2.047435152,0.098247824
51,2,9,10,88000,59,1971,0,-1,44.42289506,26.03041442,0.250837457,0.059462461
68,3,1,4,117500,25,1969,0,0,44.38373745,26.10869207,1.489017226,0.14248536
52,2,7,8,85000,186,1961,1,2,44.45272819,26.10467012,0.0847279,0.062097242
74,3,1,7,245000,14,1987,0,0,44.48115852,26.09656591,0.368051464,0.273108254
53.87,2,10,10,89000,164,1981,0,0,44.43209374,26.15494357,0.998526542,0.204590335
28,1,6,10,69999,56,1970,1,0,44.4215559,26.1394879,0.050905276,0.213681541
71,3,1,11,245000,135,2018,1,-1,44.4771736,26.12257,0.612114917,0.139652296
88.55,3,10,11,175000,0,2025,1,0,44.42032739,26.2002199,1.481658981,0.586719885
27,1,8,8,65000,49,1986,0,-1,44.45800774,26.04420115,0.74067422,0.221959617
41,1,4,4,129000,14,1988,0,0,44.48364073,26.08682265,1.177048603,0.426669768
44,2,0,11,102000,160,2018,1,-1,44.412585,26.19824,0.631033639,0.609687625
95,3,0,4,167000,95,2011,0,2,44.367522,26.1208651,1.769179592,0.095450546
76,3,6,8,247000,36,1995,1,2,44.41926294,26.11002781,0.390787329,0.100774543
46,2,8,8,165000,14,2025,1,1,44.47724,26.11745,0.388482033,0.075206827
22,1,4,7,53999,159,1977,0,0,44.46423218,26.12711361,1.60798059,0.07590877
75,3,2,3,245000,34,1933,0,1,44.45517584,26.09400648,0.848511557,0.270267802
32,1,0,7,48890,97,2026,1,0,44.44493194,25.98370488,1.692667541,0.619835381
35,1,2,11,104000,160,2022,0,2,44.40642932,26.20884249,0.095922493,0.252483603
55,2,0,4,165000,28,2019,0,0,44.5122444,26.139201,3.939706626,2.337348022
82,3,4,6,270000,24,2017,0,-1,44.43174241,26.09880002,0.436867053,0.196106429
65,3,4,7,130000,59,1976,1,0,44.41771953,26.01881474,0.266186885,0.183971103
123.76,4,9,20,1499999,67,2021,1,-1,44.46490849,26.08584703,0.14476825,0.123639681
57,2,6,7,109990,107,1976,1,0,44.41523793,26.15786213,0.337813884,0.184366406
190,4,8,9,1399999,78,2022,0,-1,44.47745358,26.09547705,0.424674998,0.313729353
100,4,4,4,139800,97,1965,0,0,44.43509346,26.01130349,0.655762092,0.110413768
68,3,4,4,118000,59,1976,0,0,44.42257664,26.0134236,0.163252905,0.127218438
48,2,5,10,89000,44,1980,1,0,44.46415842,26.13697727,1.882674653,0.165442452
126,3,0,10,589999,11,2010,1,0,44.4638885,26.0739133,1.025892326,0.21910136
42,2,2,7,64990,97,2026,1,0,44.44361676,25.98400555,1.546088105,0.471661386
74,3,2,8,245000,169,1990,0,2,44.42567869,26.11901096,1.096045109,0.04305964
64.21,2,4,4,169000,58,1960,0,-1,44.41926294,26.05612889,0.775783876,0.268147738
28,1,1,10,51000,157,1974,1,2,44.41284648,26.16392673,0.216444781,0.061722196
55,2,7,9,285000,78,2019,1,0,44.47987517,26.09579578,0.363361697,0.239945546
99.21,3,6,7,550000,11,2002,1,0,44.46924874,26.07198373,1.19904179,0.204445568
100.24,3,6,7,550000,11,2002,1,0,44.46666246,26.07085061,1.185468052,0.287367509
34,1,8,8,108000,163,1980,1,-1,44.40702904,26.11402696,1.002678932,0.22861754
36,1,0,7,123999,92,2021,1,1,44.43160708,26.03226476,0.343101776,0.295805786
68,2,3,4,139999,95,2018,1,1,44.37476964,26.12462723,1.008169264,0.279058096
72.99,2,3,3,131668,160,2026,1,-1,44.41870129,26.1989706,1.278782028,0.588040917
54,2,10,10,120000,25,1982,1,-1,44.39478647,26.11659057,0.497445986,0.184894988
54,2,8,10,114800,179,1984,0,-1,44.41551617,26.13197386,0.532793901,0.069803191
62,3,2,4,119990,0,1975,0,-1,44.40259551,26.17611932,0.851281328,0.812219441
37,2,1,7,67000,10,1974,1,2,44.38075364,26.12799412,0.600369507,0.118698968
65,3,4,4,127000,25,1975,1,2,44.38717362,26.11002781,1.167225135,0.036309977
69,3,4,4,114000,23,1967,0,2,44.37433296,26.11901096,1.425604305,0.220047621
52,2,2,7,179900,78,2008,0,0,44.48979748,26.0920615,1.349949152,0.421457737
44.49,2,1,3,71000,160,2026,1,0,44.4151476,26.2017484,1.023293244,0.931990153
28,1,10,10,68900,56,1970,1,0,44.4215559,26.1394879,0.050905276,0.213681541
55,2,7,8,120000,96,1964,0,-1,44.43758422,26.13777849,0.526345295,0.077280468
120.55,3,4,7,159750,160,2026,1,0,44.41046799,26.20293958,0.692581189,0.508797155
75.3,3,3,4,141450,160,2026,1,1,44.41017348,26.20389142,0.62078324,0.472578202
78,3,11,11,317000,92,2018,0,2,44.43209374,26.03816259,0.44598185,0.278047259
36,1,1,6,53390,95,2026,1,0,44.36842016,26.11532431,2.020233352,0.086808823
70,3,8,10,99900,164,1964,0,-1,44.41828916,26.14571341,0.605338505,0.035945177
90,3,1,3,179927,160,2026,1,1,44.40901605,26.19622893,0.220407806,0.227081174
54,2,0,2,97990,10,2010,0,0,44.37202559,26.14297056,0.34985759,0.168143524
54,2,7,9,89980,5,1965,0,-1,44.38618485,26.11742472,0.845634347,0.132639675
42,2,2,7,81990,95,2016,0,1,44.3689901,26.1339998,0.768545391,0.208854856
56,2,9,10,107499,0,1979,0,-1,44.40812079,26.17310776,0.303279749,0.322585485
31,1,9,10,59999,164,1968,1,0,44.4196044,26.1698008,0.825544535,0.283890775
72,3,1,12,275000,92,2018,0,2,44.43209374,26.02917943,0.448386739,0.249514537
67.57,3,2,8,132000,10,1983,1,0,44.38175082,26.13430775,0.254697371,0.18465867
49.1,2,2,6,68740,25,2026,1,0,44.36165699,26.11056454,2.752596291,0.307512669
75,2,3,10,226000,14,2011,1,2,44.47841,26.11565,0.264471251,0.128800975
70,3,8,8,139900,107,1983,0,-1,44.4121196,26.1470077,1.151352255,0.145959394
86,4,5,5,186000,148,1940,0,2,44.44492172,26.0920615,0.448599763,0.093091651
51,2,1,7,78500,23,2026,0,0,44.3597549,26.1528286,1.252461438,0.19930254
83,4,2,10,207900,132,1981,1,2,44.45774689,26.11002781,0.648842621,0.111627457
53,2,7,8,75000,73,1967,1,-1,44.39317687,26.09536198,1.253060155,0.115041456
41.4,1,1,3,57439,140,2025,0,0,44.39789838,26.08326714,1.264354261,0.05622245
56,2,11,11,165000,92,2010,1,0,44.43283886,26.04023438,0.552225696,0.235433551
64,2,4,4,124000,183,1987,0,0,44.40129173,26.1166623,0.665953661,0.386436506
44,2,0,7,95600,25,2024,1,0,44.3716096,26.10977511,2.219448734,0.398217478
76,3,8,8,145000,25,1987,0,-1,44.39487584,26.11074129,0.448547,0.325538018
51,2,2,11,93000,25,1976,0,-1,44.38706196,26.10962685,1.20068511,0.020348367
71,3,1,6,121600,23,2025,1,0,44.3673301,26.11476763,2.13075793,0.090991465
31.87,1,-1,5,53000,145,2026,1,0,44.38774296,26.05524444,3.751753812,0.314126717
57,2,2,6,82500,25,2026,1,0,44.36762832,26.11975505,1.819240056,0.037797497
71,3,2,6,100500,25,2026,1,0,44.37129059,26.11721784,1.712693338,0.129837408
40,1,1,6,67500,10,2026,1,0,44.37313004,26.12968445,0.848669048,0.085437162
53,2,4,6,75500,25,2026,1,0,44.37054549,26.11759105,1.734478028,0.051648469
45.21,2,2,9,118000,59,1964,1,0,44.42429,26.02759,0.180197559,0.22177251
69,2,3,6,111900,10,2025,1,0,44.36467238,26.11776759,2.112301307,0.072382162
59,2,1,6,103000,10,2026,1,0,44.37309527,26.13020202,0.830853803,0.064848471
111.59,3,2,7,650000,142,2009,1,0,44.46996478,26.09237802,0.634326413,0.473218873
48.04,2,10,10,69000,44,1968,1,0,44.4579708,26.1301523,1.014226732,0.104472897
67,3,0,4,155000,56,1986,0,0,44.41375713,26.14577158,0.971952803,0.349895737
68,3,2,3,120000,69,2017,1,0,44.46180548,26.15881045,3.042201883,0.031724162
42.4,1,1,3,72636,140,2025,0,0,44.38811155,26.07394258,2.540058062,0.388101783
120.55,3,4,4,159750,160,2025,1,0,44.41520712,26.20613116,1.081171999,0.928761879
62.15,2,1,3,92900,160,2025,1,0,44.41443153,26.2047962,1.020924018,0.934799838
61.1,2,0,3,85899,160,2025,1,0,44.41523077,26.20233073,1.058647636,0.95478326
52,2,1,7,180000,83,2026,0,-1,44.48451538,26.04388015,0.322570728,0.124681707
75.55,3,1,3,116900,160,2025,1,0,44.41286638,26.20393803,0.880607469,0.766907738
61.3,2,1,7,86899,160,2025,1,0,44.41098277,26.20519233,0.648796636,0.550726358
36.8,1,1,12,89000,95,2022,1,0,44.36929056,26.1231123,1.503628291,0.080576365
70,3,4,7,144900,74,1982,0,-1,44.43277903,26.02194241,0.152116265,0.149349762
57,2,9,9,169000,92,2016,0,-1,44.43163698,26.030306,0.418288628,0.287164484
54,2,10,10,146990,144,2018,0,-1,44.43749023,25.9990983,0.502357773,0.42469514
55.43,2,10,10,125000,160,1979,1,0,44.41043461,26.16938502,0.487241808,0.211891924
47,2,1,6,135000,28,2009,1,0,44.50261279,26.05612889,2.12858235,0.058788594
38,2,0,4,64500,156,1972,0,-1,44.39043912,26.06732999,2.777613393,0.290209428
44,2,1,7,107000,163,1961,1,2,44.41696918,26.10528634,0.250479671,0.233891899
77,3,1,3,208170,25,2025,0,0,44.39581586,26.10659762,0.379693356,0.333023093
77,3,1,3,228000,25,2025,1,0,44.39088305,26.10302463,0.996741671,0.331626942
65,2,9,11,182500,92,2024,1,1,44.42887658,26.04104168,0.610319011,0.103691739
110,3,1,7,327000,96,2026,1,-1,44.40951249,26.1251424,0.332366725,0.172094645
65,2,2,5,165200,162,2025,1,0,44.41569784,26.11990551,0.530585347,0.34161123
65,2,1,5,165300,162,2025,1,0,44.41670528,26.11675676,0.269078069,0.230043322
81,2,4,4,165000,61,2014,1,0,44.48979748,26.06511205,2.085642089,0.132573114
56.19,2,5,8,170000,118,1995,0,0,44.43089923,26.13409433,0.387178241,0.237955681
56,3,3,10,68000,145,1974,0,-1,44.39444561,26.07009897,2.357999247,0.193599113
55.97,2,4,4,91239,0,2023,1,0,44.40035138,26.17267578,1.122316771,0.448709517
71,3,0,7,179000,102,2017,0,-1,44.46222321,26.1500955,2.47365923,0.255379502
25,1,0,7,56000,92,1980,0,0,44.43095217,26.03004239,0.491195455,0.366106992
75.3,3,3,7,400000,92,2023,1,1,44.42567869,26.03816259,0.404916479,0.32413736
56.5,2,1,7,93300,23,2025,1,0,44.36683799,26.11388318,2.219801468,0.143579331
53.2,2,3,5,76700,23,2025,1,0,44.36742044,26.10938126,2.469470538,0.400783699
65.1,3,2,5,93900,23,2025,1,0,44.37312717,26.10992739,2.146098432,0.392768334
37,2,4,4,55000,25,1971,0,-1,44.37601218,26.10699204,2.241595505,0.082035873
68,3,4,9,153900,165,1976,0,0,44.4520476,26.0770033,0.58004625,0.159472529
60,2,1,5,129999,141,2008,1,0,44.40965879,25.99841595,1.752086992,0.019199543
100,3,9,20,220000,23,2009,1,0,44.37177857,26.14200084,0.34447811,0.088477141
65,3,7,10,123000,81,1965,0,-1,44.43850808,26.13697727,0.409535327,0.092645022
54.4,2,0,5,116000,135,2026,0,0,44.49681144,26.12275243,1.857952264,1.183799028
183,5,3,3,385000,67,2017,0,-1,44.46179109,26.10233083,1.037667747,0.097139777
47,2,2,9,74000,10,1970,1,0,44.37854542,26.12602804,0.751553874,0.141552204
103,3,0,4,269000,27,2017,0,0,44.48749,26.029122,0.67973147,0.321449024
51,2,7,10,189000,96,2020,0,-1,44.41602134,26.12699485,0.440802892,0.231449194
53,2,0,7,99000,95,2017,1,-1,44.37200573,26.12668528,1.089845424,0.170069561
40,1,5,6,68500,10,2026,1,0,44.37433296,26.11002781,2.097310542,0.309801789
67.61,3,0,10,123000,25,1972,1,0,44.38125291,26.10718505,1.76990951,0.226381981
77,3,0,6,124500,10,2026,1,0,44.36791158,26.11901096,1.837699852,0.08863321
55,2,2,6,87500,23,2026,1,0,44.36791158,26.11901096,1.837699852,0.08863321
51,2,0,6,82000,23,2026,1,0,44.36791158,26.11901096,1.837699852,0.08863321
68.24,3,4,4,117000,143,1977,0,0,44.37828744,26.12955709,0.484225332,0.193910959
57,2,3,6,92500,25,2026,1,0,44.37433296,26.11002781,2.097310542,0.309801789
79,3,6,6,127500,25,2026,1,0,44.37433296,26.11002781,2.097310542,0.309801789
65,3,0,6,105000,10,2026,1,0,44.37433296,26.11002781,2.097310542,0.309801789
84,3,2,7,134000,25,2026,1,0,44.37433296,26.11002781,2.097310542,0.309801789
90,3,2,6,144500,23,2026,1,0,44.37433296,26.11002781,2.097310542,0.309801789
55,2,7,10,189000,96,2020,0,-1,44.40991173,26.12615534,0.2566365,0.260905778
80.9,3,2,2,470000,18,2022,0,0,44.46582558,26.10381705,1.378537187,0.066506026
63,2,1,6,101500,25,2025,1,0,44.37433296,26.11002781,2.097310542,0.309801789
59,2,1,6,95500,10,2026,1,0,44.36791158,26.11901096,1.837699852,0.08863321
60,2,1,5,130000,141,2008,1,0,44.40962842,25.99831939,1.759811912,0.011439554
72,3,10,10,145000,163,1976,1,0,44.41384451,26.10856718,0.325848044,0.225429307
37,2,4,7,55000,25,1971,0,0,44.37688663,26.10517869,2.244835844,0.101311386
68,2,3,4,139999,95,2018,1,1,44.37054095,26.11959866,1.607456187,0.187319142
53.25,2,10,10,120000,111,1982,1,0,44.39496632,26.11901926,0.343934363,0.09642517
51,2,1,6,215000,80,2025,1,2,44.51528,26.11234,3.861896684,0.185872476
104,4,2,6,166000,95,2026,1,0,44.37017806,26.12210666,1.485505255,0.090856581
50,2,4,4,118500,0,2021,1,0,44.41284648,26.19087619,0.623350454,0.520942912
76,3,6,6,122000,10,2026,1,0,44.36810365,26.12118113,1.703907154,0.147914841
29,1,0,4,60000,59,1978,0,0,44.42682732,26.02271574,0.471676907,0.053137756
52.05,2,2,12,182000,14,2026,1,0,44.48511684,26.1043742,0.738148422,0.376643298
38,2,5,10,57700,23,1976,0,-1,44.37433296,26.10104466,2.671305312,0.361441282
51,2,2,10,93000,25,1976,0,-1,44.3887198,26.10751973,1.120221799,0.19757236
66,3,4,7,123000,26,1982,0,-1,44.44449665,26.12866932,0.529391323,0.038923639
80,3,5,8,259900,124,1994,0,-1,44.42282893,26.11022222,0.72765941,0.115746672
49,2,0,7,89999,158,1982,1,1,44.46240686,26.13008345,1.465880309,0.140983005
41,2,0,3,100000,27,2013,0,0,44.48843652,26.0420561,0.403211451,0.349337692
67,3,1,4,139900,56,1970,0,-1,44.42023118,26.13696628,0.205543251,0.050041062
77,2,0,6,140000,155,2014,1,3,44.511671,26.021065,1.008522559,0.195627663
76,3,0,5,415999,126,2009,1,0,44.45099931,26.08631709,0.191999447,0.100378711
106,4,0,5,529999,126,2009,0,0,44.45098503,26.08612176,0.180296516,0.111644309
82,4,8,8,188400,163,1982,1,-1,44.40996496,26.12254736,0.445320098,0.089569858
65,2,9,11,114500,183,2008,0,-1,44.39357338,26.1453801,1.746498401,0.312698851
38,2,7,10,74990,25,1973,0,0,44.38339032,26.10782385,1.565772084,0.219339472
138,2,0,6,112400,23,2017,1,0,44.36148949,26.15494357,1.218969279,0.455132509
75,3,6,6,175000,44,2024,1,0,44.47749266,26.16362047,3.745230076,0.035046361
68,3,2,8,134900,10,1983,0,-1,44.38330837,26.1313139,0.524316773,0.117070775
37,2,7,7,110000,135,2024,1,0,44.49491825,26.12487422,1.712654781,1.167585559
53,2,6,6,119999,44,2024,1,0,44.47676824,26.16225163,3.645894754,0.14578544
198,5,3,3,520000,78,2018,0,2,44.47697936,26.0920615,0.694601144,0.290405778
70,3,8,10,99900,56,1965,0,0,44.41825704,26.14451473,0.528760307,0.09969319
150,4,2,3,520000,78,2018,0,2,44.47697936,26.0920615,0.694601144,0.290405778
53,2,5,10,89000,44,1978,1,0,44.46419478,26.13573549,1.834622544,0.074275989
42,2,2,4,83000,10,2016,1,0,44.37312211,26.13859639,0.617197978,0.236889623
135,3,10,11,740000,14,2020,1,0,44.47863645,26.10181004,0.135750644,0.074431483
58,2,8,11,228162,18,2020,1,0,44.48215064,26.11629552,0.165189347,0.167596889
72,3,5,5,149000,170,1950,1,1,44.43850808,26.0920615,0.643173316,0.220435689
58,2,8,8,192000,56,2019,0,-1,44.41572766,26.14046574,0.609902998,0.391687069
74,3,4,10,121001,145,1980,1,0,44.40099948,26.06360576,2.621961924,0.154157794
60,2,3,9,141900,164,1977,1,0,44.43209374,26.16392673,0.584051001,0.296032692
53,2,0,5,99000,95,2017,1,-1,44.36992188,26.12185321,1.519883234,0.125643612
67,3,3,7,139000,159,1983,0,2,44.45774689,26.12799412,0.92198757,0.047057692
77,3,9,10,131000,26,1969,0,-1,44.44092009,26.12583145,0.577612919,0.248876893
43,1,3,7,110000,59,2017,1,-1,44.42741954,26.02249146,0.537301237,0.112668668
70,3,7,8,110000,130,1985,0,0,44.44526331,26.14468055,1.036802205,0.163006031
98,2,0,6,84600,23,2017,1,0,44.36148949,26.15494357,1.218969279,0.455132509
45,2,4,7,122000,63,1965,1,-1,44.40379858,26.09292601,0.274561449,0.289644781
65,3,2,8,139000,23,1981,0,2,44.3901,26.12932,0.641516122,0.209402049
55,2,1,11,200000,20,2021,1,0,44.44094176,26.16583762,0.667983138,0.132047265
72.19,2,2,7,152500,135,2027,1,0,44.48979748,26.13697727,1.906085943,1.018144763
118,3,0,4,295000,135,2026,1,0,44.51542529,26.11901096,3.867679248,0.714857636
68,3,0,4,121500,59,1973,0,-1,44.4214396,26.01480961,0.105267299,0.019927789
75,3,0,1,249000,36,1911,0,1,44.44492172,26.08307835,0.724005837,0.078686196
67,3,0,4,92960,23,2025,1,0,44.36806099,26.11636758,1.981109859,0.161516049
36,1,1,6,53390,95,2026,1,0,44.36920893,26.11508219,1.983135404,0.138034572
80,4,4,7,140000,172,1974,0,0,44.43142432,26.10287712,0.395175623,0.132011298
94.6,4,6,9,184900,10,2025,1,0,44.3733512,26.1299941,0.814784617,0.050736214
65.31,3,0,4,125000,57,1975,0,0,44.38301253,26.10052018,1.875706413,0.202029011
67,3,2,4,127400,156,1987,0,-1,44.41033883,26.07756834,1.620915675,0.095788227
72.99,2,3,3,131668,160,2026,1,-1,44.41647592,26.19870755,1.038028616,0.691515409
67.35,3,0,3,152892,160,2026,1,0,44.42100086,26.20917199,1.711102136,0.777413212
108.1,4,1,3,199768,160,2026,1,-1,44.41882062,26.19780727,1.266874989,0.496615496
50.46,2,0,3,106323,160,2026,1,-1,44.41529732,26.20075165,0.992477098,0.900158888
87,3,1,5,280000,135,2024,1,0,44.4926635,26.12647624,1.544293982,1.081942316
88.2,3,5,6,199500,160,2020,1,1,44.4174503,26.19626083,1.093412122,0.474072794
102,3,7,9,306000,2,2026,1,0,44.42023929,26.07713953,1.555167748,0.078618426
59,2,0,4,104000,141,2017,0,-1,44.39730013,26.01511917,2.187835967,0.883001312
68,3,6,10,120000,59,1974,0,-1,44.41299228,26.02202844,0.360596763,0.04834664
62.36,3,3,4,118900,23,1968,0,0,44.37374032,26.11670669,1.619734751,0.324559313
39,1,7,7,84900,114,1993,1,-1,44.43161788,26.13064504,0.625965743,0.084371484
65.21,2,2,5,86777,160,2027,1,3,44.42306455,26.20104422,1.744952802,0.56695679
49,2,3,10,99000,83,1967,0,-1,44.48333719,26.03838632,0.211690946,0.20770333
84,3,6,7,253500,2,2026,1,0,44.42022396,26.07728974,1.565164065,0.088642989
85,3,6,7,256500,2,2026,1,0,44.42025376,26.07702152,1.547152921,0.071329929
39,1,7,7,84900,29,1993,1,-1,44.43163138,26.13074027,0.618263185,0.091489574
79,3,2,5,127120,164,2025,1,0,44.41396417,26.19251175,0.703833128,0.680547204
61,2,2,6,98000,23,2026,1,0,44.36688505,26.11456047,2.175252256,0.134946566
100,3,4,6,110000,36,1928,0,2,44.42567869,26.10104466,0.273391255,0.142179207
45.95,2,4,10,125000,55,1960,0,-1,44.45165342,26.09436395,0.700520833,0.122457675
87,4,7,10,229000,26,1982,1,0,44.44492172,26.12799412,0.600402824,0.097161033
38,1,3,4,79000,23,1981,0,-1,44.38528966,26.13276759,0.666687948,0.319743869
59,2,4,4,146500,180,1993,0,-1,44.41740783,26.12462756,0.631570316,0.309076488
37,2,3,7,68000,23,1974,0,-1,44.37905342,26.10042867,2.293698082,0.122151112
47,2,2,9,74000,10,1970,0,-1,44.38311829,26.12680168,0.785938864,0.193934222
38,2,7,10,75000,25,1975,0,-1,44.38232212,26.10917083,1.575896512,0.154891824
54,2,5,10,279000,78,2022,0,-1,44.48511143,26.09473106,0.794064956,0.141203368
59,2,4,7,146500,180,1993,0,0,44.41737391,26.12456493,0.629735516,0.314094224
140,4,0,5,1200000,142,2018,0,-1,44.47110956,26.09248963,0.731668577,0.385524999
70,2,2,7,144900,54,1946,0,-1,44.46705972,26.05375577,0.522723806,0.123134151
90,3,0,5,123900,10,2024,1,0,44.37410576,26.11113645,2.020325814,0.262950257
53.17,2,3,4,139900,95,2016,1,-1,44.3626993,26.1285635,1.385627568,0.232103124
65,3,5,10,145000,56,1970,0,0,44.41787643,26.14506638,0.589304169,0.051454945
75,3,8,8,159000,25,1987,1,0,44.39591812,26.11230768,0.404347322,0.231568099
54,2,3,8,145000,129,1990,1,0,44.42504,26.07072,0.820634268,0.082075288
48.23,2,1,7,113990,1,1963,1,0,44.47029862,26.05899376,0.695193674,0.138297622
47,2,2,9,74000,10,1970,1,0,44.38114928,26.130073,0.455347022,0.21990154
70,3,2,6,112500,23,2026,1,0,44.36541032,26.11065918,2.518725825,0.268269223
70,3,0,8,169800,49,1992,0,0,44.45624928,26.04396878,0.573793235,0.079258603
87,3,5,5,107000,23,1980,0,-1,44.38980543,26.12883251,0.625794426,0.204790667
83,4,1,8,189000,56,1983,0,0,44.41577024,26.14108483,0.615184488,0.390571714
32,1,8,9,69800,175,1965,0,0,44.43525039,26.02915335,0.369245195,0.114265468
54,2,7,7,123000,92,1986,0,-1,44.43503028,26.10137102,0.144852196,0.046790713
24,1,6,7,80000,42,1961,0,0,44.44280933,26.08866385,0.781498799,0.179711601
63,3,4,7,148800,59,1970,0,0,44.41839104,26.01303166,0.305518095,0.164448962
90,3,2,6,144500,23,2025,1,-1,44.37438547,26.11271712,1.891184066,0.178826429
76,3,8,8,159000,25,1987,1,0,44.39481076,26.11129541,0.47008993,0.331041324
47,2,1,7,130000,1,1964,0,-1,44.47081189,26.05370712,0.271925932,0.147258496
74,3,7,7,125000,97,1979,0,0,44.43499128,26.01582209,0.450454434,0.11371445
45,2,5,5,158000,54,2020,1,0,44.46408,26.06876,0.909281691,0.117088497
131,4,11,12,446940,14,2026,1,0,44.48366071,26.12329555,0.624054967,0.191011548
57,2,3,4,185000,31,1940,0,0,44.4507375,26.08960465,0.441808238,0.164605611
108,4,0,3,235208,160,2026,1,-1,44.41441053,26.20904019,0.978493335,0.705374346
70,3,5,10,124900,23,1983,1,0,44.38413058,26.13065944,0.628578344,0.22200171
79,4,10,10,155000,110,1978,0,0,44.45212514,26.12709788,0.339781649,0.154686528
60,3,4,7,120000,164,1978,0,0,44.41922246,26.1772409,1.008298701,0.132921744
70,3,10,10,120000,59,1970,0,-1,44.41378426,26.03055954,0.664535079,0.036057163
50,2,7,9,104899,59,1965,1,0,44.42567869,26.02917943,0.378186832,0.14988995
60.91,2,2,3,128500,112,2020,0,-1,44.41525518,26.1959896,0.849128636,0.656270056
57,2,3,10,99000,83,1967,1,-1,44.48343812,26.03883006,0.185311752,0.171826589
68,2,4,5,260000,14,2021,1,1,44.48346905,26.10376636,0.553746705,0.29367547
81,3,1,4,225000,42,1926,0,-1,44.43651314,26.08928254,0.403250455,0.171535483
41,1,1,7,119000,52,1990,0,0,44.42708587,26.13271629,0.75287788,0.14135239
71,3,0,7,275200,67,2024,1,0,44.4730521,26.11159551,0.937835311,0.366856626
92,3,10,10,369000,67,2024,1,0,44.47548442,26.11052631,0.7540279,0.083540609
106,3,1,15,345000,14,2011,0,-1,44.47342221,26.11720081,0.808756624,0.493884819
77,3,2,5,245000,28,2009,1,0,44.50870263,26.10154315,3.286443657,0.767446069
53,2,0,5,99000,10,2017,1,1,44.37527911,26.1313841,0.574611482,0.111417374
100,4,2,6,365000,77,1983,0,-1,44.4410597,26.1006856,0.580563819,0.145057442
56,2,10,10,180000,14,2026,0,-1,44.48946132,26.10232475,1.156940724,0.702308169
45,2,4,10,71900,23,1975,1,0,44.38130108,26.10311824,1.995355771,0.367718255
66,3,1,4,115000,0,1970,0,0,44.4161486,26.1826859,0.869708707,0.570503117
54.57,2,2,11,170000,14,2025,1,-1,44.482634,26.10953174,0.603218597,0.118837882
79.5,3,3,5,127120,160,2025,1,0,44.41284648,26.19087619,0.623350454,0.520942912
30,1,5,10,82500,164,1967,1,0,44.43209374,26.16392673,0.584051001,0.296032692
55,2,4,7,90000,128,2017,0,-1,44.48306287,26.05669381,1.258836569,0.115738037
59.2,2,9,9,188000,14,2025,1,-1,44.48229029,26.10992986,0.560535867,0.165015541
42.25,2,0,5,88000,95,2018,1,0,44.37412847,26.1216313,1.249501257,0.134304401
76,3,0,4,244000,126,1936,0,-1,44.44865618,26.07988016,0.497243632,0.168462087
55,2,3,5,315000,78,2022,1,-1,44.47926201,26.08393219,1.295862996,0.704925836
68,3,4,4,115000,95,1967,0,2,44.37433296,26.11901096,1.425604305,0.220047621
32,1,3,8,66000,161,1965,0,-1,44.42785786,26.02039662,0.673336366,0.270030089
32.3,1,0,10,68000,25,1976,1,0,44.38717362,26.11002781,1.167225135,0.036309977
80,3,4,5,290000,54,2015,0,-1,44.46339624,26.07186804,1.123750207,0.14443663
29,1,10,10,66900,23,1977,1,0,44.38717362,26.11002781,1.167225135,0.036309977
66,3,6,8,145000,10,1984,1,0,44.38075364,26.13697727,0.181762798,0.186483444
62,2,1,5,325000,78,2022,1,-1,44.47811253,26.08289405,1.361199323,0.705617193
147.8,3,5,7,140505,160,2025,1,0,44.41284648,26.19087619,0.623350454,0.520942912
60,3,5,10,145000,25,1977,1,0,44.39331078,26.10978951,0.605412672,0.143836301
51,2,3,7,139800,120,1970,1,0,44.44554271,26.09338859,0.333915501,0.143993371
76,3,2,8,245000,169,1991,1,-1,44.42472117,26.12159304,1.107008907,0.103541075
47.54,2,0,3,103700,51,1940,0,0,44.44421162,26.10734669,0.794790647,0.250568903
73.3,3,5,9,345000,135,2025,1,0,44.47056924,26.11002781,1.229939114,0.152029284
33,1,3,3,97999,18,1979,0,0,44.48159576,26.11465408,0.186488181,0.11830931
64.55,2,1,3,156900,135,2022,1,1,44.501986,26.13228068,2.674392516,2.022528873
53.5,2,4,10,122000,27,1967,1,0,44.48979748,26.03816259,0.350031177,0.214249953
38,2,4,7,79980,59,1973,0,0,44.41285481,26.02221232,0.373223875,0.027784271
32,1,9,10,100000,163,1980,0,0,44.41342076,26.109572,0.416856071,0.263292996
261,4,5,12,1750000,78,2021,1,-1,44.47757669,26.0927653,0.620551854,0.217892971
67,3,3,4,104950,5,1969,0,0,44.38295443,26.11877666,1.145687226,0.280882779
70,3,10,10,125000,164,1980,1,0,44.41320891,26.17179394,0.44308173,0.18772466
103,3,2,7,599000,67,2016,0,-1,44.46477531,26.10690376,1.336927814,0.112798949
72,3,8,8,131000,49,1984,0,-1,44.45406842,26.05282207,0.47468631,0.046380486
60,3,4,4,119500,97,1976,0,2,44.433,26.0091,0.484140274,0.180611322
65,2,5,9,240000,169,1997,0,-1,44.42670617,26.12179762,1.300085535,0.147415009
56,3,7,10,123000,81,1965,1,0,44.43872091,26.13401785,0.257449722,0.203477255
46,2,6,7,129000,42,1961,1,-1,44.4350699,26.0875861,0.304919443,0.055307733
72,3,0,7,275000,97,2018,1,1,44.4299614,26.0311281,0.546187095,0.298168972
40,1,4,4,104501,114,1990,0,-1,44.43024144,26.136663,0.286569876,0.164421806
71,3,9,10,124000,10,1988,0,0,44.37962754,26.13552893,0.013227168,0.016461561
63,2,4,5,145000,135,2021,0,0,44.49216714,26.11755255,1.27897613,0.623698699
30,1,9,9,60900,164,1975,1,0,44.42338162,26.16196497,0.191061297,0.160031144
100,3,6,7,550000,78,2002,1,0,44.46580859,26.07632947,0.804034883,0.203224381
50,2,9,9,210000,106,2021,1,0,44.41940557,26.11680051,0.407337827,0.115890584
36,2,1,10,109999,107,1977,1,0,44.41094709,26.16912481,0.513494911,0.153308074
37.58,2,1,7,140900,126,1978,1,0,44.45115941,26.08065333,0.303693623,0.109054618
52.4,2,6,7,131000,135,2026,0,-1,44.4814379,26.1050646,0.457270684,0.094414042
50,2,6,7,119001,0,1975,0,-1,44.41165521,26.17412836,0.19207995,0.118787215
104,3,1,19,408000,67,2024,0,-1,44.46435479,26.10811383,1.300721325,0.008097371
15,1,4,5,36000,112,1980,0,0,44.4069137,26.17920939,0.472156967,0.33254155
48,2,5,8,88990,44,1980,1,-1,44.4650746,26.13927662,2.069526725,0.007749898
71.7,3,2,2,84500,145,2017,1,0,44.38717362,26.05612889,3.723224276,0.242781995
56.4,2,5,7,138000,135,2026,0,-1,44.4814379,26.1050646,0.457270684,0.094414042
54,2,3,4,173000,135,2024,0,0,44.49473827,26.11819602,1.567712137,0.854560535
51,2,4,11,104900,95,2020,1,-1,44.37278541,26.12772509,0.970450873,0.170693285
97,4,6,8,225000,25,2023,1,0,44.37433296,26.10104466,2.671305312,0.361441282
36,2,2,4,65000,23,1974,0,0,44.38075364,26.10104466,2.098685143,0.197105869
70.65,3,3,3,247500,14,2025,1,0,44.4857877,26.0995797,0.73885839,0.271608699
188,4,2,7,1750000,142,2005,0,2,44.46415842,26.0920615,0.496625747,0.30480173
75.21,3,1,6,317000,52,2026,1,0,44.4305559,26.1321289,0.5447496,0.160653692
54,2,10,10,119990,111,1982,1,0,44.39199103,26.11293794,0.751176395,0.24521675
37,1,4,4,74000,23,2012,1,0,44.36790343,26.13431977,0.751609655,0.109201934
52,2,3,4,82488,97,2025,1,0,44.45499881,25.98398505,2.777412534,1.224753794
128.09,4,10,10,860000,67,2018,1,0,44.47107101,26.11036961,1.17858858,0.212218136
67,3,0,4,155000,56,1986,1,0,44.41284648,26.14596042,1.066320156,0.261883329
34.16,2,4,7,59000,10,1975,0,0,44.38300694,26.12404417,0.977056887,0.068565031
108,5,-1,2,265000,13,1940,0,0,44.46252463,26.08778674,0.415428734,0.265617583
42,1,2,8,114800,180,1991,1,0,44.4126343,26.13230775,0.401057879,0.207361236
36,1,7,8,94900,162,1987,0,2,44.4152503,26.1124539,0.175105309,0.122971315
85,3,8,16,290000,67,2010,1,0,44.47697936,26.11901096,0.453284132,0.181937888
66,3,6,10,115000,5,1975,1,0,44.38538997,26.11274353,1.132338628,0.237446812
60,3,1,9,127999,25,1965,0,-1,44.37526012,26.1226682,1.118499332,0.256478196
37,1,0,7,99900,29,2015,0,0,44.43268088,26.13462171,0.303468198,0.208178833
84,3,1,7,278000,169,2000,1,0,44.42625136,26.11524878,1.074375351,0.261181175
87,3,9,9,218000,114,1993,1,0,44.42549263,26.12912351,0.936555029,0.144079143
55,2,7,7,88500,23,2026,1,0,44.36733436,26.11446926,2.148736791,0.084467777
72,3,4,4,132000,179,1981,0,0,44.41330859,26.13582815,0.689658877,0.226594546
56.9,2,0,3,115000,160,2026,1,-1,44.40958479,26.19624774,0.266569759,0.288073622
55,2,0,3,74999,68,1970,1,-1,44.44396645,26.12365076,0.664161836,0.315410518
50,2,1,10,204999,67,2025,1,0,44.47452312,26.10634163,0.705976021,0.138404447
49,2,2,4,95990,112,1979,0,-1,44.41178395,26.18169989,0.520590923,0.318264997
76,3,1,7,228000,25,2025,1,0,44.39347639,26.10623888,0.626592466,0.32971799
57.38,2,1,7,144999,27,2017,0,-1,44.48155143,26.06688517,1.758606595,0.145578584
54,2,5,8,89000,53,1978,0,2,44.46415842,26.13697727,1.882674653,0.165442452
38,2,-1,7,109000,67,1969,0,-1,44.45952725,26.10949707,0.807391538,0.18837346
77.2,3,0,3,165000,160,2026,1,-1,44.41334455,26.19510651,0.628444443,0.652176875
109,4,10,11,329000,18,2022,1,2,44.47697936,26.11002781,0.666197156,0.088824929
31,1,0,10,65490,182,1980,0,-1,44.41155396,26.13591889,0.685199532,0.031359139
98.1,3,4,5,498000,78,2010,1,1,44.48733331,26.08706192,1.386683352,0.31208712
57,2,4,5,109000,23,2015,1,0,44.37251903,26.1501304,0.651228026,0.695375546
37,1,7,8,94500,179,1990,1,2,44.41284648,26.12799412,0.102080383,0.076240234
67,3,4,4,94990,23,1968,0,0,44.37681513,26.10927359,2.070825158,0.104916764
50,2,5,7,125000,93,1961,1,0,44.44229607,26.09832683,0.39266329,0.077563514
36.41,2,2,7,85000,74,1976,1,-1,44.433491,26.02597,0.372628105,0.080075087
66,3,3,4,104998,5,1965,0,0,44.37771344,26.12076676,1.179275258,0.098654442
53,2,6,10,76990,56,1970,1,-1,44.41749695,26.13831945,0.411354316,0.256314092
106.51,4,1,11,359000,135,2018,1,0,44.4782338,26.1162454,0.274126781,0.07807172
37,2,2,7,85000,92,1976,1,-1,44.43141401,26.02484572,0.406104958,0.294896852
64.7,3,1,4,155000,5,1964,0,1,44.38554068,26.11756899,0.905089215,0.119781645
22,1,5,6,46000,51,1922,0,0,44.44554484,26.10040426,0.22573261,0.05529209
28,1,0,10,68000,179,1980,1,-1,44.40998767,26.13694354,0.79835877,0.164057144
90.75,3,0,7,350000,28,2009,1,-1,44.43759574,26.09928555,0.337393158,0.173299154
54,2,1,9,89999,5,1965,1,-1,44.38384691,26.121234,1.01529229,0.139546487
40,1,2,6,67500,10,2025,1,0,44.36598828,26.12087744,1.84069684,0.171982454
58,2,2,6,82500,23,2025,1,0,44.36737092,26.11518325,2.102538549,0.104371711
72,3,9,10,114900,101,1975,0,-1,44.45133466,26.12799412,0.344907696,0.111942618
81,3,4,7,220000,46,2012,0,-1,44.43555718,26.16376877,0.454261179,0.062251471
37,2,2,4,65000,180,1970,0,-1,44.4164721,26.12591752,0.50269198,0.259607629
128,5,1,1,220000,12,1940,0,-1,44.43850808,26.11002781,0.646674413,0.17388713
57,3,0,7,115000,23,2013,0,1,44.3823323,26.14525992,0.842972615,0.174020823
65,3,1,4,235000,169,1999,0,0,44.430723,26.117775,1.321116487,0.217906764
81.7,4,8,8,187000,163,2017,0,-1,44.40685687,26.12054813,0.790421693,0.099837973
104,3,2,7,609900,67,2022,1,2,44.4826,26.11078,0.510456645,0.183092422
130,3,1,5,469000,78,2007,1,0,44.48613244,26.08909329,1.177466852,0.341809956
115,2,9,10,490000,14,2020,0,-1,44.48389144,26.09703813,0.584991735,0.09818361
50.78,2,7,10,235000,135,2024,1,0,44.477179,26.117907,0.402751714,0.100397093
51,2,3,7,139800,120,1970,1,0,44.45004829,26.09091533,0.565886315,0.043648089
35,2,1,10,66500,10,1970,1,-1,44.38070359,26.12958383,0.476299055,0.230914569
44,2,0,7,79000,25,2025,1,0,44.37439814,26.11260259,1.899422952,0.179618658
52,2,3,12,155000,145,2025,1,1,44.42473401,26.0685179,0.717858692,0.172036036
61,3,5,7,150100,25,2025,1,0,44.37231769,26.11627142,1.719953401,0.168451129
47,2,2,7,97000,188,1962,1,0,44.39983008,26.09773465,0.529787202,0.161114019
44,2,5,7,90000,33,1964,1,0,44.41926294,26.10104466,0.577590302,0.27543269
76,3,2,6,122000,95,2026,1,0,44.37307615,26.12699743,0.983630137,0.228014714
84,4,0,4,269000,14,1987,0,2,44.47697936,26.10104466,0.250349954,0.250717236
54,2,0,8,89600,95,2024,1,0,44.37207069,26.1266276,1.087190413,0.177205583
58,3,2,7,222000,131,2025,1,0,44.42127364,26.09653544,0.841036205,0.068063753
43,2,3,7,170000,122,1962,1,-1,44.43426216,26.11119435,0.691851331,0.157628575
45,2,0,7,268650,98,2025,1,0,44.42756817,26.0981734,0.232126097,0.187786302
67.3,3,1,7,251000,131,2025,1,0,44.42231379,26.09558709,0.776585076,0.121186986
52,2,2,4,97000,95,2016,0,0,44.36657298,26.11885744,1.95391732,0.104588674
53,2,3,4,99800,162,1953,0,-1,44.41375258,26.11439691,0.33592031,0.024253329
51,2,3,8,139800,120,1970,0,0,44.45190734,26.09578365,0.695344832,0.152069222
80,4,5,6,249000,42,1960,1,0,44.43705548,26.08951741,0.461246854,0.21109736
64,2,4,6,68200,23,2024,1,0,44.36589459,26.11551569,2.193097043,0.231699276
62,3,0,7,124900,59,1976,1,-1,44.421367,26.044983,0.320421137,0.271802618
51,2,3,8,139800,120,1970,0,0,44.44922041,26.09626424,0.395827772,0.267946836
30,1,5,5,58990,95,2013,0,0,44.37248887,26.12227564,1.306422864,0.055559641
80,3,1,7,152000,25,2024,1,0,44.37920868,26.10162475,2.243172631,0.191685397
90,3,5,5,149900,23,2023,1,0,44.37216097,26.11396731,1.891096374,0.151493283
40,2,0,7,136000,148,1940,1,0,44.442892,26.093409,0.46186212,0.154661382
57.65,2,1,7,109000,25,2024,1,0,44.37383476,26.10341664,2.601366357,0.176757112
115,3,4,4,170489,160,2026,1,0,44.40765889,26.2022201,0.541867177,0.19172551
41,1,6,8,88000,170,1940,1,0,44.43713459,26.10998726,0.589901311,0.024833816
95,3,0,4,167000,23,2011,0,2,44.36791158,26.11901096,1.837699852,0.08863321
51,2,3,7,139800,120,1970,0,0,44.44713201,26.09471476,0.2722816,0.065700372
41,1,6,8,88000,12,1940,1,0,44.43731133,26.10993356,0.590813822,0.044225607
78.35,3,0,3,175000,160,2025,1,0,44.41606732,26.20391581,1.210245083,1.065010174
93,3,1,3,140000,160,2026,1,1,44.42176115,26.19922752,1.611449164,0.446898804
101,3,2,4,144628,160,2025,1,1,44.41528579,26.19016303,0.89586354,0.587338323
109,4,3,4,161730,160,2025,1,0,44.40886379,26.19751303,0.298040617,0.209356761
94.15,3,4,7,114878,160,2025,1,1,44.41839161,26.20268269,1.366455143,0.869547014
58.55,2,0,3,87900,160,2026,1,0,44.41974968,26.19465915,1.336355397,0.226327216
21,1,3,7,45000,51,1920,0,-1,44.4467177,26.10604966,0.674670699,0.184760182
60,2,7,7,120000,23,2020,0,0,44.36757165,26.15353568,0.798550221,0.768923809
31,1,2,7,50000,5,1966,1,0,44.38175784,26.12410564,0.927164573,0.088321669
70,3,3,6,112500,23,2026,1,0,44.36993288,26.1108168,2.227490116,0.346891314
41,1,1,3,57438,140,2025,0,0,44.39747052,26.08868117,0.983966777,0.299503143
52,2,7,7,105000,23,2024,1,0,44.37254901,26.11216638,2.003564413,0.285332462
48,2,4,4,78900,10,1976,0,0,44.3798347,26.13153481,0.306086592,0.165567484
36,1,3,6,53400,23,2026,1,0,44.37060683,26.11388217,1.978576537,0.108425277
31,1,2,9,50000,5,1966,1,0,44.38135442,26.1188838,1.317152382,0.271094506
51,2,3,5,76700,23,2025,1,0,44.37411139,26.11536489,1.702735366,0.268065917
59,2,2,7,97350,23,2025,1,0,44.3672062,26.11164655,2.334929692,0.235196496
87.9,4,1,11,220000,23,2027,1,0,44.3610872,26.1293735,1.431644272,0.0678547
49,2,8,8,83000,10,1983,0,-1,44.38117663,26.13407496,0.204290782,0.118289132
52,2,2,6,71470,95,2026,1,0,44.36944378,26.11419373,2.026311195,0.151179232
90,3,5,5,125900,25,2023,1,0,44.37272649,26.11603012,1.716207299,0.199803854
40,1,3,6,67500,10,2026,1,0,44.37433945,26.13012212,0.717557863,0.082770818
49,2,7,7,119900,1,2017,0,-1,44.4689089,26.05886641,0.720792507,0.062063599
109,3,10,10,309900,135,2017,0,-1,44.47776557,26.12094745,0.47202254,0.121740973
71,3,1,6,100500,25,2026,1,0,44.36883385,26.11599219,1.950084913,0.155593976
76.42,3,3,8,340000,31,1983,0,0,44.4420635,26.093905,0.506542383,0.199566948
85,3,0,6,105000,25,2026,1,0,44.3679698,26.11435047,2.112087496,0.013193747
66.68,3,2,2,135000,10,2013,0,2,44.3797609,26.1386456,0.26093626,0.259206167
60,3,0,4,145000,56,1968,0,0,44.41473906,26.15225775,0.73633917,0.054811629
34,1,10,10,82400,56,1977,0,0,44.41154767,26.13980958,0.993545031,0.29383626
74.2,3,2,6,207000,162,2025,0,1,44.45647784,26.06604857,0.740473507,0.051575036
92.5,3,17,18,300000,96,2025,0,1,44.41044773,26.12442321,0.2920892,0.175697877
55,2,6,10,189000,96,2020,0,0,44.44176509,26.12803888,0.412609482,0.16375312
67,3,1,4,108000,164,1968,0,0,44.41560334,26.1792274,0.665461322,0.386379117
56,2,9,10,215000,14,2023,1,-1,44.47714536,26.11451045,0.427812955,0.219003791
70,3,6,10,125000,26,1975,0,0,44.45113011,26.12440859,0.13539802,0.10271217
139,4,1,4,445440,29,2026,1,0,44.430867,26.1409042,0.266308143,0.179617316
70,3,6,10,125000,26,1975,0,0,44.45126305,26.12453241,0.151800181,0.104455571
107,4,1,2,395000,47,1925,0,1,44.43054624,26.07534925,0.496332383,0.431344416
64.67,2,1,3,115000,160,2025,1,0,44.41592265,26.20270179,1.137634668,0.98806653
17,1,2,10,39000,107,1970,0,0,44.41737945,26.17161771,0.852132616,0.002844275
64.28,3,2,7,132000,10,1983,0,-1,44.381937,26.1342837,0.274907857,0.177967803
34,1,0,2,64500,73,2015,1,0,44.37729288,26.08680543,2.969350871,0.360208649
108.89,4,2,3,161729,160,2025,1,0,44.41044264,26.1982983,0.448592207,0.37143558
86.29,3,2,3,120419,160,2025,1,0,44.40827411,26.20164403,0.601584253,0.253258731
43.42,1,2,3,64800,160,2025,1,0,44.40899913,26.19843849,0.371474777,0.210730785
69.91,2,1,3,104984,160,2025,1,0,44.41361656,26.19835013,0.735404518,0.724207323
90,3,2,9,185000,135,2009,1,0,44.52823496,26.14596042,5.776531256,3.200990135
100,3,3,8,184990,135,2009,1,0,44.49620549,26.13697727,2.363201414,1.681829477
115,3,3,3,325000,54,2018,0,0,44.459697,26.0677,0.781953581,0.336208252
58,2,8,8,134250,162,1986,1,-1,44.40530496,26.12088568,0.908981861,0.133598371
78,3,3,7,206990,179,1991,0,0,44.42101517,26.12360007,0.944612104,0.196467556
70,3,3,4,144999,56,1982,0,0,44.4115897,26.1430872,1.105470952,0.414292182
47,2,2,9,74000,10,1970,1,-1,44.38067814,26.12870461,0.54343727,0.167538973
70,2,11,11,169900,111,2009,1,0,44.39373699,26.12520265,0.247054066,0.153761677
138,4,3,7,399900,13,2017,0,0,44.46672493,26.08747951,0.104572296,0.1581912
127,4,4,5,219000,125,2017,0,-1,44.43703916,26.11027908,0.610058398,0.014105402
49,2,1,5,96900,23,2022,1,0,44.36240188,26.15580519,1.206653828,0.561547504
66,3,5,5,132900,23,2020,1,0,44.36278369,26.15557135,1.166513229,0.555323301
55,2,1,6,93200,23,2025,1,0,44.36449801,26.11169902,2.521185713,0.139398427
27,1,1,8,88000,162,1986,0,0,44.41272353,26.11467361,0.452302251,0.077198168
54.75,2,1,4,135000,16,1984,0,0,44.44962072,26.14873945,1.571965011,0.066827515
50.5,2,5,5,98900,23,2022,1,0,44.36257673,26.15401986,1.083743001,0.431324898
65.31,3,0,4,125000,57,1975,0,0,44.38399745,26.09799543,1.860285511,0.294136701
46,1,1,6,69000,23,2025,1,0,44.36665497,26.1125053,2.317701165,0.215795879
67.51,2,1,6,110000,10,2025,1,0,44.36820392,26.12453132,1.523221067,0.172068138
70.5,3,3,10,116000,5,1970,0,-1,44.38522773,26.11606874,0.990701215,0.02972208
82,4,5,5,144000,125,2017,1,0,44.43704175,26.11008068,0.594745391,0.012153949
40,1,7,8,95000,180,1989,1,0,44.41558654,26.13022938,0.454693366,0.094158674
52,2,2,4,97000,95,2016,0,1,44.36908261,26.11883453,1.758563162,0.167401324
36,1,1,11,136500,92,2024,0,2,44.42567869,26.03816259,0.404916479,0.32413736
46,2,3,4,113000,164,1964,0,2,44.42567869,26.17290988,0.814872355,0.146386458
26,1,7,8,63000,151,1985,1,0,44.40995796,26.06676227,1.966681212,0.226595072
54,2,1,7,120000,95,2021,0,2,44.36148949,26.11901096,2.12704494,0.332979017
84,3,3,3,198000,1,2006,0,0,44.4709673,26.048374,0.153022834,0.186764978
72,3,10,10,145000,163,1976,1,-1,44.4145705,26.10903739,0.347523066,0.137902976
50,2,0,7,108000,107,1978,0,2,44.41284648,26.16392673,0.216444781,0.061722196
40,2,0,5,87000,95,2017,0,-1,44.37039701,26.12421388,1.353244819,0.072575956
63,3,0,4,116300,25,1975,0,-1,44.38780252,26.10696937,1.226862519,0.174342949
100,3,1,5,367000,25,2009,0,-1,44.39860861,26.11351707,0.352463564,0.307207669
67,3,2,4,118000,25,1971,0,-1,44.38779726,26.11267136,0.955382615,0.253210867
27,1,0,10,68000,179,1980,0,2,44.41284648,26.13697727,0.771826509,0.193933824
50,2,5,7,149000,160,2021,1,-1,44.41284648,26.19985934,0.728950093,0.648273824
30,1,3,10,69500,10,1975,0,0,44.37761609,26.12182697,1.098559109,0.143492497
45,2,4,10,71900,119,1975,1,0,44.38507323,26.10022291,1.6740457,0.116787321
55,2,4,11,235000,137,2023,0,2,44.43209374,26.04714574,0.687817534,0.287516068
22,1,1,7,88000,162,1986,0,2,44.40642932,26.11002781,0.859181059,0.39036691
53,1,9,9,128000,169,2001,1,0,44.4242065,26.12322956,1.145911109,0.074912775
68,3,8,8,99000,166,1984,1,0,44.41683021,26.04472799,0.763080543,0.244913679
47,2,9,10,139000,169,2001,1,0,44.42434062,26.12325461,1.158190632,0.083209208
54,2,1,10,89500,23,1965,0,-1,44.38075364,26.11901096,1.306598129,0.210107277
66,3,0,7,155000,56,1986,0,0,44.41323976,26.14537793,1.005435434,0.325509043
48,2,5,5,69000,95,2016,0,0,44.36891609,26.13403588,0.765637356,0.201500851
27,1,1,7,88000,163,1986,1,-1,44.4146534,26.10508918,0.035340806,0.024097447
42,2,6,7,80000,92,2017,0,-1,44.4359211,26.0387715,0.432495615,0.285392688
92,4,2,8,164999,151,2017,0,-1,44.41176808,26.07231865,2.014907289,0.134132
55.77,2,4,10,250000,110,1982,1,-1,44.4502598,26.12411528,0.036674001,0.114852356
30,1,9,9,58000,59,1966,1,-1,44.4429,26.01849,1.00668174,0.106937937
251.73,4,0,11,220000,160,2025,1,0,44.41252133,26.19532881,0.540649974,0.574253342
269.19,4,0,11,217000,160,2025,1,0,44.40927422,26.20130732,0.59683957,0.33128486
68,3,1,7,147000,59,2009,1,0,44.41926294,26.01121313,0.277832686,0.093161666
57.89,2,2,3,89730,160,2026,0,0,44.41483201,26.19338881,0.790883818,0.630387366
83,4,0,7,350000,114,1938,0,-1,44.4286408,26.1260541,1.072021256,0.335818641
70.16,3,1,11,133100,164,2026,1,1,44.41783387,26.1787737,0.883330309,0.21347566
51,3,1,8,125000,97,2017,0,-1,44.4338372,26.02043085,0.07781406,0.063461222
162,3,4,4,453600,135,2026,1,0,44.51542529,26.11901096,3.867679248,0.714857636
94.5,3,5,6,121500,95,2025,1,0,44.37128956,26.11326707,1.984493795,0.147126867
67,3,7,10,158000,2,1990,1,0,44.41926294,26.06511205,1.006073406,0.134887145
55.64,2,10,10,71999,81,1964,1,0,44.43915824,26.13343557,0.200163296,0.221093279
44.48,2,3,9,90000,23,1966,0,-1,44.3865931,26.1176653,0.796532387,0.176411895
58.19,3,3,5,179900,27,2013,1,0,44.49620549,26.02917943,0.277692179,0.161724374
65,3,6,11,129000,20,1962,1,1,44.43209374,26.14596042,0.599209732,0.218728193
56.25,2,2,6,98000,95,2024,1,0,44.36641176,26.11167025,2.386615223,0.282210645
99.4,4,2,3,184000,160,2026,1,-1,44.4094791,26.19497045,0.205365561,0.267915029
42,2,6,7,69000,71,1973,1,-1,44.41548425,26.0187518,0.337708961,0.231345598
84.4,3,3,3,190000,124,1937,0,-1,44.42861984,26.11115768,0.809487294,0.255474129
178.43,4,3,3,615856,80,2024,1,0,44.51358419,26.12198608,3.682943768,0.96568458
47,2,4,10,124500,164,1974,1,0,44.42567869,26.14596042,0.735683077,0.142077275
40,2,1,10,115000,164,1977,0,0,44.41005318,26.17168417,0.304832541,0.145873657
128,3,0,3,350980,135,2025,1,0,44.51542529,26.11901096,3.867679248,0.714857636
43,1,0,7,67155,97,2026,1,0,44.43850808,25.98426367,1.011950656,0.114744395
70,3,1,7,225000,130,2021,1,0,44.44140325,26.19561649,0.264156403,0.278698543
55,2,8,8,89900,159,1986,0,0,44.45855038,26.12341524,0.960173346,0.331366708
123.79,3,10,15,1500000,142,2017,1,0,44.46415842,26.0920615,0.496625747,0.30480173
54,2,0,7,108000,157,1978,1,0,44.40595202,26.15952117,0.8542395,0.287125081
35,1,5,5,56999,97,2026,1,0,44.43850808,25.98426367,1.011950656,0.114744395
58,3,7,7,123000,81,1962,0,-1,44.44085216,26.13343789,0.028144475,0.082437764
85,4,0,8,150000,10,1983,1,0,44.38717362,26.13697727,0.852866418,0.184731375
50,2,4,11,85000,20,1962,1,1,44.43209374,26.14596042,0.599209732,0.218728193
72,3,3,7,169900,58,1986,0,0,44.42684432,26.06149198,0.323137926,0.192586729
54,2,4,7,77000,97,2026,1,0,44.43850808,25.98426367,1.011950656,0.114744395
130.62,2,3,3,137500,164,2025,1,0,44.41679834,26.19840467,1.063699108,0.650328312
54,2,5,10,88999,44,1979,0,-1,44.46553873,26.14112485,2.198601031,0.147745346
64,2,4,7,170000,130,2021,1,0,44.44158718,26.19578809,0.284042483,0.299588213
58,3,7,7,123000,81,1962,1,-1,44.44138038,26.13298312,0.049618867,0.02843221
53,1,2,3,149990,42,1940,0,0,44.4359111,26.0961404,0.526715045,0.213526395
73.4,3,3,3,190550,25,2019,0,-1,44.38717362,26.11002781,1.167225135,0.036309977
51,2,10,10,126000,179,2017,0,-1,44.41284648,26.13697727,0.771826509,0.193933824
70,3,4,4,93990,0,1970,0,-1,44.42115402,26.17439892,1.024415333,0.316528174
45,2,0,7,100000,75,1977,0,-1,44.46319655,26.05453729,0.360258434,0.127649566
50,2,4,4,116000,20,1962,0,1,44.43209374,26.14596042,0.599209732,0.218728193
60,3,4,7,122000,75,1977,0,0,44.45590365,26.05312474,0.62303311,0.204091594
37,2,10,10,94900,87,1980,1,0,44.46443236,26.1160877,1.534151372,0.367928476
55.92,2,8,8,144000,120,1959,1,-1,44.44492172,26.10104466,0.291307268,0.124877523
30,1,9,9,58000,59,1965,0,0,44.41978899,26.036564,0.358351143,0.260892671
80,3,3,8,245000,52,1992,0,-1,44.43242314,26.12587365,0.99733786,0.01208027
187,4,3,4,1200001,13,2022,1,0,44.46736242,26.08410684,0.230587835,0.341225369
59,3,0,6,115000,23,2025,1,0,44.37073308,26.12844298,1.128325316,0.075961789
76,3,3,7,165000,25,1987,1,0,44.39493366,26.11043692,0.43581924,0.317875256
62,3,1,4,120000,97,1970,1,1,44.43209374,26.01121313,0.673594582,0.253116817
75,3,2,2,295000,34,1943,0,0,44.4581736,26.09312157,0.982876459,0.189853774
185,4,0,3,592577,135,2025,1,0,44.51542529,26.11901096,3.867679248,0.714857636
52,2,3,7,185000,176,1950,0,1,44.45133466,26.0920615,0.619234383,0.139158065
96,3,0,7,349000,120,1975,1,0,44.44660521,26.10296255,0.436784199,0.164465096
84.53,3,4,9,253500,2,2026,1,0,44.41926294,26.0740952,1.469209805,0.081055199
83,3,4,4,125000,23,1981,0,-1,44.38526707,26.13282579,0.662874643,0.317996492
60,3,4,10,138000,130,1977,1,-1,44.44302761,26.15832808,1.216695999,0.092588267
35,1,3,7,120000,106,1993,1,0,44.42897712,26.12760396,0.944367589,0.263485636
46.2,2,0,4,91800,59,1964,0,2,44.42567869,26.03816259,0.404916479,0.32413736
56,2,13,21,220000,183,2010,1,-1,44.407355,26.125011,0.554862243,0.259956078
47,2,5,7,92000,1,1963,0,2,44.46415842,26.05612889,0.367583563,0.049689193
32,1,1,7,74900,117,1982,0,0,44.4374178,26.02585878,0.515657903,0.208464341
58,2,4,8,125000,2,1989,0,0,44.4169805,26.06417156,1.17395047,0.359280609
50,2,7,10,73500,130,1974,0,0,44.44062349,26.18163457,0.769021728,0.071649677
99,3,4,7,160000,28,2012,1,0,44.53296825,26.06193276,4.450079717,0.102835262
113,3,2,4,375000,135,2008,1,-1,44.51542529,26.13697727,4.18667953,2.138919808
66.48,3,1,10,119000,53,1976,0,-1,44.46120818,26.134014,1.479657617,0.130774732
55,2,1,2,170990,1,2025,0,-1,44.46588137,26.05098205,0.578500663,0.245110046
74,3,10,10,133500,164,1964,1,2,44.42784,26.17591,0.995508854,0.299913047
35,2,3,7,129900,42,1960,0,-1,44.43321088,26.09574154,0.459404771,0.208117924
45,2,3,4,81900,23,2025,1,2,44.3705431,26.1585604,1.197445828,1.205055437
46.62,2,0,5,105500,160,2023,1,0,44.41228264,26.19465806,0.507226248,0.529090122
51,2,1,3,130000,36,1936,0,2,44.43055,26.1137,1.044613018,0.180169267
62,3,2,7,125000,81,1977,1,-1,44.4428164,26.13354967,0.211256157,0.17598426
74,3,10,10,126000,164,1968,0,-1,44.42892138,26.17181767,0.757731251,0.432826144
47.07,2,8,8,91000,5,2017,0,-1,44.383951,26.12273297,1.000798148,0.104775244
28,1,6,7,61500,0,1980,0,-1,44.41470998,26.17198903,0.570530502,0.146376253
45,2,4,7,119900,163,1961,1,-1,44.4195227,26.104499,0.529762193,0.144380672
31,1,2,9,49000,5,1966,0,0,44.37594667,26.11900092,1.362642363,0.04354124
75,3,1,8,175000,2,1994,1,0,44.42044166,26.06532097,0.921116997,0.017494282
70,3,3,7,135000,59,1983,0,0,44.41821922,26.04206884,0.581722489,0.035626001
42,2,6,7,79900,92,1976,0,0,44.43198752,26.04089067,0.637323276,0.284514199
41,2,5,6,123990,42,1960,1,-1,44.43885473,26.09625247,0.615434105,0.113006182
36,1,0,6,68500,23,2026,1,2,44.373603,26.125682,1.017927875,0.288094902
47,2,5,5,120000,112,2017,0,-1,44.41460415,26.18726627,0.937140744,0.670151869
62,3,8,8,119350,59,1971,1,0,44.41386981,26.03465881,0.914841724,0.08510186
130,3,1,5,469000,78,2007,1,0,44.48791275,26.08780519,1.387113527,0.338155296
68,2,1,6,110000,10,2025,1,0,44.36811819,26.12191122,1.664825481,0.197799258
39,1,1,6,67500,10,2025,1,0,44.36628881,26.12056492,1.85959956,0.130472144
68,3,2,10,138000,23,1981,1,0,44.39020942,26.1292636,0.631671016,0.19854795
72,3,8,8,173000,174,1988,0,2,44.43209374,26.13697727,0.123657221,0.043248178
60.06,3,6,10,147999,56,1971,1,0,44.42329861,26.14145282,0.298421389,0.310081813
69,3,3,7,135000,59,1982,0,-1,44.420268,26.03104772,0.268453259,0.257308334
32,1,1,3,79999,176,1940,0,1,44.4446282,26.0825419,0.692912731,0.069237283
28,1,9,9,59900,46,1968,0,2,44.43209374,26.16392673,0.584051001,0.296032692
20,1,7,10,67500,36,1970,0,2,44.42567869,26.12799412,1.024430948,0.052062934
132,5,4,4,995000,13,1999,0,0,44.45774689,26.08307835,0.650526174,0.094449119
52,2,3,9,89990,5,1966,1,0,44.3852853,26.11914047,0.8879897,0.245661663
73,3,7,10,158500,2,1990,1,0,44.42142743,26.06295333,0.711783751,0.201045625
44,2,9,9,140000,42,1960,0,-1,44.43497659,26.09260714,0.310062944,0.122926307
64,2,3,8,272000,3,1990,1,0,44.42567869,26.12799412,1.024430948,0.052062934
52,2,3,9,89990,5,1966,1,0,44.3836914,26.11984269,1.047381697,0.233721285
68,3,8,8,99000,71,1980,1,0,44.41697738,26.04795985,0.853002295,0.173155494
53.65,2,5,8,89000,44,1977,1,0,44.46427791,26.13658207,1.877138905,0.131617646
63.08,3,10,10,144900,163,1976,1,-1,44.4136038,26.108984,0.365970975,0.244662231
45,2,0,8,105000,49,1977,0,0,44.46249238,26.05171048,0.525501461,0.351001539
84,4,3,4,293500,54,1940,0,0,44.466512,26.0721526,1.135424405,0.219835003
70,3,8,8,130000,49,1985,1,0,44.45249708,26.05421075,0.520215866,0.184273397
59,2,3,8,129500,49,1986,1,0,44.45990662,26.05114365,0.566235755,0.284086044
50,2,4,4,80000,49,1961,1,1,44.46357098,26.04213737,1.054990252,0.045419175
49,2,4,8,135000,49,1986,1,0,44.4558404,26.0504415,0.494530428,0.248823393
52,2,0,8,100000,49,1980,1,0,44.45307719,26.04511259,0.248706571,0.144747547
49,2,8,8,110000,49,1985,1,0,44.45274913,26.05300982,0.431747642,0.109220267
51,2,8,8,94900,49,1985,1,0,44.4556955,26.05119217,0.509661304,0.223578199
27,1,4,7,69000,49,1984,0,0,44.45547901,26.04743271,0.405401641,0.274886377
33,1,9,9,69800,59,1965,0,0,44.42097443,26.04543819,0.376976276,0.216377262
79,3,3,8,339900,52,1990,1,-1,44.42795045,26.1325885,0.685496683,0.046005194
49,2,4,7,125000,28,2019,1,-1,44.43949045,26.09972284,0.470507889,0.045743555
69,3,8,8,99000,71,1984,1,0,44.42125376,26.03948913,0.325293114,0.263247633
51,2,0,13,172000,2,2023,1,0,44.41284648,26.08307835,1.400430853,0.16125108
88,3,1,5,549990,43,2008,1,-1,44.45774689,26.0740952,0.986440503,0.249987558
50,2,2,7,99690,59,1962,0,1,44.42477847,26.05375839,0.30270941,0.076524778
100,4,3,10,350000,176,1994,1,0,44.45133466,26.08307835,0.120163169,0.107082531
85,4,0,7,163000,175,1980,1,-1,44.43397945,26.02779027,0.472274433,0.073928432
67,3,0,4,155000,56,1986,0,0,44.41379537,26.14550673,0.957225473,0.365629298
68,2,7,10,175000,2,2025,1,0,44.42034463,26.06515984,0.919602939,0.01522062
160,6,4,7,829650,80,2017,0,-1,44.51929245,26.13825542,4.623073135,2.287047529
119,4,4,5,479000,14,2006,1,1,44.485981,26.096108,0.826955217,0.14688348
150,5,0,7,280000,13,2017,0,1,44.46415842,26.0920615,0.496625747,0.30480173
37,2,0,7,101900,97,1976,1,0,44.4293527,26.03370703,0.574579188,0.242750365
74,3,8,8,137000,2,1988,0,0,44.41836381,26.06601832,1.128989029,0.219803246
61.12,3,0,4,134900,59,1972,0,-1,44.41284648,26.02917943,0.621653612,0.128874746
51,2,3,4,114000,164,1970,0,-1,44.43209374,26.17290988,0.468752923,0.384292864
55,2,2,7,94990,69,2011,0,-1,44.45919211,26.15027962,2.317724055,0.542779213
89,3,1,7,375230,80,2017,0,-1,44.51489793,26.14054627,4.251186439,2.421827464
72,3,10,10,145000,163,1976,0,0,44.41052075,26.10538953,0.47483486,0.306124298
74,2,6,14,225000,14,2010,1,-1,44.478231,26.115127,0.297592391,0.160339165
38,2,1,10,139000,36,1976,1,0,44.44492172,26.08307835,0.724005837,0.078686196
68,3,6,10,122800,56,1969,1,-1,44.4151057,26.15633589,0.436991832,0.159330862
30,1,0,10,56000,157,1973,1,0,44.41092,26.166857,0.522999556,0.151903649
47,2,10,10,84499,59,1973,1,0,44.42567869,26.03816259,0.404916479,0.32413736
77,3,3,4,129930,23,2025,1,0,44.36804274,26.11417824,2.118005144,0.013512705
75,3,1,5,198000,28,2019,1,-1,44.53099929,26.09780832,5.767446594,0.826950577
16,1,4,7,29999,25,1970,0,0,44.3928228,26.1040998,0.76717834,0.465725597
38,1,3,4,79000,23,1981,0,0,44.38447588,26.13183016,0.611832958,0.22712797
32,1,8,10,67000,59,1974,0,2,44.41926294,26.04714574,0.609383825,0.071316486
40,1,0,7,178000,80,2017,0,-1,44.51308249,26.14252664,4.147061047,2.588869892
55,2,8,9,105000,74,1975,0,0,44.43480149,26.01383323,0.602191418,0.149261715
50,2,1,3,84000,140,2025,0,0,44.39775947,26.08644986,1.078783211,0.12999617
65,3,0,7,145000,107,1968,0,0,44.41545624,26.15810926,0.336791873,0.214744601
50,2,9,10,114990,16,1985,1,-1,44.44594674,26.14893859,1.374468092,0.316799458
39.13,1,1,6,67500,10,2025,1,0,44.36897862,26.12337978,1.516766948,0.107877548
38,2,7,10,77000,119,1974,1,0,44.37742288,26.1013368,2.398684452,0.055039131
49,2,5,5,148000,28,2019,1,-1,44.53737537,26.09190726,6.506983054,0.106707609
36,1,0,7,76990,106,1989,1,-1,44.4161061,26.1248266,0.491221846,0.354794178
67,3,1,10,270000,135,2022,1,0,44.49620549,26.12799412,1.947263843,1.437714989
67,3,3,8,109900,145,1986,1,0,44.407785,26.069094,2.188375366,0.273193986
32,1,8,8,58500,23,1970,1,-1,44.38282486,26.13330761,0.395314612,0.100340487
71,3,0,7,179000,20,1981,0,0,44.43390028,26.15614549,1.074920605,0.252436703
105,4,4,5,585000,78,2018,1,0,44.48581099,26.0909042,1.047985693,0.22663376
31,1,6,10,53000,0,1978,1,0,44.43206758,26.17226103,0.443436829,0.336298258
76,3,2,4,107380,23,2025,1,0,44.36683651,26.11635027,2.072832981,0.212136099
65,2,2,6,96000,10,2025,1,0,44.36703388,26.12169329,1.759284864,0.160281985
67.3,3,8,10,160000,166,1978,1,0,44.41926294,26.04714574,0.609383825,0.071316486
55,2,6,8,107000,1,1968,1,0,44.46832364,26.0563559,0.568964692,0.167430319
85.4,3,2,2,190000,47,1959,0,1,44.43534022,26.06866541,0.555100776,0.141917698
250,4,10,10,1112000,67,2022,1,0,44.47697936,26.10104466,0.250349954,0.250717236
285,4,10,10,1268000,67,2022,1,0,44.47697936,26.10104466,0.250349954,0.250717236
40,2,9,9,140000,42,1959,0,-1,44.439716,26.0931771,0.760225511,0.072054631
35,1,10,10,82400,179,1977,1,0,44.41179761,26.14103214,1.048749255,0.3511203
105,3,5,6,398999,162,2015,1,0,44.41388982,26.11735332,0.443405039,0.062077585
67,3,0,4,155000,56,1986,0,-1,44.41362756,26.14610094,0.998229772,0.323473033
62.95,2,0,3,102000,160,2023,1,0,44.41855254,26.19780233,1.237805437,0.507624078
50,2,7,8,189000,96,2022,1,-1,44.41227,26.129124,0.144952759,0.088916854
50,2,8,8,87000,97,2012,0,-1,44.44301639,25.9862957,1.434288044,0.413818902
83,4,-1,7,178400,28,2013,1,-1,44.49650294,26.07419487,2.827597316,0.166336399
30,1,0,10,56000,107,1978,0,-1,44.41110056,26.16575702,0.440225985,0.187814274
60,3,3,10,139800,73,1978,0,0,44.38050194,26.09001398,2.530855388,0.234190895
60.9,2,1,4,85900,160,2026,1,1,44.40693445,26.19892653,0.393054196,0.042288943
76.87,3,6,12,123000,160,2025,1,0,44.40955401,26.19607305,0.255226848,0.281461399
21,1,2,10,43000,164,1972,0,-1,44.43167938,26.16472714,0.571264166,0.217913596
45,2,4,7,174900,14,2020,1,-1,44.48338877,26.10104466,0.474158663,0.218764923
94,4,3,7,207777,59,1979,1,1,44.42567869,26.03816259,0.404916479,0.32413736
90,3,1,9,275900,169,1996,1,0,44.42725336,26.11203262,0.882677155,0.095480752
59,2,0,8,140000,180,1990,1,0,44.41658608,26.12243386,0.635276277,0.467101698
55,2,0,8,159000,17,1981,1,-1,44.45133466,26.0740952,0.499907944,0.154316851
68,3,14,14,179000,165,1978,1,-1,44.45133466,26.08307835,0.120163169,0.107082531
94.7,3,0,4,167000,95,2011,0,2,44.3712927,26.1164293,1.76568959,0.109553594
30,1,4,4,75000,161,1982,0,0,44.42726313,26.04258091,0.425107033,0.172436962
68.67,3,8,10,202999,17,1976,1,-1,44.45133466,26.0740952,0.499907944,0.154316851
48,2,10,10,149900,165,1982,1,-1,44.45133466,26.0740952,0.499907944,0.154316851
46,2,8,10,89000,107,1977,1,-1,44.412535,26.16517322,0.321325224,0.024331065
59.4,2,1,4,100826,0,2023,1,0,44.40042417,26.17451711,1.094223023,0.547774542
61.25,2,1,4,85900,160,2026,1,1,44.41028456,26.2040693,0.622949535,0.481759342
56,3,4,10,185000,43,1984,1,-1,44.45774689,26.0740952,0.986440503,0.249987558
101,4,10,12,355000,18,2025,1,-1,44.48338877,26.11002781,0.603780484,0.084986314
65,3,6,10,189990,165,1978,1,-1,44.45133466,26.08307835,0.120163169,0.107082531
61.8,2,1,4,92900,160,2026,1,1,44.40609014,26.20272438,0.455195625,0.09173135
67,3,1,10,119000,53,1976,0,2,44.45774689,26.13697727,1.340505921,0.132791463
80,4,0,7,230000,54,1980,1,-1,44.45774689,26.0740952,0.986440503,0.249987558
30,1,9,9,58000,59,1976,0,-1,44.41874374,26.03959369,0.56261448,0.191962665
84.95,3,1,4,229000,160,2025,1,0,44.41519685,26.19581233,0.840362266,0.655255301
47.04,2,1,3,76264,160,2026,1,0,44.41380015,26.20336682,0.993916965,0.840788479
60.76,2,1,3,89102,160,2026,1,0,44.41256021,26.2042149,0.840604697,0.730458725
38.61,1,1,7,61775,160,2026,1,3,44.41702419,26.20286012,1.24478071,0.943750714
67,3,1,8,139000,0,1984,0,-1,44.42652172,26.18073976,0.96416553,0.112729371
300,6,6,6,1250000,78,2008,1,-1,44.48338877,26.0920615,0.80285489,0.06716973
52.78,2,6,9,177000,186,2015,0,-1,44.45170353,26.11986377,0.391190775,0.058921669
65.15,2,2,4,97900,160,2026,1,1,44.41197889,26.20106272,0.726327802,0.580433316
58.6,2,0,3,88000,164,2026,1,0,44.41764055,26.20088634,1.225690484,0.772661863
54.8,3,4,8,135000,26,1961,0,-1,44.45018365,26.14086377,1.197892414,0.195814847
51,2,0,10,115000,56,1965,0,-1,44.42047704,26.1499882,0.858354894,0.312833104
57,2,1,7,105000,164,1978,0,-1,44.41807074,26.1627881,0.518402448,0.194974973
55,2,8,8,75000,23,1964,0,0,44.3913521,26.1164013,0.500857425,0.332518232
68.16,3,0,3,132500,160,2018,0,1,44.41593267,26.19392591,0.911320212,0.521588217
40.91,2,1,5,89000,160,2026,1,0,44.41926294,26.19985934,1.360499468,0.634381472
68,3,0,3,135000,164,2022,0,-1,44.41824035,26.19159153,1.184790287,0.242940324
53,2,1,7,120000,95,2021,1,2,44.36791158,26.11901096,1.837699852,0.08863321
94.7,3,0,4,167000,23,2011,0,2,44.36791158,26.11901096,1.837699852,0.08863321
98,3,10,10,415000,67,2022,1,-1,44.47545337,26.11150431,0.709555628,0.1286169
70,2,1,7,157500,49,2026,0,0,44.45262425,26.04892204,0.129217526,0.073775704
65,3,5,8,148000,130,1980,1,-1,44.44311754,26.15200997,1.520036238,0.047794979
61,2,1,13,200000,114,1991,1,0,44.42567869,26.12799412,1.024430948,0.052062934
50,2,4,4,62400,23,2025,0,-1,44.348988,26.16053421,0.153296174,0.220022977
63,2,2,3,128490,164,2020,0,-1,44.41559419,26.19326411,0.876136352,0.545263841
64,3,4,10,134000,56,1970,1,2,44.41926294,26.13697727,0.274387487,0.072515117
40,2,9,10,44900,73,1973,0,-1,44.38328167,26.08154514,2.630321173,0.081571296
40,2,9,10,44900,73,1973,0,-1,44.3820698,26.08363448,2.685429941,0.072852532
73.47,3,2,10,145000,10,1985,1,2,44.38075364,26.13697727,0.181762798,0.186483444
68,3,6,10,121000,164,1976,0,-1,44.41549189,26.15208943,0.769039394,0.111011214
59.4,3,4,10,125000,91,1963,0,-1,44.4528136,26.1216461,0.37599466,0.203429159
40,2,9,10,44900,73,1973,0,-1,44.38181761,26.0840001,2.700862259,0.03760798
40,1,4,12,81800,130,1975,1,-1,44.44317889,26.15278309,1.575663859,0.014780151
168,4,5,6,899990,77,2019,1,-1,44.43850808,26.11002781,0.646674413,0.17388713
65.54,3,4,10,130000,110,1975,0,-1,44.44835591,26.12344944,0.182944952,0.139444422
78,3,3,10,295000,67,2022,1,-1,44.47056924,26.11002781,1.229939114,0.152029284
127.09,3,4,6,650000,78,2005,1,-1,44.48338877,26.0920615,0.80285489,0.06716973
140,3,3,5,530000,185,2009,1,-1,44.48338877,26.0920615,0.80285489,0.06716973
60,3,1,4,124988,25,1975,0,-1,44.38268254,26.11121791,1.441350263,0.203034626
110,3,2,3,385000,43,2000,0,-1,44.45774689,26.0740952,0.986440503,0.249987558
70.4,3,2,6,100500,23,2025,1,2,44.36791158,26.11002781,2.396615134,0.343015896
48.89,2,3,4,122000,172,1977,0,-1,44.4224994,26.0153721,0.210648898,0.145508726
95,3,5,6,165000,97,2023,1,0,44.4339004,25.98613737,0.498047032,0.097108662
118,3,4,5,649900,142,2005,1,-1,44.46415842,26.0920615,0.496625747,0.30480173
113,3,4,7,430000,78,2010,1,-1,44.47697936,26.0920615,0.694601144,0.290405778
130,3,1,6,435000,78,2007,1,-1,44.48338877,26.0920615,0.80285489,0.06716973
67,3,1,5,226000,187,1964,1,-1,44.43850808,26.0920615,0.643173316,0.220435689
76,3,6,6,122000,23,2026,1,2,44.37433296,26.12799412,0.827915951,0.212437951
60,2,0,3,129500,1,1938,0,-1,44.46415842,26.05612889,0.367583563,0.049689193
51.6,2,0,5,206850,78,2023,1,-1,44.48338877,26.0920615,0.80285489,0.06716973
110,3,5,6,469999,78,2007,1,-1,44.48338877,26.08307835,1.44227398,0.555904764
115,4,2,3,750000,13,2022,1,-1,44.46415842,26.08307835,0.346463705,0.285140322
47,2,9,10,75000,107,1967,1,0,44.43407091,26.16022988,0.752927501,0.025134227
64.72,3,4,4,127000,25,1975,0,2,44.3864017,26.1055633,1.399313662,0.207905138
142,3,5,5,588800,78,2006,1,1,44.48338877,26.0920615,0.80285489,0.06716973
155,4,3,4,485000,11,2005,0,-1,44.46415842,26.0740952,1.004901678,0.252404247
92,4,8,8,141000,10,1982,1,0,44.38376339,26.13377909,0.480995103,0.194834899
105,4,4,6,584999,78,2019,1,-1,44.48338877,26.0920615,0.80285489,0.06716973
89.15,3,1,6,375000,185,2009,1,-1,44.48338877,26.08307835,1.44227398,0.555904764
100,3,6,7,550000,43,2002,1,-1,44.46415842,26.0740952,1.004901678,0.252404247
149,4,2,9,799000,67,2023,1,-1,44.47697936,26.11002781,0.666197156,0.088824929
110,5,5,8,445000,55,1982,1,-1,44.45133466,26.10104466,0.405548225,0.138843355
98,3,3,10,529000,78,2020,1,-1,44.47697936,26.0920615,0.694601144,0.290405778
60,3,0,8,124990,90,1978,1,0,44.41589969,26.1486086,0.946322155,0.109818558
145,4,4,5,720000,67,2006,1,-1,44.46415842,26.10104466,1.178824619,0.201492583
50.67,2,3,10,119900,144,1980,0,-1,44.43209374,26.01121313,0.673594582,0.253116817
71,3,3,4,423000,84,2001,1,-1,44.46415842,26.08307835,0.346463705,0.285140322
67,2,3,8,220000,135,2023,1,-1,44.49216723,26.12333305,1.38326316,0.857731412
45,2,0,7,125000,158,1978,0,2,44.45774689,26.11002781,0.648842621,0.111627457
60,3,1,10,120000,158,1976,0,2,44.46415842,26.11901096,1.633264885,0.282164206
73.58,3,10,10,126000,0,1964,1,2,44.42567869,26.17290988,0.814872355,0.146386458
70.37,3,10,10,116000,25,1974,1,2,44.37433296,26.11002781,2.097310542,0.309801789
65.31,3,0,4,114900,119,1973,0,0,44.38176425,26.10062796,2.002798596,0.265454639
57,2,3,4,185000,36,1939,0,2,44.44492172,26.0920615,0.448599763,0.093091651
65,3,7,8,145000,130,1982,0,2,44.43850808,26.15494357,1.201457079,0.271784692
79,2,2,9,125000,95,2026,1,0,44.36668798,26.12576756,1.444360208,0.110564837
56,3,1,2,200000,101,1948,0,2,44.44492172,26.12799412,0.600402824,0.097161033
48,2,6,8,123998,81,1981,0,2,44.44492172,26.13697727,0.538639723,0.214187393
53,2,1,6,73780,95,2026,0,0,44.37090053,26.11862484,1.644713209,0.135189369
57,2,1,6,82500,25,2026,1,0,44.37274147,26.11867595,1.529886764,0.2784471
40,1,2,6,67500,10,2026,1,0,44.37505346,26.126658,0.856730549,0.342347303
48,2,7,10,115000,158,1978,0,2,44.45774689,26.11901096,0.959140324,0.434274836
53.5,2,1,3,157000,160,2022,1,1,44.41926294,26.19087619,1.306970551,0.153915602
40.27,1,4,5,90609,141,2026,1,1,44.41284648,26.00222998,1.286593213,0.027405846
55,2,3,4,185000,36,1950,0,2,44.45133466,26.0920615,0.619234383,0.139158065
65,2,1,2,144000,12,1940,0,2,44.43209374,26.11002781,0.712307355,0.166090723
38,2,1,4,57000,25,1968,0,2,44.38736,26.10238,1.372121332,0.217148374
70,3,5,8,149900,130,1980,0,2,44.43850808,26.15494357,1.201457079,0.271784692
47,2,6,10,109000,66,1968,1,0,44.41397231,26.1520342,0.743218939,0.108840185
57,2,2,8,107000,23,1981,1,0,44.3903769,26.12562719,0.389389702,0.160199685
70,3,3,4,280000,28,2020,1,-1,44.51200747,26.0683892,3.492116331,0.957239937
52,2,0,4,93780,10,2026,1,2,44.37433296,26.13697727,0.598333594,0.160041621
44,2,9,9,140000,42,1963,1,-1,44.43917296,26.09351644,0.750148987,0.123393069
84,3,6,8,246999,106,1995,1,0,44.4213983,26.11259247,0.527932004,0.097253942
30,1,8,9,59900,63,1965,1,2,44.39359289,26.0920615,1.254957048,0.158531632
80,4,3,4,187000,74,1967,0,1,44.43789871,26.0181523,0.49473405,0.272629459
41,1,1,3,69500,140,2025,0,0,44.39968587,26.08485012,1.050604235,0.148248559
77,3,11,11,195000,111,2023,1,0,44.38864848,26.11709789,0.631675238,0.026951235
91,3,1,7,459999,78,2016,1,0,44.49012254,26.08587799,1.669813375,0.093414502
74,3,8,8,153000,2,1987,1,0,44.4199525,26.06424638,0.903162823,0.08971695
49,2,0,10,73000,5,1968,0,0,44.37795352,26.12007938,1.228842545,0.121332321
80,3,1,7,144000,25,2025,1,0,44.37902999,26.10725249,1.955417008,0.277155142
50,2,6,7,150000,135,2021,0,0,44.489207,26.109115,1.119506227,0.49410224
67,2,3,4,98000,111,2023,1,0,44.37831803,26.14750889,0.97496405,0.619790588
41,1,2,3,56880,63,2025,0,-1,44.39235556,26.07568457,2.117933999,0.460829387
51,2,2,9,75000,10,1970,1,0,44.3771069,26.12216927,1.084930925,0.147185696
31,1,1,7,54500,10,1969,1,-1,44.3758433,26.1217702,1.158443964,0.161534196
56.01,2,3,11,103100,0,2024,1,0,44.41832906,26.17533006,0.899691185,0.066603286
63.19,2,1,3,88466,160,2026,1,0,44.41023006,26.20258042,0.691012174,0.477395732
88.95,3,1,3,119500,160,2026,1,0,44.41441968,26.20684555,0.986188821,0.878018471
61.8,2,1,4,92900,160,2026,1,1,44.41035169,26.19976165,0.534926434,0.375856402
73,3,5,7,136990,96,2022,1,0,44.39349634,26.13848306,1.287517333,0.391755207
60.3,2,1,3,118948,9,2027,1,0,44.43184505,26.01152514,0.706166991,0.27458776
64.75,2,4,10,103600,160,2025,1,1,44.41663335,26.19227296,0.999799651,0.420553929
60.3,2,1,3,118948,144,2027,1,0,44.43180389,26.01156332,0.710599552,0.278621098
55.5,2,1,6,89000,25,2026,1,0,44.36853855,26.111462,2.26302583,0.233879226
41.4,1,1,3,57439,140,2025,0,0,44.39855964,26.08805204,0.925638421,0.169338858
80,3,2,9,94800,25,2024,1,0,44.37135313,26.11495929,1.86299116,0.034210788
29,1,2,2,49500,107,1969,0,1,44.40308047,26.16152311,1.160886484,0.297519212
82,3,1,10,169000,92,1976,1,0,44.43386154,26.02843607,0.423534978,0.050587028
49.7,2,0,5,113222,160,2024,1,0,44.41440855,26.19543273,0.749157591,0.721888471
66.83,2,1,5,89256,160,2025,1,0,44.41821821,26.20236295,1.337139336,0.861133601
90.87,3,1,5,119833,160,2025,1,0,44.42143209,26.19994764,1.591786447,0.513120321
85,3,4,7,225000,59,2021,0,-1,44.43664901,26.1008571,0.175505633,0.077680398
56,2,0,9,72000,23,1957,0,2,44.37946,26.12169,1.087373506,0.23935918
48,2,4,4,75000,73,1975,0,2,44.38075364,26.0920615,2.413698609,0.195941525
65,3,4,7,125000,81,1970,1,-1,44.43824681,26.13489502,0.331711744,0.164823797
85.46,3,1,8,132800,95,2024,1,0,44.3701292,26.13257441,0.89200585,0.337370119
59.23,2,3,8,91800,95,2024,1,0,44.36698709,26.13653512,0.606317797,0.247787166
53.4,2,5,5,92500,23,2025,1,0,44.36631355,26.11652551,2.103103947,0.242742142
65,3,4,9,125000,94,1970,1,0,44.43827462,26.13300656,0.296817452,0.117471183
94.7,3,0,4,167000,95,2011,0,2,44.367522,26.1208651,1.769179592,0.095450546
74,3,2,3,116400,160,2026,0,1,44.41284648,26.19985934,0.728950093,0.648273824
44,2,5,7,76000,164,1978,1,0,44.42431683,26.17924623,1.236485927,0.110762664
52,2,2,4,97000,95,2016,0,0,44.36596906,26.12112709,1.821553013,0.185151692
69,2,10,20,342000,67,2023,1,1,44.47697936,26.10104466,0.250349954,0.250717236
51,2,2,8,85000,25,1963,1,-1,44.39029482,26.1145259,0.684232358,0.294590014
46,2,6,7,101999,170,1959,0,2,44.43081,26.10343,0.354970902,0.187446293
85,3,10,20,482000,67,2023,1,1,44.47697936,26.10104466,0.250349954,0.250717236
40,1,1,6,57800,23,2026,1,0,44.37310114,26.15296161,0.872890342,0.92809833
62,2,15,20,410000,67,2023,1,1,44.47697936,26.10104466,0.250349954,0.250717236
40,1,1,10,87000,10,1986,1,0,44.3811196,26.13018935,0.445540382,0.21525986
49,2,0,10,73000,10,1968,1,0,44.37711907,26.12866851,0.599365803,0.253385312
76,3,2,8,180000,2,1988,1,0,44.41716647,26.06482286,1.182257855,0.368689347
71,3,1,6,100500,23,2026,1,0,44.37135176,26.15253054,0.754603122,0.790111821
96.6,4,2,4,159000,135,2000,1,2,44.51542529,26.11002781,3.898350655,0.03177852
48,2,4,4,78900,10,1976,0,0,44.38129131,26.13024194,0.449377867,0.199430905
33,1,1,6,58000,23,2026,1,0,44.36594767,26.11275214,2.352291248,0.246490788
61,2,1,6,140000,10,2023,1,0,44.373769,26.12767102,0.890766581,0.224184064
50,2,1,6,69900,23,2026,1,0,44.36738761,26.15741514,1.105934181,0.961745007
37,2,4,4,55000,25,1971,0,0,44.37681341,26.10390358,2.313953708,0.168520934
80,3,2,9,110000,23,2024,1,0,44.37194362,26.11670759,1.709739932,0.161817454
50,1,2,9,71000,23,2024,1,0,44.37257297,26.10921048,2.220774866,0.33377238
48.5,2,4,7,88000,75,1970,1,-1,44.46233,26.05701,0.155102093,0.043674406
75,3,13,20,352000,67,2023,1,1,44.47697936,26.10104466,0.250349954,0.250717236
65,2,8,20,320000,67,2023,1,1,44.47697936,26.10104466,0.250349954,0.250717236
40,1,5,6,52996,23,2026,1,0,44.36847178,26.15269128,0.718966671,0.704375324
44,2,1,6,64900,23,2026,1,0,44.37126611,26.15754864,1.133769075,1.151167741
38,2,7,10,75000,25,1975,1,0,44.43766534,26.10520322,0.278142715,0.192969086
48,2,1,10,105000,27,1967,0,0,44.48219722,26.03752277,0.266749729,0.311368522
33,1,4,10,59000,164,1974,1,0,44.41012545,26.17023826,0.419172877,0.235551147
92,3,10,11,369000,18,2024,1,0,44.47890083,26.12080712,0.386392898,0.123485964
50.55,2,0,6,91000,95,2026,1,0,44.36148949,26.11901096,2.12704494,0.332979017
40,1,3,6,68500,10,2026,1,0,44.36791158,26.11901096,1.837699852,0.08863321
58.5,2,1,6,94000,23,2026,1,0,44.36791158,26.11901096,1.837699852,0.08863321
52.03,2,3,9,90000,5,1966,1,0,44.38891206,26.11576508,0.685985428,0.121923998
58,2,1,9,178000,186,1982,0,-1,44.45133466,26.11002781,0.376789113,0.223441305
50,2,4,6,98990,120,2017,1,1,44.44492172,26.0920615,0.448599763,0.093091651
52,2,8,8,119000,101,1983,0,-1,44.44492172,26.11901096,0.688921518,0.122529807
91,3,1,5,119835,160,2026,1,3,44.419635,26.199885,1.400204055,0.609172582
53.2,2,8,8,124000,0,1971,1,0,44.40642932,26.17290988,0.471389493,0.510350648
61.8,2,2,4,105149,160,2026,1,0,44.41396603,26.20705515,0.93409911,0.86900035
63,2,7,10,240000,162,2022,0,-1,44.41671787,26.12311078,0.616173825,0.426637135
64,3,4,4,109900,25,1974,0,-1,44.39416923,26.11880471,0.309021854,0.087226627
84.44,3,9,11,139000,160,2026,1,0,44.41584849,26.19838321,0.963658921,0.719134783
80,3,0,3,134000,160,2026,1,0,44.40999029,26.19171498,0.314411706,0.243986113
68,3,0,7,179000,10,2021,0,-1,44.39850759,26.12176926,0.619840484,0.112626999
54,2,10,10,119900,111,1982,1,0,44.40190808,26.10770125,0.369854634,0.309765788
76,3,3,8,165000,25,1987,0,-1,44.38942453,26.11113469,0.969522457,0.100717512
80,4,1,7,249500,52,1923,0,1,44.43000205,26.13445877,0.419501793,0.230332765
71,3,-1,1,160000,47,1930,0,1,44.43578169,26.07176138,0.319910828,0.132305719
60,3,5,5,142000,56,1983,0,-1,44.41431694,26.14682811,0.969910395,0.317429616
58.5,2,8,8,175000,102,1997,1,0,44.43001503,26.13627741,0.323847123,0.194503971
126.87,4,10,11,172917,160,2025,1,0,44.41211058,26.20120863,0.744658578,0.598278785
49,2,0,10,73000,5,1968,1,1,44.38043814,26.12008441,1.218524535,0.220202166
79.3,3,2,4,320000,28,2025,1,1,44.48979748,26.0920615,1.349949152,0.421457737
63,3,4,7,109000,92,1970,1,0,44.4412557,26.0238899,0.822989153,0.145331645
90,3,2,5,145000,160,2026,1,0,44.42321692,26.20043982,1.699662179,0.519229698
50,2,2,7,187000,54,2020,1,-1,44.47429266,26.05524659,0.532265689,0.17767094
60,2,2,7,177000,49,2019,0,2,44.44998,26.04645,0.230052008,0.133409372
56,2,5,7,159000,54,2020,1,0,44.46459571,26.07200456,1.15916487,0.158175704
82,3,-1,2,170000,124,1938,0,1,44.4193801,26.1053666,0.516702214,0.193273036
27,1,6,10,53000,164,1978,1,0,44.43209374,26.17290988,0.468752923,0.384292864
42,2,6,10,80000,92,1974,0,0,44.43620805,26.03794886,0.386747343,0.246402314
74,3,6,8,247000,169,1995,1,0,44.421282,26.113285,0.511428981,0.145556351
62.78,2,7,10,240000,2,1989,0,-1,44.42567869,26.0740952,1.010953854,0.21514369
39,1,9,11,129600,76,2016,1,0,44.44658769,26.04485366,0.205444597,0.170427374
76.06,4,4,4,162000,15,1968,0,0,44.42816404,26.15116761,0.979502546,0.27778431
89.39,4,4,4,190000,16,1987,0,-1,44.4532739,26.1468212,1.750765955,0.205981995
50.5,2,4,4,99000,16,1988,1,-1,44.45133466,26.14596042,1.541519005,0.039579801
35,2,5,6,92500,23,2025,0,0,44.36141406,26.14923272,0.944504218,0.032097622
58,2,3,4,155000,25,2016,0,0,44.38900804,26.10310714,1.180944085,0.164883163
52,2,0,4,95000,20,1968,0,0,44.43616021,26.16884769,0.086668416,0.037414479
95,3,1,7,275000,80,2014,1,0,44.51771505,26.13819998,4.458990017,2.253850291
107,4,0,5,310000,120,1928,0,1,44.44612108,26.09663186,0.084006026,0.080907637
57,2,6,8,232000,169,1990,1,0,44.425458,26.103476,0.357541651,0.01922333
99,3,0,4,350000,168,2017,0,-1,44.44951,26.09211,0.59999102,0.064723678
56,2,10,10,120000,101,1980,0,0,44.4454143,26.12126658,0.550847511,0.20788809
119.37,3,11,12,192268,160,2023,1,0,44.41557728,26.2025272,1.098657851,0.996290817
106.33,3,11,12,173548,160,2023,1,0,44.41395986,26.20543235,0.956959731,0.881929341
28,1,3,8,79000,186,1980,1,-1,44.45255221,26.11704188,0.632988148,0.136536092
80.02,3,1,3,114694,160,2026,1,0,44.41506454,26.20129663,0.994850811,0.913593941
62.89,3,4,4,124900,59,1973,0,0,44.42567869,26.01121313,0.541079244,0.141715634
51,2,1,5,129890,135,2017,0,0,44.48979748,26.11002781,1.140609979,0.500674638
97,4,4,6,395000,52,2026,1,0,44.42922749,26.13467504,0.469522535,0.18456665
36,1,6,10,79900,56,1982,1,-1,44.41894284,26.13994721,0.251046573,0.050465775
56,2,11,11,165000,92,2018,1,0,44.43312585,26.03806558,0.380437928,0.188737601
41,1,1,3,67700,160,2026,1,-1,44.41495362,26.19345308,0.804025111,0.618046646
71,3,2,6,274000,52,2026,1,0,44.4289903,26.13105338,0.703301551,0.051223301
59,2,3,7,218000,52,2026,1,0,44.42920503,26.13569349,0.424891472,0.256019061
75,3,2,7,216000,132,1994,0,0,44.45774689,26.11002781,0.648842621,0.111627457
125,3,6,7,559000,127,2010,0,0,44.43850808,26.11901096,1.151395589,0.059317037
48,2,0,7,144000,142,1935,0,1,44.46415842,26.0920615,0.496625747,0.30480173
70,3,1,5,269000,94,2019,0,0,44.43209374,26.12799412,0.830099026,0.132733375
90,3,1,3,405000,55,1950,0,0,44.43850808,26.14596042,0.897412688,0.165937923
70,3,5,9,275000,94,2011,0,0,44.43209374,26.12799412,0.830099026,0.132733375
120,4,3,5,325000,168,1932,1,-1,44.43850808,26.11002781,0.646674413,0.17388713
119,4,1,2,485000,77,2017,0,1,44.44492172,26.10104466,0.291307268,0.124877523
90,3,1,6,360000,78,2008,1,-1,44.48338877,26.08307835,1.44227398,0.555904764
86,3,2,7,315000,55,2012,0,0,44.45133466,26.0920615,0.619234383,0.139158065
68,3,7,10,149900,17,1977,0,0,44.45133466,26.0740952,0.499907944,0.154316851
72,3,0,2,249000,31,1911,0,-1,44.43209374,26.10104466,0.439993841,0.208195026
217,5,6,7,527000,42,1946,0,1,44.43850808,26.0920615,0.643173316,0.220435689
96,3,1,2,200000,168,1940,0,1,44.43209374,26.11901096,1.355625873,0.164425893
170,4,4,5,999999,42,2022,0,0,44.43850808,26.08307835,0.707399083,0.0800496
70,3,8,9,200000,43,1982,0,0,44.45774689,26.0740952,0.986440503,0.249987558
71.31,3,1,7,127272,160,2026,1,3,44.41189921,26.20966251,0.704970668,0.675783198
57,2,2,10,230000,176,1990,0,0,44.45133466,26.08307835,0.120163169,0.107082531
92,4,4,10,235000,110,1987,0,0,44.44492172,26.12799412,0.600402824,0.097161033
82,4,1,2,290000,114,1938,0,1,44.42741363,26.12503475,1.204273546,0.212870209
100,3,6,7,449000,11,2002,1,0,44.46415842,26.0740952,1.004901678,0.252404247
33,1,1,9,125000,76,2017,1,-1,44.440688,26.054067,0.558104164,0.414380307
56,2,11,11,169999,92,2017,1,0,44.43305936,26.04949943,0.473162008,0.144523557
44.77,2,2,3,72632,160,2026,1,0,44.41747163,26.20193367,1.248119458,0.856586535
144,4,4,5,750000,14,2006,0,0,44.46415842,26.10104466,1.178824619,0.201492583
82,4,3,10,299000,51,1982,0,0,44.44492172,26.10104466,0.291307268,0.124877523
53.89,2,1,10,95000,160,2025,1,1,44.42117692,26.19144694,1.509212889,0.094715222
84,4,2,10,205000,132,1981,0,0,44.45774689,26.11002781,0.648842621,0.111627457
85.1,3,1,4,179000,160,2025,1,0,44.42014141,26.19530197,1.382452508,0.266838961
62,2,4,5,159000,152,2009,0,0,44.50261279,26.02917943,0.353854759,0.284848651
92,4,2,3,179000,168,1940,0,1,44.41926294,26.10104466,0.577590302,0.27543269
32,1,8,10,99999,176,1982,0,0,44.45133466,26.0740952,0.499907944,0.154316851
75,3,1,3,250000,80,2023,1,0,44.5145049,26.1210561,3.777083541,0.879158242
66,4,6,8,220000,170,1961,0,1,44.43850808,26.10104466,0.324589115,0.107254522
95,4,6,7,570000,132,2011,0,-1,44.45774689,26.11002781,0.648842621,0.111627457
135,4,1,6,326000,80,2026,1,0,44.5182759,26.14165155,4.62727901,2.533354535
50.46,2,0,3,106323,160,2026,1,-1,44.41831196,26.19868068,1.230588918,0.582246223
82.4,3,4,4,252066,0,2023,1,0,44.39759313,26.17918199,1.43604626,0.61902396
46.9,2,4,8,150000,74,1984,1,-1,44.43850808,26.02019628,0.500828354,0.257213513
54.9,2,1,4,86900,160,2026,1,1,44.41424105,26.21037735,0.970961705,0.604117431
67.24,3,2,3,230000,160,2024,1,0,44.41532985,26.19589035,0.855963565,0.645185231
70.7,3,4,4,235000,0,2023,1,0,44.39622429,26.17534868,1.558418776,0.462830018
50,2,2,8,91800,177,2017,0,-1,44.45133466,25.97528052,2.606528799,0.507289189
59.31,2,1,4,100826,0,2023,1,0,44.4005675,26.1784451,1.100356398,0.808116433
57.58,2,16,17,215000,96,2008,1,-1,44.40642932,26.12799412,0.628818035,0.230856491
92,3,3,5,235000,135,2021,1,0,44.49317108,26.12721272,1.62268147,1.16270458
67,3,4,8,235000,176,1967,1,-1,44.44937161,26.09076922,0.588136396,0.038807456
52,2,2,10,107000,23,1981,0,0,44.38717362,26.12799412,0.785436498,0.104961285
52,2,1,8,169200,150,1960,0,0,44.48198077,26.06310165,1.583135454,0.032945562
62,2,4,8,248999,154,1995,1,0,44.4238618,26.10889081,0.787416344,0.144249096
37,2,7,10,65000,130,1972,0,0,44.4407465,26.1763934,0.798032966,0.183382244
24,1,3,10,45000,23,1975,0,-1,44.39359289,26.11901096,0.27081899,0.108529217
52,2,4,4,97900,49,1981,0,0,44.454655,26.041063,0.614336757,0.228090389
37,2,4,4,55000,25,1971,0,0,44.38011003,26.10009758,2.190331678,0.093875151
34,1,0,8,73000,97,1981,0,-1,44.43916465,26.02885346,0.64357505,0.106081394
68,3,7,10,97000,130,1974,0,-1,44.44107269,26.17616035,0.812593484,0.146136747
116.07,4,2,14,775000,67,2025,1,0,44.477005,26.107161,0.597344537,0.145535989
52.36,2,2,3,88466,160,2026,1,0,44.40661393,26.19781334,0.319776797,0.074345985
35,1,2,14,76000,59,2009,0,0,44.41145836,26.00976147,1.115155072,0.186905604
116.75,5,3,4,278000,160,2025,1,0,44.42087008,26.19867188,1.50454175,0.450481194
68,3,3,4,116900,160,2026,1,1,44.41117435,26.20982131,0.627389981,0.668910133
58.7,2,4,4,120080,160,2026,1,1,44.41262911,26.20633286,0.796548691,0.739140745
85,4,0,8,140000,10,1983,1,-1,44.38717362,26.13697727,0.852866418,0.184731375
52,2,3,9,90000,5,1967,0,-1,44.38194955,26.11856665,1.258166394,0.238908941
65,3,2,5,93900,23,2026,1,0,44.3707567,26.11203875,2.098494239,0.244862891
58,2,2,6,82500,25,2026,1,0,44.36826863,26.11004114,2.374433422,0.341984208
70.22,3,2,10,126500,160,2025,1,1,44.42271272,26.1919678,1.386953355,0.158778005
46,1,1,6,66000,10,2026,1,-1,44.37351806,26.12637692,0.98327591,0.296834609
91,3,5,7,107438,23,2025,1,-1,44.37116633,26.1164675,1.770496851,0.110126971
34.01,1,0,8,80999,74,1981,0,-1,44.43209374,26.02019628,0.23910631,0.13562078
85.1,3,1,4,179000,160,2025,1,0,44.41737708,26.19889412,1.137237697,0.645505085
38,2,9,10,74500,25,1972,1,0,44.38279475,26.1090991,1.540765903,0.205433119
56.9,2,2,7,105500,160,2026,1,-1,44.4084198,26.19178575,0.199438382,0.076414895
42,2,2,4,80000,10,2016,0,-1,44.37696868,26.13462945,0.297375926,0.212554955
170.44,3,11,12,164793,160,2023,1,0,44.41123465,26.20272259,0.770780134,0.571092106
76,3,0,4,173553,160,2026,1,0,44.41642071,26.20962601,1.204595378,0.661816012
64.97,2,1,3,102000,160,2025,1,1,44.42305929,26.19360808,1.403150919,0.023591281
88.2,3,2,10,159000,160,2025,1,1,44.41717306,26.19683578,1.071269899,0.528428734
64.75,2,5,10,103600,160,2025,1,1,44.42172542,26.19648555,1.566751463,0.253414883
70,2,6,7,140000,160,2022,1,0,44.41701115,26.18469299,1.04818899,0.531334105
75,4,2,4,120000,23,1975,0,0,44.38404724,26.0994061,1.804881967,0.18568774
50,2,2,7,80000,101,2017,0,-1,44.44140712,26.12117623,0.948586042,0.076130226
40.83,1,2,10,79000,160,2025,1,1,44.42108703,26.19518833,1.486823006,0.24250647
48,2,8,10,83500,25,1974,0,-1,44.37712332,26.11663635,1.513990892,0.193148409
116.33,4,3,14,797000,67,2025,1,0,44.477005,26.107161,0.597344537,0.145535989
47,2,7,9,75000,23,1965,1,0,44.38359306,26.12020068,1.053255351,0.217310596
61.7,2,0,2,122500,160,2026,1,0,44.41351574,26.19801637,0.713530671,0.713784313
39,2,1,10,139000,36,1976,1,2,44.45133466,26.08307835,0.120163169,0.107082531
20,1,7,10,67500,124,1970,0,-1,44.42637409,26.1266453,1.155825279,0.087769967
111,3,2,3,297000,135,2007,1,0,44.51432796,26.10752457,3.810060723,0.132501424
58.5,2,1,2,102900,160,2026,1,0,44.41145348,26.19395363,0.413324601,0.423476816
17,1,2,4,29000,23,1980,0,-1,44.38075364,26.10104466,2.098685143,0.197105869
53.55,2,0,4,112900,160,2026,1,1,44.40836697,26.20173711,0.610039023,0.263835249
63.01,3,4,9,139000,74,1978,0,-1,44.43209374,26.02019628,0.23910631,0.13562078
73.7,3,1,3,138600,164,2026,1,0,44.41185535,26.19581693,0.477528358,0.527529988
75,3,8,9,220000,170,1979,0,-1,44.43809353,26.10783235,0.47202349,0.22431559
34,2,9,10,70000,23,1974,1,0,44.38167351,26.12711336,0.695945103,0.163765338
59.4,2,2,3,106200,164,2026,1,0,44.41412178,26.19868848,0.797653924,0.780571495
145.01,4,13,14,1300000,67,2025,1,0,44.477005,26.107161,0.597344537,0.145535989
82.3,3,2,3,149000,164,2026,1,0,44.41772808,26.19878637,1.171350618,0.618493405
34,1,6,7,83000,164,1977,1,-1,44.4212054,26.16129094,0.43847424,0.263793103
44,1,2,3,76000,164,2026,1,0,44.41172817,26.19826355,0.553005414,0.514397942
79.55,3,2,3,114500,164,2026,1,0,44.41233342,26.19761501,0.58198728,0.585255597
57,2,7,7,93300,25,2023,1,0,44.36842115,26.11457329,2.067571023,0.041570009
47,2,0,4,119800,97,1980,0,0,44.44061275,26.02798055,0.815147024,0.20144822
105,4,0,3,239500,169,1938,0,2,44.42897,26.11539,1.147522156,0.383993999
38,1,1,4,91100,49,1982,0,0,44.45394353,26.04798278,0.234926653,0.098710393
84,3,6,8,247000,106,1995,1,0,44.42119681,26.11410015,0.505260642,0.17563302
63,2,1,11,249000,137,2022,0,0,44.43179079,26.05509149,0.330883832,0.186201887
57.49,2,1,7,155229,114,2026,1,0,44.42783245,26.12490891,1.192163743,0.251567006
30,1,9,10,84000,101,1984,1,-1,44.44754742,26.12300621,0.279293819,0.042921681
60,3,7,10,119999,53,1976,0,-1,44.45785527,26.13098993,1.036308805,0.073091679
47,2,0,4,109999,59,1964,0,-1,44.42567869,26.03816259,0.404916479,0.32413736
68,3,2,8,135000,10,1983,1,0,44.38576096,26.13365617,0.699580414,0.376430245
55,2,3,8,110000,25,1964,1,1,44.38842388,26.11220049,0.946812117,0.205984163
155.44,4,0,5,700000,78,2025,1,0,44.43702882,26.09765095,0.426908558,0.125273041
48,2,0,4,125000,59,1972,0,-1,44.41964232,26.03958125,0.471540426,0.227702542
92.8,3,2,16,155000,53,2009,1,0,44.4518872,26.14491712,1.536191312,0.141800897
49,2,2,4,99700,59,1962,0,1,44.42836171,26.04927928,0.354617538,0.05168681
60,3,3,10,145000,73,1978,1,0,44.37433296,26.08307835,3.410441843,0.602535373
65,3,4,7,131999,164,1970,0,0,44.42260625,26.15028477,0.893717484,0.082300907
38,1,2,11,135000,92,2024,1,0,44.42930305,26.04185227,0.651398275,0.174522931
39.15,2,7,7,104900,170,1960,1,0,44.4337613,26.1025694,0.234262308,0.081369277
49.4,2,3,7,149000,76,1956,0,0,44.49168353,26.02591354,0.564366606,0.166480513
64,2,5,7,239000,169,1995,1,0,44.426311,26.124755,1.284586268,0.100367414
166.59,4,5,5,900000,78,2026,1,0,44.43324645,26.09721114,0.528900555,0.293124256
87.25,2,0,5,380000,78,2025,1,0,44.43603401,26.10020993,0.204465325,0.104911333
52.61,2,3,4,185000,55,1950,0,-1,44.45067877,26.08644867,0.221833377,0.125941786
79,3,3,8,345000,52,1996,1,0,44.428046,26.132153,0.701852522,0.055272696
28.26,1,9,10,81000,110,1984,1,0,44.45133466,26.11901096,0.434578042,0.083906461
83.8,3,3,5,410000,78,2023,1,0,44.4838195,26.09005779,0.961292812,0.169307084
183,6,1,1,385000,67,1950,0,0,44.46289892,26.09680639,0.897201822,0.224963161
60,2,6,8,178000,55,1976,1,0,44.45051982,26.0948804,0.568253053,0.230836462
23,2,3,7,110000,168,1940,0,-1,44.44063911,26.11041411,0.806213696,0.14490317
121,5,6,7,449000,169,1990,1,0,44.430261,26.107436,0.564001204,0.054651597
74,3,6,8,247000,106,1995,1,0,44.42282553,26.10778828,0.800380097,0.05959339
85,2,4,6,365000,78,2005,1,2,44.48442,26.09115,0.929991819,0.094773116
50.6,2,1,4,170000,135,2020,1,-1,44.48979748,26.11002781,1.140609979,0.500674638
56.84,3,0,4,147000,164,1967,0,0,44.41284648,26.15494357,0.515901916,0.183643773
52,2,0,4,95000,20,1969,0,0,44.43633536,26.16580442,0.30601994,0.10793586
59,3,8,9,99999,186,1963,1,-1,44.4522857,26.1197939,0.431891354,0.045871294
55,2,4,6,123800,97,2023,0,0,44.43932888,25.98973583,0.99326892,0.382174805
48,2,4,4,84000,59,1969,0,0,44.42458937,26.0340301,0.288413505,0.254375226
54,2,7,10,106000,59,1978,1,0,44.41966637,26.03641496,0.359879519,0.242930659
36.54,1,1,8,115000,163,1986,1,-1,44.41454564,26.1088125,0.329884175,0.145218567
52,2,3,9,90000,5,1966,0,0,44.38470336,26.12551718,0.951587719,0.255805156
34,2,3,9,130000,42,1960,1,0,44.44112574,26.08905783,0.852330196,0.162825549
93,3,2,5,220000,135,2020,1,0,44.49168,26.11852,1.231886606,0.595853125
32,1,8,8,67300,130,1980,1,0,44.44438193,26.14252545,0.839817477,0.052067405
31,1,9,10,62000,164,1970,1,0,44.41926294,26.17290988,1.024495732,0.230739316
38,2,7,10,76000,23,1974,1,0,44.37836344,26.09933562,2.393682961,0.087753947
62,3,8,10,119499,59,1971,0,0,44.43104081,26.10504964,0.456483273,0.123213431
55,2,-1,4,65999,111,2016,0,0,44.4364928,26.09794343,0.389871918,0.189030526
52,2,5,7,96000,25,1997,0,0,44.38717362,26.11002781,1.167225135,0.036309977
37,1,3,10,84000,87,2017,1,-1,44.46245383,26.12067297,1.419206659,0.189501133
36.21,1,1,4,88000,25,1983,0,0,44.39259866,26.11611241,0.492915467,0.356655105
64,2,1,5,132000,135,2009,1,0,44.495036,26.140306,2.464765262,1.498425135
50,2,3,4,122000,59,1977,0,-1,44.422769,26.015247,0.22752984,0.171694733
49,2,1,4,85000,23,1975,0,0,44.38694765,26.09959494,1.511785447,0.298716881
39,1,1,4,88000,23,1983,0,0,44.39359289,26.11901096,0.27081899,0.108529217
136,4,4,5,1222000,67,2023,1,0,44.47485946,26.11116111,0.779440545,0.167963952
47.9,2,8,10,129000,59,1972,1,0,44.41284648,26.02917943,0.621653612,0.128874746
50,2,4,4,99900,16,1988,0,0,44.45414698,26.14454977,1.68804774,0.177873955
40,1,1,4,88000,25,1983,0,0,44.39238428,26.11614852,0.492508459,0.3678988
118,4,3,4,310000,3,2011,1,-1,44.42475944,26.1283197,0.954627627,0.135856077
49.8,2,9,9,110000,16,1985,1,0,44.44492172,26.14596042,1.112180675,0.233351324
52,2,0,8,150000,56,1992,1,0,44.41284648,26.13697727,0.771826509,0.193933824
55,2,6,10,115000,96,1975,1,0,44.42670936,26.13786749,0.628529788,0.168568483
50,2,0,3,71900,65,1960,0,0,44.40916202,26.07843627,1.507983878,0.085713049
64,2,7,7,235000,169,1992,1,0,44.42486433,26.10503644,0.485676296,0.125127945
20,1,7,10,67500,169,1969,0,0,44.42831678,26.12590494,1.097623323,0.30596711
65.61,2,0,6,106000,10,2026,1,0,44.3718408,26.1245605,1.216844525,0.178666714
51,2,6,7,135000,59,1976,1,-1,44.4276488,26.0492222,0.275959442,0.088171151
42,1,1,6,78000,179,2023,1,0,44.39970261,26.1426801,1.785238924,0.007910548
50,3,7,10,106999,59,1973,0,-1,44.41926294,26.02917943,0.45242362,0.209994492
41,1,1,7,87999,111,1986,0,0,44.39277382,26.12504791,0.219411613,0.048236443
53,2,3,5,139989,23,2018,1,0,44.36148949,26.12799412,1.49496019,0.185374126
26,1,4,7,37000,140,2013,0,0,44.38936505,26.08682728,1.83939024,0.202339882
35,1,8,8,54999,56,1980,0,-1,44.41196082,26.13987875,0.997441411,0.323097203
75,3,10,10,115000,25,1977,1,-1,44.37592576,26.11325806,1.804059209,0.006098034
83.4,3,5,7,225888,183,1991,1,0,44.40725746,26.12362886,0.609679258,0.149641233
64,3,3,4,114900,25,1975,0,-1,44.39175672,26.10866294,0.776336891,0.098844978
61.3,3,10,12,99000,20,1962,1,-1,44.4322964,26.1477268,0.738168815,0.092596365
40,1,6,7,86900,15,1988,1,-1,44.42755522,26.15376073,0.763056395,0.203940521
153,4,3,5,1002000,67,2022,1,0,44.4675395,26.10629966,1.378110679,0.235878179
89,4,2,6,365000,168,1980,0,-1,44.4410597,26.1006856,0.580563819,0.145057442
68,2,5,7,81570,23,2026,1,0,44.36582124,26.11417517,2.276452913,0.246152337
117,3,1,5,357999,80,2024,1,-1,44.51714225,26.13970466,4.448006439,2.365403239
98,4,1,2,287000,36,2008,0,0,44.435927,26.1289119,0.649631235,0.214377478
54,2,7,10,114900,132,1976,0,2,44.45774689,26.11901096,0.959140324,0.434274836
123.79,4,10,18,1320000,67,2020,0,-1,44.46472178,26.10242853,1.277654706,0.133390972
153,4,2,5,919000,67,2022,1,0,44.465362,26.0962779,0.784574546,0.0740931
74,3,3,7,245000,29,1992,1,0,44.43188807,26.12168629,1.331468803,0.101081156
37,1,0,8,85000,106,1989,1,-1,44.42249971,26.11997219,0.832677291,0.171462074
66.41,3,5,10,154000,164,1976,0,-1,44.41284648,26.17290988,0.35611333,0.164145471
24,1,3,7,45800,23,1975,0,-1,44.39352715,26.11327357,0.667648152,0.319483105
38,1,1,4,88000,25,1983,0,2,44.39359289,26.11901096,0.27081899,0.108529217
45,2,4,10,71900,119,1975,1,0,44.39105737,26.09715248,1.275517078,0.341041699
75,2,5,5,161300,162,2024,1,0,44.41723313,26.12063453,0.580281715,0.48755603
74.2,3,2,4,217000,162,2024,1,0,44.41943697,26.12533533,0.834883403,0.07711481
31,1,2,9,49000,10,1966,1,-1,44.37441288,26.12107871,1.273452685,0.180948195
61,2,3,8,165000,105,1934,1,1,44.429921,26.09537,0.488076879,0.060729115
33.55,1,0,6,57500,10,2026,1,0,44.37607197,26.12812073,0.696461246,0.329164047
60,2,9,9,65000,186,1963,0,-1,44.45133466,26.11901096,0.434578042,0.083906461
65,2,2,5,165200,162,2025,1,0,44.41830333,26.11911776,0.490841332,0.326040983
20,1,4,7,67000,12,1936,1,0,44.43984899,26.10501403,0.47757126,0.176802272
63,3,1,10,160000,158,1977,1,0,44.46415842,26.12799412,1.611729747,0.081976785
144,4,4,5,720000,67,2006,1,0,44.46788995,26.09996153,1.089698321,0.265079686
21,1,4,5,36399,111,1986,0,-1,44.38553922,26.13810727,0.696345012,0.079649073
65,3,2,7,450000,67,2025,1,0,44.46158998,26.0970641,0.982350449,0.209560857
49.6,2,8,8,124000,0,1972,0,0,44.41926294,26.17290988,1.024495732,0.230739316
41,1,1,4,88000,23,1987,0,-1,44.38666921,26.11355132,0.984914142,0.238502652
40,1,1,6,67500,10,2026,1,0,44.37320277,26.12614905,1.020600044,0.282309491
94,3,0,4,166999,95,2011,1,1,44.36791158,26.11901096,1.837699852,0.08863321
75.48,3,3,3,315000,44,2015,0,0,44.47056924,26.12799412,1.441665007,0.284963032
57,2,2,6,82500,25,2026,1,0,44.37156165,26.11806492,1.639770276,0.170506775
40,2,4,6,92900,186,1960,0,2,44.45133466,26.11002781,0.376789113,0.223441305
53,2,2,6,73780,95,2026,0,0,44.36960017,26.11855364,1.737971193,0.114451972
47,2,5,8,75000,12,1939,0,2,44.43850808,26.11901096,1.151395589,0.059317037
65,3,12,14,114000,130,1977,0,2,44.44492172,26.15494357,1.557010281,0.158244589
52,2,3,6,71470,95,2026,1,0,44.36990167,26.1172123,1.800983996,0.026140695
90,4,8,10,240000,110,1977,0,2,44.45133466,26.12799412,0.344907696,0.111942618
130.5,4,11,12,239700,0,2022,0,-1,44.404986,26.20744027,0.10498344,0.211481671
38,2,3,4,69000,23,1974,0,0,44.37878966,26.10524707,2.076898837,0.258553411
77,3,5,9,164990,151,2014,0,0,44.41658596,26.07259492,1.636995991,0.198898401
38,1,4,8,93000,162,1990,1,-1,44.4217641,26.11730758,0.645802421,0.152412092
88,3,1,5,550000,11,2018,0,2,44.45774689,26.0740952,0.986440503,0.249987558
75,3,6,7,389650,75,2025,0,0,44.44912189,26.06665789,0.14841596,0.077727658
169,4,10,11,767995,67,2024,0,0,44.48006082,26.10398109,0.311340743,0.076222453
50,2,4,4,155000,14,1986,0,0,44.48367,26.099884,0.502288239,0.133466165
80,2,1,8,420000,67,2020,0,-1,44.46174881,26.1012716,1.058230121,0.069367374
103,3,2,16,360000,67,2025,1,0,44.47579354,26.11285225,0.620810086,0.141153502
85,3,2,20,380000,67,2020,0,0,44.46219032,26.09464181,0.784285952,0.098599552
125,4,6,19,700000,67,2022,0,0,44.46767361,26.1115296,1.502162681,0.224126459
103,3,3,7,284000,64,2017,0,-1,44.4465495,26.12732422,0.453862732,0.067932348
117,3,1,8,530000,67,2020,0,0,44.47022854,26.10349136,1.025702467,0.062323712
41,2,2,4,110000,28,2020,0,0,44.492355,26.10037,1.467129508,0.509324109
69,3,10,10,275000,18,2025,0,-1,44.47495437,26.11054563,0.799190937,0.140465308
40,1,10,11,46900,181,2008,1,-1,44.3986589,26.14282147,1.75006138,0.05966947
61,2,1,5,104500,23,2025,1,0,44.36933057,26.1118172,2.192269472,0.243261695
47,2,6,8,119899,10,1984,1,-1,44.38772863,26.13868842,0.942591813,0.181925821
62,3,4,4,95000,144,1976,0,0,44.43293389,26.00768267,0.37811988,0.100385157
66,2,5,5,124985,95,2017,1,1,44.37568482,26.1304205,0.585970163,0.153734455
50,2,4,5,114999,160,2019,0,0,44.41645989,26.18705098,1.120164569,0.535174129
50,2,1,5,114998,160,2021,0,-1,44.41037476,26.1878753,0.575388073,0.252985736
56,2,3,3,119000,15,1968,0,0,44.42580227,26.14010044,0.523114539,0.216682421
35,1,4,7,79999,53,2017,0,-1,44.4619904,26.1317617,1.471833975,0.090360012
60,3,0,9,161000,50,1968,1,0,44.43362202,26.1464429,0.648316342,0.174558429
29,1,1,7,65000,56,1976,1,-1,44.41598573,26.14372212,0.675519181,0.270579023
62.5,2,1,3,116000,23,2020,0,0,44.38013146,26.15942509,1.767168396,1.138527381
50,2,3,4,121990,59,1978,0,0,44.42550901,26.01388944,0.489599981,0.157196324
77,3,3,7,165000,25,1987,0,0,44.39359289,26.11002781,0.576341886,0.175676108
58.82,2,3,3,105000,104,1947,0,1,44.4224527,26.1083517,0.755234494,0.018842735
50,2,7,10,73500,130,1975,0,-1,44.44091447,26.17901601,0.905096827,0.143933579
49,2,4,7,49900,23,2025,0,-1,44.36262065,26.14250113,0.706460794,0.439269363
22,1,0,3,59900,168,1941,0,-1,44.42575097,26.09496837,0.54656838,0.183563168
27,1,2,7,50500,97,2025,1,0,44.44821143,25.9886733,1.95196874,0.540212903
40,1,3,7,67000,23,2026,0,0,44.36000006,26.1528286,1.230383475,0.220109585
60,3,2,7,129999,110,2017,0,-1,44.4531147,26.1255639,0.372207377,0.252206648
49,2,3,3,98000,106,1950,0,0,44.419258,26.11655327,0.382022252,0.098608256
59,3,2,10,120000,44,1970,1,-1,44.45417561,26.1280241,0.564712172,0.024694539
73,3,3,8,340000,31,1983,1,2,44.442093,26.093905,0.503864694,0.20282697
66,2,2,3,159999,155,2025,0,-1,44.51193135,26.01845748,1.112391786,0.083206453
70,3,2,3,300000,142,1960,0,-1,44.46755851,26.09572714,0.752886528,0.307896703
50,2,4,5,77000,97,2017,1,0,44.44389216,25.98326538,1.594110836,0.513774735
46.8,2,9,11,237526,14,2024,0,0,44.47818691,26.11034464,0.570550751,0.169416953
51,2,2,4,109800,23,2016,1,-1,44.3685668,26.15513687,0.912480552,0.898924746
113,3,4,5,520000,78,2010,1,-1,44.48404809,26.08740554,1.155906612,0.378747244
45,2,14,19,197000,18,2025,0,-1,44.47459799,26.11260409,0.748226343,0.240555004
68,3,1,4,130000,97,1980,0,0,44.44172666,26.01729331,0.90922653,0.059672532
88,4,7,12,164000,41,1977,1,0,44.44355938,26.15565599,1.415423162,0.10739009
36.3,1,3,7,35500,23,2025,0,-1,44.35137995,26.15314566,0.613298315,0.254348459
48,2,4,7,50000,23,2025,0,-1,44.43183443,26.10234727,0.425107805,0.123834517
49,2,5,6,82800,10,2026,0,0,44.3724723,26.12985892,0.904610337,0.139287579
32,1,7,8,52000,97,2018,1,0,44.44288122,25.97691322,1.736125122,0.743017816
69,3,1,4,147920,10,2026,1,2,44.3786293,26.1338431,0.161729551,0.157984657
30,1,8,8,62500,97,1976,1,0,44.433895,26.025362,0.319214605,0.016840531
48,2,1,9,96990,23,1965,1,0,44.3968833,26.11082642,0.247833009,0.127080301
80,4,1,4,128500,23,1975,0,2,44.38075364,26.10104466,2.098685143,0.197105869
76,3,3,8,165000,25,1987,0,-1,44.39361051,26.1087549,0.570083653,0.197371987
71.57,3,3,3,165000,97,2020,0,-1,44.43262035,25.99341587,0.363979536,0.190797144
63,3,6,10,121000,32,1967,1,-1,44.41750099,26.14685097,0.728716015,0.104884299
45,2,8,19,187000,18,2025,0,-1,44.4781444,26.1119674,0.465198934,0.150279629
57,2,11,11,145000,144,2018,1,0,44.4355949,26.0001989,0.29318607,0.215858512
32,1,1,7,67000,168,1941,0,-1,44.42947392,26.08053971,0.72770523,0.071877775
59.1,4,7,10,116999,59,1975,0,-1,44.41926294,26.02019628,0.082739932,0.185654838
38,2,1,7,91900,49,1982,0,-1,44.45133466,26.03816259,0.760854256,0.59128911
61.95,3,3,4,117999,59,1973,0,-1,44.41926294,26.01121313,0.277832686,0.093161666
38.57,2,6,7,144900,85,1961,0,-1,44.43209374,26.08307835,0.554867212,0.150084026
78.1,3,1,7,137040,160,2025,1,0,44.41636949,26.19955098,1.052655911,0.751621907
57.3,3,4,7,131999,59,1962,0,-1,44.42567869,26.04714574,0.199837274,0.177702933
183,4,9,9,650000,18,2017,0,-1,44.47811986,26.10648109,0.506583635,0.268656821
78.02,3,1,11,325000,92,2019,0,-1,44.43209374,26.03816259,0.44598185,0.278047259
43.14,2,5,5,56999,97,2018,0,-1,44.45133466,25.97528052,2.606528799,0.507289189
59.16,3,5,5,61999,97,2018,0,-1,44.45133466,25.97528052,2.606528799,0.507289189
77,3,5,9,164999,151,2014,0,-1,44.41926294,26.06511205,1.006073406,0.134887145
45.9,2,7,9,98900,59,1969,0,-1,44.42567869,26.02917943,0.378186832,0.14988995
45.9,2,7,9,114999,59,1969,0,-1,44.42567869,26.02917943,0.378186832,0.14988995
54,2,10,10,122000,56,1983,1,-1,44.41456282,26.13295548,0.526705995,0.056003412
53,2,6,10,136900,92,1980,0,-1,44.43209374,26.02019628,0.23910631,0.13562078
65,3,0,8,136900,74,1980,0,-1,44.43209374,26.02019628,0.23910631,0.13562078
57.3,3,4,7,134900,47,1962,0,-1,44.42567869,26.04714574,0.199837274,0.177702933
59.1,3,7,10,116999,59,1975,0,-1,44.41926294,26.02019628,0.082739932,0.185654838
42,2,6,10,81999,92,1977,0,-1,44.43209374,26.02917943,0.448386739,0.249514537
54,2,7,10,94900,59,1982,0,-1,44.41284648,26.02917943,0.621653612,0.128874746
55,2,2,4,134900,74,2013,0,-1,44.43850808,26.01121313,0.808803862,0.118694263
50,2,0,7,99900,59,1970,0,-1,44.41926294,26.04714574,0.609383825,0.071316486
50,2,0,4,116900,49,1981,0,-1,44.45133466,26.03816259,0.760854256,0.59128911
56,2,2,10,133000,110,1974,1,-1,44.45147963,26.12655351,0.258850448,0.129126761
68,3,0,7,299000,54,2020,1,-1,44.47416251,26.05501056,0.508683463,0.158061654
47,2,2,3,92279,160,2026,1,0,44.4208597,26.19826014,1.495873097,0.424040935
90,3,2,3,245000,28,2024,1,2,44.48979748,26.0920615,1.349949152,0.421457737
53,2,9,13,106000,181,2007,1,1,44.39135953,26.14294619,1.440517264,0.035498295
156,4,1,7,465000,64,2017,0,-1,44.43695401,26.10404279,0.157687174,0.122998913
49,2,9,10,105000,59,1971,0,-1,44.41786027,26.02669674,0.355512092,0.098464308
68,2,5,7,98700,95,2025,0,0,44.36627171,26.11415959,2.243996722,0.202448475
50,2,2,6,68740,23,2026,1,0,44.36421335,26.11013907,2.635448903,0.241147867
29,1,6,10,69900,157,1974,1,-1,44.41118985,26.16337003,0.303924086,0.142539902
57.5,2,4,4,80500,160,2026,1,0,44.40999228,26.20755979,0.490700094,0.47833803
36,1,1,6,53400,23,2026,1,0,44.36519128,26.11405659,2.330989457,0.177857277
52,2,3,9,90000,5,1966,0,-1,44.38781206,26.1204819,0.588804899,0.140040882
51.39,2,7,10,195000,17,1983,1,1,44.45477,26.07671,0.679202405,0.24295463
245,4,4,8,1490000,67,2021,1,-1,44.47314716,26.10032692,0.668726902,0.364813534
53,2,7,8,75000,73,1967,1,0,44.39675859,26.09702042,0.860205897,0.13626502
52,2,3,8,110000,41,1981,1,0,44.44072919,26.15632663,1.194338256,0.212920011
40,2,1,7,60000,97,2026,1,0,44.4457019,25.98335529,1.782663267,0.708873428
62.57,2,1,3,113000,160,2026,1,0,44.41333285,26.20354802,0.940599853,0.80230777
74,3,0,4,98000,164,1965,0,-1,44.42646,26.17304,0.83735345,0.227881418
61.94,4,9,10,125000,87,1976,0,0,44.4641875,26.1176569,1.582399256,0.292489392
46,2,2,5,159936,31,1930,0,0,44.4361414,26.102684,0.031770686,0.078691421
56,2,4,8,285000,67,2024,1,0,44.47480145,26.11950929,0.692931995,0.391167242
41,1,7,8,88000,92,1990,1,-1,44.43810399,26.03767713,0.508952152,0.271399879
72,3,2,4,128000,95,2020,1,2,44.36791158,26.11002781,2.396615134,0.343015896
79,3,7,7,162000,181,2021,1,2,44.39399,26.14284,1.636358937,0.269357362
35,1,6,6,57000,10,2025,1,0,44.3769913,26.12996605,0.517707241,0.212434054
53,2,9,10,117500,59,1973,1,-1,44.42288618,26.02779156,0.15739737,0.180975787
48,2,4,4,73600,10,1976,0,0,44.37894222,26.12854022,0.547626479,0.087970724
88,3,1,7,550000,84,2017,0,-1,44.48412019,26.06865447,2.056638875,0.400591867
61.5,3,0,5,118000,95,2020,0,0,44.36515959,26.12096671,1.852322356,0.25712379
90,3,5,5,125900,25,2023,1,0,44.37212337,26.11812979,1.602203434,0.231453692
59,2,0,6,95000,25,2026,1,0,44.36337154,26.1117926,2.600884987,0.111995296
70.2,3,2,6,98280,25,2026,1,0,44.3613295,26.11058328,2.762087023,0.334965201
54,2,10,10,89000,164,1981,1,0,44.43130908,26.15807837,0.789392618,0.341944776
49.1,2,2,6,68740,25,2026,1,0,44.36691765,26.10969321,2.480107604,0.39132731
50,2,1,8,125000,59,1975,0,-1,44.41617218,26.02181402,0.085618279,0.111165565
75,3,6,8,247000,169,1995,1,0,44.42111,26.11365,0.492765562,0.167095987
39.5,1,2,6,60825,25,2026,1,0,44.3643856,26.11424366,2.38291572,0.115433827
50,2,1,3,84000,140,2025,0,0,44.39919008,26.08405585,1.133050332,0.121275281
99,4,1,8,189000,25,2023,1,0,44.37745378,26.11041343,1.964514573,0.022417796
61,2,1,5,104500,23,2025,1,0,44.3649358,26.11590421,2.247059593,0.131224719
51,2,5,10,113500,118,1970,1,0,44.4307722,26.14690857,0.699398356,0.271593879
55,2,2,10,230000,126,1990,1,0,44.4530391,26.08054214,0.322120493,0.101817229
75,3,0,7,275000,83,2026,0,0,44.43682687,26.10178501,0.132863942,0.040809533
37,1,1,11,117500,131,2025,1,0,44.40971707,26.08908589,0.814631442,0.182650617
95,3,5,6,135000,23,2025,1,0,44.36819576,26.11502954,2.054060835,0.056415804
38,1,14,16,71990,53,2006,1,0,44.45590025,26.14240853,1.596228334,0.082991883
78,3,3,4,280000,28,2020,1,2,44.50901939,26.0740952,3.721138897,0.65543045
55,2,7,8,186000,135,2024,1,0,44.488898,26.134286,1.672343161,1.051873655
50,2,0,7,160000,76,2017,1,-1,44.441395,26.058148,0.238189229,0.120965024
47.04,2,2,3,76264,160,2026,1,0,44.41518151,26.20727071,1.066861364,0.83832775
64,3,3,7,92000,145,1984,0,0,44.408798,26.06326166,1.999211064,0.248472332
165,5,3,3,795000,135,2017,1,0,44.513268,26.109645,3.665250574,0.210094191
80.02,3,2,3,118755,160,2026,1,0,44.4175448,26.20690913,1.331154046,0.900487707
180,4,3,8,1396000,67,2020,1,0,44.469422,26.106041,1.175910933,0.159194031
83,3,2,7,247900,135,2023,1,0,44.488546,26.132697,1.545794753,0.936101335
80,3,3,7,410000,78,2021,1,1,44.481443,26.089938,0.85770342,0.311200866
72,3,1,10,262000,135,2024,1,0,44.493415,26.127187,1.644908815,1.178047593
45.18,2,7,11,85900,0,2024,1,0,44.42281641,26.17986881,1.371592956,0.194537326
78.74,3,3,11,149600,0,2024,1,0,44.41974346,26.18200179,1.175814357,0.3079753
40,2,0,8,73990,23,1978,0,0,44.38116779,26.12850791,0.572948139,0.177980074
35,2,3,7,109000,135,2023,1,0,44.494026,26.123214,1.572893173,1.008667729
56.01,2,3,11,103100,0,2024,1,0,44.41414964,26.17751098,0.462897396,0.303169367
66.4,3,4,6,279900,155,2025,1,0,44.508903,26.024592,0.657613471,0.192788465
35,2,3,7,119000,135,2023,1,0,44.494026,26.123214,1.572893173,1.008667729
48,2,2,9,74000,10,1970,1,-1,44.37983988,26.12281298,0.9984138,0.213065127
52,2,6,8,161000,80,2025,1,0,44.515305,26.112091,3.866453309,0.16649041
151,4,3,4,485000,11,2004,0,2,44.46542,26.07599,0.833966626,0.25070825
49,2,0,10,73000,5,1968,1,-1,44.38001947,26.11562531,1.532020256,0.209834793
130,4,5,6,530000,78,2022,1,2,44.47697936,26.0920615,0.694601144,0.290405778
47,2,2,9,74000,10,1970,1,-1,44.38194288,26.13013151,0.491763425,0.170746975
49,2,0,10,73000,5,1968,1,-1,44.38203179,26.12105613,1.169580073,0.28026407
66,2,3,9,260000,67,2017,1,1,44.470097,26.111739,1.239459839,0.18769077
53,2,0,7,135000,28,2017,0,-1,44.41817,26.1606,0.520660605,0.364764709
44,2,4,7,124800,168,1963,0,-1,44.4265407,26.1047856,0.350059908,0.029078147
130,3,3,3,259999,155,2025,0,-1,44.51125807,26.01931646,1.015296086,0.167356567
61.3,2,1,3,85819,160,2025,1,0,44.41478909,26.20235126,1.021491962,0.908994054
97.83,3,1,3,130200,160,2025,1,0,44.41544624,26.20093666,1.014321906,0.901366906
152.7,4,0,3,179938,160,2025,1,0,44.41343091,26.19912286,0.747923852,0.705547465
109.1,3,0,3,123399,160,2025,1,0,44.41403919,26.20585395,0.957835134,0.892025892
63.34,2,1,5,85124,160,2025,1,0,44.42056213,26.19835193,1.465276848,0.449707467
60,3,4,10,130000,59,1976,1,0,44.42012401,26.01677956,0.2497641,0.203299195
68,2,4,4,114000,5,1967,0,2,44.3788577,26.1153026,1.596992164,0.236323158
38,2,1,4,57000,23,1973,0,2,44.387164,26.102769,1.380702202,0.201335962
74,3,10,10,126000,164,1968,1,2,44.42567869,26.17290988,0.814872355,0.146386458
31,1,0,7,89900,23,2019,1,2,44.36791158,26.14596042,0.213899902,0.166174515
53.4,2,4,4,100000,53,1988,0,2,44.45373,26.14568,1.737177411,0.261374549
61.2,3,2,4,128000,95,2022,1,2,44.3677284,26.1142555,2.134546977,0.040494464
64,3,1,7,139800,56,1970,0,2,44.41873,26.15056,0.939631465,0.297967464
47,2,4,7,118000,63,1961,1,2,44.4012823,26.0984369,0.395241858,0.05647793
79,3,11,11,300000,18,2022,1,-1,44.47697936,26.11002781,0.666197156,0.088824929
59,2,2,5,95000,23,2026,1,2,44.36791158,26.11002781,2.396615134,0.343015896
53,2,0,3,103600,10,2015,0,2,44.37433296,26.13697727,0.598333594,0.160041621
53,2,1,9,125000,95,2025,1,2,44.36791158,26.13697727,0.54350629,0.232895647
36,2,1,10,65000,10,1974,1,2,44.38075364,26.12799412,0.600369507,0.118698968
74,3,2,10,145000,10,1985,1,2,44.38372,26.1306,0.595529105,0.188216069
47,2,3,4,127500,164,2018,1,2,44.4174359,26.1941736,1.078369867,0.374320118
70,3,4,11,120000,69,2025,1,2,44.4568075,26.1629319,2.422549455,0.087237924
55,2,1,3,130000,169,1936,0,2,44.43209374,26.11002781,0.712307355,0.166090723
67,2,0,9,120000,95,2021,1,2,44.3601558,26.1348363,1.200998612,0.229035767
107,3,3,6,1128206,67,2026,1,0,44.46928998,26.10556839,1.175504947,0.134897239
131,5,4,5,189000,97,1992,0,2,44.43209374,26.00222998,0.228816752,0.087781436
38,2,1,4,60000,23,1969,0,2,44.38717362,26.10104466,1.435217744,0.28213504
52,2,0,4,125000,56,1985,0,0,44.4144472,26.15291835,0.679158247,0.028528317
38,2,7,7,75000,25,2017,0,-1,44.3829478,26.11038966,1.459878597,0.193894857
40,2,4,4,75000,25,1972,0,-1,44.37958964,26.10725288,1.906528717,0.274753728
80,4,4,4,179900,23,1975,0,-1,44.38613749,26.11089127,1.180904507,0.16101112
85,3,1,8,239000,3,2010,1,3,44.42567869,26.12799412,1.024430948,0.052062934
46,2,6,10,105000,66,1966,1,2,44.41284648,26.15494357,0.515901916,0.183643773
56,2,4,4,146500,179,1990,0,2,44.41284648,26.12799412,0.102080383,0.076240234
31,1,10,11,82500,56,1977,0,2,44.41284648,26.13697727,0.771826509,0.193933824
46.64,2,2,7,96900,164,1967,1,0,44.42642715,26.16712776,0.385580416,0.259289082
72,4,3,3,229000,47,1940,0,0,44.42643934,26.0751298,0.95332289,0.211335134
82,2,6,16,224999,14,2011,0,-1,44.4762344,26.1204764,0.581441675,0.276904328
74,3,6,8,239000,106,1990,0,2,44.421282,26.113285,0.511428981,0.145556351
45,2,4,7,75000,177,1967,1,0,44.40642932,26.0920615,0.397405717,0.156046508
78,3,6,10,184900,97,2025,1,0,44.4457053,26.02228694,1.294812805,0.327494462
63.6,2,6,8,93000,65,2012,1,1,44.40642932,26.08307835,1.068661973,0.270577269
54,2,1,8,120000,135,2015,1,2,44.4907,26.15569,3.292901565,1.195851712
74,3,5,5,449900,78,2005,1,2,44.47697936,26.0920615,0.694601144,0.290405778
66,3,1,11,263000,36,2022,1,2,44.47697936,26.06511205,1.347109182,0.316624503
74,3,7,10,125000,92,1975,1,0,44.43512741,26.04384566,0.809167267,0.148787975
61,2,2,4,152000,135,2019,0,0,44.51082505,26.13918486,3.799206162,2.363036679
45,2,6,7,89900,85,1960,0,-1,44.4346915,26.08736832,0.285436871,0.033420013
54,1,4,4,105999,107,2025,1,0,44.40359617,26.16266696,1.108278414,0.215689063
88.6,3,4,4,149999,107,2024,1,0,44.40368406,26.16086307,1.094447525,0.269180368
70,2,2,4,128999,107,2025,1,0,44.40833488,26.16750586,0.67034732,0.349098766
77.95,3,2,4,187999,107,2025,1,0,44.40222682,26.16709672,1.113870661,0.484962185
61.2,2,1,4,114999,107,2025,1,0,44.40439089,26.16219618,1.017229478,0.143287081
97,3,1,2,200000,29,1927,0,1,44.4318224,26.11974921,1.420740999,0.09913007
68,2,1,5,139000,31,1940,1,1,44.4408874,26.09295099,0.657206573,0.086118879
78,3,0,6,129000,25,2026,1,0,44.36791158,26.11901096,1.837699852,0.08863321
83,3,1,7,137000,95,2026,1,0,44.37433296,26.11002781,2.097310542,0.309801789
83,3,2,6,139000,25,2026,1,0,44.37433296,26.11002781,2.097310542,0.309801789
63.84,3,7,7,136800,179,1984,1,0,44.41284648,26.13697727,0.771826509,0.193933824
30,1,9,9,59900,46,1967,1,0,44.43209374,26.16392673,0.584051001,0.296032692
45,2,0,7,97000,70,1959,1,0,44.44492172,26.0740952,0.192426821,0.089732215
80,3,6,7,250000,28,2025,1,-1,44.48779579,26.06511712,2.011046463,0.095700751
194,4,1,5,800000,78,2008,1,0,44.47844977,26.08111643,1.433057284,0.662451007
59,2,7,8,197000,169,2001,1,0,44.42544,26.1118,0.909591985,0.107116566
52,2,3,7,158000,29,2011,0,-1,44.43353086,26.12770912,0.859439298,0.024758934
17,1,2,7,54000,114,1971,0,0,44.42669,26.12512,1.238219982,0.150543503
41,2,4,10,80000,130,1975,1,-1,44.44314244,26.17125622,0.858000786,0.120544391
79.15,3,2,2,339500,163,2017,0,1,44.41887436,26.10373102,0.46353499,0.206731081
56.35,2,0,2,223500,163,2017,0,1,44.41820994,26.10622428,0.402988424,0.338516772
79,3,1,7,105000,53,2006,0,2,44.46415842,26.12799412,1.611729747,0.081976785
25,2,4,4,38000,145,1970,0,-1,44.4069693,26.07061412,2.055262314,0.339246994
45.13,2,1,4,110000,179,2015,0,0,44.40642932,26.14596042,1.455975916,0.080844082
38,2,4,10,83000,59,1973,1,-1,44.41284648,26.02917943,0.621653612,0.128874746
73,3,2,7,145000,23,1985,1,2,44.38075364,26.13697727,0.181762798,0.186483444
51,2,0,7,135000,183,1988,1,-1,44.40364537,26.12095424,1.064028823,0.053816507
51,2,0,7,135000,163,1988,1,-1,44.40338202,26.12090501,1.072045131,0.083241424
60.68,3,5,6,142000,56,1983,0,0,44.41284648,26.14596042,1.066320156,0.261883329
57,2,5,6,71000,44,2017,0,-1,44.43515731,26.1039502,0.121977658,0.108742511
31,1,9,9,58000,59,2017,1,-1,44.42002441,26.04011225,0.415270517,0.223022803
48.94,2,6,8,83000,65,2012,1,1,44.40642932,26.08307835,1.068661973,0.270577269
28,1,7,10,68500,164,1974,1,0,44.42567869,26.16392673,0.122514347,0.049811325
75.87,4,7,10,136500,23,1982,1,0,44.383654,26.102267,1.761924165,0.125077634
56,2,1,3,135000,20,2018,0,0,44.43660052,26.15642727,1.043947096,0.227022666
52,2,1,4,73500,160,2026,1,-1,44.41926294,26.19985934,1.360499468,0.634381472
49,2,3,5,105000,23,2014,0,2,44.37024,26.14811,0.382416925,0.4282456
52,2,2,4,73550,160,2026,0,-1,44.41926294,26.19985934,1.360499468,0.634381472
74,3,6,8,242900,169,1995,1,0,44.41926294,26.11002781,0.390787329,0.100774543
80,3,1,4,235000,52,1990,0,-1,44.43175446,26.12977497,0.692353317,0.013636524
51,2,3,7,95000,1,1961,0,0,44.46981483,26.05508532,0.404357869,0.236532592
126,3,1,3,449000,47,1995,0,0,44.4387419,26.0665843,0.657605776,0.205003002
56.75,2,3,3,93400,160,2026,1,0,44.41135376,26.19564002,0.420067851,0.473137173
58,2,2,5,80600,23,2026,1,0,44.37294652,26.12953411,0.872305055,0.108188141
90.11,3,1,5,119835,160,2027,1,3,44.4190496,26.19956848,1.330469514,0.622645839
48,2,1,6,120000,23,2022,1,2,44.36148949,26.11901096,2.12704494,0.332979017
59,2,3,5,100800,23,2023,1,0,44.3633882,26.15216246,0.913328403,0.352146418
55,2,7,8,153000,135,2024,1,2,44.48879,26.13445,1.67677181,1.03800023
61,2,1,7,76500,23,2027,1,0,44.363267,26.15176912,0.899821965,0.320359854
75,3,8,9,220000,170,1979,0,0,44.43850808,26.10104466,0.324589115,0.107254522
39,1,2,6,57800,23,2026,1,0,44.36124121,26.15056548,1.014639133,0.129332883
75,2,2,2,168000,183,2019,0,0,44.3954949,26.11626187,0.557011298,0.109107463
40.8,2,2,7,76033,160,2026,1,3,44.41254855,26.20600613,0.793648477,0.727548971
49.1,2,2,4,99700,59,1962,0,1,44.42783568,26.06078508,0.247979713,0.076389031
45,1,2,7,57500,23,2027,1,0,44.36345414,26.15180838,0.887684978,0.337592735
51.94,2,1,7,102479,160,2026,1,3,44.41334434,26.20832125,0.858718775,0.786982725
50,2,3,10,109900,164,1977,1,1,44.41926294,26.16392673,0.647646536,0.146887934
71.31,3,1,7,127272,160,2026,1,3,44.41280041,26.2057687,0.825457459,0.754118804
56,2,9,20,330000,18,2023,0,-1,44.47112281,26.1140966,1.081946063,0.406797906
70.81,3,2,3,295000,55,2017,0,-1,44.457386,26.093842,0.967479956,0.171701309
82,4,3,10,293000,55,1980,1,0,44.4482203,26.0995725,0.313369747,0.107476749
41,1,6,10,74000,160,2026,0,0,44.40973316,26.2017646,0.647392543,0.393435074
54,2,1,7,204499,129,2016,1,0,44.42360511,26.0781964,1.283748029,0.189496206
58,2,5,7,178999,55,1982,1,-1,44.45299056,26.10094094,0.381236005,0.04561188
46,3,6,10,96890,59,1973,1,0,44.4220196,26.0251323,0.147093858,0.148379974
75,3,8,10,202799,165,1976,1,0,44.45259231,26.07373139,0.533753854,0.02607439
34,1,3,4,92999,14,2022,0,1,44.49081137,26.09686491,1.323244558,0.545342279
50.5,2,0,5,130000,14,2021,0,1,44.48979748,26.10104466,1.184339177,0.671231069
160,4,3,6,229000,135,2009,1,0,44.49620549,26.13697727,2.363201414,1.681829477
57,2,16,24,122000,53,2009,1,0,44.45121297,26.14644114,1.557089289,0.002094776
121,4,8,10,677600,67,2020,1,0,44.46983741,26.11072297,1.293864292,0.105226342
150,3,0,5,478209,169,2024,1,1,44.42938617,26.11803022,1.36053425,0.176887667
79.4,3,1,5,134000,23,2025,1,0,44.36575341,26.1159856,2.177440655,0.198755405
48,2,2,7,155000,179,2018,1,-1,44.4121903,26.1301986,0.228917432,0.173472204
46.28,2,4,7,89000,63,1960,1,-1,44.40456103,26.09616697,0.011619628,0.03746853
66,2,1,7,129000,130,2015,1,0,44.44836,26.17146,1.435177834,0.449087773
42,1,5,10,95000,130,2018,1,0,44.43761,26.191,0.35616829,0.253747108
115,4,2,4,230000,169,1939,0,-1,44.422273,26.102823,0.668166161,0.1893307
54,2,7,7,139500,160,2018,0,0,44.41056997,26.19898346,0.499142794,0.387720842
57,2,5,5,96500,23,2025,1,0,44.36852704,26.1129528,2.165211129,0.120299931
89,4,6,7,180000,111,1982,1,-1,44.38739055,26.13185317,0.911319047,0.188510429
59.42,2,0,4,137990,58,1983,1,1,44.42002541,26.05574129,0.695130516,0.303696354
65,3,0,4,125000,57,1975,0,0,44.38846003,26.10080459,1.318084952,0.322514809
89,3,0,8,329999,14,2020,1,0,44.4858977,26.0953322,0.845148579,0.105124473
112,2,3,7,244990,135,2007,1,0,44.48393062,26.10899903,0.704656413,0.084154892
95,3,1,4,305000,62,2025,1,1,44.44860351,26.10671183,0.47094264,0.059053462
83,3,1,10,369000,55,1981,1,0,44.44805494,26.0967859,0.259962413,0.135095853
112,4,2,6,395000,18,2018,1,0,44.4749101,26.11078629,0.79179655,0.150590277
54,2,0,5,119900,135,2025,1,0,44.49276771,26.12133913,1.394674293,0.808671902
93,3,5,5,169000,170,1931,1,0,44.430683,26.10403855,0.372693068,0.196668588
43,2,1,7,116500,1,1964,1,0,44.46880574,26.05785509,0.649984962,0.054667708
93,3,7,10,330000,152,2022,1,0,44.50709667,26.02457897,0.45684039,0.027058664
46,2,5,7,110000,110,1962,1,0,44.4387701,26.13438984,0.262204107,0.227342434
37,2,2,8,68900,97,2010,1,0,44.44433371,25.9732809,2.0428468,0.94645075
20,1,0,2,73000,31,1950,0,0,44.42967899,26.10446429,0.32509184,0.15848824
103,3,2,5,599000,67,2009,1,0,44.47171969,26.10522073,0.916110891,0.202848561
88,4,0,1,235000,42,1918,0,0,44.43934692,26.08189927,0.692807451,0.105432481
121,4,5,20,635000,67,2022,1,0,44.47090119,26.10946873,1.173381818,0.187983878
45,1,8,9,65000,70,1960,1,0,44.44614548,26.07815445,0.312266847,0.096080061
63,2,3,4,174000,80,2025,1,0,44.51435436,26.11522744,3.745618695,0.423278596
31,1,10,10,126000,1,1961,1,0,44.46860043,26.0484035,0.312182288,0.131293404
82,3,1,4,249000,80,2025,1,0,44.51564236,26.11618966,3.887347506,0.49362523
101,4,0,4,369000,80,2025,1,0,44.51579731,26.11540888,3.905616858,0.434734513
63,2,3,4,174000,80,2025,1,0,44.51575083,26.11151867,3.920245864,0.137972625
37,1,1,4,120000,80,2025,1,0,44.50981291,26.11221601,3.257827497,0.617767898
61,2,7,9,299000,78,2019,1,0,44.4799151,26.09256237,0.616834324,0.046473714
56,3,0,7,79000,1,1963,1,0,44.47254298,26.05279461,0.257680923,0.177364635
54,2,7,10,187500,14,2026,0,0,44.48288235,26.10943256,0.62091054,0.102328244
76,3,3,3,315000,87,2015,0,0,44.46706293,26.12685948,1.718480342,0.054478876
84,3,5,5,269900,28,2026,0,0,44.48989812,26.09130213,1.389602685,0.396056633
70,3,1,8,149900,49,1985,1,0,44.45772157,26.0488346,0.660045922,0.333458717
71,3,1,8,218000,12,1933,1,0,44.43904831,26.09958635,0.43531795,0.054347505
50,2,8,8,119990,101,1981,1,0,44.445061,26.12034269,0.618894643,0.136588381
139,3,0,5,590000,78,2007,1,0,44.48150902,26.08530569,1.215199551,0.610945743
55,2,3,11,178900,76,2016,1,0,44.44136915,26.0633921,0.276845811,0.158118539
43,2,0,8,125000,87,1965,0,0,44.45697079,26.11592019,0.933045516,0.368575135
62,2,2,3,150000,141,2018,0,0,44.40415582,26.00086624,2.138319952,0.645963982
34,1,3,4,92999,14,2022,1,0,44.49576021,26.10116363,1.847124567,0.140098795
39,2,3,4,182000,84,1960,0,0,44.45402939,26.08331052,0.243081581,0.059218643
45,1,6,6,133000,135,2025,1,0,44.4917834,26.12366198,1.354507379,0.847465448
170,4,6,6,530000,135,2025,1,0,44.49040328,26.12312512,1.197379965,0.718898242
129,5,2,7,450000,55,2010,1,0,44.45598949,26.1010501,0.515320784,0.16157222
54,2,4,11,159675,135,2026,1,0,44.4784683,26.12528132,0.729478141,0.031864054
48,2,8,8,119000,110,1984,1,0,44.45139592,26.11902233,0.436235323,0.077127118
45,2,13,15,60500,181,2017,0,-1,44.39946583,26.14374923,1.852176953,0.092102224
48,2,0,3,112000,135,2026,1,0,44.50056359,26.16939839,4.733776347,2.577758205
72,3,0,4,72400,23,2025,0,-1,44.34292878,26.15706055,0.587310614,0.393529148
105,3,5,7,399000,162,2015,1,0,44.41168098,26.11835124,0.682607587,0.11700921
56.84,3,0,4,147900,56,1967,0,0,44.41284648,26.15494357,0.515901916,0.183643773
54,2,2,11,158675,135,2026,1,0,44.47848584,26.12166194,0.468307052,0.043486712
200,6,3,4,725000,55,2006,1,0,44.45736705,26.09647823,0.89434663,0.056623824
121,4,2,4,425000,55,2006,1,0,44.45406595,26.09978005,0.493786813,0.090427583
120,4,4,7,464000,135,2010,1,0,44.51429873,26.10617646,3.82858629,0.213726405
78,3,3,11,291730,14,2026,1,0,44.48390083,26.12415513,0.696158567,0.184050135
78,3,3,11,291730,14,2026,1,0,44.47987231,26.12081295,0.344145422,0.197036928
54,2,2,11,159675,14,2026,1,0,44.48242838,26.12397291,0.614218212,0.065149045
54,2,2,11,159675,14,2026,1,0,44.48436743,26.12038201,0.506456925,0.228822136
38,2,8,10,69000,25,1976,1,0,44.38544773,26.10922036,1.33223452,0.104296808
69,3,10,10,139900,26,1975,1,0,44.4524808,26.12312957,0.294329446,0.279353422
54,2,2,11,159675,14,2026,1,0,44.47979183,26.12308284,0.521704043,0.169873432
78,3,3,11,291730,14,2026,1,0,44.47884047,26.11964699,0.315323356,0.208132571
106,6,10,12,244900,69,2025,1,0,44.45275839,26.16693357,1.926429418,0.312048083
57,2,1,4,185000,87,2024,1,0,44.45659272,26.14248462,1.63513084,0.131826678
84.5,3,4,7,295000,162,2014,1,0,44.41284648,26.11901096,0.618706137,0.160564976
57,2,0,10,210000,135,2019,0,0,44.49960473,26.13546679,2.580635895,2.078266258
74,3,4,10,189000,87,1978,1,0,44.46023574,26.11381328,1.047957676,0.042897316
57,2,0,8,182000,55,1983,0,0,44.45225706,26.09854269,0.573850391,0.126678003
77,3,5,8,164990,2,2014,1,0,44.41793941,26.06804947,1.271342067,0.290806987
31,1,9,10,73900,92,1972,1,-1,44.43209374,26.02917943,0.448386739,0.249514537
85,3,1,4,305000,14,2025,1,0,44.48463214,26.09997964,0.608783609,0.201041567
49,2,4,4,110000,40,2024,1,0,44.48610795,26.01606891,1.560524455,0.174126296
50,2,4,4,112000,40,2024,1,0,44.48722253,26.01159584,1.796945925,0.34778449
43,2,6,10,82000,96,1963,1,0,44.44302648,26.12953798,0.365996923,0.040143425
68,3,3,4,287000,138,2000,0,0,44.45131079,26.10322648,0.257627575,0.226001023
63,3,1,11,263000,113,2020,1,0,44.47890422,26.0569039,1.017508692,0.074063245
120,4,4,5,349900,135,2009,1,0,44.51670388,26.11223551,4.020343639,0.248082462
62,3,5,9,115000,186,1963,1,0,44.45449715,26.12324945,0.51252376,0.396931283
49,2,2,2,152000,39,2025,0,0,44.46797971,26.04663945,0.449078887,0.280179626
90,4,0,8,159000,49,1986,1,0,44.45809838,26.04563872,0.71538349,0.287170879
64,3,5,10,125000,110,1963,0,0,44.44562934,26.12809288,0.572839174,0.096422843
47,2,4,10,133000,59,1972,1,0,44.41931348,26.02780886,0.462231264,0.188966848
31,1,1,10,71990,110,1970,0,0,44.46022771,26.12920136,1.214005114,0.19165177
50,2,4,10,114000,26,1975,1,0,44.44838247,26.12684404,0.27634568,0.101203225
49,2,1,10,205000,18,2025,1,0,44.47870008,26.11255003,0.391521831,0.117281978
68,3,1,10,120000,87,1976,0,0,44.45992787,26.11989033,1.161295331,0.217121741
37,2,2,6,96000,120,1959,0,0,44.44691336,26.09631844,0.160410785,0.038234235
60,3,4,8,122000,49,1977,1,0,44.4576403,26.05601503,0.423104373,0.236687134
52,2,0,8,105000,49,1977,1,0,44.45758165,26.05523798,0.456056377,0.175628439
43,2,6,7,128000,186,1961,0,0,44.4525156,26.10959821,0.308056419,0.186257075
66,3,1,2,154999,54,2012,0,0,44.47493926,26.0492121,0.439766363,0.205567035
130,3,3,3,135000,28,2025,0,0,44.49581487,26.0733559,2.825921996,0.226265468
71,3,2,2,285000,39,2026,0,0,44.46941499,26.04876886,0.219595602,0.1359285
54,2,1,2,171000,39,2026,0,0,44.46707131,26.04870662,0.46125614,0.201923807
29,1,3,7,93000,42,1945,0,0,44.43753677,26.0848425,0.655195065,0.133094283
57,3,6,8,119999,75,1952,1,0,44.4548888,26.06206796,0.725544508,0.127052262
75,2,2,5,268004,135,2026,1,0,44.51867054,26.14603523,4.825079192,2.883649987
48,2,0,5,145000,28,2015,0,0,44.53666432,26.09903478,6.379132892,0.369607944
58,2,2,7,153000,49,2022,1,0,44.45752809,26.04644001,0.640729623,0.312911034
54,2,2,2,165000,39,2025,0,0,44.46784064,26.04404474,0.611920235,0.484778888
90,3,2,3,300000,31,1968,0,0,44.45297588,26.09279754,0.683043477,0.10267884
45,2,6,9,124900,125,1960,1,0,44.44095026,26.0963854,0.546132341,0.213781314
42,2,2,4,158000,42,1960,0,0,44.44018226,26.08199462,0.765426283,0.073261954
89,4,4,4,284292,135,2025,1,0,44.52366514,26.14402866,5.250152314,2.859303406
50,2,4,4,139900,28,1983,0,0,44.49299905,26.08455186,1.980261386,0.086733734
48,1,9,10,133300,179,2001,1,0,44.42016432,26.12148956,0.752196296,0.334438165
110,4,3,7,293000,55,1980,0,0,44.44981053,26.10013727,0.49126328,0.288187022
53,2,8,10,99000,0,1980,0,2,44.40642932,26.17290988,0.471389493,0.510350648
50,2,4,9,165000,125,1962,1,0,44.44335901,26.09468702,0.354499052,0.206564886
43,1,10,10,145000,42,1990,0,0,44.44063994,26.07537537,0.626932027,0.203667932
60,3,2,17,163000,124,1959,1,0,44.42782467,26.09940625,0.130163026,0.129830504
50,2,1,12,168000,14,2026,1,0,44.48034936,26.1101326,0.516584008,0.148238385
84,4,4,10,123000,44,1978,1,0,44.46799998,26.14629051,2.67083428,0.069535729
60,3,2,10,130000,110,1969,1,0,44.4551584,26.12608282,0.601885233,0.194668763
45,2,1,7,146836,135,2025,1,0,44.5203851,26.14425306,4.928369055,2.777386464
57,2,3,7,175000,135,2020,1,0,44.49104325,26.11822056,1.158812246,0.521349557
80,3,2,10,255000,135,2020,1,0,44.48863206,26.13205943,1.509933951,0.910302933
35,1,3,3,90000,61,2012,0,0,44.4902437,26.05287428,1.27394577,0.199714553
84,3,3,5,410000,109,2020,1,0,44.48209699,26.08891914,0.957510854,0.333239155
73,3,0,5,279000,152,2018,0,0,44.5059093,26.05239115,2.065522568,0.353442708
56,2,1,10,137900,135,2024,1,0,44.4930814,26.12130778,1.427660291,0.836570773
53,1,2,4,150000,170,1940,0,0,44.4332362,26.09826375,0.462121615,0.298989695
43,2,2,7,120000,120,1960,1,0,44.44589255,26.096244,0.106782746,0.11388932
38,1,4,4,104500,52,1986,0,0,44.42950148,26.13465272,0.447610527,0.200841179
60,2,10,11,199000,14,2025,1,0,44.47860202,26.10995037,0.578087215,0.156866701
33,2,9,9,89000,150,1959,1,0,44.4391264,26.09652794,0.614491007,0.125511981
18,1,2,6,79000,124,1960,1,0,44.42924846,26.09131464,0.421986791,0.034183706
145,4,6,7,800000,78,2019,1,0,44.48241467,26.08978713,0.906589901,0.258018777
138,3,6,7,800000,78,2019,1,0,44.48223247,26.09281534,0.682610746,0.201519988
136,4,6,7,850000,78,2018,1,0,44.48476776,26.0910755,0.959262745,0.123290891
45,2,8,10,179000,93,1960,1,0,44.43778312,26.10330378,0.217611758,0.189524093
50,2,7,10,148000,101,1981,1,0,44.44397394,26.11755449,0.842764625,0.061405255
43,2,8,9,142000,115,1969,0,0,44.43716483,26.09818764,0.391857128,0.130216619
89,4,1,3,175000,169,1936,0,0,44.43350298,26.12085502,1.276969875,0.084151169
70,3,0,7,170000,49,1991,1,0,44.45225686,26.04237159,0.42722307,0.354574724
65,3,4,10,129999,26,1975,1,0,44.44733856,26.12835657,0.442865499,0.185398328
40,2,-1,7,109000,67,1965,0,0,44.46475785,26.10272043,1.300166109,0.12372392
40,2,0,5,90000,31,1946,0,0,44.44840873,26.0833214,0.402932019,0.101636165
54,3,4,5,98000,73,1973,0,0,44.38287728,26.09843283,1.95558385,0.319289931
77.61,2,2,7,255000,80,2009,1,0,44.51542529,26.10104466,4.032878773,0.229364161
50,2,3,7,145000,124,1962,1,0,44.43826122,26.09701854,0.529077083,0.023278858
36,1,2,9,100000,124,1976,1,0,44.42527422,26.09590262,0.514081484,0.151785373
124,4,3,4,430000,14,2025,1,0,44.48731863,26.09636805,0.958323772,0.209453647
92,4,6,8,228000,95,2023,1,2,44.36148949,26.13697727,0.98252848,0.046452318
37,2,3,3,145000,67,1960,0,0,44.46261597,26.10611212,1.094008497,0.190950421
71,3,9,13,225500,23,2024,1,2,44.38717362,26.11901096,0.692935789,0.138928174
70,3,6,8,142900,10,1985,1,2,44.38075364,26.13697727,0.181762798,0.186483444
66,3,3,7,205000,29,2013,1,0,44.4388155,26.13816398,0.465995415,0.165313519
50,2,4,9,165000,93,1962,1,0,44.44447817,26.09962576,0.21801149,0.115479996
54,2,4,11,159675,18,2027,1,0,44.48301925,26.12548279,0.749020192,0.097129011
54,3,0,3,160000,23,2003,0,0,44.36108332,26.14950915,0.987292837,0.047666562
71,3,9,10,117000,87,1975,1,0,44.46547883,26.13200385,1.83869418,0.256158635
105,4,4,4,229000,86,2022,1,0,44.46096776,26.03682244,1.333697096,0.329277816
60,3,4,10,160000,163,1977,1,0,44.41055114,26.11189833,0.691765873,0.137272457
107,3,5,13,289000,18,2010,1,0,44.47562585,26.11671237,0.562481642,0.250473414
151,5,10,11,591180,135,2026,1,0,44.48142436,26.12509859,0.67712184,0.101319233
121,4,10,11,360050,135,2026,1,0,44.48335607,26.12452639,0.693558809,0.118429519
71,3,4,11,216350,135,2026,1,0,44.48334765,26.12354041,0.623333827,0.151737865
54,2,5,11,159675,135,2026,1,0,44.47997973,26.12038481,0.308245761,0.22690948
51,2,2,8,130000,15,1976,0,2,44.42567869,26.14596042,0.735683077,0.142077275
131,3,6,6,539000,152,2009,1,0,44.4973306,26.0520161,1.633755613,0.647109526
132,4,15,23,722000,67,2026,1,0,44.47736394,26.10344228,0.321676335,0.254854077
122,4,3,8,680000,18,2023,1,0,44.47467593,26.1161791,0.669011321,0.36153847
53,2,3,8,204900,18,2023,1,0,44.47402004,26.11177868,0.834894331,0.273374222
39,2,5,7,124000,170,1960,1,0,44.43201487,26.1013231,0.432029871,0.188916455
42,2,8,12,134000,115,1960,1,0,44.44221029,26.09360185,0.507898258,0.214645362
42,2,1,10,78000,53,1975,1,0,44.45898363,26.13003995,1.110974389,0.11116808
199,5,8,9,699000,78,2009,1,0,44.49077213,26.08974219,1.537462347,0.241233535
44,2,5,7,78000,97,2018,1,0,44.446373,25.975915,2.101000623,0.854977974
47,2,7,7,124000,1,1963,1,0,44.46977524,26.05304824,0.260893647,0.134282589
26,1,4,7,85000,125,1936,0,0,44.43557808,26.10302829,0.037567886,0.134372631
156,4,3,4,465000,96,2026,1,0,44.44409581,26.12725051,0.582295791,0.105417189
103,3,4,4,284400,96,2026,1,0,44.44559924,26.12796385,0.570088929,0.08878065
63,3,2,4,127000,9,1984,0,0,44.43887459,26.00946933,0.734071073,0.077961799
106,4,3,4,289900,96,2026,1,0,44.43952281,26.13107104,0.225974362,0.200143424
100,3,0,4,339900,78,1991,1,0,44.48739781,26.08505568,1.514835903,0.191550365
41,2,7,7,129500,55,1976,1,0,44.4524727,26.09600965,0.753806919,0.140938196
51,2,5,7,187000,124,2024,1,0,44.4267893,26.12312617,1.365024445,0.131791565
46,2,5,6,190000,64,2021,1,0,44.43911508,26.12563947,0.626731535,0.173600007
50,2,7,7,189000,96,2021,1,0,44.41193911,26.13196002,0.368657051,0.282034779
43,2,1,7,135000,12,2008,0,0,44.43456729,26.12964646,0.735076854,0.192264625
35,2,0,10,138000,126,1975,0,0,44.45174384,26.08177008,0.203074423,0.11465841
58,3,9,10,137000,81,1969,1,0,44.4413602,26.13177321,0.11560524,0.067651959
153,4,1,2,249000,27,1992,0,1,44.4933127,26.038939,0.583159735,0.432813016
75,3,4,4,235000,155,2022,1,0,44.49338186,26.06961316,2.578742605,0.45843454
53,2,0,6,128000,27,2024,1,0,44.49204477,26.00603977,1.919152862,0.434272086
46,1,1,6,110400,27,2024,1,0,44.49836423,26.00578375,1.589630888,0.970430086
56,2,3,7,174900,92,2023,1,0,44.42652525,26.02313981,0.425467216,0.013493077
56,2,0,5,168000,92,2023,1,0,44.43010415,26.02037205,0.448862192,0.202648564
117,3,3,4,169000,44,2011,0,0,44.4730859,26.14897727,2.702187015,0.042569089
31,1,2,9,49000,5,1966,1,0,44.37952933,26.12028661,1.19882832,0.17289536
73,3,0,3,279900,152,2018,1,0,44.49988567,26.05016125,1.573396748,0.382305868
43,2,4,7,94999,70,1965,1,0,44.44840058,26.07756403,0.32529163,0.153849762
90,3,5,6,186000,120,1938,0,0,44.44748548,26.08906279,0.624670319,0.080926419
81,4,2,4,210230,14,2026,1,0,44.49434273,26.09727431,1.70472092,0.343270921
69,3,1,7,177522,14,2026,1,0,44.49168533,26.09407207,1.476757174,0.501739172
51,2,0,4,214000,14,1985,0,0,44.48108244,26.09709577,0.329952699,0.253694864
58,2,3,4,136385,14,2026,1,0,44.48965234,26.09394512,1.269756895,0.372080684
34,1,5,8,119900,28,2013,1,0,44.51169837,26.1045814,3.578533932,0.413658296
47,2,14,18,149000,14,2025,1,0,44.48395119,26.10675044,0.740569258,0.148343822
43,2,5,8,75000,101,1939,1,0,44.43968051,26.11272937,0.89717538,0.234004462
66,3,8,10,143000,87,1971,1,0,44.46153116,26.11938349,1.343652776,0.065295177
45,2,7,7,108000,1,1962,1,0,44.46940814,26.0535031,0.31378319,0.152367926
70,2,10,10,195000,179,2010,1,0,44.41009464,26.12421177,0.330130086,0.1352943
95,4,1,4,495000,67,2026,1,0,44.46656613,26.11394031,1.584244099,0.446479877
40,2,4,4,41500,73,1977,0,0,44.39102745,26.08639713,1.687807379,0.030677573
74,3,1,4,328000,67,2027,1,0,44.47119138,26.11285288,1.09718522,0.331557582
56,2,1,4,229000,67,2027,1,0,44.46614425,26.10916852,1.510706136,0.210689134
48,2,4,7,144900,28,1982,0,0,44.4889686,26.08499956,1.629695032,0.100211317
44,1,4,10,104900,152,2025,1,0,44.50242114,26.04585687,1.418364138,0.167144529
67,3,7,11,289000,135,2024,1,0,44.48699064,26.11953779,0.738307319,0.307742414
70,3,5,10,99990,87,1976,1,0,44.46659027,26.12811344,1.812902174,0.069300171
41,2,3,4,137900,135,2021,1,0,44.49186729,26.11973812,1.267779957,0.656784353
40,3,5,8,174900,163,1986,1,0,44.4135581,26.10980474,0.429173273,0.249811649
79,3,2,4,255000,135,2026,0,0,44.50354828,26.13503088,2.931686998,2.283343892
50.06,2,4,7,155000,14,1987,0,0,44.48338877,26.10104466,0.474158663,0.218764923
88,3,0,2,460000,142,1954,0,0,44.46486711,26.09061189,0.359120693,0.267278128
37,2,4,7,124900,124,1958,0,0,44.43139029,26.10546276,0.507175999,0.078441969
72,3,1,4,247500,135,2026,1,0,44.50459002,26.13441984,3.009653609,2.263760374
56,2,3,5,146000,97,2023,1,0,44.42737289,26.02146268,0.578275342,0.169675463
56,2,0,5,139000,97,2023,1,0,44.43186441,26.02244048,0.261135048,0.257678055
60,3,4,4,277000,26,2025,1,0,44.45481596,26.12845908,0.643264052,0.056432963
71,3,3,4,247500,14,2025,1,0,44.48504854,26.09845216,0.670276511,0.158372305
85,3,0,4,449990,155,2020,1,0,44.49742248,26.06223465,2.289621792,0.364343206
30,1,0,10,58000,110,1965,0,0,44.44506138,26.12402828,0.541414566,0.256480514
126,3,0,8,595000,11,2010,0,0,44.46613954,26.07192425,1.152782773,0.263587695
118,4,0,7,537700,78,2009,1,0,44.486733,26.08790827,1.292242558,0.405113427
118,3,0,2,770000,78,2000,0,0,44.48281063,26.08356901,1.38536066,0.605679081
49,2,2,7,152990,18,1961,1,0,44.45434277,26.10724818,0.211147611,0.224999778
83,3,1,6,329000,135,2024,0,0,44.52014659,26.11180385,4.404681564,0.574706702
82,3,1,4,250000,135,2012,0,0,44.49240456,26.13247506,1.810814073,1.278252959
48,2,5,5,110000,135,2009,0,0,44.51138572,26.1093822,3.46189743,0.420358799
96,3,1,6,406000,135,2024,0,0,44.51631872,26.11213542,3.978381248,0.213865868
150,5,-1,2,273000,13,1940,0,0,44.46198168,26.09023988,0.551270561,0.342427819
40,2,3,3,120000,135,2024,1,0,44.49701164,26.12703429,1.994434759,1.456423008
160,5,2,5,1750000,142,2005,1,0,44.47340242,26.09455033,0.784601748,0.455163772
150,4,2,10,850000,67,2025,1,0,44.47483407,26.11604335,0.652129023,0.34671839
97,3,1,10,224480,152,2025,1,0,44.50575834,26.0429711,1.477505457,0.173246143
77,3,3,4,187000,152,2008,1,0,44.51395809,26.02493953,1.219689744,0.510284613
52,2,3,10,265000,67,2025,1,0,44.47347198,26.10965094,0.974400446,0.261416984
52,2,10,10,135000,118,1978,1,0,44.42989881,26.14648824,0.701304621,0.373641271
136,4,2,4,850000,55,2014,1,0,44.4560321,26.09694972,0.785442218,0.202968853
88,3,0,7,446000,14,2022,1,0,44.48062794,26.10805102,0.638894389,0.27361205
125,3,8,16,370000,67,2017,1,0,44.47880985,26.11632874,0.209735524,0.12102463
46,2,1,7,139500,64,1964,0,0,44.44484045,26.12981439,0.506103474,0.075550791
82,3,1,7,312000,135,2010,1,0,44.5112257,26.09965509,3.565760283,0.574184534
65,3,5,7,174900,163,1976,1,0,44.41482247,26.10819519,0.280076835,0.142987888
53,2,3,4,135000,135,2017,1,0,44.51249704,26.1399753,3.992858617,2.394558188
69,2,5,7,299900,162,2023,1,0,44.41538987,26.11359035,0.144860803,0.100809885
65,2,5,7,170000,135,2023,1,0,44.49488676,26.12618713,1.751923228,1.232755218
58,2,0,7,260000,78,2020,0,0,44.49292442,26.08746184,1.836778969,0.059225153
150,4,0,7,500000,135,2020,0,0,44.49173095,26.13587759,1.959842425,1.249238812
34,1,0,7,161200,101,2025,1,0,44.44503279,26.12416538,0.544557159,0.247898845
57,2,4,4,233500,101,2025,0,0,44.44343052,26.12229181,0.737136006,0.214747475
44,2,3,7,163000,101,2025,0,0,44.44583799,26.12522986,0.463461708,0.140481708
41,2,3,3,115000,135,2024,1,0,44.49186953,26.12427876,1.38398945,0.890755893
43,2,3,9,92000,186,1964,1,0,44.45027922,26.11620352,0.629590338,0.115831347
49.41,2,3,11,176900,76,2016,1,-1,44.43850808,26.06511205,0.597206182,0.245619
51,2,1,7,150000,101,1982,1,0,44.44436562,26.11742617,0.815585255,0.088434087
40,2,1,3,165000,42,1940,0,0,44.43898657,26.08729175,0.707294429,0.109888971
40,2,4,7,97999,70,1965,1,0,44.44626352,26.0749515,0.068014684,0.082044783
56,2,7,8,157000,135,2025,1,0,44.49136137,26.13589865,1.935673503,1.211890866
76,3,2,5,130000,107,2025,1,0,44.39156744,26.15190225,1.870689476,0.281342301
108,4,0,5,420000,87,2025,1,0,44.45806934,26.11473849,0.925449341,0.217374609
59,3,0,5,240000,87,2025,1,0,44.46150869,26.11537425,1.235767671,0.227804961
59,3,0,7,220000,87,2025,1,0,44.4613795,26.11544777,1.228172888,0.22017279
82,3,0,2,210000,69,2019,0,0,44.45935755,26.16079899,2.737851044,0.250596715
37,2,8,10,133900,31,1974,1,0,44.44851767,26.08005484,0.50310979,0.189096344
46,2,2,3,160000,158,2018,1,0,44.47497787,26.1265179,1.009160063,0.403989613
68,3,3,3,148500,69,2025,1,0,44.46753161,26.17914466,3.171986934,0.392273506
118,4,10,10,300000,152,2026,0,0,44.50398748,26.02886199,0.344523054,0.291713346
76,3,1,10,198200,152,2026,0,0,44.50244622,26.03115593,0.511693755,0.383789757
65,2,1,10,154800,152,2026,0,0,44.50256476,26.0320575,0.581534093,0.425757252
65,2,1,10,147200,152,2026,0,0,44.50463425,26.03283863,0.667088669,0.242444572
47,2,10,10,133400,152,2026,0,0,44.50419233,26.03101252,0.51440515,0.391923441
77,3,9,10,267000,135,2022,1,0,44.48754665,26.12093506,0.836129587,0.427115789
58,2,3,4,136300,14,2027,1,0,44.48783374,26.09195801,1.168030903,0.24223563
29,1,3,4,106485,101,2026,1,0,44.4422089,26.12393448,0.741679375,0.298932923
26,1,2,7,97743,101,2026,1,0,44.44601901,26.12303877,0.44327091,0.13200339
40,1,0,4,167087,101,2026,1,0,44.44371426,26.12645416,0.61147859,0.175366734
20,1,3,4,78461,101,2026,0,0,44.44753253,26.12284169,0.285245149,0.03795954
93,4,2,3,355000,135,2018,0,0,44.47401633,26.12246735,0.874305138,0.323092596
72,3,4,7,270000,169,1991,1,0,44.43431266,26.11426577,0.928566682,0.164505447
187,5,0,4,1230000,101,2025,1,0,44.44751405,26.12373552,0.27036985,0.082970718
76,3,1,4,264000,101,2025,1,0,44.44476704,26.12729956,0.627128661,0.122187313
55,2,3,4,185500,101,2025,1,0,44.44268383,26.12789581,0.456756431,0.170444678
47,2,0,4,218000,101,2025,1,0,44.44291014,26.12421813,0.738799435,0.363045515
96,3,5,10,216000,152,2025,1,0,44.50613629,26.04310589,1.497215813,0.214514611
65,2,5,10,147000,152,2025,1,0,44.50123914,26.04321691,1.172810904,0.327238828
58,2,1,5,344990,78,2022,1,0,44.48388505,26.092225,0.826309528,0.011908677
44,2,-1,7,85000,67,1960,0,0,44.45549512,26.09780722,0.697875889,0.239910348
87,3,0,7,209900,80,2013,1,0,44.51897718,26.1419476,4.707802534,2.56838876
55,2,0,5,116000,135,2025,1,0,44.49560026,26.1242464,1.765308701,1.198784893
48,2,8,8,112000,87,1986,1,0,44.46297589,26.12412366,1.450636514,0.069083531
55,2,6,9,229000,18,2025,1,0,44.47289993,26.11352406,0.899881043,0.442986789
80,3,4,4,189900,135,2019,1,0,44.49391582,26.1341339,2.023226407,1.489163249
114,4,5,5,475000,30,2014,1,0,44.44781841,26.0706878,0.313783901,0.224010035
123,4,1,5,320000,135,2009,1,0,44.50883177,26.11134679,3.157784891,0.709478711
55,2,3,11,208000,14,2023,1,0,44.47623673,26.10561729,0.534846357,0.112581104
63,3,1,4,215000,120,1960,0,0,44.44920841,26.09911423,0.399438062,0.219945549
32,1,8,11,98900,165,1980,1,0,44.45544609,26.07804145,0.630524957,0.11374154
106,2,3,16,345000,135,2012,1,0,44.4824607,26.11534528,0.222193001,0.191759625
73,2,4,5,200000,14,2024,1,0,44.48756029,26.08840242,1.325867622,0.395928206
64,3,3,10,148000,151,1996,1,0,44.41284648,26.0740952,1.990869909,0.032680359
62,3,5,10,125000,44,1968,1,0,44.45465077,26.12527974,0.532936448,0.238011749
56,2,6,10,265000,67,2024,1,0,44.47499863,26.10926016,0.850624726,0.10847616
50,2,10,10,118900,163,1978,1,0,44.41220466,26.10935697,0.468320134,0.169964218
93,3,8,8,550000,124,2024,1,0,44.42401147,26.11420521,0.817590431,0.284325382
65,2,3,7,106000,10,2025,1,0,44.37331026,26.12733,0.946578949,0.236910228
54.8,2,4,4,180000,135,2020,1,-1,44.49620549,26.12799412,1.947263843,1.437714989
118,4,4,4,385000,81,2024,1,0,44.44050548,26.13644679,0.269573756,0.121137778
220,4,0,4,2750000,55,2025,0,0,44.45649041,26.09218674,0.802684576,0.328645742
95,3,2,7,280000,124,1989,1,0,44.42453351,26.10586219,0.557216802,0.200032859
90,3,0,4,335000,135,2021,1,0,44.51695263,26.13133942,4.198303543,1.703608148
75,3,1,7,320000,116,1974,1,0,44.45824424,26.092658,0.962727418,0.19985583
175,4,3,7,550000,2,2025,1,0,44.42229344,26.07895304,1.437720818,0.338962901
70,3,8,9,129900,17,1976,1,0,44.44957507,26.07194805,0.309536963,0.128344423
151,3,3,4,550000,2,2025,1,0,44.42428611,26.07754728,1.201459706,0.100700604
160,5,5,5,1100000,42,2007,1,0,44.43691146,26.08872126,0.454769573,0.170377254
54,2,3,8,168000,42,1975,1,0,44.43248326,26.09514272,0.413582222,0.249568167
110,3,2,7,255000,51,1939,0,0,44.44183206,26.11754969,1.040600677,0.146815767
107,6,1,2,259000,12,1940,0,0,44.44301021,26.12100753,0.808141934,0.146817065
54,2,0,4,154422,14,2027,1,0,44.49263094,26.09630881,1.530316606,0.548069856
200,6,3,5,549000,152,2008,1,0,44.50395609,26.04462661,1.460043057,0.043761613
95,3,0,5,470000,176,2009,1,0,44.44699683,26.08697793,0.591429347,0.034595969
105,4,0,5,570000,176,2009,1,0,44.44952726,26.08652616,0.322955901,0.247016556
90,3,2,4,250000,155,2025,1,0,44.48545185,26.0614931,1.669081194,0.269388018
66,2,2,4,165000,155,2025,1,0,44.48993159,26.06529569,2.1048365,0.144223544
135,3,10,11,344200,26,2026,1,0,44.4450523,26.12995154,0.521095299,0.082105119
35,2,5,6,103000,23,2025,1,0,44.36125141,26.14923178,0.960487093,0.023606217
49,2,3,4,179000,14,1986,0,-1,44.48338877,26.10104466,0.474158663,0.218764923
64,2,4,10,155855,26,2026,1,0,44.44647763,26.13073308,0.643631228,0.220031796
95,4,10,10,323000,26,2026,1,0,44.44980757,26.12771221,0.285467237,0.198547919
73,2,2,10,178280,26,2026,1,0,44.44385126,26.13076136,0.373166845,0.072798111
109,4,9,10,329000,26,2026,1,0,44.44377839,26.12977839,0.411378045,0.052906722
100,3,0,4,340000,28,1991,1,0,44.48959511,26.08037244,1.958699888,0.043897514
97,3,1,3,287000,81,2008,0,0,44.4330176,26.13214517,0.502814381,0.244037107
89,3,10,11,225400,26,2026,1,0,44.44476914,26.13148554,0.444494501,0.073637509
81,3,3,10,214400,26,2026,1,0,44.45000478,26.1290067,0.387985285,0.105017764
76,3,4,10,195000,26,2026,1,0,44.44858955,26.12604161,0.213268403,0.039735983
46,1,4,10,111395,26,2025,1,0,44.45014925,26.13209019,0.633125636,0.165134112
46,1,3,10,102600,26,2025,1,0,44.44805022,26.13067695,0.560887439,0.281879505
165,4,3,9,595000,169,1986,1,0,44.42885905,26.11903397,1.426702717,0.137894651
70,3,3,5,109900,75,1936,0,0,44.44538602,26.08340897,0.734815785,0.101564218
56,2,10,10,120000,19,1962,1,0,44.4507303,26.06293274,0.41778476,0.15955501
56,2,0,5,139000,92,2023,1,0,44.42901897,26.02054298,0.566397454,0.310725044
59,2,7,10,240000,162,2021,1,0,44.41645277,26.12265213,0.61296605,0.470352922
58,2,2,6,281500,78,2020,1,0,44.48347197,26.09140861,0.850566846,0.08375568
56,3,4,7,97000,42,1932,1,0,44.43789867,26.08934553,0.555819115,0.169843432
110,3,2,4,670000,67,2014,1,0,44.4704182,26.10479119,1.036367591,0.061402192
44,2,3,7,124000,1,1961,1,0,44.47150254,26.05476365,0.3577294,0.150297705
76,3,5,10,279900,135,2025,1,0,44.48923659,26.11740972,0.953029914,0.311766946
150,4,4,11,525000,186,2008,1,0,44.45633159,26.10578281,0.39482586,0.064678187
42,1,4,7,124900,126,1982,1,0,44.46257881,26.07439415,1.035388276,0.144283552
41,1,3,4,129000,14,2016,1,0,44.48910049,26.09964236,1.106324444,0.535663331
58,2,8,10,259999,18,2021,1,0,44.45990111,26.10594808,0.791901141,0.059483738
85,3,0,4,306502,80,2025,1,0,44.51877479,26.11842517,4.237902423,0.780486892
122,5,11,12,464900,106,2021,1,0,44.42034406,26.11251885,0.412652198,0.069012088
46,1,6,11,172000,14,2020,1,0,44.48202096,26.1108522,0.481661468,0.243231287
72,3,0,1,249000,176,1911,0,0,44.4452937,26.08185497,0.619560291,0.026916771
45,2,1,3,189000,67,1960,0,0,44.46095276,26.10037672,1.003255224,0.09339962
37,1,1,5,130000,135,2024,1,0,44.49159732,26.12128748,1.268575088,0.701565627
41,1,4,7,130000,14,1988,1,1,44.48338877,26.0920615,0.80285489,0.06716973
90,3,0,5,500000,78,2023,1,0,44.48393654,26.08992916,0.976917169,0.178571808
89,3,2,5,214600,152,2025,1,0,44.50766514,26.02776859,0.572353065,0.168748283
59,2,1,5,164338,152,2025,1,0,44.50480677,26.0301005,0.470025205,0.293613831
105,4,4,4,310300,14,2027,1,0,44.49352121,26.09904954,1.599691107,0.420278745
150,4,4,6,520000,78,2008,1,0,44.48658689,26.08634292,1.379019948,0.324768906
51,2,3,8,155500,101,1983,1,0,44.44006394,26.12054815,1.001835846,0.083370023
65,3,0,4,99000,164,1965,0,-1,44.42525319,26.16272088,0.026045244,0.056873978
50,2,1,7,185000,14,1986,0,-1,44.48338877,26.0920615,0.80285489,0.06716973
36.52,1,1,10,74000,160,2026,1,0,44.41715064,26.19854793,1.104453474,0.636219635
116,4,2,4,230000,131,1939,1,1,44.41894206,26.09778305,0.717938746,0.09122385
51,2,20,25,315000,67,2025,1,0,44.4755458,26.10369756,0.485558715,0.078175991
60,2,10,11,220000,54,2020,1,-1,44.47430797,26.05519295,0.530291248,0.173623299
58,2,20,25,330000,67,2025,1,0,44.4782111,26.09951642,0.12117711,0.153105182
64,2,5,6,190000,152,2017,0,-1,44.50261279,26.03816259,1.029792948,0.279698258
84,3,1,5,127000,10,2026,0,0,44.37072557,26.1283557,1.132453615,0.078556893
64,2,0,7,142000,164,2000,1,1,44.40642932,26.19087619,0.295096871,0.192514672
65,3,5,7,149900,174,1968,1,-1,44.4384015,26.14097549,0.685643052,0.039492768
31,1,2,9,49000,10,1968,1,-1,44.38223229,26.12782162,0.668040311,0.239885014
57,2,4,5,109000,23,2010,1,0,44.37190633,26.14943899,0.566354897,0.621430992
53,2,1,7,85000,23,1984,0,-1,44.38717362,26.13697727,0.852866418,0.184731375
96.47,4,3,7,209000,160,2025,1,0,44.40805035,26.19312286,0.085615874,0.070283746
53,2,1,8,209900,18,2025,1,0,44.43138272,26.10462564,0.462363129,0.10693242
158,4,2,5,1500000,84,2012,1,1,44.46048357,26.08127447,0.750961004,0.223980067
253,5,8,10,890000,78,2010,1,0,44.47401679,26.09207134,0.865923973,0.268067783
241,4,5,6,2500000,142,2009,1,0,44.47060909,26.09442623,0.804854048,0.541327811
76,3,7,10,250000,135,2022,1,0,44.49019702,26.12060318,1.103827126,0.549711498
50,2,0,8,120000,158,1986,0,0,44.46209199,26.12619031,1.362297984,0.204197776
274,5,4,7,2500000,28,2009,1,0,44.52015624,26.092975,4.594982785,0.429107776
48,2,7,10,90000,23,2017,1,0,44.39625161,26.11523394,0.561076317,0.014338475
123,4,8,11,744480,14,2020,1,0,44.47600039,26.087969,1.036941292,0.299313589
58,2,5,7,144000,163,1982,1,-1,44.408834,26.1142738,0.875722862,0.144400872
75,3,11,11,199000,74,2025,1,2,44.4295149,26.0183663,0.560180252,0.221229451
66,3,0,7,249000,169,2004,0,0,44.41926294,26.10104466,0.577590302,0.27543269
37,2,4,7,74000,23,2010,0,0,44.36811804,26.13437739,0.74384749,0.130869699
58,2,6,20,242840,18,2022,1,0,44.4646586,26.10503683,1.321890257,0.107371076
146,4,8,8,695000,80,2024,1,0,44.51426718,26.11829632,3.736625284,0.664621001
114,3,4,6,485000,78,2005,1,-1,44.48755605,26.09121799,1.177506321,0.270038083
46.91,2,1,9,172000,135,2026,1,0,44.48338877,26.11002781,0.603780484,0.084986314
43.16,1,4,4,75000,151,2010,1,0,44.4133879,26.0704842,1.783367706,0.190363257
53,2,3,10,160000,167,1984,1,-1,44.46354668,26.07052957,1.024661435,0.051436327
56,2,0,8,169900,162,1993,0,0,44.42259481,26.11769159,0.741605284,0.125663926
43,2,2,9,99500,111,1974,0,0,44.38724645,26.13597489,0.852709896,0.254626201
64.5,3,3,10,119000,141,1974,1,-1,44.4125466,26.0190299,0.506918406,0.112294727
55,2,4,4,179998,52,2017,0,-1,44.42265497,26.13488674,0.383149221,0.326285145
51,2,0,10,93900,97,1979,1,2,44.43108,26.01829,0.412689374,0.056537063
85,3,2,7,450000,55,2025,0,-1,44.45994439,26.09959616,0.933735132,0.11232696
37,2,6,10,57000,23,1974,0,-1,44.38075364,26.10104466,2.098685143,0.197105869
61,2,4,8,250000,36,1994,1,0,44.42567869,26.11002781,0.768276729,0.173351883
66,2,13,21,220000,163,2010,1,0,44.40642932,26.11901096,0.910158797,0.228271911
65,2,5,9,245000,169,1997,1,0,44.42567869,26.12799412,1.024430948,0.052062934
55,2,3,8,98000,186,1965,1,0,44.45327682,26.10185266,0.313048775,0.102314246
60,3,1,4,124900,25,1975,0,0,44.3813002,26.11720203,1.356768441,0.146783388
34.2,1,5,11,85900,0,2017,1,0,44.433861,26.1727,0.3152777,0.257876702
74,3,3,3,125000,151,2008,0,0,44.40444114,26.05735361,2.387522324,0.113501329
85,4,0,8,149900,10,1983,1,0,44.3861646,26.1357618,0.731721527,0.237033521
136,2,0,2,148000,25,2015,0,0,44.37433296,26.11002781,2.097310542,0.309801789
62,3,2,3,155000,168,2017,0,1,44.43368847,26.1034502,0.247685654,0.080044288
74,3,3,3,125000,8,2008,0,0,44.40460335,26.05750375,2.373247284,0.130433239
59,3,0,4,99000,164,1965,0,2,44.42567869,26.17290988,0.814872355,0.146386458
31,1,7,7,53900,97,2017,1,-1,44.44297024,25.97514138,1.83164565,0.82866661
73.57,2,6,14,225000,135,2011,1,-1,44.47697936,26.11901096,0.453284132,0.181937888
27,1,5,7,60000,164,1980,1,0,44.41284648,26.16392673,0.216444781,0.061722196
45.92,2,2,7,45000,89,1859,0,1,44.42863517,26.09903501,0.164528291,0.222588998
46.19,2,0,4,92800,59,1964,0,-1,44.42636475,26.03562481,0.51369727,0.19571722
55,2,-1,4,67900,111,2016,0,0,44.43909575,26.1005342,0.401046519,0.032207621
53.6,2,1,7,120000,95,2022,1,2,44.36791158,26.11901096,1.837699852,0.08863321
59,2,1,7,117800,23,2024,1,0,44.37278208,26.11112859,2.070116973,0.368522491
37,2,4,10,83000,59,1970,1,0,44.41284648,26.02917943,0.621653612,0.128874746
81,2,1,8,146500,135,2022,0,0,44.4847663,26.1650624,3.869260556,0.788040048
37,2,1,4,80000,25,1972,0,0,44.38075364,26.11002781,1.669890523,0.035069213
50,2,4,5,111999,160,2019,0,0,44.412724,26.18583863,0.859553616,0.432497852
75.16,2,1,6,240000,176,1935,1,-1,44.4438,26.09282,0.437794129,0.050919893
53.2,2,4,5,76700,23,2026,1,0,44.37158215,26.11498497,1.848813017,0.058657628
79.4,3,2,9,110000,23,2024,1,0,44.37274729,26.11338398,1.905948065,0.231490851
47.96,2,1,7,110000,23,2015,1,-1,44.3628391,26.12931085,1.326486937,0.219125027
29,1,8,9,58450,23,1970,1,-1,44.37468832,26.12209977,1.187256125,0.189801198
51,2,1,10,124000,74,1980,0,0,44.43482515,26.01928498,0.183706641,0.092330276
97,3,0,1,595000,135,2021,0,-1,44.4836472,26.10898733,0.689859439,0.08962848
78,4,3,4,130000,25,1978,0,0,44.38630431,26.10635885,1.398757191,0.24262234
60,3,1,4,165000,131,2022,0,-1,44.40981888,26.09023301,0.762587455,0.139184309
46,2,1,9,124990,170,1953,0,1,44.43209374,26.10104466,0.439993841,0.208195026
65,3,0,4,125000,25,1975,0,0,44.38659425,26.09884917,1.575718834,0.30497273
100,4,4,5,175207,160,2026,0,0,44.4199117,26.1999605,1.43124434,0.595223943
60,3,1,4,124988,25,1975,0,-1,44.38324111,26.11149852,1.378699397,0.200911569
83,3,0,1,168000,48,1920,0,1,44.4207024,26.09073559,1.160185595,0.114462518
72,2,0,3,265500,169,2026,1,-1,44.41759124,26.10635135,0.341970816,0.313918381
180,3,3,3,675000,163,2026,0,0,44.41757591,26.10636206,0.340736794,0.312174993
75,3,1,3,160000,160,2019,0,-1,44.415338,26.18821162,0.96618566,0.637743564
40,1,2,7,67000,23,2026,0,0,44.36158791,26.15085012,0.995226981,0.157458126
88,3,0,3,319500,169,2026,1,-1,44.41759124,26.10635135,0.341970816,0.313918381
54,2,4,4,112700,0,2015,1,-1,44.40149387,26.17818105,0.995243407,0.846937025
53,2,6,10,229000,135,2025,1,-1,44.474741,26.11467576,0.678722958,0.327233751
70,3,5,6,104900,44,1986,0,-1,44.46223344,26.14162541,1.949888606,0.068799314
53,2,8,8,137000,164,1967,1,0,44.41926294,26.16392673,0.647646536,0.146887934
47,2,3,4,127500,164,2018,0,2,44.41926294,26.19087619,1.306970551,0.153915602
73,3,2,10,145000,10,1985,1,2,44.38075364,26.12799412,0.600369507,0.118698968
88,3,1,7,405000,22,1964,0,-1,44.4626548,26.09531904,0.803239176,0.16420304
70,3,3,10,295000,67,2022,1,2,44.47056924,26.11002781,1.229939114,0.152029284
44.17,2,0,3,88999,23,2012,0,2,44.36791158,26.14596042,0.213899902,0.166174515
43,2,1,3,145000,163,1960,0,0,44.41358467,26.11296344,0.346021159,0.091152429
49,2,5,6,82800,10,2026,0,0,44.37376188,26.13101974,0.734557393,0.044467427
47.65,2,4,5,91000,23,2014,0,2,44.36416,26.15032,0.748084973,0.345276424
36.13,1,0,6,68500,95,2025,1,2,44.36791158,26.11901096,1.837699852,0.08863321
38,2,7,10,75000,25,1975,1,0,44.38307241,26.10985294,1.477550412,0.176763626
90,3,6,6,252900,62,2013,1,2,44.44492172,26.11901096,0.688921518,0.122529807
42,2,2,7,121000,124,2007,1,-1,44.42800683,26.10753673,0.520379238,0.218468885
56,2,5,6,145000,135,2026,0,0,44.49237694,26.12676313,1.528742553,1.081206905
62,3,4,10,134000,56,1970,1,2,44.41926294,26.14596042,0.57456395,0.145666107
66,3,10,10,126000,0,1964,1,2,44.42567869,26.17290988,0.814872355,0.146386458
47.5,2,7,7,63000,73,1963,1,0,44.386376,26.088471,2.105283512,0.298115351
50,1,2,9,71000,23,2024,1,0,44.37294845,26.11234177,1.973689278,0.3030015
47.22,2,7,10,114900,87,1976,1,-1,44.4610889,26.11691662,1.281014295,0.145179724
62,3,3,9,115000,74,1971,0,2,44.43209374,26.02019628,0.23910631,0.13562078
48,2,8,10,83500,25,1974,1,-1,44.37783913,26.11226264,1.846819008,0.171722762
70.97,3,8,10,139000,160,2025,1,1,44.41841457,26.19202551,1.198648346,0.221825766
41.4,1,1,3,69500,140,2025,0,0,44.39582425,26.08638815,1.240616562,0.301451768
55,2,7,7,88500,95,2025,0,0,44.36624386,26.11424821,2.240759572,0.205177721
53.89,2,5,10,91610,160,2025,1,1,44.42067322,26.19280037,1.442075484,0.072702988
53.3,2,0,3,103600,10,2015,0,2,44.37433296,26.13697727,0.598333594,0.160041621
96.47,4,3,3,209000,160,2024,1,0,44.41334368,26.19174955,0.650865305,0.594322424
39,1,7,7,94990,29,1994,1,0,44.43137849,26.13390578,0.380092607,0.237974879
115.27,4,5,5,148760,160,2027,1,3,44.42051913,26.1990098,1.473560818,0.494523228
70,3,10,10,116000,95,1974,1,2,44.38075364,26.11901096,1.306598129,0.210107277
50,2,4,4,105000,16,1988,0,2,44.45133466,26.14596042,1.541519005,0.039579801
70,3,2,11,129000,130,2025,1,0,44.449595,26.164981,1.604398903,0.091531153
75,3,2,7,266900,169,1995,1,-1,44.42649219,26.11732764,1.135135265,0.151346011
87.1,4,3,7,146000,160,2026,1,0,44.41480574,26.19317453,0.789386725,0.630440407
85.1,3,1,4,179000,160,2025,1,0,44.4159635,26.19617334,0.929228955,0.596796526
17,1,9,10,39500,23,1975,0,-1,44.4004256,26.11739354,0.686497705,0.295624153
61.8,2,1,4,92900,160,2026,1,1,44.40613913,26.20099899,0.575542202,0.048559647
47.79,2,3,10,87000,160,2025,1,1,44.41861029,26.19690976,1.2292551,0.440849617
50,2,1,7,85000,10,1984,0,0,44.38717362,26.13697727,0.852866418,0.184731375
64,3,1,4,139800,56,1970,0,2,44.41284648,26.14596042,1.066320156,0.261883329
63,2,2,5,85124,160,2026,1,0,44.41995771,26.19988203,1.434078652,0.587174316
90.11,3,1,5,119835,160,2026,1,0,44.4199117,26.1999605,1.43124434,0.595223943
77.2,3,1,3,148700,160,2026,1,-1,44.41123201,26.19547417,0.40338702,0.454546258
55,2,11,11,139999,144,2017,1,0,44.43867598,26.00052396,0.557212317,0.400222979
62,3,2,4,125000,95,2020,1,2,44.36791158,26.11002781,2.396615134,0.343015896
34,2,1,10,67000,10,1974,1,2,44.38075364,26.12799412,0.600369507,0.118698968
61.51,2,2,3,86000,160,2026,1,0,44.41587446,26.20266055,1.131382288,0.987965181
77.8,3,1,3,122000,160,2025,1,1,44.42077997,26.19814159,1.485167452,0.42168165
65,3,4,4,127000,25,1975,0,2,44.38654,26.10458,1.402127451,0.185798926
41.12,2,2,5,73554,160,2026,1,0,44.4199117,26.1999605,1.43124434,0.595223943
88,3,1,5,550000,84,2008,1,2,44.46415842,26.0740952,1.004901678,0.252404247
72,3,0,1,249000,176,1911,0,1,44.44962199,26.08308385,0.277908853,0.20449925
72.4,3,0,2,122800,160,2026,1,0,44.41189426,26.19722134,0.524160816,0.541519847
52,2,4,10,98165,10,2025,1,-1,44.37907498,26.13932597,0.319490781,0.315503599
112,4,1,1,220000,12,1938,0,-1,44.43937261,26.1121392,0.839736351,0.254318025
56,2,3,4,105000,23,2019,0,-1,44.37050562,26.11858498,1.673416176,0.109459327
53,2,3,9,90000,5,1966,1,-1,44.38831598,26.11559242,0.740852105,0.122359274
63,2,2,7,126000,28,2017,1,-1,44.53510712,26.09778169,6.224040793,0.4087192
51,2,2,8,85000,25,1963,1,-1,44.39161531,26.11231753,0.806618296,0.200955614
15,1,1,4,25500,0,1978,0,0,44.42489803,26.17853473,1.204402583,0.062217353
52,2,7,9,89900,23,1968,1,-1,44.38619538,26.11667944,0.873326274,0.092003876
65,2,7,11,129000,95,2024,1,1,44.36352907,26.13606726,0.851029693,0.079231569
55.54,2,4,10,104270,160,2025,1,1,44.42218635,26.19430717,1.514759851,0.102894739
41,1,1,6,60825,23,2026,1,0,44.3646512,26.11023275,2.598390234,0.249282568
39.5,1,2,6,60825,25,2026,1,0,44.36124996,26.11532084,2.409362934,0.328804613
49.1,2,2,6,68740,25,2026,1,0,44.36522854,26.11081068,2.5220984,0.245684454
39.5,1,2,6,60825,25,2026,1,0,44.36494961,26.11739071,2.134921592,0.087325421
50,1,2,9,58900,25,2024,1,0,44.36875676,26.11296141,2.150231676,0.132168546
80,3,2,9,94800,25,2024,1,0,44.373508,26.11224468,1.958493187,0.282597026
66,3,0,4,125000,25,1975,0,0,44.38771158,26.09918401,1.45615448,0.388485742
37,2,4,4,55000,25,1971,0,-1,44.37397101,26.10674435,2.359399476,0.194579458
90,3,3,10,315000,64,2010,0,-1,44.44161357,26.12367333,0.752638557,0.250820869
67,3,0,4,140000,164,1970,0,0,44.42231283,26.16467557,0.339821375,0.19944749
50,2,3,8,110000,25,1964,1,-1,44.38709158,26.11302403,0.983202,0.274104699
58,2,6,10,235305,18,2025,1,-1,44.4773316,26.1137436,0.437367668,0.195981552
51,2,1,8,103400,95,2025,1,-1,44.37116815,26.11920382,1.58999307,0.189722064
38,2,7,10,77000,119,1974,1,0,44.38141961,26.09917422,2.079868433,0.198703666
68,3,1,8,176500,126,1967,0,-1,44.45205103,26.09116022,0.543825149,0.067792447
63,3,4,12,199900,67,1967,0,-1,44.46512212,26.10036039,1.109555431,0.145356352
47,2,6,9,113900,125,1948,0,-1,44.43704994,26.09962526,0.282697984,0.18463202
69,2,2,4,230000,135,2024,0,2,44.49620549,26.11901096,1.736240492,0.889730579
87,3,-1,7,184000,27,2015,0,-1,44.4853924,26.03026017,0.600524564,0.31981419
75,3,-1,7,104999,61,2010,0,-1,44.48456573,26.04493725,0.392385644,0.138275359
52,2,4,5,109000,27,2019,0,-1,44.48955617,26.01051557,1.776422906,0.091216765
94.17,4,4,5,148760,160,2026,0,0,44.41926294,26.19985934,1.360499468,0.634381472
90.11,3,3,5,119835,160,2026,1,0,44.41926294,26.19985934,1.360499468,0.634381472
52,2,1,5,85124,160,2026,1,0,44.4199117,26.1999605,1.43124434,0.595223943
41,2,1,5,73553,160,2027,1,0,44.41926294,26.19985934,1.360499468,0.634381472
92,3,0,3,175899,160,2025,1,0,44.41204875,26.20344146,0.816632527,0.677875249
62.4,2,0,3,112466,160,2025,1,0,44.40836925,26.19953726,0.436946844,0.165084217
68.84,3,3,3,190777,160,2025,1,0,44.41325432,26.20396574,0.919383728,0.809413757
57.72,2,3,3,173030,160,2025,1,0,44.41074958,26.20060773,0.615385264,0.440115113
68,2,4,7,125000,28,2022,0,0,44.52183048,26.06511205,3.825194268,0.6379179
66.4,3,4,6,280000,155,2025,1,0,44.50901939,26.02019628,0.761469213,0.162077451
38,2,2,7,114000,124,2017,0,-1,44.4318227,26.10435787,0.466530674,0.095272762
40,2,1,7,99000,124,2007,1,-1,44.4277069,26.1224469,1.376237096,0.240905257
65.3,3,2,13,135000,181,2007,1,-1,44.39883339,26.14466408,1.893839422,0.160978941
43.38,2,4,7,116000,102,1962,0,1,44.43438199,26.15116531,1.032597767,0.189270993
50,2,0,2,150000,12,1932,0,-1,44.43850808,26.11002781,0.646674413,0.17388713
53.25,2,10,10,120000,111,1982,1,-1,44.39474052,26.11880648,0.341660623,0.095216459
90,3,3,4,134127,95,2025,1,0,44.366406,26.133129,0.883115577,0.086802178
280,6,6,6,789000,160,2017,1,1,44.416827,26.19871,1.07472268,0.667666138
84.1,3,3,8,254311,152,2026,0,0,44.51028242,26.02377655,0.814539169,0.165310626
80,3,2,9,110000,23,2023,1,-1,44.36732762,26.11143714,2.340499449,0.245451194
66.8,3,9,9,139990,44,1974,1,0,44.45774689,26.12799412,0.92198757,0.047057692
89.44,3,5,5,123900,25,2023,1,0,44.37574686,26.11307137,1.823079185,0.025348636
50.66,2,0,3,83000,23,2023,1,0,44.36774447,26.09285488,3.626873537,0.35999291
58,2,6,7,138999,59,2017,0,0,44.41195386,26.01456127,0.811316754,0.137625369
63,3,4,15,200000,67,1963,1,0,44.46415842,26.10104466,1.178824619,0.201492583
103,3,8,10,459200,78,2023,1,1,44.48671337,26.08654023,1.375057779,0.32449306
169.4,4,6,10,1500000,67,2022,1,0,44.47505743,26.11871241,0.647154769,0.337752854
380.45,5,5,7,2600000,13,2009,1,0,44.46430479,26.09107642,0.419809231,0.319701442
180.3,4,3,5,790000,186,2021,1,0,44.45259103,26.1090218,0.261740901,0.230204046
226.51,6,-1,7,729999,34,2017,0,1,44.45900992,26.08956901,0.83022843,0.307345855
180,5,0,9,845000,78,2009,1,0,44.47958838,26.09771622,0.207724067,0.142472921
60,2,4,10,206000,135,2023,1,1,44.49448983,26.1337809,2.051420246,1.531561823
90,4,2,10,125000,103,1984,1,0,44.4106227,26.06046367,1.755155056,0.106346049
100.3,4,2,3,385000,43,2000,0,0,44.46394706,26.07762854,0.741266071,0.281686223
100.3,4,2,7,385000,84,2000,0,0,44.46432599,26.07593817,0.858227357,0.350025087
100.3,4,2,3,385000,11,2000,0,0,44.46273091,26.07927498,0.68392025,0.099844891
100.3,4,2,7,385000,13,2000,0,0,44.46320601,26.07503326,0.962918938,0.221471093
240,5,5,6,1200000,78,2007,0,-1,44.48583765,26.08306609,1.553351836,0.338858921
52.8,3,5,11,119900,160,1980,0,0,44.41284648,26.17290988,0.35611333,0.164145471
49,2,4,4,83000,0,1975,0,2,44.40642932,26.17290988,0.471389493,0.510350648
91,3,2,7,149000,160,2026,1,0,44.4199117,26.1999605,1.43124434,0.595223943
70,2,2,5,115000,160,2026,1,0,44.4199117,26.1999605,1.43124434,0.595223943
63,2,1,5,107000,160,2026,1,0,44.41926294,26.19985934,1.360499468,0.634381472
52,2,2,5,93000,160,2026,1,0,44.41926294,26.19985934,1.360499468,0.634381472
31,1,2,9,72000,59,1965,0,-1,44.42727532,26.03305399,0.582247508,0.032431823
84,3,2,7,245000,135,2019,1,2,44.48852,26.12973,1.356357168,0.794909663
66,3,6,8,159000,41,1982,0,2,44.43850808,26.15494357,1.201457079,0.271784692
122,4,8,10,510000,67,2023,1,0,44.46946815,26.11300201,1.279881549,0.262047679
68,3,1,4,154990,5,1964,0,0,44.38595067,26.11809575,0.846455657,0.169293001
54.3,2,3,5,235000,28,2023,1,1,44.48979748,26.0920615,1.349949152,0.421457737
18,1,-1,7,59000,124,2017,0,-1,44.4306982,26.12059543,1.430330419,0.065703549
66,3,4,10,110000,87,1976,0,0,44.46210479,26.12654386,1.367375893,0.200960255
56,3,6,10,120000,5,1976,0,0,44.3853631,26.1156929,0.993141814,0.032864398
54,2,5,10,230000,67,2024,1,1,44.47893884,26.12239867,0.497329806,0.061908941
48,2,2,10,68500,23,1969,0,-1,44.38233176,26.11992352,1.195223907,0.337190385
72,3,8,11,263500,2,2024,1,0,44.41926294,26.0740952,1.469209805,0.081055199
87,3,1,7,195000,101,1938,0,1,44.4435994,26.11580356,0.96506623,0.202289186
122,4,7,10,430000,67,2023,1,0,44.46571101,26.11154628,1.509916016,0.303411165
60,2,2,10,180000,67,2021,0,-1,44.47207713,26.11671512,0.957065339,0.635706906
51,2,3,6,71600,23,2026,1,0,44.36148949,26.15494357,1.218969279,0.455132509
84,3,0,3,499000,54,2022,1,1,44.45671117,26.05953179,0.507623626,0.155087726
55,2,0,4,144500,163,1986,0,0,44.40085878,26.1192405,0.84083483,0.190695194
72.29,3,8,10,90000,23,1969,1,-1,44.380542,26.116095,1.464666766,0.157495096
50,2,3,3,269000,54,2022,1,1,44.46032542,26.06153938,0.291024515,0.239613206
40,1,0,6,56000,23,2026,1,0,44.36148949,26.15494357,1.218969279,0.455132509
50,2,2,7,68900,23,1970,0,-1,44.38075364,26.11901096,1.306598129,0.210107277
53.55,2,1,7,85900,160,2026,1,1,44.4076123,26.20296388,0.486437778,0.210708552
90.92,3,1,12,126000,160,2025,1,0,44.40834669,26.19282665,0.122233081,0.071047871
70,2,2,3,209000,67,2017,1,0,44.46283857,26.120954,1.457196705,0.231101105
88.4,4,6,10,364500,124,1991,1,0,44.42526509,26.09566058,0.52991949,0.146697552
50,1,2,6,115500,115,1940,1,0,44.4441074,26.0966695,0.200290445,0.105903458
61,2,2,6,71700,23,2026,1,0,44.36148949,26.15494357,1.218969279,0.455132509
52.54,2,8,10,139000,28,2023,1,1,44.5326069,26.10089019,5.906892932,0.778789398
107.1,3,4,4,135000,28,2025,0,0,44.48979748,26.0740952,2.38933483,0.396630157
51.37,2,1,5,73554,160,2027,1,3,44.42143738,26.20201936,1.647814037,0.669368689
38,2,7,10,75000,25,1974,1,-1,44.38433782,26.11032763,1.34936887,0.047591449
68,3,10,10,89999,59,1972,1,0,44.42519003,26.0458132,0.29777974,0.10775756
54,2,5,10,115000,130,1976,1,0,44.44459072,26.14678357,1.159039557,0.195288878
70.22,2,1,5,91736,160,2027,1,3,44.42555834,26.2012093,1.56683801,0.491994512
94,4,3,7,207700,59,1979,1,0,44.42567869,26.04714574,0.199837274,0.177702933
127.9,3,0,11,317700,135,2024,1,0,44.477179,26.1179065,0.402741713,0.100371202
40,2,1,4,180000,127,2015,1,0,44.43209374,26.11901096,1.355625873,0.164425893
63,2,1,4,115000,107,2026,1,0,44.40468148,26.16654146,0.943275064,0.289877584
93.7,3,4,4,202479,160,2026,1,0,44.41791408,26.20985793,1.371600114,0.693845734
55.85,2,1,10,103600,160,2025,1,1,44.41672266,26.19633034,1.014522909,0.536962805
44.49,2,2,3,71000,160,2026,1,0,44.41022197,26.20804118,0.512364091,0.51737053
89.44,3,5,5,123900,23,2025,1,-1,44.38016834,26.10951032,1.746746698,0.108089852
79.4,3,2,9,110000,23,2024,1,0,44.3697819,26.10943246,2.33229886,0.432896617
120,4,10,11,500000,67,2023,1,-1,44.47837865,26.11126706,0.496533425,0.121711197
50,1,2,9,71000,23,2024,1,0,44.36828917,26.11463635,2.072433011,0.032716307
64,3,3,8,104000,151,1986,1,0,44.41118956,26.06665243,1.837959799,0.257368186
79,3,2,9,110000,95,2024,1,-1,44.37101453,26.10969639,2.252399009,0.41804883
75,3,5,8,162000,97,1982,0,2,44.43471,26.02481,0.283511566,0.084556556
76.25,3,2,4,145900,160,2026,1,0,44.41185161,26.20709146,0.700657749,0.664272339
50,1,2,9,71000,95,2024,1,-1,44.37713998,26.11050791,1.991640656,0.051211524
45,3,2,4,59900,65,1975,0,0,44.39274963,26.07831573,1.931334712,0.346952783
45,2,4,10,72000,23,1975,1,-1,44.3836371,26.1002714,1.818681748,0.154364618
80,3,2,9,94800,25,2023,1,0,44.3681309,26.11557871,2.024416729,0.098896837
50,1,2,9,59800,25,2023,1,0,44.37436097,26.11201359,1.945303969,0.200779693
37,2,4,4,55000,25,1971,0,0,44.37700647,26.10179987,2.407168552,0.058423129
31,1,2,9,49000,5,1966,0,0,44.3786475,26.11898626,1.306372706,0.065229716
