surface_m2,rooms,floor,max_floor,price,neighborhood,year_built,elevator,construction_material,latitude,longitude,metro_proximity,stb_proximity
31.0,1,0,7,65499,88,1980,0,-1,44.411926,26.135809,0.6742923502858705,0.0733229989289951
75.0,3,0,7,249000,87,2018,0,-1,44.448467,26.08438,0.3887771719671389,0.1644907332901196
52.8,2,1,7,111000,65,2025,1,0,44.37607,26.102432,2.452213176543265,0.1632326240196666
73.4,3,3,7,190550,10,2019,0,-1,44.390564,26.106812,0.9260057549167704,0.2841337986329112
51.0,2,10,10,126000,88,2018,0,-1,44.414787,26.133411,0.5705961294781818,0.0495224227397307
58.0,3,7,10,123000,85,1962,1,3,44.441086,26.133587,0.0412916145191985,0.0687015446468764
53.35,2,0,6,111400,48,2025,1,0,44.368534,26.12119,1.667858298834167,0.1816399582346971
78.0,2,4,7,170000,58,2021,1,0,44.440617,26.189598,0.2277823499124379,0.1594455318950333
45.95,1,2,6,111000,3,2025,1,0,44.378418,26.13346,0.2001237614733289,0.1958708875109413
70.0,3,4,4,93990,79,1970,0,-1,44.426193,26.176825,1.1300265909968503,0.1993725768549049
52.2,2,4,12,111300,48,2025,1,0,44.36698,26.125013,1.4984643119594632,0.1520811281616526
55.92,2,8,8,144000,59,1959,1,-1,44.44609,26.09754,0.0338489035964042,0.0694434787831008
55.8,2,5,7,111000,52,2018,1,-1,44.438305,26.004223,0.4817780155723109,0.2055659178463184
53.04,2,1,12,108050,48,2025,1,0,44.36698,26.125013,1.4984643119594632,0.1520811281616526
94.0,4,7,10,250000,38,1983,1,-1,44.452312,26.074152,0.5466013185327413,0.0469319880735667
76.0,3,3,8,165000,10,1987,1,0,44.39389,26.109781,0.5412462230056706,0.2082333323421469
55.29,2,2,11,108500,48,2025,1,0,44.368534,26.12119,1.667858298834167,0.1816399582346971
80.0,3,2,6,276999,54,2015,0,0,44.417133,26.118896,0.4418123491608767,0.3825556392990449
75.0,3,2,2,295000,28,1943,0,0,44.45739,26.093637,0.955090730016991,0.1875462376085359
38.0,2,0,4,64500,33,1972,0,-1,44.39292,26.068325,2.5637703304296173,0.1277710177264349
62.0,3,1,4,120000,52,1970,1,1,44.43619,26.01326,0.68383835615845,0.2314612710419479
56.0,2,3,10,110000,13,1967,1,-1,44.483353,26.038578,0.1985440564801152,0.1924010383717362
58.0,2,4,8,125000,1,1989,0,-1,44.418438,26.069542,1.318889084338591,0.3187190588908051
112.0,3,5,5,575000,47,2008,1,-1,44.480667,26.086449,1.1088400449514535,0.5200188369308957
54.75,2,1,4,135000,31,1984,0,0,44.450565,26.146431,1.50448246185035,0.0706123922715782
35.8,2,0,7,85000,20,1960,0,-1,44.43865,26.092062,0.6584413570504472,0.2103896970597823
52.85,2,6,11,107887,48,2025,1,0,44.367184,26.124887,1.505298866868684,0.1768338473837444
96.0,3,0,8,349000,32,1975,1,0,44.447693,26.104267,0.5715004368694169,0.1115304567533243
41.0,1,1,11,136000,52,2024,1,1,44.428806,26.041164,0.6011611806770656,0.099710144162852
28.3,1,0,10,65500,88,1980,0,0,44.411842,26.135788,0.6729031287261237,0.0643355547815073
50.0,2,1,7,112000,16,1961,1,-1,44.421425,26.104277,0.7417711629046212,0.0846108652868895
72.0,3,2,4,125000,48,2018,1,1,44.36773,26.114256,2.134405782907612,0.0403125087044948
46.0,2,0,4,91800,30,1964,0,1,44.42634,26.0346,0.4881856038777122,0.1310822406781283
58.0,2,2,7,91000,10,2026,1,1,44.38676,26.116875,0.8116367202193068,0.1547552464180386
70.0,3,9,10,93000,10,1976,1,3,44.37859,26.104258,2.145473456903963,0.2148019523806982
84.0,3,1,5,127000,3,2026,1,1,44.3761,26.138962,0.4817160691963676,0.0977007653867181
65.0,3,2,4,105000,30,1974,0,-1,44.415264,26.020542,0.2124174234888034,0.2123553431735753
54.0,2,0,10,98500,69,1978,0,3,44.41151,26.164831,0.3542945760824582,0.1315911453793445
53.0,2,11,12,107992,48,2025,1,0,44.367184,26.124887,1.505298866868684,0.1768338473837444
43.0,2,4,5,95900,48,2015,1,1,44.36961,26.14249,0.1211258315846231,0.0883418783811827
54.0,2,5,10,88999,21,1979,0,-1,44.463688,26.13635,1.811784588094052,0.1478949556458108
49.0,2,8,11,180000,52,2024,1,1,44.42885,26.04132,0.6044595502603732,0.109573216962607
46.62,2,0,7,105500,76,2023,1,-1,44.41228,26.194658,0.5069333743225031,0.5288140460500149
74.0,3,10,10,133500,79,1964,1,-1,44.42784,26.17591,0.9955088540290822,0.2999130472371953
68.0,3,4,10,105000,30,1976,1,-1,44.416355,26.019478,0.2718818734522907,0.1487904019975422
74.0,3,10,10,129500,79,1968,0,-1,44.427853,26.176147,1.0040457640635343,0.2835200925227068
88.0,3,4,5,220000,58,2018,0,-1,44.437355,26.164165,0.4689648312498001,0.1487185110512252
65.8,3,1,6,107500,48,2025,1,0,44.368534,26.12119,1.667858298834167,0.1816399582346971
47.07,2,8,8,91000,10,2018,0,-1,44.38831,26.117458,0.6431016894229961,0.0284274330865323
45.0,2,4,7,119900,77,1964,1,-1,44.41952,26.1045,0.5294600344962321,0.144689210216385
51.0,2,1,3,130000,16,1936,0,-1,44.43055,26.1137,1.0446130181691409,0.1801692668243065
64.0,2,4,6,138500,63,2020,1,1,44.36122,26.15055,1.0159612593363518,0.1280726610546502
65.0,3,2,7,138000,10,2018,0,-1,44.39319,26.1163,0.4772643425119352,0.3118186342190515
31.0,1,2,9,49000,10,1966,0,0,44.378075,26.121927,1.081653639718388,0.171483474605219
54.0,2,1,5,125000,26,2021,1,1,44.47338,26.174671,3.9052285121832,0.2333324126350271
36.0,1,0,6,68500,48,2026,1,1,44.373604,26.125683,1.0177950251217502,0.288198730310362
37.0,1,4,8,110000,54,1996,1,-1,44.421185,26.116707,0.566462770191245,0.0722843672374981
54.2,2,2,6,107300,63,2025,1,0,44.362534,26.149393,0.8433153962127715,0.1509336441289626
64.0,3,6,9,97000,58,1976,1,0,44.4409,26.182508,0.7703855042310892,0.1094021363003673
68.0,2,1,6,110000,48,2025,1,0,44.368534,26.12119,1.667858298834167,0.1816399582346971
39.0,1,1,6,67500,48,2025,1,0,44.368534,26.12119,1.667858298834167,0.1816399582346971
102.0,4,1,8,321000,16,1995,1,2,44.42759,26.103882,0.2378729362360794,0.0790644054601071
50.0,2,7,7,95000,48,2018,1,3,44.368988,26.143139,0.0427433319021596,0.1379643155164073
65.0,3,0,4,145000,79,1970,0,-1,44.41498,26.15696,0.3860635849227951,0.1390836999686384
90.0,3,3,10,255000,61,2025,0,-1,44.477562,26.116549,0.3472057143209685,0.0538684968036574
60.06,3,6,10,147999,29,1971,1,0,44.423298,26.141453,0.298375331309065,0.3101179029528741
52.0,2,3,9,89990,10,1966,1,0,44.387535,26.117989,0.6922350584523566,0.1187154934624376
42.0,1,1,8,128000,58,2022,0,-1,44.437405,26.163761,0.5003665429141025,0.1583655785795902
32.0,1,1,3,79999,87,1940,0,1,44.44463,26.082542,0.6928554160937355,0.0690608806791385
53.65,2,5,8,89000,21,1977,1,0,44.464275,26.136665,1.8803408916576767,0.1380562109595947
50.35,2,4,7,107164,48,2025,1,0,44.368534,26.12119,1.667858298834167,0.1816399582346971
64.0,2,3,8,272000,25,1990,1,-1,44.423615,26.12943,0.824747496882754,0.2906729742674165
63.0,2,4,7,125000,66,1989,0,-1,44.41818,26.065672,1.1278586887508315,0.2458685434761874
53.0,1,2,2,150000,20,1940,0,0,44.435966,26.096062,0.5330354202960932,0.2077447324040302
90.0,3,3,8,339900,25,1990,1,-1,44.428036,26.132645,0.6754657682466896,0.0359225800435182
58.0,4,4,4,115000,10,1974,0,0,44.38069,26.10261,2.0710827545153068,0.3010152400906118
63.08,3,10,10,145000,78,1976,1,-1,44.413605,26.108984,0.3659241182157365,0.2445299557465506
59.0,2,0,1,270000,16,2022,1,0,44.429108,26.1146,1.0864234526666023,0.325899944243276
47.0,2,6,9,114000,20,1960,0,2,44.4381,26.100779,0.2948928197056797,0.1370889575214554
41.0,1,10,11,72000,52,1976,1,0,44.433964,26.032343,0.1235342819831091,0.0963412686952972
49.0,2,4,4,125000,20,2019,1,-1,44.436142,26.102684,0.0318356974740161,0.0786614073336896
55.98,2,6,11,107000,48,2025,1,0,44.368534,26.12119,1.667858298834167,0.1816399582346971
87.02,3,5,7,155000,17,1932,1,-1,44.431477,26.107094,0.5962438399807007,0.1417378080312164
60.0,3,0,9,125000,52,1967,0,0,44.436466,26.033787,0.2165223403690449,0.0653978134634627
52.24,2,3,12,106450,48,2025,1,0,44.36698,26.125013,1.4984643119594632,0.1520811281616526
50.0,2,2,4,99690,30,1962,0,1,44.42709,26.053364,0.3047169129258616,0.184313385867386
60.0,3,2,10,129990,74,1969,1,-1,44.453102,26.125507,0.3694932846005211,0.2567782900225298
53.0,1,9,9,128000,88,2001,0,-1,44.418274,26.127787,0.691507466893373,0.0940738640750542
63.08,2,1,4,100927,76,2026,1,2,44.414295,26.201166,0.9197237613536272,0.8281945210412937
38.61,1,1,4,61775,76,2026,1,2,44.414295,26.201166,0.9197237613536272,0.8281945210412937
67.7,2,5,7,81570,48,2025,1,0,44.36867,26.114674,2.0446209719315624,0.0700709199088806
84.0,3,3,5,134000,10,2025,1,2,44.38676,26.116875,0.8116367202193068,0.1547552464180386
56.5,2,5,7,76446,48,2025,1,1,44.36867,26.114674,2.0446209719315624,0.0700709199088806
59.0,2,1,5,85100,3,2026,1,0,44.372894,26.129774,0.8673249363972545,0.1006004279678156
56.0,2,2,4,95400,81,2023,1,0,44.403774,26.17661,0.724137557103295,0.6891076345470025
48.0,1,0,5,61200,3,2026,1,0,44.370945,26.128311,1.113067649374202,0.057321677020155
48.0,1,0,5,61200,3,2026,0,0,44.373066,26.129911,0.8453217461856254,0.0786820415273728
53.35,2,0,6,106300,48,2025,1,0,44.368534,26.12119,1.667858298834167,0.1816399582346971
53.5,2,2,6,106200,63,2025,1,0,44.362534,26.149393,0.8433153962127715,0.1509336441289626
58.0,2,0,7,144900,84,1997,0,-1,44.4038,26.119326,0.9897597983792724,0.1466028703579778
67.0,3,0,4,160000,52,1980,0,1,44.43436,26.03418,0.0427804103203727,0.0343083166073891
50.4,2,0,6,105600,48,2025,1,0,44.368534,26.12119,1.667858298834167,0.1816399582346971
154.0,2,0,6,117700,48,2025,1,2,44.37648,26.127348,0.7253715759977117,0.3076361250981719
20.0,1,9,10,38500,10,1974,0,1,44.398773,26.10722,0.1481601698614312,0.0776438934489226
64.0,2,2,10,81000,52,2026,1,2,44.44069,25.973196,1.7606563792504268,0.6092377570644377
200.0,6,3,4,650000,35,2006,1,0,44.456905,26.097593,0.792408591567843,0.158027749766579
38.0,1,1,6,105500,3,2025,1,0,44.378418,26.13346,0.2001237614733289,0.1958708875109413
119.0,4,4,5,479000,5,2006,1,-1,44.48598,26.096107,0.8268848948668533,0.1467927035244655
85.31,4,0,8,152990,23,1984,1,0,44.458042,26.048128,0.6904944858519774,0.2810819079016379
150.0,5,0,7,280000,28,2018,0,1,44.464695,26.08813,0.2084774500573129,0.0947316972646977
51.0,2,3,4,114000,79,1970,0,-1,44.43114,26.169392,0.4882077421648914,0.2272203142946165
50.0,2,4,7,133000,30,2018,0,-1,44.41993,26.028849,0.4270310378837644,0.2684926560589497
59.0,2,4,6,114400,63,2026,1,-1,44.36267,26.1514,0.9276856478120964,0.2538026946971531
57.0,2,9,12,167000,52,2016,0,-1,44.43307,26.03086,0.2765623693836084,0.1220566517928448
55.0,2,2,3,94990,37,2011,0,-1,44.46045,26.156141,2.797810508576759,0.264980284923261
65.5,3,3,3,105000,65,2024,1,0,44.371998,26.103,2.707760774459808,0.1798471025674781
30.0,1,5,5,42900,88,2016,0,0,44.409706,26.142344,1.2216800035007,0.2256495813657228
63.08,3,10,10,145000,78,1976,0,0,44.41369,26.108532,0.3290110820698946,0.2426942617973102
35.3,1,6,6,60000,48,2025,1,0,44.368534,26.12119,1.667858298834167,0.1816399582346971
53.0,2,6,11,170000,44,2019,1,0,44.447155,26.06236,0.5129570628957968,0.0152611460466351
50.0,2,5,10,89000,21,1979,1,0,44.46345,26.136585,1.7996815065919327,0.1796881210200627
68.0,3,6,10,122800,79,1969,1,-1,44.416718,26.151243,0.8794393939603257,0.1234527622460271
38.0,2,1,7,49500,67,2012,1,1,44.44362,25.98745,1.484519361370328,0.5076406353358917
61.3,3,0,6,105000,48,2025,1,0,44.36773,26.114256,2.134405782907612,0.0403125087044948
53.46,2,1,9,104700,48,2025,1,0,44.3666,26.124887,1.5149983010160135,0.1183139686222493
32.3,1,1,6,58000,48,2024,1,0,44.36773,26.114256,2.134405782907612,0.0403125087044948
30.0,1,0,10,56000,69,1973,1,0,44.41092,26.166857,0.522999555673408,0.1519036492298349
31.0,1,2,10,67499,79,1968,0,-1,44.420303,26.168783,0.7136122136815846,0.3431806039073
50.12,2,6,11,104500,48,2025,1,0,44.368534,26.12119,1.667858298834167,0.1816399582346971
36.0,2,4,7,52000,66,1997,0,-1,44.39928,26.05618,2.908099566208997,0.0576854018648191
77.0,3,3,4,129930,48,2025,1,0,44.36773,26.114256,2.134405782907612,0.0403125087044948
45.59,2,3,11,104400,48,2025,1,0,44.368217,26.124458,1.528966142001153,0.1779039584585298
75.0,3,1,5,198000,8,2019,1,-1,44.53314,26.09934,5.991770142518937,0.6592791664234283
16.0,1,4,4,29999,42,1970,0,0,44.392822,26.1041,0.7672463309338655,0.4656929200902919
45.0,2,4,10,71900,10,1975,1,0,44.383636,26.100271,1.818806872666569,0.1544765604272725
85.0,4,0,8,139999,10,1983,1,3,44.386166,26.135761,0.7318743649665731,0.237102332448503
65.0,3,4,4,104990,79,1970,0,0,44.416134,26.17957,0.7304178861427011,0.3623275223774586
37.25,1,3,6,104000,3,2025,1,0,44.378418,26.13346,0.2001237614733289,0.1958708875109413
73.0,3,4,7,270000,-1,2018,0,-1,44.471737,26.140184,2.117344568825541,0.1098834858443621
55.2,2,7,7,88500,48,2025,1,2,44.36867,26.114674,2.0446209719315624,0.0700709199088806
55.0,2,7,7,88500,48,2025,1,2,44.36867,26.114674,2.0446209719315624,0.0700709199088806
84.0,3,3,5,127000,3,2025,1,2,44.373066,26.129911,0.8453217461856254,0.0786820415273728
61.0,2,2,7,92500,48,2026,1,2,44.361057,26.149319,0.9828766026765604,0.0350027368706295
59.0,2,3,7,91000,48,2026,1,2,44.360996,26.149233,0.9858279271008142,0.0338335577205013
74.0,3,6,7,165000,66,2018,1,1,44.4165,26.0816,1.7725739262958544,0.0805098221829806
50.0,2,5,5,98900,63,2022,1,0,44.3629,26.15153,0.9157081982187136,0.2783703917578041
57.8,2,2,11,250000,16,2026,1,0,44.427063,26.123234,1.349262368245645,0.157292502526115
52.0,2,5,8,101900,82,1983,1,0,44.415855,26.044804,0.8695728177424576,0.1549225129360262
74.0,3,10,10,129500,79,1968,0,0,44.427982,26.176077,0.98892792093508,0.2950342250481444
78.55,3,4,5,129990,76,2019,1,1,44.412968,26.189775,0.6757646826019778,0.519472837895801
70.0,2,6,7,140000,79,2022,1,0,44.41671,26.188534,1.0914688602672196,0.4932962689261251
68.16,3,0,3,132500,79,2018,0,1,44.418518,26.190437,1.2336351534863683,0.2426958148825792
38.0,2,7,10,77000,10,1974,1,0,44.378204,26.099266,2.4122485339334765,0.0787376183726556
69.0,3,7,10,109999,66,1974,1,0,44.401108,26.05143,2.590346234847026,0.0942829289138027
31.0,1,9,10,58000,52,1977,1,1,44.4429,26.01849,1.00668173959304,0.1069379365573746
47.0,2,9,9,139000,54,2018,0,-1,44.422256,26.117193,0.690107367624828,0.178437578195631
45.0,3,5,10,69000,52,1976,1,1,44.43526,26.01883,0.2392695341625906,0.1511705950962501
44.0,2,5,9,155000,20,1960,1,-1,44.436142,26.102684,0.0318356974740161,0.0786614073336896
106.0,3,8,9,410000,61,2025,1,-1,44.47489,26.115648,0.6489287863392715,0.3495880639390369
72.0,3,3,3,165000,52,2020,0,1,44.437416,25.993717,0.8328368058468177,0.3779158872909045
52.5,2,5,5,106000,63,2019,1,0,44.361794,26.150936,0.9805513782684712,0.1712736344796343
52.0,2,3,7,85124,76,2026,1,-1,44.418507,26.201002,1.316717734651414,0.7483770317073104
70.0,3,3,8,135000,82,1983,1,0,44.418224,26.042067,0.5811935932631677,0.03507747621734
49.0,2,5,5,148000,8,2019,1,-1,44.534695,26.093967,6.195262913019491,0.3884229750035733
36.0,1,0,8,76990,88,1989,1,-1,44.416107,26.124826,0.4913326419548396,0.3547847223157333
54.0,2,5,8,89000,21,1980,1,3,44.463326,26.13781,1.8437518531217,0.2328576260448781
74.2,3,0,4,103880,48,2025,1,0,44.36773,26.114256,2.134405782907612,0.0403125087044948
76.0,3,3,7,225000,88,1989,1,-1,44.41739,26.12889,0.605177312558986,0.0401728530768028
51.06,2,2,11,103500,48,2025,1,0,44.368534,26.12119,1.667858298834167,0.1816399582346971
59.0,3,0,6,115000,3,2025,1,4,44.370705,26.128313,1.136116916594121,0.081791111393772
45.0,2,1,3,72632,76,2026,1,1,44.41515,26.201748,1.0234892804141955,0.932237332222674
67.0,3,3,8,109900,66,1986,1,-1,44.407784,26.069094,2.1883566857134205,0.2733040093240275
56.0,2,1,3,78582,76,2026,1,1,44.41515,26.201748,1.0234892804141955,0.932237332222674
49.0,2,0,10,63895,76,2026,1,0,44.41515,26.201748,1.0234892804141955,0.932237332222674
32.0,1,8,9,58500,10,1970,1,-1,44.37936,26.12729,0.6427351979358827,0.0221773762582959
62.6,3,2,4,103460,48,2025,1,0,44.36773,26.114256,2.134405782907612,0.0403125087044948
43.43,2,2,9,87000,74,1964,0,0,44.452465,26.118793,0.5081800209284746,0.0611980744147718
53.55,2,1,7,103000,65,2025,1,0,44.37607,26.102432,2.452213176543265,0.1632326240196666
76.0,3,2,4,107380,48,2025,1,0,44.36773,26.114256,2.134405782907612,0.0403125087044948
65.0,2,2,6,96000,48,2025,1,0,44.368534,26.12119,1.667858298834167,0.1816399582346971
56.39,2,3,6,103000,48,2025,1,0,44.3698,26.112396,2.12591706567998,0.2449872543988422
53.8,2,1,7,103000,65,2025,1,0,44.37607,26.102432,2.452213176543265,0.1632326240196666
109.0,3,10,10,309900,61,2018,0,-1,44.477764,26.120947,0.472116661798417,0.1218714305016002
52.0,2,4,7,115500,10,1982,1,-1,44.388504,26.12834,0.6888575934831156,0.1913663941234809
45.0,1,3,7,69500,48,2026,1,2,44.364002,26.147087,0.6105696565540172,0.3429944644580929
70.0,3,5,5,119000,3,2025,1,2,44.373066,26.129911,0.8453217461856254,0.0786820415273728
84.0,3,2,5,127000,3,2025,1,2,44.37141,26.128624,1.055880792694729,0.0023467552580659
37.0,1,5,5,68000,3,2025,1,2,44.373066,26.129911,0.8453217461856254,0.0786820415273728
59.0,2,6,7,91000,48,2025,1,2,44.362343,26.148718,0.8341647606730055,0.1265422447095868
56.0,2,2,7,92500,48,2025,1,2,44.36867,26.114674,2.0446209719315624,0.0700709199088806
70.0,3,9,10,93000,10,1977,1,2,44.379772,26.104773,2.0211441097112144,0.3335884852952445
62.0,2,3,4,85000,66,1988,0,3,44.406845,26.064793,2.240715655756933,0.0285922885119942
67.3,3,8,10,160000,39,1978,1,0,44.419006,26.049341,0.6866326612039123,0.1632670202516198
48.0,2,5,5,110964,21,2024,1,1,44.463135,26.138027,1.83693459516289,0.2431014350800117
85.4,3,2,7,190000,22,1939,0,-1,44.43292,26.069344,0.5511168409311109,0.0779669459236145
32.0,1,2,7,88500,52,2022,1,1,44.43713,25.98629,0.8057684589468336,0.17081389508213
89.0,4,7,12,164000,58,1989,1,-1,44.442844,26.158886,1.1705480311985748,0.0830282607297752
44.85,2,0,6,102600,48,2026,1,0,44.373177,26.127972,0.9242899136567306,0.2048102709175867
49.15,2,1,12,103400,48,2025,1,0,44.3666,26.124887,1.5149983010160135,0.1183139686222493
40.0,2,9,9,140000,20,1959,0,-1,44.439716,26.093178,0.7601926555714398,0.0720194747249774
35.0,1,10,10,82400,88,1977,1,0,44.411797,26.141031,1.0488040208907312,0.3510199271525774
63.0,2,4,8,125000,66,1989,0,-1,44.41747,26.063128,1.0871197360853155,0.2988942030185088
55.3,2,7,8,102000,48,2025,1,0,44.368748,26.124708,1.473660317396442,0.1608286353308264
105.0,3,5,6,398999,88,2015,1,0,44.41389,26.117353,0.4433728800111668,0.062089106909786
47.31,2,2,5,91900,66,2013,1,0,44.38796,26.059591,3.4431794225758563,0.0709577485875611
115.27,4,3,7,148760,76,2026,1,-1,44.41991,26.19996,1.4310526604124931,0.5953032813802541
50.0,2,4,10,136000,78,1977,1,0,44.411873,26.109728,0.5142497284373488,0.1264725000289849
46.4,2,5,6,100500,48,2025,1,0,44.368534,26.12119,1.667858298834167,0.1816399582346971
51.0,2,4,10,107000,10,1983,1,0,44.39481,26.116497,0.5052991730158625,0.1784283997832064
70.4,3,5,6,109444,48,2026,1,1,44.36865,26.112894,2.1613322814653158,0.1305509481646571
86.2,3,3,4,137919,76,2026,1,2,44.414295,26.201166,0.9197237613536272,0.8281945210412937
50.0,2,8,8,87000,67,2012,1,-1,44.443016,25.986296,1.4342406762719442,0.4137833331846857
49.07,2,9,12,102445,48,2025,1,0,44.367184,26.124887,1.505298866868684,0.1768338473837444
56.0,2,7,9,135000,29,1985,1,3,44.419426,26.137112,0.2536752275157279,0.0625969574777162
50.0,2,1,7,106000,48,2025,1,2,44.3613,26.149147,0.9525940121310444,0.0189913231775409
76.0,3,3,7,225000,88,1989,1,-1,44.41925,26.128479,0.8043135122327283,0.1709936877997357
65.0,3,3,10,119000,10,1972,0,-1,44.382492,26.117283,1.2288163848986762,0.1515684815804398
45.0,3,7,7,96000,30,1973,1,0,44.420483,26.033398,0.173527357437411,0.2253964608272222
62.95,2,0,3,102000,76,2023,1,0,44.419334,26.197123,1.3114656375297888,0.4268783925717626
70.0,3,3,10,135000,30,1983,1,-1,44.41857,26.042032,0.5427856279918137,0.0049739496929884
52.52,2,1,12,100450,48,2025,1,0,44.3666,26.124887,1.5149983010160135,0.1183139686222493
52.1,2,0,7,100000,65,2025,1,0,44.37607,26.102432,2.452213176543265,0.1632326240196666
53.5,2,6,7,139900,79,2022,1,1,44.41639,26.188002,1.0773937694204891,0.5398673993521051
64.67,2,1,3,115000,76,2025,1,0,44.41484,26.205997,1.0428637895078137,0.9409999246342516
64.0,2,4,4,139900,12,2019,0,-1,44.41499,26.00348,1.0512229125122436,0.2564708580252182
48.0,2,4,4,84000,30,1969,0,0,44.425846,26.033548,0.4231998950117245,0.1483643455844506
51.32,2,1,12,100300,48,2025,1,0,44.36698,26.125013,1.4984643119594632,0.1520811281616526
38.0,1,6,6,100000,3,2025,1,0,44.378418,26.13346,0.2001237614733289,0.1958708875109413
47.04,2,2,7,76264,76,2026,1,-1,44.416576,26.20275,1.1987334819060418,0.9568738495677104
90.87,3,3,7,119835,76,2026,1,-1,44.41991,26.19996,1.4310526604124931,0.5953032813802541
40.0,1,1,7,67000,63,2026,1,2,44.360615,26.152748,1.1720051629261774,0.2742000848165369
70.0,3,8,8,130000,52,1997,0,-1,44.43181,26.018791,0.3240325179728319,0.0362269157681812
40.0,2,9,9,140000,20,1958,1,-1,44.436142,26.102684,0.0318356974740161,0.0786614073336896
58.0,2,2,5,99918,3,2025,1,0,44.378445,26.14511,0.7844010968420156,0.5993047000627543
60.0,3,3,10,139990,42,1978,0,0,44.382397,26.09326,2.209101847847549,0.0755998088402846
57.7,2,1,6,89842,48,2026,1,1,44.36868,26.112816,2.1645877086188605,0.1375913673046195
60.9,2,1,4,85900,76,2026,1,1,44.411736,26.206163,0.703027087546156,0.6389313045374114
61.0,2,5,9,210000,61,2025,1,-1,44.474808,26.115934,0.6556907314497061,0.3516793898653566
63.0,2,1,6,113500,63,2025,1,2,44.36533,26.14722,0.4888610402786346,0.3875581058429406
55.0,2,7,7,88500,48,2025,1,2,44.36741,26.114471,2.1433043733132826,0.0761500652954859
50.0,2,2,4,99499,66,1983,0,-1,44.41002,26.071667,2.047800446395902,0.166256065790229
76.87,3,6,12,123000,76,2025,1,0,44.411728,26.199518,0.6176640628420772,0.5211169461940424
49.0,2,5,6,82800,3,2026,1,2,44.373013,26.130527,0.82647457184908,0.0700174847097721
47.0,2,7,12,148500,-1,2020,1,1,44.479042,26.054163,0.9389378287403304,0.2009375612082141
53.35,2,1,6,99900,48,2025,1,0,44.368534,26.12119,1.667858298834167,0.1816399582346971
94.0,4,3,9,207777,30,1979,1,1,44.427376,26.043285,0.4450498280011724,0.2192457287523954
80.92,4,1,10,265000,79,2010,1,0,44.42113,26.17264,0.900817288209072,0.3885726872183075
66.0,3,3,10,110000,58,1978,0,0,44.437595,26.171896,0.2986896464283004,0.0737015537608659
57.6,2,3,4,99809,3,2025,1,0,44.378445,26.14511,0.7844010968420156,0.5993047000627543
68.0,2,5,7,98700,48,2025,1,2,44.36867,26.114674,2.0446209719315624,0.0700709199088806
78.0,3,2,8,175000,48,2022,1,2,44.368683,26.124727,1.4787147653013946,0.1653993358021007
95.0,3,0,4,167000,48,2011,0,1,44.371292,26.116428,1.765818364485645,0.1094348154293756
200.0,5,5,5,1188001,47,2006,1,0,44.48517,26.088049,1.17715504523903,0.353056958882639
35.0,1,0,6,62800,48,2025,1,2,44.363434,26.115099,2.35146980558866,0.1625523933611665
35.0,1,0,7,64990,48,2026,1,2,44.36055,26.1495,1.0396776281659188,0.0864483758180728
35.0,1,5,6,63500,48,2025,1,2,44.363613,26.115444,2.3198495112894064,0.1511445021015846
55.97,2,2,4,95454,76,2023,1,0,44.40224,26.177395,0.901924975448336,0.8489264976052463
48.8,2,1,7,99800,48,2025,1,0,44.368534,26.12119,1.667858298834167,0.1816399582346971
61.25,2,1,4,85900,76,2026,1,1,44.411736,26.206163,0.703027087546156,0.6389313045374114
59.4,2,1,4,100826,76,2023,1,0,44.40224,26.177395,0.901924975448336,0.8489264976052463
63.19,2,1,3,88466,76,2026,1,0,44.412956,26.1961,0.6014030829230702,0.6448171748938754
44.85,2,1,6,99600,48,2026,1,0,44.373177,26.127972,0.9242899136567306,0.2048102709175867
61.8,2,1,4,92900,76,2026,1,1,44.411736,26.206163,0.703027087546156,0.6389313045374114
30.0,1,9,9,58000,30,1976,0,-1,44.419468,26.039272,0.4999390490407987,0.2397142331489397
77.0,3,5,8,209990,66,1988,1,-1,44.417988,26.063093,1.0346336298624843,0.2772733123037215
64.0,2,2,7,81000,52,2026,0,-1,44.440807,25.977642,1.5197931474020805,0.5981735694195652
30.0,1,4,4,75000,52,1982,0,0,44.428295,26.04159,0.5408773720936547,0.0815697158142129
84.95,3,1,4,229000,76,2025,1,0,44.416115,26.19374,0.9319384111030726,0.4978920869914043
77.3,3,1,3,130200,76,2026,1,0,44.41628,26.202694,1.169303056134148,0.968065135299939
47.04,2,1,3,76264,76,2026,1,0,44.416664,26.20295,1.2158745103951445,0.9668658614707026
60.76,2,1,3,89102,76,2026,1,0,44.416664,26.20295,1.2158745103951445,0.9668658614707026
66.0,2,3,3,68900,48,2018,0,-1,44.36949,26.115118,1.962769531466735,0.1678307738423563
38.61,1,1,7,61775,76,2026,1,4,44.414886,26.201597,0.9927700308113088,0.9007003974529973
65.15,2,2,4,97900,76,2026,1,1,44.411736,26.206163,0.703027087546156,0.6389313045374114
58.6,2,0,3,88000,76,2026,1,0,44.417812,26.198832,1.1813500274956996,0.6172502398072106
60.0,2,1,5,88347,70,2026,1,1,44.39353,26.15726,2.2466383662419798,0.1996208808574309
68.0,3,6,10,170000,78,1978,1,-1,44.41158,26.11037,0.5744608326150814,0.0945295010992331
36.0,2,4,4,129000,5,1988,0,1,44.482544,26.099,0.3893299468572951,0.0996716536762475
56.37,2,1,5,98347,76,2026,1,0,44.420033,26.20014,1.4486600167005006,0.5991039200474411
65.2,3,1,3,114500,76,2026,1,0,44.417812,26.198832,1.1813500274956996,0.6172502398072106
73.0,3,1,3,119500,76,2026,1,0,44.416576,26.20275,1.1987334819060418,0.9568738495677104
113.0,3,8,9,470000,61,2025,1,-1,44.474728,26.114904,0.6762385189226711,0.3422976135269326
120.0,3,6,9,490000,61,2025,1,-1,44.475014,26.116106,0.6318288497537934,0.3261026962911483
40.91,2,1,5,89000,76,2026,1,0,44.420147,26.200256,1.4636768025111944,0.5997862224037624
53.0,2,1,7,120000,48,2021,1,1,44.36778,26.12049,1.7673301116804558,0.0826001740964701
42.0,1,2,5,61900,63,2026,1,1,44.39172,26.1579,2.241499385029581,0.2336082102626358
68.0,3,0,3,130000,79,2022,0,-1,44.41793,26.189322,1.195355720180749,0.3463786011999848
40.0,1,4,4,35500,48,2025,0,-1,44.34282,26.163181,0.6545750621208879,0.6629095592570302
73.0,3,5,8,124900,66,1986,0,-1,44.41336,26.0654,1.5771539739476428,0.3439510629376673
50.0,2,2,4,49900,48,2025,0,-1,44.346436,26.160128,0.1862802051428185,0.3919777208828016
184.0,3,0,4,101900,48,2025,0,-1,44.342453,26.162188,0.6583635468517017,0.574860886478816
40.0,2,9,10,44900,42,1973,0,-1,44.385742,26.088419,2.1739530830907885,0.3014356726764542
33.0,1,0,5,74000,3,2026,1,2,44.373066,26.129911,0.8453217461856254,0.0786820415273728
61.0,2,1,13,200000,25,1991,1,-1,44.425587,26.129702,0.9032399486513086,0.1248366033470323
50.0,2,0,8,115500,71,1980,1,3,44.451168,26.114786,0.7404745589729421,0.1710672766378784
73.0,3,2,10,145000,10,1985,1,1,44.38031,26.13497,0.0861700087981427,0.095379937285955
64.0,3,4,10,134000,29,1970,1,0,44.42292,26.14068,0.2293879113333977,0.2926882772649141
68.0,3,6,10,170000,78,1978,1,0,44.41134,26.10944,0.5368069012744431,0.0809532819136426
42.4,2,2,4,99700,30,1962,0,-1,44.427166,26.054123,0.2518157150366523,0.1918625344080843
62.3,3,5,5,109835,63,2020,1,0,44.362064,26.151098,0.9642900614277856,0.1958317174325918
60.0,3,0,4,144900,79,1977,0,1,44.414787,26.156982,0.3759214830162467,0.1177267775859512
62.0,3,5,5,132900,63,2020,1,1,44.36192,26.15104,0.974216428160944,0.184459571800982
53.0,2,5,8,96800,48,2026,1,0,44.360912,26.149862,1.0174189280125092,0.0807890663281584
50.0,2,5,6,82800,48,2026,1,2,44.360962,26.149643,1.0042067347072878,0.0626897042673107
53.0,2,5,7,99800,48,2025,1,0,44.360657,26.149748,1.038072622276185,0.0894425351961008
60.0,3,0,4,239000,28,1960,0,1,44.453648,26.093088,0.721497496621165,0.1372069998781721
52.0,2,9,10,120000,23,1983,1,3,44.453236,26.048548,0.1686085366753585,0.0303010458667061
60.0,3,1,4,124988,10,1975,0,-1,44.38443,26.108831,1.4288587168496496,0.0914141436780234
70.0,3,2,6,100500,48,2025,1,0,44.36863,26.11358,2.1177662273742084,0.0851082384064076
74.0,3,8,11,160000,76,2017,1,-1,44.41221,26.19749,0.5651888840419313,0.572859286541305
65.0,2,4,6,138500,63,2021,1,1,44.36106,26.151314,1.0644695258972057,0.1896040655939899
66.51,3,7,9,130000,66,2019,1,0,44.393303,26.063948,2.8511672869764197,0.087152138561715
172.0,4,6,9,725000,61,2025,1,-1,44.474808,26.115534,0.6591110504431081,0.3611953108604851
95.0,3,0,4,167000,48,2011,1,-1,44.36777,26.12102,1.740259727254043,0.1170841592408639
37.0,1,0,10,98900,49,2015,1,-1,44.432487,26.138433,7.940161207589064e-05,0.0707447110619729
48.0,2,3,7,99999,76,2021,1,-1,44.412067,26.203314,0.823345589756028,0.6736650166098803
76.0,3,6,6,122000,48,2026,1,1,44.37265,26.12514,1.1210299120998344,0.2394823225147508
62.0,2,1,8,129990,1,1988,1,3,44.4223,26.06677,0.879218068699457,0.2222915485736359
65.0,3,4,4,127000,10,1975,0,3,44.386402,26.105564,1.3992698589131696,0.2078882919430912
76.0,3,1,8,134900,23,1962,0,-1,44.45982,26.046589,0.8919912350299193,0.0820059170127983
60.0,3,0,8,124990,29,1978,1,0,44.420856,26.148424,0.7316379307922776,0.3265677421126552
46.0,2,10,10,84500,30,1973,1,-1,44.422638,26.025742,0.0669373143016567,0.093527027206854
83.63,3,0,3,117082,76,2025,1,0,44.416462,26.198145,1.021687598762703,0.6585449133849999
74.0,3,10,10,129500,79,1964,1,1,44.42703,26.17639,1.0924727385353803,0.2374068097527738
70.0,3,10,10,116000,10,1974,1,0,44.37593,26.11432,1.7218351513196382,0.0894635846026464
57.0,2,3,4,185000,87,1939,0,1,44.44871,26.0922,0.5367483144424471,0.0622907746733135
44.0,2,3,8,88200,48,2025,1,0,44.360676,26.149433,1.0247629928168276,0.0717478449252888
50.0,2,5,5,82800,48,2026,1,2,44.374493,26.12975,0.7216604843879755,0.1112486392837076
51.0,2,1,7,78500,48,2026,1,0,44.36144,26.14907,0.9359518141529896,0.0269971977191202
50.0,2,5,5,82800,48,2026,1,1,44.376404,26.12972,0.5720235206759582,0.2079666967461436
57.0,2,0,5,97500,48,2026,1,1,44.37434,26.126802,0.8969976381883219,0.3029200671112205
38.0,1,0,5,74000,48,2026,1,1,44.37636,26.129663,0.5786114195541318,0.2115496852724988
79.0,2,2,9,125000,48,2026,1,0,44.369484,26.123558,1.4643487301761076,0.0507058833923011
40.0,1,3,4,45500,10,2018,0,-1,44.38676,26.116875,0.8116367202193068,0.1547552464180386
37.0,1,4,7,70000,33,2018,1,1,44.39328,26.066278,2.6869455243685665,0.0058517813646864
53.0,2,1,6,73780,48,2026,0,0,44.37016,26.114878,1.9371166662154464,0.1014842211886005
123.0,4,6,8,349000,25,2018,1,-1,44.429974,26.13551,0.3633016518841411,0.2213240860832745
45.9,2,1,6,99247,48,2025,1,0,44.36773,26.114256,2.134405782907612,0.0403125087044948
57.0,2,1,6,82500,48,2026,1,0,44.37016,26.114878,1.9371166662154464,0.1014842211886005
40.0,1,2,6,67500,48,2026,1,0,44.3747,26.12712,0.8518694064389577,0.2922562877135765
65.0,2,8,9,270000,61,2025,1,-1,44.47477,26.116335,0.6580147588739109,0.3489819296018198
66.0,2,8,9,330000,61,2025,1,-1,44.474686,26.115305,0.675144399998701,0.3706658571921407
53.5,2,3,3,157000,76,2022,1,1,44.418156,26.193872,1.1585803967572648,0.2928267953523711
78.74,3,5,7,149700,79,2026,1,-1,44.421284,26.181938,1.3299454401328086,0.1402059546268522
53.35,2,3,6,98900,48,2025,1,0,44.368534,26.12119,1.667858298834167,0.1816399582346971
51.0,2,2,8,85000,10,1963,1,-1,44.389137,26.110382,1.0371623216438215,0.0416046403012008
51.0,2,5,8,155000,20,1962,1,0,44.437977,26.10095,0.2760945192810128,0.1547351872570005
83.9,2,0,3,155000,23,2022,0,1,44.454853,26.0465,0.3488949593665827,0.241165766219401
57.5,2,3,6,107500,48,2026,1,0,44.368782,26.12087,1.665137829349592,0.1898436640343457
64.0,2,2,5,199000,83,2014,1,1,44.42346,26.07942,1.3183503210980616,0.217845564603674
36.0,2,0,10,82500,10,1980,0,0,44.379013,26.109417,1.8568333833141917,0.1756760036741173
25.1,1,10,10,63900,79,1986,1,0,44.42676,26.175953,1.070846259939526,0.2697024587213156
52.0,2,3,9,90000,10,1966,0,-1,44.387535,26.117989,0.6922350584523566,0.1187154934624376
37.65,2,1,4,80000,10,1972,0,0,44.382202,26.108976,1.5961590652515147,0.1509367948299082
47.0,2,0,7,118000,85,1977,0,-1,44.44233,26.146088,1.0420275105009944,0.1102211424413332
76.0,3,3,10,140000,79,1975,1,0,44.411167,26.173326,0.2020524934661537,0.0357108372903276
38.0,2,1,4,57000,42,1968,0,0,44.38736,26.10238,1.3721213324115216,0.2171483744533371
50.1,2,5,7,98900,48,2025,1,0,44.368534,26.12119,1.667858298834167,0.1816399582346971
54.0,2,3,8,123000,52,1980,1,0,44.43725,26.0249,0.4513236240920417,0.1457407606968276
64.0,3,1,4,125000,10,1975,0,0,44.38443,26.108831,1.4288587168496496,0.0914141436780234
130.62,2,3,7,137500,76,2025,1,-1,44.416798,26.198404,1.0636462273902625,0.6503097954316701
60.0,3,0,7,145000,16,2018,0,-1,44.422527,26.090933,1.0131382268079956,0.090141944805796
66.1,3,1,6,132000,63,2025,1,0,44.362534,26.149393,0.8433153962127715,0.1509336441289626
49.72,2,9,12,98857,48,2025,1,0,44.367184,26.124887,1.505298866868684,0.1768338473837444
98.0,2,1,5,249000,16,2017,1,0,44.431686,26.114714,1.055695676233244,0.1620183643590262
71.0,3,5,6,109500,48,2018,1,0,44.368553,26.111626,2.251215093434166,0.2215330111260544
70.0,3,3,4,280000,8,2020,1,-1,44.51034,26.07296,3.7074200822080727,0.665976397444162
49.2,2,1,6,98700,63,2025,1,0,44.362534,26.149393,0.8433153962127715,0.1509336441289626
57.0,2,2,8,107000,10,1981,1,0,44.389515,26.125477,0.4575964744513929,0.0773983936063526
58.0,2,2,7,89850,48,2025,1,0,44.36919,26.11226,2.1705828029735543,0.2055386107319041
44.0,2,9,9,140000,20,1963,1,-1,44.439175,26.093515,0.75031634478762,0.1231747550833204
51.32,2,2,12,98650,48,2025,1,0,44.36698,26.125013,1.4984643119594632,0.1520811281616526
120.0,5,2,2,198000,53,1935,0,1,44.440437,26.120487,1.003486280686272,0.0448697338058485
52.0,2,0,4,93780,3,2026,1,1,44.378628,26.133842,0.1618906770131234,0.1581428728642715
84.0,3,6,8,246999,54,1995,1,0,44.4214,26.112593,0.5281148277620746,0.097130319519148
100.0,4,0,1,228000,20,1918,0,1,44.439465,26.085411,0.8128172510822487,0.0874926942412321
68.0,2,3,4,139990,48,2018,1,0,44.36483,26.127357,1.373983804101849,0.1649669423699675
61.69,2,6,11,130500,48,2025,1,0,44.368534,26.12119,1.667858298834167,0.1816399582346971
30.0,1,8,9,59900,42,1965,1,1,44.39601,26.09421,0.9551157748215032,0.2466301637190355
78.21,3,0,9,231880,83,2025,1,0,44.419807,26.07666,1.5604495920069987,0.0333201320761257
39.0,1,4,6,64000,48,2026,1,0,44.3774,26.129309,0.5398236658153008,0.2496520137555065
53.4,2,6,6,98000,48,2025,1,0,44.36773,26.114256,2.134405782907612,0.0403125087044948
104.0,4,1,4,189000,39,2018,1,1,44.408546,26.002005,1.6719874902652871,0.2307540354909446
50.0,2,1,3,84000,33,2025,0,0,44.39794,26.084936,1.1558241116111183,0.0475125255052889
57.8,2,1,4,84900,76,2026,1,0,44.41197,26.208265,0.7059686500596973,0.7035291453078149
60.9,2,2,7,85500,76,2026,0,2,44.41197,26.208265,0.7059686500596973,0.7035291453078149
65.15,2,2,4,91900,76,2026,0,2,44.41197,26.208265,0.7059686500596973,0.7035291453078149
91.3,2,4,4,120080,76,2026,1,0,44.41166,26.204998,0.7242441134898588,0.6262646965482757
92.3,3,10,12,123000,76,2025,1,0,44.41257,26.19999,0.7120239120851939,0.6199791017964776
98.06,3,8,12,124000,76,2025,1,0,44.41257,26.19999,0.7120239120851939,0.6199791017964776
61.3,2,2,4,91650,76,2026,1,0,44.41166,26.204998,0.7242441134898588,0.6262646965482757
85.77,3,2,3,118755,76,2026,1,0,44.417545,26.2036,1.3257393982633086,0.9775390444545058
55.6,2,2,6,93847,48,2025,1,0,44.36867,26.114674,2.0446209719315624,0.0700709199088806
80.6,3,4,6,135521,48,2025,1,0,44.36867,26.114674,2.0446209719315624,0.0700709199088806
44.77,2,1,3,72632,76,2025,1,0,44.417545,26.2036,1.3257393982633086,0.9775390444545058
37.5,1,8,11,61400,76,2026,1,0,44.415802,26.1977,0.9409731135128628,0.6855893229171097
57.5,2,4,4,80500,76,2025,1,0,44.411736,26.206163,0.703027087546156,0.6389313045374114
99.15,4,3,11,156000,76,2026,1,0,44.415802,26.1977,0.9409731135128628,0.6855893229171097
76.3,3,2,3,114500,76,2026,1,0,44.416985,26.198282,1.0803479633607964,0.6299341483797296
41.7,1,2,11,70200,76,2026,1,0,44.415802,26.1977,0.9409731135128628,0.6855893229171097
70.25,2,1,4,129000,69,2025,1,0,44.407024,26.163923,0.7502485893124542,0.1807809396806221
39.13,1,1,6,67500,48,2025,1,0,44.368534,26.12119,1.667858298834167,0.1816399582346971
41.7,1,1,11,68100,76,2026,1,0,44.415802,26.1977,0.9409731135128628,0.6855893229171097
294.0,5,6,9,1500000,61,2025,1,-1,44.474564,26.115877,0.6831096142070787,0.3790664300895299
61.43,2,1,3,90074,76,2026,1,0,44.417545,26.2036,1.3257393982633086,0.9775390444545058
92.0,3,2,4,128900,76,2025,1,0,44.411736,26.206163,0.703027087546156,0.6389313045374114
62.2,2,2,3,86000,76,2025,1,0,44.416576,26.20275,1.1987334819060418,0.9568738495677104
61.9,2,3,4,86900,76,2025,1,0,44.411736,26.206163,0.703027087546156,0.6389313045374114
78.45,3,0,7,141000,65,2025,1,2,44.375515,26.105978,2.3320640862176303,0.1266177247016043
30.0,1,8,9,59899,42,1964,1,-1,44.393948,26.093048,1.1978725072735352,0.1192181369811649
48.0,2,7,7,66600,52,2018,1,1,44.434658,26.012163,0.7167348505461945,0.0423189746404194
31.0,1,9,10,64900,58,1978,1,-1,44.444733,26.150639,1.454225574559939,0.2150098879548375
80.0,4,3,4,187000,52,1967,0,1,44.4364,26.01652,0.4621856448875281,0.259038685040501
67.0,2,4,7,94500,52,2018,1,1,44.434658,26.012163,0.7167348505461945,0.0423189746404194
55.95,2,0,6,102600,48,2026,1,0,44.368782,26.12087,1.665137829349592,0.1898436640343457
79.0,3,1,4,132500,33,1989,0,0,44.40824,26.08073,1.3020062149179588,0.2326874201390199
59.0,2,1,5,103000,3,2026,1,1,44.373066,26.129911,0.8453217461856254,0.0786820415273728
50.0,2,1,6,84579,48,2026,1,1,44.36124,26.149319,0.964822080049297,0.0303270245338569
49.0,2,5,5,82800,3,2026,1,1,44.373066,26.129911,0.8453217461856254,0.0786820415273728
59.0,2,2,3,91400,52,2018,1,1,44.434658,26.012163,0.7167348505461945,0.0423189746404194
51.0,2,1,8,103400,48,2025,1,-1,44.37065,26.123213,1.3863473659832488,0.0334649776420164
41.0,1,1,3,69500,33,2025,0,0,44.39794,26.084936,1.1558241116111183,0.0475125255052889
53.0,2,3,4,86500,39,2025,1,-1,44.404774,26.003893,1.9710075715311628,0.6340879406491796
59.0,2,0,7,250000,8,2018,1,1,44.5114,26.072,3.698838214209687,0.6911400378250587
77.0,3,11,12,195000,10,2023,1,0,44.389236,26.118452,0.51334516988468,0.0984692495404216
40.0,2,8,8,133900,38,2018,1,0,44.45096,26.080631,0.3125962793494208,0.1307513131650294
59.0,2,2,7,97350,48,2024,1,0,44.368526,26.114458,2.0679460580864606,0.049659470569654
30.0,1,0,4,61000,74,1982,0,0,44.463593,26.115414,1.4267081163232844,0.3317986431941614
52.0,2,7,7,105000,48,2024,1,0,44.3688,26.112171,2.199924889656431,0.1894305471313136
41.0,1,1,3,57438,33,2025,0,0,44.39794,26.084936,1.1558241116111183,0.0475125255052889
62.0,3,4,4,139000,16,1970,1,1,44.42806,26.124678,1.1980889627427762,0.2702054819089684
70.0,3,3,6,112500,48,2026,1,0,44.36773,26.114256,2.134405782907612,0.0403125087044948
91.0,3,1,12,459999,8,2016,1,0,44.490124,26.085878,1.6699313293832376,0.0933027838620139
31.0,1,2,9,50000,10,1966,1,0,44.378075,26.121927,1.081653639718388,0.171483474605219
33.0,2,-1,5,55000,63,2013,1,0,44.363934,26.14871,0.6840268365724007,0.3027755949117389
49.0,2,0,10,73000,10,1968,0,0,44.37748,26.120926,1.1717442956134183,0.0812294419213948
67.0,3,4,4,95000,10,1969,0,3,44.379097,26.111248,1.7726546746774934,0.1957394942747939
46.2,1,1,6,75141,48,2025,1,0,44.368374,26.11221,2.22355168993863,0.1719595708368532
70.4,3,5,6,109444,48,2025,1,0,44.36777,26.112206,2.262171866621859,0.172965120218781
74.0,3,8,8,153000,1,1987,0,0,44.423008,26.062893,0.588220926098276,0.3318964951553182
50.0,2,2,10,69000,10,1970,1,1,44.383385,26.120333,1.0745282834319867,0.2253453843397534
52.0,2,8,10,239000,61,2024,1,0,44.47812,26.107857,0.6133623605862916,0.2792340423591131
51.0,2,0,8,125000,32,1983,1,-1,44.44012,26.11496,1.077087239028538,0.1358215948233924
80.0,3,1,7,144000,10,2025,1,0,44.376694,26.11033,2.016028128275434,0.0931987346962539
67.0,2,3,4,98000,3,2023,1,0,44.378643,26.147253,0.95016415228603,0.5806319364187552
41.0,1,2,3,56880,33,2025,0,-1,44.390186,26.080898,2.0030411754516964,0.0345070831928156
48.0,2,5,7,90000,74,1977,1,-1,44.463017,26.128061,1.4884454911202734,0.1848823463378924
86.0,3,0,7,195000,84,1988,1,-1,44.403454,26.121063,1.0787887826352025,0.0736295975363147
51.0,2,2,9,75000,10,1970,1,0,44.38064,26.1256,0.7852563317115904,0.0978562433647333
31.0,1,1,7,54500,48,1969,1,-1,44.37829,26.124542,0.8726828623425903,0.039648456476556
56.01,2,3,11,103100,79,2024,1,0,44.41939,26.18013,1.0816062973328382,0.3369987053719792
88.95,3,1,3,119500,76,2026,1,0,44.416576,26.20275,1.1987334819060418,0.9568738495677104
57.0,3,0,3,115000,63,2013,0,0,44.377083,26.149052,1.0036031392165976,0.7834297768574855
65.75,2,3,16,228000,20,2011,0,0,44.436142,26.102684,0.0318356974740161,0.0786614073336896
34.0,2,2,4,55000,10,1972,0,0,44.382515,26.108894,1.574676725174334,0.1840884201552891
72.0,3,3,8,165000,10,1988,1,0,44.393852,26.109238,0.5427691685208967,0.2096856860308603
51.0,2,4,10,122000,79,1967,1,1,44.424786,26.161898,0.0680639792999939,0.0546947488992229
40.0,2,1,6,69938,48,2026,0,1,44.3613,26.149576,0.9686612194514465,0.051494621357355
35.0,2,5,6,88000,48,2025,1,1,44.36112,26.149233,0.973525405809763,0.0256948493233534
61.0,2,1,7,92500,48,2026,0,1,44.360996,26.14949,0.9951630715654668,0.0501716652972264
50.0,2,4,6,79500,10,2022,1,1,44.38676,26.116875,0.8116367202193068,0.1547552464180386
55.0,2,7,7,88500,3,2025,1,1,44.36876,26.129395,1.1346704961585403,0.2233316121300458
65.0,3,4,8,135000,55,1965,1,0,44.44737,26.14185,0.9962213717411132,0.1246515589360433
155.0,4,7,10,545750,8,2026,1,1,44.52326,26.07567,4.624131137898343,0.1921559896145236
56.0,2,1,11,170000,8,2020,1,1,44.489216,26.109516,1.1037613969552418,0.4733171264903452
106.0,4,9,11,320000,24,2021,1,0,44.485718,26.062012,1.7152621695733006,0.2948686564821653
66.0,2,5,10,182900,-1,2025,1,0,44.471615,26.13945,2.0726853741754563,0.1693596381756506
75.0,3,11,11,199000,52,2025,1,1,44.42697,26.018461,0.7203042614644349,0.1214863562057155
53.1,2,7,20,310000,74,2022,1,1,44.46913,26.110556,1.3720805029657126,0.0672456012931207
50.0,2,4,10,91500,52,2026,1,4,44.439358,25.978853,1.3351504491752793,0.4820495336899225
64.0,2,8,9,200000,31,2024,1,0,44.44905,26.14834,1.5082934202813028,0.0626502138874447
55.5,2,1,6,89000,48,2026,1,0,44.36773,26.114256,2.134405782907612,0.0403125087044948
41.4,1,1,3,57439,33,2025,0,0,44.395203,26.084469,1.392468069694774,0.2912934858501849
80.0,3,2,9,94800,48,2024,1,0,44.371014,26.112244,2.070758708467378,0.226272285111656
71.0,2,2,4,121000,76,2026,1,2,44.411724,26.199545,0.6188394788867422,0.5210318377183492
29.0,1,2,2,49500,-1,1969,0,1,44.403084,26.16142,1.160437051311534,0.3006702780464457
61.14,3,4,10,89900,74,1968,1,0,44.457954,26.130339,1.0196710321008882,0.0935948051867935
59.39,3,2,8,92000,21,1974,1,0,44.463158,26.134798,1.6975763777485864,0.1459523231081193
77.0,3,3,8,340000,87,1983,0,-1,44.441883,26.093376,0.5476150381915708,0.1793295617184901
55.0,2,7,7,88500,3,2025,1,1,44.3761,26.138962,0.4817160691963676,0.0977007653867181
67.0,2,5,7,98700,3,2025,1,1,44.36876,26.129395,1.1346704961585403,0.2233316121300458
48.0,2,3,4,96000,50,2026,1,0,44.42287,26.196512,1.5362676941139637,0.2081776807578114
74.0,3,1,8,125000,66,2018,0,0,44.407005,26.067114,2.281819467520456,0.2123850220174373
68.0,3,7,7,91500,52,2026,0,1,44.43774,26.017382,0.514666956033878,0.2179837448345945
49.0,2,0,7,69900,52,2026,0,1,44.43774,26.017382,0.514666956033878,0.2179837448345945
49.0,2,7,7,66600,52,2026,0,1,44.43774,26.017382,0.514666956033878,0.2179837448345945
49.0,2,2,7,95100,52,2026,0,1,44.43774,26.017382,0.514666956033878,0.2179837448345945
52.0,2,2,7,67800,52,2026,0,1,44.434658,26.012163,0.7167348505461945,0.0423189746404194
52.0,2,4,7,67800,52,2026,0,1,44.43774,26.017382,0.514666956033878,0.2179837448345945
49.0,2,6,7,62600,52,2026,0,1,44.43774,26.017382,0.514666956033878,0.2179837448345945
68.0,3,7,7,84900,52,2026,0,1,44.43774,26.017382,0.514666956033878,0.2179837448345945
133.0,4,11,25,774000,35,2025,1,0,44.47726,26.101969,0.2509177175234381,0.2235938630554517
91.0,3,0,5,350000,8,2010,1,0,44.515,26.102879,3.9685032079998206,0.0944340865694107
55.0,2,5,11,172500,61,2025,1,1,44.48192,26.109476,0.5837364261137837,0.1658063741094169
47.0,2,5,7,119900,10,2018,0,-1,44.39319,26.1163,0.4772643425119352,0.3118186342190515
62.0,3,10,10,118000,30,1972,1,-1,44.4199,26.041002,0.4059527026680344,0.170973535716358
67.2,2,0,4,122000,76,2026,0,2,44.41197,26.208265,0.7059686500596973,0.7035291453078149
52.2,2,1,9,92900,3,2024,1,2,44.373066,26.129911,0.8453217461856254,0.0786820415273728
60.1,2,2,6,97500,48,2025,1,2,44.37648,26.127348,0.7253715759977117,0.3076361250981719
97.0,3,2,5,139000,39,2025,1,-1,44.408573,26.024534,0.8554160078702877,0.1147342391292045
90.25,3,2,5,144500,48,2024,1,2,44.36867,26.114674,2.0446209719315624,0.0700709199088806
70.45,2,4,4,111530,76,2025,1,3,44.421143,26.200327,1.5702804222402582,0.5530191986639951
54.95,2,5,7,107164,48,2025,1,2,44.369125,26.121769,1.5883506717620073,0.1688926847677567
37.52,1,6,12,102850,76,2026,0,0,44.4091,26.208735,0.3875600533742772,0.4412660633349968
70.71,2,0,11,131890,76,2026,1,0,44.408634,26.188599,0.4488036203824405,0.0610167701482598
90.4,3,5,5,136791,3,2025,1,2,44.378757,26.14433,0.7180072257245517,0.5763440206355582
63.4,2,0,12,301290,-1,2027,1,0,44.473362,26.141172,2.1107682686925697,0.1725915407553236
63.4,2,11,15,320650,35,2026,1,0,44.467495,26.107292,1.4119513736488851,0.2560374823512353
127.7,4,6,14,639000,61,2025,1,0,44.476875,26.106829,0.5795096154222047,0.1287646050577811
53.1,2,2,5,76700,48,2025,1,2,44.36867,26.114674,2.0446209719315624,0.0700709199088806
50.45,1,2,6,104000,3,2025,1,2,44.373066,26.129911,0.8453217461856254,0.0786820415273728
77.73,2,2,11,124000,48,2025,1,2,44.36829,26.120996,1.6982929453095552,0.1510966660016404
83.75,3,2,6,139000,48,2025,1,2,44.36867,26.114674,2.0446209719315624,0.0700709199088806
49.7,2,0,5,113222,76,2024,1,0,44.412907,26.192436,0.589911068653402,0.5640982615512892
85.65,3,2,4,137040,76,2024,1,0,44.414227,26.192375,0.7345570688419178,0.6881854111500717
66.83,2,1,5,89256,76,2025,1,0,44.41927,26.199732,1.3578783555390848,0.6263500514258723
90.87,3,1,5,119833,76,2025,1,0,44.41927,26.199732,1.3578783555390848,0.6263500514258723
48.0,2,4,4,75000,42,1975,0,-1,44.38312,26.09343,2.1355886537764155,0.1114827539148421
89.53,3,3,6,277000,54,2015,1,0,44.417133,26.118776,0.4323442854013952,0.3755808361364072
59.0,2,4,8,125000,66,1989,1,-1,44.41818,26.065672,1.1278586887508315,0.2458685434761874
61.2,2,5,7,135000,76,2021,1,0,44.41303,26.192478,0.6025190603435928,0.5778485840494615
85.46,3,1,8,132800,3,2024,1,0,44.367226,26.13293,0.8740670108383295,0.0402447900680239
59.23,2,3,8,91800,3,2024,1,0,44.367226,26.13293,0.8740670108383295,0.0402447900680239
53.4,2,5,5,92500,48,2025,1,0,44.36773,26.114256,2.134405782907612,0.0403125087044948
76.63,3,3,8,165000,10,1985,0,-1,44.393513,26.108868,0.5805800155048524,0.1837044528806565
95.0,3,0,4,167000,48,2011,0,1,44.367523,26.120865,1.7691004268040056,0.0954730073310483
200.38,6,3,4,650000,20,2006,1,0,44.436142,26.102684,0.0318356974740161,0.0786614073336896
44.0,2,5,8,76000,79,1978,1,0,44.425396,26.174913,0.9715467960635888,0.2056118811167851
52.0,2,2,4,95000,48,2016,0,0,44.365074,26.117765,2.1029631419119195,0.1100189227874631
40.0,1,1,10,87000,10,1986,1,0,44.381622,26.13187,0.3584207330108647,0.0946058275996989
49.0,2,0,10,73000,10,1968,1,0,44.37945,26.126694,0.6897676044283604,0.06930192475656
50.0,2,2,10,63000,52,2026,1,0,44.440624,25.971193,1.879910294343464,0.6733842499855964
90.0,3,2,10,107800,52,2026,1,1,44.439274,25.972836,1.685737407849904,0.4774038117807392
90.0,3,3,10,115500,18,2026,1,0,44.441208,25.975723,1.654797378795785,0.6311609845504464
64.0,2,2,10,91476,52,2026,1,2,44.441025,25.979862,1.4318752541236224,0.4394528401044117
42.0,2,6,7,80000,52,2018,0,-1,44.43592,26.03877,0.4323404629076466,0.2852220887955376
76.0,3,2,8,180000,66,1988,1,2,44.41716,26.065172,1.1976671610081224,0.3658676687974131
49.0,2,4,7,88000,43,1970,1,-1,44.46233,26.05701,0.1551020929673027,0.043674405736168
61.0,2,1,6,140000,48,2023,1,0,44.37649,26.12862,0.6377269021504833,0.2956946915136732
37.0,2,4,4,55000,10,1971,0,0,44.378536,26.10471,2.12616537302318,0.2425000156446872
90.0,4,4,4,187000,31,1989,0,-1,44.455265,26.144945,1.7561958513747875,0.1310592126087229
50.0,1,2,9,59800,48,2024,1,0,44.371014,26.112244,2.070758708467378,0.226272285111656
50.0,2,4,7,119900,77,1961,1,-1,44.417847,26.104305,0.3444807095221184,0.3229433916483205
77.91,3,3,6,134000,66,2012,1,-1,44.3878,26.060518,3.3908052832272664,0.0521236151596964
92.0,3,3,5,240000,61,2021,1,2,44.481976,26.104832,0.4788106832703538,0.1348893242015508
38.0,2,7,10,75000,20,1975,1,0,44.436142,26.102684,0.0318356974740161,0.0786614073336896
48.0,2,3,10,138000,52,2022,1,1,44.436634,25.988583,0.7030039300079982,0.1286288746038264
78.0,3,1,10,290400,74,2018,1,0,44.46982,26.110731,1.2954388583996157,0.1044631725844746
33.0,1,4,10,59000,81,1974,1,0,44.40981,26.170467,0.403643162623297,0.2371803379523362
65.0,3,3,5,93900,48,2025,1,0,44.3698,26.112396,2.12591706567998,0.2449872543988422
50.0,2,4,10,58800,52,2026,1,2,44.44109,25.980211,1.422442179078813,0.4174191031821894
50.0,2,2,10,58800,52,2026,1,1,44.440254,25.97584,1.5727637014360394,0.5250812673421552
90.0,3,3,10,107800,52,2026,1,1,44.438843,25.974895,1.526204169383349,0.3748711359166314
42.0,2,1,10,76230,52,2025,1,1,44.440422,25.981092,1.322074303691764,0.3237598283004232
50.0,2,1,10,63000,52,2026,1,3,44.440536,25.97471,1.6594490663347874,0.5629150964564616
64.0,2,2,10,75600,52,2026,1,1,44.43964,25.974209,1.6240659186185176,0.4735954275609491
90.0,3,2,10,107800,52,2026,1,1,44.438644,25.97457,1.5332982415390344,0.3592116028006613
50.0,2,2,10,58800,52,2026,1,1,44.439518,25.97335,1.669162593048259,0.4835193457549939
90.0,3,2,10,115500,52,2026,1,0,44.436775,25.973997,1.4584510517451903,0.1980755071108312
50.0,2,2,10,58800,52,2026,1,0,44.434658,26.012163,0.7167348505461945,0.0423189746404194
47.0,2,0,7,104000,32,1940,0,1,44.444237,26.109432,0.956443979767285,0.1838407691417132
48.5,2,11,11,133000,76,2023,1,1,44.410492,26.200087,0.5650997942209898,0.3985384633236088
48.0,2,1,10,110000,13,1967,1,-1,44.482983,26.039833,0.0911129567572444,0.1088096690908521
50.0,2,0,7,91000,48,2018,1,1,44.364628,26.117538,2.131193670970322,0.0576894758790657
32.0,1,1,7,58000,48,2018,1,1,44.371822,26.115423,1.805466619841404,0.0887684429319502
60.0,2,4,7,235000,52,2018,0,-1,44.4429,26.01849,1.00668173959304,0.1069379365573746
35.0,1,6,7,60500,48,2018,1,1,44.371758,26.115263,1.820038895144506,0.078822759202689
40.0,1,3,7,68500,48,2018,1,1,44.371765,26.115263,1.819666496463044,0.0795893036224542
65.0,3,0,7,105000,48,2018,1,1,44.371567,26.11518,1.8360614562535615,0.0568278827365924
54.0,2,2,10,97900,18,2026,1,0,44.441013,25.971413,1.8926915317209057,0.7013348930503629
75.55,3,1,4,112950,76,2026,1,1,44.411976,26.205536,0.7426708636008656,0.6616565256806101
58.0,2,1,7,94000,48,2018,1,1,44.371746,26.115236,1.8225618366016,0.0771574089158057
87.0,2,1,6,223850,74,2022,1,3,44.46987,26.110773,1.2890512786911446,0.1105993563993087
77.0,3,0,7,124500,48,2018,1,1,44.37178,26.115284,1.81740301659813,0.0815318071835063
219.0,4,7,8,450000,66,2023,1,1,44.415676,26.061146,1.2169617739823209,0.1367324107879562
55.0,2,2,7,87500,48,2018,1,1,44.371704,26.115242,1.824383740917887,0.0726215644307442
63.0,2,1,5,85124,76,2026,1,5,44.419636,26.199884,1.4002830848762702,0.6090410281417592
51.0,2,0,7,82000,48,2018,1,1,44.371647,26.115257,1.8263956598525093,0.0666074755741673
41.0,1,1,7,94000,79,2018,0,-1,44.41817,26.1606,0.5206606050493752,0.3647647089419271
70.0,3,3,7,112500,48,2018,1,1,44.370987,26.11507,1.875770163150308,0.0082714308210326
147.0,3,0,1,349000,22,1930,0,1,44.43359,26.067455,0.5832313647385725,0.1711477870605186
67.0,2,2,5,89256,76,2026,1,5,44.419636,26.199884,1.4002830848762702,0.6090410281417592
52.03,2,3,9,90000,10,1966,1,0,44.386593,26.117664,0.7965899814660167,0.1763296497280315
50.0,2,6,8,107000,10,1968,1,-1,44.39208,26.11728,0.4100960583796531,0.3258205894273472
51.64,2,1,5,73554,76,2026,1,5,44.419636,26.199884,1.4002830848762702,0.6090410281417592
46.0,2,6,8,160000,20,1962,0,-1,44.439644,26.092472,0.773614395346348,0.1156116577232318
67.0,2,5,6,209330,74,2022,1,3,44.470055,26.11103,1.2625676921850022,0.1394966761276025
91.0,3,1,5,119835,76,2026,1,5,44.419636,26.199884,1.4002830848762702,0.6090410281417592
64.39,3,5,7,134900,10,1988,0,-1,44.38053,26.132235,0.2702574079503491,0.1124890009842292
53.2,2,8,10,124000,56,1971,1,0,44.410587,26.177475,0.1605769814377745,0.0441386948797435
58.0,2,3,3,132000,76,2025,1,1,44.412033,26.195738,0.4948216420495694,0.5411717344034662
52.95,2,1,6,99600,48,2026,1,0,44.368782,26.12087,1.665137829349592,0.1898436640343457
72.0,3,2,10,129000,52,2026,1,4,44.43934,25.978853,1.3336578212311927,0.482085156763849
61.8,2,2,4,105149,76,2026,1,0,44.411736,26.206163,0.703027087546156,0.6389313045374114
80.0,3,0,3,134000,76,2026,1,0,44.412846,26.191805,0.5967154630341831,0.5442041997140659
61.26,3,0,7,124900,13,1960,0,-1,44.478767,26.043606,0.4782985333642241,0.1695694523166473
60.69,3,3,4,184500,13,2012,0,-1,44.48662,26.038666,0.0836687853112202,0.0955831265115337
47.0,2,8,8,179000,20,1960,1,0,44.43891,26.100216,0.3950181443279568,0.0391563928876162
80.0,4,1,1,249500,16,1923,0,1,44.428032,26.128914,0.9037854984436184,0.1709579828428889
72.3,3,2,8,260000,16,1991,1,6,44.42483,26.121325,1.1044878310178492,0.1261734449568742
105.3,3,3,3,179500,24,2020,0,-1,44.486023,26.052631,1.0103297052699811,0.2671235921535485
44.62,2,1,7,114500,0,1963,0,-1,44.468937,26.056746,0.5635323499319276,0.1050525951770783
40.0,1,4,4,129000,5,1985,0,3,44.48575,26.09386,0.8916243895469969,0.0659808370527543
42.01,2,3,4,112500,24,2013,0,-1,44.48587,26.044268,0.4550349947182938,0.0322361303928291
58.5,2,8,8,175000,25,1997,1,6,44.43058,26.135798,0.2979491403509364,0.1518665767479215
126.87,4,10,11,172917,76,2025,1,0,44.414288,26.197414,0.7742206913213193,0.8030517493605166
54.34,2,2,11,118800,48,2025,1,0,44.368217,26.124458,1.528966142001153,0.1779039584585298
63.0,3,4,9,109000,52,1970,1,0,44.441257,26.02389,0.8231312456707836,0.1454013500634946
90.0,3,2,5,145000,76,2026,1,0,44.41927,26.199732,1.3578783555390848,0.6263500514258723
71.0,3,10,11,89900,52,1976,1,3,44.433678,26.012936,0.6695630255312122,0.0942145819979493
115.27,4,2,5,148760,76,2026,1,0,44.41677,26.198233,1.0564066513195955,0.6416407092415483
60.0,2,2,4,177000,23,2019,1,-1,44.44998,26.04645,0.2300520084176771,0.1334093724901655
52.2,2,1,12,118750,48,2025,1,0,44.36698,26.125013,1.4984643119594632,0.1520811281616526
55.0,2,2,10,225000,25,2025,1,-1,44.420937,26.132648,0.5224174911903389,0.3366734640417516
76.7,4,9,10,115000,74,1978,1,0,44.46495,26.129276,1.7195506881688454,0.0696532326892696
31.0,1,9,10,73900,52,1972,1,-1,44.433212,26.030535,0.2896670490996191,0.1151010248287867
57.75,3,5,6,118500,48,2025,1,0,44.368534,26.12119,1.667858298834167,0.1816399582346971
39.5,2,8,8,135000,44,2021,1,-1,44.44386,26.053856,0.5405337694590462,0.0891214684405865
61.06,2,0,3,89102,76,2026,1,0,44.41298,26.20052,0.7740517960238443,0.673752653750837
53.0,2,9,13,106000,70,2007,1,1,44.389957,26.14239,1.2806104799477012,0.1082869182629467
44.0,2,4,10,75000,52,2026,1,4,44.439285,25.978416,1.3525577275450065,0.4667106533330725
52.6,2,1,6,118200,48,2026,1,0,44.373177,26.127972,0.9242899136567306,0.2048102709175867
41.0,1,7,8,88000,52,1990,1,-1,44.440277,26.035702,0.6597792755480981,0.029613741923636
147.25,4,0,6,243300,48,2026,1,0,44.368782,26.12087,1.665137829349592,0.1898436640343457
120.78,4,2,11,228800,3,2025,1,2,44.36876,26.129395,1.1346704961585403,0.2233316121300458
60.85,2,2,11,118800,3,2025,1,2,44.36876,26.129395,1.1346704961585403,0.2233316121300458
42.86,1,3,11,86900,3,2025,1,2,44.36876,26.129395,1.1346704961585403,0.2233316121300458
70.15,3,2,5,112500,48,2024,1,2,44.36867,26.114674,2.0446209719315624,0.0700709199088806
57.6,2,2,5,92500,48,2024,1,2,44.36867,26.114674,2.0446209719315624,0.0700709199088806
68.7,2,4,4,108300,76,2025,1,3,44.421143,26.200327,1.5702804222402582,0.5530191986639951
40.35,1,2,4,76865,76,2026,1,3,44.421143,26.200327,1.5702804222402582,0.5530191986639951
39.4,1,0,11,94380,76,2026,1,0,44.408634,26.188599,0.4488036203824405,0.0610167701482598
55.45,2,6,7,99800,48,2025,1,2,44.369125,26.121769,1.5883506717620073,0.1688926847677567
38.85,1,3,7,69900,48,2025,0,2,44.369125,26.121769,1.5883506717620073,0.1688926847677567
54.65,2,5,5,84930,3,2025,1,0,44.378757,26.14433,0.7180072257245517,0.5763440206355582
45.6,2,0,6,81900,48,2025,1,2,44.37648,26.127348,0.7253715759977117,0.3076361250981719
118.5,3,8,9,184900,3,2025,1,2,44.373066,26.129911,0.8453217461856254,0.0786820415273728
58.9,2,2,6,106200,63,2025,1,2,44.36533,26.14722,0.4888610402786346,0.3875581058429406
99.15,4,1,11,151000,76,2027,1,0,44.412388,26.196299,0.5455600280601812,0.5951968885116277
47.2,2,3,6,118000,3,2025,1,0,44.378418,26.13346,0.2001237614733289,0.1958708875109413
56.0,2,5,5,159000,27,2020,1,0,44.464233,26.07077,1.06511841897637,0.0531617012483967
47.2,1,3,6,118000,3,2025,1,0,44.378418,26.13346,0.2001237614733289,0.1958708875109413
72.0,3,4,9,127000,52,1976,1,0,44.434658,26.012163,0.7167348505461945,0.0423189746404194
24.0,1,3,10,45800,10,1975,0,-1,44.39205,26.119074,0.2747845193816377,0.2346107280016648
41.1,1,1,5,74800,39,2010,0,0,44.407864,25.998774,1.884243730642117,0.2028985359144193
49.35,2,0,6,117700,48,2025,1,0,44.368534,26.12119,1.667858298834167,0.1816399582346971
38.0,2,1,10,139000,28,1976,1,1,44.4526,26.08691,0.2181911726848455,0.0992840666501565
23.0,1,6,10,60000,66,1982,1,1,44.41013,26.06945,2.043442667005608,0.0147874880350987
97.0,3,1,3,199999,25,1927,0,1,44.42971,26.13353,0.4969693122172894,0.1643774681677692
46.0,1,1,7,75000,37,2018,0,-1,44.472504,26.173063,3.8636583750782574,0.1749291210398917
61.3,3,10,12,99000,-1,1962,1,-1,44.432297,26.147726,0.738103403434188,0.0925819791760882
74.0,3,6,8,247000,54,1995,1,0,44.421284,26.113285,0.5116513517766067,0.1454191828932758
53.28,2,2,11,117200,48,2025,1,0,44.368217,26.124458,1.528966142001153,0.1779039584585298
192.0,4,6,8,1000000,47,2022,0,1,44.48774,26.089975,1.255546994670229,0.3666472550587093
54.15,2,5,7,117000,65,2025,1,0,44.37607,26.102432,2.452213176543265,0.1632326240196666
62.78,2,7,10,240000,1,1989,0,-1,44.424526,26.075829,1.1653072592607148,0.0640785741689676
55.64,2,1,12,118562,48,2025,1,0,44.367184,26.124887,1.505298866868684,0.1768338473837444
38.74,2,4,11,83000,70,2012,0,-1,44.398655,26.14361,1.808428950778264,0.0817431729043738
37.25,1,1,6,116000,3,2025,1,0,44.378418,26.13346,0.2001237614733289,0.1958708875109413
50.5,2,4,4,99000,31,1988,1,-1,44.454117,26.145096,1.7288400576798266,0.2137007522766989
45.95,1,1,6,116000,3,2025,1,0,44.378418,26.13346,0.2001237614733289,0.1958708875109413
82.0,3,0,3,328500,77,2026,1,-1,44.418312,26.106302,0.4156896591295023,0.3327696157005856
82.0,3,4,12,248000,-1,2026,0,0,44.472187,26.140118,2.0896210815470053,0.121079263926964
62.5,2,3,4,155000,10,2016,0,0,44.390133,26.104872,1.0130386657368755,0.2149489728497254
65.0,2,7,11,129000,48,2024,1,1,44.363396,26.135702,0.8821203154012113,0.0703468892731814
89.39,4,4,7,190000,31,1987,0,-1,44.453274,26.146822,1.7508141518943423,0.2059227876819307
51.32,2,2,12,94050,48,2025,1,0,44.36698,26.125013,1.4984643119594632,0.1520811281616526
39.5,1,2,6,60825,48,2026,1,0,44.363735,26.113264,2.4846486519521727,0.0130053008282486
56.29,2,4,6,115000,48,2023,1,0,44.368492,26.114471,2.0693683245853265,0.0461866599015242
53.46,2,1,12,115900,48,2025,1,0,44.3666,26.124887,1.5149983010160135,0.1183139686222493
55.3,2,1,11,174000,61,2024,1,1,44.481438,26.105064,0.4572372016193901,0.0943876062235305
67.2,3,0,4,94080,48,2025,1,0,44.36773,26.114256,2.134405782907612,0.0403125087044948
53.0,2,9,10,117500,30,1973,1,-1,44.42079,26.028927,0.3643248808203842,0.203445130413546
55.0,2,4,10,99000,52,2026,1,4,44.43935,25.978865,1.333852406464604,0.4811117804141802
62.57,2,1,3,113000,76,2026,1,0,44.41452,26.203083,1.0377451202701211,0.9030103782223728
34.0,2,5,6,103000,48,2025,1,2,44.36121,26.149233,0.9646213236169372,0.0233820456991524
51.0,2,2,7,78500,48,2026,1,2,44.36114,26.149942,0.9984696263718426,0.0801835024082825
45.22,2,7,7,108000,43,1962,0,0,44.467632,26.053963,0.4795396556851027,0.1675327518787935
54.2,2,1,6,115650,63,2025,1,0,44.362534,26.149393,0.8433153962127715,0.1509336441289626
54.0,2,0,2,113000,63,2026,0,2,44.382652,26.150482,1.2482255637308182,0.3746583212993342
50.35,2,8,8,115571,48,2024,1,0,44.366875,26.123203,1.6425495727755353,0.2360225879623971
84.0,3,10,15,129000,70,2011,1,-1,44.398457,26.143553,1.7965633657042115,0.0638680052225641
52.0,2,4,11,170000,61,2026,0,0,44.481903,26.108994,0.6205507496983105,0.1468149780523769
107.0,4,0,5,310000,59,1928,0,1,44.44406,26.099812,0.2612353583159387,0.1530389762320088
57.0,2,6,8,232000,16,1990,1,0,44.425457,26.103476,0.3576343013787527,0.0191243451862823
52.1,2,2,6,115500,48,2026,1,0,44.373177,26.127972,0.9242899136567306,0.2048102709175867
54.17,3,4,5,99500,10,1973,0,0,44.381096,26.099037,2.117305433078845,0.1628216865325115
84.0,3,6,7,244000,54,1995,1,-1,44.421272,26.115227,0.5311814134549188,0.1019600987507753
56.0,2,0,3,223500,77,2026,1,-1,44.418312,26.106302,0.4156896591295023,0.3327696157005856
53.46,2,1,12,115400,48,2025,1,0,44.3666,26.124887,1.5149983010160135,0.1183139686222493
89.0,4,6,8,180000,10,1982,1,-1,44.38967,26.130424,0.7414113981503679,0.1752253296154015
41.0,1,9,11,139000,23,2015,1,0,44.44726,26.043398,0.3415242098419345,0.3061450888041171
55.0,2,1,7,180000,10,1997,0,-1,44.39319,26.1163,0.4772643425119352,0.3118186342190515
50.55,2,0,6,115300,48,2026,1,0,44.373177,26.127972,0.9242899136567306,0.2048102709175867
56.0,2,3,11,176900,44,2016,1,-1,44.440887,26.057898,0.2908313666525958,0.1311940370711553
61.8,2,1,3,92700,76,2026,1,0,44.416985,26.198282,1.0803479633607964,0.6299341483797296
63.8,2,1,3,95700,76,2026,1,0,44.416985,26.198282,1.0803479633607964,0.6299341483797296
38.0,1,7,7,52500,52,2010,1,1,44.43774,26.017382,0.514666956033878,0.2179837448345945
79.55,3,2,3,119400,76,2026,1,0,44.416985,26.198282,1.0803479633607964,0.6299341483797296
60.25,2,2,11,124000,48,2025,1,0,44.368534,26.12119,1.667858298834167,0.1816399582346971
55.0,2,6,10,189000,55,2020,0,0,44.445175,26.127562,0.595157094854005,0.1012716955445206
38.0,2,7,10,75000,10,1975,1,0,44.382793,26.109098,1.540967967920553,0.2052826172438265
60.8,3,6,9,115000,63,2024,1,0,44.360985,26.15081,1.049115438864174,0.1509433167394995
38.0,2,7,10,74989,20,1975,1,0,44.436142,26.102684,0.0318356974740161,0.0786614073336896
50.0,2,0,7,63000,52,2026,0,-1,44.44105,25.977299,1.5580228139334888,0.6252521147682953
119.37,3,11,12,192268,76,2023,1,0,44.411266,26.200312,0.6298801783702073,0.4858533069780351
93.0,3,1,3,140000,76,2026,1,0,44.416985,26.198282,1.0803479633607964,0.6299341483797296
106.33,3,11,12,173548,76,2023,1,0,44.411266,26.200312,0.6298801783702073,0.4858533069780351
99.3,3,1,3,149000,76,2026,1,0,44.416985,26.198282,1.0803479633607964,0.6299341483797296
84.0,3,6,8,247000,54,1995,1,0,44.42125,26.11333,0.5078366757855747,0.1505655679091678
78.0,3,3,8,340000,87,1983,0,0,44.442062,26.093904,0.5067244523571999,0.1993923358209176
78.0,3,0,8,120500,3,2026,1,0,44.367226,26.13293,0.8740670108383295,0.0402447900680239
137.21,3,0,3,145455,76,2026,1,0,44.415024,26.202993,1.074446615064015,0.951726942691038
54.0,2,1,10,86000,82,1978,1,-1,44.418858,26.047,0.63744583976068,0.1165142124832038
96.69,3,0,3,128926,76,2026,1,0,44.415024,26.202993,1.074446615064015,0.951726942691038
100.61,3,0,3,122314,76,2026,1,0,44.415024,26.202993,1.074446615064015,0.951726942691038
87.87,2,0,3,103719,76,2026,1,0,44.41478,26.20306,1.0577105298379947,0.9287639263535707
75.6,2,2,3,102479,76,2026,1,0,44.41478,26.20306,1.0577105298379947,0.9287639263535707
74.13,2,2,3,100825,76,2026,1,0,44.415024,26.202993,1.074446615064015,0.951726942691038
80.02,3,1,3,114694,76,2026,1,0,44.416664,26.20295,1.2158745103951445,0.9668658614707026
34.0,1,6,10,80000,25,1980,0,-1,44.422543,26.136782,0.2486469953099789,0.2504704307214902
64.88,2,2,3,95455,76,2026,1,0,44.415024,26.202993,1.074446615064015,0.951726942691038
63.38,2,2,3,93388,76,2026,1,0,44.415024,26.202993,1.074446615064015,0.951726942691038
62.57,2,2,3,92975,76,2026,1,0,44.415024,26.202993,1.074446615064015,0.951726942691038
62.89,3,4,4,124900,30,1973,0,0,44.423958,26.014765,0.3304754490803238,0.1922929080524079
66.84,2,0,3,90909,76,2026,1,0,44.41478,26.20306,1.0577105298379947,0.9287639263535707
53.33,2,1,12,114750,48,2025,1,0,44.36698,26.125013,1.4984643119594632,0.1520811281616526
48.2,2,2,3,91000,65,2024,1,0,44.371998,26.103,2.707760774459808,0.1798471025674781
54.51,2,2,3,80990,76,2026,1,0,44.41478,26.20306,1.0577105298379947,0.9287639263535707
48.25,2,2,3,76860,76,2026,1,0,44.41478,26.20306,1.0577105298379947,0.9287639263535707
47.82,2,2,3,76445,76,2026,1,0,44.41478,26.20306,1.0577105298379947,0.9287639263535707
47.77,3,5,6,104900,66,2014,0,0,44.386932,26.061426,3.385336396948604,0.0755491543316397
53.25,2,2,6,123000,48,2026,1,0,44.373177,26.127972,0.9242899136567306,0.2048102709175867
56.66,2,2,12,114900,48,2025,1,0,44.3666,26.124887,1.5149983010160135,0.1183139686222493
65.0,3,0,4,125000,42,1975,0,0,44.38529,26.09843,1.7177568739782871,0.2595568830354571
53.0,2,10,12,114660,48,2025,1,0,44.367184,26.124887,1.505298866868684,0.1768338473837444
54.3,2,1,6,93500,48,2025,1,0,44.36773,26.114256,2.134405782907612,0.0403125087044948
41.0,1,1,3,67700,76,2026,1,-1,44.41205,26.195677,0.4954052468695971,0.5403751541737869
68.0,2,5,7,98700,48,2025,1,2,44.36917,26.116264,1.91016292211464,0.1351133684243702
32.0,1,0,6,74000,3,2026,1,2,44.373066,26.129911,0.8453217461856254,0.0786820415273728
55.0,2,7,7,88500,48,2025,1,2,44.366917,26.114237,2.192580346439445,0.1304468478392818
41.5,2,0,6,90800,48,2026,1,0,44.373177,26.127972,0.9242899136567306,0.2048102709175867
53.46,2,2,12,114200,48,2025,1,0,44.3666,26.124887,1.5149983010160135,0.1183139686222493
70.0,3,9,10,93000,10,1976,1,0,44.379284,26.103462,2.132594455941502,0.2283665822165858
71.93,3,7,11,136900,12,2019,1,1,44.4083,25.982815,2.5235650631389217,0.3151399088010624
73.03,3,1,10,122900,66,2025,1,0,44.387417,26.059216,3.500772985175032,0.0043602477527626
48.2,2,2,3,92000,65,2024,1,0,44.371998,26.103,2.707760774459808,0.1798471025674781
75.91,3,3,8,130000,48,2025,1,0,44.368748,26.124708,1.473660317396442,0.1608286353308264
55.64,2,10,10,71999,49,1964,1,-1,44.43916,26.133436,0.1999737198595693,0.2212870534713719
52.01,1,3,3,67608,76,2023,1,0,44.415146,26.205997,1.0763246075118118,0.9395569542733364
78.0,3,3,8,340000,87,1983,0,0,44.44281,26.092972,0.4934097106900391,0.1452235373156055
58.65,2,3,3,117000,76,2025,1,1,44.41997,26.193083,1.3625706886318327,0.1014628061893903
49.0,2,7,10,116000,74,1978,1,0,44.46132,26.116823,1.294603947600263,0.1435233372595049
51.0,3,3,8,125000,16,1961,1,0,44.428047,26.096378,0.3660469684567598,0.1901509941627534
82.0,4,1,2,290000,16,1938,0,1,44.428642,26.126055,1.0719024876300165,0.3359237730432603
50.0,2,1,7,206000,61,2023,1,0,44.48175,26.108988,0.6175259594541307,0.1620558400873331
44.77,2,2,3,72632,76,2026,1,0,44.416664,26.20295,1.2158745103951445,0.9668658614707026
63.45,3,1,11,263000,-1,2020,0,0,44.478874,26.054125,0.9203026764332928,0.2096279169250465
53.5,2,1,6,113500,63,2025,1,0,44.362534,26.149393,0.8433153962127715,0.1509336441289626
38.0,1,5,6,139000,8,2006,0,0,44.499477,26.069347,2.891746430697278,0.1593345368967805
53.89,2,1,10,95000,76,2025,1,1,44.419315,26.199734,1.3626566443346728,0.6231068499090243
85.1,3,1,4,179000,76,2025,1,0,44.416115,26.19374,0.9319384111030726,0.4978920869914043
36.4,1,0,3,88700,76,2026,1,0,44.417812,26.198832,1.1813500274956996,0.6172502398072106
99.0,3,4,7,179900,76,2021,1,0,44.415916,26.19359,0.9102824484518864,0.516039028856806
59.0,2,6,10,105000,29,1978,1,0,44.42187,26.137144,0.1837678863258063,0.2274897137242763
82.2,2,0,4,119900,76,2026,1,1,44.414433,26.198055,0.807772366013883,0.8155513643452602
82.33,3,0,3,120379,76,2026,1,0,44.416832,26.203165,1.2409912823884393,0.9745303536628648
108.0,4,2,3,184691,76,2026,1,-1,44.41516,26.20308,1.0903981837711725,0.9683405071618646
83.17,3,0,3,118334,76,2026,1,0,44.416832,26.203165,1.2409912823884393,0.9745303536628648
71.36,2,1,4,168000,23,2007,1,0,44.45125,26.050188,0.2064068513536225,0.235773372777192
44.0,2,0,10,157000,13,2022,0,0,44.479984,26.042547,0.3197570134058076,0.0552760207638657
82.4,3,4,4,252066,76,2023,1,0,44.40224,26.177395,0.901924975448336,0.8489264976052463
63.87,2,1,3,93612,76,2026,1,0,44.416832,26.203165,1.2409912823884393,0.9745303536628648
48.9,2,6,7,189000,52,2024,1,-1,44.42854,26.04158,0.5680853082069641,0.0956928629553096
46.9,2,4,8,150000,52,1984,1,-1,44.440216,26.023687,0.7070714754355614,0.1447873609229505
64.0,3,7,10,99999,20,1974,0,-1,44.436142,26.102684,0.0318356974740161,0.0786614073336896
64.16,2,0,3,90770,76,2026,1,0,44.416832,26.203165,1.2409912823884393,0.9745303536628648
61.8,3,3,8,119000,69,1975,1,-1,44.41055,26.168137,0.586907332798596,0.1664556771152716
88.2,3,5,6,199500,76,2020,1,1,44.413925,26.19661,0.7160930625442116,0.7591182968314724
80.9,4,4,10,262000,28,1976,0,0,44.459084,26.094978,1.035854561957884,0.1066036669203813
61.43,2,2,3,90074,76,2026,1,0,44.416832,26.203165,1.2409912823884393,0.9745303536628648
99.0,3,1,6,330000,32,2009,0,0,44.446987,26.110498,0.7470058669110672,0.1865576277935618
60.76,2,1,3,89100,76,2026,1,0,44.416832,26.203165,1.2409912823884393,0.9745303536628648
54.9,2,1,4,86900,76,2026,1,1,44.411697,26.205975,0.7028086711056308,0.6330268464326603
99.57,3,2,4,299000,8,2011,0,0,44.493225,26.075,2.542160456232874,0.32347462491307
58.65,2,2,6,125900,48,2026,1,0,44.373177,26.127972,0.9242899136567306,0.2048102709175867
53.04,2,3,12,113150,48,2025,1,0,44.36698,26.125013,1.4984643119594632,0.1520811281616526
51.01,2,0,3,82616,76,2026,1,0,44.416832,26.203165,1.2409912823884393,0.9745303536628648
67.24,3,2,3,230000,76,2024,1,0,44.417442,26.198702,1.1390637570527171,0.628725384430549
79.4,3,2,9,94800,48,2024,1,0,44.371014,26.112244,2.070758708467378,0.226272285111656
125.66,4,2,5,175207,76,2026,1,0,44.42126,26.200356,1.5833553505869162,0.5502633031380695
95.32,3,1,5,133884,76,2026,1,0,44.42126,26.200356,1.5833553505869162,0.5502633031380695
95.04,3,2,5,133058,76,2026,1,0,44.42126,26.200356,1.5833553505869162,0.5502633031380695
70.11,2,2,5,98347,76,2026,1,0,44.42126,26.200356,1.5833553505869162,0.5502633031380695
69.4,2,2,5,97520,76,2026,1,0,44.42126,26.200356,1.5833553505869162,0.5502633031380695
70.7,3,4,4,235000,76,2023,1,0,44.40224,26.177395,0.901924975448336,0.8489264976052463
68.0,3,3,4,420000,6,2002,1,0,44.466557,26.08227,0.3350564772245564,0.2579152795708528
65.0,3,7,8,134000,74,1982,1,0,44.4601,26.125978,1.1404275286834955,0.0683186441039955
64.0,3,8,8,114800,74,1986,1,0,44.458035,26.125193,0.9052500523482602,0.2523426520575057
55.05,2,4,6,122000,48,2026,1,0,44.373177,26.127972,0.9242899136567306,0.2048102709175867
53.55,2,2,6,125000,3,2025,1,0,44.378418,26.13346,0.2001237614733289,0.1958708875109413
67.67,2,1,5,95040,76,2026,1,0,44.42126,26.200356,1.5833553505869162,0.5502633031380695
69.35,2,2,5,91736,76,2026,1,0,44.42126,26.200356,1.5833553505869162,0.5502633031380695
48.0,2,1,4,87000,12,2008,0,-1,44.417957,26.001654,1.0089942408243802,0.1133550029500272
154.0,5,0,5,374800,86,2009,1,0,44.498386,26.056467,1.983003950768461,0.4796073928023993
63.51,2,1,5,91736,76,2026,1,0,44.42126,26.200356,1.5833553505869162,0.5502633031380695
64.73,2,2,5,90909,76,2026,1,0,44.42126,26.200356,1.5833553505869162,0.5502633031380695
52.52,2,1,12,122750,48,2025,1,0,44.3666,26.124887,1.5149983010160135,0.1183139686222493
67.52,2,2,5,89255,76,2026,1,0,44.42126,26.200356,1.5833553505869162,0.5502633031380695
65.21,2,1,5,86776,76,2026,1,0,44.42126,26.200356,1.5833553505869162,0.5502633031380695
107.0,3,5,13,289000,61,2010,0,0,44.478767,26.11622,0.2155925279728367,0.12153488204366
58.0,2,1,6,234500,8,2025,0,0,44.511,26.075615,3.9277565521036526,0.4473116560793778
55.65,2,2,5,83471,76,2026,1,0,44.42126,26.200356,1.5833553505869162,0.5502633031380695
58.87,2,0,8,91500,48,2025,1,0,44.368748,26.124708,1.473660317396442,0.1608286353308264
44.13,2,1,7,112000,77,1961,0,6,44.418205,26.104557,0.3831716433049411,0.286748867250842
57.0,2,3,4,185000,28,1950,0,-1,44.44784,26.095158,0.2985113361863657,0.1281507123596632
59.31,2,1,4,100826,76,2023,1,0,44.40224,26.177395,0.901924975448336,0.8489264976052463
52.78,2,3,5,78512,76,2026,1,0,44.42126,26.200356,1.5833553505869162,0.5502633031380695
75.77,3,5,10,120900,66,2025,1,0,44.387417,26.059216,3.500772985175032,0.0043602477527626
40.0,2,4,6,90000,71,1960,0,0,44.45262,26.110992,0.4176537382919422,0.0760491437732033
32.0,1,1,4,67000,22,1941,0,1,44.430717,26.082588,0.6352776658596313,0.1117668515726799
22.0,1,0,3,59900,16,1941,0,0,44.425884,26.094994,0.5377407524620973,0.1726743097901736
55.64,2,11,12,112700,48,2025,1,0,44.367184,26.124887,1.505298866868684,0.1768338473837444
58.76,2,3,11,129300,48,2025,1,0,44.368217,26.124458,1.528966142001153,0.1779039584585298
77.69,3,2,8,120500,48,2025,1,0,44.368748,26.124708,1.473660317396442,0.1608286353308264
49.0,2,8,11,180000,52,2024,1,-1,44.42933,26.041916,0.6542014359854348,0.1798061641596144
55.05,2,0,6,130000,48,2026,1,0,44.373177,26.127972,0.9242899136567306,0.2048102709175867
67.0,3,4,8,235000,28,1967,1,-1,44.45262,26.088354,0.3291997104997913,0.1422469645624121
52.85,2,10,12,112577,48,2025,1,0,44.367184,26.124887,1.505298866868684,0.1768338473837444
67.0,2,5,7,98700,48,2025,1,2,44.367344,26.114729,2.1321306562902094,0.0884307164468192
59.0,2,3,4,103400,81,2023,1,3,44.403095,26.176348,0.7971409740896779,0.7672760026072744
35.0,2,5,6,89000,63,2025,1,2,44.361782,26.150906,0.9802281394299444,0.1685626277875646
109.0,3,2,7,163000,76,2024,1,-1,44.41475,26.197224,0.8180398223164511,0.7553457082456955
52.0,2,1,8,169200,-1,1960,0,0,44.47991,26.06407,1.4704452227329567,0.1015703933461899
37.0,2,7,7,65000,58,1972,0,-1,44.440746,26.176394,0.7980252765720269,0.1834548215590418
95.0,2,5,7,595000,35,2015,0,-1,44.46813,26.103575,1.25439338674085,0.2184337014214544
80.6,3,5,9,124900,66,2025,1,0,44.394894,26.06108,2.9903351822177315,0.2721025903607001
62.0,2,4,8,248999,16,1995,1,0,44.423862,26.10889,0.7873516393880525,0.1442558049386803
78.0,3,11,11,170000,52,1977,1,-1,44.435444,26.035568,0.1810803779685259,0.1456997686098106
118.0,4,2,3,478000,86,2020,1,0,44.50291,26.04214,1.2406286194448273,0.1665502470552181
59.21,2,6,11,124500,48,2025,1,0,44.368534,26.12119,1.667858298834167,0.1816399582346971
66.0,3,3,6,112500,48,2025,1,0,44.36773,26.114256,2.134405782907612,0.0403125087044948
47.8,2,5,10,135000,3,2020,0,0,44.37145,26.139452,0.4376146735637992,0.1192309528157468
45.0,2,1,8,95000,69,1976,1,0,44.4105,26.168163,0.5845435640079254,0.1721846041339279
53.0,2,0,4,93000,48,2019,1,1,44.367184,26.114798,2.139343764354414,0.1070186070088339
40.1,2,6,10,100000,66,2025,1,0,44.387787,26.064034,3.161462586881622,0.2718130310919012
71.0,3,5,11,119900,48,2027,1,0,44.361088,26.129374,1.4315586077920812,0.067831734024961
76.0,3,3,8,165000,10,1987,1,0,44.39408,26.10954,0.5185459776703376,0.2306201842613368
52.36,2,2,3,88466,76,2026,1,0,44.412956,26.1961,0.6014030829230702,0.6448171748938754
38.0,1,11,16,72000,-1,2010,0,-1,44.45961,26.14911,2.256722514714103,0.4626561035745453
52.24,2,6,12,112450,48,2025,1,0,44.36698,26.125013,1.4984643119594632,0.1520811281616526
116.75,5,3,4,278000,76,2025,1,0,44.416115,26.19374,0.9319384111030726,0.4978920869914043
50.0,2,1,3,91000,65,2016,0,1,44.376053,26.090998,2.90256217034342,0.0006858442867172
68.0,3,3,4,116900,76,2026,1,1,44.411697,26.205975,0.7028086711056308,0.6330268464326603
75.21,3,1,7,317000,25,2026,1,-1,44.430557,26.13213,0.5446211166036776,0.1608037466169706
58.7,2,4,4,120080,76,2026,1,1,44.411697,26.205975,0.7028086711056308,0.6330268464326603
68.99,3,2,10,119900,66,2025,1,0,44.387417,26.059216,3.500772985175032,0.0043602477527626
85.0,4,0,8,140000,10,1983,1,-1,44.385876,26.135569,0.6991483945835383,0.2533727291986993
52.0,2,3,5,90000,10,1967,0,-1,44.386593,26.117664,0.7965899814660167,0.1763296497280315
70.22,3,2,10,126500,76,2025,1,1,44.419315,26.199734,1.3626566443346728,0.6231068499090243
47.0,2,2,7,97000,42,1962,1,0,44.39983,26.097734,0.5297843808627607,0.1611227022183402
55.24,2,10,12,111772,48,2025,1,0,44.367184,26.124887,1.505298866868684,0.1768338473837444
47.78,2,1,9,90000,10,1965,1,0,44.38205,26.118189,1.2547845581088717,0.209460609664835
38.0,2,9,10,74500,10,1972,1,0,44.382793,26.109098,1.540967967920553,0.2052826172438265
56.9,2,1,3,105500,76,2026,1,-1,44.41291,26.195036,0.5798049215886288,0.6049726990295975
42.0,2,2,4,80000,3,2016,0,-1,44.37697,26.134628,0.2972549320122284,0.2125250617709311
55.0,2,2,7,95000,-1,2018,0,-1,44.45961,26.14911,2.256722514714103,0.4626561035745453
170.44,3,11,12,164793,76,2023,1,0,44.411266,26.200312,0.6298801783702073,0.4858533069780351
53.25,2,3,6,119000,48,2026,1,0,44.373177,26.127972,0.9242899136567306,0.2048102709175867
35.0,1,2,14,76000,12,2009,1,-1,44.41163,26.009743,1.0972007101534622,0.1906220420047764
67.0,3,4,4,115000,10,1965,0,-1,44.380833,26.117891,1.3916652732901085,0.2127914157981588
76.0,3,0,4,173553,76,2026,1,0,44.418762,26.204088,1.459785206509334,0.9397064411438116
61.17,3,6,6,125000,48,2023,0,0,44.3688,26.112171,2.199924889656431,0.1894305471313136
74.63,3,0,6,129000,48,2025,1,0,44.3698,26.112396,2.12591706567998,0.2449872543988422
53.46,2,2,12,109250,48,2025,1,0,44.3666,26.124887,1.5149983010160135,0.1183139686222493
64.97,2,1,3,102000,76,2025,1,1,44.41997,26.193083,1.3625706886318327,0.1014628061893903
51.0,2,2,8,189800,-1,2020,0,0,44.473824,26.053997,0.4248962649497075,0.0847316158908685
88.2,3,2,10,159000,76,2025,1,1,44.419315,26.199734,1.3626566443346728,0.6231068499090243
89.0,4,1,8,124800,66,1985,1,0,44.407787,26.075804,1.6654069600094743,0.0306230182194561
64.75,2,5,10,103600,76,2025,1,1,44.419315,26.199734,1.3626566443346728,0.6231068499090243
38.0,2,3,4,39000,20,1972,0,-1,44.436142,26.102684,0.0318356974740161,0.0786614073336896
55.3,2,3,9,110900,48,2025,1,0,44.373352,26.129993,0.8147547387112828,0.0507470447241871
50.0,2,2,7,80000,53,2018,0,-1,44.441593,26.119162,1.0071229807397286,0.1520327494546586
49.0,2,7,7,94990,63,2019,1,1,44.368053,26.144186,0.1047285759510156,0.0327613888834225
40.83,1,2,10,79000,76,2025,1,1,44.419315,26.199734,1.3626566443346728,0.6231068499090243
91.0,3,3,7,150000,21,2018,1,3,44.467503,26.152424,2.977318363809724,0.1537856264595108
70.65,3,3,7,247500,5,2025,1,-1,44.485786,26.099579,0.7386739607997399,0.2714743814550793
45.5,2,3,5,95000,76,2020,1,0,44.415367,26.197565,0.8916404673968656,0.7157342160710172
61.7,2,0,2,122500,76,2026,1,0,44.41277,26.191763,0.5897225215875054,0.5351192863168143
60.43,2,4,6,109000,48,2025,1,0,44.3698,26.112396,2.12591706567998,0.2449872543988422
69.0,3,10,10,139900,55,1975,0,0,44.450123,26.126162,0.1635039434319685,0.0766607745959936
55.0,2,1,10,159700,61,2026,0,0,44.482437,26.121262,0.4161870484139729,0.0052370794513718
93.0,3,8,8,550000,16,2024,0,0,44.42673,26.115107,1.1256695620993726,0.2521755621469941
100.0,3,6,6,550000,6,2006,0,0,44.46613,26.077272,0.7284080838671728,0.1473873107666972
157.0,4,0,3,398000,8,2010,1,0,44.505238,26.073437,3.51043850264106,0.734469924001223
57.5,2,0,2,131500,76,2026,1,0,44.41277,26.191763,0.5897225215875054,0.5351192863168143
45.95,2,2,6,111000,3,2025,1,0,44.378418,26.13346,0.2001237614733289,0.1958708875109413
56.12,2,1,3,84180,76,2027,1,0,44.411495,26.20175,0.736886451367447,0.5541719689127761
58.0,2,3,4,136300,5,2026,0,0,44.487686,26.092642,1.12441428978902,0.1937696423599024
99.4,4,2,3,184000,76,2026,1,-1,44.41291,26.195036,0.5798049215886288,0.6049726990295975
85.5,3,0,4,414990,24,2020,0,0,44.496666,26.061735,2.21250818230139,0.4571240939463523
17.0,1,2,4,29000,10,1980,0,-1,44.382214,26.099005,2.003725363544181,0.2871472741734568
61.2,2,3,4,103719,76,2023,1,0,44.40224,26.177395,0.901924975448336,0.8489264976052463
67.0,2,11,14,199000,52,2025,1,-1,44.433308,26.03933,0.4676537185308214,0.2648040829265677
58.5,2,1,2,102900,76,2026,1,0,44.41277,26.191763,0.5897225215875054,0.5351192863168143
59.0,3,4,4,105000,10,1980,0,0,44.391483,26.116547,0.4849719909395409,0.3451265105496114
53.55,2,0,4,112900,76,2026,1,1,44.411736,26.206163,0.703027087546156,0.6389313045374114
48.0,2,8,10,83500,10,1974,0,-1,44.378365,26.11363,1.73321109585993,0.2699801215234162
80.35,3,2,4,138000,76,2026,1,1,44.411736,26.206163,0.703027087546156,0.6389313045374114
73.7,3,1,3,138600,76,2026,1,0,44.417812,26.198832,1.1813500274956996,0.6172502398072106
48.54,2,4,4,74500,10,1976,0,1,44.3815,26.129356,0.5230813766180072,0.2465340765522937
63.2,3,0,3,178900,48,2021,1,1,44.37706,26.128536,0.6117375267213425,0.2559973170072907
59.4,2,2,3,106200,76,2026,1,0,44.417812,26.198832,1.1813500274956996,0.6172502398072106
76.9,4,1,11,300000,48,2025,1,0,44.361275,26.129211,1.429401953177865,0.0862746648384288
82.3,3,2,3,149000,76,2026,1,0,44.417812,26.198832,1.1813500274956996,0.6172502398072106
44.0,1,2,3,76000,76,2026,1,0,44.417812,26.198832,1.1813500274956996,0.6172502398072106
51.0,2,3,3,78000,66,2012,0,0,44.402885,26.07136,1.985168625686583,0.1444995525235127
44.3,2,2,6,86650,48,2025,1,0,44.36773,26.114256,2.134405782907612,0.0403125087044948
79.55,3,2,3,114500,76,2026,1,0,44.417812,26.198832,1.1813500274956996,0.6172502398072106
84.24,4,10,10,139000,66,1983,1,0,44.41289,26.072807,1.9417880014787128,0.0041765580365953
134.0,4,0,2,305000,80,1930,0,0,44.435238,26.107485,0.3804428568417118,0.0871923194857478
58.0,2,2,6,82500,48,2025,1,0,44.368088,26.114336,2.104984297055474,0.0
65.6,3,1,6,158000,48,2026,1,0,44.37772,26.133087,0.2760187718387147,0.1967794550478203
64.2,3,0,5,156000,48,2020,1,0,44.36921,26.127478,1.287313102426328,0.1281669655452189
29.0,1,0,10,61000,79,1973,1,-1,44.414253,26.17971,0.5570886331504121,0.477771602922842
50.0,2,6,7,125000,30,2018,1,0,44.41934,26.0298,0.4114977701709035,0.244643959658575
75.0,3,5,11,197000,89,2022,1,0,44.48968,26.112314,1.0572066932200612,0.4177633099651927
57.49,2,1,3,155229,16,2026,1,0,44.429718,26.122786,1.280086889199663,0.2065963669686426
59.4,3,3,4,107000,10,1976,0,0,44.382084,26.120777,1.1925047058778846,0.3011644765665653
48.0,2,1,9,97000,10,1970,0,-1,44.3961,26.11587,0.6134554206053311,0.052664231840117
88.5,4,1,11,350000,48,2025,1,0,44.358532,26.13037,1.5657248452187975,0.2721579574281626
90.0,3,3,7,115500,52,2026,0,-1,44.440807,25.977299,1.5375847947110857,0.5987590493953939
35.14,2,4,5,83000,48,2020,1,1,44.36945,26.112164,2.161821828170002,0.2296600777959599
116.33,4,3,14,797000,61,2025,1,0,44.477005,26.10716,0.5972718683986921,0.145521908741524
54.0,2,4,7,110000,21,2018,1,3,44.467503,26.152424,2.977318363809724,0.1537856264595108
145.01,4,11,14,1300000,61,2025,1,0,44.477005,26.10716,0.5972718683986921,0.145521908741524
116.07,4,2,14,775000,61,2025,1,0,44.477005,26.10716,0.5972718683986921,0.145521908741524
67.0,3,2,6,92400,52,2018,1,1,44.437386,25.98794,0.7947602729306782,0.1783263415653158
54.9,2,2,7,95900,76,2026,1,-1,44.411724,26.20594,0.7064640511985484,0.6357576228203352
80.05,3,2,7,144000,48,2025,1,0,44.37525,26.107351,2.278617923446037,0.1696376127890458
136.0,3,4,5,357000,85,2011,1,0,44.437008,26.138592,0.5028687661707412,0.159807534766734
80.0,3,3,7,245000,16,1992,1,-1,44.43282,26.124313,1.1218382139069418,0.1214528796382806
52.0,2,1,4,110000,48,2020,0,0,44.36596,26.11843,2.0273405570949783,0.1794653872283635
61.5,3,0,5,118000,48,2020,0,0,44.367683,26.118544,1.881941751506982,0.1023985917562171
78.0,2,10,22,195000,84,2012,1,0,44.407707,26.122955,0.5958553909110168,0.1166048153917064
50.0,2,4,8,124500,79,1974,0,-1,44.41817,26.1606,0.5206606050493752,0.3647647089419271
60.0,3,7,10,119999,74,1976,0,-1,44.462906,26.131153,1.5470781669469655,0.0503642210629377
38.0,1,7,7,52500,52,2024,1,1,44.43827,25.9867,0.9147177771373386,0.1907994088561507
52.5,2,2,6,97500,48,2025,1,0,44.368534,26.12119,1.667858298834167,0.1816399582346971
46.08,2,5,7,109999,49,1962,0,0,44.44123,26.13323,0.033373499312407,0.0507718293220872
50.79,1,9,19,187801,20,2026,0,-1,44.436142,26.102684,0.0318356974740161,0.0786614073336896
81.0,4,1,10,265000,79,2010,1,-1,44.42153,26.17224,0.8519252076393122,0.3406270792560154
68.0,3,2,8,135000,10,1983,1,0,44.381935,26.134283,0.2747142528434965,0.1779860876630342
70.0,3,4,4,131999,79,1970,0,0,44.42511,26.16842,0.4551390485641791,0.1409503087588672
55.0,2,3,8,110000,10,1964,1,1,44.389137,26.110382,1.0371623216438215,0.0416046403012008
52.0,2,5,7,116001,79,1967,1,1,44.429237,26.143118,0.5185827815685438,0.3766630880002006
47.11,2,10,12,256000,1,2016,1,2,44.42161,26.065493,0.8466732221047639,0.1297866197155459
45.0,2,4,10,72000,10,1975,1,-1,44.383728,26.099846,1.8227050416721091,0.1725618910385307
58.0,3,4,6,150000,17,1960,1,0,44.43365,26.102852,0.2461522926698401,0.0833466256041628
37.0,1,3,7,65000,76,2026,1,-1,44.414986,26.197128,0.840882160049472,0.7293119691404977
60.0,3,3,10,145000,42,1978,1,0,44.383007,26.092518,2.1886177433068577,0.0578666298028762
37.0,1,0,4,103000,16,2015,0,0,44.43279,26.113617,0.9262566561929364,0.0133669945171022
64.0,2,5,9,239000,16,1995,1,-1,44.42631,26.124756,1.2844654928322186,0.1003527169671111
56.0,2,4,5,109000,48,2010,1,2,44.368847,26.143612,0.0091602893914853,0.1113358303206761
50.0,2,1,6,106000,48,2025,1,2,44.361485,26.149147,0.9343460578626718,0.0341777832659867
59.0,2,3,4,100800,81,2023,1,3,44.402622,26.176182,0.848637362009525,0.8176625139567811
87.25,2,0,5,380000,20,2025,1,0,44.436142,26.102684,0.0318356974740161,0.0786614073336896
60.9,2,2,7,170000,8,2024,0,-1,44.48751,26.114702,0.7742269896822331,0.1170413942069896
52.61,2,3,4,185000,87,1950,0,-1,44.450207,26.089546,0.4591962825678913,0.1326015899010591
79.0,3,3,8,345000,25,1996,1,-1,44.428047,26.132153,0.7017742872827103,0.0552031943454644
60.0,3,0,6,115000,3,2025,1,1,44.373066,26.129911,0.8453217461856254,0.0786820415273728
70.0,3,9,10,93000,10,1976,1,0,44.378593,26.1034,2.191371923984041,0.1631008697611258
40.0,1,1,7,67000,48,2026,1,2,44.36069,26.149834,1.0380371211345962,0.0921055151359942
35.0,1,0,7,65000,48,2026,1,2,44.360893,26.149738,1.0145432603778184,0.0729703240117981
28.26,1,9,10,84000,55,1984,1,0,44.450172,26.121523,0.2078928908107016,0.2734600654224659
63.0,2,1,7,184990,86,2017,1,-1,44.50532,26.037683,1.0579350875910236,0.155830592401878
83.8,3,3,5,410000,47,2023,1,0,44.481068,26.09013,0.8315696514169114,0.2723853550720287
43.42,1,1,7,64800,76,2026,1,-1,44.411537,26.200403,0.654580197980307,0.5167623467308999
60.0,2,6,8,178000,28,1976,1,0,44.45457,26.097563,0.6784535239837557,0.1504781820962989
88.22,3,5,10,200000,32,1949,1,-1,44.43803,26.102552,0.241603196654054,0.1845290867870793
74.0,3,6,8,247000,54,1995,1,0,44.42127,26.113718,0.510803697400057,0.174604198180003
75.35,3,1,4,116900,76,2026,1,3,44.411987,26.206093,0.7314347671583671,0.6660496459938999
100.63,4,0,7,150945,76,2026,1,-1,44.41171,26.200634,0.6810165078446574,0.540747309968259
88.22,3,5,10,200000,32,1949,1,-1,44.438034,26.102686,0.2415052719661407,0.1886577693228484
68.0,3,2,7,132000,10,1980,0,-1,44.381992,26.13429,0.2805664702116216,0.1765939987618118
50.6,2,1,4,170000,89,2020,1,-1,44.48915,26.113956,0.9649285917871664,0.3027339765051797
54.0,1,2,3,89000,76,2025,1,1,44.417637,26.205929,1.3505440226483991,0.9782628009014738
125.0,3,4,5,305000,76,2024,1,2,44.402397,26.17748,0.8858795615193585,0.8309434755677598
43.37,1,9,19,165483,20,2026,0,-1,44.436142,26.102684,0.0318356974740161,0.0786614073336896
56.12,2,2,7,84180,76,2026,1,-1,44.411522,26.20036,0.650895373867588,0.5141533792032992
65.0,2,1,7,131500,79,2025,1,-1,44.412758,26.187693,0.7557989351255775,0.5089642835409495
59.0,3,8,9,99999,74,1963,1,-1,44.452286,26.119795,0.4318421708765151,0.0459625186343296
32.0,1,8,9,69900,52,2018,1,0,44.43795,26.030674,0.450339800670983,0.0919399990943517
55.0,2,2,7,134000,10,1980,0,-1,44.396355,26.116074,0.6150386066508311,0.0734426419486361
50.24,2,3,8,86500,48,2025,1,0,44.368748,26.124708,1.473660317396442,0.1608286353308264
80.0,3,5,7,260000,54,1995,1,-1,44.419765,26.111013,0.3904580958403321,0.057094002476359
50.99,2,8,8,86500,48,2025,1,0,44.368748,26.124708,1.473660317396442,0.1608286353308264
48.0,2,0,4,125000,30,1972,0,1,44.419846,26.038754,0.4850516933681674,0.2956744630172523
56.9,2,1,7,105500,76,2027,1,-1,44.412785,26.195797,0.5770141435984992,0.616856489646861
69.0,2,3,4,119999,30,1966,0,-1,44.41999,26.058994,0.7097631293259089,0.1137542005896764
64.0,3,4,4,105900,10,1973,0,0,44.379772,26.104773,2.0211441097112144,0.3335884852952445
34.0,2,3,9,130000,20,1960,1,0,44.437992,26.0932,0.6195505941183134,0.1572302017715808
77.0,4,3,4,119999,10,1977,0,1,44.389393,26.114058,0.7646268537379499,0.2673775972882471
32.0,1,2,10,75000,58,1986,0,1,44.442493,26.142643,0.7764253139382425,0.0814402989303398
41.0,2,0,10,157000,13,2022,1,0,44.49103,26.034624,0.4506108608672929,0.113213060745647
30.0,1,5,5,64999,63,2016,0,0,44.3656,26.146748,0.4428813753592182,0.3400312860090062
31.0,1,9,10,62000,79,1970,1,0,44.41933,26.169527,0.8337378176789774,0.2708203144020764
59.0,2,10,11,152000,40,2023,1,2,44.46369,26.037645,1.2961200520386778,0.1561844186252707
47.2,2,4,11,85900,48,2027,1,0,44.361088,26.129374,1.4315586077920812,0.067831734024961
94.45,3,2,6,139900,48,2025,1,2,44.37648,26.127348,0.7253715759977117,0.3076361250981719
51.5,2,2,6,84500,48,2025,1,2,44.37648,26.127348,0.7253715759977117,0.3076361250981719
54.8,2,1,6,98700,63,2025,1,2,44.36533,26.14722,0.4888610402786346,0.3875581058429406
53.2,2,3,7,89747,48,2025,1,0,44.36867,26.114674,2.0446209719315624,0.0700709199088806
65.0,3,5,10,170000,78,1976,1,-1,44.412823,26.107199,0.2945159318664968,0.1591431730459871
46.0,2,4,8,148000,16,1973,0,0,44.422768,26.1037,0.6347167355737147,0.2266541565847487
29.21,1,9,10,65000,79,1976,1,0,44.42682,26.164831,0.2626146875286843,0.1731926283445598
32.0,1,7,10,62500,58,1983,0,1,44.44089,26.158072,1.0848954321960185,0.1730656789204733
44.0,1,10,10,145000,72,1990,1,6,44.437027,26.077595,0.2731668695956883,0.0692302701954468
47.57,2,3,10,120000,29,1973,1,0,44.42484,26.147556,0.7794296731926675,0.2245327593507575
89.48,3,5,6,340000,20,1942,1,-1,44.436123,26.093922,0.4746668423527217,0.1625789091037693
32.0,1,7,8,83000,52,1980,0,-1,44.4345,26.03015,0.2810807743379208,0.0890701535478969
50.0,2,3,4,122000,30,1977,0,-1,44.422768,26.015247,0.2274398058798197,0.1715862104478792
61.3,2,1,4,155000,23,2025,0,1,44.454853,26.0465,0.3488949593665827,0.241165766219401
83.9,2,0,4,255000,23,2025,0,1,44.454853,26.0465,0.3488949593665827,0.241165766219401
61.0,3,0,3,159900,13,2009,0,-1,44.495083,26.032162,0.0668333319983837,0.0869539572466106
51.0,2,9,10,120000,23,2018,1,-1,44.45337,26.048056,0.1722913171823036,0.0359068494790096
71.0,3,0,5,225000,8,2016,1,-1,44.532463,26.098583,5.928412721424392,0.6962515153155604
51.0,2,0,7,175000,66,2018,0,-1,44.39928,26.05618,2.908099566208997,0.0576854018648191
53.0,2,9,10,114990,88,1980,0,0,44.40939,26.13788,0.8897840860970051,0.1095958062204927
32.0,1,9,10,84000,55,1986,0,1,44.44916,26.131178,0.5667576210217716,0.1771691027777668
56.0,2,0,5,168000,52,2023,0,0,44.428738,26.022919,0.6069274655805874,0.2415396287127574
76.42,3,3,8,340000,87,1981,0,0,44.44229,26.092583,0.5555450959261428,0.1930736574907079
74.0,3,7,10,115000,58,1975,1,-1,44.44227,26.17681,0.9483793131918624,0.1760529121830835
56.0,2,6,10,120000,79,1970,0,3,44.412693,26.16617,0.392187459808281,0.0963473505509434
164.0,3,4,4,305000,10,2024,1,1,44.388176,26.134651,0.9564326115220644,0.1997988306770176
50.0,2,0,3,71900,33,1960,0,0,44.405773,26.077229,1.517882605109054,0.202764415782358
41.0,1,7,7,100000,16,1993,1,0,44.430565,26.12439,1.1354294004461152,0.2299348820469778
190.0,3,4,4,345000,10,2024,1,1,44.388195,26.134678,0.9584158568697108,0.2006975225171978
76.0,3,3,8,165000,10,1987,1,-1,44.393513,26.108868,0.5805800155048524,0.1837044528806565
38.0,2,5,7,115000,16,2018,1,-1,44.42802,26.11914,1.3413424114141832,0.2133161540967423
35.0,2,5,6,88000,48,2025,1,2,44.361267,26.149109,0.9544863383362612,0.0146563025725447
66.0,2,1,5,109000,48,2025,1,1,44.361294,26.149475,0.965380004493483,0.0434848327678219
67.0,3,4,9,149500,52,1977,1,-1,44.434128,26.040646,0.5540176149097853,0.1366841527606832
51.0,2,6,8,135000,30,1976,1,-1,44.42765,26.049223,0.2760860127722535,0.0880921158834631
199.0,5,8,9,699000,8,2009,0,0,44.490295,26.08754,1.5974377761773018,0.2043828920932727
75.85,3,1,3,115702,76,2025,1,0,44.412388,26.201708,0.7948467745711412,0.6420222142558603
50.0,2,0,10,100000,29,1964,1,-1,44.418888,26.1424,0.3556510488278382,0.1627061195015753
75.0,3,4,4,235000,24,2022,0,0,44.492977,26.067839,2.4333654328504326,0.313713229661516
95.6,4,1,16,345000,61,2010,0,0,44.478214,26.115269,0.295027946481908,0.1489672765020677
41.0,1,1,4,87999,10,1986,0,0,44.392677,26.116,0.5012245715857958,0.3595872832691107
48.35,2,5,5,84930,3,2025,1,0,44.378445,26.14511,0.7844010968420156,0.5993047000627543
55.0,2,6,8,178000,28,1976,0,0,44.457684,26.095917,0.9510411793116392,0.0045507062869884
58.0,2,1,7,105000,70,2013,0,-1,44.398464,26.14427,1.8504736978584448,0.1154116127070051
105.0,3,5,6,399000,88,2015,0,0,44.413322,26.11817,0.5339260886081559,0.0834897598734097
40.0,2,4,7,72000,58,1997,0,-1,44.440887,26.174183,0.7026033368048726,0.1136143827185273
93.6,3,7,10,330000,73,2022,0,0,44.5063,26.026728,0.4001191291540976,0.0222749550287495
47.2,2,5,11,84900,48,2027,1,0,44.361088,26.129374,1.4315586077920812,0.067831734024961
53.0,2,3,5,139989,48,2018,1,0,44.3638,26.129602,1.2546721893358568,0.2333075553930375
56.0,2,1,4,229000,74,2027,0,0,44.46934,26.111366,1.3286699900993288,0.1314504391319664
48.62,2,0,5,145000,8,2015,0,0,44.533516,26.09957,6.028358441946932,0.6350574195410938
50.0,2,10,10,89000,30,1976,1,0,44.421604,26.033978,0.0704138412992791,0.0932337837382765
76.0,2,1,3,130000,30,2010,0,1,44.421604,26.033978,0.0704138412992791,0.0932337837382765
78.0,3,7,8,167000,52,1989,1,0,44.434658,26.012163,0.7167348505461945,0.0423189746404194
26.0,1,4,7,38900,33,2013,0,0,44.389656,26.080414,2.073214439713289,0.0364191017036868
34.9,1,0,4,104900,8,2020,0,0,44.48908,26.109892,1.0756677756941608,0.442483834099898
68.65,2,1,3,180000,86,2023,0,0,44.504307,26.043978,1.453561891733944,0.0636099764854675
53.0,2,1,8,85000,10,1984,0,-1,44.38664,26.13734,0.7993880476922886,0.1270006418524885
48.0,2,6,7,105000,17,1959,0,0,44.431442,26.103502,0.4182932025237682,0.1169410560968738
38.0,2,0,4,64500,68,1971,0,-1,44.39373,26.067566,2.5730737787387308,0.1118303431108935
45.6,2,2,6,84500,48,2025,1,0,44.368534,26.12119,1.667858298834167,0.1816399582346971
125.0,3,8,16,370000,61,2017,0,0,44.477703,26.115067,0.3538249943184374,0.1607782425059692
61.0,3,4,4,93990,79,1969,0,-1,44.426193,26.176825,1.1300265909968503,0.1993725768549049
75.0,3,10,10,115000,10,1977,1,-1,44.375927,26.113258,1.8040327006008372,0.0060165872238012
54.28,2,0,8,84000,48,2025,1,0,44.368748,26.124708,1.473660317396442,0.1608286353308264
83.4,3,5,10,225888,84,1991,1,0,44.406677,26.120928,0.7853448135824963,0.0809900528334804
50.06,2,4,4,155000,20,1985,0,0,44.436142,26.102684,0.0318356974740161,0.0786614073336896
268.0,5,11,12,1550000,54,2025,0,0,44.417923,26.115627,0.226213520293467,0.1719476029353864
53.4,2,6,11,94900,48,2027,1,0,44.361088,26.129374,1.4315586077920812,0.067831734024961
52.2,2,6,11,93900,48,2027,1,0,44.361088,26.129374,1.4315586077920812,0.067831734024961
47.85,2,0,6,90800,48,2026,1,0,44.368782,26.12087,1.665137829349592,0.1898436640343457
70.0,2,6,7,140000,79,2022,1,1,44.416435,26.188492,1.064984706577638,0.5208254409150775
67.0,3,3,10,137999,42,1978,1,0,44.382915,26.09256,2.194801899669406,0.0492854323372782
50.0,2,-1,7,57000,79,2017,1,-1,44.423405,26.16443,0.2265881006107959,0.1799505687759815
70.0,3,5,10,137500,79,1976,1,-1,44.41222,26.17142,0.3927058384053566,0.1793393772482688
39.0,1,9,9,133640,23,2016,1,-1,44.44712,26.04338,0.3329626725086508,0.2975091890738983
74.27,3,4,8,309000,87,2009,1,0,44.45073,26.08514,0.152111057647913,0.0976899455637645
31.0,1,9,9,59899,79,1967,1,-1,44.433937,26.168253,0.2025405379734962,0.0935359984059893
53.6,2,2,3,68965,76,2026,1,0,44.41197,26.202065,0.7879856101229463,0.6125491626939354
51.25,2,2,3,66625,76,2026,1,0,44.411907,26.20185,0.7701177823380345,0.5984719077982561
74.33,3,2,7,245000,59,1934,1,1,44.444637,26.099,0.1704142097143286,0.1126911503920868
44.0,2,4,7,145000,87,1960,1,-1,44.44079,26.094847,0.5965274686952701,0.1124426842845024
32.0,1,3,3,73900,81,2012,0,1,44.405136,26.174284,0.575764742778686,0.615697788097067
141.0,3,3,3,379999,75,2023,0,0,44.47245,26.125032,1.1326943667216005,0.0997891050562581
71.0,3,1,6,121605,3,2026,1,1,44.374363,26.138231,0.6240826070824775,0.137869174238687
61.0,2,2,7,76500,63,2027,1,0,44.36533,26.14722,0.4888610402786346,0.3875581058429406
45.0,2,2,7,57500,63,2027,1,3,44.36533,26.14722,0.4888610402786346,0.3875581058429406
44.0,2,1,6,78529,10,2026,1,1,44.38676,26.116875,0.8116367202193068,0.1547552464180386
47.0,2,8,10,115000,78,1982,1,3,44.413475,26.109262,0.3917165946480211,0.2570582677439889
61.52,2,1,3,84500,76,2026,1,0,44.412975,26.200512,0.773215033340146,0.6730585839434741
153.0,4,2,5,919000,35,2022,1,0,44.466537,26.102152,1.2467560322295457,0.0744751603234814
74.0,3,3,7,245000,16,1992,1,0,44.432842,26.124172,1.1331101402168884,0.1327441194316025
66.41,3,5,10,154000,79,1976,0,-1,44.41209,26.170721,0.4327156328692968,0.2118616548970541
60.0,2,0,2,178500,49,1998,0,1,44.43862,26.12199,0.9196196527534916,0.1230772868354287
70.0,3,3,4,220000,79,1971,0,1,44.420174,26.163757,0.5454724099601889,0.0689691038401121
45.0,2,5,7,91000,38,1964,1,-1,44.448486,26.074064,0.2052318478499827,0.0367993565553548
54.0,2,5,7,215000,61,2025,1,1,44.474678,26.111473,0.7830842241474215,0.1979030639433172
24.0,1,3,10,45800,10,1975,0,-1,44.391243,26.11285,0.774143009698528,0.253320857222215
74.0,3,4,7,339000,87,2009,1,0,44.45073,26.08514,0.152111057647913,0.0976899455637645
74.0,3,4,8,340000,43,2009,1,0,44.454597,26.076376,0.6945256369160668,0.2756419998138093
51.0,2,1,6,160000,54,2025,1,-1,44.417015,26.118832,0.435454732078482,0.3878876123982527
74.0,3,4,7,198900,78,1980,1,3,44.41004,26.112404,0.7426339082627035,0.0704077475018826
73.9,3,4,8,199000,78,1980,1,3,44.410854,26.112804,0.6497069178271128,0.1600778168342116
71.14,3,10,11,299000,88,2017,1,0,44.414658,26.126156,0.3029430878466034,0.3144738812177802
75.0,2,5,5,161300,88,2024,1,0,44.41625,26.119734,0.5078174199757022,0.3828680738049412
74.2,3,2,4,217000,88,2024,1,0,44.417274,26.12022,0.5480788191612656,0.457052071694653
74.0,3,4,8,310000,38,2009,1,0,44.450413,26.077364,0.4849075056427675,0.0631886420766746
66.0,3,3,10,157000,74,1977,1,0,44.463413,26.131247,1.6024033800705124,0.0795615647161153
52.0,2,4,10,76900,10,1972,1,0,44.38276,26.124626,0.9238103099223284,0.0306895590637122
61.0,2,3,8,165000,16,1934,1,-1,44.42992,26.09537,0.4880316999591603,0.0606933739665042
77.0,3,2,3,120000,76,2025,1,1,44.412033,26.195738,0.4948216420495694,0.5411717344034662
82.0,3,1,3,110500,76,2026,1,1,44.414562,26.197027,0.7934271840203582,0.7645017718990281
69.0,3,6,8,199000,78,1985,1,-1,44.41467,26.112291,0.2396518074050146,0.1790014243353013
49.0,2,0,10,63000,76,2026,1,0,44.41515,26.201748,1.0234892804141955,0.932237332222674
47.68,2,2,7,76000,76,2026,1,-1,44.412746,26.203234,0.8927512956320854,0.7334751417298152
65.0,2,2,5,165200,88,2025,1,0,44.41625,26.119738,0.5081336832078436,0.3830404479800783
75.35,3,1,7,112950,76,2026,1,-1,44.411724,26.20594,0.7064640511985484,0.6357576228203352
20.0,1,4,5,67000,4,1936,1,0,44.437767,26.111443,0.7201075316108294,0.1368889118938959
63.0,3,1,10,160000,74,1977,1,0,44.46296,26.124685,1.449563696824444,0.0982009214309451
144.0,4,4,5,720000,35,2006,1,0,44.46748,26.104544,1.3425100083309742,0.2192103265905686
21.0,1,4,5,36399,3,1986,0,-1,44.38415,26.140074,0.6299102413687976,0.2378155423691482
65.0,3,2,3,450000,35,2025,1,0,44.457115,26.098011,0.7798019743955413,0.1761765184850132
49.6,2,8,10,124000,79,1972,0,0,44.423588,26.176971,1.1452169640597214,0.063715485298479
41.0,1,1,4,88000,10,1987,0,-1,44.392235,26.116484,0.4685940326790707,0.3575136502454343
75.48,3,3,3,315000,62,2015,0,0,44.470238,26.132765,1.728788145569864,0.5441266798789544
94.0,3,0,4,166999,48,2011,1,1,44.367523,26.120865,1.7691004268040056,0.0954730073310483
51.6,2,1,6,95500,48,2025,1,0,44.368534,26.12119,1.667858298834167,0.1816399582346971
52.0,2,3,6,71470,48,2026,1,0,44.37016,26.114878,1.9371166662154464,0.1014842211886005
57.8,2,1,4,84900,76,2025,1,1,44.410896,26.200176,0.596349559319033,0.4433810196974628
31.0,1,7,10,62500,58,1981,1,0,44.44089,26.158072,1.0848954321960185,0.1730656789204733
64.0,2,2,7,81000,52,2026,0,-1,44.440742,25.977127,1.5412094586136875,0.5890562189899391
51.13,2,2,5,73554,76,2026,1,0,44.41562,26.19786,0.9257217430776832,0.7091676147638065
130.5,4,11,12,239700,76,2022,0,-1,44.404987,26.20744,0.1049244319947747,0.2114027194430051
47.69,2,5,11,93000,48,2025,1,0,44.368534,26.12119,1.667858298834167,0.1816399582346971
63.34,2,2,5,85124,76,2026,1,0,44.415146,26.197758,0.873262945826772,0.7445196491595223
101.4,3,3,11,185900,3,2025,1,2,44.36876,26.129395,1.1346704961585403,0.2233316121300458
50.0,2,2,6,93847,48,2025,1,0,44.36773,26.114256,2.134405782907612,0.0403125087044948
66.3,3,2,6,120000,63,2025,1,2,44.36533,26.14722,0.4888610402786346,0.3875581058429406
51.0,3,3,3,125500,13,2013,0,3,44.4939,26.031593,0.0732199011992913,0.1361191122154623
65.0,3,4,4,80000,42,1975,0,-1,44.37944,26.09454,2.4366674444761656,0.1037571678443613
37.0,1,5,10,79000,85,1968,1,0,44.441086,26.133587,0.0412916145191985,0.0687015446468764
36.0,1,1,3,64000,30,2015,0,1,44.421604,26.033978,0.0704138412992791,0.0932337837382765
79.0,3,6,10,119000,30,1965,1,3,44.427,26.053997,0.2539807169729722,0.1791826847569421
80.0,4,7,12,164000,58,1989,1,0,44.442158,26.157143,1.2264128748754315,0.0881097625664632
107.0,3,0,7,187000,16,2018,0,1,44.434666,26.08864,0.2210080063309865,0.0700782748672808
39.0,1,1,6,69938,3,2026,1,1,44.374363,26.138231,0.6240826070824775,0.137869174238687
50.0,2,1,6,84579,3,2026,1,1,44.374363,26.138231,0.6240826070824775,0.137869174238687
75.0,3,4,6,127050,10,2026,1,1,44.38676,26.116875,0.8116367202193068,0.1547552464180386
60.0,1,1,7,67000,63,2026,1,2,44.360294,26.152653,1.1958027648687055,0.2393546551219424
39.0,1,3,6,57800,63,2026,1,3,44.36114,26.150467,1.0199569165927105,0.1217672093195273
67.0,3,4,9,149500,52,1977,1,-1,44.434097,26.034895,0.1066124913614814,0.0963522064513466
45.0,2,3,5,83000,66,2015,1,-1,44.406822,26.064957,2.246803123461989,0.0400813732977143
51.2,2,6,10,137700,52,1981,1,5,44.43407,26.024784,0.2726599939255834,0.0429730790268592
50.0,2,4,4,155000,5,1986,0,-1,44.48367,26.099884,0.5022882388065134,0.1334661654806024
63.0,2,1,2,124900,43,1940,0,1,44.452087,26.071444,0.3546383145833947,0.2152306175297743
90.0,3,3,7,115500,52,2026,0,-1,44.44068,25.977041,1.540641202215126,0.581065821243939
73.0,3,4,10,111000,52,1979,1,-1,44.43408,26.021349,7.939944773975414e-05,0.0156985003706514
27.0,1,2,2,32500,52,1986,0,0,44.430687,25.970346,1.5648297160140523,0.5817685309803027
125.0,3,5,5,184900,41,2020,1,2,44.46818,26.023596,2.1069005081641623,0.2060920163391996
47.0,2,6,8,119899,10,1984,1,-1,44.385372,26.136707,0.6516364972739308,0.1805651980948854
80.0,3,4,4,163000,69,2024,1,-1,44.404606,26.163961,1.0123336044180915,0.1226220943511485
37.0,2,0,10,129000,35,1974,1,1,44.455334,26.098364,0.6502887783267886,0.2033329341395918
60.9,2,3,7,94900,76,2024,0,-1,44.411736,26.206163,0.703027087546156,0.6389313045374114
77.45,4,3,4,206000,10,1977,0,0,44.37873,26.108023,1.9455999080195776,0.2157893367805531
23.0,1,3,10,46000,10,1973,1,-1,44.39123,26.11472,0.6315559432584686,0.3675803793833706
66.0,2,5,5,124985,48,2017,1,1,44.373074,26.125586,1.0629065359513332,0.2722603499666445
50.0,2,4,5,114999,76,2019,0,0,44.416122,26.190046,0.9865109392198944,0.5004157499717009
50.0,2,1,5,114998,79,2021,0,-1,44.417156,26.187527,1.1704426846995963,0.4549705750892163
35.0,1,4,7,79999,74,2018,0,-1,44.46199,26.131762,1.4718032622996855,0.0904042969047007
56.0,2,3,3,119000,29,1968,0,0,44.424835,26.143114,0.514237022081816,0.1027098423420589
60.0,3,0,9,161000,79,1968,1,0,44.428734,26.149752,0.990861482389096,0.3272963421878609
95.0,3,0,4,167000,48,2011,1,0,44.36737,26.11956,1.8508381854195168,0.0148125780534286
94.0,3,0,4,166999,48,2011,1,1,44.368614,26.11842,1.817890423440576,0.1793675769898079
120.0,4,0,10,284999,16,2000,1,0,44.4324,26.125708,1.0105119723665907,0.0013498294132991
50.0,2,3,4,121990,30,1978,0,0,44.4225,26.015371,0.2106383039311033,0.1455434297628023
55.19,2,4,9,89900,66,2025,1,0,44.394894,26.06108,2.9903351822177315,0.2721025903607001
72.0,3,8,8,220000,32,2018,1,-1,44.4417,26.1038,0.6541363952615127,0.0532270628446316
60.0,3,0,2,115000,80,1940,0,1,44.438824,26.120317,1.042397057599249,0.05061589094034
180.0,5,4,5,1180000,64,2012,0,-1,44.46613,26.09277,0.5014504412626192,0.2828072413977859
56.0,2,3,11,176900,44,2016,1,-1,44.44273,26.065847,0.4259166956707745,0.2423087207629412
58.82,2,3,3,105000,77,1947,0,1,44.422455,26.108353,0.7553973043468214,0.0185694232776132
54.45,2,1,6,96500,48,2025,1,0,44.368534,26.12119,1.667858298834167,0.1816399582346971
31.0,1,3,4,85000,24,2008,1,-1,44.48749,26.04753,0.7606910369869704,0.0591697515239309
48.0,2,1,9,97000,10,1965,0,0,44.39671,26.116756,0.6074470207288116,0.1391843389996706
54.0,2,10,10,122000,88,1983,1,-1,44.414562,26.132956,0.5266929940243482,0.0560963047273833
93.0,4,11,12,223850,10,2024,1,2,44.386425,26.121365,0.7288740917552747,0.1911842517253045
56.0,3,2,10,210000,28,1984,1,4,44.452732,26.099846,0.4674656412908826,0.0935528481753787
27.0,1,2,7,50500,52,2025,1,1,44.438812,25.98527,1.009508777335503,0.0735927181486865
39.36,2,8,9,159000,20,1959,1,0,44.439865,26.09988,0.500819125277086,0.0717586546454618
49.0,2,5,5,82800,3,2026,1,2,44.37083,26.128307,1.1242887490776552,0.0689960465467337
45.0,1,1,7,69500,48,2027,1,2,44.361485,26.149233,0.9375523276000566,0.0379600624540612
59.0,3,0,6,115000,3,2025,1,2,44.370758,26.12833,1.1303261428924938,0.0757830688834537
55.0,2,7,7,88500,48,2025,1,2,44.367207,26.114214,2.1734068658944783,0.0984415697828014
50.0,2,1,6,106000,48,2025,1,2,44.361317,26.149244,0.9544695863705523,0.0267216139508306
59.0,2,1,7,91000,48,2026,1,3,44.361362,26.149319,0.9528371016234656,0.0342952233060308
60.0,3,2,7,129999,74,2018,0,-1,44.453114,26.125565,0.3721602236550632,0.2521747778127824
29.0,1,4,9,96000,35,1976,1,-1,44.456337,26.097084,0.7923561108213392,0.1773682216322686
43.1,2,2,5,129500,77,1965,1,1,44.417114,26.11121,0.1780451371135938,0.1474855760014562
64.0,2,3,7,81000,52,2026,0,-1,44.44093,25.977385,1.543447827431339,0.6135414665739594
73.0,3,5,8,149000,66,1989,1,-1,44.417984,26.062786,1.0238536909105014,0.2537813109190118
15.0,1,0,4,27000,66,1977,0,-1,44.41325,26.074055,1.9779355301895232,0.0154407596298091
55.7,2,5,5,96150,3,2025,1,0,44.378445,26.14511,0.7844010968420156,0.5993047000627543
52.0,2,2,6,180000,8,2008,1,-1,44.491116,26.092907,1.451843783147874,0.4288889581341258
31.0,1,4,4,66000,81,2013,0,1,44.404064,26.17596,0.6875461762429248,0.6704157147335404
49.0,2,5,5,120000,79,2019,1,1,44.414383,26.188372,0.8680688419484514,0.6783216116330062
79.0,3,5,11,162500,76,2016,1,0,44.41239,26.199472,0.6701612421498941,0.5933559391485841
56.78,2,0,8,95800,48,2025,1,0,44.368748,26.124708,1.473660317396442,0.1608286353308264
111.0,3,1,7,375000,72,2013,1,0,44.440594,26.075052,0.6232253478359632,0.1775271181404793
52.9,2,2,4,90300,48,2025,1,0,44.36773,26.114256,2.134405782907612,0.0403125087044948
54.42,2,5,5,126500,48,2017,1,0,44.372143,26.125587,1.1359519490363763,0.2570959277242539
50.0,2,1,3,110000,88,2016,0,1,44.404728,26.146381,1.5405659681268662,0.1878714001839238
20.0,1,7,7,67500,16,1980,0,1,44.426746,26.126402,1.1490513952706225,0.1324457502688497
30.0,1,11,11,73000,79,2009,1,0,44.422054,26.180609,1.374701421565845,0.1520233241176493
53.0,2,6,10,120000,79,1979,1,1,44.425915,26.163631,0.124451120974435,0.0347324013414441
37.0,1,1,4,83500,79,1982,0,-1,44.412712,26.144806,1.0368615572527895,0.324423844061593
31.0,1,2,10,75000,58,1986,1,1,44.444904,26.1416,0.8053485403027237,0.1425031135374697
46.0,2,6,10,130000,79,2006,1,1,44.416965,26.16604,0.5332146299175989,0.0926994925289412
30.0,1,7,8,73500,29,1983,1,-1,44.41575,26.138884,0.5999344366096951,0.3522923287900202
50.0,2,4,5,77000,52,2017,1,1,44.438473,25.986795,0.9342243177282582,0.1824683407053311
61.0,2,1,5,104500,48,2025,1,0,44.36773,26.114256,2.134405782907612,0.0403125087044948
48.0,2,1,4,72500,12,2025,0,-1,44.4077,25.98464,2.560309666682849,0.4328678832580778
66.0,2,2,3,159999,73,2025,0,-1,44.511932,26.018457,1.1124734563928165,0.0831398916207045
45.9,2,3,6,89747,48,2025,1,0,44.36773,26.114256,2.134405782907612,0.0403125087044948
40.0,2,3,9,152708,59,1960,1,1,44.44459,26.09831,0.1451370805333999,0.1125948540627387
40.0,2,4,9,172708,59,1963,1,1,44.44465,26.09831,0.1390441314608918,0.1068685606961587
73.0,4,5,9,316908,59,1961,1,1,44.44466,26.09838,0.1404542263691478,0.1089793488135166
55.7,2,2,4,89460,48,2025,1,0,44.36773,26.114256,2.134405782907612,0.0403125087044948
68.0,3,2,4,149900,10,1986,0,-1,44.39185,26.12874,0.5262414366602273,0.1371976215982049
54.0,2,9,11,229900,61,2018,0,-1,44.484715,26.108484,0.7862812170155118,0.1364484546222897
64.0,3,10,10,89000,58,1977,1,-1,44.4417,26.16662,0.7229213974528457,0.0308153288483332
32.0,1,7,8,52000,52,2018,1,1,44.43868,25.986986,0.9523800449664668,0.1835242696686715
52.2,2,9,9,92900,48,2025,1,0,44.373352,26.129993,0.8147547387112828,0.0507470447241871
54.28,2,0,8,91800,48,2025,1,0,44.368748,26.124708,1.473660317396442,0.1608286353308264
27.0,1,4,5,66900,16,1969,0,-1,44.427177,26.125511,1.1838989272782394,0.2116879163339461
61.95,3,3,4,114000,30,1973,0,-1,44.422165,26.012823,0.1311160142388652,0.071308193774049
68.0,3,4,4,95000,79,1968,0,0,44.41677,26.167645,0.6156245326752864,0.1267330406682643
50.0,2,1,3,178000,64,1960,0,-1,44.465954,26.09273,0.4986916806248836,0.2758028274555269
69.0,3,1,4,147920,3,2026,1,0,44.378628,26.133842,0.1618906770131234,0.1581428728642715
48.0,2,1,9,96990,10,1965,1,0,44.39679,26.116869,0.6072004774830584,0.1513262990016783
60.5,2,1,7,103000,48,2024,1,0,44.368088,26.114336,2.104984297055474,0.0
64.0,3,1,7,125000,10,1975,0,0,44.384697,26.109734,1.3556842904727,0.0164667441048872
67.5,2,2,4,108000,76,2026,1,0,44.41927,26.199732,1.3578783555390848,0.6263500514258723
42.0,2,2,4,83000,3,2016,1,0,44.372833,26.136751,0.701208544601074,0.3211308645602951
168.0,4,7,7,490000,61,2024,1,0,44.48656,26.113298,0.7047370036068824,0.062200402126395
48.0,2,10,11,189900,61,2021,1,0,44.484097,26.108974,0.7159938902463584,0.0826602230938291
46.0,2,4,7,80000,48,2026,1,0,44.37016,26.114878,1.9371166662154464,0.1014842211886005
42.0,2,2,4,85000,3,2016,0,-1,44.36899,26.134,0.7685293811106013,0.2088474707644899
62.0,3,9,10,92000,30,1974,1,0,44.416153,26.034096,0.6576917572764657,0.1803343646979649
47.2,2,9,9,92900,48,2025,1,0,44.373352,26.129993,0.8147547387112828,0.0507470447241871
46.65,2,2,6,97000,48,2025,1,0,44.368534,26.12119,1.667858298834167,0.1816399582346971
57.0,2,11,11,145000,52,2018,1,0,44.435596,26.000198,0.2933159954216348,0.2159990022147692
78.1,3,1,7,137040,76,2025,1,0,44.412815,26.191877,0.5916974074555534,0.5432077471346463
46.0,2,2,6,76000,48,2026,1,0,44.3688,26.112171,2.199924889656431,0.1894305471313136
70.0,3,2,4,164900,74,1960,0,1,44.454678,26.109629,0.374196749028835,0.2731155188902407
44.5,2,3,6,82900,48,2025,1,0,44.368534,26.12119,1.667858298834167,0.1816399582346971
72.0,2,8,9,75500,52,2011,1,1,44.437042,25.988607,0.7474886628982039,0.1646808633370203
91.0,4,1,10,265000,79,2010,0,-1,44.419502,26.170835,0.8915568535187474,0.2412847950122811
40.0,1,2,7,67000,63,2026,1,2,44.360935,26.151093,1.066083888613205,0.1740672581292705
51.0,2,2,7,78500,63,2026,1,2,44.360798,26.151188,1.0829533489394974,0.1847352146017291
68.0,2,5,7,98700,3,2025,1,2,44.36876,26.129395,1.1346704961585403,0.2233316121300458
67.18,3,5,5,165000,48,2018,1,0,44.37152,26.12512,1.2120327045299433,0.1975405934853023
69.0,3,1,7,154990,10,1964,1,0,44.39319,26.1163,0.4772643425119352,0.3118186342190515
78.0,3,7,8,184000,1,1988,1,3,44.4223,26.06677,0.879218068699457,0.2222915485736359
37.0,2,0,4,69950,10,1973,0,0,44.37954,26.09886,2.283458477161696,0.0233197848662391
57.48,2,2,9,88900,66,2025,1,0,44.394894,26.06108,2.9903351822177315,0.2721025903607001
37.02,1,1,12,87750,48,2025,1,0,44.36698,26.125013,1.4984643119594632,0.1520811281616526
120.0,4,1,7,220000,48,2024,1,0,44.375256,26.109955,2.0766636712185025,0.2524341799753634
47.0,2,2,3,92279,76,2026,1,0,44.417545,26.2036,1.3257393982633086,0.9775390444545058
95.0,4,1,7,349999,89,2018,0,-1,44.51548,26.104706,3.9829854581402735,0.0617889258775312
30.0,1,0,10,50500,58,1978,1,0,44.444466,26.160126,1.240963810709253,0.2058233875102869
50.0,2,1,8,125000,30,1975,0,-1,44.41913,26.02099,0.1272068607139611,0.2069812428487707
45.6,2,0,6,81900,48,2025,1,0,44.368534,26.12119,1.667858298834167,0.1816399582346971
71.31,3,1,7,127272,76,2026,1,4,44.412224,26.203299,0.8391612998772102,0.6873703326252872
52.3,2,5,11,113000,48,2025,1,0,44.361656,26.129309,1.3982533537701185,0.1042364431437078
46.0,2,3,6,58677,48,2026,1,0,44.368816,26.112122,2.2022217279947207,0.1937125448200723
53.0,2,3,5,76700,48,2025,1,0,44.3698,26.112396,2.12591706567998,0.2449872543988422
62.0,2,2,8,123900,1,1988,1,3,44.4223,26.06677,0.879218068699457,0.2222915485736359
49.1,2,1,10,85000,10,1984,1,0,44.385883,26.138762,0.7498460243965618,0.0233996951797556
43.0,1,10,10,91000,52,2011,1,0,44.439857,26.040142,0.7839566117092142,0.3804006009985739
207.0,3,5,5,319900,86,2024,1,3,44.506195,26.035646,0.9347717923385682,0.0924731710558651
76.0,3,8,8,209000,16,1991,1,0,44.424988,26.121899,1.145301891123803,0.0890707818946763
80.0,3,1,10,159000,18,2016,1,1,44.4425,25.976894,1.7033641159220352,0.7233572144158112
48.0,2,1,4,106000,30,1963,0,-1,44.42486,26.044088,0.2172100361949085,0.1767272997256888
53.7,2,6,6,92500,48,2025,1,0,44.36773,26.114256,2.134405782907612,0.0403125087044948
98.6,2,3,8,365000,25,2018,0,-1,44.429375,26.133331,0.5328484800084284,0.1239190331260765
71.0,2,2,3,195000,27,2020,0,1,44.46773,26.069391,1.158926699723098,0.3076579229895025
47.0,2,2,9,75000,10,1970,1,1,44.38246,26.127005,0.7374825375750913,0.1972795951155508
56.15,2,3,9,88900,66,2025,1,0,44.394894,26.06108,2.9903351822177315,0.2721025903607001
51.26,2,3,8,87500,48,2025,1,0,44.368748,26.124708,1.473660317396442,0.1608286353308264
38.36,1,2,12,79200,48,2025,1,0,44.36698,26.125013,1.4984643119594632,0.1520811281616526
49.0,2,9,10,105000,30,1971,0,-1,44.415237,26.026396,0.2972448508726041,0.1754573103401611
85.0,3,9,17,298000,25,2009,1,2,44.420544,26.13333,0.4724399773379115,0.2713684095151577
47.68,2,2,7,76033,76,2026,1,-1,44.41394,26.203112,0.993527760397378,0.8455320369920939
73.0,3,5,5,145000,58,2025,1,1,44.448315,26.164583,1.474035729373848,0.1356537149573963
52.03,2,2,10,88400,66,2025,1,0,44.387417,26.059216,3.500772985175032,0.0043602477527626
39.1,1,9,9,78900,48,2025,1,0,44.373352,26.129993,0.8147547387112828,0.0507470447241871
53.0,2,7,8,75000,42,1967,1,0,44.394104,26.094852,1.1585387197653896,0.1361553378171628
38.0,1,2,6,97500,3,2025,1,0,44.378418,26.13346,0.2001237614733289,0.1958708875109413
43.6,2,2,11,77900,48,2027,1,0,44.361088,26.129374,1.4315586077920812,0.067831734024961
74.0,3,0,7,98000,79,1965,0,-1,44.42646,26.17304,0.8373534498722985,0.2278814180131037
38.51,1,4,11,88000,48,2025,1,0,44.368217,26.124458,1.528966142001153,0.1779039584585298
64.0,3,7,7,99000,58,1974,1,-1,44.44186,26.17601,0.8737157299664494,0.1061527823436906
76.0,3,3,8,165000,10,1987,1,-1,44.39594,26.10945,0.3118150590028454,0.2036397240859865
37.76,1,2,11,86900,48,2025,1,0,44.368217,26.124458,1.528966142001153,0.1779039584585298
58.0,2,2,6,76725,48,2026,1,0,44.368088,26.114336,2.104984297055474,0.0
69.4,3,1,5,157900,76,2024,1,0,44.414227,26.192375,0.7345570688419178,0.6881854111500717
46.08,2,5,7,110000,49,1962,0,0,44.44123,26.13323,0.033373499312407,0.0507718293220872
50.0,2,5,5,170000,25,2017,1,-1,44.424175,26.12759,0.983320963280413,0.1779347818881164
50.0,2,2,6,68740,48,2026,1,0,44.36525,26.113686,2.348044800959696,0.1736896437775742
36.0,1,1,6,53390,48,2026,1,0,44.36773,26.114256,2.134405782907612,0.0403125087044948
79.0,3,7,7,162000,-1,2021,1,1,44.39399,26.14284,1.6363589367130098,0.2693573624235911
36.0,2,1,10,65000,10,1974,1,1,44.38081,26.12989,0.4562249258676343,0.2563313789047569
72.0,3,2,4,128000,48,2020,1,1,44.36655,26.11393,2.2375603657714755,0.1740362957327022
61.94,4,9,9,125000,74,1976,0,-1,44.464188,26.117657,1.5824485625156957,0.2925412607021077
64.0,2,3,7,128000,48,2021,1,2,44.360786,26.13629,1.0778827754413505,0.094055674981316
58.0,2,1,5,97500,3,2026,1,2,44.370773,26.128334,1.128719682328979,0.0741056411235581
35.0,1,6,6,57000,48,2025,1,0,44.376385,26.128746,0.6357956713542273,0.2840384723251067
41.35,2,1,6,77500,48,2025,1,0,44.368534,26.12119,1.667858298834167,0.1816399582346971
48.0,2,4,4,73600,10,1976,0,0,44.3815,26.129356,0.5230813766180072,0.2465340765522937
78.0,3,1,8,159000,74,1983,1,0,44.461395,26.126379,1.287396422235378,0.1253868978183924
90.0,3,5,5,125900,48,2023,1,0,44.371635,26.116175,1.7635548217139332,0.107356559060711
62.65,2,2,4,93225,76,2026,1,0,44.41166,26.204998,0.7242441134898588,0.6262646965482757
100.5,2,0,4,101765,76,2026,1,0,44.41166,26.204998,0.7242441134898588,0.6262646965482757
47.17,2,1,3,76472,76,2025,1,0,44.417545,26.2036,1.3257393982633086,0.9775390444545058
62.4,2,0,3,87360,76,2026,1,0,44.41547,26.1975,0.9009863860360257,0.7035602604815752
90.1,3,1,3,148700,76,2026,1,0,44.412827,26.195585,0.5779049416354304,0.6136604427506488
41.0,1,1,3,67700,76,2026,1,0,44.412827,26.195585,0.5779049416354304,0.6136604427506488
51.6,2,1,3,85200,76,2026,1,0,44.412827,26.195585,0.5779049416354304,0.6136604427506488
75.6,3,0,3,134330,76,2026,1,0,44.41547,26.1975,0.9009863860360257,0.7035602604815752
49.0,2,0,3,68600,76,2026,1,0,44.41547,26.1975,0.9009863860360257,0.7035602604815752
80.05,3,3,5,136085,76,2024,1,0,44.415916,26.193628,0.9101510153040636,0.5168030071139905
67.2,2,0,4,122000,76,2025,1,0,44.411736,26.206163,0.703027087546156,0.6389313045374114
60.4,2,1,4,84900,76,2025,1,0,44.411736,26.206163,0.703027087546156,0.6389313045374114
28.0,1,0,2,96000,20,1940,0,1,44.438652,26.083818,0.7654657775037444,0.0213778686365143
40.65,1,3,6,77000,48,2025,1,0,44.3698,26.112396,2.12591706567998,0.2449872543988422
84.8,3,1,3,123250,76,2025,1,0,44.41277,26.191763,0.5897225215875054,0.5351192863168143
62.15,2,3,4,92925,76,2026,1,0,44.41166,26.204998,0.7242441134898588,0.6262646965482757
97.52,3,0,3,155057,76,2025,1,0,44.41555,26.202984,1.1187557009119204,1.0058359515727135
43.0,2,2,5,90500,63,2019,1,0,44.362064,26.151098,0.9642900614277856,0.1958317174325918
54.51,2,2,3,80992,76,2026,1,0,44.41452,26.203083,1.0377451202701211,0.9030103782223728
59.0,2,0,6,95000,48,2026,1,0,44.36801,26.114372,2.1079999560245706,0.009133086688783
59.0,2,2,7,129770,73,2023,1,-1,44.50682,26.02706,0.4636362781745465,0.0635594522992114
70.2,3,2,6,98280,48,2026,1,0,44.363487,26.113092,2.504462487747815,0.0286972110534618
65.0,3,6,7,120000,48,2018,0,-1,44.369312,26.111923,2.186172301256975,0.2351873877699202
49.1,2,2,6,68740,48,2026,1,0,44.36355,26.113178,2.4961425591671835,0.0225304478291691
75.0,3,6,7,247000,54,1995,1,-1,44.42111,26.11365,0.4927655619995598,0.1670959866089821
50.24,2,0,8,78800,3,2026,1,0,44.367226,26.13293,0.8740670108383295,0.0402447900680239
37.84,1,1,12,75150,48,2025,1,0,44.36698,26.125013,1.4984643119594632,0.1520811281616526
68.0,3,0,4,122000,10,1975,0,0,44.38686,26.107452,1.3264595625643016,0.1744283343431276
48.0,2,1,9,87000,58,1964,1,0,44.43535,26.165813,0.2926302648147413,0.1470888761275738
99.0,4,1,8,189000,10,2023,1,0,44.376938,26.110252,2.0180009036456177,0.0654617626361217
53.0,2,3,7,117559,73,2025,1,-1,44.50684,26.02707,0.4659925441014825,0.0658394352103516
39.0,2,1,6,76800,48,2025,1,0,44.36773,26.114256,2.134405782907612,0.0403125087044948
40.0,1,3,4,95000,52,1988,0,0,44.4408,26.031527,0.7191105826114919,0.2834662908695401
35.0,1,2,6,55760,48,2026,0,-1,44.364254,26.11332,2.445393638207717,0.0592152227990173
41.35,2,4,6,76500,48,2025,1,0,44.368534,26.12119,1.667858298834167,0.1816399582346971
37.0,1,1,9,73500,63,2025,1,0,44.360985,26.15081,1.049115438864174,0.1509433167394995
37.0,1,1,11,117500,60,2025,1,0,44.41084,26.088367,0.9450029222172774,0.06754563345001
65.0,3,4,4,149500,86,2013,1,-1,44.50413,26.048271,1.6865821905480645,0.152398401482817
45.4,2,2,5,73500,48,2026,1,0,44.369,26.110554,2.297232094307923,0.3172688070097183
85.67,3,3,10,220000,20,1930,1,-1,44.439114,26.100927,0.3901055822168317,0.0598659479423464
52.85,2,0,3,103306,76,2026,1,0,44.41452,26.203083,1.0377451202701211,0.9030103782223728
95.0,3,5,6,135000,48,2025,1,0,44.368088,26.114336,2.104984297055474,0.0
64.9,2,3,3,96281,76,2026,1,0,44.41452,26.203083,1.0377451202701211,0.9030103782223728
59.0,2,5,7,92000,0,1963,1,0,44.46871,26.05265,0.3212038749589341,0.0498029391522596
51.0,2,1,7,155000,8,2024,1,1,44.489693,26.08888,1.478927785942863,0.3191472750711047
69.0,3,4,4,115900,10,1980,0,-1,44.387917,26.13347,0.9381629688094892,0.1486097120843703
43.0,2,1,10,88900,58,1973,1,1,44.439976,26.180033,0.7731784451737667,0.121951970568234
35.0,2,5,6,88000,48,2025,1,0,44.360687,26.149834,1.0383311918464055,0.0923177080751622
55.0,2,7,7,88000,48,2025,1,0,44.363194,26.1149,2.373772507570467,0.1555836580495474
61.0,2,1,7,92500,48,2026,1,2,44.360313,26.149872,1.0765532005310592,0.1248340497435194
53.0,2,2,7,105875,48,2025,1,0,44.36093,26.14992,1.017910994121504,0.0842228913987944
80.02,3,2,3,118755,76,2026,1,0,44.416664,26.20295,1.2158745103951445,0.9668658614707026
35.1,1,6,9,70500,63,2025,1,0,44.360985,26.15081,1.049115438864174,0.1509433167394995
36.25,1,5,7,69600,48,2025,1,0,44.368534,26.12119,1.667858298834167,0.1816399582346971
63.14,3,3,3,126000,3,2015,0,0,44.375027,26.13154,0.5917277700250799,0.1278583810199779
53.0,2,4,4,122000,78,1984,0,0,44.413017,26.111761,0.4271794907725829,0.2008963778257465
70.0,2,7,7,85999,67,2018,1,0,44.443584,25.993147,1.327097210988872,0.4681689988523793
35.5,1,6,7,68700,48,2025,1,0,44.368534,26.12119,1.667858298834167,0.1816399582346971
75.0,3,0,5,278000,86,2018,0,1,44.502834,26.053762,1.9713331625304,0.130931681535771
37.38,1,3,10,61900,66,2025,1,0,44.39014,26.059946,3.295471680709243,0.1392149652225956
62.4,2,3,4,155000,10,2016,0,1,44.390133,26.104872,1.0130386657368755,0.2149489728497254
43.49,1,1,9,66500,66,2025,1,0,44.394894,26.06108,2.9903351822177315,0.2721025903607001
45.18,2,7,11,85900,79,2024,1,0,44.41939,26.18013,1.0816062973328382,0.3369987053719792
55.38,2,0,3,80991,37,2026,1,0,44.460953,26.160576,2.9141213424690435,0.1733629180559573
70.0,3,4,4,179900,5,1985,0,0,44.482944,26.10158,0.4333944453899081,0.2636502756202242
78.74,3,3,11,149600,79,2024,1,0,44.41939,26.18013,1.0816062973328382,0.3369987053719792
103.0,4,4,5,214000,4,1932,1,-1,44.437527,26.111134,0.6890566953531448,0.1008777230755374
58.0,2,5,10,248500,61,2025,1,0,44.47654,26.114552,0.4893174061225281,0.243068909073162
47.0,2,2,9,74900,10,1970,1,-1,44.38034,26.126543,0.7065262661506481,0.016809531018476
168.0,5,0,3,308000,13,2012,0,0,44.494923,26.032272,0.0568761445250351,0.0969502922330056
76.0,3,0,3,130000,21,2025,0,0,44.463173,26.160517,3.1552068595760305,0.1724641056664069
49.0,2,0,10,73000,10,1968,1,-1,44.377716,26.119087,1.3108349792593492,0.1365955918279593
36.0,1,0,11,124000,17,2021,1,0,44.43225,26.10626,0.4878644103806528,0.0603513008020463
68.0,3,2,4,199900,5,1985,0,-1,44.479916,26.100433,0.0850036572216422,0.0816663066726682
74.0,3,10,10,130500,52,2026,1,4,44.43935,25.97884,1.3351746835009597,0.4830962813423917
65.0,4,9,10,129000,74,1988,1,0,44.464344,26.117815,1.6038497767222597,0.3066607962294184
54.55,2,2,6,112500,48,2023,1,0,44.36879,26.112253,2.195073204851386,0.1830523633160314
52.0,2,1,4,160000,8,2015,1,1,44.49092,26.09146,1.482420039796169,0.3345323138358796
50.0,2,6,8,103000,23,1984,1,3,44.457794,26.046179,0.6733961681636565,0.3054323737520818
63.0,3,4,4,91000,10,1970,0,-1,44.38712,26.119823,0.6769914733098285,0.1608825425952248
75.6,3,1,3,105840,76,2026,1,0,44.41547,26.1975,0.9009863860360257,0.7035602604815752
47.0,2,2,9,75000,10,1970,1,-1,44.380264,26.12655,0.7050259543373076,0.0117570063099393
49.0,2,0,10,73000,10,1968,1,-1,44.378105,26.119175,1.2977165300072435,0.1171649119006643
48.0,2,2,7,69800,52,2018,1,1,44.434658,26.012163,0.7167348505461945,0.0423189746404194
40.0,1,4,4,100000,88,1988,0,3,44.4193,26.123356,0.8448755664622801,0.2052991307303807
56.0,2,7,8,110000,52,1978,1,3,44.43664,26.044691,0.8414881465161052,0.3176494172334758
56.0,2,6,10,205000,8,2016,1,3,44.490074,26.088179,1.54654165701009,0.2595777977464865
39.0,1,1,6,69500,48,2026,1,2,44.36072,26.149967,1.0401459483219746,0.0985938244970672
71.0,3,1,4,124990,52,2018,0,-1,44.441093,26.019726,0.7903976272797477,0.175658590972346
79.0,3,2,9,94000,48,2024,1,-1,44.374832,26.111736,1.9515158334759133,0.1705734999563359
40.0,1,4,10,72000,52,2026,1,4,44.439354,25.978857,1.334607153477398,0.4817392068806131
85.2,3,4,4,225000,12,2021,1,0,44.417976,26.006277,0.6758005370329403,0.1018701289835523
53.0,2,0,7,135000,79,2018,0,-1,44.41817,26.1606,0.5206606050493752,0.3647647089419271
44.0,2,4,7,124800,16,1963,0,-1,44.42654,26.104786,0.350126758281241,0.02900035250265
130.0,3,3,3,259999,73,2025,0,-1,44.511257,26.019316,1.0152038323784809,0.1674560031145871
97.83,3,1,3,130200,76,2025,1,0,44.41452,26.203083,1.0377451202701211,0.9030103782223728
54.0,2,3,10,81000,18,2026,1,0,44.44119,25.972067,1.8649804687710043,0.6949143049120302
61.3,2,1,3,85819,76,2025,1,0,44.41452,26.203083,1.0377451202701211,0.9030103782223728
67.0,3,4,4,130000,79,1960,0,1,44.41393,26.161514,0.0470027366729692,0.1735383688449011
63.34,2,1,5,85124,76,2025,1,0,44.418884,26.199087,1.3009443563079188,0.5906465018428718
51.13,2,1,5,73550,76,2025,1,0,44.418915,26.199175,1.3063650475403288,0.5963750073968176
59.0,2,1,5,147000,86,2025,0,-1,44.50208,26.059624,2.3611550619081543,0.0041947204226076
61.05,2,2,5,98000,48,2024,1,2,44.36867,26.114674,2.0446209719315624,0.0700709199088806
38.2,1,1,7,68700,48,2025,1,2,44.369125,26.121769,1.5883506717620073,0.1688926847677567
77.3,3,8,11,119900,48,2024,1,2,44.364525,26.12639,1.45776162391972,0.1421693564901568
61.1,2,5,5,96150,3,2025,1,2,44.378757,26.14433,0.7180072257245517,0.5763440206355582
52.23,2,10,11,122210,76,2026,1,0,44.408634,26.188599,0.4488036203824405,0.0610167701482598
60.2,2,8,12,174240,-1,2027,1,0,44.473362,26.141172,2.1107682686925697,0.1725915407553236
87.5,3,10,14,412000,61,2025,1,0,44.476875,26.106829,0.5795096154222047,0.1287646050577811
33.0,1,6,15,174240,35,2026,1,0,44.467495,26.107292,1.4119513736488851,0.2560374823512353
65.1,3,2,5,93900,48,2025,1,2,44.36867,26.114674,2.0446209719315624,0.0700709199088806
169.6,3,1,6,268000,3,2025,1,2,44.373066,26.129911,0.8453217461856254,0.0786820415273728
43.7,2,0,7,79000,65,2025,1,2,44.375515,26.105978,2.3320640862176303,0.1266177247016043
60.49,2,1,6,103000,48,2025,1,2,44.36867,26.114674,2.0446209719315624,0.0700709199088806
88.52,3,2,11,154910,3,2024,1,2,44.36876,26.129395,1.1346704961585403,0.2233316121300458
98.85,3,1,11,163000,48,2025,1,2,44.36829,26.120996,1.6982929453095552,0.1510966660016404
50.0,2,1,10,85000,10,1984,0,7,44.38625,26.13829,0.7760389485937577,0.0400072799145528
68.0,2,4,4,115000,10,1967,0,1,44.378857,26.115303,1.5969643958075694,0.2362943833857549
55.0,2,0,5,127000,63,2019,1,1,44.36208,26.15113,0.9644467177269646,0.198918241358578
38.0,2,1,4,57000,10,1973,0,1,44.387165,26.10277,1.38056973383889,0.2012071740053674
65.0,2,4,6,138500,63,2021,1,1,44.36216,26.15126,0.963884393797794,0.2122823463149864
74.0,3,10,10,133500,79,1968,1,1,44.42703,26.17639,1.0924727385353803,0.2374068097527738
30.0,1,8,9,59900,42,1965,1,1,44.39415,26.09336,1.1708209685887538,0.1274706691033389
73.0,3,1,3,182000,56,2013,0,1,44.412758,26.183437,0.6889163814761381,0.3935323208293859
31.0,1,0,7,89900,3,2019,1,1,44.36953,26.1427,0.1026461060024677,0.1047405645869275
53.0,2,4,4,100000,31,1988,0,1,44.45373,26.14568,1.7371774113846383,0.2613745485362903
61.0,3,2,4,128000,48,2022,1,1,44.36773,26.114256,2.134405782907612,0.0403125087044948
66.0,3,5,5,132900,63,2020,1,1,44.36217,26.15119,0.959540230192286,0.208028473653815
64.0,3,1,4,139800,79,1970,0,1,44.41873,26.15056,0.9396314645892422,0.29796746372307
31.0,1,3,3,66000,63,2025,1,1,44.37241,26.14392,0.3886979337522314,0.2515993030872854
47.0,2,4,7,118000,42,1961,1,1,44.401283,26.098436,0.3951405180200687,0.0564069920342414
20.0,1,0,2,61000,17,1941,0,1,44.430466,26.097471,0.3807498485058522,0.0488373980332267
29.0,2,4,7,37000,66,2018,0,-1,44.39928,26.05618,2.908099566208997,0.0576854018648191
59.0,2,2,5,95000,48,2026,1,1,44.36773,26.114256,2.134405782907612,0.0403125087044948
53.0,2,0,3,103600,3,2015,0,1,44.376057,26.141098,0.6012498532581636,0.2545643438459657
53.0,2,1,9,125000,48,2025,1,1,44.36834,26.13606,0.6081645674566026,0.247201317873657
81.0,3,5,5,165900,48,2018,1,1,44.37011,26.124422,1.3669226496985487,0.0709238296243628
36.0,2,1,10,65000,10,1974,1,1,44.3811,26.129007,0.5329048327372836,0.2078282749699379
74.0,3,2,10,145000,10,1985,1,1,44.38372,26.1306,0.5955291053661556,0.1882160689642927
90.0,3,1,2,159000,3,2019,0,1,44.37233,26.14379,0.3794098398062679,0.2392111312683051
47.0,2,3,4,127500,76,2018,1,1,44.417435,26.194174,1.0782699471283157,0.3744234046655593
71.0,3,1,6,99500,48,2025,1,3,44.368958,26.110897,2.276289830125012,0.2899736088220229
55.0,2,1,3,130000,16,1936,0,1,44.43051,26.11328,1.0112483430712107,0.1507508547844036
79.0,3,7,7,162000,70,2021,1,1,44.394554,26.143017,1.6559727246424896,0.3330150824926405
67.0,2,0,9,120000,48,2021,1,1,44.360157,26.134836,1.2009042918947308,0.2289911436387063
164.0,3,3,6,1128206,35,2026,1,3,44.468765,26.105371,1.224920921894958,0.1680304034517558
64.0,3,2,10,125000,55,1972,1,0,44.44916,26.131178,0.5667576210217716,0.1771691027777668
123.0,3,1,6,802169,35,2026,1,0,44.468575,26.105188,1.2402292519815443,0.1795634936694624
146.0,4,3,3,95000,66,2013,0,1,44.40931,26.0564,1.846213709971656,0.2205944884848109
40.0,1,8,9,59900,42,1965,1,0,44.39537,26.09392,1.0292129938077472,0.2550811740967617
52.0,2,11,11,127500,76,2021,1,1,44.41319,26.20047,0.7892353817675394,0.6954938245754716
131.0,5,4,5,195000,52,1992,0,-1,44.43388,26.0013,0.1501309343168485,0.0087755480420692
116.0,4,4,4,230000,21,2025,1,0,44.466396,26.150255,2.7667372611879566,0.1633752735047398
43.0,1,4,5,75000,41,2020,1,2,44.468216,26.023653,2.1009193776967816,0.2000548673765336
50.0,2,3,7,122000,30,1997,0,-1,44.42196,26.015554,0.183894845235505,0.0992040605759219
54.0,2,1,6,120000,48,2025,1,3,44.368534,26.12119,1.667858298834167,0.1816399582346971
69.0,3,0,3,110000,12,2013,0,1,44.415462,25.999027,1.3145466784894742,0.2354263140477128
67.5,3,5,8,106000,66,1984,1,3,44.40843,26.063547,2.04451666606099,0.2020441753439988
60.0,2,0,4,138999,52,1986,0,3,44.43865,26.02044,0.5132714421037629,0.2432068905618138
54.0,2,1,7,120000,48,2022,1,1,44.37205,26.1243,1.2153878089027033,0.1806628332812133
68.0,3,6,10,170000,78,1978,1,1,44.41173,26.110155,0.5507414999114328,0.108145352877269
46.0,3,3,5,78000,10,1975,0,0,44.37995,26.109644,1.760463637189886,0.1280021093631616
52.0,2,1,6,108000,70,2021,1,0,44.3955,26.143024,1.6711417683863197,0.2920610324593276
70.0,3,1,9,128000,10,1968,1,2,44.378277,26.120304,1.206307524653036,0.1554846559624422
38.0,2,1,4,60000,42,1969,0,0,44.38766,26.10248,1.3383058875794935,0.1974388414123147
63.0,2,5,5,159000,43,2023,1,0,44.464584,26.06909,0.9547532189273932,0.1140384093198884
44.4,2,4,7,80000,48,2026,1,-1,44.37016,26.114878,1.9371166662154464,0.1014842211886005
52.0,2,0,4,125000,79,1985,0,0,44.414536,26.153137,0.6636071033776607,0.0239784824173162
30.5,1,9,9,64900,30,1975,1,-1,44.423428,26.047823,0.238751320525473,0.0498237446920542
103.0,3,0,4,269000,13,2012,0,1,44.48774,26.029705,0.6384981247767142,0.3381786240119598
65.0,3,3,7,135000,79,2018,0,-1,44.41817,26.1606,0.5206606050493752,0.3647647089419271
118.0,4,3,4,250800,39,2025,0,1,44.40649,26.006746,1.6747427899841647,0.4717808449617585
62.0,2,10,10,142000,66,2022,1,2,44.38875,26.062933,3.1724201759695125,0.238282022740076
63.0,2,1,5,85124,76,2026,1,6,44.41973,26.19969,1.4052251015152015,0.590485312348114
58.0,2,4,12,169900,-1,2026,1,0,44.472107,26.14006,2.0895638010076234,0.1229584531736264
72.0,3,5,5,149000,20,1950,1,1,44.438168,26.093493,0.6471270958448142,0.1402768194344528
58.0,2,2,11,200000,52,2021,0,1,44.429497,26.039377,0.7086550969868923,0.1965444302052246
49.0,2,5,8,129900,74,1981,1,0,44.45259,26.120253,0.4262647324008803,0.0952797186808039
51.41,2,1,3,120000,79,2021,1,0,44.41793,26.189322,1.195355720180749,0.3463786011999848
52.2,2,10,11,143800,48,2025,1,1,44.358257,26.131329,1.5387332543806531,0.3151949020088147
63.3,2,1,5,85124,76,2026,1,0,44.41531,26.19741,0.8818729582190303,0.7131760175574318
69.35,2,1,5,91736,76,2026,1,0,44.41531,26.19741,0.8818729582190303,0.7131760175574318
90.87,3,1,5,119835,76,2026,1,0,44.41531,26.19741,0.8818729582190303,0.7131760175574318
67.52,2,1,5,89256,76,2026,1,0,44.41531,26.19741,0.8818729582190303,0.7131760175574318
70.0,3,2,8,170000,74,1982,1,1,44.458824,26.127878,1.032970333329309,0.0922532953129388
50.0,2,1,3,85000,33,2025,0,0,44.392513,26.084633,1.6189594605200608,0.1618846708075317
72.4,3,0,3,144628,76,2026,1,0,44.41452,26.203083,1.0377451202701211,0.9030103782223728
47.68,2,0,3,76033,76,2026,1,0,44.41452,26.203083,1.0377451202701211,0.9030103782223728
102.3,3,2,3,185000,51,2025,1,0,44.4716,26.152851,3.046425987057587,0.1670942259090033
64.18,2,2,3,87000,76,2026,1,0,44.416576,26.20275,1.1987334819060418,0.9568738495677104
102.7,3,0,3,122314,76,2026,1,0,44.41452,26.203083,1.0377451202701211,0.9030103782223728
61.0,2,2,3,89450,76,2026,1,0,44.417545,26.2036,1.3257393982633086,0.9775390444545058
100.63,4,0,4,150945,76,2026,1,-1,44.41166,26.204998,0.7242441134898588,0.6262646965482757
63.75,2,2,3,93438,76,2026,1,0,44.417545,26.2036,1.3257393982633086,0.9775390444545058
47.04,2,3,3,76264,76,2026,1,0,44.417545,26.2036,1.3257393982633086,0.9775390444545058
95.06,3,1,3,127273,76,2026,1,0,44.41452,26.203083,1.0377451202701211,0.9030103782223728
31.0,1,6,10,56000,10,1970,0,0,44.378563,26.1224,1.037165123904008,0.1412733954875462
41.9,1,2,3,58660,76,2026,1,0,44.41547,26.1975,0.9009863860360257,0.7035602604815752
75.55,3,3,4,113025,76,2026,1,0,44.41166,26.204998,0.7242441134898588,0.6262646965482757
75.6,2,1,3,102479,76,2026,1,0,44.41452,26.203083,1.0377451202701211,0.9030103782223728
63.38,2,1,3,93388,76,2026,1,0,44.41452,26.203083,1.0377451202701211,0.9030103782223728
56.1,2,10,11,88400,76,2026,1,0,44.415802,26.1977,0.9409731135128628,0.6855893229171097
55.74,2,1,11,106000,79,2025,1,0,44.41939,26.18013,1.0816062973328382,0.3369987053719792
142.59,4,11,12,176000,76,2025,1,0,44.41257,26.19999,0.7120239120851939,0.6199791017964776
79.25,2,0,3,90000,76,2026,1,0,44.416576,26.20275,1.1987334819060418,0.9568738495677104
127.88,3,11,12,164500,76,2025,1,0,44.41257,26.19999,0.7120239120851939,0.6199791017964776
203.3,3,0,4,173554,76,2025,1,0,44.41515,26.201748,1.0234892804141955,0.932237332222674
61.2,2,1,3,91800,76,2026,1,0,44.416985,26.198282,1.0803479633607964,0.6299341483797296
64.0,2,1,3,88620,76,2026,1,0,44.413303,26.20576,0.879778467944639,0.8098785489201394
195.7,4,4,4,324000,76,2026,1,0,44.41478,26.20306,1.0577105298379947,0.9287639263535707
75.85,3,1,3,115702,76,2026,1,0,44.41452,26.203083,1.0377451202701211,0.9030103782223728
85.0,3,10,11,130300,76,2026,1,0,44.415802,26.1977,0.9409731135128628,0.6855893229171097
48.25,2,1,3,76860,76,2026,1,0,44.41452,26.203083,1.0377451202701211,0.9030103782223728
81.0,3,4,10,144000,52,2026,1,4,44.43935,25.978857,1.3342753564040828,0.481746820437707
63.37,2,1,3,93388,76,2026,1,0,44.41452,26.203083,1.0377451202701211,0.9030103782223728
118.22,3,11,12,151500,76,2025,1,0,44.41257,26.19999,0.7120239120851939,0.6199791017964776
66.01,2,1,3,90500,76,2026,1,0,44.416576,26.20275,1.1987334819060418,0.9568738495677104
69.6,2,3,3,94000,76,2026,1,0,44.416576,26.20275,1.1987334819060418,0.9568738495677104
128.05,3,11,12,165500,76,2025,1,0,44.41257,26.19999,0.7120239120851939,0.6199791017964776
54.95,2,4,7,98900,48,2025,1,2,44.369125,26.121769,1.5883506717620073,0.1688926847677567
58.75,2,3,5,94000,48,2024,1,2,44.36867,26.114674,2.0446209719315624,0.0700709199088806
59.6,2,2,5,95500,48,2024,1,2,44.36867,26.114674,2.0446209719315624,0.0700709199088806
63.13,1,0,11,112530,76,2026,1,0,44.408634,26.188599,0.4488036203824405,0.0610167701482598
48.15,1,10,11,101640,76,2026,1,0,44.408634,26.188599,0.4488036203824405,0.0610167701482598
90.9,3,8,11,135900,48,2024,1,2,44.364525,26.12639,1.45776162391972,0.1421693564901568
102.9,3,5,15,416240,35,2026,1,0,44.467495,26.107292,1.4119513736488851,0.2560374823512353
49.8,2,4,9,86900,3,2025,1,2,44.373066,26.129911,0.8453217461856254,0.0786820415273728
59.6,2,2,6,107300,63,2025,1,2,44.36533,26.14722,0.4888610402786346,0.3875581058429406
75.0,3,7,8,231000,25,1995,1,-1,44.431435,26.135221,0.2806593701011277,0.1342257240190204
150.0,3,1,2,175000,60,1960,0,0,44.405403,26.09163,0.3812388423992943,0.2690892707422362
60.0,2,3,10,230000,8,2020,0,1,44.491478,26.088774,1.645219371189364,0.132418054332709
54.0,2,2,5,235000,8,2022,0,1,44.490173,26.08936,1.4992490196755897,0.2819721821623315
92.0,5,9,10,250000,55,1984,1,-1,44.446964,26.12682,0.3933272511597765,0.1093329403841511
46.64,2,2,10,96900,79,1967,1,0,44.426426,26.167128,0.385545967287844,0.2592272623889851
82.0,4,1,2,290000,16,1938,0,1,44.42878,26.125902,1.0770876023429294,0.3543177997525051
50.0,1,2,9,58900,48,2024,1,0,44.371803,26.112894,1.9852252788492688,0.1931132091305793
50.0,2,3,8,110000,10,1964,1,-1,44.390354,26.109953,0.9341462151628196,0.1216457501482699
129.0,5,2,7,450000,35,2010,0,0,44.45472,26.098057,0.6464391971873138,0.1514741572130597
61.0,2,7,9,299000,5,2019,0,0,44.478962,26.094215,0.4805065369219379,0.128518445675734
36.0,2,6,8,145000,78,1986,0,0,44.414993,26.107153,0.1989081470875138,0.1637122011731472
71.0,3,9,10,117000,74,1975,0,0,44.464367,26.129576,1.66270052108755,0.1057208021443376
38.0,2,1,2,75000,74,1968,0,0,44.461544,26.128487,1.3371229709644243,0.1926392786110185
71.0,3,10,11,89900,52,1976,0,-1,44.4336,26.015524,0.4656520642007754,0.0597365979336362
45.0,2,1,6,125001,16,1960,0,0,44.434303,26.083956,0.5016641252484613,0.0527058790027083
51.0,2,1,5,73554,76,2026,1,6,44.41973,26.19969,1.4052251015152015,0.590485312348114
85.0,3,1,4,209000,-1,2022,1,0,44.496475,26.002596,1.900449954164093,0.9528858744603252
31.75,1,10,10,126000,0,1961,0,0,44.471115,26.050596,0.0243965130248575,0.0362976001270963
180.09,4,0,4,500000,86,2025,0,0,44.50519,26.061771,2.656077684646863,0.3862716048961405
50.0,2,2,5,215000,8,2022,1,1,44.490265,26.08932,1.509438354899886,0.2713710852624247
60.0,3,0,8,133999,23,1967,1,1,44.459877,26.047943,0.8154581695761559,0.0932365127906341
38.0,2,2,4,64900,10,1977,0,-1,44.380295,26.100098,2.170886584805117,0.1068769544865599
149.3,4,6,7,624600,61,2025,0,0,44.477695,26.119612,0.4081054031711015,0.2016767077299406
50.0,2,2,6,165000,21,2024,0,0,44.45913,26.1418,1.7365888095471027,0.3105931862251679
50.91,2,4,4,112000,19,2024,0,0,44.488735,26.01322,1.6084976081724942,0.2517092880662647
38.5,1,4,4,104500,25,1986,0,0,44.42733,26.132235,0.7557229487112965,0.1199211171455357
83.9,3,2,3,290000,24,2011,0,0,44.484913,26.042704,0.2977352574338568,0.1325641336168291
40.0,1,4,8,130000,43,1982,0,0,44.462418,26.071493,1.0752134839251233,0.1007970110270652
150.0,5,-1,2,273000,28,1940,0,0,44.463013,26.088312,0.3774637710971495,0.2675074471994065
49.69,2,4,4,110000,19,2024,0,0,44.488735,26.01322,1.6084976081724942,0.2517092880662647
38.0,2,7,10,75000,10,1974,1,-1,44.38295,26.10953,1.5048712621954536,0.192957559058959
52.0,2,9,9,185000,8,2022,0,0,44.530064,26.102825,5.59883450845167,1.09736463609987
61.3,2,4,5,260000,5,2021,0,0,44.483364,26.098057,0.4991027065823004,0.0205851051434723
46.6,2,11,11,124999,76,2021,1,0,44.40515,26.206745,0.142814567052232,0.1560351982244047
208.0,3,0,10,599000,61,2021,0,3,44.484825,26.1083,0.8052484320887121,0.1550827897184649
54.0,2,1,7,116000,12,2018,0,-1,44.41284,26.00218,1.2898878776057454,0.0244312768505781
78.0,3,5,8,130000,66,1984,0,0,44.41604,26.066147,1.3443001158980572,0.346513492628718
78.0,4,1,4,170000,79,1968,0,1,44.414806,26.159512,0.2054903055006283,0.2396964035656052
60.0,3,11,13,120000,43,1967,0,-1,44.464844,26.054897,0.4810432993058644,0.0945658938294153
78.0,3,7,8,117000,74,1974,1,3,44.461075,26.13122,1.3613776826652486,0.0988855817813057
38.57,2,8,9,142000,20,1969,0,0,44.439754,26.099834,0.491608444301523,0.0620205282312368
97.0,4,3,10,293000,28,1980,0,0,44.448475,26.09957,0.3380321428466276,0.1357885202367065
38.02,2,2,4,158000,72,1960,0,0,44.436935,26.082079,0.5543802100135599,0.0344112640895282
60.06,3,1,10,120000,74,1976,0,0,44.46282,26.12097,1.454944248531836,0.2309603707072095
46.0,2,0,5,175000,47,2005,0,-1,44.484425,26.08845,1.1050856361112225,0.2998087987366812
68.0,3,1,4,154990,10,1964,0,0,44.38602,26.12028,0.7866360658520126,0.2074287498300681
58.0,2,4,10,122000,13,1967,1,1,44.48817,26.038008,0.1692583552812011,0.0972277672428425
50.0,2,4,10,114000,55,1975,0,0,44.44981,26.12583,0.1363906406369879,0.0931585979958121
59.1,3,5,10,125000,55,1963,0,0,44.445904,26.130606,0.5862807664579095,0.1561383431200962
59.33,3,5,9,115000,74,1963,0,0,44.451332,26.122566,0.1987938754545388,0.2446511977850975
95.0,4,6,8,365000,16,1994,0,-1,44.42647,26.102476,0.2199054584217332,0.0766244705446815
66.0,2,5,6,173000,24,2025,0,1,44.488087,26.064434,1.969018604944164,0.0992358553150752
119.0,4,0,3,580000,64,1995,0,1,44.465553,26.089987,0.2880198137311149,0.2148863537062414
67.85,3,4,10,189000,74,1978,0,0,44.460056,26.113167,1.0011677272936883,0.0443963661610821
49.1,2,1,4,185000,21,2024,0,0,44.45938,26.140587,1.677033042111174,0.2605620930386311
50.0,2,0,2,149900,4,1920,0,0,44.437115,26.110415,0.6224346947143231,0.0277230145056958
120.0,3,2,2,330000,45,1929,0,0,44.432327,26.140722,0.1825402102826295,0.1488410356794144
34.0,2,3,9,130000,20,1960,1,0,44.43756,26.093334,0.5809803138996856,0.1445764582963846
52.0,2,4,9,224500,61,2024,0,0,44.476093,26.115484,0.5184879872511918,0.2340748156085528
241.09,6,9,9,1745000,5,2019,0,0,44.478943,26.094137,0.4867891535642381,0.1242933142898858
101.6,4,7,7,339000,25,1994,0,-1,44.42542,26.129921,0.8785414929670727,0.1416090661231642
41.0,1,1,7,88000,10,1997,0,-1,44.39319,26.1163,0.4772643425119352,0.3118186342190515
60.0,3,0,4,179500,74,1961,0,1,44.45382,26.109686,0.3342080441927027,0.2072637318480947
95.0,4,6,8,220000,88,1989,1,3,44.416203,26.1292,0.4838043075474553,0.1705460980566388
50.0,2,3,10,120000,52,1978,1,-1,44.43432,26.019537,0.1464037118084826,0.0327125158389141
61.9,2,2,7,89900,76,2025,1,-1,44.411827,26.206337,0.7094712890100616,0.6507291741374444
69.0,3,6,8,159000,58,1981,1,-1,44.439594,26.15745,1.0573450948382,0.0636531074201694
59.27,2,5,7,129000,0,1962,1,3,44.47101,26.053997,0.2935675461358162,0.1739498734148573
47.0,1,6,6,68000,48,2025,0,3,44.368942,26.11037,2.313096633522377,0.3292428777412762
170.0,10,11,12,199399,76,2024,1,3,44.411167,26.20213,0.7425749797406593,0.5381055052915057
63.6,2,6,7,93000,33,2012,1,1,44.404366,26.080652,1.2391602539031608,0.1560564271954575
201.0,3,11,12,209993,76,2024,1,3,44.411163,26.20217,0.7450758241304807,0.5394659457895261
63.0,2,0,3,185000,71,2020,1,5,44.44859,26.118082,0.5019159359872029,0.1456730987173889
38.0,2,0,10,72500,10,1978,0,0,44.38092,26.128384,0.574631341063687,0.1547749129584735
61.0,2,3,6,106000,48,2021,1,2,44.36867,26.114674,2.0446209719315624,0.0700709199088806
61.0,2,3,6,106000,48,2021,1,1,44.36802,26.114365,2.107761490594403,0.0079048371598667
110.0,3,11,16,310000,61,2018,1,3,44.47726,26.114796,0.4075038721950413,0.1932946353134254
62.0,3,4,11,199999,35,1963,0,0,44.463074,26.098354,1.0041248110283203,0.2548668078940765
100.0,4,5,9,275000,35,1945,1,-1,44.459736,26.095387,1.0047450801104731,0.1085141552054419
42.0,1,8,10,87000,74,1986,0,0,44.46262,26.12214,1.4197876714927795,0.1632135238650917
52.0,2,0,1,138000,49,1936,0,0,44.433594,26.13358,0.4045912371593997,0.3343987064165098
49.0,2,0,8,117000,74,1985,0,0,44.46044,26.119146,1.233540597746707,0.1409189965201197
56.0,2,6,9,177000,55,2015,0,0,44.449375,26.122261,0.1599491187935843,0.2462614790226425
97.0,4,3,10,299999,28,1982,0,0,44.449112,26.099297,0.3940185437566192,0.2075061005673153
66.03,3,0,2,175000,59,1933,0,0,44.44422,26.092154,0.4647219803908236,0.024563109863738
70.0,3,11,11,227000,38,1979,0,0,44.452065,26.076956,0.5838344955552439,0.1607331208863522
57.0,2,4,4,155000,5,1986,0,0,44.483654,26.099522,0.5030642070485032,0.1059706314545719
72.0,3,6,8,199000,77,2022,1,0,44.41655,26.112373,0.0804760152786026,0.0360011808919574
100.0,3,1,3,399990,35,1959,0,-1,44.463448,26.095366,0.7680639954768925,0.153128856975647
51.6,2,0,5,206000,47,2023,1,-1,44.48397,26.088844,1.0521079326597311,0.264577711542839
100.0,3,6,7,550000,27,2002,1,-1,44.46602,26.075724,0.8513507894289926,0.1937333779418192
108.0,4,0,7,245107,76,2026,1,-1,44.414387,26.203087,1.0272694584718025,0.8896573379053772
46.0,2,8,10,83500,10,1970,1,0,44.37858,26.113842,1.7146804176168906,0.2961624818362665
78.0,3,6,10,290000,74,2020,1,-1,44.47054,26.112661,1.1710323262677544,0.2758252126904561
51.0,2,4,10,107000,10,1983,1,0,44.39479,26.11591,0.5473314919811596,0.1584735379806558
59.0,3,3,10,139900,30,1969,1,-1,44.420185,26.041569,0.3664394555776896,0.1865362335886193
169.65,4,3,5,615000,47,2007,1,-1,44.48439,26.088245,1.1168829079289857,0.315290210638173
49.0,2,1,10,85000,10,1984,1,0,44.385994,26.138914,0.7657355544844602,0.0174879643810505
49.0,2,1,10,85000,10,1984,1,0,44.38567,26.138546,0.7216141603204066,0.0495721696680813
52.0,2,0,8,105000,40,1977,0,0,44.458775,26.05317,0.469738244528176,0.1157985464975007
29.0,1,3,7,93000,20,1945,0,0,44.434643,26.086094,0.3625171875166468,0.1327317475012845
35.5,1,3,3,90000,24,2012,0,0,44.49089,26.054153,1.393199289439668,0.3030702467015712
103.0,3,11,12,175000,40,2024,0,0,44.463524,26.038656,1.2473400880835226,0.1505897387043158
160.0,4,1,4,457000,24,2018,0,0,44.49442,26.0606,2.01651412991501,0.3174130789009586
82.0,3,2,2,84500,66,2017,0,1,44.400246,26.058441,2.8606972785159503,0.1968359128608653
33.0,1,0,4,79000,30,1973,0,2,44.419117,26.015375,0.2642929083101655,0.2193951885338247
87.0,3,1,3,180000,16,1990,0,0,44.4242,26.094105,0.7001592445552874,0.1047580039115879
64.0,2,8,11,190000,86,2021,1,2,44.504242,26.044392,1.470288157944946,0.0752346220569409
116.0,3,3,4,330000,25,2010,1,1,44.423325,26.133028,0.5484881562469897,0.377153353587588
48.5,2,11,11,133000,76,2023,1,0,44.410275,26.200748,0.5981409763337789,0.3970474645602845
66.0,3,1,2,154999,0,2012,0,0,44.47413,26.05182,0.3619958462624827,0.0951346710572113
144.5,4,7,10,545750,8,2026,0,0,44.52375,26.073936,4.532070258168254,0.1596798287150714
65.65,3,6,10,130000,30,1974,1,0,44.41511,26.023966,0.146036553479865,0.0881660866732439
39.0,1,8,8,98000,15,1991,0,1,44.43047,26.108458,0.6475550763756961,0.1353177179768276
52.0,2,2,8,170000,1,1987,0,0,44.423096,26.07233,1.059055684489157,0.0747113092793281
68.0,3,4,4,183500,5,1986,0,0,44.47992,26.100431,0.0854183545776258,0.0817243146516012
70.0,3,1,10,105000,58,1974,1,0,44.44282,26.166422,0.8464157461097986,0.0956540618852521
50.0,2,0,2,90000,16,1924,0,7,44.420208,26.095217,0.9647000694787472,0.1024346972113028
50.0,2,2,7,105000,79,2018,0,-1,44.41817,26.1606,0.5206606050493752,0.3647647089419271
80.0,4,4,4,180000,10,1977,0,3,44.38382,26.10587,1.653358096793922,0.3362973996725771
67.0,3,7,8,127000,21,1986,1,3,44.46536,26.1414,2.196516176291823,0.1638833440586452
56.0,3,4,7,125000,40,2018,0,-1,44.462357,26.043938,1.0915292178920888,0.1973720666323011
108.0,3,6,6,125000,11,2018,1,1,44.405632,25.981392,2.8384937429750305,0.2284653888211883
55.0,2,6,7,112000,52,1997,0,-1,44.4429,26.01849,1.00668173959304,0.1069379365573746
67.0,3,0,4,133000,10,1986,0,0,44.384476,26.13184,0.6114855603732351,0.227052040788523
87.0,3,0,3,194000,69,2023,0,1,44.405827,26.167883,0.779758218195033,0.3828978065743264
72.0,3,6,8,199000,78,1987,0,0,44.414192,26.113142,0.2775727216164941,0.0930703226026848
78.3,3,3,3,121365,76,2025,0,0,44.416878,26.1987,1.0797886440158984,0.6636580364265
53.74,2,0,3,83297,76,2025,0,0,44.416878,26.1987,1.0797886440158984,0.6636580364265
73.57,3,3,3,114034,76,2025,0,0,44.416878,26.1987,1.0797886440158984,0.6636580364265
78.14,3,3,3,121117,76,2025,0,0,44.416878,26.1987,1.0797886440158984,0.6636580364265
85.77,3,2,3,114694,76,2026,1,0,44.417545,26.2036,1.3257393982633086,0.9775390444545058
189.85,3,3,3,205752,76,2025,0,0,44.416943,26.198343,1.077406995153224,0.636617079881572
94.74,2,3,3,106992,76,2025,0,0,44.416943,26.198343,1.077406995153224,0.636617079881572
96.65,3,3,3,130000,76,2025,1,0,44.41277,26.191763,0.5897225215875054,0.5351192863168143
68.0,2,0,3,131500,76,2025,1,0,44.41277,26.191763,0.5897225215875054,0.5351192863168143
73.85,2,0,3,122500,76,2025,1,0,44.41277,26.191763,0.5897225215875054,0.5351192863168143
128.6,4,3,3,146000,76,2025,1,0,44.41277,26.191763,0.5897225215875054,0.5351192863168143
47.0,2,6,7,116900,0,1964,1,-1,44.4703,26.055159,0.3948917679882177,0.2500164871493833
49.36,2,3,4,79500,11,2014,1,0,44.40613,25.977224,2.884419884203282,0.1906737528398273
72.0,3,4,10,129000,52,2026,1,4,44.439354,25.978857,1.334607153477398,0.4817392068806131
94.0,4,3,8,215000,52,1994,1,3,44.436474,26.034657,0.2304411989227056,0.0296389068971627
45.0,2,6,6,89900,16,1960,0,-1,44.434692,26.087368,0.2854936277629921,0.0334628866382339
103.0,3,0,7,269000,-1,2018,0,-1,44.47991,26.06407,1.4704452227329567,0.1015703933461899
50.0,2,5,8,110000,58,2018,1,0,44.441845,26.133842,0.1160367461827293,0.1031921801563259
63.15,2,1,5,101500,48,2024,1,2,44.36867,26.114674,2.0446209719315624,0.0700709199088806
38.7,1,2,7,69600,48,2025,1,2,44.369125,26.121769,1.5883506717620073,0.1688926847677567
63.4,2,1,5,99918,3,2025,1,0,44.378757,26.14433,0.7180072257245517,0.5763440206355582
156.5,4,2,7,659450,35,2026,1,-1,44.467495,26.107292,1.4119513736488851,0.2560374823512353
48.9,1,9,14,230000,61,2025,1,0,44.476875,26.106829,0.5795096154222047,0.1287646050577811
118.5,3,5,12,326700,-1,2027,1,0,44.473362,26.141172,2.1107682686925697,0.1725915407553236
111.55,3,6,6,202000,3,2025,1,2,44.373066,26.129911,0.8453217461856254,0.0786820415273728
44.72,1,0,6,80000,48,2025,1,2,44.36867,26.114674,2.0446209719315624,0.0700709199088806
41.39,1,2,11,72433,3,2024,1,2,44.36876,26.129395,1.1346704961585403,0.2233316121300458
58.76,2,2,12,114950,50,2025,1,0,44.427998,26.208958,1.9208281763486807,0.1203500824943628
29.0,1,-1,9,48500,52,2019,0,1,44.43774,26.017382,0.514666956033878,0.2179837448345945
31.0,1,1,8,52499,52,2016,1,1,44.43827,25.986032,0.9315194241514596,0.1557598794920566
52.0,2,3,4,82490,52,2025,1,1,44.43774,26.017382,0.514666956033878,0.2179837448345945
33.0,1,3,3,93000,61,1980,0,-1,44.480064,26.104801,0.3736202705995703,0.0988882760840248
60.0,3,4,10,130000,30,1976,0,-1,44.418156,26.01874,0.2233575624132711,0.2108659487027775
106.0,3,1,2,200000,16,1927,0,1,44.432274,26.12668,0.933588725850496,0.0771122086615191
43.0,1,2,7,77000,10,2018,1,1,44.379726,26.109877,1.7705802098973673,0.1497787344464826
106.0,3,3,7,399000,47,2007,1,5,44.484756,26.088192,1.1421212288770637,0.3276477715551268
64.0,2,2,7,109000,48,2018,1,1,44.37396,26.113644,1.836779097885722,0.2249055479776194
78.0,3,0,7,129000,48,2018,1,1,44.37178,26.116018,1.7663767659066858,0.1088597259228171
83.0,3,1,7,137000,48,2018,1,1,44.37396,26.113644,1.836779097885722,0.2249055479776194
83.0,3,2,7,139000,48,2018,1,1,44.376106,26.11065,2.0025513096817584,0.1624283004336841
51.0,2,0,7,82000,10,2018,1,1,44.37712,26.110312,2.000964946786234,0.0465619082659987
35.0,1,6,7,60500,48,2018,1,1,44.376106,26.11065,2.0025513096817584,0.1624283004336841
55.0,2,0,7,89000,10,2018,1,1,44.377934,26.110178,1.9271413580438863,0.0458743121418237
84.0,3,5,7,134000,48,2018,1,1,44.371613,26.115242,1.8292698825340177,0.0626664540675622
60.0,2,3,7,96500,48,2018,1,1,44.37184,26.115305,1.8127551764505043,0.0883995862344866
37.0,1,0,5,103000,49,2015,1,5,44.435555,26.129902,0.6509155843672715,0.2772337833484287
178.0,4,2,3,690000,28,2018,0,0,44.453228,26.09395,0.7779896798424089,0.058885462626663
48.0,2,2,9,99500,10,1974,1,1,44.39612,26.118422,0.4683505056889358,0.2280938809704412
50.0,2,5,9,179000,2,2027,0,-1,44.47574,26.140404,1.9649256420165069,0.1036589933112848
63.84,3,7,8,136800,88,1984,1,0,44.41424,26.136116,0.7392098815087743,0.2695768635962597
44.0,2,9,10,119900,53,1968,1,-1,44.44457,26.127628,0.593168313825173,0.0883951295333858
50.0,2,6,7,100000,85,2018,0,-1,44.4412,26.1336,0.0484616432846356,0.0701094381342561
54.0,2,6,9,75000,18,2013,1,-1,44.442688,25.9811,1.5401574558434996,0.4730004746812162
51.0,2,5,5,73000,38,1937,1,1,44.44779,26.067852,0.2442486308290666,0.1780007896341704
53.0,2,4,10,94500,52,2026,1,4,44.43935,25.978853,1.334486894481262,0.482064340546304
112.0,4,2,7,395000,61,2017,1,0,44.475334,26.11131,0.7292834989693688,0.1322259278991611
52.0,2,3,7,158000,49,2011,1,-1,44.433533,26.127708,0.859559563300434,0.0245112717649172
55.0,2,6,10,174900,16,2022,1,0,44.431355,26.128775,0.7772081721669875,0.0812259049093306
83.8,3,3,5,410000,47,2023,1,-1,44.479523,26.090612,0.7669061008530232,0.1743108585226153
17.0,1,2,7,56000,16,1971,0,-1,44.42669,26.12512,1.2382199820335125,0.1505435026784408
139.0,3,0,5,590000,47,2007,1,-1,44.48145,26.087845,1.017702770128697,0.4447480246840061
77.1,3,2,2,119500,44,1928,0,-1,44.437485,26.068825,0.6073769303763519,0.0176830130512893
130.0,3,1,6,450000,47,2007,1,-1,44.482185,26.090387,0.8527743643763726,0.2456830697693173
118.0,3,4,5,650000,64,2005,1,-1,44.46873,26.089754,0.3896577836772775,0.4274090419982821
60.0,2,3,8,174900,54,2000,1,0,44.42347,26.113087,0.7550122078566727,0.1825005657062694
62.0,2,1,2,108000,54,1940,0,0,44.419296,26.116882,0.4028220419507893,0.1235145405079371
80.0,4,1,8,172999,66,1986,1,0,44.405056,26.065744,2.424235220530401,0.1887084548738396
68.0,3,4,4,105000,10,1978,0,-1,44.39175,26.116648,0.4681349496722358,0.373668094080237
64.0,2,4,4,124000,-1,1987,0,0,44.402367,26.121147,1.0400949135333837,0.1943823844394239
83.65,3,1,5,134000,48,2024,1,2,44.36867,26.114674,2.0446209719315624,0.0700709199088806
64.35,2,1,5,99472,3,2025,1,0,44.378757,26.14433,0.7180072257245517,0.5763440206355582
46.6,2,6,11,77900,48,2024,1,2,44.364525,26.12639,1.45776162391972,0.1421693564901568
88.8,3,3,12,287980,-1,2027,1,0,44.473362,26.141172,2.1107682686925697,0.1725915407553236
63.0,3,2,11,175000,76,2023,1,1,44.410736,26.199972,0.5727971957440011,0.4215675495736683
25.0,1,4,5,56900,88,1974,0,2,44.41478,26.1261,0.3172191651679918,0.3285487730135603
44.18,2,6,7,77200,42,1962,1,0,44.38595,26.091597,1.9876229800604948,0.0480125065180669
79.15,3,2,2,339500,77,2018,0,-1,44.41842,26.106155,0.4237192871704322,0.3161992256334511
107.0,3,8,16,330000,61,2011,1,0,44.47726,26.114796,0.4075038721950413,0.1932946353134254
53.0,2,4,4,122000,78,1984,0,-1,44.413498,26.111883,0.3733048029931619,0.1774742802745308
98.0,4,0,3,231715,76,2026,1,0,44.41738,26.203466,1.3045967726385288,0.9736781686146896
134.0,4,0,7,439000,8,2010,1,5,44.511833,26.103142,3.624991268204423,0.4005121255723568
82.0,3,3,7,319000,8,2010,1,5,44.511803,26.10201,3.6322627218054935,0.4271210586727764
94.0,4,2,10,149999,58,1976,1,0,44.442345,26.166782,0.787701772486874,0.0422515151814453
56.35,2,0,2,223500,77,2018,0,-1,44.41838,26.106232,0.4212096208329142,0.3233846368946496
61.6,2,6,7,78264,48,2025,1,0,44.36867,26.114674,2.0446209719315624,0.0700709199088806
55.2,2,6,7,73140,48,2025,1,0,44.36867,26.114674,2.0446209719315624,0.0700709199088806
45.0,1,0,6,69500,48,2026,1,2,44.36117,26.148914,0.9572599259209004,0.0054875205806583
51.0,2,4,7,78500,63,2026,1,2,44.36121,26.150517,1.0154895700575308,0.1254502270009269
43.0,2,4,6,119000,16,2026,1,-1,44.42763,26.11891,1.2943479841003298,0.175914377826612
55.0,2,3,8,99000,35,1965,1,3,44.453,26.101633,0.3265010676840895,0.0680207537620691
141.5,5,2,6,249000,59,1935,0,0,44.443962,26.096285,0.2275208352962998,0.1117033933067231
45.13,2,1,3,110000,88,2015,0,0,44.40502,26.146744,1.497690133663368,0.1449056825857893
79.0,4,3,4,112000,10,1969,0,0,44.376472,26.114176,1.7197944732573187,0.0967384360685212
38.0,2,4,10,83000,30,1973,1,-1,44.413185,26.025036,0.3736448169032277,0.0099509797684472
52.0,2,2,5,180000,8,2008,0,0,44.49126,26.093018,1.4630360274696548,0.4319105202506452
47.0,2,6,10,185000,5,2022,0,0,44.48322,26.1017,0.4654771387687466,0.2705384816861353
55.0,2,2,7,230000,15,2025,0,0,44.430023,26.109615,0.7165709898103987,0.1928360572223842
60.5,2,2,7,260000,15,2025,0,0,44.430023,26.109615,0.7165709898103987,0.1928360572223842
85.0,3,0,2,299000,8,2025,0,0,44.49055,26.095415,1.3235562034609645,0.4823182394137039
44.11,2,0,3,108900,76,2026,1,0,44.41738,26.203466,1.3045967726385288,0.9736781686146896
37.18,2,10,10,67500,10,1974,1,0,44.379597,26.099127,2.270054783745417,0.0040156200456066
85.0,3,2,3,245000,8,2025,0,0,44.490005,26.094404,1.2923366691420457,0.4115137175032007
57.0,2,1,7,179000,71,1960,0,0,44.45275,26.110022,0.3402940368212828,0.1495151942288954
66.0,4,6,7,184000,20,1961,0,0,44.436466,26.101744,0.105752070215587,0.004417463480473
75.0,3,7,8,229000,59,1980,0,0,44.445328,26.09807,0.064123453609701,0.0403118815840548
93.0,3,1,2,195000,53,1939,0,0,44.44124,26.117712,1.0920034903336024,0.116909657343379
121.0,4,9,10,439000,74,2021,0,0,44.470158,26.112265,1.2205353695302823,0.2274334112272533
45.0,1,2,7,69500,63,2026,1,2,44.361294,26.151503,1.052038068205993,0.2040181559362163
51.0,2,2,7,78500,63,2026,1,2,44.359924,26.153131,1.2515110366926647,0.2294786541723715
75.5,3,6,6,329000,88,2008,0,0,44.416832,26.115664,0.1830271697144636,0.1517283473354333
30.0,1,1,10,49900,42,1970,1,3,44.390648,26.092884,1.5605764370160902,0.0733463023948878
45.0,2,6,9,124900,20,1960,0,0,44.439995,26.09958,0.5247919163180406,0.0748195152439496
18.2,1,2,6,79000,16,1960,0,0,44.43094,26.093933,0.3840459028110323,0.2170271078376163
50.0,2,0,9,158500,44,2019,1,1,44.442383,26.061232,0.0716225062898756,0.0704260878197714
67.0,3,3,4,125000,81,1976,1,0,44.408714,26.17071,0.4175036070354598,0.3109720788134026
54.0,2,2,11,120000,76,2016,1,0,44.412834,26.196547,0.5988525503343528,0.6470845747524979
62.0,4,9,10,129000,74,1979,0,-1,44.46328,26.11822,1.5312674786704354,0.1845231069986219
55.0,2,0,7,135000,84,1988,1,-1,44.403187,26.12094,1.0642169073713763,0.1041532524247892
60.68,3,5,5,142000,79,1983,0,0,44.414295,26.147305,0.9958118887945954,0.2903011064586681
75.0,3,1,9,95000,52,1966,1,1,44.438393,26.015116,0.6891907256479924,0.0265409904486167
56.2,2,4,8,109900,39,2021,1,3,44.41006,26.004793,1.4127203095854275,0.13729186667929
51.0,2,3,7,95000,0,2018,0,-1,44.470795,26.050678,0.0422378756432837,0.0030661111272882
60.0,2,7,8,197000,54,2001,1,2,44.4201,26.112782,0.3828025002799117,0.0391761306063777
57.0,2,5,6,71000,20,2018,0,-1,44.436142,26.102684,0.0318356974740161,0.0786614073336896
45.0,2,3,7,89500,10,2026,1,1,44.38676,26.116875,0.8116367202193068,0.1547552464180386
59.0,2,4,7,114400,10,2026,1,1,44.38676,26.116875,0.8116367202193068,0.1547552464180386
16.0,1,2,4,33500,56,1976,0,0,44.408325,26.176704,0.2329065258323388,0.2142900260439732
65.0,2,1,7,98000,3,2026,1,0,44.374363,26.138231,0.6240826070824775,0.137869174238687
45.0,1,1,7,69500,3,2026,1,0,44.374363,26.138231,0.6240826070824775,0.137869174238687
61.0,2,3,7,92500,3,2026,1,0,44.374363,26.138231,0.6240826070824775,0.137869174238687
67.0,2,11,24,122000,31,2009,0,-1,44.451733,26.144764,1.5151912751104772,0.1443345780943105
74.0,2,1,16,190000,61,2010,1,2,44.478218,26.115856,0.2809466268972199,0.1049015145056202
59.0,2,4,7,107000,48,2023,1,0,44.371014,26.112244,2.070758708467378,0.226272285111656
72.0,3,8,8,220000,32,1979,0,-1,44.44119,26.104578,0.6094052821895347,0.0537457909430084
63.0,3,2,7,175000,79,2018,0,-1,44.41817,26.1606,0.5206606050493752,0.3647647089419271
50.0,2,2,5,215000,8,2023,1,1,44.48981,26.089779,1.4471094511394884,0.3329102785156649
28.0,1,7,10,68500,79,1974,1,0,44.42613,26.167427,0.3959013457113522,0.2535137660924732
99.0,4,3,4,115000,8,2012,0,-1,44.52354,26.04655,2.8652533194486263,0.5099349682411891
120.0,4,10,12,355000,61,2026,1,0,44.48254,26.111671,0.4440552080994448,0.2224187037714806
75.87,4,7,10,136500,10,1982,1,0,44.383595,26.102224,1.7692178465023656,0.1296126416195012
100.0,4,3,10,350000,38,1994,1,-1,44.45153,26.082771,0.131304781762013,0.1311767817201422
44.0,2,1,6,78529,3,2026,1,1,44.374363,26.138231,0.6240826070824775,0.137869174238687
40.0,1,1,6,69938,10,2026,1,0,44.38676,26.116875,0.8116367202193068,0.1547552464180386
54.0,2,2,6,95300,3,2025,1,1,44.3761,26.138962,0.4817160691963676,0.0977007653867181
55.0,2,1,6,98000,3,2026,1,0,44.374363,26.138231,0.6240826070824775,0.137869174238687
51.0,2,2,7,78500,3,2026,1,0,44.3761,26.138962,0.4817160691963676,0.0977007653867181
48.0,2,7,7,115000,27,1963,1,-1,44.46812,26.060648,0.8013287765598378,0.0991317536544444
53.0,2,0,5,99000,48,2018,1,0,44.370964,26.125044,1.2624129502167825,0.1638331338357875
65.3,3,3,11,195000,3,2020,1,2,44.371494,26.139944,0.4118288309551267,0.0806524684199666
70.01,4,1,3,278000,88,2013,0,0,44.407993,26.13511,0.7665517978807084,0.242282246821021
52.0,2,1,7,73500,76,2018,1,-1,44.420887,26.197514,1.4869185677914944,0.3753034349455305
75.0,3,6,8,244000,54,1995,1,0,44.42107,26.113499,0.4879213919072923,0.1582532789492802
65.7,3,0,10,129500,74,1978,0,-1,44.464333,26.129967,1.667419791985655,0.1351575159614209
52.0,2,2,7,73550,76,2018,0,-1,44.421688,26.197638,1.5763042038057564,0.3337146029969142
40.0,1,0,7,125000,16,1991,0,-1,44.42767,26.129696,0.8765323414938585,0.1108261779494311
115.0,4,2,8,336900,83,1988,1,2,44.42483,26.083338,1.0423788093380513,0.0668027962156651
70.5,2,0,3,105800,76,2026,1,0,44.416985,26.198282,1.0803479633607964,0.6299341483797296
70.8,2,1,3,106200,76,2025,1,0,44.416985,26.198282,1.0803479633607964,0.6299341483797296
103.85,2,0,3,111400,76,2026,1,0,44.416985,26.198282,1.0803479633607964,0.6299341483797296
49.7,2,2,2,92999,40,2024,0,2,44.46319,26.039103,1.2470806649488908,0.1775121839802802
88.35,3,0,3,132600,76,2026,1,0,44.416985,26.198282,1.0803479633607964,0.6299341483797296
74.49,3,0,3,115460,76,2026,0,0,44.41547,26.1975,0.9009863860360257,0.7035602604815752
73.53,3,0,3,113972,76,2026,0,0,44.41547,26.1975,0.9009863860360257,0.7035602604815752
68.17,3,2,3,105664,76,2026,0,0,44.41547,26.1975,0.9009863860360257,0.7035602604815752
57.89,2,2,3,89730,76,2026,0,0,44.41547,26.1975,0.9009863860360257,0.7035602604815752
53.93,2,0,3,83592,76,2026,0,0,44.41547,26.1975,0.9009863860360257,0.7035602604815752
66.0,3,8,8,136000,12,2021,1,2,44.420975,25.984432,1.1388844312242192,0.1847894666501419
79.0,3,3,8,279000,29,2019,1,5,44.423386,26.142212,0.3447187856691578,0.2617723094396935
83.63,3,1,3,117082,76,2026,1,0,44.41913,26.199776,1.344353769283522,0.6365893647370197
63.19,2,1,3,88466,76,2026,1,0,44.41913,26.199776,1.344353769283522,0.6365893647370197
62.31,2,0,3,87234,76,2026,1,0,44.41913,26.199776,1.344353769283522,0.6365893647370197
56.17,2,2,3,78638,76,2026,1,0,44.41913,26.199776,1.344353769283522,0.6365893647370197
56.13,2,1,3,78582,76,2026,1,0,44.41913,26.199776,1.344353769283522,0.6365893647370197
54.81,2,0,3,76734,76,2026,1,0,44.41913,26.199776,1.344353769283522,0.6365893647370197
74.0,3,6,8,244000,54,1995,1,0,44.42151,26.113604,0.5370623026958424,0.1540061101714617
262.16,4,0,3,209500,76,2026,1,0,44.416576,26.20275,1.1987334819060418,0.9568738495677104
195.77,4,0,3,191500,76,2026,1,0,44.416576,26.20275,1.1987334819060418,0.9568738495677104
126.48,4,1,3,163500,76,2026,1,0,44.416576,26.20275,1.1987334819060418,0.9568738495677104
118.7,4,1,3,156500,76,2026,1,0,44.416576,26.20275,1.1987334819060418,0.9568738495677104
150.27,3,0,3,148500,76,2026,1,0,44.416576,26.20275,1.1987334819060418,0.9568738495677104
102.98,3,1,3,136500,76,2026,1,0,44.416576,26.20275,1.1987334819060418,0.9568738495677104
94.33,3,0,3,130500,76,2026,1,0,44.416576,26.20275,1.1987334819060418,0.9568738495677104
96.96,3,1,3,128500,76,2026,1,0,44.416576,26.20275,1.1987334819060418,0.9568738495677104
88.96,3,1,3,119500,76,2026,1,0,44.416576,26.20275,1.1987334819060418,0.9568738495677104
121.28,2,0,3,116500,76,2026,1,0,44.416576,26.20275,1.1987334819060418,0.9568738495677104
128.07,2,0,3,114500,76,2026,1,0,44.416576,26.20275,1.1987334819060418,0.9568738495677104
80.0,3,1,4,235000,16,1999,0,-1,44.431664,26.126907,0.9198324462451298,0.124523755391879
117.18,2,0,3,109500,76,2026,1,0,44.416576,26.20275,1.1987334819060418,0.9568738495677104
134.0,4,1,8,349990,88,2012,1,5,44.41123,26.126055,0.1368503553994006,0.1869597518140868
71.55,2,0,3,96500,76,2026,1,0,44.416576,26.20275,1.1987334819060418,0.9568738495677104
84.0,3,3,5,430000,47,2020,0,0,44.481407,26.089636,0.8794742307849618,0.3265780280762733
57.0,3,8,8,95000,-1,1997,0,-1,44.45961,26.14911,2.256722514714103,0.4626561035745453
51.3,2,3,3,89900,57,1961,0,0,44.481,26.047016,0.5208550092052231,0.1899358666061958
59.0,2,1,3,119999,8,2019,0,1,44.52639,26.059858,3.8104689030687022,0.6371670034866946
36.5,1,1,2,124000,32,1950,0,1,44.442062,26.108622,0.8310807863650678,0.0981182131498463
68.0,3,6,10,170000,78,1978,1,-1,44.41295,26.10645,0.2459573207658736,0.0983713723541009
69.32,2,0,3,94500,76,2026,1,0,44.416576,26.20275,1.1987334819060418,0.9568738495677104
66.67,2,1,3,90500,76,2026,1,0,44.416576,26.20275,1.1987334819060418,0.9568738495677104
63.51,2,5,11,120400,79,2026,1,1,44.421543,26.18263,1.378200894108036,0.1073829179800513
61.93,2,3,11,116200,79,2026,1,1,44.421543,26.18263,1.378200894108036,0.1073829179800513
58.93,2,9,11,112000,79,2026,1,1,44.421543,26.18263,1.378200894108036,0.1073829179800513
56.47,2,1,11,107300,79,2026,1,1,44.421543,26.18263,1.378200894108036,0.1073829179800513
115.0,3,4,6,445000,47,2005,0,0,44.485744,26.091158,1.0285004109855524,0.2114938427263579
45.18,2,9,11,105900,79,2026,1,1,44.421543,26.18263,1.378200894108036,0.1073829179800513
56.01,2,1,11,103300,79,2026,1,1,44.421543,26.18263,1.378200894108036,0.1073829179800513
21.0,1,0,4,45000,-1,1980,0,3,44.43889,26.152056,1.2948615502801994,0.1402569530018613
54.11,2,0,11,100200,79,2026,1,1,44.421543,26.18263,1.378200894108036,0.1073829179800513
52.29,1,2,11,98800,79,2026,1,1,44.421543,26.18263,1.378200894108036,0.1073829179800513
45.76,1,2,11,86800,79,2026,1,1,44.421543,26.18263,1.378200894108036,0.1073829179800513
39.77,1,4,11,74700,79,2026,1,1,44.421543,26.18263,1.378200894108036,0.1073829179800513
35.69,1,0,11,67200,79,2026,1,1,44.421543,26.18263,1.378200894108036,0.1073829179800513
55.0,2,0,7,170000,16,1965,0,0,44.42213,26.103848,0.7055556760131998,0.1554529620605805
90.11,3,1,5,119835,76,2027,1,4,44.42152,26.200914,1.625035240857184,0.5825643851069804
33.67,1,8,11,64000,79,2026,1,1,44.421543,26.18263,1.378200894108036,0.1073829179800513
237.45,3,0,11,244900,76,2026,1,0,44.415802,26.1977,0.9409731135128628,0.6855893229171097
33.0,1,4,11,129000,52,2022,1,-1,44.431484,26.032028,0.3624639314794292,0.3040810024392854
48.0,2,3,8,123000,52,1980,1,-1,44.437195,26.025904,0.5007099985771101,0.2199373207157897
99.15,4,1,11,151000,76,2026,1,0,44.415802,26.1977,0.9409731135128628,0.6855893229171097
123.8,3,10,11,147200,76,2026,1,0,44.415802,26.1977,0.9409731135128628,0.6855893229171097
96.3,3,6,11,146900,76,2026,1,0,44.415802,26.1977,0.9409731135128628,0.6855893229171097
110.45,3,0,11,142100,76,2026,1,0,44.415802,26.1977,0.9409731135128628,0.6855893229171097
48.0,2,1,6,120000,48,2022,1,1,44.36354,26.11664,2.230199502720601,0.0827826687706323
107.65,3,0,11,138400,76,2026,1,0,44.415802,26.1977,0.9409731135128628,0.6855893229171097
81.35,3,11,11,125100,76,2026,1,0,44.415802,26.1977,0.9409731135128628,0.6855893229171097
80.95,2,0,11,105100,76,2026,1,0,44.415802,26.1977,0.9409731135128628,0.6855893229171097
51.35,2,1,11,81600,76,2026,1,0,44.415802,26.1977,0.9409731135128628,0.6855893229171097
115.05,3,4,4,145900,76,2026,1,0,44.411736,26.206163,0.703027087546156,0.6389313045374114
41.0,1,5,10,144990,89,2022,1,1,44.487244,26.116558,0.7294592571661833,0.0909901881696794
126.28,4,10,10,360000,58,2025,0,0,44.43752,26.164078,0.4833207848576827,0.1673634660488345
92.0,3,1,4,133900,76,2026,1,0,44.411736,26.206163,0.703027087546156,0.6389313045374114
171.2,2,0,4,125350,76,2026,1,0,44.411736,26.206163,0.703027087546156,0.6389313045374114
49.0,2,1,2,92000,20,1940,0,1,44.43749,26.083576,0.6879437329995312,0.1089103731239471
110.55,2,0,4,115450,76,2026,1,0,44.411736,26.206163,0.703027087546156,0.6389313045374114
81.9,2,4,4,100900,76,2026,1,0,44.411736,26.206163,0.703027087546156,0.6389313045374114
60.9,2,1,4,88900,76,2026,1,0,44.411736,26.206163,0.703027087546156,0.6389313045374114
57.8,2,0,4,87900,76,2026,1,0,44.411736,26.206163,0.703027087546156,0.6389313045374114
57.5,2,4,4,83900,76,2026,1,0,44.411736,26.206163,0.703027087546156,0.6389313045374114
57.5,2,3,3,235000,8,2023,1,1,44.489838,26.08979,1.4491574911082248,0.3305583222449638
74.0,2,3,16,228000,61,2010,1,1,44.47833,26.11618,0.2641443739144937,0.0883551089923947
107.0,3,2,7,395000,61,2016,1,1,44.475,26.11303,0.6934763804925873,0.2167473047602837
90.0,3,2,7,115500,52,2026,0,3,44.44056,25.97481,1.6554508792185008,0.5644106605277096
37.67,2,4,7,124900,17,1958,0,0,44.43044,26.103325,0.3163443996071865,0.1635766963519789
64.0,3,4,4,105000,10,1978,0,0,44.39028,26.116114,0.573793881353126,0.2232817812977473
49.4,2,2,9,195000,61,2018,0,0,44.47514,26.114855,0.6322929006450162,0.3130505165981275
75.0,3,8,9,220000,32,1979,1,0,44.43929,26.105032,0.4211287617620534,0.2332905892188471
45.0,1,6,7,85000,67,2015,1,1,44.443005,26.00479,1.0053753055871806,0.1903356149192019
40.8,2,2,7,76033,76,2026,1,4,44.412224,26.203299,0.8391612998772102,0.6873703326252872
49.1,2,2,4,99700,30,1962,0,1,44.42709,26.053364,0.3047169129258616,0.184313385867386
56.0,2,9,10,115000,58,1984,1,0,44.44358,26.163609,1.0095731915583626,0.1008795052016538
51.94,2,1,7,102479,76,2026,1,4,44.412224,26.203299,0.8391612998772102,0.6873703326252872
64.0,2,3,7,81000,52,2026,0,-1,44.440254,25.976011,1.5630533678589238,0.5253716590661895
42.8,2,1,4,71499,37,2027,1,4,44.46111,26.160759,2.92758636528394,0.1729268801378037
50.0,2,3,10,109900,79,1977,1,1,44.423428,26.168407,0.4872943684005991,0.2232845199401329
36.26,1,1,4,89000,52,1990,0,-1,44.441776,26.033607,0.8068572975774846,0.2279841219900602
146.89,5,0,3,308000,13,2012,0,-1,44.493874,26.033909,0.1836557350792023,0.2206449687987552
64.0,3,4,4,105000,10,1978,0,0,44.390236,26.115889,0.5916503354461796,0.2259172590475353
50.0,2,0,7,63000,52,2026,0,-1,44.440742,25.978415,1.475108280227745,0.5370772193805393
49.8,2,2,3,69421,33,2026,0,-1,44.389656,26.080414,2.073214439713289,0.0364191017036868
49.1,2,2,4,99700,30,1962,0,1,44.426952,26.053507,0.2892492412731202,0.1688268460826269
63.0,3,0,2,219000,87,1940,0,1,44.446743,26.085165,0.584391891595066,0.0538494632387337
56.0,2,9,20,330000,74,2023,0,-1,44.4694,26.110224,1.342551330926454,0.0448639965473912
72.0,3,0,7,130000,30,2018,0,-1,44.4205,26.01341,0.0691698578336644,0.0851514207671195
46.2,1,2,6,64170,48,2026,1,0,44.36849,26.112535,2.194933276791746,0.149975688985647
71.0,3,1,10,124000,66,1978,1,2,44.40893,26.071274,2.044917630324796,0.1957002203035573
72.0,2,1,3,115000,48,2019,0,0,44.367897,26.11883,1.84904462820686,0.0971475202295492
80.0,3,10,20,437000,35,2022,1,0,44.466553,26.108778,1.550303055649347,0.2461083022129472
57.0,2,1,3,103000,37,2022,1,0,44.461113,26.160767,2.92776020847266,0.173233302598656
50.0,2,2,10,91500,52,2026,0,4,44.439354,25.978853,1.334818638957891,0.4820567319823611
46.0,1,2,6,69000,48,2026,1,0,44.368088,26.114336,2.104984297055474,0.0
68.0,2,5,6,110000,48,2025,1,0,44.37421,26.126518,0.9235505702272176,0.3216431031150277
32.5,1,2,3,78000,69,2025,1,-1,44.406315,26.165316,0.8602911867617148,0.1985396675373703
51.0,2,3,8,155500,53,1983,1,-1,44.440918,26.11715,1.1446964818319048,0.0635014752699389
44.27,2,1,1,94999,88,1932,0,1,44.420086,26.126642,0.8936392243731401,0.074894581940704
48.35,2,4,4,129500,86,2013,1,-1,44.504032,26.050331,1.80975268881156,0.0895791536120474
195.0,3,0,1,158000,49,1931,0,1,44.43322,26.127981,0.8339722724005931,0.0655082383819441
85.0,3,3,4,156900,53,1942,1,-1,44.441875,26.120436,0.942210168770732,0.121388951338486
20.0,1,1,10,41000,79,1970,1,3,44.417423,26.17576,0.7990652231527999,0.1032884873047148
47.0,2,4,10,105270,76,2025,0,2,44.411324,26.199188,0.5672960756457365,0.4728901719583798
54.0,2,1,7,204499,83,2016,1,0,44.423607,26.078196,1.283535491296642,0.1893241498096645
58.0,2,5,8,178999,28,1982,1,-1,44.45299,26.10094,0.381306678618266,0.0455585304824882
46.0,3,6,10,96890,30,1973,1,0,44.42202,26.025131,0.1470942214749234,0.1483350738087149
125.64,4,1,3,199768,76,2025,1,0,44.41555,26.202984,1.1187557009119204,1.0058359515727135
82.81,3,3,3,131668,76,2025,1,0,44.41555,26.202984,1.1187557009119204,1.0058359515727135
66.87,2,0,3,106323,76,2025,1,0,44.41555,26.202984,1.1187557009119204,1.0058359515727135
67.95,2,0,3,108041,76,2025,1,0,44.41555,26.202984,1.1187557009119204,1.0058359515727135
62.38,2,0,3,97332,76,2025,1,0,44.419323,26.199732,1.3634449804270514,0.6223936229276692
98.4,3,1,3,133980,76,2026,1,0,44.413303,26.20576,0.879778467944639,0.8098785489201394
70.4,2,1,3,96810,76,2026,1,0,44.413303,26.20576,0.879778467944639,0.8098785489201394
64.15,2,2,3,89810,76,2025,1,0,44.41987,26.199938,1.4262785239655476,0.5965319964166643
62.95,2,1,3,102000,76,2026,1,0,44.41941,26.195524,1.302731175824014,0.303843846196241
75.0,3,8,10,202799,38,1976,1,0,44.45259,26.07373,0.5335215337081095,0.0263080387159695
80.0,3,11,20,510000,35,2024,1,0,44.466553,26.108778,1.550303055649347,0.2461083022129472
51.15,1,3,3,71000,39,2008,0,1,44.40716,25.999886,1.894048004520241,0.3072025107409723
34.0,1,3,4,92999,8,2022,0,1,44.49081,26.096865,1.323093964672074,0.5452052652570234
59.0,2,11,20,337000,35,2022,1,0,44.466553,26.108778,1.550303055649347,0.2461083022129472
123.0,4,3,20,591000,35,2023,1,0,44.466553,26.108778,1.550303055649347,0.2461083022129472
51.0,2,3,7,78500,63,2026,1,2,44.36108,26.150517,1.0277212492023864,0.1263567947050525
45.0,1,1,7,69500,63,2026,1,2,44.359787,26.152557,1.2371009421299783,0.1881680040892143
67.0,3,6,7,93000,52,2018,1,1,44.434658,26.012163,0.7167348505461945,0.0423189746404194
57.0,2,0,8,122000,79,2018,1,1,44.432507,26.157022,0.9463893997082322,0.3179166762254756
75.0,3,4,4,180000,21,2025,1,0,44.466423,26.150295,2.771103783215344,0.1675187289398511
42.0,2,2,10,76230,52,2026,1,0,44.44119,25.97707,1.5816734914601052,0.6373717270419234
103.5,3,2,5,162726,3,2025,1,2,44.378757,26.14433,0.7180072257245517,0.5763440206355582
87.4,3,10,14,412000,61,2025,1,0,44.476875,26.106829,0.5795096154222047,0.1287646050577811
63.1,2,8,12,264990,-1,2027,1,0,44.473362,26.141172,2.1107682686925697,0.1725915407553236
84.7,2,1,6,148400,3,2025,1,2,44.373066,26.129911,0.8453217461856254,0.0786820415273728
64.08,2,1,6,109000,48,2025,1,2,44.36867,26.114674,2.0446209719315624,0.0700709199088806
40.61,1,0,12,75150,3,2025,1,2,44.36876,26.129395,1.1346704961585403,0.2233316121300458
83.0,3,2,11,300000,61,2026,0,-1,44.481995,26.109053,0.6183150050098823,0.1399849954184344
37.0,2,0,10,101900,52,1976,1,2,44.436153,26.03784,0.3762212573673397,0.2393445039012312
50.0,3,0,10,80000,69,1975,0,-1,44.40904,26.164667,0.5627956215760195,0.1244290982732919
46.0,2,0,4,92800,30,1964,0,3,44.424778,26.034645,0.3213169054132829,0.2719593696549674
50.0,2,1,10,241879,61,2025,1,0,44.475685,26.113947,0.5951433607814889,0.2204140671104588
44.0,2,2,2,144900,43,1950,0,-1,44.466225,26.05749,0.5656873261132535,0.2729751408282338
140.0,4,8,10,677600,74,2020,1,0,44.469852,26.11067,1.2938814829523275,0.1031758541034693
87.7,3,3,4,230000,-1,2021,1,1,44.497166,26.003107,1.8345261157942527,0.9833953440215464
79.4,3,1,5,134000,48,2025,1,0,44.36773,26.114256,2.134405782907612,0.0403125087044948
73.6,2,4,6,137000,76,2022,1,5,44.414974,26.196678,0.830098230792698,0.710958851228106
48.0,2,2,10,155000,88,2018,1,-1,44.41219,26.1302,0.2290263813558186,0.1735827631975083
66.0,2,1,7,129000,58,2015,1,-1,44.44836,26.17146,1.4351778337258152,0.4490877727053221
42.0,1,5,7,95000,50,2018,1,-1,44.43761,26.191,0.3561682898368521,0.253747108458575
115.0,4,2,4,230000,16,1939,0,-1,44.42227,26.102823,0.6684917030150574,0.1890288470167798
120.0,5,1,2,259000,53,1948,0,1,44.443897,26.124823,0.6731561582996027,0.2890873942981261
66.0,2,1,7,76900,11,2024,0,1,44.391365,26.024559,2.76203381290938,0.1597069152484549
54.0,2,7,7,139500,76,2018,1,-1,44.41057,26.198984,0.499178179240225,0.3877288479440327
84.0,3,6,8,247000,54,1995,0,3,44.42137,26.11384,0.522511323283827,0.1776563541091281
135.0,3,0,10,297660,74,2020,1,0,44.469856,26.110804,1.2896203477597414,0.1114788111831244
62.0,2,1,3,84500,76,2026,1,6,44.416576,26.20275,1.1987334819060418,0.9568738495677104
54.0,2,3,3,67000,11,2023,0,-1,44.40538,25.990873,2.511763425729296,0.5144045945110062
83.0,4,3,4,287000,5,1984,0,2,44.480324,26.097528,0.2527373143970534,0.1774090361119956
51.0,2,0,10,110000,29,1967,0,0,44.419273,26.147123,0.6610851759075884,0.1840051730972183
80.0,4,1,4,128500,10,1975,0,1,44.387455,26.109966,1.1544799341114371,0.0386898137213155
62.0,1,6,6,87000,52,2023,1,1,44.43999,25.989246,1.0683746122960491,0.348815380922871
58.0,2,6,7,93000,52,2023,1,1,44.437233,25.989246,0.762576168417208,0.2131086016096003
46.0,2,2,8,144900,10,1964,1,0,44.39677,26.116383,0.6195772243639507,0.1177916419981685
79.9,3,0,4,181999,88,1989,1,0,44.417,26.124224,0.6014912009544195,0.3619610939033045
55.66,2,11,11,169999,52,2018,1,1,44.433586,26.04092,0.5833772198851058,0.1399012663797968
45.0,1,2,7,69500,63,2026,1,2,44.361835,26.151054,0.9824482221328352,0.1816809641616533
51.0,2,2,7,78500,48,2026,1,2,44.36155,26.149559,0.9437727648480116,0.0617147025065426
33.0,1,7,9,132000,16,1992,1,-1,44.42702,26.129889,0.9110065934463032,0.0369532725931807
54.0,2,5,10,115000,58,1976,1,0,44.442493,26.142643,0.7764253139382425,0.0814402989303398
55.0,2,3,4,50000,48,2025,0,-1,44.34278,26.162798,0.6444602866270694,0.6354755084886767
56.84,3,0,4,151250,79,1967,0,0,44.414776,26.156483,0.4125182800575691,0.1208687367222299
84.5,3,4,5,295000,54,2014,1,0,44.417213,26.11881,0.4361390506704395,0.3715160914899635
84.61,3,7,8,200000,10,2002,1,2,44.38891,26.136124,1.038062842305025,0.2929732154936873
47.11,2,1,8,85000,10,1984,0,-1,44.3956,26.117296,0.4949498499948854,0.1758291939317013
46.91,2,1,9,172000,61,2026,1,0,44.482372,26.1087,0.6563006333796101,0.0897533686435017
66.2,2,6,11,95900,48,2024,1,2,44.364525,26.12639,1.45776162391972,0.1421693564901568
88.8,3,3,12,286770,-1,2027,1,0,44.473362,26.141172,2.1107682686925697,0.1725915407553236
80.0,2,11,21,220000,84,2010,1,0,44.408215,26.123589,0.5206713483790951,0.1219173139083094
50.9,2,4,5,73500,48,2025,1,2,44.36867,26.114674,2.0446209719315624,0.0700709199088806
54.95,1,1,6,105500,3,2025,1,2,44.373066,26.129911,0.8453217461856254,0.0786820415273728
52.0,2,1,9,172000,61,2026,0,1,44.481754,26.107742,0.6595586079348891,0.1521513578159492
77.61,2,2,5,255000,8,2009,1,0,44.513493,26.103113,3.802390954493279,0.2208234595151235
87.0,4,8,8,125000,66,1982,1,-1,44.406586,26.067719,2.278575044900963,0.258866019156355
45.0,2,3,6,76670,48,2026,1,-1,44.3609,26.149347,0.999439746624669,0.047819532109042
74.0,3,5,8,124900,66,1986,1,0,44.412872,26.065197,1.6199388322273287,0.3526305252499945
31.0,1,2,9,49000,10,1966,1,0,44.37884,26.119867,1.2349832092499191,0.1270804067808346
50.06,2,4,4,155000,5,1987,0,0,44.48326,26.099188,0.4637277412271074,0.071211349080849
26.0,1,10,10,79999,43,1986,1,3,44.45571,26.0637,0.7262057207781342,0.1498730504682235
65.0,3,5,10,174900,78,1976,1,0,44.41316,26.10627,0.2186382581725603,0.0782980133289333
44.0,2,2,7,120000,59,1959,1,-1,44.44663,26.09723,0.0977908789737871,0.0420808307199251
49.41,2,3,11,176800,44,2016,1,-1,44.442608,26.066338,0.4651299472205571,0.2270026463096491
128.0,4,0,7,750000,87,2018,0,-1,44.4485,26.0892,0.5467562974120559,0.0344961728967625
30.0,1,5,10,59000,69,1975,0,-1,44.41254,26.163855,0.225461815775518,0.06851059367472
52.0,2,2,7,85124,76,2026,1,-1,44.41991,26.19996,1.4310526604124931,0.5953032813802541
84.0,3,5,10,225888,78,1991,1,-1,44.40969,26.116983,0.8288782353665247,0.0564907799827547
72.0,3,4,7,270000,15,1991,1,6,44.43173,26.110983,0.7975197414979281,0.0861393654118171
49.0,2,3,4,179000,5,1986,0,-1,44.482273,26.101221,0.3542530533909795,0.2128060057513777
41.0,1,4,4,130000,5,1988,1,1,44.482006,26.092823,0.6698306967199796,0.2261244218105206
60.0,2,9,9,185000,8,2023,1,0,44.530544,26.103144,5.646341908348899,1.0695359360535837
100.0,3,0,4,225000,23,2025,0,-1,44.45474,26.046516,0.3364798944792231,0.230220212116745
82.0,3,3,4,330000,88,2024,1,1,44.414455,26.123632,0.3957095722745086,0.4315807095113596
47.23,2,1,11,193000,61,2025,1,-1,44.4817,26.109241,0.596762559648794,0.1758923868173803
64.0,2,2,10,81000,52,2026,0,3,44.440807,25.979101,1.447399281236908,0.4871320213302844
70.0,2,1,4,155000,23,2025,0,-1,44.454655,26.046452,0.3289509114738679,0.2258473516271295
97.0,3,1,4,309900,8,2009,1,3,44.513294,26.102133,3.798307171997862,0.2734583303541708
40.0,2,2,7,125900,79,2025,1,-1,44.410423,26.147766,1.1341067645871488,0.0916714441369214
50.0,2,1,4,185000,5,1986,0,-1,44.483086,26.09683,0.5145344630995883,0.1179776127216308
31.0,1,8,10,52000,21,1970,1,-1,44.455563,26.129608,0.7629415513444329,0.0693215362689509
95.96,3,1,3,128099,76,2026,1,0,44.415024,26.202993,1.074446615064015,0.951726942691038
36.52,2,1,10,74000,76,2026,1,0,44.41547,26.1975,0.9009863860360257,0.7035602604815752
116.0,4,2,4,230000,16,1939,1,1,44.42227,26.102823,0.6684917030150574,0.1890288470167798
95.06,3,1,3,127270,76,2026,1,0,44.415024,26.202993,1.074446615064015,0.951726942691038
93.69,3,1,3,125620,76,2026,1,0,44.415024,26.202993,1.074446615064015,0.951726942691038
92.25,3,1,3,125620,76,2026,1,0,44.415024,26.202993,1.074446615064015,0.951726942691038
50.0,2,7,10,104000,12,2022,1,0,44.421005,25.98186,1.23044718996198,0.1611987179714507
104.03,2,0,3,117769,76,2026,1,0,44.415024,26.202993,1.074446615064015,0.951726942691038
75.85,3,1,3,115700,76,2026,1,0,44.415024,26.202993,1.074446615064015,0.951726942691038
85.65,2,0,3,101240,76,2026,1,0,44.415024,26.202993,1.074446615064015,0.951726942691038
72.0,3,9,9,94900,33,1975,1,-1,44.39114,26.086246,1.6823686562020672,0.0376499780283575
105.0,3,5,7,295000,59,1961,1,-1,44.445583,26.092072,0.4379125868318942,0.0402763881209788
64.9,2,1,3,96280,76,2026,1,0,44.41478,26.20306,1.0577105298379947,0.9287639263535707
68.45,3,5,25,359000,35,2024,1,-1,44.476746,26.101448,0.2844660961856728,0.2755223783047463
78.9,3,10,11,300000,61,2022,1,-1,44.478123,26.121916,0.5071224822842408,0.0381130214183104
64.0,2,0,7,142000,76,2000,1,1,44.409225,26.195124,0.1839915943247571,0.2387532631402075
50.0,2,0,8,102000,10,1968,1,-1,44.391872,26.118452,0.3280203859475659,0.2820706138128622
38.0,2,2,4,64500,10,1978,0,0,44.380817,26.098745,2.154810434732766,0.1350386034194041
63.91,2,1,3,95040,76,2026,1,0,44.41478,26.20306,1.0577105298379947,0.9287639263535707
43.13,2,1,10,87000,76,2026,1,0,44.41531,26.19741,0.8818729582190303,0.7131760175574318
54.51,2,1,3,80992,76,2026,1,0,44.41478,26.20306,1.0577105298379947,0.9287639263535707
46.0,1,1,6,110400,-1,2024,0,0,44.495167,26.002844,1.9429182162687653,0.8392032750729043
47.0,2,2,7,72632,76,2026,0,-1,44.416733,26.202906,1.220140376476609,0.9604224148702686
47.68,2,1,3,76033,76,2026,1,0,44.41478,26.20306,1.0577105298379947,0.9287639263535707
87.5,4,5,6,216200,-1,2024,0,0,44.495438,26.002876,1.927326587610659,0.8569830233370708
53.5,2,0,6,128000,-1,2024,0,0,44.495167,26.002844,1.9429182162687653,0.8392032750729043
77.0,3,7,9,165000,1,2014,1,0,44.41732,26.069168,1.3825975774682464,0.214023850214037
31.0,1,2,9,49000,48,1968,1,-1,44.37881,26.126518,0.708908759344929,0.0929107979444898
60.0,3,8,9,155000,20,1968,1,0,44.436142,26.102684,0.0318356974740161,0.0786614073336896
71.21,3,1,7,118755,76,2026,0,-1,44.416733,26.202906,1.220140376476609,0.9604224148702686
67.0,3,0,10,119000,42,1978,0,-1,44.39364,26.091717,1.257470435554079,0.1860092752489906
51.0,2,2,8,155000,53,1986,0,0,44.44035,26.117046,1.2042041738502134,0.0753665140446368
34.62,2,5,6,89000,10,2025,1,2,44.38676,26.116875,0.8116367202193068,0.1547552464180386
55.54,2,1,10,103310,76,2026,1,0,44.41531,26.19741,0.8818729582190303,0.7131760175574318
80.0,3,9,10,137900,58,1986,1,3,44.43537,26.160345,0.726308859273181,0.0168696917685762
16.0,1,5,7,51000,59,1938,1,-1,44.44539,26.10006,0.2016829215538842,0.0311381233098547
49.0,2,3,4,109000,-1,1969,0,0,44.433323,26.152395,1.112408858748606,0.052965861979051
68.0,3,6,8,118000,30,1970,1,-1,44.42816,26.05169,0.3720246119095593,0.24198701091432
66.0,3,0,8,119000,10,1978,0,-1,44.38676,26.116875,0.8116367202193068,0.1547552464180386
31.0,1,2,9,49000,10,1968,1,-1,44.378716,26.12566,0.7778672294761301,0.140218047643845
96.47,4,3,3,209000,76,2025,1,0,44.40805,26.193123,0.0855899272704519,0.0702809542138161
47.0,2,4,4,169000,28,1960,0,0,44.45977,26.093369,0.89590695296459,0.0516897658565273
70.0,3,8,8,104000,66,1983,1,-1,44.405544,26.058456,2.2947218891616603,0.226307204934461
39.0,1,8,8,65000,38,1970,0,-1,44.4439,26.078674,0.4634125913144238,0.1001160044583577
94.0,3,1,2,179000,6,1933,0,1,44.461067,26.077444,0.9103556204958272,0.2451988270534493
85.77,3,1,3,118755,76,2026,1,0,44.416832,26.203165,1.2409912823884393,0.9745303536628648
79.58,3,0,3,116391,76,2026,1,0,44.416832,26.203165,1.2409912823884393,0.9745303536628648
63.75,2,1,3,93438,76,2026,1,0,44.416832,26.203165,1.2409912823884393,0.9745303536628648
47.04,2,1,3,76264,76,2026,1,0,44.416832,26.203165,1.2409912823884393,0.9745303536628648
46.16,2,0,3,74856,76,2026,1,0,44.416832,26.203165,1.2409912823884393,0.9745303536628648
44.77,2,1,3,72632,76,2026,1,0,44.416832,26.203165,1.2409912823884393,0.9745303536628648
44.2,2,4,11,134999,76,2023,1,0,44.410275,26.200748,0.5981409763337789,0.3970474645602845
85.0,4,5,10,139900,58,1976,0,-1,44.44263,26.156672,1.2879855294823668,0.0237164234774473
83.0,3,5,8,125000,66,1986,0,-1,44.41406,26.06494,1.491169140850553,0.2885036448754946
114.0,5,3,3,178000,32,1933,0,1,44.439835,26.114693,1.04429622982126,0.1689023968425351
75.0,3,11,11,199000,52,2025,1,-1,44.429516,26.018366,0.5600794927533546,0.2211110554123944
66.0,3,0,1,249000,16,2004,0,0,44.423374,26.098894,0.5550649926590039,0.2865138273965141
70.0,3,7,8,129700,66,1982,1,0,44.407944,26.068611,2.229194702252693,0.2643795677355511
53.0,2,3,10,160000,43,1984,1,-1,44.459103,26.069153,0.9093681405361768,0.3491332133572311
62.63,2,3,4,121252,76,2026,1,2,44.414295,26.201166,0.9197237613536272,0.8281945210412937
38.61,1,3,4,61775,76,2026,1,2,44.41437,26.20171,0.9531202994274822,0.8484242028718061
18.0,1,4,6,65000,16,2026,0,-1,44.42769,26.11835,1.2862586682918882,0.1920369796513361
84.0,3,1,5,147000,37,2018,1,0,44.461113,26.160767,2.92776020847266,0.173233302598656
61.0,2,1,13,200000,25,1991,1,-1,44.425587,26.129705,0.903040588886774,0.1247959077565118
42.0,2,2,10,76230,52,2026,0,3,44.440254,25.9785,1.4288662666381446,0.5182555209443358
45.0,2,0,6,65250,52,2025,1,1,44.43774,26.017382,0.514666956033878,0.2179837448345945
56.0,2,0,8,169900,54,1993,0,0,44.420147,26.119589,0.6264151998424963,0.2767442958287442
37.0,1,4,4,74000,3,2010,1,2,44.368366,26.134586,0.7245268631257441,0.1629733374158935
32.0,1,8,9,49000,52,2026,1,0,44.437683,25.987158,0.8418428955435799,0.2076848957272831
30.0,1,11,11,88000,76,2021,1,0,44.404057,26.20695,0.2094371346527721,0.2590888863980233
237.45,5,11,11,307000,76,2025,1,0,44.4126,26.200375,0.7349049197198656,0.6299660599466632
43.0,2,2,9,99500,10,1974,0,0,44.387245,26.135975,0.8525494109485879,0.2545374731867507
70.0,3,4,4,110000,10,1982,0,1,44.38611,26.131449,0.7891480848230683,0.2365279103193453
32.0,1,1,4,68000,10,1973,0,0,44.39433,26.115486,0.56262020908301,0.2007027980660053
64.5,3,3,10,119000,30,1974,1,-1,44.412548,26.01903,0.5067896697014308,0.1123761735813475
51.0,2,4,11,104000,3,2020,1,0,44.368248,26.134783,0.7101845153041197,0.1622813305420869
65.0,3,4,8,135000,55,1965,1,0,44.44943,26.138445,1.0344845520974109,0.1966037158464125
51.0,2,0,10,103000,52,1979,1,1,44.43108,26.01829,0.4126893743720575,0.0565370629213868
59.0,2,4,7,135000,-1,2018,0,-1,44.47991,26.06407,1.4704452227329567,0.1015703933461899
63.0,3,4,4,95000,10,1969,0,-1,44.39574,26.115698,0.6094468322348467,0.0577825568623758
62.0,3,3,4,114000,30,1973,0,-1,44.421764,26.013695,0.0732193495636941,0.0762198926073509
61.0,3,5,7,115000,-1,1962,0,-1,44.459583,26.05893,0.1878086408316987,0.0749248796031209
45.0,1,8,9,65000,38,1960,0,0,44.446373,26.076622,0.1880805517646182,0.1264472390106707
58.0,2,6,8,135000,3,2020,1,1,44.373066,26.129911,0.8453217461856254,0.0786820415273728
109.0,3,2,8,240000,48,2018,1,1,44.359642,26.134893,1.2452706064576995,0.2584140820988558
72.0,2,8,9,75480,52,2019,1,0,44.437603,25.987501,0.8262007407096907,0.1977966404639638
52.0,2,5,9,116000,79,1965,1,-1,44.429787,26.150154,0.97783833187053,0.3780962033003165
37.31,2,1,8,88000,58,1975,1,-1,44.44235,26.154242,1.4284966903946144,0.1612100418246053
42.0,2,1,7,65000,52,2026,1,0,44.43703,25.98733,0.7682893976641212,0.1342020163752687
60.0,3,1,4,124900,10,1975,0,0,44.38443,26.108831,1.4288587168496496,0.0914141436780234
34.2,1,5,11,85900,-1,2018,1,0,44.43386,26.1727,0.3153431682202681,0.2579806056636345
47.5,2,7,7,64000,42,1963,1,0,44.386375,26.08847,2.1054131339252447,0.2981797816478586
85.0,4,0,8,140000,10,1983,1,0,44.386166,26.135761,0.7318743649665731,0.237102332448503
51.3,2,5,7,95000,0,1964,1,0,44.468925,26.052547,0.2970857555632111,0.0633459841907362
70.0,2,5,14,235000,61,2011,1,-1,44.477646,26.116402,0.3382815157071417,0.0590288624993406
35.0,2,3,10,130000,20,1960,1,-1,44.43823,26.093088,0.6402436172867374,0.1728380068795508
58.0,2,0,7,148000,48,2018,0,1,44.37471,26.111807,1.949818507458287,0.177190553308671
76.0,3,5,7,220000,16,1992,0,-1,44.432453,26.126923,0.914000039819544,0.0953056145718308
86.83,3,1,5,550000,6,2008,1,0,44.462605,26.075924,0.9231175273084704,0.2620024514011393
63.0,2,2,4,101000,76,2026,1,3,44.414295,26.201166,0.9197237613536272,0.8281945210412937
39.0,1,1,6,57800,48,2026,1,0,44.3614,26.149677,0.9629085694407736,0.0621348649043822
75.0,3,2,6,105000,63,2026,1,3,44.361893,26.150105,0.9339119263909812,0.119411922954214
143.0,4,10,15,1320000,35,2021,0,0,44.46503,26.101046,1.1647327414912243,0.1156162883533685
63.53,2,1,6,169900,86,2024,1,1,44.503853,26.04991,1.7710253522358228,0.0602855528479009
68.0,3,3,8,111900,66,1986,1,-1,44.41055,26.07606,1.7402580798481382,0.183372475439258
80.0,3,3,3,109990,48,2017,0,0,44.37016,26.114878,1.9371166662154464,0.1014842211886005
73.57,2,6,14,225000,61,2011,1,-1,44.478367,26.115683,0.2683037412392418,0.12427091086664
47.0,2,3,11,72999,63,2011,0,0,44.394325,26.209497,1.2590959691567023,0.6367046214002553
50.0,2,1,10,125000,30,1975,0,-1,44.41935,26.020702,0.0937244138443769,0.1782076478741048
51.0,2,3,7,113000,79,2018,0,-1,44.41817,26.1606,0.5206606050493752,0.3647647089419271
30.0,1,5,5,55900,52,2019,1,2,44.434658,26.012163,0.7167348505461945,0.0423189746404194
40.0,2,3,10,71499,10,1972,1,0,44.37993,26.107738,1.8528831400335668,0.2213323430428656
258.0,4,5,5,1000000,5,2006,0,1,44.48597,26.09606,0.8273617656626365,0.1465902532648584
45.0,1,1,7,77500,63,2026,1,0,44.36182,26.15034,0.9510035053201752,0.1300594435888
38.0,2,1,10,80000,74,1975,0,3,44.46423,26.11737,1.572712716608658,0.3034566863476915
61.0,3,2,10,145000,30,1970,0,3,44.4218,26.04611,0.3610079213045489,0.24226618583753
89.0,4,1,8,124900,66,1985,1,0,44.407787,26.075804,1.6654069600094743,0.0306230182194561
62.0,2,4,4,93100,76,2026,0,1,44.415737,26.197855,0.9379220925490724,0.699185200021928
257.7,4,4,4,251000,76,2025,1,0,44.416527,26.198015,1.0253803437574327,0.646031984034279
104.37,2,3,3,132500,76,2025,1,0,44.416615,26.198223,1.039785268698642,0.6520415783369474
259.3,4,11,11,320500,76,2025,1,0,44.4126,26.200375,0.7349049197198656,0.6299660599466632
229.3,4,0,3,201140,76,2026,1,0,44.413303,26.20576,0.879778467944639,0.8098785489201394
154.3,4,2,3,175123,76,2026,1,0,44.41277,26.191763,0.5897225215875054,0.5351192863168143
70.16,3,1,11,133100,79,2026,1,1,44.421543,26.18263,1.378200894108036,0.1073829179800513
72.9,3,1,11,124300,79,2026,1,1,44.421543,26.18263,1.378200894108036,0.1073829179800513
64.65,3,9,11,122500,79,2026,1,1,44.421543,26.18263,1.378200894108036,0.1073829179800513
259.23,4,11,11,320500,76,2025,1,0,44.4126,26.200375,0.7349049197198656,0.6299660599466632
223.46,5,11,11,295500,76,2025,1,0,44.4126,26.200375,0.7349049197198656,0.6299660599466632
176.71,3,11,11,227500,76,2025,1,0,44.4126,26.200375,0.7349049197198656,0.6299660599466632
251.73,4,0,11,220000,76,2025,1,0,44.4126,26.200375,0.7349049197198656,0.6299660599466632
80.0,4,0,10,196999,52,1978,1,3,44.435394,26.042274,0.6884486288673259,0.1188899056688876
269.19,4,0,11,217000,76,2025,1,0,44.4126,26.200375,0.7349049197198656,0.6299660599466632
154.9,3,11,11,194500,76,2025,1,0,44.4126,26.200375,0.7349049197198656,0.6299660599466632
143.66,3,11,11,192000,76,2025,1,0,44.4126,26.200375,0.7349049197198656,0.6299660599466632
151.02,3,11,11,188500,76,2025,1,0,44.4126,26.200375,0.7349049197198656,0.6299660599466632
55.0,2,1,6,119000,28,1945,0,-1,44.451393,26.09548,0.6452833856873069,0.178806766813728
143.4,3,11,11,177500,76,2025,1,0,44.4126,26.200375,0.7349049197198656,0.6299660599466632
55.0,2,10,10,108500,30,1973,1,-1,44.41496,26.02723,0.3701257337162791,0.2484762293518141
50.0,2,0,6,89500,20,1929,1,-1,44.43949,26.091887,0.7462372910221285,0.1560654974078578
101.12,4,1,11,175900,79,2026,1,1,44.421543,26.18263,1.378200894108036,0.1073829179800513
128.05,3,11,11,165500,76,2025,1,0,44.4126,26.200375,0.7349049197198656,0.6299660599466632
127.88,3,11,11,164500,76,2025,1,0,44.4126,26.200375,0.7349049197198656,0.6299660599466632
89.15,3,1,6,375000,47,2009,1,-1,44.486973,26.085903,1.4327402355489742,0.2694417595159865
59.0,2,1,7,117800,48,2024,1,0,44.37246,26.11373,1.8939185114009989,0.1895238823128815
96.0,3,2,3,179900,35,1936,0,-1,44.45302,26.104673,0.0883850537941257,0.0311667460088333
28.0,1,5,8,47500,42,1963,1,0,44.39513,26.093817,1.0569414052694863,0.2285438093830298
118.22,3,11,11,151500,76,2025,1,0,44.4126,26.200375,0.7349049197198656,0.6299660599466632
51.0,2,3,4,114000,79,1965,0,1,44.43125,26.168966,0.4777294740720396,0.2021526844724025
99.5,3,7,11,125000,76,2025,1,0,44.4126,26.200375,0.7349049197198656,0.6299660599466632
51.0,2,2,7,64900,48,2027,1,3,44.360664,26.150448,1.0644485998376567,0.1347543177250322
59.0,2,1,6,85100,3,2026,1,3,44.373066,26.129911,0.8453217461856254,0.0786820415273728
44.0,2,1,6,64900,48,2027,1,3,44.36145,26.149624,0.9559914509880932,0.0603531853950967
39.0,1,3,6,57800,63,2026,1,3,44.36533,26.14722,0.4888610402786346,0.3875581058429406
43.48,2,1,7,116500,0,1964,0,0,44.469383,26.058088,0.645685583775602,0.0137393739142344
87.0,3,1,3,180000,16,2000,0,-1,44.423668,26.09571,0.6499811507224376,0.0417622349581412
122.29,2,0,11,119000,76,2025,1,0,44.4126,26.200375,0.7349049197198656,0.6299660599466632
59.0,3,0,4,99000,79,1965,0,-1,44.426193,26.174229,0.9255594886831754,0.2580871818400621
51.0,2,9,10,120000,79,1968,1,1,44.4165,26.15948,0.363777709491054,0.3700794943638113
28.0,1,10,10,59000,29,1967,1,1,44.421265,26.139118,0.0160876016135191,0.1718703647143848
87.98,3,10,11,115500,76,2025,1,0,44.4126,26.200375,0.7349049197198656,0.6299660599466632
78.0,3,9,11,390000,61,2025,0,0,44.477737,26.107227,0.5746064986513131,0.2267568373146149
82.18,3,1,3,110500,76,2026,1,0,44.416576,26.20275,1.1987334819060418,0.9568738495677104
80.75,2,10,11,107000,76,2025,1,0,44.4126,26.200375,0.7349049197198656,0.6299660599466632
62.9,2,0,3,94400,76,2026,1,0,44.416985,26.198282,1.0803479633607964,0.6299341483797296
61.0,2,1,3,89450,76,2026,1,0,44.416832,26.203165,1.2409912823884393,0.9745303536628648
75.0,2,1,7,240000,59,1935,1,-1,44.4438,26.09282,0.4377941292894333,0.0509198928437622
60.76,2,1,3,89102,76,2026,1,0,44.416832,26.203165,1.2409912823884393,0.9745303536628648
53.23,2,4,4,118000,52,1978,1,5,44.43291,26.00872,0.4575327541354653,0.159573832513919
84.5,2,0,3,88000,76,2026,1,0,44.416985,26.198282,1.0803479633607964,0.6299341483797296
53.74,2,0,3,83297,76,2026,0,0,44.41547,26.1975,0.9009863860360257,0.7035602604815752
53.66,2,1,3,82000,76,2026,1,0,44.416576,26.20275,1.1987334819060418,0.9568738495677104
71.0,2,6,6,149500,73,2025,1,1,44.51404,26.019072,1.3085763015050338,0.1566001131834254
47.28,2,1,3,76500,76,2026,1,0,44.416576,26.20275,1.1987334819060418,0.9568738495677104
29.0,1,8,9,58450,10,1970,1,-1,44.378075,26.121927,1.081653639718388,0.171483474605219
56.0,2,10,11,120000,43,1962,0,0,44.453842,26.064213,0.528315015707395,0.0253113154650258
26.2,1,0,6,155000,47,2022,0,0,44.47938,26.090202,0.7987498277058402,0.2075596802416424
37.1,1,0,11,60900,76,2026,1,0,44.415802,26.1977,0.9409731135128628,0.6855893229171097
90.11,3,1,5,119835,76,2026,1,0,44.42126,26.200356,1.5833553505869162,0.5502633031380695
69.4,2,1,5,97521,76,2026,1,0,44.42126,26.200356,1.5833553505869162,0.5502633031380695
70.22,2,1,5,91736,76,2026,1,0,44.42126,26.200356,1.5833553505869162,0.5502633031380695
64.98,2,1,5,90909,76,2026,1,0,44.42126,26.200356,1.5833553505869162,0.5502633031380695
36.0,1,0,4,93000,52,1990,0,-1,44.43791,26.033419,0.3775643850400634,0.105821225495734
65.21,2,1,5,86777,76,2026,1,0,44.42126,26.200356,1.5833553505869162,0.5502633031380695
35.0,2,3,10,78000,10,1973,1,-1,44.39573,26.11614,0.5789153803437105,0.0860382396927156
67.52,2,1,5,89256,76,2026,1,0,44.42126,26.200356,1.5833553505869162,0.5502633031380695
61.21,3,7,10,114500,30,1965,1,0,44.426334,26.02588,0.3448163819653296,0.1216097821155004
91.0,3,8,11,254600,-1,2026,1,0,44.472744,26.138552,1.950786504124815,0.2593434816343599
56.0,2,11,17,220000,88,2009,0,0,44.405895,26.133068,0.8239339117207977,0.0460649419495936
65.21,2,1,5,86775,76,2026,1,0,44.42126,26.200356,1.5833553505869162,0.5502633031380695
51.13,2,1,5,73554,76,2026,1,0,44.42126,26.200356,1.5833553505869162,0.5502633031380695
76.0,3,1,1,199000,32,1950,0,0,44.43847,26.105291,0.3520917237785624,0.2822890584621066
97.0,3,0,1,595000,61,2021,0,-1,44.483646,26.108988,0.6897490202649411,0.0895740602882743
63.0,1,7,11,171600,-1,2026,1,1,44.472744,26.138552,1.950786504124815,0.2593434816343599
78.0,4,3,4,130000,10,1978,0,0,44.386303,26.10636,1.398886960300942,0.2427941440300847
60.0,3,1,4,165000,60,2022,0,-1,44.40982,26.090233,0.7626849946172599,0.1393018739486227
63.0,2,1,5,85124,76,2026,1,0,44.42126,26.200356,1.5833553505869162,0.5502633031380695
41.12,2,1,7,93000,76,2026,1,-1,44.41991,26.19996,1.4310526604124931,0.5953032813802541
51.13,2,2,5,73550,76,2026,1,0,44.42126,26.200356,1.5833553505869162,0.5502633031380695
53.0,2,2,2,80000,53,1940,0,1,44.44184,26.11941,0.9741759657149192,0.155547423721863
65.0,3,0,4,125000,42,1975,0,0,44.386093,26.09968,1.5916793875096444,0.2189464076559076
83.0,3,0,1,168000,34,1920,0,1,44.420704,26.090736,1.160035976197929,0.1142816622115934
77.0,3,2,7,115500,52,2026,1,3,44.44056,25.980904,1.343045883505578,0.3431601751138879
72.0,2,0,3,265500,77,2026,1,-1,44.41759,26.106352,0.3418640566502878,0.3137904986174483
67.1,3,3,4,105000,66,2018,0,0,44.407906,26.06477,2.1270465268319416,0.1323058021488114
180.0,3,3,3,675000,77,2026,0,0,44.417576,26.106361,0.3407127954135369,0.3122462144334244
50.0,2,1,10,87000,70,1984,1,0,44.38662,26.138224,0.8139159925438708,0.0716577035436915
75.0,3,1,3,160950,76,2019,0,-1,44.412292,26.193895,0.5066642636622801,0.5117110993196775
37.0,1,0,5,74000,3,2026,1,1,44.373066,26.129911,0.8453217461856254,0.0786820415273728
72.0,2,10,11,176600,-1,2026,1,0,44.472744,26.138552,1.950786504124815,0.2593434816343599
88.0,3,0,3,319500,77,2026,1,-1,44.41759,26.106352,0.3418640566502878,0.3137904986174483
51.13,2,2,7,73554,76,2026,1,-1,44.41991,26.19996,1.4310526604124931,0.5953032813802541
54.0,2,4,4,112800,81,2015,1,-1,44.403717,26.176493,0.7293795899053949,0.697239715051237
40.0,1,3,7,67000,63,2026,1,2,44.361004,26.150517,1.0348986377754232,0.1276443155751491
70.0,3,5,6,104900,21,1986,0,-1,44.46263,26.141956,1.9995623029926244,0.0420922303789935
47.0,2,3,4,127500,76,2018,0,-1,44.41926,26.19548,1.285814127174106,0.3071494098515346
46.0,2,11,11,127500,76,2021,0,0,44.40546,26.20565,0.2205424275690117,0.0721889714803129
31.0,1,3,3,66000,63,2025,0,-1,44.37232,26.14407,0.3795214635752517,0.2604697939488519
73.0,3,2,10,145000,10,1985,1,0,44.38338,26.13127,0.5327471934794776,0.1256049489189951
32.0,1,0,6,74000,3,2026,1,2,44.3724,26.130432,0.8906610204098652,0.1381707776735432
50.0,2,2,10,115000,30,1969,1,-1,44.4206,26.043768,0.3406382262123165,0.2694373211496912
60.0,2,11,21,220000,84,2010,0,-1,44.407677,26.124413,0.5397716290689767,0.2055326209612915
72.0,3,0,7,169900,87,1940,0,-1,44.44351,26.082289,0.7249139249989021,0.0946957688251758
28.0,1,1,8,49980,42,1963,1,0,44.39513,26.093817,1.0569414052694863,0.2285438093830298
42.32,2,8,10,84000,69,1976,1,0,44.409386,26.169247,0.5066804331233079,0.3126818297488522
68.0,2,1,8,99900,48,2024,1,1,44.36764,26.12061,1.77260169319586,0.0815114110127697
36.0,1,0,6,68500,48,2025,1,-1,44.36795,26.12065,1.7447752449747551,0.1047898098068648
81.0,3,5,5,165900,48,2018,1,-1,44.36989,26.12383,1.415895075606142,0.0220159746291376
47.0,2,4,7,118000,10,1961,1,0,44.40128,26.09889,0.4125534860274963,0.0544870229991654
43.0,2,1,3,145000,78,1960,0,0,44.413586,26.112963,0.3458771681300229,0.0911648547081678
47.96,2,1,5,110000,48,2015,1,-1,44.362698,26.128563,1.3857341747928746,0.2320063371238681
40.0,2,1,10,88500,74,1976,1,-1,44.462536,26.118742,1.4652738814116482,0.1005083010949854
48.0,2,4,5,91000,63,2014,1,-1,44.36416,26.15032,0.7480849726055997,0.3452764241713959
206.37,5,1,1,800000,27,1940,0,0,44.46673,26.070536,1.1681318545570647,0.2954653766825793
60.0,2,5,7,110000,52,2022,1,1,44.435688,25.974092,1.3968396292203653,0.1354556274929705
49.0,2,2,6,119000,48,2018,1,-1,44.36906,26.12746,1.2884341938005603,0.1130936862282334
62.0,3,4,10,134000,29,1970,1,-1,44.42335,26.14308,0.3928838450322993,0.2282554474903496
31.0,1,0,7,89900,48,2018,1,-1,44.36634,26.14503,0.306527836835425,0.192787966567096
42.0,1,0,7,142000,-1,1990,0,-1,44.403126,26.15891,1.1721629141414718,0.3476656712766142
47.5,2,7,7,63999,42,1963,1,0,44.386375,26.08847,2.1054131339252447,0.2981797816478586
75.0,3,0,4,132000,52,1988,0,0,44.43679,26.033787,0.2525299497463595,0.0402101785332184
62.0,3,3,9,115000,52,1971,1,-1,44.43601,26.01806,0.3380704729952808,0.2537331091215032
56.0,2,4,6,145000,63,2020,1,-1,44.36118,26.15137,1.0561168674861474,0.1933020784552054
66.0,3,10,10,129500,79,1964,1,-1,44.42758,26.17615,1.0301016227262931,0.2712366563572847
49.0,2,7,7,119900,0,2018,0,-1,44.46891,26.058867,0.7207960664288452,0.0620531894133633
48.0,2,8,10,83500,10,1974,1,-1,44.37835,26.112528,1.7991019490258402,0.2103694558980548
70.0,3,3,10,295000,74,2022,1,4,44.469948,26.112577,1.2362812904807725,0.24087474871872
49.0,2,5,6,82800,3,2026,1,2,44.3761,26.138962,0.4817160691963676,0.0977007653867181
42.16,2,4,4,94499,30,1962,0,-1,44.42622,26.052395,0.2529330884643935,0.1218951282922901
30.0,1,8,9,59900,42,1965,1,-1,44.39454,26.09312,1.1323626654248256,0.1747878198780048
70.97,3,8,10,139000,76,2025,1,1,44.419315,26.199734,1.3626566443346728,0.6231068499090243
338.0,6,11,12,1200000,5,2018,1,-1,44.485584,26.10183,0.7249164525538176,0.3797751028585145
48.0,2,3,4,85000,16,1935,0,3,44.4217,26.095463,0.8394508435338003,0.0554770015702761
72.6,3,11,11,290400,1,2023,1,0,44.426308,26.062489,0.3700086103313157,0.2213702115065234
53.89,2,5,10,91610,76,2025,1,1,44.419315,26.199734,1.3626566443346728,0.6231068499090243
58.0,3,4,4,116000,57,2018,0,0,44.48136,26.050022,0.7411558627876611,0.155605242444312
53.0,2,0,3,103600,3,2015,0,-1,44.37582,26.14085,0.6044407181876038,0.2309006796609652
70.0,3,5,10,135000,79,1976,1,3,44.411655,26.17094,0.3958945917612309,0.1729480277421309
96.47,4,3,3,209000,76,2024,1,0,44.417442,26.198702,1.1390637570527171,0.628725384430549
56.0,2,0,8,114500,48,2023,1,1,44.37318,26.112175,1.9765538610537532,0.3192531041020724
70.0,3,10,10,116000,10,1974,1,0,44.38281,26.11653,1.2166723559360535,0.1266264472711713
50.0,2,4,4,105000,31,1988,0,-1,44.45444,26.14285,1.5689936238654336,0.0872841850726009
52.0,2,0,4,93780,3,2025,0,-1,44.37789,26.13329,0.251168473563393,0.220068880600694
56.75,2,3,3,93400,76,2026,1,0,44.41277,26.191763,0.5897225215875054,0.5351192863168143
39.0,1,7,8,94990,25,1994,1,3,44.43144,26.133785,0.3870649085817165,0.2465163613051527
70.0,3,9,10,93000,10,1976,1,3,44.378544,26.103539,2.187803150046442,0.1669248284859291
17.0,1,9,10,39500,10,1975,0,-1,44.396076,26.11633,0.5881326942558468,0.0893036984639253
87.1,4,3,3,146000,76,2026,1,0,44.41277,26.191763,0.5897225215875054,0.5351192863168143
45.0,2,7,7,69700,10,1961,1,0,44.40103,26.09839,0.4190965991628281,0.0595756674865471
56.01,2,5,11,104200,79,2024,1,0,44.41939,26.18013,1.0816062973328382,0.3369987053719792
61.0,3,3,7,129999,49,1964,1,-1,44.439213,26.134207,0.2112622827652839,0.2022809322173373
56.0,3,5,9,149000,63,2024,1,0,44.362534,26.149393,0.8433153962127715,0.1509336441289626
136.0,4,5,7,195000,32,2018,0,-1,44.4406,26.109,0.7223455853718487,0.0523735114375371
52.0,2,0,7,124999,8,2010,1,0,44.512005,26.103104,3.644155208240484,0.3821460595802173
47.79,2,3,10,87000,76,2025,1,1,44.419315,26.199734,1.3626566443346728,0.6231068499090243
64.0,3,1,4,139800,79,1970,0,-1,44.415245,26.149757,0.9421093380741128,0.0947717905888691
52.0,2,3,7,93000,76,2026,1,-1,44.41991,26.19996,1.4310526604124931,0.5953032813802541
86.3,3,4,11,107875,76,2026,1,0,44.41703,26.205332,1.2919628057616903,1.0094960674417073
85.0,4,3,7,130000,66,2018,0,-1,44.404,26.0733,1.8239125230107116,0.0669707654679391
141.52,4,10,11,264022,76,2025,1,1,44.419315,26.199734,1.3626566443346728,0.6231068499090243
77.2,3,1,3,148700,76,2026,1,-1,44.41291,26.195036,0.5798049215886288,0.6049726990295975
91.0,3,2,7,149000,76,2026,1,-1,44.41991,26.19996,1.4310526604124931,0.5953032813802541
63.0,2,2,7,85124,76,2026,1,-1,44.419956,26.199883,1.433923140226391,0.5873485300814081
100.0,4,4,7,175207,76,2026,0,-1,44.41991,26.19996,1.4310526604124931,0.5953032813802541
61.43,2,2,3,89102,76,2026,1,0,44.416664,26.20295,1.2158745103951445,0.9668658614707026
62.0,3,2,4,125000,48,2020,1,-1,44.36701,26.11409,2.194938514128685,0.1214526525276547
115.1,4,0,3,179940,76,2026,1,0,44.41628,26.202694,1.169303056134148,0.968065135299939
72.4,3,0,2,122800,76,2026,1,0,44.41277,26.191763,0.5897225215875054,0.5351192863168143
55.0,2,11,11,139999,52,2017,1,0,44.43465,26.000397,0.2310902017922689,0.1160178927510662
70.0,3,2,11,129000,58,2025,1,-1,44.449585,26.163399,1.635941914327165,0.2056375710447489
34.0,2,1,10,67000,10,1974,1,-1,44.38108,26.12969,0.4809228818361336,0.2483281225391148
75.45,3,4,4,153720,76,2026,1,0,44.418762,26.204088,1.459785206509334,0.9397064411438116
91.34,4,0,3,209500,76,2026,1,0,44.416576,26.20275,1.1987334819060418,0.9568738495677104
61.51,2,2,3,86000,76,2026,1,0,44.416576,26.20275,1.1987334819060418,0.9568738495677104
63.0,3,10,11,89900,52,1976,0,-1,44.4336,26.015524,0.4656520642007754,0.0597365979336362
61.93,2,6,11,116200,79,2024,1,0,44.41939,26.18013,1.0816062973328382,0.3369987053719792
40.91,2,3,7,73554,76,2026,0,-1,44.419777,26.199886,1.4151568780026418,0.599472772092197
86.0,3,3,3,160000,-1,2021,1,0,44.420235,26.19205,1.3991839556349843,0.0205446198749651
45.76,1,4,11,87000,79,2024,1,0,44.41939,26.18013,1.0816062973328382,0.3369987053719792
91.0,3,4,5,295000,54,2014,1,1,44.417103,26.118774,0.4318131116927421,0.3777682840196439
78.35,3,0,3,175206,76,2026,1,0,44.418762,26.204088,1.459785206509334,0.9397064411438116
45.48,2,1,3,78581,76,2026,1,0,44.412956,26.1961,0.6014030829230702,0.6448171748938754
90.11,3,1,7,119835,76,2026,1,-1,44.41991,26.19996,1.4310526604124931,0.5953032813802541
77.8,3,1,3,122000,76,2025,1,1,44.41933,26.196127,1.2989088953269647,0.3517915873423566
29.0,1,3,7,71499,63,2019,1,-1,44.36797,26.14442,0.1212782368714182,0.0452324598362339
89.0,4,1,8,124999,66,1985,1,0,44.407787,26.075804,1.6654069600094743,0.0306230182194561
65.0,3,4,4,127000,10,1975,0,-1,44.38654,26.10458,1.402127451396069,0.1857989264090438
73.8,3,0,4,181818,76,2026,1,0,44.418762,26.204088,1.459785206509334,0.9397064411438116
67.52,2,3,7,89256,76,2026,1,-1,44.41991,26.19996,1.4310526604124931,0.5953032813802541
43.42,1,1,3,65130,76,2027,1,0,44.411495,26.20175,0.736886451367447,0.5541719689127761
64.0,2,1,3,88620,76,2026,1,0,44.41628,26.202694,1.169303056134148,0.968065135299939
82.18,3,2,3,110500,76,2026,1,0,44.41352,26.200762,0.8322907975315686,0.7366841243488118
88.0,3,1,5,550000,6,2008,1,0,44.46264,26.07663,0.8709951078154692,0.3042350703609905
41.12,2,2,7,73554,76,2026,1,-1,44.41991,26.19996,1.4310526604124931,0.5953032813802541
52.0,2,4,10,98165,3,2025,1,-1,44.377735,26.136368,0.2209622001172315,0.2117478398794339
60.0,2,1,2,99500,63,2026,1,0,44.36213,26.15114,0.9605601584084738,0.2023491979568105
74.0,3,7,7,210000,16,1992,1,-1,44.42976,26.09334,0.4416659085347319,0.1994356171246636
47.8,2,6,7,123998,58,1981,1,0,44.442616,26.13479,0.2290390952247229,0.1480455280051894
42.14,2,2,3,71000,76,2026,1,0,44.41337,26.201277,0.8464366610562521,0.7320391809412462
68.0,2,3,8,235000,16,1995,1,-1,44.426693,26.11357,1.0120943572818903,0.1315847982440653
58.0,2,5,7,81900,11,2018,1,1,44.405243,25.995726,2.2630760145114674,0.4382817492735877
43.0,2,1,7,79900,79,2018,0,-1,44.431107,26.15463,0.931530836137526,0.2784436799761809
26.0,1,0,4,155000,47,2021,1,-1,44.479057,26.090574,0.7689538789711797,0.1851469843284526
112.0,4,1,1,220000,4,1938,0,-1,44.438828,26.111237,0.7484476600952208,0.2260514775359592
56.0,2,3,4,105000,48,2019,0,-1,44.368443,26.114372,2.078934489860329,0.0395777857251383
94.0,3,1,8,174999,79,2009,1,-1,44.42376,26.174261,0.9295031800297816,0.1432791806471804
53.0,2,3,9,90000,10,1966,1,-1,44.386593,26.117664,0.7965899814660167,0.1763296497280315
44.0,2,0,3,88999,63,2012,0,-1,44.36728,26.14642,0.2847239944175327,0.2127371887502837
63.0,2,2,7,126000,8,2017,1,-1,44.533714,26.09421,6.084991492617399,0.4937606489906531
72.0,3,5,10,134000,30,1980,0,0,44.422565,26.021692,0.32010909559541,0.211709817450607
67.0,2,0,4,141000,79,1970,0,3,44.423454,26.165314,0.2715577312981793,0.1853509334752166
61.0,2,3,4,125500,81,2023,1,1,44.406204,26.173489,0.4766077281667165,0.5372614696790975
53.0,2,9,13,106000,70,2007,1,1,44.398655,26.14361,1.808428950778264,0.0817431729043738
44.0,2,3,15,69699,70,2019,1,2,44.399326,26.143368,1.8182221468464688,0.0694577750392454
89.0,3,1,10,245000,61,2018,0,-1,44.477333,26.121113,0.5152811600043888,0.146628109131496
54.0,2,1,7,120000,48,2021,0,-1,44.363255,26.11616,2.275552378371065,0.1305804124158131
90.0,3,1,3,405000,64,1962,0,-1,44.46411,26.094675,0.6904584426339124,0.1169343648330534
54.0,3,3,10,175000,59,2018,1,1,44.446163,26.09738,0.0447505547565584,0.0793552375337968
41.0,1,1,6,60825,48,2026,1,0,44.36773,26.114256,2.134405782907612,0.0403125087044948
55.54,2,4,10,104270,76,2025,1,1,44.419315,26.199734,1.3626566443346728,0.6231068499090243
80.0,3,2,9,94800,48,2024,1,0,44.37173,26.112919,1.9869954737109776,0.1879564781521974
63.0,3,4,8,103000,58,1977,1,-1,44.43649,26.16039,0.7303541979463022,0.1412676572029304
90.0,3,5,5,152000,48,2024,1,1,44.369423,26.11696,1.8491502544734464,0.0830025702270122
41.0,2,1,4,61000,33,2013,0,0,44.39423,26.084002,1.498201727927648,0.1799534676166833
41.4,1,1,3,69500,33,2025,0,0,44.39794,26.084936,1.1558241116111183,0.0475125255052889
40.0,1,2,6,64000,48,2025,1,0,44.368534,26.12119,1.667858298834167,0.1816399582346971
38.0,2,4,4,55000,10,1971,0,0,44.378536,26.10471,2.12616537302318,0.2425000156446872
106.0,6,10,12,219000,58,2025,0,0,44.449596,26.165573,1.5946804911858554,0.0613588309755858
38.0,2,7,10,77000,10,1974,1,2,44.37784,26.100132,2.4295527593774358,0.0140863039598567
51.0,2,2,3,94900,19,2014,0,0,44.48907,26.00815,1.971581021149908,0.2617097313468684
85.0,3,2,10,153065,76,2025,0,2,44.411198,26.19922,0.5593800445084799,0.4593225368014284
65.0,2,6,10,126167,76,2025,0,2,44.41131,26.19921,0.567449727294424,0.4715660211937736
49.0,2,2,3,81700,33,2025,0,0,44.39794,26.084936,1.1558241116111183,0.0475125255052889
113.0,4,2,5,350000,16,2026,1,-1,44.427868,26.119244,1.32834913967941,0.2016779178109018
50.3,2,1,3,70247,33,2025,0,0,44.393913,26.083557,1.54797266001269,0.1309233272427808
87.6,3,1,1,227000,4,1922,0,-1,44.44102,26.113008,0.9944859927781776,0.2672016507037291
63.64,2,3,3,87000,76,2025,1,0,44.416576,26.20275,1.1987334819060418,0.9568738495677104
61.95,2,1,4,92625,76,2026,1,0,44.41166,26.204998,0.7242441134898588,0.6262646965482757
48.15,1,1,3,77000,76,2025,1,0,44.416985,26.198282,1.0803479633607964,0.6299341483797296
90.1,3,2,3,126140,76,2026,1,0,44.41547,26.1975,0.9009863860360257,0.7035602604815752
120.55,3,4,4,159750,76,2026,1,0,44.41166,26.204998,0.7242441134898588,0.6262646965482757
61.8,2,1,4,86900,76,2025,1,0,44.411736,26.206163,0.703027087546156,0.6389313045374114
33.0,1,1,6,58000,48,2026,1,0,44.36773,26.114256,2.134405782907612,0.0403125087044948
48.0,2,4,4,78900,10,1976,0,0,44.3815,26.129356,0.5230813766180072,0.2465340765522937
68.4,3,3,4,135000,79,1972,0,0,44.417107,26.165657,0.5244262819430556,0.0588175379807381
66.0,3,3,4,105000,10,1976,0,-1,44.38255,26.121283,1.1587871881323235,0.2575563545703518
60.0,2,1,7,180000,88,2024,1,0,44.414066,26.128399,0.2384826581767645,0.2140109018642519
35.1,2,8,10,69950,58,1975,1,0,44.442352,26.15463,1.402607015933736,0.1549482725698099
72.29,3,3,3,245000,16,1946,0,3,44.425762,26.095144,0.533810109485035,0.1906820242383073
77.0,3,4,6,220000,43,2025,0,-1,44.454388,26.068419,0.4908424100810415,0.2898468148119151
59.0,2,3,7,91000,3,2026,1,1,44.3761,26.138962,0.4817160691963676,0.0977007653867181
40.0,1,1,8,87000,10,1986,0,-1,44.38154,26.132109,0.337964005092034,0.100938425806359
88.0,3,4,8,289000,16,1994,1,0,44.421986,26.089653,1.1303770609331127,0.1094713824942005
71.0,3,11,11,239900,1,2024,1,0,44.41919,26.073969,1.469423216751974,0.0823132850423682
170.0,4,11,11,499000,1,2024,1,0,44.41919,26.073969,1.469423216751974,0.0823132850423682
52.0,2,4,5,109000,19,2019,0,-1,44.489555,26.010515,1.776506489067155,0.0913543109267069
94.17,4,4,7,148760,76,2026,0,-1,44.421055,26.199291,1.536940676745837,0.4826578603527801
90.11,3,3,7,119835,76,2026,1,-1,44.420914,26.200146,1.541597806978576,0.5503761712423958
53.0,2,8,10,129900,30,1972,1,1,44.416122,26.023922,0.082026587768699,0.0460843293474315
31.0,1,4,10,69500,30,1979,1,1,44.41928,26.046495,0.5758632635938011,0.1068438149654385
86.7,3,11,11,135900,48,2024,1,2,44.364525,26.12639,1.45776162391972,0.1421693564901568
70.8,2,7,12,199650,-1,2027,1,0,44.473362,26.141172,2.1107682686925697,0.1725915407553236
440.5,4,11,14,2990000,61,2025,1,0,44.476875,26.106829,0.5795096154222047,0.1287646050577811
56.6,2,3,6,118000,3,2025,1,2,44.373066,26.129911,0.8453217461856254,0.0786820415273728
107.42,3,2,11,170000,48,2025,1,2,44.36829,26.120996,1.6982929453095552,0.1510966660016404
43.35,1,1,6,77000,48,2025,1,2,44.36867,26.114674,2.0446209719315624,0.0700709199088806
61.9,2,1,7,111000,65,2025,1,2,44.375515,26.105978,2.3320640862176303,0.1266177247016043
47.43,1,1,12,87750,3,2025,1,2,44.36876,26.129395,1.1346704961585403,0.2233316121300458
68.84,3,3,3,190777,76,2025,1,0,44.412327,26.203077,0.8577804116638394,0.6872965831635399
57.72,2,3,3,173030,76,2025,1,0,44.412327,26.20295,0.8628135448618456,0.6819553029197328
32.0,1,7,8,83000,52,1980,1,-1,44.43438,26.02976,0.3124259313769149,0.0920573580166199
43.38,2,4,7,116000,-1,1962,0,1,44.432186,26.148575,0.8059091235305094,0.0865592402052799
45.0,2,4,10,174900,5,2020,1,3,44.48828,26.09288,1.1710714693294124,0.2408484339092084
86.0,3,5,6,150000,12,2021,1,5,44.408222,25.991798,2.24579475049486,0.2505567031902623
52.5,2,2,10,128000,81,1974,1,0,44.410553,26.171753,0.3006968466048815,0.1066814818626257
53.25,2,10,10,120000,10,1982,1,-1,44.394608,26.118689,0.3410767349274237,0.0983497710942905
57.5,2,4,7,119000,3,2018,1,-1,44.367634,26.13396,0.7847942918957485,0.0678844690809218
79.0,3,1,11,299999,52,2023,0,5,44.428165,26.04228,0.5243275282593455,0.1302665438248048
57.64,3,5,6,94900,10,1971,0,0,44.381832,26.109116,1.619968743059515,0.1112753932879592
76.0,3,2,8,204900,1,1995,1,0,44.422718,26.071518,1.0437070261829309,0.1014913037576415
50.0,2,0,2,150000,80,1932,0,-1,44.436584,26.111015,0.6592002170765775,0.0791819723916048
90.0,3,3,4,134127,48,2025,1,0,44.366405,26.13313,0.883075372261291,0.0868875253506622
280.0,6,6,6,789000,76,2017,1,1,44.41683,26.19871,1.0750363797539728,0.6674671785781429
52.0,2,3,9,90000,10,1966,1,-1,44.388737,26.117943,0.5820061280363265,0.0745033472660888
80.0,3,2,9,114708,48,2023,1,-1,44.369053,26.109888,2.3398826548270004,0.3694884962711413
66.5,3,7,10,143500,30,1980,1,0,44.417847,26.032595,0.4703004840746986,0.0836327472856992
66.8,3,9,10,139990,74,1974,1,-1,44.461494,26.131298,1.406417430556704,0.12330641530496
89.44,3,5,5,123900,48,2023,1,0,44.371635,26.116175,1.7635548217139332,0.107356559060711
50.66,2,0,3,83000,65,2023,1,0,44.3708,26.097713,3.1433991746870094,0.0500895832897603
58.0,2,6,7,138999,12,2017,1,-1,44.411953,26.01456,0.811454361767575,0.1377348638932753
90.56,3,4,5,295000,54,2014,0,2,44.417522,26.118013,0.3804537726330732,0.3020156198079344
63.0,3,4,4,200000,35,1963,1,0,44.46402,26.098764,1.0050818520697653,0.2503908080797384
51.0,2,8,8,124500,23,1984,1,3,44.456608,26.04856,0.5344437202570156,0.3768177143026167
54.0,2,2,10,81000,52,2026,1,0,44.44093,25.977472,1.538956780754358,0.6148056383709264
30.0,1,8,10,68999,79,1967,0,0,44.41967,26.168507,0.7531958099308639,0.3341827644779644
54.3,2,3,3,67000,11,2023,0,-1,44.401073,26.005901,2.154506584387999,0.9041006253950408
14.0,1,1,4,32000,88,1980,0,3,44.419914,26.123737,0.8983996600345847,0.15690873317156
48.0,2,0,10,118000,85,1977,1,-1,44.44277,26.1476,1.1683803138559985,0.029435988342352
67.0,3,5,5,142000,79,1983,0,0,44.414425,26.147053,0.971875472170902,0.2959672651659322
98.0,4,10,11,195000,58,1978,0,0,44.442955,26.136868,0.373099441365437,0.1946820508689289
82.32,3,2,7,288500,61,2024,1,-1,44.47718,26.117907,0.4026441127828695,0.1003128814498952
79.0,2,1,3,254500,77,2026,1,3,44.418312,26.106077,0.4104687572829825,0.3225808918560162
89.0,3,2,3,319500,77,2026,1,3,44.41832,26.106222,0.4146017150313161,0.3283449117213649
111.0,4,3,7,280000,26,2022,0,-1,44.47398,26.175152,3.9540700050405695,0.3044404259906525
54.3,2,3,5,235000,8,2023,1,1,44.490147,26.08947,1.4918625814837907,0.2883892004249367
40.0,1,7,8,94500,88,1992,1,2,44.416164,26.125202,0.4860014011828121,0.3259529989055072
36.0,1,2,8,79900,66,1987,1,0,44.415977,26.067074,1.3911972302562956,0.2726129288063612
47.25,2,7,7,199750,16,2026,0,-1,44.42746,26.122889,1.3550195219020489,0.2079371891787266
52.0,2,6,8,124000,58,1981,0,-1,44.443237,26.134346,0.2733890393387625,0.2255720332486036
61.37,3,10,11,170000,76,2021,1,-1,44.403988,26.20616,0.2552618560316271,0.2391479371139831
92.57,3,3,7,409929,49,2026,1,-1,44.43997,26.125664,0.6007287931575398,0.2074199986552646
55.0,2,0,10,99900,30,2018,0,0,44.42126,26.041124,0.2579430865264804,0.2086040197753166
26.56,1,4,7,159779,49,2026,1,-1,44.439976,26.125713,0.596782070151037,0.2110623444527657
47.0,2,2,5,215000,8,2023,1,1,44.48953,26.090086,1.4076356561200516,0.3718401597934062
86.7,3,1,5,136263,3,2025,1,2,44.378757,26.14433,0.7180072257245517,0.5763440206355582
139.4,4,7,12,410190,-1,2026,1,0,44.473362,26.141172,2.1107682686925697,0.1725915407553236
80.0,4,10,10,225000,28,1983,1,-1,44.45274,26.09969,0.4798378673769569,0.1059052243109964
57.25,2,1,7,103000,65,2025,1,-1,44.375515,26.105978,2.3320640862176303,0.1266177247016043
92.0,4,4,10,234900,55,1980,0,-1,44.44916,26.131178,0.5667576210217716,0.1771691027777668
87.0,3,1,7,195000,53,1938,0,1,44.43956,26.117397,1.2316174200301973,0.1624237149846921
60.0,2,2,10,180000,74,2021,0,-1,44.47049,26.111643,1.2005196053061395,0.2080265957244477
121.0,3,4,5,720000,47,2007,1,1,44.484756,26.088192,1.1421212288770637,0.3276477715551268
53.0,2,7,9,149000,52,2020,1,1,44.436874,25.992998,0.7571050579756092,0.3050777869122716
58.0,2,8,8,210000,54,1993,1,-1,44.419098,26.111794,0.2962408615135032,0.0451047019479727
49.0,2,0,7,92200,74,1982,1,1,44.461754,26.124825,1.3159589955262865,0.2158288684802352
74.0,3,6,7,169900,10,2025,1,1,44.38676,26.116875,0.8116367202193068,0.1547552464180386
84.85,3,0,1,168000,34,1920,0,0,44.419556,26.089785,1.2969205718402703,0.25832555331094
53.55,2,1,4,85900,76,2026,1,1,44.411736,26.206163,0.703027087546156,0.6389313045374114
53.97,2,1,7,96280,76,2026,1,4,44.412224,26.203299,0.8391612998772102,0.6873703326252872
180.0,3,7,8,209330,10,2025,1,1,44.38676,26.116875,0.8116367202193068,0.1547552464180386
90.92,3,1,12,126000,76,2025,1,0,44.411728,26.199518,0.6176640628420772,0.5211169461940424
21.0,1,3,5,36900,3,1974,0,0,44.38415,26.140074,0.6299102413687976,0.2378155423691482
70.0,3,5,8,108000,66,1984,0,-1,44.40934,26.06347,1.9452019337053603,0.3001869601966233
35.0,1,4,7,64500,48,2020,0,-1,44.37116,26.116314,1.7812316434220448,0.097922962249612
91.0,3,5,11,108000,76,2009,1,3,44.40587,26.202505,0.47044599206804,0.0750585913291312
44.0,2,3,4,75500,65,2015,1,3,44.37568,26.104921,2.364877451340348,0.1565579099035584
108.0,4,0,3,235208,76,2026,1,-1,44.41516,26.20308,1.0903981837711725,0.9683405071618646
115.27,4,5,5,148760,76,2027,1,4,44.42152,26.200914,1.625035240857184,0.5825643851069804
65.0,2,1,3,89000,76,2026,1,6,44.416576,26.20275,1.1987334819060418,0.9568738495677104
18.0,1,9,9,39500,10,1974,1,1,44.396076,26.11633,0.5881326942558468,0.0893036984639253
54.51,2,1,7,80991,76,2026,1,4,44.412224,26.203299,0.8391612998772102,0.6873703326252872
90.11,3,1,5,73554,76,2027,1,4,44.42152,26.200914,1.625035240857184,0.5825643851069804
87.0,4,1,4,167000,30,1965,0,-1,44.424305,26.033752,0.2536523134229946,0.2284275116334242
51.37,2,1,5,73554,76,2027,1,4,44.42152,26.200914,1.625035240857184,0.5825643851069804
65.0,3,6,10,130000,79,1965,1,-1,44.429337,26.161285,0.4928235887994112,0.0204231770984233
52.0,2,3,9,90000,10,1968,1,-1,44.386436,26.116722,0.848669045636437,0.117007251739286
70.22,2,1,5,91736,76,2027,1,4,44.42152,26.200914,1.625035240857184,0.5825643851069804
65.21,2,1,5,86777,76,2027,1,4,44.42152,26.200914,1.625035240857184,0.5825643851069804
70.88,3,0,7,317700,61,2024,1,-1,44.47718,26.117907,0.4026441127828695,0.1003128814498952
27.0,1,2,4,48500,65,1979,0,0,44.375633,26.093525,2.850570538370313,0.2065074012403814
68.0,3,3,8,112000,66,1986,1,-1,44.41055,26.07606,1.7402580798481382,0.183372475439258
110.0,3,0,1,545000,6,1957,0,0,44.465893,26.08421,0.1798946480815085,0.2537699523422033
90.11,3,3,7,119835,76,2026,1,-1,44.42174,26.199978,1.6252590585137756,0.5043240332457913
94.0,4,3,9,207700,30,1979,1,0,44.428024,26.043999,0.5283959059140495,0.265257175310043
34.0,1,7,10,69500,55,1979,0,-1,44.447216,26.128565,0.4642964402792261,0.1853014417388529
70.0,3,6,8,118000,30,1970,0,-1,44.42721,26.05094,0.25091680506324,0.2113650189756044
28.31,1,6,8,80000,58,1988,1,1,44.4344,26.160894,0.6939771072888348,0.0601704417567721
53.0,2,10,10,120000,10,1982,1,1,44.3963,26.114937,0.53793103732628,0.0290962025604704
80.0,3,3,15,290000,20,2024,0,0,44.436142,26.102684,0.0318356974740161,0.0786614073336896
52.0,2,4,7,77500,52,2024,1,0,44.436867,25.987387,0.7496236202927874,0.1159043882011199
41.12,2,3,7,73554,76,2026,1,-1,44.419956,26.199883,1.433923140226391,0.5873485300814081
63.0,2,1,4,120000,69,2026,1,0,44.40415,26.16252,1.045893322572827,0.1580199168138883
63.0,2,1,4,115000,69,2026,1,0,44.40415,26.16252,1.045893322572827,0.1580199168138883
76.5,3,2,4,188000,69,2026,1,0,44.40415,26.16252,1.045893322572827,0.1580199168138883
41.0,2,1,7,73553,76,2027,1,-1,44.420834,26.199236,1.5120964966839243,0.49075029554768
93.7,3,4,4,202479,76,2026,1,0,44.418762,26.204088,1.459785206509334,0.9397064411438116
55.85,2,1,10,103600,76,2025,1,1,44.419315,26.199734,1.3626566443346728,0.6231068499090243
44.49,2,2,3,71000,76,2026,1,0,44.416576,26.20275,1.1987334819060418,0.9568738495677104
36.5,1,11,11,126999,44,2023,1,0,44.44181,26.05574,0.3904338150782528,0.2412632416071891
82.0,3,0,13,338000,61,2021,1,0,44.484623,26.108479,0.7808235801340581,0.1324411962179557
70.0,3,3,4,250000,8,2017,1,0,44.533382,26.094952,6.043803876456734,0.5281265906945968
50.0,2,0,7,87000,10,1997,0,-1,44.385075,26.13705,0.6243288999682154,0.1758210368652874
65.0,2,1,5,225000,83,2015,0,-1,44.42406,26.080399,1.2442671806451322,0.2004149112809419
167.0,5,0,3,308000,13,2012,1,1,44.495235,26.032616,0.1009572437673992,0.1243852334287797
32.0,1,6,10,62000,79,1980,1,0,44.41703,26.174816,0.7571513709292874,0.1778477199676093
40.0,2,1,7,60000,52,2026,1,1,44.43774,26.017382,0.514666956033878,0.2179837448345945
50.0,2,0,4,110000,30,1973,0,-1,44.42255,26.045681,0.2943720359954397,0.1925589825779139
69.4,3,3,10,295000,74,2022,1,-1,44.469997,26.112537,1.2318530606759313,0.2397964182633566
50.0,1,2,9,58900,48,2024,1,0,44.371014,26.112244,2.070758708467378,0.226272285111656
38.0,2,4,10,72000,58,1974,1,3,44.443188,26.163288,0.9836429235700878,0.0542714859571825
114.2,3,2,2,249990,43,1930,0,1,44.45553,26.06949,0.6270567659948855,0.3204654979881812
44.0,2,2,10,76200,52,2026,1,0,44.440765,25.970472,1.93510687402646,0.7186465996497546
76.25,3,2,7,145900,76,2026,1,-1,44.41185,26.207092,0.7004743126670052,0.6641075109551544
38.0,2,1,7,56500,52,2026,1,1,44.43774,26.017382,0.514666956033878,0.2179837448345945
50.0,1,2,9,59000,48,2024,1,-1,44.374584,26.11055,2.0497254790681487,0.2598113474257105
64.9,2,8,11,119900,76,2025,1,0,44.414894,26.201572,0.9922946276184804,0.9010064796594326
63.0,3,8,10,104900,52,1978,0,-1,44.43357,26.018906,0.2021696363466932,0.0815282301748772
38.0,1,1,4,83500,79,1982,0,-1,44.412987,26.14474,1.0070147895791943,0.3458571041251497
41.0,2,4,8,88000,17,1960,0,-1,44.430283,26.107256,0.5521069602707699,0.0473625567595486
45.0,2,4,10,72000,10,1975,1,-1,44.383636,26.100271,1.818806872666569,0.1544765604272725
220.0,3,5,5,360000,49,2019,0,-1,44.437428,26.132612,0.3928209357652509,0.022891281497898
64.25,3,0,8,101000,66,1985,0,-1,44.411983,26.075697,1.833690376196496,0.1767061939473527
211.0,3,3,4,235000,39,2026,1,0,44.40469,26.004124,1.9630592319090832,0.6453217667299312
81.0,3,0,1,131000,49,1944,0,1,44.432907,26.133911,0.3621560465337087,0.2695911826428779
48.84,2,3,7,195200,61,2023,1,-1,44.47718,26.117907,0.4026441127828695,0.1003128814498952
62.0,2,0,3,84500,76,2026,1,-1,44.41515,26.201748,1.0234892804141955,0.932237332222674
65.0,3,7,10,110000,66,1978,1,3,44.403236,26.056408,2.4997877417407453,0.0939725889356636
42.0,2,0,3,76000,76,2026,1,1,44.41515,26.201748,1.0234892804141955,0.932237332222674
60.0,3,6,8,99999,74,1975,0,-1,44.459457,26.129923,1.1551521248148198,0.1511307141523187
86.0,3,5,6,149900,11,2021,0,1,44.40839,25.99348,2.1322006674171567,0.1256911142201659
262.48,5,5,7,950000,61,2018,0,-1,44.474472,26.111681,0.7944287434931487,0.2260857518685568
45.0,3,2,4,59900,33,1975,0,0,44.391796,26.079056,1.963083734054712,0.2397891280947134
37.0,2,4,4,55000,10,1971,0,0,44.378307,26.104956,2.13273979239054,0.2202700172170451
32.0,1,2,3,46998,65,2016,0,0,44.375645,26.093878,2.837309436152453,0.2336372091150821
31.0,1,9,10,59999,79,1968,1,0,44.419605,26.169802,0.8255610634548725,0.2838998758324222
59.0,2,0,10,95000,37,2013,1,0,44.46117,26.160807,2.933171056139931,0.1721099837001043
35.0,2,4,4,58000,52,2019,1,0,44.437927,25.98733,0.8644665087881126,0.2338534047995446
72.38,3,1,5,145000,76,2026,1,0,44.42001,26.200119,1.445695029850649,0.599173064487798
54.0,2,7,10,180000,84,1982,1,0,44.400116,26.11517,0.5074117475568148,0.4439004137442585
53.0,2,4,4,100000,31,1988,0,1,44.453465,26.146076,1.731646792559734,0.2489263579895439
54.0,2,2,10,81000,18,2026,1,0,44.441177,25.974974,1.6937831483995225,0.6309810568104592
72.38,3,1,5,119835,76,2026,1,0,44.419533,26.199638,1.3831389274949306,0.6013546442706671
80.0,4,10,10,128000,66,2018,1,0,44.40326,26.056376,2.496630865233492,0.0958831824554027
43.17,2,2,9,99490,10,1974,0,0,44.39731,26.115795,0.5561302518372482,0.1398807557401351
84.0,3,0,2,130000,26,2009,0,-1,44.45467,26.17326,2.1492103670606526,0.7579158883623991
69.15,3,0,6,112000,48,2025,1,1,44.368534,26.12119,1.667858298834167,0.1816399582346971
33.0,1,0,7,62500,10,1965,0,-1,44.389614,26.109726,1.015157697205681,0.0413086748166366
46.2,1,2,6,69000,48,2025,1,0,44.368088,26.114336,2.104984297055474,0.0
43.0,2,2,10,61000,70,2007,1,0,44.399006,26.143957,1.8481351707619291,0.1280498597342953
47.0,2,4,7,103000,43,1967,0,-1,44.46902,26.05606,0.5104449838740995,0.1548182180176742
82.0,3,2,2,229000,8,2025,0,1,44.489853,26.095587,1.2454704626232913,0.4104737841606557
61.0,2,3,8,120000,48,2022,1,-1,44.360744,26.133816,1.1998622794574427,0.2846050083320574
79.0,3,2,7,320000,8,2025,1,1,44.489853,26.095587,1.2454704626232913,0.4104737841606557
45.43,2,7,8,130000,77,1964,1,0,44.420803,26.104868,0.672134925903034,0.0822592070621552
64.69,3,2,8,147990,66,1982,1,0,44.412098,26.075996,1.8184998454679449,0.1856064082754874
45.0,2,4,8,115000,69,1974,1,0,44.410492,26.166948,0.5564760042464162,0.1897403443997545
51.0,2,1,2,149000,55,2024,0,1,44.44711,26.1433,1.060665691495721,0.0191256921220831
94.17,4,7,7,415000,78,2008,1,0,44.409782,26.113949,0.7687377906306793,0.1146109632856545
26.81,1,4,4,75000,52,1976,0,0,44.42909,26.057981,0.3293825410019244,0.1930361968580351
50.0,2,5,8,109990,58,1963,1,0,44.4421,26.134096,0.1507190903609259,0.1228658939365484
58.0,2,1,2,149000,55,2024,0,1,44.44711,26.1433,1.060665691495721,0.0191256921220831
50.0,2,5,8,109990,55,1963,1,0,44.445152,26.127897,0.6100508104411942,0.1177280042422578
67.3,3,8,10,159999,30,1978,1,0,44.41976,26.048586,0.607540082307423,0.0769832920885301
77.5,4,1,5,225000,20,1930,0,1,44.436928,26.094551,0.5752529562251822,0.0992964734094189
63.0,3,10,10,145000,78,1976,1,0,44.413868,26.10862,0.3290391838337785,0.2217386533606015
23.0,1,-1,2,42000,13,2014,0,-1,44.487236,26.032063,0.4447594787371364,0.3877087770182318
69.0,3,1,7,151000,10,2018,0,-1,44.39319,26.1163,0.4772643425119352,0.3118186342190515
115.0,4,1,7,480000,44,2018,0,-1,44.439075,26.067738,0.7056984535337183,0.1867787365942295
91.0,3,2,7,119835,76,2026,1,-1,44.42199,26.197243,1.60419244936498,0.2908377801526456
78.28,3,2,11,169900,30,2027,1,1,44.426125,26.018797,0.6472235497136336,0.0996326819296159
61.25,3,2,11,149900,39,2026,0,1,44.41254,26.036737,1.0906041933051016,0.1899378417084285
68.0,3,1,8,144000,82,1983,0,1,44.41549,26.046524,0.9495394814029972,0.0685342896871433
50.0,2,3,10,109900,79,1968,1,0,44.423283,26.168522,0.5017971676860218,0.2306397136984749
91.0,3,2,7,123140,76,2026,1,-1,44.418507,26.201002,1.316717734651414,0.7483770317073104
52.28,2,1,5,85124,76,2026,1,0,44.42015,26.200258,1.4640442686108963,0.5997393680392
70.81,3,2,2,295000,28,2018,0,0,44.457153,26.094126,0.9695677183123192,0.1580721731634362
52.28,2,1,5,85124,76,2026,1,0,44.41945,26.199556,1.372323115564372,0.6025584885144772
62.1,3,4,6,175000,21,2024,1,1,44.45949,26.140621,1.6868174659623818,0.2720133257333656
56.0,2,4,8,110000,52,1981,1,0,44.434658,26.012163,0.7167348505461945,0.0423189746404194
58.0,3,3,8,159999,43,1984,1,0,44.46178,26.071587,1.075707999254707,0.0956137630587484
57.0,2,0,6,181500,52,2023,1,1,44.431816,26.00461,0.2718811985872777,0.06527120769648
83.0,3,2,8,297999,83,1984,1,0,44.423702,26.07586,1.2403565608097025,0.1259609123301128
99.93,4,4,7,175207,76,2026,0,-1,44.41991,26.19996,1.4310526604124931,0.5953032813802541
87.0,3,1,5,550000,6,2008,1,3,44.46198,26.07782,0.82632497757666,0.2141266542871291
46.7,2,3,12,228000,61,2024,1,0,44.4776,26.107985,0.6366186171718391,0.2268595299708174
97.0,4,8,8,275000,88,2018,1,0,44.419502,26.129786,0.7710516671409143,0.2168155823205854
163.0,4,4,7,599000,47,2018,1,1,44.4877,26.0903,1.2355170895622705,0.3415655820107285
40.0,2,2,7,80000,53,2018,0,-1,44.4424,26.1198,0.904804836235118,0.1701816699063163
71.09,3,8,11,263499,1,2024,1,0,44.4175,26.07307,1.583526360583159,0.1892052070000058
70.0,3,-1,4,100000,3,2016,1,0,44.37383,26.143595,0.5461091105620144,0.3150769520059528
94.17,4,5,7,148760,76,2026,0,-1,44.41991,26.19996,1.4310526604124931,0.5953032813802541
55.0,3,5,5,119900,79,1980,0,-1,44.417927,26.169008,0.7798407473558698,0.2151109164242122
78.67,4,2,4,120000,42,1975,0,0,44.38454,26.099049,1.7680784834827732,0.2013719336033689
55.0,3,5,5,125000,56,2010,0,0,44.411514,26.179077,0.3166082688244254,0.1941999806588324
55.0,2,10,10,80000,79,2018,0,0,44.415184,26.179832,0.6480966069098626,0.4529025649012572
50.0,2,7,8,189000,88,2022,1,-1,44.41227,26.129124,0.1449527589398501,0.0889168537578761
70.0,3,1,4,154990,10,1964,0,0,44.389175,26.118279,0.5270237414721367,0.0988403435413612
87.0,2,4,5,365000,47,2007,1,-1,44.48458,26.08994,1.016885734842297,0.1894668206235211
50.0,2,11,12,165000,52,2022,1,-1,44.429874,26.036642,0.5672992692178309,0.3819231913381705
34.0,1,7,11,128000,52,2018,1,-1,44.431004,26.037806,0.5095676163669454,0.3731591183576828
64.0,2,5,9,239000,16,1997,1,-1,44.42623,26.125778,1.2082397946689778,0.1350752114613353
34.0,2,9,10,69980,10,1971,0,0,44.381653,26.126759,0.7218335225265388,0.1581003766965312
76.6,3,3,4,363000,16,2027,1,0,44.43424,26.112198,0.7697039651990397,0.1402651394672893
37.7,2,8,10,69000,10,1975,1,0,44.385895,26.109493,1.2844566263566082,0.1416386766014991
32.0,2,0,6,60000,52,2020,0,-1,44.43774,26.017382,0.514666956033878,0.2179837448345945
32.0,1,2,3,46999,65,2016,0,0,44.375645,26.093878,2.837309436152453,0.2336372091150821
51.0,2,2,8,87999,10,1965,0,0,44.389137,26.110382,1.0371623216438215,0.0416046403012008
56.0,2,9,10,107499,79,1979,0,-1,44.41369,26.173637,0.4116496612011258,0.0582262766618769
45.1,3,3,5,78000,10,1972,0,0,44.38011,26.109777,1.7398233135339969,0.1083989355653686
93.0,4,4,7,188000,31,1989,0,0,44.453144,26.149256,1.866539269309478,0.1290310390590105
66.0,3,11,14,107000,58,1976,1,0,44.443924,26.152147,1.5474673571328357,0.0878677966763828
66.0,3,1,8,143000,82,1983,1,-1,44.417503,26.0489,0.8490226888892096,0.2189110471009086
103.0,4,8,10,240000,55,1977,1,-1,44.452286,26.127138,0.3549914386312216,0.1540588262563195
78.0,3,2,8,204999,1,1988,1,0,44.422577,26.072735,1.1222364682417123,0.1407533421199343
72.0,3,3,4,169900,30,1986,0,-1,44.42354,26.059952,0.378507504088826,0.2201735308422713
71.4,1,9,12,256000,1,2023,0,0,44.417637,26.070374,1.4273751879525614,0.2226399369295285
65.42,3,3,10,159000,58,1978,1,0,44.443943,26.14686,1.141647560520907,0.1236867556708468
37.18,2,10,10,65000,10,1974,0,0,44.38414,26.100397,1.763272208402161,0.1104577110175247
46.62,2,9,9,93000,52,1972,1,0,44.434772,26.016088,0.4248240903815897,0.0878879377061277
78.0,4,3,4,173000,79,1968,0,1,44.41384,26.159237,0.1731144382976034,0.1862612619598828
50.0,2,2,10,115000,30,1973,1,0,44.422215,26.044214,0.2111083587593213,0.2343975408048709
75.0,3,5,8,162000,52,1982,1,3,44.440727,26.031017,0.7220776173619674,0.2594451800469978
73.0,3,4,7,125000,69,1971,1,2,44.412548,26.16093,0.1135913292590067,0.1808076441558804
40.0,1,3,4,95000,52,1988,0,-1,44.43542,26.025331,0.3494444879491457,0.1530052285169285
84.0,3,4,7,248000,10,2024,1,-1,44.38809,26.134834,0.946119761752428,0.2171457654136185
80.0,3,0,1,160000,25,2018,0,1,44.426407,26.135443,0.6580035764587349,0.1531723322861802
85.0,3,1,5,360000,71,2023,1,-1,44.449085,26.116562,0.6072557350648066,0.0199782143119922
73.0,3,5,8,124900,66,1986,1,-1,44.41322,26.065613,1.5984401536428678,0.3653851839206226
32.0,1,5,10,73000,79,1982,1,0,44.43298,26.157413,0.979288749453048,0.2617528015684529
80.0,4,7,7,164000,58,1977,1,-1,44.44224,26.16571,0.8042108913540211,0.0805609646616388
33.2,1,10,10,57000,21,1980,1,0,44.46401,26.13699,1.869380205325216,0.1719178356580691
40.91,2,1,5,73554,76,2026,1,0,44.419525,26.200138,1.3954228432121203,0.6325046416573495
126.0,4,0,5,649999,71,2023,1,-1,44.449085,26.116562,0.6072557350648066,0.0199782143119922
78.0,3,2,2,205000,1,1997,1,1,44.42082,26.066242,0.947767781481662,0.0603788824385211
93.0,3,1,2,195000,53,1938,0,1,44.440857,26.118437,1.1051465368795108,0.1647861665826023
80.0,3,4,5,298000,43,2013,0,-1,44.461445,26.068089,0.7965042435075698,0.3265447043143799
88.0,3,1,5,550000,6,2008,0,-1,44.462605,26.075924,0.9231175273084704,0.2620024514011393
183.0,3,2,7,385000,35,2018,0,-1,44.461792,26.102331,1.0377619310971236,0.0970835108057503
40.91,2,1,5,73554,76,2026,1,0,44.419563,26.19967,1.3871098634005348,0.6011139866999057
50.0,2,2,5,74850,52,2026,1,2,44.434658,26.012163,0.7167348505461945,0.0423189746404194
45.0,2,5,7,69500,52,2022,1,0,44.438206,25.987331,0.8945211686276571,0.2343541386633334
132.0,4,0,5,374000,86,2018,0,-1,44.499798,26.05747,2.118784611158264,0.3045825366829753
132.0,5,0,5,374000,86,2018,0,-1,44.49853,26.05651,1.9961146488613437,0.4644488791299694
30.0,1,10,10,62000,79,1975,1,-1,44.42003,26.1665,0.6319986029400282,0.1701303837167771
44.84,2,0,9,72000,10,1965,0,0,44.381313,26.120651,1.1854167976077246,0.3246066089312303
90.0,3,1,4,155000,69,2024,0,-1,44.408855,26.159945,0.5309299161723595,0.3231517577674984
65.0,2,1,4,159900,5,2026,1,0,44.48337,26.099524,0.471697114850592,0.0982833069577351
99.7,3,5,7,175000,76,2021,1,0,44.415916,26.19359,0.9102824484518864,0.516039028856806
35.85,2,1,10,65000,10,1971,0,0,44.379997,26.129469,0.4712288673210784,0.1762856771517632
60.0,3,7,8,120000,74,1976,0,-1,44.462994,26.130896,1.5490084819321737,0.0726154970199665
69.0,3,1,7,178000,79,2009,0,-1,44.423115,26.1754,1.031327960537375,0.0872853507422269
59.02,3,5,7,118000,17,1928,1,0,44.429455,26.10514,0.3609470143679087,0.1517736519613945
90.5,3,0,4,165000,69,2018,0,-1,44.412548,26.16093,0.1135913292590067,0.1808076441558804
40.0,1,4,7,73000,32,2018,0,-1,44.4462,26.108,0.7535371190925154,0.0307632887946744
62.0,2,3,4,155000,42,2016,0,0,44.38912,26.103167,1.1676330637513288,0.1681843915754341
52.0,2,3,9,89900,10,1966,1,0,44.386593,26.117664,0.7965899814660167,0.1763296497280315
78.0,3,4,8,253000,25,1989,1,-1,44.424904,26.12819,0.9707973571672642,0.1167769389441495
90.0,4,4,10,143900,10,1980,0,-1,44.38144,26.11623,1.3672271324929477,0.0742400930346152
69.0,3,9,10,129900,58,1975,1,-1,44.4398,26.180704,0.7263838866577429,0.077143481512772
60.0,3,1,4,125000,10,1975,0,-1,44.38517,26.10475,1.5468447165403345,0.2583233710197503
50.0,2,2,5,294900,16,2023,1,0,44.42521,26.093246,0.6954844930516051,0.2156633134144027
67.0,3,2,4,124900,79,1968,0,3,44.418793,26.165289,0.6638281452939091,0.1519473374461453
77.0,3,7,8,280000,16,2000,1,0,44.42632,26.110212,0.7599738794742134,0.1395411641569118
75.0,3,9,20,400000,74,2022,0,0,44.47025,26.109867,1.2498940953704218,0.1151394313623112
65.0,2,1,5,131250,76,2025,1,0,44.414867,26.189219,0.882718062893198,0.6536432570500211
56.84,3,0,4,147000,79,1967,0,-1,44.414673,26.156336,0.4198857389802712,0.1139315079430093
56.0,2,-1,4,72000,63,2017,1,3,44.36533,26.14722,0.4888610402786346,0.3875581058429406
74.0,3,10,10,133500,79,1964,1,1,44.42823,26.17472,0.9117824757114464,0.4038832537189025
52.1,2,7,7,107500,48,2025,1,-1,44.3688,26.112171,2.199924889656431,0.1894305471313136
37.0,2,10,10,54899,20,1972,1,0,44.436142,26.102684,0.0318356974740161,0.0786614073336896
64.0,2,4,4,105000,31,1988,0,1,44.453274,26.146822,1.7508141518943423,0.2059227876819307
38.0,2,7,10,74999,10,1975,1,0,44.382706,26.103773,1.8312962593619664,0.2791138484899427
34.0,2,9,10,69990,10,1971,0,0,44.381653,26.126759,0.7218335225265388,0.1581003766965312
37.0,2,4,4,59899,42,1976,0,-1,44.387787,26.09968,1.428095528023373,0.378467009369862
75.85,3,3,7,115702,76,2026,1,-1,44.412746,26.203234,0.8927512956320854,0.7334751417298152
63.9,2,1,7,105500,76,2026,1,-1,44.412785,26.195797,0.5770141435984992,0.616856489646861
51.01,2,1,7,82616,76,2026,1,-1,44.416576,26.20275,1.1987334819060418,0.9568738495677104
73.0,3,11,11,227000,87,1979,1,-1,44.451565,26.087385,0.2480590930062581,0.0290721205862561
60.0,2,3,3,117525,76,2026,1,0,44.41628,26.202694,1.169303056134148,0.968065135299939
40.0,1,6,9,78900,48,2025,1,0,44.36842,26.122168,1.6260063683328685,0.2020999858367621
51.0,2,1,4,89000,76,2026,1,0,44.41927,26.199732,1.3578783555390848,0.6263500514258723
71.05,3,0,2,134000,76,2026,1,0,44.41277,26.191763,0.5897225215875054,0.5351192863168143
58.3,2,1,4,109445,76,2026,1,3,44.421143,26.200327,1.5702804222402582,0.5530191986639951
54.95,2,1,4,103365,76,2026,1,3,44.421143,26.200327,1.5702804222402582,0.5530191986639951
50.0,2,1,4,95000,30,1971,0,-1,44.41867,26.028357,0.5150714633585878,0.1230822425657045
73.0,3,8,10,159990,30,1979,0,0,44.41959,26.048155,0.6314475619124417,0.048986581574572
91.0,2,4,5,365000,47,2007,1,1,44.483616,26.0896,0.980456915577648,0.2087144384330519
50.0,2,4,11,103990,3,2020,1,-1,44.368523,26.135721,0.6332255490643293,0.2373231936810824
30.0,2,0,3,55000,32,2018,0,1,44.445786,26.104164,0.5225818600519163,0.2786947835416907
60.0,3,0,4,105000,42,1975,0,-1,44.38406,26.09326,2.059739004614316,0.1882207393279467
39.0,2,2,4,123000,10,2018,1,-1,44.38188,26.122648,1.0426912840415563,0.1639027586659538
48.0,2,0,4,92000,79,1964,0,2,44.431877,26.16481,0.5505223926502304,0.2288468838543928
84.0,3,5,5,269900,8,2025,0,-1,44.490105,26.092197,1.374968834526357,0.4338842438164763
55.0,2,5,6,130490,52,2019,1,-1,44.442596,26.018793,0.9684527217524296,0.1180392041136337
49.0,2,1,4,94999,30,1971,0,0,44.418488,26.030989,0.4371410347281047,0.2049749162026015
31.0,1,8,10,68500,30,1979,1,-1,44.426685,26.038872,0.4461284841837692,0.2025640681242765
63.0,3,1,7,160000,74,1978,1,-1,44.464226,26.126785,1.603652998817077,0.0514344101202213
90.0,4,3,8,147000,66,1983,1,-1,44.410255,26.064663,1.8758378293195384,0.3659588320046137
68.0,3,4,4,115000,10,1967,0,1,44.37716,26.11746,1.448896423874242,0.1415794595952791
55.55,2,3,4,106000,69,2026,1,0,44.40513,26.16302,0.9420869325364424,0.042880704332062
77.5,2,2,4,138000,69,2026,1,0,44.405888,26.16334,0.8629460976303163,0.0464276494303812
87.5,2,0,5,185600,88,2024,1,0,44.416283,26.119804,0.5130209888392392,0.3889752727353853
66.85,3,2,5,226800,88,2026,1,0,44.416565,26.11941,0.4799746923634116,0.40040762009517
44.46,2,3,5,151111,88,2026,1,0,44.416565,26.11941,0.4799746923634116,0.40040762009517
88.0,4,11,12,189000,58,1977,1,0,44.442387,26.15812,1.181613921797377,0.13776248508763
49.0,2,9,10,105000,30,1971,0,3,44.414764,26.028513,0.4732501016074504,0.21761327107537
43.45,1,2,4,82492,76,2026,1,3,44.421143,26.200327,1.5702804222402582,0.5530191986639951
19.0,1,8,10,39500,-1,1975,0,-1,44.394123,26.121252,0.1549923073692415,0.0540719472488292
33.0,2,-1,5,55000,63,2013,1,0,44.36406,26.148838,0.6788342732899497,0.3163402829984084
36.0,1,5,7,73000,48,2022,1,0,44.36881,26.12144,1.6318185116356054,0.2103289267147544
53.0,3,4,7,79900,38,2018,1,-1,44.447464,26.076654,0.208920521409927,0.0667762061293043
76.99,4,7,8,248000,53,1983,1,-1,44.439137,26.115807,1.0969259795572948,0.110586486182274
49.0,2,3,9,122500,59,1960,0,-1,44.4432,26.097902,0.2887877703034212,0.0480289549357427
61.0,3,3,9,153000,59,1960,0,-1,44.443005,26.097961,0.3108116837490682,0.0572849356647533
78.06,3,7,7,359000,43,2019,0,-1,44.46368,26.061266,0.3789294222341332,0.3666878396131254
52.0,2,7,8,90000,49,1963,0,-1,44.44354,26.128952,0.438402428514012,0.0744116922328733
75.55,3,7,7,365000,43,2019,1,0,44.464355,26.059698,0.3789025075785673,0.3244839609878114
81.0,4,2,10,210000,10,1981,1,-1,44.3977,26.110636,0.1684400563694222,0.0673331204961235
40.0,2,4,5,88400,48,2016,0,-1,44.37255,26.125149,1.1281984423278046,0.2421477919216778
83.0,3,1,7,137000,48,2024,1,0,44.368088,26.114336,2.104984297055474,0.0
141.7,4,11,12,254800,10,2023,1,-1,44.388187,26.119263,0.5815033639268754,0.036627420178476
50.0,2,0,3,83000,65,2024,1,0,44.3708,26.097713,3.1433991746870094,0.0500895832897603
81.0,3,5,5,165900,48,2018,1,0,44.372726,26.118313,1.555815692920228,0.2998993133062894
78.0,3,2,8,205000,1,1997,1,3,44.4223,26.06677,0.879218068699457,0.2222915485736359
71.0,3,5,6,100500,48,2026,1,0,44.368088,26.114336,2.104984297055474,0.0
62.0,3,2,2,195000,20,1943,0,1,44.43844,26.086685,0.6669127520535582,0.0643251463388908
60.0,3,1,4,125000,10,1974,0,0,44.384335,26.108547,1.4527767530851998,0.1161038181508104
30.0,1,2,8,69000,52,1980,1,0,44.436066,26.02581,0.4173308875209502,0.2281233982155733
30.0,1,2,8,69000,52,1980,1,0,44.43516,26.025068,0.3186963788359619,0.1257471892915009
46.0,2,5,10,119990,74,1970,1,0,44.459457,26.13058,1.1769166506184836,0.1205945430729468
92.0,3,11,12,195000,10,2023,1,-1,44.387398,26.121492,0.6202166864716833,0.2325675273046524
46.0,2,5,10,119990,74,1970,1,0,44.451626,26.126095,0.2452375446285628,0.1232664615658529
176.0,3,0,4,146750,76,2026,1,0,44.411736,26.206163,0.703027087546156,0.6389313045374114
131.25,4,10,11,169100,76,2026,1,0,44.415802,26.1977,0.9409731135128628,0.6855893229171097
84.95,3,10,11,130300,76,2026,1,0,44.415802,26.1977,0.9409731135128628,0.6855893229171097
50.0,2,3,7,97000,52,1997,0,-1,44.4429,26.01849,1.00668173959304,0.1069379365573746
65.95,2,1,11,100300,76,2026,1,0,44.415802,26.1977,0.9409731135128628,0.6855893229171097
64.1,2,1,11,97800,76,2026,1,0,44.415802,26.1977,0.9409731135128628,0.6855893229171097
57.0,2,3,7,113000,48,2025,1,2,44.36041,26.14949,1.0532851077968235,0.0997551227068263
45.0,2,3,7,88000,48,2026,1,2,44.360382,26.149681,1.0628243184689676,0.1099076029889377
36.0,1,1,6,64600,48,2026,1,2,44.363243,26.114872,2.3744618453129966,0.1514483370978992
60.0,3,4,10,120000,55,1963,1,0,44.44602,26.129786,0.6230644641391576,0.1820468380722273
57.7,2,2,6,76725,48,2026,1,0,44.36855,26.11245,2.1967871559658856,0.1584734238585757
189.64,5,11,11,235000,76,2025,1,0,44.4126,26.200375,0.7349049197198656,0.6299660599466632
174.1,3,11,11,211500,76,2025,1,0,44.4126,26.200375,0.7349049197198656,0.6299660599466632
268.39,4,0,11,210000,76,2025,1,0,44.4126,26.200375,0.7349049197198656,0.6299660599466632
164.96,4,11,11,207500,76,2025,1,0,44.4126,26.200375,0.7349049197198656,0.6299660599466632
142.59,4,11,11,176000,76,2025,1,0,44.4126,26.200375,0.7349049197198656,0.6299660599466632
133.2,3,11,11,172000,76,2025,1,0,44.4126,26.200375,0.7349049197198656,0.6299660599466632
106.59,3,0,11,134000,76,2025,1,0,44.4126,26.200375,0.7349049197198656,0.6299660599466632
127.35,3,0,11,132000,76,2025,1,0,44.4126,26.200375,0.7349049197198656,0.6299660599466632
92.82,2,10,11,123000,76,2025,1,0,44.4126,26.200375,0.7349049197198656,0.6299660599466632
115.36,2,0,11,119000,76,2025,1,0,44.4126,26.200375,0.7349049197198656,0.6299660599466632
53.66,2,2,3,81990,76,2026,1,0,44.416576,26.20275,1.1987334819060418,0.9568738495677104
47.27,2,3,3,74990,76,2026,1,0,44.416576,26.20275,1.1987334819060418,0.9568738495677104
115.69,4,5,5,148760,76,2026,1,0,44.42126,26.200356,1.5833553505869162,0.5502633031380695
31.0,1,2,10,49000,10,1966,1,1,44.377773,26.121101,1.1519599682100308,0.1161555849804699
74.7,3,2,6,174000,3,2025,1,0,44.378418,26.13346,0.2001237614733289,0.1958708875109413
84.75,3,6,9,129900,66,2025,1,0,44.394894,26.06108,2.9903351822177315,0.2721025903607001
63.0,2,2,5,85120,76,2026,1,0,44.42126,26.200356,1.5833553505869162,0.5502633031380695
52.78,2,2,5,78510,76,2026,1,0,44.42126,26.200356,1.5833553505869162,0.5502633031380695
49.07,2,11,12,97632,48,2025,1,0,44.367184,26.124887,1.505298866868684,0.1768338473837444
85.72,3,0,9,237160,83,2025,1,0,44.419807,26.07666,1.5604495920069987,0.0333201320761257
55.85,2,2,6,95500,48,2025,1,0,44.36773,26.114256,2.134405782907612,0.0403125087044948
54.0,2,0,7,240000,28,1930,0,-1,44.44986,26.10112,0.4895772385805616,0.2399434183684278
64.0,3,0,8,120000,66,1980,0,-1,44.4111,26.06193,1.7254092573955155,0.1294219398735671
70.4,3,0,5,449214,16,2025,0,-1,44.427223,26.114502,1.0780816443361578,0.2213843737384901
228.29,5,11,11,360000,58,2025,1,-1,44.439766,26.167212,0.5045513998145585,0.218634669874077
97.0,3,9,12,256000,1,2023,1,-1,44.41787,26.070072,1.392222924254027,0.2504428024178067
51.0,2,10,10,149500,43,1982,1,1,44.453037,26.075006,0.6456839101617398,0.0868036115517339
56.6,2,2,4,96900,39,2025,1,1,44.405197,26.006319,1.79536064533519,0.6179986706370824
65.0,3,0,4,125000,42,1975,0,1,44.385254,26.09842,1.7216322200445144,0.2592827289391987
72.0,3,0,8,176000,21,2023,1,0,44.46578,26.142618,2.2938196741472154,0.2688099735741819
57.0,2,9,12,169000,52,2016,0,-1,44.43117,26.030672,0.4429246772173815,0.3332597570945351
54.0,2,10,11,147000,52,2018,0,-1,44.43465,26.000397,0.2310902017922689,0.1160178927510662
52.0,2,8,8,71000,18,2018,0,-1,44.443787,25.98321,1.5846115434447647,0.5036510143846501
54.0,2,5,11,279000,47,2022,1,0,44.487396,26.091803,1.1354068429446582,0.2212440111577637
48.0,2,4,4,89000,-1,1965,0,0,44.432564,26.146152,0.6128810464161765,0.1864920850959994
41.0,1,2,3,57440,33,2025,0,0,44.39794,26.084936,1.1558241116111183,0.0475125255052889
53.0,2,8,10,129900,30,1972,1,1,44.41596,26.023293,0.0398901932242403,0.0463752376307266
18.0,1,1,7,44990,17,2018,0,-1,44.4345,26.10171,0.1735131332050436,0.1046033124060754
52.0,2,5,11,289000,47,2022,1,0,44.487396,26.091803,1.1354068429446582,0.2212440111577637
78.0,3,1,3,177500,56,2008,0,3,44.41264,26.185038,0.8022967119121633,0.4000709339157843
136.0,4,2,2,340000,24,2025,0,-1,44.484505,26.044804,0.3798463763382771,0.139172657792657
48.0,2,3,3,120000,5,1980,0,0,44.479927,26.100788,0.0947446687504787,0.0904047541539938
71.5,2,6,12,204490,-1,2027,1,0,44.473362,26.141172,2.1107682686925697,0.1725915407553236
127.5,4,6,14,639000,61,2025,1,0,44.476875,26.106829,0.5795096154222047,0.1287646050577811
77.3,2,1,6,138000,3,2025,1,2,44.373066,26.129911,0.8453217461856254,0.0786820415273728
78.4,3,5,7,141000,65,2025,1,2,44.375515,26.105978,2.3320640862176303,0.1266177247016043
87.83,3,1,11,153702,3,2024,1,2,44.36876,26.129395,1.1346704961585403,0.2233316121300458
84.0,3,3,6,139000,48,2025,1,2,44.36867,26.114674,2.0446209719315624,0.0700709199088806
204.0,3,8,8,350000,76,2024,1,0,44.4065,26.202864,0.4517910965196642,0.1165350994747492
49.0,2,1,4,68598,76,2025,1,0,44.413277,26.196556,0.6458743227807932,0.693499852644289
41.9,1,1,4,58658,76,2025,1,0,44.41309,26.196556,0.6260769875179358,0.6753390190451729
71.2,2,8,8,130000,79,2021,1,1,44.416958,26.187033,1.169131875262917,0.4803483575779434
40.0,2,4,6,124000,16,1960,0,2,44.43054,26.09347,0.3837576758883056,0.2263353454506224
115.0,4,6,8,319000,25,1996,1,2,44.428555,26.132774,0.6270133321008184,0.0228712275871144
106.0,4,1,8,365000,16,1992,1,2,44.42566,26.101831,0.2834856388470505,0.0809345765088731
61.0,2,5,8,180000,25,1995,1,0,44.428555,26.132774,0.6270133321008184,0.0228712275871144
30.5,1,9,10,59900,79,1968,1,0,44.433582,26.16821,0.2392648209802472,0.0543097842322958
56.0,2,0,7,114800,65,2023,1,1,44.377,26.094025,2.6965381080841904,0.179402480418109
44.0,2,7,7,89000,0,1964,1,0,44.470787,26.052794,0.2003857663461065,0.0753513920619341
55.0,2,7,10,189000,88,2020,0,-1,44.4121,26.129017,0.1346922116414194,0.0798766352369763
218.0,6,1,1,399000,87,1930,0,-1,44.44108,26.08782,0.9232679460186308,0.1835800076470048
76.5,3,6,6,225000,19,2022,1,1,44.49582,26.00079,2.060681804190321,1.0118721890970397
130.0,3,8,10,429000,16,1998,1,0,44.42604,26.115597,1.0553890576057083,0.2808006682266681
65.0,2,5,9,246500,16,1997,0,0,44.426033,26.127089,1.1063890546495003,0.0362079132607699
79.0,2,5,16,234900,61,2010,1,0,44.477837,26.11509,0.3392459170184789,0.1579923048536496
82.0,2,6,16,225000,20,2010,1,-1,44.436142,26.10272,0.0313182444653121,0.0812247771036757
89.0,4,8,8,188499,78,1982,1,0,44.409325,26.116325,0.8511944106682331,0.0736564459744229
64.41,3,9,10,115000,74,1975,1,-1,44.4633,26.13067,1.574949673188773,0.1033855124227245
66.25,3,4,4,94999,10,1969,0,0,44.38052,26.110693,1.6611384486463616,0.0810569796019365
96.0,3,3,7,289999,88,2022,1,0,44.41316,26.125751,0.1744214523465402,0.211369501874044
90.0,3,2,3,299999,28,1968,0,-1,44.449913,26.092846,0.5930978860461684,0.0879340976189449
58.0,2,6,8,192000,16,1995,1,0,44.4324,26.111423,0.7873175420245094,0.0817374062227695
38.0,2,5,7,125000,87,1978,0,-1,44.442673,26.089851,0.7046022832470086,0.2060082984636221
52.0,2,10,10,115000,29,1978,1,0,44.420113,26.138376,0.1324153537134861,0.0310855375060907
50.0,2,3,3,129000,35,1959,0,0,44.462284,26.105967,1.056845806067921,0.1650708242738838
90.0,4,4,4,198000,31,1989,0,-1,44.454964,26.145685,1.8009108713903246,0.1973270416813455
78.0,3,2,8,260000,16,1991,1,0,44.42492,26.12168,1.1289583848224534,0.1070051783337332
110.0,3,0,4,339500,-1,1991,0,0,44.489292,26.082733,1.7898220100361353,0.0945624414272769
85.0,3,2,3,450000,35,2025,1,0,44.45652,26.09756,0.7706337781001261,0.1839400787199965
117.0,5,5,9,380000,17,1989,1,0,44.429783,26.105694,0.4162441258816187,0.099781307050774
122.0,4,0,3,790000,35,2025,0,0,44.456947,26.098635,0.7294942193061444,0.2290934434623134
195.0,4,11,11,887999,84,2018,0,0,44.40151,26.112066,0.389286126950583,0.4236614672345483
53.0,2,1,10,82000,30,1973,1,-1,44.419827,26.024618,0.3736554248396356,0.3576929853839992
68.0,3,8,10,190000,43,1982,1,-1,44.460033,26.070877,1.0247310496023465,0.2732702080049787
65.0,3,8,8,173499,78,1987,0,0,44.41205,26.11425,0.519896660004956,0.0257252363153839
82.0,2,4,4,364900,59,2018,1,-1,44.44763,26.103115,0.484750559859801,0.0639860675965247
51.0,2,1,7,125000,52,1982,1,-1,44.43284,26.02252,0.1662572318355953,0.1592543423473263
97.0,4,5,10,190000,58,1984,1,3,44.44089,26.158072,1.0848954321960185,0.1730656789204733
39.0,1,8,11,122000,52,2025,1,-1,44.429527,26.019049,0.5382295300570809,0.2197897624149624
53.0,2,6,10,120000,79,1979,0,-1,44.411053,26.173532,0.1815285797797977,0.0482040893033884
58.0,2,1,10,110000,21,1978,1,-1,44.467163,26.146086,2.5905991816552825,0.0603397259631874
48.0,2,2,4,72500,11,2025,0,-1,44.40569,25.9869,2.7251954990269343,0.6236308190030022
88.0,3,1,7,550000,-1,2018,0,-1,44.47991,26.06407,1.4704452227329567,0.1015703933461899
59.0,2,0,4,140000,1,1984,0,-1,44.422195,26.060226,0.5149621534568525,0.1524409496163197
71.15,2,1,3,139900,31,2011,1,3,44.451843,26.14828,1.7087309228431726,0.1638975387743176
74.0,3,4,10,121000,66,1980,1,0,44.404274,26.059465,2.447244681408968,0.1427438902378705
46.0,1,6,11,172000,61,2020,0,0,44.484753,26.108507,0.7872035531831325,0.1368386592960611
71.0,3,3,4,99000,33,1951,0,-1,44.4056,26.077387,1.503668408620102,0.1973741330906201
50.0,2,4,7,29000,79,2018,0,-1,44.41817,26.1606,0.5206606050493752,0.3647647089419271
45.0,2,5,8,120000,74,1969,1,0,44.459076,26.13096,1.1528266217463303,0.0697357483154562
20.82,1,2,4,43000,76,2018,0,3,44.40636,26.182001,0.67204794650297,0.3388653709405745
39.0,1,3,6,67500,48,2025,1,0,44.373196,26.126305,1.0122643101492077,0.2731724217957741
153.0,4,1,7,249000,13,1992,0,-1,44.493313,26.038939,0.5831519090465881,0.432825209162678
46.0,2,2,3,159999,71,2020,1,0,44.44835,26.118874,0.4519664496737629,0.2135454228993411
50.0,2,5,10,120000,78,1980,1,0,44.41367,26.108948,0.3607558105454984,0.2377713638502432
62.0,3,1,10,149000,53,1964,1,0,44.443733,26.129059,0.4466761300502257,0.0604258679964279
41.4,1,1,3,57438,33,2025,0,0,44.39388,26.083654,1.5457585184179123,0.1322150095803412
59.3,3,0,4,98000,79,1965,0,0,44.425587,26.174744,0.95929872962129,0.2306176124948026
61.7,2,0,12,289190,-1,2027,1,0,44.473362,26.141172,2.1107682686925697,0.1725915407553236
60.35,2,6,6,124000,3,2025,1,2,44.373066,26.129911,0.8453217461856254,0.0786820415273728
61.8,2,5,7,111000,65,2025,1,2,44.375515,26.105978,2.3320640862176303,0.1266177247016043
64.0,2,4,7,106200,48,2023,1,0,44.370373,26.11506,1.912169013945709,0.0764281229840644
52.0,2,3,3,229000,35,1959,0,1,44.466152,26.102945,1.3088967809675136,0.0331414825835437
65.39,2,5,12,182900,-1,2026,1,0,44.471497,26.139767,2.1010448535164765,0.1473056086108232
38.7,2,2,3,127000,17,1910,0,-1,44.433502,26.102615,0.2628345819050682,0.1051507533635755
54.0,2,3,8,123000,52,1980,1,3,44.434723,26.022907,0.1428109587646596,0.0686874207539378
50.57,2,4,7,119900,77,1961,1,0,44.419308,26.104713,0.5057260578522442,0.172951234861886
50.0,2,3,8,123000,52,1980,1,-1,44.43545,26.023523,0.2301612585114569,0.136705380197199
39.0,2,0,10,63000,58,1977,1,0,44.442734,26.178654,1.0821333503215398,0.2660277996452064
45.32,2,8,8,83900,81,1976,1,-1,44.41033,26.17078,0.3760867213313852,0.1869574990409827
62.0,3,3,4,114000,30,1973,0,-1,44.421825,26.013437,0.0799411499517324,0.06092310276089
71.0,3,3,9,192500,30,1979,0,1,44.42768,26.043753,0.486354414022799,0.2480178589029338
62.2,2,8,9,135000,48,2023,1,-1,44.361275,26.129211,1.429401953177865,0.0862746648384288
84.0,3,11,11,352000,20,2018,0,-1,44.436142,26.102684,0.0318356974740161,0.0786614073336896
34.0,1,-1,7,43000,37,2018,0,0,44.46973,26.16995,3.6958408751677863,0.1658152141495033
53.0,2,9,10,117500,30,1973,1,-1,44.420944,26.028765,0.3429883643615555,0.1941085547192309
59.0,2,1,5,103000,3,2026,1,2,44.370754,26.128393,1.1282428293758553,0.0746800762450801
51.0,2,6,10,115000,25,1975,0,0,44.42998,26.138557,0.2789367160932873,0.1998615980820854
64.0,3,2,4,114000,30,1971,0,1,44.416927,26.03029,0.5934777464587941,0.2055399025125475
72.0,2,8,9,75500,52,2011,1,-1,44.43774,26.017382,0.514666956033878,0.2179837448345945
52.0,2,3,9,90000,10,1966,1,1,44.38694,26.11731,0.7765507350709534,0.1637698333138171
57.0,2,6,10,119000,13,1967,1,0,44.48786,26.03686,0.1448072753419813,0.0318372026130956
31.0,1,2,10,49000,10,1966,1,0,44.37981,26.13314,0.1789845495330511,0.0529073970596899
46.62,2,0,7,105500,76,2023,1,-1,44.41239,26.194578,0.5186242512517483,0.5380852771219738
40.0,1,1,5,63900,48,2027,1,2,44.36127,26.149233,0.9586973618379876,0.024131488129875
46.58,3,3,6,104900,66,2015,1,0,44.38813,26.061794,3.2859467754891014,0.1249636772295253
102.8,3,1,4,168735,48,2024,1,1,44.361282,26.118883,2.145452412698633,0.3497734115532614
47.0,2,4,11,77900,3,2025,1,0,44.36876,26.129395,1.1346704961585403,0.2233316121300458
133.4,4,4,4,322518,48,2025,1,0,44.361282,26.118883,2.145452412698633,0.3497734115532614
45.0,2,1,3,71000,76,2026,1,6,44.416576,26.20275,1.1987334819060418,0.9568738495677104
74.0,3,3,8,237900,54,1992,1,0,44.420986,26.115644,0.5114497114968315,0.0560802136048191
79.0,2,4,7,108295,76,2026,1,-1,44.420567,26.200115,1.5041932395659572,0.5660704574982548
41.0,1,2,4,76865,76,2026,1,1,44.42076,26.20016,1.525682952930108,0.5590227423247001
31.0,1,2,7,69000,59,1940,1,0,44.447063,26.100483,0.2705567023849449,0.0519507127045132
68.0,3,4,4,117000,10,1977,0,0,44.3815,26.129356,0.5230813766180072,0.2465340765522937
45.0,2,4,7,77000,48,2026,1,0,44.37016,26.114878,1.9371166662154464,0.1014842211886005
71.0,3,7,8,129500,66,1986,1,-1,44.4094,26.06894,2.0962111865797897,0.1044751103487813
48.0,2,5,5,69000,3,2016,0,1,44.37107,26.135107,0.7212941321074053,0.3392474416710109
78.0,3,3,8,339999,87,1983,1,0,44.441795,26.093956,0.5290113498329106,0.1705098061593205
56.0,2,0,4,89000,66,2017,0,0,44.39652,26.061588,2.8923067606192228,0.1437526998163118
70.0,3,2,4,120000,10,1970,0,-1,44.3815,26.11027,1.5916114759202138,0.0518193539693468
52.17,2,10,10,150000,71,1980,1,-1,44.45263,26.10826,0.2011217881770504,0.2805628581172545
38.0,1,6,7,104500,10,2017,1,-1,44.391884,26.109512,0.7622217904092012,0.0308518751004915
54.0,2,3,8,144900,55,1981,1,2,44.45115,26.121357,0.2578833261771233,0.1911615606465561
50.0,2,1,5,114999,79,2021,0,-1,44.417156,26.187527,1.1704426846995963,0.4549705750892163
51.0,2,3,3,149000,13,1956,0,3,44.4939,26.031593,0.0732199011992913,0.1361191122154623
31.0,1,9,10,69500,30,2018,0,-1,44.423367,26.047556,0.2569021785433492,0.0460622450584558
63.74,2,3,3,102000,76,2026,1,0,44.41941,26.195524,1.302731175824014,0.303843846196241
26.2,1,5,5,65000,63,2016,1,1,44.362503,26.150436,0.8935466609079807,0.186125527651835
65.0,3,4,4,127000,10,1975,0,-1,44.38654,26.10672,1.3686390331849447,0.2371131627872929
38.0,2,1,4,79000,10,1974,0,1,44.3804,26.104204,2.003312879846208,0.3654664764955684
101.0,3,3,5,410000,47,2023,0,-1,44.480843,26.091396,0.7280725081050899,0.1835439314452572
52.0,2,3,9,88900,10,1966,1,0,44.386574,26.117208,0.8158037244148398,0.1505778442820538
63.0,3,0,9,103000,66,1986,1,-1,44.410797,26.074759,1.8462173785715248,0.2643156094201285
115.0,3,5,6,525000,-1,2009,0,-1,44.480934,26.086138,1.1380005592923723,0.5516121238675851
70.0,3,10,10,109999,66,1978,0,-1,44.40759,26.072123,1.9476369265725748,0.3056018252324619
72.0,2,8,9,75480,52,2018,1,0,44.438175,25.987616,0.8859686529058096,0.2550078102911061
65.0,3,4,4,104999,30,1975,0,3,44.425903,26.017128,0.6031774463697858,0.0393269856542393
52.0,2,5,9,116000,79,1962,1,-1,44.429226,26.142984,0.5118712553431055,0.3661765268348879
63.34,2,1,5,85124,76,2027,1,4,44.42152,26.200914,1.625035240857184,0.5825643851069804
74.18,2,0,4,109005,76,2026,1,0,44.41153,26.201723,0.7373392095940857,0.5565988870811623
72.15,1,0,3,88700,76,2026,1,0,44.416985,26.198282,1.0803479633607964,0.6299341483797296
78.98,2,1,4,118470,76,2026,1,0,44.41153,26.201723,0.7373392095940857,0.5565988870811623
59.0,2,3,5,140000,10,2021,1,1,44.38188,26.122648,1.0426912840415563,0.1639027586659538
54.0,2,1,6,120000,48,2022,1,0,44.36639,26.11918,1.9520420646503047,0.10855112169572
37.0,1,9,10,72900,69,2018,1,-1,44.41179,26.167751,0.5421120129156443,0.0320750504958102
77.0,4,4,4,147900,30,1970,0,0,44.413513,26.020388,0.356701947279313,0.1851984475627514
50.0,2,8,8,115000,52,1979,0,0,44.43632,26.017813,0.3753730409982986,0.2933867453221472
76.0,3,3,8,238000,54,1992,1,-1,44.42097,26.115242,0.4993632232805566,0.0821262879140684
50.2,2,1,7,259300,61,2023,1,-1,44.48173,26.10881,0.630977262683318,0.1590788643145087
34.0,2,4,4,58000,52,2019,1,0,44.43748,25.98733,0.8164318640448318,0.1841821107864797
61.0,2,3,11,133500,73,2021,1,-1,44.505676,26.027023,0.3488911041268799,0.0638519437523182
90.0,3,1,5,382000,47,2009,1,0,44.48748,26.088505,1.3138028898464933,0.4067762175961076
58.0,2,1,4,81200,41,2026,1,0,44.46644,26.022112,2.29488845957091,0.4161568548384094
88.0,2,2,8,158400,89,2025,1,-1,44.48295,26.163383,3.717914596789371,0.5753331407152963
57.0,2,1,4,79716,41,2026,1,0,44.46644,26.022112,2.29488845957091,0.4161568548384094
51.0,2,8,10,159000,25,2012,1,0,44.430485,26.131062,0.6262595541038628,0.1183913969930858
46.0,2,3,3,130000,35,1960,0,1,44.46527,26.10618,1.3891624645712142,0.0346288319870333
71.0,3,1,4,99162,41,2026,1,0,44.46644,26.022112,2.29488845957091,0.4161568548384094
62.0,2,10,11,139450,73,2021,1,-1,44.50573,26.026327,0.3293732158671553,0.0786871671144081
60.0,2,1,4,83300,41,2026,1,0,44.46644,26.022112,2.29488845957091,0.4161568548384094
46.0,2,5,8,110000,58,1962,1,-1,44.442085,26.13408,0.1486338088307829,0.1215413374949676
72.0,3,9,10,72900,66,1977,0,-1,44.403046,26.056356,2.519525750386057,0.1047183348808822
59.0,2,1,5,105000,21,2025,1,0,44.46146,26.160364,2.972896631146224,0.1250392403160912
46.0,3,3,5,77990,10,1972,0,3,44.38023,26.109455,1.7437428443370298,0.1036048208055779
45.22,2,3,7,105000,79,1968,0,-1,44.423462,26.169079,0.5361300691066087,0.1906102728395479
67.0,3,6,7,144900,10,2018,1,1,44.3835,26.1332,0.4677540067029166,0.1432730176239005
65.0,3,1,7,109900,10,1967,0,-1,44.38117,26.12058,1.1885326251788335,0.3084273837094871
44.0,3,3,4,92900,10,1976,0,-1,44.386295,26.102623,1.4751414098557434,0.1993986393511189
40.42,1,2,9,94900,16,1975,1,-1,44.4285,26.093351,0.5600246443181727,0.1552859340495248
39.0,1,8,8,98000,16,1991,1,-1,44.42759,26.103882,0.2378729362360794,0.0790644054601071
50.0,2,8,8,115000,52,1979,1,0,44.431557,26.020958,0.2822661267044025,0.1784198504456544
41.0,2,6,7,69000,28,1945,1,1,44.454388,26.088177,0.4085589291294632,0.1695832936053916
85.0,3,2,5,188000,88,2026,1,2,44.40728,26.130178,0.5783104597065757,0.0710740816634772
94.0,3,9,11,199700,58,2008,1,-1,44.44708,26.1715,1.2941768369736542,0.4191453048691021
42.0,2,10,11,79900,74,1977,1,3,44.464245,26.12749,1.6140711836682722,0.0981691609798761
27.0,1,6,8,44900,67,2013,1,-1,44.44304,25.98539,1.453472965251467,0.403557804063212
72.0,3,10,10,145000,78,1976,1,3,44.413475,26.109262,0.3917165946480211,0.2570582677439889
260.0,5,5,6,1090000,47,2008,1,-1,44.48445,26.08821,1.122734530201405,0.319047124021229
32.0,1,10,11,125900,0,1963,1,-1,44.47175,26.050705,0.083141811381553,0.1056387862747243
58.0,2,5,10,79990,7,1988,1,3,44.44788,26.148827,1.4670875382117077,0.1622271419422539
53.71,1,0,2,120000,85,1949,0,1,44.436424,26.144297,0.6390239170176135,0.3271079195607211
115.0,5,4,5,219900,87,1937,0,-1,44.45071,26.088692,0.3746928677319698,0.1695989395242593
111.1,4,1,4,155540,48,2025,1,0,44.36773,26.114256,2.134405782907612,0.0403125087044948
36.0,2,3,4,58000,10,1970,0,0,44.378784,26.101254,2.296954851034194,0.1518169243221072
75.0,3,7,10,89899,52,1972,1,0,44.433796,26.028778,0.3982317632216833,0.0576822225588217
49.0,2,1,10,85900,55,1965,0,0,44.44403,26.129309,0.4568788576066803,0.059775540615837
152.65,4,4,5,875000,6,2010,1,0,44.46404,26.075294,0.9155792852230624,0.2968832612443881
60.0,3,1,4,124900,10,1975,0,-1,44.38663,26.109608,1.2287511541022458,0.0680851084686858
46.0,2,1,7,107000,10,1970,0,-1,44.392094,26.114983,0.5888119149731342,0.4077789971884747
19.0,1,5,10,42900,29,1971,1,2,44.419136,26.143173,0.3849859146086143,0.2194059458118779
52.0,2,5,7,116000,79,2018,0,-1,44.430305,26.149443,0.9071956280499176,0.3056651169287226
56.0,3,5,9,149000,63,2024,1,1,44.367424,26.146036,0.251127477588348,0.1788842938101261
57.0,2,1,3,125000,8,2008,0,-1,44.53253,26.09836,5.9362846112439,0.6821168715880455
73.0,3,4,10,108000,52,1979,1,0,44.43258,26.015106,0.5230813061233286,0.1730815509600726
72.29,3,8,10,90000,10,1969,1,-1,44.380543,26.116095,1.4645620539925688,0.1573880170050437
52.0,2,10,10,107000,74,1970,1,-1,44.459896,26.130552,1.220107967501309,0.1641643854998584
63.2,2,8,9,135000,48,2023,1,-1,44.361153,26.135899,1.0616540503121337,0.1151228436148255
36.4,2,10,10,68000,52,1975,0,0,44.432693,26.025885,0.3917195924625759,0.1566891486080281
40.0,1,2,6,67500,48,2025,1,0,44.368534,26.12119,1.667858298834167,0.1816399582346971
86.0,3,5,6,149900,11,2021,1,1,44.40819,25.992737,2.1912276922695155,0.1863991308821978
100.0,5,4,6,220000,87,1937,1,1,44.450443,26.088871,0.3995443273035348,0.1922570369116043
122.0,4,7,10,450000,35,2021,0,-1,44.46653,26.102194,1.250059474575511,0.0749952813098669
38.67,1,8,8,98000,15,1991,1,0,44.429993,26.107668,0.569315672992211,0.0587074136593966
197.0,3,7,8,205700,63,2025,1,0,44.36279,26.15153,0.9246861197925932,0.2702943444411608
47.0,2,5,10,82000,49,1960,1,0,44.440914,26.133669,0.0447336368898554,0.0630428195437052
112.57,2,2,7,329000,16,2023,0,-1,44.425095,26.093357,0.6938509510490106,0.2042898283949827
48.0,2,1,6,120000,48,2022,1,1,44.363255,26.11616,2.275552378371065,0.1305804124158131
85.0,3,6,8,195000,23,1983,1,0,44.457104,26.04738,0.5860702696076998,0.3642613112846217
93.0,4,1,7,545000,16,2022,1,-1,44.426434,26.09316,0.6496630451328534,0.0873195168781743
40.0,2,9,9,96999,28,1969,0,0,44.446945,26.096956,0.1379915496988418,0.0176651999863498
70.0,3,-1,5,100000,3,2016,1,1,44.3761,26.14608,0.8211829463612363,0.6349665116824985
52.0,2,1,2,159000,59,1932,0,1,44.44336,26.093678,0.4108904147131144,0.1344442895528784
51.13,2,1,5,73554,76,2026,1,0,44.41531,26.19741,0.8818729582190303,0.7131760175574318
67.0,3,7,8,115000,21,1985,0,-1,44.465668,26.141897,2.247914557633913,0.2104394776009253
68.0,3,3,8,104900,66,1986,0,-1,44.412266,26.068995,1.820004718311915,0.2328297137240418
37.0,1,2,3,79999,17,1937,0,0,44.433342,26.105423,0.3504542884546893,0.1390408914614826
41.25,1,10,10,77999,82,1981,1,0,44.41659,26.045723,0.8126285965719072,0.1913079184540237
61.0,2,2,7,89450,76,2026,1,-1,44.416576,26.20275,1.1987334819060418,0.9568738495677104
75.6,3,1,7,121900,76,2026,1,-1,44.411697,26.205086,0.7254811805207281,0.6302249583334381
76.35,3,1,3,166900,76,2025,1,1,44.414433,26.198055,0.807772366013883,0.8155513643452602
73.0,2,4,5,89000,67,2012,1,0,44.442844,25.989202,1.3854539063360427,0.5097031107185084
66.5,2,2,7,140000,76,2026,1,-1,44.41679,26.198242,1.058742581189671,0.6407966132007413
16.0,1,3,7,25000,33,1990,0,-1,44.389446,26.074759,2.389172853283416,0.4366195013318033
74.0,3,1,10,164900,29,1982,1,3,44.41881,26.13966,0.2614301209358657,0.0773897570189011
42.0,1,1,10,79000,74,1984,1,0,44.46182,26.1222,1.330861166950223,0.2268949518041339
51.0,2,11,11,170000,52,2018,1,1,44.43406,26.04061,0.5518179255987287,0.1408973168568786
60.0,2,6,7,111900,12,2025,1,1,44.42229,25.987148,0.9306426575159824,0.0269939855254585
48.0,2,3,7,105000,76,2022,1,0,44.415237,26.197392,0.8736984937812879,0.7187878372294622
41.0,2,6,7,67000,32,1945,1,1,44.436913,26.10733,0.3801051888106585,0.203546875468077
43.0,1,4,7,84900,12,2026,1,1,44.41259,26.002428,1.296337019896271,0.05769091561273
69.0,3,1,7,154991,10,1964,1,0,44.39319,26.1163,0.4772643425119352,0.3118186342190515
54.0,2,1,7,120000,48,2022,1,0,44.365936,26.116327,2.143896670044808,0.2064893247178458
31.0,1,3,4,63500,52,1981,0,0,44.43174,26.010866,0.6617160032271202,0.2989738771937834
79.0,4,2,10,209900,10,1982,0,-1,44.396927,26.112377,0.3297432710959995,0.2250695607280684
54.0,2,9,10,90000,79,1975,1,-1,44.414055,26.171148,0.5479545668379336,0.2030512689772342
70.46,3,0,7,116391,76,2026,1,-1,44.41711,26.203178,1.2668924182577004,0.9632803743852942
47.0,2,0,8,125000,74,1960,1,-1,44.457897,26.113937,0.8645312458897816,0.2001358576561044
50.0,2,6,7,91000,30,2025,0,1,44.42179,26.03563,0.1841040893161838,0.041338944508238
61.0,2,2,4,85900,76,2026,1,2,44.411907,26.205927,0.7263101553660067,0.6559353754553185
41.0,1,3,7,79000,76,2026,1,-1,44.41661,26.198141,1.037227493966448,0.647452235795501
41.0,1,5,7,74000,76,2026,1,-1,44.41685,26.198263,1.065602674843123,0.6379351012312556
33.0,1,0,4,79000,30,1972,0,-1,44.41714,26.017033,0.3901606587480258,0.1718710520299322
232.2,3,3,3,193805,76,2026,1,0,44.413303,26.20576,0.879778467944639,0.8098785489201394
152.7,4,0,3,179940,76,2026,1,0,44.413303,26.20576,0.879778467944639,0.8098785489201394
202.4,3,0,3,174190,76,2026,1,0,44.413303,26.20576,0.879778467944639,0.8098785489201394
176.6,3,3,3,165025,76,2026,1,0,44.413303,26.20576,0.879778467944639,0.8098785489201394
189.4,2,3,3,154260,76,2026,1,0,44.413303,26.20576,0.879778467944639,0.8098785489201394
66.83,2,1,5,89256,76,2026,1,0,44.41531,26.19741,0.8818729582190303,0.7131760175574318
133.0,3,0,3,147950,76,2026,1,0,44.413303,26.20576,0.879778467944639,0.8098785489201394
151.2,2,3,3,133100,76,2026,1,0,44.413303,26.20576,0.879778467944639,0.8098785489201394
48.0,2,4,7,87000,76,2026,1,-1,44.41665,26.19813,1.041190315164698,0.6438941760667964
148.8,2,3,3,131630,76,2026,1,0,44.413303,26.20576,0.879778467944639,0.8098785489201394
98.7,3,0,3,130200,76,2026,1,0,44.413303,26.20576,0.879778467944639,0.8098785489201394
85.0,4,7,9,159999,23,1982,1,-1,44.45344,26.052534,0.4213989648355172,0.0276289927777509
137.9,2,3,3,121335,76,2026,1,0,44.413303,26.20576,0.879778467944639,0.8098785489201394
134.9,2,3,3,118370,76,2026,1,0,44.413303,26.20576,0.879778467944639,0.8098785489201394
67.0,2,9,9,185000,8,2023,1,0,44.530624,26.102564,5.663953268757378,1.034719477422209
46.0,2,2,9,119900,59,1959,1,1,44.446,26.0977,0.0254989247564369,0.0597856879161411
46.0,2,8,8,82000,76,2026,1,-1,44.417606,26.198683,1.1558779596600277,0.6180467120731882
34.4,2,9,10,62499,30,1972,1,0,44.42569,26.024324,0.2995235965873319,0.0914720571097937
78.0,3,2,10,179999,35,2018,1,-1,44.456383,26.097116,0.7927278591631298,0.1743000083709441
134.7,2,3,3,117805,76,2026,1,0,44.413303,26.20576,0.879778467944639,0.8098785489201394
109.0,3,11,11,309990,61,2022,1,1,44.47726,26.114796,0.4075038721950413,0.1932946353134254
54.36,2,6,6,118000,52,2018,1,0,44.438454,26.003527,0.4919290180632282,0.2255988032675513
134.5,2,3,3,117525,76,2026,1,0,44.413303,26.20576,0.879778467944639,0.8098785489201394
82.0,2,2,3,106120,76,2026,1,0,44.413303,26.20576,0.879778467944639,0.8098785489201394
65.0,2,4,7,113750,76,2026,1,-1,44.417732,26.198786,1.1717548294918243,0.6182575062854471
65.0,3,4,10,134000,29,1970,1,1,44.424038,26.137552,0.3484067743111684,0.0733756073142013
97.0,4,2,4,159000,89,2000,0,1,44.51541,26.10661,3.942239235139409,0.1476422424917978
61.3,2,1,3,85820,76,2026,1,0,44.413303,26.20576,0.879778467944639,0.8098785489201394
71.0,3,2,8,205000,1,1995,1,0,44.422913,26.071127,1.0067711927992524,0.1013377895266597
43.33,2,2,3,60661,37,2026,0,0,44.46117,26.160807,2.933171056139931,0.1721099837001043
202.73,4,4,4,252195,76,2026,1,0,44.41153,26.201723,0.7373392095940857,0.5565988870811623
62.35,2,3,7,96333,76,2026,0,-1,44.411736,26.206163,0.703027087546156,0.6389313045374114
193.25,4,4,4,234675,76,2026,1,0,44.41153,26.201723,0.7373392095940857,0.5565988870811623
44.0,2,6,8,109800,59,1960,1,3,44.44066,26.098682,0.5767577883336265,0.0299023597730762
192.3,4,4,4,234150,76,2026,1,0,44.41153,26.201723,0.7373392095940857,0.5565988870811623
108.89,4,2,4,161730,76,2026,1,0,44.41153,26.201723,0.7373392095940857,0.5565988870811623
72.0,3,5,8,109000,66,1986,1,3,44.400246,26.058441,2.8606972785159503,0.1968359128608653
103.4,3,2,4,155100,76,2026,1,0,44.41153,26.201723,0.7373392095940857,0.5565988870811623
108.89,4,0,4,150945,76,2026,1,0,44.41153,26.201723,0.7373392095940857,0.5565988870811623
98.7,3,1,4,142905,76,2026,1,0,44.41153,26.201723,0.7373392095940857,0.5565988870811623
96.36,3,0,4,141306,76,2025,1,0,44.41153,26.201723,0.7373392095940857,0.5565988870811623
41.0,1,4,5,94500,88,1990,0,3,44.417316,26.131866,0.6865184863336363,0.1602524519360547
115.0,3,3,3,695000,77,2025,1,1,44.418335,26.106302,0.4181203851027775,0.3307049252718342
65.0,3,5,10,134000,30,1980,1,0,44.42235,26.01998,0.2635779709802744,0.1602699027046713
86.29,3,1,4,120420,76,2026,1,0,44.41153,26.201723,0.7373392095940857,0.5565988870811623
63.19,2,1,7,91626,76,2026,0,-1,44.41987,26.199936,1.4262269579264204,0.5964044329251427
74.91,3,0,4,112347,76,2025,1,0,44.41153,26.201723,0.7373392095940857,0.5565988870811623
52.0,2,3,10,79000,74,1970,1,0,44.45273,26.125008,0.3192247877131196,0.238764442229538
72.44,2,0,4,108660,76,2026,1,0,44.41153,26.201723,0.7373392095940857,0.5565988870811623
77.89,2,1,4,108600,76,2026,1,0,44.41153,26.201723,0.7373392095940857,0.5565988870811623
71.14,2,0,4,106710,76,2026,1,0,44.41153,26.201723,0.7373392095940857,0.5565988870811623
70.18,2,0,4,105270,76,2026,1,0,44.41153,26.201723,0.7373392095940857,0.5565988870811623
69.91,2,0,4,104865,76,2026,1,0,44.41153,26.201723,0.7373392095940857,0.5565988870811623
53.7,1,3,4,73755,76,2026,1,0,44.41153,26.201723,0.7373392095940857,0.5565988870811623
49.7,1,0,4,72510,76,2026,1,0,44.41153,26.201723,0.7373392095940857,0.5565988870811623
43.42,1,1,4,65130,76,2026,1,0,44.41153,26.201723,0.7373392095940857,0.5565988870811623
43.42,1,1,4,64800,76,2026,1,0,44.41153,26.201723,0.7373392095940857,0.5565988870811623
127.0,3,3,3,154721,76,2026,0,0,44.41547,26.1975,0.9009863860360257,0.7035602604815752
78.14,3,1,3,121117,76,2026,0,0,44.41547,26.1975,0.9009863860360257,0.7035602604815752
73.57,3,1,3,114034,76,2026,0,0,44.41547,26.1975,0.9009863860360257,0.7035602604815752
138.3,3,0,3,161000,76,2026,1,0,44.416985,26.198282,1.0803479633607964,0.6299341483797296
82.0,4,3,10,138000,21,1979,1,-1,44.46557,26.139114,2.10727498794855,0.0558817043441621
61.25,2,1,3,91900,76,2026,1,0,44.416985,26.198282,1.0803479633607964,0.6299341483797296
53.0,2,3,6,75500,48,2026,1,0,44.37016,26.114878,1.9371166662154464,0.1014842211886005
58.01,2,0,3,87900,76,2026,1,0,44.416985,26.198282,1.0803479633607964,0.6299341483797296
44.0,1,1,3,70500,76,2026,1,0,44.416985,26.198282,1.0803479633607964,0.6299341483797296
88.0,3,9,9,225500,10,2024,1,2,44.386307,26.121176,0.74357758930785,0.1859337672434267
66.0,2,2,4,95000,66,2022,1,-1,44.378662,26.046463,4.57244965767114,0.0426623953066294
71.0,3,0,2,80000,17,1910,0,1,44.43442,26.105762,0.2864070210691012,0.1550749502876442
83.3,3,4,4,122000,11,2020,1,-1,44.40686,25.986597,2.631736513471556,0.5819909527830658
56.0,2,2,4,298500,16,2023,1,0,44.425823,26.092508,0.720725276763446,0.1722312721688065
43.0,1,0,6,78650,48,2025,1,0,44.368446,26.11228,2.2144569268452865,0.1682073064939068
46.2,1,1,6,83490,48,2025,1,0,44.36838,26.112215,2.222848420575815,0.1716939067547069
70.4,3,5,6,121605,48,2025,1,0,44.367847,26.11168,2.291436573516015,0.212817312088143
60.95,2,1,3,91500,76,2026,1,0,44.416985,26.198282,1.0803479633607964,0.6299341483797296
67.0,3,0,10,134990,30,1978,1,-1,44.42013,26.038462,0.4591057253765663,0.3092235852816776
75.85,3,1,3,115702,76,2026,1,0,44.415024,26.202993,1.074446615064015,0.951726942691038
62.0,3,1,3,339500,16,2025,1,1,44.426765,26.102537,0.1960698519578308,0.1067448692024282
64.0,3,1,4,125000,10,1975,0,0,44.383816,26.106903,1.5896363069746409,0.2586167249356494
38.0,2,2,4,64500,10,1978,0,0,44.380875,26.098236,2.164634751229945,0.15505445792825
65.0,3,4,4,124900,79,1975,0,0,44.416214,26.16512,0.4224308178858438,0.1190035121237037
49.7,2,2,5,128999,77,1962,1,0,44.417225,26.111364,0.1702656040213417,0.1457690064977043
56.5,2,2,6,99825,48,2025,1,0,44.368465,26.111511,2.264215639678957,0.2284352478410179
79.4,3,1,5,110744,48,2025,1,0,44.36773,26.114256,2.134405782907612,0.0403125087044948
62.3,2,4,5,88017,48,2025,1,0,44.36773,26.114256,2.134405782907612,0.0403125087044948
46.0,2,2,7,145000,28,1940,0,-1,44.45545,26.090899,0.6510417770397694,0.3278046619374032
61.0,2,2,5,86364,48,2025,1,0,44.36773,26.114256,2.134405782907612,0.0403125087044948
77.0,4,4,5,129990,79,1976,0,0,44.419212,26.172815,1.0205046237264117,0.222352145091577
57.0,2,3,5,135000,63,2015,1,1,44.364033,26.14874,0.6765552051123244,0.3136353385325702
37.0,1,0,5,103000,49,2015,1,0,44.43513,26.130325,0.68307212906063,0.271391294884875
51.8,2,1,7,90074,76,2026,1,-1,44.417244,26.203424,1.2902819960767808,0.9759011458749336
76.0,3,3,3,315000,74,2015,0,0,44.465294,26.12736,1.7276437912815608,0.0981589466824633
100.49,4,3,7,175900,79,2026,1,-1,44.421284,26.181938,1.3299454401328086,0.1402059546268522
41.0,3,2,7,80000,52,1971,0,-1,44.43147,26.01727,0.4349425857755153,0.1145979776318234
90.0,3,3,6,144500,48,2026,1,0,44.36773,26.114256,2.134405782907612,0.0403125087044948
52.0,2,3,9,108000,79,1965,0,0,44.430267,26.14945,0.908870017147292,0.309889166829967
74.0,3,2,10,145000,10,1985,0,1,44.38337,26.13771,0.4595851325425699,0.3137142036306616
64.0,2,3,6,106000,48,2026,1,0,44.368534,26.12119,1.667858298834167,0.1816399582346971
65.0,3,2,5,93900,48,2025,1,0,44.368565,26.114458,2.065368626527893,0.0539192305026283
35.0,2,1,10,67000,48,1970,1,-1,44.379482,26.130724,0.3695086424592254,0.2384531165601876
68.0,3,1,3,311265,16,2025,1,0,44.425568,26.095835,0.4989116942228916,0.182291058660195
49.0,2,0,10,73000,10,1968,1,-1,44.377483,26.119707,1.2667489607081703,0.0841535016511264
47.0,2,2,9,75000,10,1970,1,-1,44.38028,26.126509,0.7084563405293041,0.0154173521040977
54.0,2,5,7,129500,10,2020,0,-1,44.3943,26.127375,0.430645172309455,0.2968357259708487
26.0,1,7,9,56900,79,1986,1,0,44.427113,26.178795,0.9837087514027312,0.0616176043711353
61.75,2,2,4,92625,76,2026,1,0,44.41166,26.204998,0.7242441134898588,0.6262646965482757
92.55,3,4,4,128099,76,2025,1,0,44.41515,26.201748,1.0234892804141955,0.932237332222674
43.42,1,1,4,64800,76,2026,1,-1,44.41166,26.204998,0.7242441134898588,0.6262646965482757
69.91,2,1,4,104865,76,2026,1,-1,44.41166,26.204998,0.7242441134898588,0.6262646965482757
189.54,5,11,12,235000,76,2025,1,0,44.41257,26.19999,0.7120239120851939,0.6199791017964776
62.4,2,1,3,87360,76,2026,1,0,44.413303,26.20576,0.879778467944639,0.8098785489201394
61.0,3,10,10,92500,49,1963,0,0,44.442436,26.13007,0.2927322040995939,0.0981926753996601
52.0,2,5,8,122000,12,2018,0,1,44.417645,26.002693,0.9456741552390828,0.1269253492753739
56.0,2,0,1,85000,60,1970,0,1,44.410084,26.090122,0.7911698502262331,0.169920505115882
87.95,3,10,12,115500,76,2025,1,0,44.41257,26.19999,0.7120239120851939,0.6199791017964776
42.0,2,1,10,122000,52,1975,1,-1,44.43552,26.03769,0.3364957998656003,0.1943491471269247
227.02,4,0,3,197500,76,2026,1,0,44.416576,26.20275,1.1987334819060418,0.9568738495677104
56.13,2,2,3,78582,76,2025,1,0,44.41987,26.199938,1.4262785239655476,0.5965319964166643
100.49,4,1,11,175900,79,2025,1,0,44.41939,26.18013,1.0816062973328382,0.3369987053719792
40.0,1,0,4,67560,39,2026,1,1,44.40527,26.004393,1.9051902826967797,0.5845570119902458
60.1,2,2,5,135240,12,2026,1,1,44.41178,26.003096,1.3297587299511748,0.1477387103794934
63.3,2,7,12,183920,-1,2026,1,0,44.473362,26.141172,2.1107682686925697,0.1725915407553236
52.3,2,2,5,75600,48,2026,1,2,44.36867,26.114674,2.0446209719315624,0.0700709199088806
50.65,2,2,6,111000,3,2025,1,2,44.373066,26.129911,0.8453217461856254,0.0786820415273728
52.0,2,0,7,94000,65,2025,1,2,44.375515,26.105978,2.3320640862176303,0.1266177247016043
63.26,2,0,6,107500,48,2025,1,2,44.36867,26.114674,2.0446209719315624,0.0700709199088806
65.26,2,2,11,103500,48,2025,1,2,44.36829,26.120996,1.6982929453095552,0.1510966660016404
56.94,2,11,12,114950,50,2025,1,0,44.427998,26.208958,1.9208281763486807,0.1203500824943628
97.87,3,5,11,171273,3,2024,1,2,44.36876,26.129395,1.1346704961585403,0.2233316121300458
48.01,2,3,10,86900,76,2026,1,0,44.41547,26.1975,0.9009863860360257,0.7035602604815752
40.54,1,4,10,73900,76,2026,1,0,44.41547,26.1975,0.9009863860360257,0.7035602604815752
64.77,2,2,3,174890,16,2025,1,0,44.430134,26.122269,1.3099482397606452,0.1698415983151988
60.76,2,1,3,86061,76,2025,1,0,44.417545,26.2036,1.3257393982633086,0.9775390444545058
85.77,3,1,3,114689,76,2025,1,0,44.417545,26.2036,1.3257393982633086,0.9775390444545058
44.75,2,2,3,70389,76,2025,1,0,44.417545,26.2036,1.3257393982633086,0.9775390444545058
49.5,2,0,3,110000,79,2022,0,0,44.41793,26.189322,1.195355720180749,0.3463786011999848
36.8,1,1,12,89000,48,2022,1,0,44.36881,26.12144,1.6318185116356054,0.2103289267147544
45.0,2,5,7,75000,52,2019,1,-1,44.43774,26.017382,0.514666956033878,0.2179837448345945
46.0,2,0,4,92800,30,1964,0,3,44.424957,26.034393,0.3346585122661599,0.2583222332190369
49.3,2,3,7,165000,89,2024,0,-1,44.515484,26.104465,3.987997615994255,0.0431495956932505
94.92,3,2,5,133058,76,2026,1,0,44.42198,26.19806,1.614446215770576,0.3513724258382488
51.13,2,1,5,73554,76,2026,1,0,44.420143,26.200203,1.4618580769240554,0.5964933273135619
48.23,2,1,7,114000,0,1963,1,3,44.46924,26.058352,0.6703987151497269,0.0305058309641715
56.0,2,11,11,139000,3,2020,1,-1,44.37148,26.139776,0.4204733504894044,0.0937098476231557
66.0,3,5,5,132900,63,2020,1,1,44.362064,26.151098,0.9642900614277856,0.1958317174325918
90.0,2,5,6,250000,60,2010,1,3,44.415096,26.08772,1.3467799503948472,0.1693650261991013
50.0,2,0,10,89000,58,1980,0,0,44.444717,26.136984,0.5204207763483076,0.2358357439915643
83.0,4,1,8,172900,66,1985,1,0,44.40542,26.065632,2.411498409452549,0.173140760949181
61.0,2,6,9,135000,52,2020,1,-1,44.44334,26.02007,1.034667742736657,0.0485783705975009
41.11,2,6,10,80000,52,1975,1,0,44.435375,26.037304,0.3022850500565637,0.163282034143999
50.0,2,2,5,215000,8,2022,1,-1,44.49024,26.089342,1.5061606244116998,0.2746323235055685
49.0,2,4,7,75900,18,2020,1,-1,44.44359,25.97643,1.822252118995268,0.8179906787302664
31.0,1,2,9,49800,10,1966,0,0,44.378075,26.121927,1.081653639718388,0.171483474605219
150.0,5,-1,2,280000,6,2018,0,-1,44.461777,26.08338,0.5426192733574955,0.2429483537137248
54.0,2,3,8,124000,52,1980,1,-1,44.433372,26.008814,0.4535663270013045,0.1444673220412129
98.0,4,1,4,195000,39,2018,0,0,44.406765,25.999374,1.953372031508837,0.3333354975999603
48.94,2,6,7,83000,33,2012,1,1,44.404453,26.080566,1.245934270534519,0.167863626142393
104.0,3,2,5,610000,35,2016,1,-1,44.470264,26.106323,1.099890009302903,0.1679709222931906
72.66,3,2,8,137000,66,1987,1,0,44.412247,26.068447,1.7994277591904368,0.2434621635495857
109.0,3,1,6,519000,35,2013,1,1,44.458004,26.100096,0.7332217446812902,0.2559218898848671
65.0,3,5,10,174900,78,1976,1,0,44.413315,26.106289,0.2057980543768671,0.0789305470130905
60.0,3,4,7,125000,71,1977,1,-1,44.45277,26.11187,0.4869612858585269,0.0075561669677425
84.0,2,4,11,249000,44,2018,0,-1,44.44203,26.066738,0.5029055275342345,0.1675139920126077
58.03,2,3,4,165000,42,2016,0,-1,44.389378,26.10289,1.1506705911219466,0.2033214016251349
93.0,4,0,4,570000,16,2022,0,-1,44.42499,26.093462,0.6924099944511013,0.1905658377389947
52.0,2,5,7,116000,79,1967,1,1,44.429237,26.143118,0.5185827815685438,0.3766630880002006
45.0,2,1,3,72632,76,2026,1,6,44.416985,26.20308,1.2510340319775424,0.9615076929785892
76.67,4,4,4,147900,30,1970,0,0,44.413673,26.020931,0.3189382835282593,0.1625534299002552
38.0,2,10,10,65500,10,1976,1,0,44.382217,26.10705,1.7003430368578036,0.2684756597467631
76.7,3,0,4,107380,48,2025,1,0,44.36773,26.114256,2.134405782907612,0.0403125087044948
66.4,2,2,4,92960,48,2025,1,0,44.36773,26.114256,2.134405782907612,0.0403125087044948
48.18,3,1,3,78500,16,1934,0,-1,44.431385,26.11621,1.177301398667641,0.2158936541616799
48.07,2,8,8,115000,52,1979,1,-1,44.431625,26.020788,0.2766066991540442,0.1654535175001839
67.0,3,4,7,139000,23,1980,1,-1,44.45356,26.04333,0.397681942392282,0.2934725196453959
48.0,2,2,9,99500,10,1969,1,0,44.39679,26.116869,0.6072004774830584,0.1513262990016783
43.0,2,8,9,142000,20,1970,0,-1,44.438717,26.100264,0.374732449245156,0.0608008160885795
44.53,2,7,9,78000,30,1965,1,-1,44.422318,26.044088,0.1960704469036705,0.220553210033385
42.0,1,3,4,100000,88,1989,0,0,44.418674,26.13259,0.5936665647169608,0.2499344861126521
65.0,3,8,11,115000,52,1978,1,-1,44.4339,26.012074,0.7065030882777592,0.0423084202501541
50.0,2,1,5,129500,8,2021,1,-1,44.49219,26.099297,1.4507924013576543,0.5575938465114509
40.0,1,7,8,95000,88,1989,1,0,44.416485,26.125933,0.5038200683953982,0.2578026939488071
36.5,1,11,11,125000,44,2023,1,1,44.4426,26.056992,0.2775065881911227,0.1347957311351058
80.0,3,2,2,165000,49,1938,0,1,44.433582,26.12542,1.0209948642320674,0.1336448780242809
89.0,4,3,9,207777,30,1979,1,-1,44.427567,26.041721,0.4593343797178497,0.0962918048399697
78.0,3,5,6,185000,52,2012,1,-1,44.432194,26.028013,0.5196879135395343,0.2388631295592135
63.34,2,1,5,85124,50,2026,1,0,44.423607,26.196383,1.4627283585998,0.205777344849105
70.0,3,3,8,174999,10,1982,1,3,44.38775,26.131361,0.923323559242056,0.1664859104243966
85.23,3,4,6,339999,35,2010,1,-1,44.46162,26.09513,0.8524423192523123,0.0636631882609771
71.0,2,11,12,169900,10,2009,1,0,44.391125,26.130278,0.6656857898678907,0.2424205962280513
58.0,2,1,7,117990,76,2018,1,1,44.418953,26.198963,1.3053122446196896,0.5790277345528575
93.4,4,1,8,190000,10,2023,1,0,44.37712,26.104675,2.248950007949908,0.1478268781748332
101.8,3,8,12,338800,-1,2027,1,0,44.473362,26.141172,2.1107682686925697,0.1725915407553236
124.25,3,1,6,211000,3,2025,1,2,44.373066,26.129911,0.8453217461856254,0.0786820415273728
72.0,2,1,6,99247,48,2018,1,0,44.36867,26.114674,2.0446209719315624,0.0700709199088806
64.95,2,5,7,117000,65,2025,1,2,44.375515,26.105978,2.3320640862176303,0.1266177247016043
65.37,2,2,11,114397,3,2024,1,2,44.36876,26.129395,1.1346704961585403,0.2233316121300458
69.52,3,7,7,231000,25,2018,1,-1,44.431267,26.133427,0.4200754369133901,0.2775336695524874
51.0,2,7,10,180000,78,1982,1,0,44.41419,26.113869,0.2800390630142261,0.0565982019744187
50.0,2,8,8,119000,55,1984,0,0,44.448795,26.122011,0.2096520983813983,0.18861428401333
85.0,4,8,10,143000,66,1981,1,0,44.413765,26.0753,1.958676902866438,0.114037577534051
41.0,2,8,10,133500,38,1974,0,-1,44.450447,26.081415,0.2849941239136396,0.2025399031428045
65.1,3,2,5,93900,48,2025,1,1,44.3698,26.112396,2.12591706567998,0.2449872543988422
69.9,2,3,4,132193,48,2024,1,1,44.361282,26.118883,2.145452412698633,0.3497734115532614
65.8,2,3,6,106000,48,2025,1,0,44.368534,26.12119,1.667858298834167,0.1816399582346971
44.0,2,1,7,122000,0,1963,1,-1,44.46998,26.05674,0.5251147115846952,0.1243978928816776
38.0,2,4,4,42000,33,1971,0,0,44.391827,26.081028,1.8548576871428677,0.1785027806638949
43.0,2,2,4,135000,31,2012,1,-1,44.450752,26.151855,1.8451642381370892,0.149796054899327
64.17,2,0,6,105000,48,2025,1,1,44.368534,26.12119,1.667858298834167,0.1816399582346971
67.39,2,4,6,109000,48,2025,1,0,44.368534,26.12119,1.667858298834167,0.1816399582346971
50.0,2,4,4,116000,79,1962,0,1,44.431732,26.14848,0.8020794049410787,0.1363717973026311
106.0,3,1,16,345000,74,2011,1,0,44.453495,26.104874,0.1047555146568411,0.0248156009042519
24.0,1,0,8,57500,79,1983,1,0,44.413734,26.145433,0.9600313821460216,0.3637906592000384
40.0,2,5,7,114900,17,1960,1,0,44.435467,26.102402,0.0530215522030361,0.1203493231341097
30.48,1,3,4,75000,43,1940,0,0,44.452152,26.080961,0.2666563808395581,0.0423188523164628
73.0,3,1,4,189999,78,1987,0,-1,44.413754,26.110802,0.3842430032916712,0.2521855201448396
53.0,2,7,8,74999,42,1963,0,-1,44.395107,26.095793,1.0423066055458323,0.2704165842962904
65.0,2,4,4,123999,84,1987,1,-1,44.402584,26.11928,0.9162926737737692,0.2242793636277606
75.0,3,1,3,90909,37,2026,0,0,44.461113,26.160673,2.929533922564404,0.1673260652861705
65.0,2,-1,3,84000,53,2020,0,-1,44.44369,26.120749,0.7436698859518981,0.0890461403638593
92.0,4,3,3,158000,89,2017,0,-1,44.514988,26.106241,3.902362572166019,0.1801372563888504
84.0,3,5,10,225888,84,1991,1,-1,44.406223,26.120981,0.8219105634172966,0.1154096796322113
93.0,4,5,10,161999,55,1975,1,0,44.44585,26.141186,0.8420606229230805,0.2068125652671291
75.0,3,3,3,315000,62,2015,1,1,44.470905,26.132793,1.6815434490719676,0.5964644226692902
60.0,2,8,9,115000,79,1970,1,0,44.423405,26.16443,0.2265881006107959,0.1799505687759815
50.0,2,5,10,105000,79,1976,1,0,44.423405,26.16443,0.2265881006107959,0.1799505687759815
75.0,3,0,1,220000,80,1940,0,0,44.4365,26.11226,0.7564794294187939,0.174210532626367
63.96,2,9,10,308000,61,2025,0,0,44.476715,26.111956,0.576292119057847,0.0387728249812106
106.0,3,0,4,279000,5,1988,0,0,44.484806,26.09213,0.9002905203495477,0.0911515692667297
91.0,3,0,4,315000,-1,2009,1,-1,44.47991,26.06407,1.4704452227329567,0.1015703933461899
50.0,2,2,7,80000,53,2018,0,-1,44.441376,26.11855,1.0489137055922575,0.184053133247235
136.0,4,1,2,230000,17,1932,0,0,44.433758,26.104727,0.2807699863490202,0.1437335539743127
85.0,3,1,7,287000,16,1991,0,0,44.427376,26.112474,0.9161557870365388,0.1161980690198118
91.0,3,0,5,350000,8,2013,0,0,44.514286,26.102222,3.907147063199623,0.1831962196850616
67.0,3,0,1,255000,16,2004,0,0,44.422997,26.098513,0.6043398243985241,0.2708391064734872
72.0,3,2,8,268000,16,1991,0,0,44.424904,26.120935,1.093932421970368,0.1535418570757335
90.0,3,5,8,230000,32,1936,0,0,44.439045,26.107777,0.5319473284944914,0.1460255587845599
63.0,3,8,9,200000,43,1982,0,0,44.458893,26.076445,0.9917061090490192,0.0273834277710492
73.0,3,8,10,128000,58,1969,0,0,44.4437,26.13131,0.3381328288211411,0.1037260416738794
90.0,2,3,16,240000,61,2011,0,0,44.478832,26.116056,0.2108569186849438,0.1349925846933648
105.0,5,3,4,200000,16,1930,0,0,44.428062,26.094633,0.5045452371163432,0.1286296934079094
59.0,3,4,9,185000,6,1978,0,0,44.461845,26.075485,0.9925214497949032,0.2236926481850427
55.0,3,7,8,195000,16,1959,0,0,44.434807,26.094307,0.4032467991183024,0.0231196636683048
53.0,2,3,9,90000,10,1970,1,-1,44.38578,26.11646,0.9219791180707844,0.0447163116972334
60.0,2,5,10,125000,79,1978,0,-1,44.42706,26.165825,0.3367969341388761,0.2491201944703943
115.0,4,8,20,650000,74,2022,0,0,44.4698,26.110271,1.3091123386651615,0.0780058969677734
52.0,2,2,9,69000,10,1965,1,-1,44.38149,26.1172,1.3366882249486671,0.1382222010185758
90.87,3,1,5,119835,76,2026,1,0,44.42126,26.200356,1.5833553505869162,0.5502633031380695
67.67,2,1,5,95041,76,2026,1,0,44.42126,26.200356,1.5833553505869162,0.5502633031380695
52.25,2,9,10,107900,79,1977,1,0,44.413265,26.172457,0.4148944956228432,0.1440741390192683
71.0,3,1,8,335000,16,1990,0,0,44.426224,26.094372,0.5666511595392989,0.1139792425195668
86.42,2,1,6,456096,35,2026,0,0,44.469173,26.106142,1.2045376105657442,0.1796387255366456
97.54,3,0,6,325000,61,2023,0,0,44.474396,26.112099,0.7860882320460751,0.2508827490994341
54.0,2,0,1,155000,61,2026,0,0,44.484596,26.108168,0.7997316766304233,0.1544326567024916
45.0,2,5,7,74998,52,2018,1,1,44.43774,26.017382,0.514666956033878,0.2179837448345945
54.0,2,8,10,89900,10,1976,1,-1,44.379753,26.130972,0.3500727153018908,0.211190226530377
58.0,2,1,6,234500,8,2025,1,-1,44.511227,26.075125,3.905335105375588,0.4680785888672572
41.0,2,-1,7,51500,52,2020,0,1,44.43774,26.017382,0.514666956033878,0.2179837448345945
94.0,3,8,8,255000,25,1996,1,0,44.42886,26.133339,0.5712494694782893,0.0757315343440489
45.0,2,3,3,132000,35,1963,0,0,44.465717,26.103888,1.3845213433826742,0.0736713749268477
46.0,2,4,7,89000,-1,1960,1,3,44.404587,26.096169,0.0140179201368862,0.0394705186639947
108.0,5,5,10,380000,17,1989,0,0,44.429966,26.106047,0.4504056647895955,0.0706661887472244
110.92,4,10,10,330000,86,2017,1,0,44.501537,26.061653,2.4927689530831816,0.176047420992884
83.0,5,1,1,170000,16,1930,0,0,44.42889,26.118502,1.393411117777147,0.1668212995044973
68.0,3,3,4,415000,6,2002,0,0,44.465137,26.082148,0.3591196806538666,0.2954498180822195
62.0,2,1,5,148999,3,2017,0,0,44.375023,26.13849,0.5650987799586739,0.0755076051529049
62.0,3,10,11,129900,52,1977,1,-1,44.43357,26.02199,0.076145977836232,0.0679108733924724
52.0,2,0,4,107500,79,2017,0,0,44.414894,26.170906,0.6338973110353131,0.2341401795616715
24.0,1,6,8,87000,20,1961,0,3,44.437714,26.092802,0.5785512404835434,0.1857831852651732
66.11,3,10,10,129500,79,1968,1,0,44.427586,26.17568,1.0108670910146385,0.3066779767361466
22.0,1,4,5,67000,4,1940,1,0,44.437733,26.111382,0.7143704627895252,0.1307589975230249
26.0,1,4,9,85000,17,1937,1,0,44.43429,26.102798,0.1749199993419626,0.0281932375293079
56.0,2,3,10,109900,82,1980,1,3,44.41896,26.044683,0.5369425565086215,0.2188049038497006
46.0,2,5,8,74999,52,2018,1,1,44.43888,25.985937,0.9979610891534438,0.1007676771874154
73.0,3,0,8,135000,1,1987,1,0,44.420517,26.062023,0.7484609865455895,0.2208323290221275
41.0,1,4,4,129000,5,1988,0,3,44.48337,26.099524,0.471697114850592,0.0982833069577351
50.0,2,7,9,238000,-1,2009,1,3,44.40856,26.09788,0.4723258116352758,0.0761302274657256
61.95,2,1,7,86900,76,2026,0,-1,44.411724,26.20594,0.7064640511985484,0.6357576228203352
92.3,3,10,11,123000,76,2025,1,0,44.41245,26.199862,0.6952845165909237,0.604936423436521
61.5,2,1,6,140000,48,2023,1,0,44.368084,26.120764,1.7276480285076343,0.1217688926892946
26.0,2,0,4,39000,31,1973,0,1,44.452816,26.147596,1.750958901203204,0.197749550595239
145.0,3,11,17,400000,84,2009,0,-1,44.408596,26.122728,0.5309092679370294,0.0741249952386667
145.0,3,11,17,400000,84,2009,0,-1,44.408554,26.122726,0.5344196817185949,0.0786322540858858
66.67,3,2,7,129600,79,2027,1,-1,44.411068,26.158646,0.3480685113762412,0.3269795317663595
31.0,1,3,7,62000,63,2018,1,3,44.372,26.144909,0.3565097649965846,0.3015283906979947
36.0,2,1,10,65000,10,1974,1,1,44.37999,26.12987,0.4394386552461412,0.2045734240107068
38.0,1,2,10,80000,52,1981,1,-1,44.433094,26.031746,0.2212859147600366,0.1260824291669639
32.0,1,10,11,52900,82,1977,0,-1,44.41947,26.048283,0.6428990142842335,0.0647568573057282
69.0,3,1,9,190000,60,2019,1,-1,44.411247,26.08628,1.0928127785693584,0.1990540663090744
141.7,4,11,12,254800,10,2023,1,0,44.384518,26.122623,0.93750879081078,0.0440518969256796
122.0,4,7,10,430000,35,2021,0,-1,44.46653,26.102194,1.250059474575511,0.0749952813098669
49.0,2,0,10,73000,10,1968,1,0,44.377598,26.122025,1.083551847975816,0.1556266620543756
32.0,1,8,8,50500,52,2021,1,1,44.434658,26.012163,0.7167348505461945,0.0423189746404194
47.27,2,3,3,75000,76,2026,1,0,44.416576,26.20275,1.1987334819060418,0.9568738495677104
52.0,2,0,4,125000,79,1985,0,0,44.413563,26.155828,0.440212328049753,0.0869145717804364
58.55,2,0,3,87800,76,2026,1,0,44.416985,26.198282,1.0803479633607964,0.6299341483797296
67.0,3,1,8,137000,52,1980,1,1,44.43307,26.02836,0.4528743238054868,0.1381574525222532
53.0,3,0,4,141900,79,1970,0,-1,44.423225,26.165245,0.2846165722843191,0.2079026106469478
31.0,1,2,10,67500,79,1967,1,1,44.41967,26.168507,0.7531958099308639,0.3341827644779644
30.0,1,4,4,74990,30,1982,1,0,44.42788,26.0402,0.5174425264954585,0.0382725275449467
74.0,3,0,4,97500,79,1965,0,0,44.425713,26.173262,0.8430651389776461,0.1664130768509638
74.0,3,4,6,269000,24,2025,1,-1,44.488224,26.064442,1.974401290666508,0.0902801596285453
63.0,3,1,10,160000,74,1978,1,0,44.461514,26.11824,1.3700220082199062,0.0300520710391038
37.0,1,2,3,90000,81,2013,0,0,44.40434,26.175526,0.65593968515544,0.6521681272523884
70.0,2,5,7,175000,60,2014,1,-1,44.415462,26.087862,1.3372592071523155,0.2102609852713668
88.0,3,1,4,547000,6,2018,1,-1,44.462116,26.076118,0.9339872738095584,0.2718131683134206
54.0,2,1,7,120000,48,2022,1,0,44.36387,26.11719,2.178362112986881,0.0345001135759225
50.0,2,10,10,125000,30,1972,1,0,44.41759,26.02161,0.187319182688245,0.069763176757588
73.0,2,2,10,145000,10,1985,1,1,44.38276,26.132267,0.4302304156470352,0.0358089213215381
91.0,4,7,8,229000,79,1982,1,0,44.412754,26.15549,0.4747393934047847,0.1557789883209798
62.0,3,9,10,134900,30,1971,1,3,44.42645,26.043272,0.3443742129253933,0.2686769893105562
35.45,1,0,4,75000,42,1975,0,2,44.385563,26.096247,1.7845485258754743,0.3264487753559552
26.0,1,4,13,63000,70,2007,1,-1,44.3955,26.143024,1.6711417683863197,0.2920610324593276
58.0,2,5,7,90000,43,1963,1,3,44.46372,26.067188,0.7784989849141991,0.1861017709992508
61.0,2,2,10,130000,79,1977,0,3,44.42599,26.148174,0.8924465622485819,0.1501032137201423
42.0,2,-1,7,51500,52,2021,1,1,44.437996,25.98527,0.9260564970242482,0.161364133758579
56.0,2,2,11,129954,79,2025,1,1,44.41903,26.179705,1.032662887031354,0.2922488065001837
62.0,2,2,11,141207,79,2026,1,2,44.41903,26.179705,1.032662887031354,0.2922488065001837
59.0,2,4,11,135520,79,2026,1,1,44.41903,26.179705,1.032662887031354,0.2922488065001837
49.0,2,0,4,170000,88,2015,1,0,44.41259,26.126755,0.073818502731267,0.110867657361714
74.0,3,2,10,145000,10,1985,1,0,44.38159,26.13331,0.2761974976438406,0.131979892144392
73.0,3,4,11,150766,79,2026,1,2,44.421288,26.182093,1.3351267822592352,0.1369199408760695
79.0,3,4,11,181137,79,2026,0,2,44.421413,26.18213,1.3490699325956907,0.1227158016305145
101.0,4,4,11,214170,79,2025,1,1,44.421356,26.182152,1.343919527515534,0.12864621596943
56.0,2,10,11,128623,79,2025,1,1,44.41303,26.145628,1.0354932467872868,0.2949754018007193
40.0,1,4,11,90387,79,2026,1,1,44.421455,26.18213,1.3533723198274905,0.1181318478117834
64.0,2,6,11,145684,79,2026,1,0,44.421276,26.182016,1.3315148489743915,0.1395084597144116
28.0,1,6,7,55000,52,2017,1,0,44.434658,26.012163,0.7167348505461945,0.0423189746404194
88.0,3,3,4,375000,28,2024,0,0,44.44962,26.10258,0.4315777344429929,0.1619593515646455
93.94,3,5,5,169000,17,1931,0,0,44.433086,26.107347,0.4766397563037087,0.1151667249102872
50.0,2,4,4,76000,30,1975,0,-1,44.415134,26.014765,0.6557992627676458,0.1177563558208635
103.68,3,2,5,599000,35,2009,0,0,44.470486,26.10649,1.0837148366484195,0.1861219898389349
35.0,1,10,10,120000,0,1968,1,-1,44.472137,26.05075,0.1249057146459202,0.1486920937212773
61.5,2,2,7,178000,73,2025,0,-1,44.50637,26.026041,0.3895547587362266,0.0772116107816726
76.0,3,1,8,315000,16,1991,1,-1,44.427143,26.093836,0.5784268128426937,0.0121754425728645
20.0,1,0,2,73000,17,1950,0,0,44.431534,26.10225,0.390836406236891,0.1514386339105876
165.0,4,4,16,395000,61,2012,1,-1,44.477673,26.115578,0.3449969075606255,0.1211051852376581
34.0,1,3,4,92999,8,2022,0,0,44.492455,26.099731,1.4788322143086292,0.5165691464087393
65.91,3,4,4,99000,66,1980,0,0,44.407475,26.067444,2.2425414542936744,0.2503513228354451
45.0,3,7,10,95000,30,1972,1,-1,44.420258,26.02902,0.3962901766981659,0.2561292924539928
65.0,2,6,8,192000,25,1991,1,-1,44.429153,26.13389,0.5173209185718209,0.1297052858093504
51.0,2,5,10,97800,29,1970,1,0,44.42478,26.147188,0.7511501852695724,0.2345833973878097
84.0,3,5,5,269900,8,2026,0,0,44.490387,26.09247,1.393048578586101,0.4338246745868855
47.0,2,0,1,94000,54,1960,0,1,44.418602,26.117699,0.4047184145582003,0.2098305662666723
50.0,2,2,5,214900,8,2022,0,0,44.490807,26.08876,1.5842899099313454,0.198323867664727
85.0,3,11,20,640000,35,2023,0,0,44.465214,26.101217,1.1762642738785312,0.0910741756054375
40.0,2,-1,4,55000,63,2020,1,2,44.364117,26.149496,0.7069190733553375,0.3256013838948529
31.0,1,1,7,52500,52,2016,1,1,44.43774,26.017382,0.514666956033878,0.2179837448345945
88.0,3,1,5,550000,6,2008,0,0,44.465073,26.078808,0.6179540072652521,0.168191874092736
120.5,4,10,10,407100,8,2026,0,0,44.52375,26.073936,4.532070258168254,0.1596798287150714
53.45,2,0,11,165000,52,2016,1,0,44.443516,26.05306,0.5415183650278131,0.1119668666318226
18.0,1,5,7,63000,16,2018,1,-1,44.42957,26.12048,1.4620452996109607,0.0335741155872192
43.0,2,7,10,107000,28,1976,1,0,44.454876,26.097658,0.6821048082698596,0.1778007425856951
57.0,2,2,8,123000,66,1987,1,-1,44.413036,26.06591,1.627075587657475,0.3950646009182523
74.0,2,2,3,188900,24,2011,0,0,44.486526,26.052717,1.038946823426275,0.2199881448363712
38.0,2,3,4,39000,33,1972,0,-1,44.3912,26.07459,2.267214517529592,0.4082965777304473
68.69,3,5,6,160000,32,1938,1,0,44.442062,26.108622,0.8310807863650678,0.0981182131498463
45.0,2,0,7,80000,60,1974,1,1,44.40633,26.09383,0.281961843313859,0.1396957946843912
88.0,3,1,7,550000,6,2018,0,-1,44.463127,26.07507,0.9631939408872066,0.2193132084230035
36.0,2,3,4,71900,10,1975,0,-1,44.3813,26.105198,1.8770034233272728,0.384228989591999
55.0,2,0,4,144980,84,1986,0,6,44.405987,26.119726,0.9059120375931252,0.2033999719523494
215.0,4,4,4,170000,52,2026,1,1,44.43774,26.017382,0.514666956033878,0.2179837448345945
65.0,3,9,9,130000,57,1964,1,-1,44.48201,26.05394,1.0412664365900253,0.1329066697062406
19.29,1,7,10,67500,16,1969,1,0,44.428123,26.125994,1.1005484798599758,0.283344359943095
60.0,3,1,4,124890,10,1975,0,-1,44.38443,26.108831,1.4288587168496496,0.0914141436780234
51.0,2,5,10,95800,29,1970,1,0,44.42478,26.147188,0.7511501852695724,0.2345833973878097
39.0,1,8,8,98000,15,1991,1,-1,44.43054,26.108482,0.6524501787716029,0.1406454419827022
44.0,2,4,4,112000,79,2019,1,0,44.41649,26.18968,1.0347837286287471,0.4719894499299634
47.39,2,1,8,169400,20,1959,1,0,44.44044,26.100628,0.5367012284407423,0.1285532663472976
71.0,3,-1,4,100000,3,2016,1,1,44.3761,26.14608,0.8211829463612363,0.6349665116824985
38.0,2,0,4,64500,68,1971,0,-1,44.395298,26.068731,2.4126898310219755,0.2139509581159712
30.0,1,6,10,80000,25,1979,1,0,44.422497,26.136831,0.2424125690781959,0.2539306404942299
47.68,2,0,7,76033,76,2027,0,-1,44.414692,26.203285,1.0626661059702116,0.9270396373005576
75.48,3,3,3,315000,-1,2015,1,1,44.47141,26.13133,1.5570186684262484,0.5266788133541602
16.0,1,4,7,22000,66,1997,0,-1,44.39928,26.05618,2.908099566208997,0.0576854018648191
46.59,2,10,10,87000,79,1977,1,0,44.42247,26.168213,0.5222734024674656,0.320362665158781
54.0,2,1,3,82000,76,2026,1,6,44.416576,26.20275,1.1987334819060418,0.9568738495677104
48.0,2,0,4,92000,30,1964,0,0,44.425426,26.03266,0.3800174460741662,0.2043991524467479
33.0,1,3,3,98000,61,2018,0,0,44.48015,26.10827,0.6445475919855382,0.2692347475308064
70.6,2,3,7,225000,28,1930,0,-1,44.460148,26.090845,0.7517191201535657,0.2557238423088135
112.0,3,2,4,630000,64,2017,1,-1,44.46946,26.092533,0.6078332702517034,0.5261054861327729
119.0,4,4,4,335000,16,2016,1,-1,44.430298,26.115736,1.1956344932859817,0.3360557767645933
35.0,2,5,10,74800,30,1974,0,-1,44.426422,26.029734,0.4689321037263753,0.0866206141785185
46.0,2,5,7,118000,59,1960,1,0,44.4437,26.098248,0.2380279198425168,0.088828062053226
42.0,2,10,10,75000,1,1976,0,-1,44.42637,26.067253,0.5161131538695937,0.1034691053179293
94.55,4,6,8,570000,74,2011,1,-1,44.459015,26.110163,0.7771923549633553,0.1690989679580107
145.0,4,4,5,720000,35,2006,1,-1,44.46725,26.104021,1.3575593210752428,0.1757426735305338
68.15,2,1,3,102300,76,2026,1,0,44.416985,26.198282,1.0803479633607964,0.6299341483797296
168.4,3,0,3,147600,76,2026,1,0,44.416985,26.198282,1.0803479633607964,0.6299341483797296
78.3,3,2,3,121365,76,2026,0,0,44.41547,26.1975,0.9009863860360257,0.7035602604815752
21.0,1,3,4,34990,30,1977,0,-1,44.426647,26.02441,0.3969298925236516,0.0153603314734825
57.0,2,4,4,83900,30,1976,0,6,44.42235,26.035753,0.1947248215516573,0.0227848825255289
113.2,2,3,3,132500,76,2025,1,0,44.4162,26.202484,1.1523792415287613,0.9577306184419964
54.0,2,1,6,120000,48,2022,1,1,44.36653,26.11943,1.9272415869618391,0.0873698195788778
45.43,2,3,7,86000,58,1962,1,-1,44.4436,26.131607,0.3185409500654569,0.1262241597526616
54.22,2,8,10,116000,88,1984,1,0,44.415592,26.134247,0.6755966062732277,0.1201909088361196
61.0,2,1,5,97000,11,2021,1,3,44.40538,25.990873,2.511763425729296,0.5144045945110062
63.0,2,0,3,169999,88,2018,1,1,44.41349,26.122362,0.4246772778914845,0.31811976549763
54.0,2,8,8,132232,66,2021,1,-1,44.412895,26.080654,1.5528486430680242,0.1277160320416808
55.0,2,5,7,101862,48,2025,1,-1,44.36765,26.122028,1.6992375739148855,0.1886334251170985
55.0,2,4,7,101862,48,2025,1,-1,44.36752,26.122875,1.6601167839069393,0.2529614378377614
80.0,4,4,4,149999,30,1974,0,0,44.420277,26.015831,0.20242988551528,0.1378991420710251
40.0,1,2,7,73990,48,2022,0,-1,44.36881,26.12144,1.6318185116356054,0.2103289267147544
18.0,1,5,10,40500,79,1975,0,-1,44.411007,26.172312,0.2682176841934606,0.0488681511551333
54.0,2,4,4,110000,81,2015,1,0,44.404198,26.175875,0.6723437691386629,0.6581460420130976
60.31,3,5,5,154000,20,1948,0,0,44.43774,26.093266,0.5964368354469516,0.1489700058344064
62.0,2,0,4,140000,23,2020,1,-1,44.452755,26.057266,0.7643686829718072,0.124272289402423
52.8,3,5,5,119900,56,1980,0,0,44.410973,26.177074,0.1484433927072503,0.0704381805289823
68.0,3,6,10,170000,78,1978,1,-1,44.41206,26.10818,0.4097072620234053,0.2076054073466682
86.0,3,5,6,149900,11,2021,1,1,44.408474,25.993626,2.1173265883278245,0.1108029225582888
67.0,3,0,4,95000,10,1969,0,-1,44.38114,26.11371,1.4795140079783031,0.1699805539195019
55.43,2,10,10,125000,81,1979,1,0,44.41027,26.172094,0.271599239965524,0.1063690036731642
107.0,3,3,3,315000,62,2015,0,1,44.467594,26.131262,1.8619934104123697,0.3007118266760699
37.0,1,5,7,72800,48,2022,0,-1,44.369186,26.121805,1.5814355131904292,0.1628922250481608
31.0,1,1,10,72000,74,1975,1,-1,44.456413,26.128723,0.8081759779834397,0.0561288529470055
51.0,2,4,8,79980,66,1984,0,0,44.410732,26.06026,1.7406726183513703,0.0953215689045953
60.0,2,7,8,197000,54,2001,1,-1,44.420635,26.112507,0.4447430752386214,0.1006716291449949
76.0,3,3,8,238000,54,1992,1,0,44.422554,26.11755,0.7324199893004916,0.135223738581653
48.0,2,0,4,95900,57,2018,0,-1,44.480656,26.050365,0.7856382869364298,0.2317749878315565
68.0,2,3,4,139990,48,2018,1,1,44.362698,26.128563,1.3857341747928746,0.2320063371238681
30.0,1,9,10,62000,53,1966,1,-1,44.44378,26.12668,0.5998729492498448,0.1561257992543655
50.0,2,6,11,106000,58,1978,1,0,44.44039,26.182451,0.7190591855131226,0.0878867823126301
50.0,2,1,7,115000,79,2021,1,1,44.417927,26.169008,0.7798407473558698,0.2151109164242122
67.4,3,2,3,242000,20,1960,0,1,44.43851,26.084606,0.7534857314870236,0.0431498847204959
36.0,2,0,7,64500,74,2018,0,-1,44.464,26.126362,1.5745995490363769,0.012754266098331
40.0,1,1,8,114900,78,1986,1,-1,44.413757,26.109304,0.3845882337332248,0.2256043480183603
50.0,2,1,7,106000,63,2024,1,0,44.362637,26.15142,0.9314884174096127,0.2527200392739567
74.0,3,7,10,158000,1,1990,1,0,44.42067,26.066187,0.9550658921886986,0.0472464496023551
61.0,2,5,8,146000,10,1986,1,0,44.39556,26.1113,0.3942103557216549,0.2718938072372915
51.0,2,2,8,88000,10,1965,0,0,44.389137,26.110382,1.0371623216438215,0.0416046403012008
83.0,4,0,6,365000,86,2022,1,1,44.502396,26.050364,1.712359436058565,0.1110457447242749
54.0,2,7,9,89980,10,1965,0,-1,44.386185,26.117426,0.8455729576363807,0.1327323090810981
79.0,3,0,6,180000,48,2023,1,1,44.365543,26.118382,2.0447442954680226,0.1795048323005365
59.4,2,1,4,100840,76,2025,1,1,44.40274,26.177172,0.8442005649444487,0.795492255888988
70.5,3,3,10,116000,10,1970,0,-1,44.38199,26.114677,1.3604318127014134,0.0708699052771567
130.0,4,2,3,529500,28,2000,0,0,44.450172,26.094248,0.5547467114878085,0.167739342272252
49.5,2,4,7,104000,3,2020,1,-1,44.37051,26.139894,0.3482636486340432,0.1375553736245209
54.0,2,1,7,120000,48,2022,1,1,44.36559,26.11898,1.9970600847211024,0.1977143523630039
33.04,1,11,11,73000,79,2011,1,-1,44.42325,26.176628,1.1242198947620874,0.0704815863063749
34.0,2,4,4,58000,52,2017,0,1,44.43774,26.017382,0.514666956033878,0.2179837448345945
46.0,2,3,4,109500,30,1968,0,-1,44.4249,26.03577,0.3717436384365504,0.3012282111301382
68.0,3,2,8,160000,29,1982,1,-1,44.415787,26.141602,0.624566727196837,0.3964403451240759
41.0,1,1,4,119000,25,1990,0,-1,44.42748,26.132298,0.7398419800534745,0.1025113809698817
61.0,2,3,7,105000,76,2022,1,1,44.40283,26.176846,0.8306203641271759,0.789102584140164
99.0,4,2,2,250000,71,1936,0,1,44.44647,26.1197,0.5206955556296136,0.2582801765152316
69.0,3,9,10,129000,79,1967,0,-1,44.425213,26.175173,0.9915275898800544,0.1784514970786133
58.0,2,1,8,193000,25,1992,1,0,44.425728,26.128607,0.98519585223669,0.0999087280596264
70.0,3,1,4,155000,10,1977,0,0,44.38602,26.12028,0.7866360658520126,0.2074287498300681
65.0,3,0,3,110000,52,2024,0,1,44.43774,26.017382,0.514666956033878,0.2179837448345945
45.0,2,7,7,97000,10,1967,0,-1,44.39319,26.1163,0.4772643425119352,0.3118186342190515
71.0,3,1,8,218000,20,1933,0,0,44.439514,26.100863,0.43339782616008,0.0594907709364697
39.0,1,8,8,98000,15,1991,1,0,44.43033,26.108004,0.6082882670769332,0.0961422634930472
48.2,2,2,4,119500,76,2026,1,0,44.416542,26.19799,1.026371854411858,0.6434402459176192
34.0,2,-1,6,44000,52,2026,0,1,44.43774,26.017382,0.514666956033878,0.2179837448345945
52.0,2,7,10,72500,10,1970,1,-1,44.378654,26.118406,1.3522889133135705,0.033381801688587
41.0,2,2,6,66000,52,2025,1,1,44.43774,26.017382,0.514666956033878,0.2179837448345945
53.0,2,7,7,117000,69,2018,0,-1,44.411793,26.165064,0.3506647916495566,0.1001032868590349
38.0,2,3,6,62000,52,2025,1,1,44.43774,26.017382,0.514666956033878,0.2179837448345945
88.0,4,6,7,364000,16,1994,1,-1,44.42667,26.09466,0.5281598748614074,0.0924281048553591
65.0,3,9,11,167500,52,1978,1,3,44.446033,26.039892,0.5476672044374273,0.1176548043637459
40.33,1,6,8,88000,32,1940,1,-1,44.43781,26.109278,0.5599366149343453,0.1186547320894081
29.0,1,-1,3,41500,52,2025,0,1,44.43774,26.017382,0.514666956033878,0.2179837448345945
128.0,5,5,6,475000,15,1992,1,-1,44.42658,26.109104,0.6674828941840751,0.228189822033297
58.0,2,1,6,81000,48,2025,0,3,44.36881,26.110468,2.3139798046092137,0.3177704539654883
82.0,4,1,4,175000,79,1970,0,1,44.419983,26.162025,0.5625731298238831,0.2035428795444185
53.0,2,1,7,120000,48,2021,1,0,44.363255,26.11616,2.275552378371065,0.1305804124158131
68.0,3,6,10,170000,78,1978,1,1,44.4116,26.11,0.5501732591089394,0.0935095932816759
30.8,1,3,3,62000,3,2025,1,0,44.373627,26.14377,0.5235684901648323,0.3091455274954023
24.4,1,3,7,62000,3,2025,1,-1,44.374607,26.145319,0.6459471108814334,0.4735528868649547
60.0,3,1,4,125000,10,1975,0,-1,44.38443,26.108831,1.4288587168496496,0.0914141436780234
49.0,2,2,9,99500,10,1974,1,-1,44.396046,26.115446,0.5871027338759586,0.0208035577017022
49.0,2,5,10,70000,42,1976,1,0,44.390324,26.094267,1.5033375450236253,0.1544503405268357
54.0,2,1,7,120000,48,2022,1,-1,44.36446,26.11739,2.1469013727988573,0.0356325910694065
30.8,1,3,3,62000,3,2025,1,0,44.372612,26.143084,0.4132581887904584,0.198598902207263
56.0,2,4,11,143500,76,2022,1,-1,44.40526,26.20663,0.1475529338447905,0.1412998781255185
127.0,4,11,14,374900,88,2024,1,0,44.413124,26.126268,0.1445724989749347,0.1752743318215914
95.72,2,0,5,169500,88,2025,1,0,44.40936,26.124268,0.3863282817284052,0.1007938819760475
67.0,1,0,5,114700,88,2025,1,0,44.40936,26.124268,0.3863282817284052,0.1007938819760475
67.05,2,3,5,168413,88,2025,1,0,44.40936,26.124268,0.3863282817284052,0.1007938819760475
60.4,2,1,7,87900,76,2025,1,-1,44.411736,26.206163,0.703027087546156,0.6389313045374114
86.83,3,1,6,550000,6,2008,1,1,44.46219,26.076775,0.8844494862336822,0.2926761667059586
105.95,3,1,7,131900,76,2025,1,-1,44.411736,26.206163,0.703027087546156,0.6389313045374114
44.0,2,0,7,79000,65,2024,1,0,44.376816,26.106432,2.19233987190109,0.0226530542617725
61.8,2,2,7,89900,76,2025,1,-1,44.411736,26.206163,0.703027087546156,0.6389313045374114
51.6,2,1,7,85200,76,2026,1,-1,44.412785,26.195797,0.5770141435984992,0.616856489646861
41.7,1,2,7,67700,76,2026,1,-1,44.413017,26.194786,0.5894633124528792,0.60934096952487
99.0,3,5,7,124000,76,2025,1,-1,44.41205,26.199646,0.6506938347405418,0.5581150533629254
87.65,3,2,7,115000,76,2025,1,-1,44.412933,26.200464,0.7671896416286593,0.6676058867099006
74.3,3,1,7,132000,76,2025,1,-1,44.412933,26.200464,0.7671896416286593,0.6676058867099006
54.0,2,3,10,160000,43,1984,1,-1,44.460323,26.070242,0.9711294362313774,0.2789417646348661
61.54,2,0,7,119000,76,2025,1,-1,44.412933,26.200464,0.7671896416286593,0.6676058867099006
48.0,2,6,8,124000,58,1981,1,0,44.44333,26.134077,0.2763675926325754,0.2449791783041374
86.65,3,0,7,146750,76,2025,1,-1,44.41172,26.206486,0.6951992268410468,0.6407036422512802
61.1,2,3,7,85900,76,2026,1,-1,44.411724,26.20594,0.7064640511985484,0.6357576228203352
61.25,2,2,7,88900,76,2025,1,-1,44.411736,26.206163,0.703027087546156,0.6389313045374114
71.0,3,2,6,100500,48,2026,1,0,44.36896,26.114502,2.0367509574395477,0.0978556849090366
58.0,2,2,6,82500,48,2025,1,-1,44.36878,26.114544,2.045731262054066,0.0787031419658726
94.71,3,9,9,123000,76,2025,1,-1,44.412933,26.200464,0.7671896416286593,0.6676058867099006
186.0,3,6,6,384900,29,2026,0,0,44.41549,26.137774,0.6386615350468718,0.2933342944207477
80.0,3,0,6,180000,48,2023,0,-1,44.3692,26.121824,1.5792670119377397,0.1607970800212338
87.98,3,10,10,115500,76,2025,1,-1,44.412933,26.200464,0.7671896416286593,0.6676058867099006
114.81,3,0,7,130000,76,2025,1,-1,44.413437,26.200642,0.8191100174139307,0.7254032883750253
32.0,1,0,10,68000,10,1974,1,-1,44.387398,26.10957,1.1845910083556863,0.0173684175290433
69.0,2,3,6,111900,3,2026,1,0,44.37927,26.134329,0.0901324551543189,0.0894294220466359
52.0,2,0,7,88400,10,2025,1,0,44.376354,26.110252,2.0285174928213663,0.1301384306578072
50.0,2,1,7,106000,63,2024,1,0,44.3623,26.151484,0.9631845037106066,0.2355053121659102
50.0,2,1,8,125000,30,1975,0,-1,44.41919,26.021032,0.1246756779774601,0.201439753050893
97.0,4,1,8,185000,48,2023,1,-1,44.376633,26.107162,2.1764329801036397,0.0609958209758571
32.0,1,2,9,56000,48,1974,1,-1,44.379147,26.12729,0.6441136909289699,0.0210190112086306
82.04,3,10,11,320000,88,2017,1,-1,44.41411,26.124035,0.3462962079958703,0.3832764826666434
45.0,2,4,4,70000,4,1938,0,1,44.438892,26.11281,0.8650684418837169,0.1840504670391535
70.4,3,2,5,97650,48,2026,1,0,44.368397,26.11245,2.206341208230368,0.153802969652305
57.0,2,6,10,110000,79,1976,1,0,44.42854,26.157888,0.5464490707672546,0.1724210123844992
25.0,1,4,5,57500,88,1974,0,-1,44.415337,26.127533,0.3643266611681114,0.2801206551218383
64.15,2,3,7,93018,76,2026,1,-1,44.41987,26.199936,1.4262269579264204,0.5964044329251427
31.0,1,1,9,54500,10,1968,1,0,44.378075,26.121927,1.081653639718388,0.171483474605219
59.0,2,3,8,129990,23,1981,1,3,44.457832,26.046984,0.6689606642748652,0.2924763943906279
74.83,2,0,7,97672,76,2026,1,-1,44.41987,26.199936,1.4262269579264204,0.5964044329251427
66.65,2,0,7,92900,76,2026,1,-1,44.411736,26.206163,0.703027087546156,0.6389313045374114
89.8,3,7,7,134500,76,2026,1,-1,44.417587,26.198704,1.154398969605127,0.6205532084471016
64.0,3,4,4,199900,16,1925,1,-1,44.425262,26.101418,0.3215207453303322,0.1280446165667578
102.0,3,1,3,329990,71,2016,1,3,44.444576,26.120182,0.672419881752114,0.0824175496576208
36.0,1,3,6,53400,48,2026,1,0,44.36773,26.114256,2.134405782907612,0.0403125087044948
109.0,3,2,7,240000,10,2018,0,-1,44.39319,26.1163,0.4772643425119352,0.3118186342190515
34.0,1,1,6,64125,48,2025,1,0,44.373657,26.125938,0.9986472822177448,0.3092897077874029
39.0,1,1,8,89000,25,1986,1,0,44.424435,26.135155,0.4883166132989152,0.1681770356089672
50.25,2,4,10,109900,29,1966,1,1,44.42465,26.14646,0.6949178903962827,0.1827811380232729
53.0,2,1,6,120000,48,2022,1,3,44.36409,26.11709,2.179885439567768,0.0119432960840634
32.0,1,0,5,46000,52,2026,1,2,44.434658,26.012163,0.7167348505461945,0.0423189746404194
39.0,2,0,6,54400,52,2026,1,2,44.434658,26.012163,0.7167348505461945,0.0423189746404194
62.0,3,2,4,130000,52,1967,0,-1,44.43956,26.01961,0.6248121728268962,0.2477860088601649
38.0,2,4,7,55000,10,1971,0,-1,44.378307,26.104956,2.13273979239054,0.2202700172170451
133.0,3,6,6,329000,88,2008,1,2,44.41628,26.118084,0.3771527305309188,0.3301688610549143
55.6,2,1,3,68925,37,2026,1,0,44.4612,26.160809,2.9363762970362144,0.1703720416164517
54.0,2,0,7,99000,3,2010,0,1,44.37546,26.141808,0.6874734445599939,0.3059278844549421
60.0,2,1,3,98500,21,2021,0,0,44.462788,26.160751,3.1093207273855024,0.1600639078317593
94.0,4,3,9,207777,30,1979,1,3,44.427845,26.041962,0.4890518434021213,0.1046329252626379
50.0,2,1,5,125000,79,2021,1,1,44.417927,26.169008,0.7798407473558698,0.2151109164242122
40.0,1,2,6,86031,48,2025,1,0,44.36585,26.11918,1.9762385484674088,0.1655503144087902
41.5,2,-1,7,60000,52,2024,1,1,44.434658,26.012163,0.7167348505461945,0.0423189746404194
61.0,2,1,4,93800,52,2025,1,1,44.434658,26.012163,0.7167348505461945,0.0423189746404194
47.17,2,1,3,76472,76,2026,1,0,44.416832,26.203165,1.2409912823884393,0.9745303536628648
66.5,1,1,6,116000,3,2025,1,2,44.373066,26.129911,0.8453217461856254,0.0786820415273728
82.9,3,2,6,137000,48,2025,1,2,44.36867,26.114674,2.0446209719315624,0.0700709199088806
86.0,3,7,7,155000,65,2025,1,2,44.375515,26.105978,2.3320640862176303,0.1266177247016043
65.19,2,2,11,108500,48,2025,1,2,44.36829,26.120996,1.6982929453095552,0.1510966660016404
61.8,2,2,11,108150,3,2024,1,2,44.36876,26.129395,1.1346704961585403,0.2233316121300458
89.87,3,1,10,122900,66,2025,1,2,44.390057,26.060106,3.2888422950818392,0.1467791770719558
34.0,2,-1,3,34999,26,2012,0,1,44.455677,26.174477,2.1991269607110846,0.8659813283431755
190.8,3,11,17,299999,88,2023,1,0,44.411926,26.12656,0.0624401358058538,0.1184870730538347
209.6,4,11,13,374989,88,2023,1,0,44.411865,26.126648,0.0579282857447949,0.1134589473336938
46.0,2,2,6,76001,48,2026,1,0,44.3688,26.112171,2.199924889656431,0.1894305471313136
48.0,2,8,8,115000,52,1979,1,-1,44.431416,26.020578,0.3024990099470596,0.1483089299239305
50.0,2,7,9,124000,3,2022,1,1,44.36837,26.135258,0.6712781381399013,0.198433591519747
74.0,3,0,11,304000,52,2018,1,1,44.425842,26.015915,0.5580536283819651,0.1323294241128169
59.0,2,1,6,93500,48,2026,1,0,44.36773,26.114256,2.134405782907612,0.0403125087044948
73.5,2,0,7,330000,35,2020,1,-1,44.46854,26.105404,1.24941147857732,0.1908510462766387
54.0,2,8,9,220000,72,1992,1,0,44.440277,26.080914,0.720360632307622,0.0407261115204295
55.0,3,3,5,148500,17,1935,1,1,44.43258,26.101896,0.3716496887510654,0.13621601513076
57.0,2,2,10,107000,10,1981,1,0,44.38982,26.125055,0.4109092880831285,0.1244753139565753
65.61,2,1,6,106000,48,2025,1,1,44.368534,26.12119,1.667858298834167,0.1816399582346971
32.0,1,4,7,55000,18,2018,1,-1,44.443226,25.982372,1.5510770354600936,0.4686025380122677
57.0,2,2,10,107000,10,1981,1,0,44.389545,26.125374,0.4503236999529413,0.0848010919196711
58.0,2,4,6,260000,8,2022,1,0,44.510742,26.075325,3.8940749516997446,0.4823573711916135
61.0,2,2,3,105000,26,2021,1,1,44.475628,26.17866,4.042190965245671,0.5865612134137869
57.0,2,2,7,92500,10,2018,1,1,44.37792,26.110155,1.929403349166252,0.0442590774592824
40.0,1,1,7,68500,10,2018,1,1,44.377285,26.110252,1.9871401320390172,0.0276190204760594
61.0,2,2,7,98000,48,2018,1,1,44.371857,26.115923,1.7687765772145363,0.1106244193857368
76.0,3,1,7,122500,48,2018,1,1,44.3742,26.1138,1.8161438918773944,0.2011999421931256
58.0,2,1,7,93500,10,2018,1,1,44.37712,26.110312,2.000964946786234,0.0465619082659987
90.0,3,4,7,144500,48,2018,1,1,44.376106,26.11065,2.0025513096817584,0.1624283004336841
60.0,2,2,7,96500,10,2018,1,1,44.37712,26.110312,2.000964946786234,0.0465619082659987
59.0,2,3,7,95500,48,2018,1,1,44.370552,26.115047,1.902450309531601,0.0565903311389469
63.0,2,2,7,100500,10,2018,1,1,44.37712,26.110312,2.000964946786234,0.0465619082659987
37.4,1,11,11,102000,76,2023,1,0,44.404373,26.206638,0.1981419095760941,0.2161628563633917
27.74,1,7,11,65000,79,1968,1,0,44.43164,26.167124,0.4715820585364693,0.1459389256615063
80.0,2,3,3,73000,77,1932,0,1,44.42044,26.104483,0.6317617815240643,0.0607150668291584
52.0,2,1,8,134000,74,1982,1,0,44.45205,26.120712,0.3588154556788216,0.1111285925541153
74.0,3,10,10,129500,79,1968,1,1,44.42676,26.175953,1.070846259939526,0.2697024587213156
83.0,5,2,7,239999,87,1945,0,-1,44.440125,26.086529,0.8464607697856729,0.0513504078172757
59.0,2,1,2,125000,17,1918,0,1,44.43042,26.097963,0.349378212283139,0.0876712771936277
250.0,5,5,5,499000,49,2026,1,0,44.443474,26.128525,0.4599184005505932,0.075609831276709
61.0,2,5,8,145000,10,1986,1,1,44.39484,26.112741,0.5212572995531537,0.2424944156246757
57.0,2,0,7,286000,35,2020,1,-1,44.46854,26.105404,1.24941147857732,0.1908510462766387
37.0,2,1,4,80000,10,1974,0,1,44.38339,26.102049,1.7951990570024836,0.1466513929410062
67.0,3,2,4,115000,52,1985,0,-1,44.436764,26.01806,0.3966177765424895,0.3156924861153018
85.0,4,9,11,129000,58,1979,1,0,44.440445,26.166927,0.5831762092461192,0.1716035136694828
270.0,6,5,5,795000,25,2019,1,-1,44.425583,26.129076,0.945000959484508,0.138565426247548
38.0,1,1,7,83500,79,1990,0,-1,44.41817,26.1606,0.5206606050493752,0.3647647089419271
17.0,1,9,10,34000,79,1970,0,0,44.417545,26.175386,0.8124527566485372,0.1048759826077468
29.0,1,3,10,62000,-1,2008,1,-1,44.398933,26.142664,1.7497733234725563,0.0794772443928427
82.0,4,0,8,169000,79,1986,1,-1,44.41293,26.148806,1.000084742005378,0.2008405846404514
87.0,3,7,9,245000,5,2025,1,-1,44.48337,26.099524,0.471697114850592,0.0982833069577351
46.2,1,1,6,64170,48,2026,1,0,44.368088,26.114336,2.104984297055474,0.0
70.4,3,6,6,93465,48,2026,1,0,44.368088,26.114336,2.104984297055474,0.0
41.0,2,0,2,155000,14,1938,0,1,44.42112,26.10398,0.7093198044204623,0.044613305654228
55.0,2,7,8,120000,85,1965,1,-1,44.437576,26.137293,0.500617609701116,0.0397719672039773
79.0,4,1,4,180000,30,1965,0,1,44.42033,26.03189,0.2225393226693748,0.2718522554860057
29.0,1,8,9,77000,30,1965,1,1,44.425087,26.047598,0.1563787672935229,0.147265862685041
65.0,2,0,5,169000,8,2022,0,-1,44.53311,26.102232,5.940220657553746,0.8087400045569542
74.0,3,4,4,131900,88,1981,1,-1,44.412495,26.136675,0.7444442469462547,0.148403519539065
50.0,2,5,20,253000,35,2022,1,1,44.46963,26.10744,1.203026877455879,0.186422978012554
73.0,3,2,5,249900,28,1939,1,1,44.44723,26.09706,0.1656987802992856,0.0484086623994275
38.0,2,3,3,139000,35,1960,0,1,44.46024,26.09668,1.0435220974322097,0.2133720942555146
40.0,2,-1,3,109000,35,1960,0,1,44.46182,26.10557,1.0051762526964811,0.1518783818571869
106.0,4,4,10,545000,35,2020,1,1,44.46082,26.10676,0.8975903084944229,0.0433995721331764
65.11,2,5,7,114180,76,2026,1,-1,44.420696,26.2004,1.5250704305452705,0.5792288123085151
39.0,2,8,10,72000,74,1976,1,0,44.462933,26.118177,1.4998109007520195,0.1472036687949006
133.4,4,4,4,266545,48,2025,1,0,44.357635,26.118607,2.354431308563586,0.6633686833920853
89.0,3,3,4,146766,48,2025,1,0,44.357635,26.118607,2.354431308563586,0.6633686833920853
63.0,2,3,4,109251,48,2025,1,0,44.357635,26.118607,2.354431308563586,0.6633686833920853
60.8,2,0,4,137298,48,2025,0,0,44.357635,26.118607,2.354431308563586,0.6633686833920853
67.1,2,3,4,119958,48,2025,1,0,44.357635,26.118607,2.354431308563586,0.6633686833920853
55.0,2,7,11,138000,79,2009,1,2,44.419598,26.170774,0.8807064738300018,0.252853591538145
45.0,1,0,2,89900,8,2021,0,-1,44.532745,26.100344,5.931181887552791,0.7404758918059618
156.0,4,1,5,475000,49,2026,1,0,44.443474,26.128525,0.4599184005505932,0.075609831276709
50.0,2,6,8,89500,66,1984,1,0,44.411922,26.063736,1.6766404581068204,0.2641711372845869
70.0,3,5,7,254500,25,1994,0,-1,44.42613,26.129822,0.9299893117843566,0.0637258728621202
86.5,3,2,3,240000,28,1933,0,1,44.456863,26.091066,0.7644711666117543,0.39805611414961
79.0,2,0,3,280000,71,2010,1,1,44.44692,26.12244,0.3602864738056683,0.0412586650133899
38.0,2,0,8,125000,29,1975,1,1,44.42089,26.137,0.1784842776940392,0.1186449655787393
50.0,2,0,11,118000,79,2009,1,1,44.42364,26.17695,1.142774254112747,0.0644684998883049
105.0,3,4,5,338650,49,2026,1,0,44.443474,26.128525,0.4599184005505932,0.075609831276709
75.0,4,1,8,189000,29,1983,1,1,44.41347,26.14054,0.8592844275647193,0.440440280246965
44.0,2,0,11,125000,76,2021,1,1,44.40526,26.20672,0.1406881771504535,0.147051115541545
80.0,3,2,8,127500,59,1936,1,1,44.44466,26.09837,0.1400975233224013,0.1085308482263913
37.0,2,4,7,118708,59,1960,1,1,44.4446,26.09833,0.1447628743520045,0.112442029177568
15.0,1,3,4,34800,56,1975,0,1,44.40995,26.17952,0.3199022881692265,0.0924338020270957
46.0,2,2,7,71000,42,1962,0,3,44.38602,26.091358,1.995422158574006,0.0662016691530313
86.5,3,0,7,179000,81,2026,0,-1,44.403584,26.17797,0.7653081970209482,0.696679588817283
55.83,2,3,7,119000,81,2026,0,-1,44.40358,26.178104,0.7685203248117269,0.6967247464033236
81.5,3,1,7,159000,76,2026,0,-1,44.403557,26.177927,0.767350867069997,0.6998406924234599
80.95,2,0,11,105100,76,2026,1,0,44.41309,26.196342,0.6210078303252461,0.6670691832414481
85.0,3,3,11,130300,76,2027,1,0,44.411835,26.1969,0.506679735201871,0.5402788717041277
54.0,2,1,8,79900,58,1963,0,-1,44.44251,26.132126,0.1908555199545394,0.1319593626549726
52.0,2,4,4,97900,23,1981,0,0,44.45439,26.040798,0.6184683726697405,0.2641133428968043
33.0,1,2,7,56000,10,1973,0,-1,44.388832,26.111126,0.9985723618804958,0.1093281148163638
67.0,3,4,4,87000,10,1969,0,0,44.378136,26.11224,1.8304736242441575,0.1797354460983699
70.0,3,1,8,150000,23,1984,0,0,44.455112,26.047941,0.3643558786048544,0.2277439657375829
67.0,2,6,6,131500,79,2008,1,0,44.41194,26.156134,0.451473771760267,0.2080608361390203
56.1,2,7,11,88400,76,2026,1,0,44.412357,26.196512,0.5479582995816384,0.5942605243280598
54.0,2,3,7,167000,10,1997,0,-1,44.39319,26.1163,0.4772643425119352,0.3118186342190515
37.0,1,0,3,60900,76,2027,1,0,44.41292,26.196486,0.6063821416441788,0.6558311498269079
119.3,4,1,7,214000,65,2025,1,2,44.375515,26.105978,2.3320640862176303,0.1266177247016043
66.55,2,6,11,116462,3,2024,1,2,44.36876,26.129395,1.1346704961585403,0.2233316121300458
65.79,2,11,12,128260,50,2025,1,0,44.427998,26.208958,1.9208281763486807,0.1203500824943628
32.0,1,7,10,68500,79,1974,1,-1,44.42626,26.16679,0.3535771392360913,0.2266881578543157
61.75,2,3,7,95900,76,2026,0,-1,44.411724,26.20594,0.7064640511985484,0.6357576228203352
44.0,2,3,3,149000,35,1960,0,6,44.462803,26.10538,1.11475167808193,0.2391447019068237
30.0,1,5,5,65000,63,2016,1,1,44.36443,26.14796,0.6046116949327798,0.3657565112125361
165.0,4,4,16,395000,61,2012,1,-1,44.478363,26.115255,0.280099373283501,0.1551759787058342
69.14,2,1,3,99174,76,2026,1,0,44.415024,26.202993,1.074446615064015,0.951726942691038
49.5,2,1,9,199900,61,2025,1,-1,44.47432,26.111832,0.8034259999339979,0.2467814935646737
58.0,2,2,7,179000,8,2018,1,0,44.511,26.0761,3.961831003041568,0.4155804147574825
80.0,3,3,10,159000,85,1978,1,-1,44.442314,26.143887,0.8692874096128537,0.0202469401508763
51.0,2,3,3,88000,43,1968,0,1,44.453808,26.068403,0.4263786192743452,0.2506739094849021
79.0,3,2,7,265000,71,2025,1,-1,44.44938,26.107235,0.3964743279832372,0.1107951353609182
45.0,2,3,7,89500,48,2026,1,2,44.36124,26.149233,0.9616581185143752,0.0235243811753346
64.0,2,10,10,165000,52,2018,0,-1,44.445194,26.037909,0.6991648900042268,0.1000880988897947
37.0,2,0,4,70000,10,1973,0,0,44.37954,26.09886,2.283458477161696,0.0233197848662391
32.0,1,9,10,93000,43,1982,1,0,44.455715,26.078518,0.6208113376983359,0.0668086548653651
64.17,3,7,8,137000,69,1982,1,-1,44.40916,26.166998,0.6594542919519245,0.2739745757322211
63.0,3,1,4,145000,10,1978,0,3,44.391567,26.117218,0.4317079828685359,0.3514503599140255
44.2,2,1,8,89000,79,1977,1,0,44.421436,26.173641,0.9566280050297588,0.320455879390212
34.0,1,0,4,64500,30,1972,1,3,44.420135,26.031681,0.2496993276396345,0.2620074949031053
86.0,4,5,10,182899,32,1941,1,0,44.440704,26.101402,0.5492053107877396,0.1865106505093409
41.0,2,10,10,75000,52,2026,1,4,44.43934,25.978865,1.3330229384862653,0.4811326376810835
52.0,2,1,7,77430,52,2025,1,1,44.43774,26.017382,0.514666956033878,0.2179837448345945
400.0,3,3,3,1500000,47,2003,1,2,44.484756,26.088192,1.1421212288770637,0.3276477715551268
63.0,2,4,5,154999,8,2020,1,0,44.49253,26.10002,1.4866920213595354,0.500170353830152
84.0,3,1,5,127000,3,2026,1,2,44.37095,26.128387,1.1095533378797966,0.0542288860335755
20.0,1,8,8,49999,32,1945,0,0,44.44037,26.103214,0.5023715837441344,0.1098773802053767
52.0,2,8,8,114900,20,1962,0,-1,44.43957,26.09195,0.7559723621714076,0.1545821028644032
65.6,3,7,8,107000,66,1982,1,0,44.407505,26.0665,2.212765123396847,0.1827345910600934
45.0,2,1,10,89000,79,1977,0,-1,44.419777,26.17267,0.983891374432796,0.2767193434153535
56.0,2,11,16,220000,-1,2009,1,-1,44.402023,26.122652,1.009710346394912,0.2626073981813486
17.0,1,3,4,27000,58,1970,0,0,44.441425,26.179148,0.9452650768422576,0.1450469782717554
52.0,2,7,8,104000,52,2026,1,0,44.43143,26.006596,0.3970993340227254,0.1416478896950998
61.0,2,7,10,123840,52,2026,1,0,44.43143,26.006596,0.3970993340227254,0.1416478896950998
63.0,2,1,8,127140,52,2026,0,0,44.43143,26.006596,0.3970993340227254,0.1416478896950998
42.0,2,5,8,75000,52,2018,1,0,44.43774,26.017382,0.514666956033878,0.2179837448345945
83.0,4,3,4,149000,10,1977,0,2,44.383816,26.107035,1.581579233852534,0.2488730474348788
73.0,3,0,7,137000,14,1987,0,-1,44.418594,26.09696,0.7461399890208255,0.0373402960431536
63.0,3,5,9,119900,74,1961,1,0,44.451378,26.122492,0.2064547566965469,0.2518962902052425
39.75,1,1,8,89000,25,1986,1,3,44.422802,26.134226,0.4375467761590982,0.3536115341370121
40.0,1,1,6,63900,48,2026,1,2,44.3613,26.149319,0.9589225646781114,0.0316203766954623
54.0,2,9,9,106000,10,2018,0,-1,44.39319,26.1163,0.4772643425119352,0.3118186342190515
62.7,3,4,9,125000,74,1963,1,0,44.4518,26.121399,0.299809570171035,0.1681217935847687
27.0,1,2,6,44000,52,2026,1,1,44.43774,26.017382,0.514666956033878,0.2179837448345945
65.0,2,8,20,320000,61,2023,1,1,44.47943,26.103691,0.273452796379654,0.0451955835617006
32.0,1,7,8,52000,52,2018,0,-1,44.43774,26.017382,0.514666956033878,0.2179837448345945
75.0,3,11,20,352000,35,2023,1,1,44.478786,26.103796,0.2832302692503214,0.1066616032255244
85.5,3,5,6,150000,11,2021,1,1,44.40851,25.993492,2.1226541513588058,0.1167988075818433
153.0,4,4,6,875000,6,2010,1,3,44.46416,26.07572,0.8794991782127086,0.3303207130272217
42.0,2,2,7,65000,52,2025,1,1,44.43774,26.017382,0.514666956033878,0.2179837448345945
77.0,4,6,8,200000,78,1983,1,0,44.41343,26.110323,0.4351656103907275,0.2721690956418514
48.55,2,1,3,54545,37,2026,1,0,44.46117,26.160807,2.933171056139931,0.1721099837001043
66.0,2,9,11,84500,88,2009,1,-1,44.415863,26.131266,0.5259068644935698,0.0083329586009614
44.0,2,2,3,152999,23,2023,0,0,44.45636,26.048157,0.5038965452589624,0.3653347356956559
70.0,3,0,4,94500,10,1970,0,0,44.38009,26.11285,1.6146450875296017,0.2497232972240897
67.27,3,6,7,249000,24,2023,1,-1,44.488647,26.065422,2.0631420956464863,0.002312670480906
66.84,3,0,6,79338,37,2026,0,0,44.46117,26.160849,2.932389409019247,0.1748652561588698
49.0,2,4,5,77000,52,2017,1,1,44.43774,26.017382,0.514666956033878,0.2179837448345945
45.0,1,1,8,77000,66,1978,1,0,44.4044,26.0574,2.392896738115153,0.1084857102478918
50.03,2,11,11,159061,61,2025,1,-1,44.48124,26.104713,0.4218682496466847,0.0591787927812164
54.0,2,2,4,129000,13,2012,0,-1,44.482685,26.038181,0.2112175498766003,0.2410297221102131
139.0,3,0,5,590000,47,2007,1,1,44.48057,26.087673,1.011225009332842,0.4233851065843598
68.0,3,0,11,235000,23,2016,1,5,44.446995,26.043314,0.3290070767748961,0.2935407702439597
118.0,2,0,10,215000,84,2017,1,0,44.408752,26.114182,0.8842480369540707,0.1462929825515797
89.0,4,2,7,174900,87,1963,1,1,44.44999,26.0879,0.3596303968255639,0.2025068196672328
61.0,3,4,4,87000,58,1973,0,0,44.435146,26.167503,0.1634394467285491,0.1547488342019765
76.0,3,6,7,400000,61,2018,1,-1,44.47501,26.11297,0.6944385496613072,0.2131708105578323
106.0,4,5,8,335000,16,1974,1,1,44.43451,26.08727,0.2778793542144751,0.0401946556316972
160.0,4,3,3,169500,16,1935,1,1,44.43454,26.08728,0.2794061394753758,0.0388133460804904
78.94,4,2,10,210000,10,2018,1,-1,44.39679,26.113167,0.3896906152099728,0.1782685219264426
90.0,3,1,3,288000,69,2026,0,5,44.4045,26.16508,1.0453766925926955,0.1945620303239225
50.0,2,4,5,77000,52,2017,1,0,44.437195,25.987272,0.7871916303451227,0.152820617353412
33.0,1,3,3,55500,52,2025,1,1,44.43774,26.017382,0.514666956033878,0.2179837448345945
109.0,5,4,7,215000,59,1940,1,1,44.44446,26.097898,0.1496861571414507,0.1144285993522495
59.0,2,6,7,91000,48,2025,1,2,44.361214,26.149403,0.970500417674575,0.0368879201672262
59.0,2,5,8,97800,48,2024,1,0,44.371048,26.126045,1.2048168338444705,0.2107248537185861
62.0,2,2,2,89000,66,2021,0,5,44.409702,26.072498,1.9742592958027243,0.2378005380655967
44.0,2,0,4,98800,56,1970,0,-1,44.412994,26.178707,0.3977546596264859,0.3234548051912329
50.0,2,10,10,84490,30,1972,0,0,44.422195,26.023607,0.213587583367639,0.1764151660545987
51.0,2,5,5,73500,48,2026,1,0,44.3698,26.112396,2.12591706567998,0.2449872543988422
31.0,1,2,10,75000,7,1986,1,0,44.44986,26.151075,1.7371418065441686,0.2541063036906303
50.0,2,0,10,116999,71,1979,0,0,44.452072,26.116165,0.674867078988069,0.0929795168557515
46.45,2,7,10,92500,58,1978,1,0,44.439037,26.179836,0.7026421832329774,0.1164766008431027
52.0,2,0,7,155000,84,1986,0,-1,44.40397,26.119333,1.0010945683736772,0.1427145353023889
48.0,2,5,7,74900,52,2020,1,0,44.438133,25.987444,0.8845049264438237,0.2463726322806893
70.0,3,9,19,399999,35,2024,0,-1,44.466553,26.108778,1.550303055649347,0.2461083022129472
85.0,4,0,7,160000,52,1997,0,-1,44.4429,26.01849,1.00668173959304,0.1069379365573746
62.0,3,1,4,114000,30,1976,1,1,44.42346,26.01828,0.4082383561396168,0.2988958779539721
145.0,4,0,7,1270000,-1,2024,1,-1,44.46619,26.0864,0.0071491789015897,0.1213703524790128
88.0,3,1,5,549899,6,2008,1,0,44.462605,26.075924,0.9231175273084704,0.2620024514011393
79.69,4,10,10,149999,32,1982,0,-1,44.44277,26.118322,0.9196218506787278,0.124538545564764
155.0,4,1,7,1270000,-1,2024,1,-1,44.46619,26.0864,0.0071491789015897,0.1213703524790128
68.0,3,4,4,119900,66,1981,0,0,44.410767,26.071768,2.066759939071225,0.1833807328038176
50.0,2,4,4,83999,30,1970,0,1,44.42716,26.030754,0.5840364022250791,0.0302587525991151
33.79,1,1,4,83500,79,1982,0,0,44.41248,26.144575,1.052690501966764,0.3278292393175454
42.0,1,1,7,95868,66,2021,1,-1,44.412483,26.080853,1.5128607217790977,0.1745969264011473
57.0,2,9,9,143802,66,2021,1,-1,44.411633,26.08002,1.5151288872468347,0.1542101213669418
50.0,2,1,7,133058,66,2022,1,-1,44.412895,26.080654,1.5528486430680242,0.1277160320416808
38.0,1,5,7,67600,48,2025,1,-1,44.367664,26.122082,1.695344137019179,0.1931594115896831
81.0,3,1,3,147600,76,2026,1,1,44.414562,26.197027,0.7934271840203582,0.7645017718990281
67.7,3,1,7,110500,76,2026,1,-1,44.417114,26.203112,1.2642854700785808,0.958265500183498
61.0,2,0,7,92500,48,2025,1,2,44.36115,26.14966,0.9864892641457618,0.0577862784178503
46.0,2,8,10,89000,69,1977,1,0,44.410915,26.168085,0.5947851402194307,0.1256638305627232
92.0,3,3,4,128000,76,2026,1,1,44.41515,26.201748,1.0234892804141955,0.932237332222674
44.0,2,4,4,116000,79,1962,0,1,44.431946,26.1481,0.7698534489959207,0.1156303248715783
64.0,3,2,4,127500,66,1987,0,0,44.407764,26.074121,1.795511358105376,0.1639678788266796
56.42,3,0,7,79000,0,1963,0,0,44.47173,26.05021,0.0747164081746674,0.1109322301529907
50.0,2,0,3,85600,76,2026,0,1,44.416943,26.198343,1.077406995153224,0.636617079881572
69.0,3,6,8,159000,58,1982,0,0,44.439148,26.158175,0.98432157851536,0.0208086023579336
118.51,4,1,7,156500,76,2026,1,-1,44.417114,26.203112,1.2642854700785808,0.958265500183498
48.0,2,5,5,90000,11,2019,1,-1,44.40746,25.99174,2.304268236930704,0.2982055155791866
31.0,1,9,9,59900,79,1968,1,1,44.43562,26.169422,0.0113710328655306,0.0380298057751295
39.69,2,2,2,137000,35,1960,0,0,44.464397,26.102356,1.2769172285304764,0.1695161727995903
41.0,2,6,7,144900,16,1961,1,-1,44.43506,26.087837,0.2920721974594938,0.0526925600572279
60.0,2,3,8,229900,8,2023,1,-1,44.491028,26.088022,1.6384495283465148,0.1605344918718436
86.0,3,2,8,359900,8,2022,1,-1,44.49121,26.08873,1.622463102231078,0.1564177617699454
63.0,2,2,6,179900,8,2008,1,-1,44.49072,26.093344,1.3976595268314256,0.4776610853691669
162.0,3,1,16,329900,61,2012,1,-1,44.47813,26.115175,0.3064670790728896,0.1541084171391254
37.3,2,1,1,73999,49,2018,0,1,44.438435,26.124903,0.7085222575662742,0.1286219546779634
52.0,2,8,10,119900,30,1978,1,-1,44.42787,26.045097,0.4640130772422188,0.2850525221468232
53.0,2,7,10,124900,52,1980,1,-1,44.432705,26.030777,0.3069641968161252,0.1631571694763132
73.39,3,3,8,238000,54,1989,1,0,44.42057,26.11556,0.4659281858624529,0.0500030903641946
20.0,1,9,9,74500,20,1966,1,1,44.43502,26.098742,0.3335725049999817,0.1672502102114302
50.0,2,7,7,123900,78,1986,1,0,44.41292,26.115763,0.4596040189852757,0.1182307752319135
66.0,2,6,11,264990,1,2023,1,0,44.426407,26.062098,0.3613228368703106,0.1984815588893489
66.12,3,5,10,139900,29,1970,1,0,44.419655,26.142248,0.2917116161787014,0.1523821347545663
68.0,3,6,10,170000,78,1978,1,0,44.41145,26.10957,0.5356667517496094,0.0858886693057077
51.0,2,0,4,117500,19,2026,1,1,44.4854,26.018574,1.460457164796424,0.2601203533804508
99.0,3,4,5,160000,8,2012,1,3,44.527843,26.05749,3.791606733906948,0.4054639566196548
46.0,2,0,4,92799,30,1964,0,0,44.42496,26.03457,0.3387672694813658,0.2624746051909821
62.0,3,8,10,118900,30,1971,1,1,44.41641,26.03061,0.6135434040548277,0.2543436993138318
63.0,3,8,8,124900,52,1997,0,-1,44.4429,26.01849,1.00668173959304,0.1069379365573746
22.0,1,3,7,44500,52,2018,0,-1,44.433926,25.988283,0.4164990566951608,0.0690349536697035
22.0,1,3,7,44500,52,2018,0,-1,44.434376,25.988356,0.4622025048845433,0.0404384781085213
92.0,3,0,4,264999,5,1988,0,0,44.48151,26.092373,0.6784212511015805,0.2222076254072638
82.0,4,1,10,156900,82,1984,1,3,44.41598,26.048569,0.9727254655474218,0.0522663133866418
68.0,3,6,8,119000,30,1970,1,-1,44.42816,26.05169,0.3720246119095593,0.24198701091432
64.0,3,0,4,150000,88,2008,1,0,44.407608,26.13159,0.6003647045552781,0.1032157945011427
34.0,1,5,10,80000,25,1979,0,-1,44.42296,26.13675,0.2818388120596901,0.2088702347669762
61.0,2,6,9,173000,16,1995,1,7,44.42582,26.12309,1.2760224817847396,0.0432319805204705
32.0,1,7,8,85000,52,1980,1,-1,44.43438,26.02976,0.3124259313769149,0.0920573580166199
44.0,2,0,4,98900,56,1970,0,-1,44.412994,26.178707,0.3977546596264859,0.3234548051912329
78.0,2,1,7,235000,20,1979,1,0,44.436142,26.102684,0.0318356974740161,0.0786614073336896
68.0,3,6,8,140000,79,1985,1,0,44.41556,26.154781,0.5703839348226546,0.1741339300407405
54.0,2,7,10,187500,5,2018,0,0,44.47936,26.09569,0.3636453826389393,0.2294084245841864
55.0,2,6,8,178000,28,1977,1,0,44.454338,26.097334,0.6889215610489531,0.1400900729997148
30.0,1,1,8,75000,52,1980,1,0,44.43612,26.027134,0.5122062258334664,0.2336985540467555
30.0,1,1,8,75000,52,1980,1,0,44.435272,26.024904,0.311761310736172,0.1405604349206593
52.0,2,5,8,95989,10,1970,1,0,44.387543,26.10995,1.1504182365952889,0.0444970399606408
56.04,2,3,7,114180,76,2026,1,-1,44.41679,26.198242,1.058742581189671,0.6407966132007413
54.0,2,10,10,119979,10,1982,1,-1,44.39553,26.11608,0.5714511671091821,0.0957210408715727
75.0,4,9,10,125000,30,1977,0,-1,44.425198,26.018387,0.5928173187824218,0.1202609105043694
43.0,2,5,8,124000,20,1960,1,-1,44.438847,26.09186,0.6759201690828033,0.1844073708615699
42.0,2,6,8,145000,78,1985,1,-1,44.41473,26.106688,0.1603157988907992,0.1271638039165792
71.0,3,5,5,149000,48,2015,1,0,44.37318,26.122654,1.236761591628404,0.0448078510470265
89.0,4,6,7,199000,-1,1990,0,-1,44.394554,26.12271,0.1817876598408119,0.1715539259287662
60.0,2,1,10,199900,61,2026,0,0,44.47456,26.1128,0.7455855167202385,0.2505282695410112
75.0,3,7,8,230999,25,1995,1,0,44.431126,26.134914,0.3178383351887431,0.1681777025072258
50.2,2,7,20,170000,61,2025,0,-1,44.478672,26.125486,0.7375984963462329,0.0327999447711871
35.0,2,5,6,88000,48,2025,1,2,44.361423,26.149405,0.9501230320317372,0.0436144228502955
44.8,2,1,7,74880,76,2026,1,-1,44.416576,26.20275,1.1987334819060418,0.9568738495677104
200.0,4,2,7,250000,3,2018,0,-1,44.37561,26.141525,0.6595989264133616,0.2831142784582561
44.64,2,4,8,120000,69,1974,1,0,44.41092,26.166857,0.522999555673408,0.1519036492298349
67.0,2,9,9,184999,8,2023,1,0,44.530624,26.102566,5.6639220418963925,1.034813161383785
62.0,2,8,9,115000,58,1970,1,0,44.4356,26.16588,0.2867303900013992,0.1402040205383208
54.0,2,10,10,119900,10,1982,1,-1,44.39553,26.11608,0.5714511671091821,0.0957210408715727
47.1,2,1,7,78620,76,2026,1,-1,44.416576,26.20275,1.1987334819060418,0.9568738495677104
85.8,3,2,7,122820,76,2026,1,-1,44.416576,26.20275,1.1987334819060418,0.9568738495677104
42.0,2,3,10,99999,74,1976,1,0,44.464577,26.12765,1.6525941367248542,0.0669321382076588
62.0,3,0,4,104900,42,1975,0,0,44.383163,26.093287,2.1383533795373237,0.1059727774659317
108.0,4,1,7,165000,76,2020,0,-1,44.412445,26.196362,0.55317002289002,0.6021536165321065
52.0,2,0,9,74500,10,1970,1,0,44.379696,26.117434,1.425562632456566,0.1074336433447498
100.9,3,11,12,255000,22,2024,1,-1,44.43273,26.070131,0.505363997222416,0.0261351502663926
37.76,1,5,6,134000,8,2009,1,1,44.499275,26.069342,2.8804121616734086,0.1655828680855681
83.63,3,3,7,121264,76,2025,1,-1,44.41987,26.199936,1.4262269579264204,0.5964044329251427
61.1,2,1,7,85900,76,2026,1,-1,44.411736,26.206163,0.703027087546156,0.6389313045374114
88.32,2,6,11,130500,48,2026,1,2,44.36829,26.120996,1.6982929453095552,0.1510966660016404
83.48,2,7,11,124500,48,2026,1,2,44.36829,26.120996,1.6982929453095552,0.1510966660016404
92.0,3,4,8,198999,48,2020,0,-1,44.367615,26.125647,1.4397877550196947,0.1058928514178616
49.0,2,1,4,85990,10,1977,0,-1,44.381107,26.105034,1.9012560537396663,0.3964259249819608
126.0,3,1,3,449500,44,1995,0,0,44.439217,26.067047,0.6520676657279819,0.1636607920448561
35.0,2,10,10,66990,10,1975,1,0,44.38457,26.11583,1.0637266804300354,0.1045085706442203
75.0,3,4,10,134850,10,1978,1,0,44.378586,26.119238,1.2870072533418038,0.0860832767528101
109.0,4,3,4,195693,76,2025,1,0,44.41173,26.200504,0.6746507696115214,0.5396428282341553
43.0,2,1,8,85000,79,1977,1,0,44.420967,26.172728,0.9157372889497702,0.4028096870080194
108.0,4,2,7,184691,76,2026,1,-1,44.414387,26.203087,1.0272694584718025,0.8896573379053772
55.0,2,2,10,179000,61,2018,0,0,44.47726,26.114796,0.4075038721950413,0.1932946353134254
32.0,1,4,5,56800,65,2010,1,0,44.37627,26.104864,2.3146383577443843,0.1275510088052222
70.0,3,8,8,93980,66,1985,0,0,44.40975,26.060965,1.857393976634415,0.207527453023182
66.0,3,10,10,129500,79,1964,1,0,44.42836,26.174406,0.8876950474314977,0.4325747389613423
18.0,1,9,10,35000,79,1975,1,0,44.418224,26.171577,0.9413203657208592,0.0911213049938939
85.0,3,2,5,523800,47,2021,1,-1,44.483494,26.09048,0.9136590205705014,0.1455064368441915
17.0,1,5,10,41000,79,1970,0,-1,44.411358,26.172388,0.2776622435127234,0.0570427683418049
21.0,1,0,7,36800,20,1975,0,-1,44.436142,26.102684,0.0318356974740161,0.0786614073336896
75.0,2,1,11,119000,48,2026,1,2,44.36829,26.120996,1.6982929453095552,0.1510966660016404
65.79,2,8,11,107000,48,2026,1,2,44.36829,26.120996,1.6982929453095552,0.1510966660016404
69.35,2,6,11,104500,48,2026,1,2,44.36829,26.120996,1.6982929453095552,0.1510966660016404
56.75,2,6,11,93000,48,2026,1,2,44.36829,26.120996,1.6982929453095552,0.1510966660016404
42.0,1,0,7,83000,76,2022,0,0,44.41543,26.19339,0.8572106248089133,0.5651207061469837
40.65,1,2,7,73755,76,2026,1,-1,44.411087,26.200258,0.6142640258621501,0.4655925727515617
78.0,3,7,8,184000,1,1988,1,3,44.420155,26.066338,1.001826752887416,0.0216510448037604
48.0,2,0,7,103700,32,1924,1,-1,44.44594,26.10967,0.8223178331513268,0.1166071459391336
113.5,4,4,5,495000,71,2026,1,0,44.445587,26.120056,0.5807620260820872,0.1868970590335242
68.0,3,1,4,99990,52,1965,0,-1,44.44114,26.01495,0.9351329332445916,0.1505879366681005
156.0,4,3,5,625000,43,2009,1,-1,44.464787,26.067055,0.8201547999685844,0.070377172622462
78.0,3,2,8,205000,83,1997,1,3,44.42294,26.074488,1.2001812423356817,0.0880540188272478
22.0,1,5,7,51000,59,1929,0,-1,44.44435,26.100426,0.2766580348185586,0.1414952517215949
39.35,1,9,11,139200,23,2016,1,0,44.446957,26.043724,0.3002659279958255,0.2648220713271789
87.0,3,3,5,210000,61,2021,1,-1,44.486645,26.114336,0.6872994193410331,0.1001321597914048
52.6,2,4,8,100000,11,2024,1,-1,44.407223,25.989094,2.482578676616167,0.4920745626914832
40.0,2,2,7,130000,59,1960,1,-1,44.445423,26.096048,0.128249674776443,0.1233804036904505
40.0,1,1,7,110000,25,1990,1,-1,44.42957,26.1356,0.3947720349679892,0.2586268938683769
26.0,1,2,7,50500,52,2026,1,0,44.43774,26.017382,0.514666956033878,0.2179837448345945
65.0,3,4,10,134000,29,1970,1,0,44.42259,26.13997,0.1718825208491477,0.2818066869087341
53.0,2,11,11,127500,76,2021,1,0,44.40711,26.20801,0.1685872280802886,0.2524227273409729
65.0,3,0,4,125000,10,1975,0,-1,44.385227,26.100822,1.638907871222144,0.0866304171705075
52.0,2,1,7,77480,52,2026,1,0,44.434658,26.012163,0.7167348505461945,0.0423189746404194
56.0,2,2,7,130000,79,1997,0,-1,44.42599,26.148926,0.9407211418988816,0.0913891318035977
27.0,1,4,10,63000,79,1975,1,-1,44.42663,26.165846,0.3079934131464465,0.2074230350502992
60.0,2,1,7,130000,66,1987,0,-1,44.419113,26.06515,1.0208434484740276,0.1515989645152129
51.0,2,1,3,100800,3,2025,1,1,44.37093,26.13543,0.6919388140064551,0.3092313729090066
61.9,2,1,7,84900,76,2026,1,-1,44.41169,26.205933,0.7029896814272204,0.6319422070486553
52.0,2,7,11,175000,66,2025,1,0,44.419456,26.064507,0.9590932762150094,0.1229914700839199
66.0,3,10,10,135000,79,1978,1,0,44.417385,26.157871,0.5117941835604911,0.4137144574176782
65.0,3,3,10,139900,42,1976,1,0,44.382153,26.092413,2.2700680229303942,0.039926912997445
50.0,2,4,10,95000,79,1968,1,0,44.433105,26.159178,0.862023202324527,0.1527843765593734
42.0,2,2,7,64888,52,2026,1,0,44.43605,25.987558,0.6587557476745515,0.0271560760003993
70.87,3,2,10,126900,20,1977,0,0,44.436142,26.102684,0.0318356974740161,0.0786614073336896
50.5,2,2,7,202800,61,2023,1,-1,44.484524,26.1112,0.6063714576241134,0.1028060404156166
86.3,3,1,11,163000,48,2025,1,0,44.368534,26.12119,1.667858298834167,0.1816399582346971
50.0,2,9,12,215000,88,2020,1,1,44.41775,26.11419,0.1353825073213936,0.1665507089845695
99.0,5,4,5,210000,87,1937,1,0,44.450974,26.08847,0.348034599029507,0.1373891041157485
57.5,2,2,7,80500,76,2026,1,-1,44.411827,26.207264,0.6960167149625673,0.6648277408233789
66.0,3,11,12,90000,-1,1963,1,-1,44.43253,26.146475,0.6384860301426311,0.1627407258128785
52.0,2,7,10,85000,79,1964,0,-1,44.429897,26.166119,0.6068191153308615,0.071442581914299
65.0,3,4,4,119900,30,1972,0,0,44.42297,26.017012,0.3428952907044909,0.2600044462106579
97.71,3,9,11,123000,76,2026,1,0,44.4126,26.200375,0.7349049197198656,0.6299660599466632
164.49,4,11,11,207000,76,2025,1,0,44.4126,26.200375,0.7349049197198656,0.6299660599466632
60.0,2,4,4,84000,30,1970,0,-1,44.426735,26.031792,0.5359954158829151,0.0820191394464068
68.0,3,6,10,170000,78,1978,1,0,44.41172,26.11015,0.5511087620976424,0.1070079331894565
90.0,4,4,10,157000,21,1978,1,0,44.468136,26.14083,2.3737399819802003,0.1547000568335491
53.0,2,4,4,105000,16,1988,0,1,44.42677,26.10254,0.1957876245184028,0.1072380023581501
83.0,4,0,4,240000,23,1984,1,0,44.455288,26.05124,0.47439710016302,0.1781767241254611
34.0,1,10,11,82400,88,1977,1,-1,44.410908,26.140158,1.0276362244371564,0.232713717936792
120.0,4,10,12,349800,61,2026,1,-1,44.48124,26.104713,0.4218682496466847,0.0591787927812164
64.0,3,3,7,119000,12,2023,0,-1,44.407757,25.98887,2.46023623673152,0.4866456056955204
53.0,2,4,4,105000,31,1988,0,0,44.45442,26.14315,1.5908760927040375,0.0979207039717996
78.0,3,5,8,130000,1,1988,1,3,44.4223,26.06677,0.879218068699457,0.2222915485736359
47.78,2,5,5,75490,79,1970,0,-1,44.415287,26.145714,0.8304096093776941,0.2978927331232454
44.0,2,1,8,88979,79,1977,1,0,44.421436,26.173641,0.9566280050297588,0.320455879390212
50.0,2,4,11,139500,76,2023,1,1,44.410713,26.19721,0.4124872614931744,0.4132136108880161
50.03,2,11,11,169500,61,2026,1,-1,44.48124,26.104713,0.4218682496466847,0.0591787927812164
65.65,3,6,10,130000,30,1974,1,-1,44.4148,26.024279,0.1885363929642329,0.1170472050736543
50.0,2,0,8,120000,74,1986,0,0,44.462093,26.12619,1.362406503782372,0.2043127247482687
50.0,2,1,3,100800,3,2025,1,0,44.37223,26.13611,0.7045923701868416,0.3672318000108001
68.0,3,6,10,170000,78,1978,1,0,44.41154,26.10962,0.5317698824991836,0.093390602530483
43.0,2,4,7,130000,-1,2018,0,-1,44.45961,26.14911,2.256722514714103,0.4626561035745453
65.31,3,0,4,125000,42,1975,0,0,44.385296,26.098429,1.7172155275199033,0.2598128146436435
30.0,1,8,9,59999,20,1965,0,0,44.436142,26.102684,0.0318356974740161,0.0786614073336896
51.0,2,1,3,130000,16,1936,1,0,44.43056,26.11621,1.2189447480041329,0.3075107990764927
46.0,2,2,7,84000,76,2026,1,-1,44.41594,26.198442,0.9748275250895968,0.7153466446757192
61.75,2,1,7,95900,76,2026,0,-1,44.411736,26.206163,0.703027087546156,0.6389313045374114
99.0,3,4,5,162000,8,2012,0,0,44.526794,26.059658,3.829800746595125,0.5909568887775656
74.0,3,3,8,238000,54,1992,1,0,44.42101,26.11612,0.5284238288931136,0.0396315943799115
65.0,3,3,10,124999,13,1968,0,-1,44.48685,26.037115,0.044158087781936,0.1459485361159566
61.3,2,1,11,119000,48,2025,1,0,44.368534,26.12119,1.667858298834167,0.1816399582346971
47.0,2,4,7,118000,10,1961,1,0,44.40102,26.09771,0.401304989529214,0.0288275234189287
181.4,5,3,7,279000,76,2024,1,-1,44.41688,26.19408,1.0165464522479426,0.426909692027259
301.2,4,4,4,393129,76,2025,1,0,44.41478,26.20306,1.0577105298379947,0.9287639263535707
68.0,3,6,10,170000,78,1978,1,1,44.412064,26.11026,0.535728320680671,0.1459007730980858
64.0,3,1,4,139800,79,1970,1,0,44.41676,26.14813,0.8590373979344217,0.1641257199501056
78.0,3,5,8,225800,84,1991,0,0,44.406635,26.120863,0.7922466487660424,0.0879093623421606
128.6,4,3,3,146000,76,2026,1,0,44.412846,26.191805,0.5967154630341831,0.5442041997140659
68.0,3,1,4,154990,10,1970,0,-1,44.385956,26.121067,0.7833733513394975,0.1581351789068844
74.0,3,2,10,145000,10,1985,1,0,44.38158,26.1334,0.2711085459600807,0.1378012430291666
108.89,4,1,4,161730,76,2026,1,-1,44.41166,26.204998,0.7242441134898588,0.6262646965482757
65.2,2,3,3,90500,76,2026,1,0,44.416576,26.20275,1.1987334819060418,0.9568738495677104
75.5,3,1,4,112950,76,2026,1,0,44.41166,26.204998,0.7242441134898588,0.6262646965482757
61.37,2,2,7,110000,76,2025,1,-1,44.41594,26.198442,0.9748275250895968,0.7153466446757192
42.0,1,1,12,97500,60,2025,1,0,44.409496,26.08742,0.8964946797683687,0.2348150372592911
52.0,2,2,4,106805,3,2026,1,0,44.37893,26.13384,0.1420935810213227,0.1399621789509216
64.0,3,4,4,105000,10,1978,0,-1,44.39181,26.11695,0.4432325065751967,0.3656616286130871
79.0,3,11,12,240000,1,2024,1,1,44.42685,26.06289,0.3102438527600124,0.2034190429953261
51.0,2,6,8,140000,52,1980,0,1,44.43297,26.02467,0.2910731852732496,0.1302245284855982
31.0,1,0,4,61990,20,2020,0,0,44.436142,26.102684,0.0318356974740161,0.0786614073336896
64.0,3,4,4,105000,10,2018,0,-1,44.39209,26.116625,0.4606155532733997,0.3602109173578928
181.4,4,3,7,279000,76,2024,1,-1,44.41575,26.193445,0.8924488550125873,0.5312598526059487
46.0,2,1,10,163000,78,1977,1,0,44.41311,26.105782,0.2036239749729533,0.042573347941321
64.51,2,11,13,234900,8,2017,0,0,44.49034,26.08844,1.557295779624638,0.241112351193836
46.0,3,3,5,77999,10,1975,0,-1,44.38023,26.109455,1.7437428443370298,0.1036048208055779
70.4,3,2,6,100500,48,2026,1,0,44.368088,26.114336,2.104984297055474,0.0
76.0,3,8,8,159000,10,1987,0,-1,44.39563,26.11154,0.3962945748745973,0.274080227988879
85.0,3,4,5,149989,48,2018,1,0,44.374264,26.125885,0.9587095131131044,0.3283848581993943
105.0,4,3,3,299900,86,2022,1,-1,44.502483,26.058975,2.329708698222987,0.0644889600251167
75.72,2,1,7,124000,76,2026,1,-1,44.412746,26.203234,0.8927512956320854,0.7334751417298152
60.0,3,10,10,163900,76,2024,1,1,44.410736,26.199972,0.5727971957440011,0.4215675495736683
57.7,2,2,6,82500,48,2026,1,0,44.368088,26.114336,2.104984297055474,0.0
33.0,2,-1,5,55000,63,2013,1,0,44.36342,26.148195,0.7094947147123669,0.2521096790654632
31.0,1,1,8,53500,52,2016,1,1,44.439087,25.985556,1.0298235919587255,0.0627578729652164
72.0,3,0,4,139000,52,1981,0,2,44.43952,26.015282,0.7733111439689365,0.1336580882217604
193.25,4,4,7,234675,76,2026,1,-1,44.411556,26.200737,0.6763877825065929,0.5273196533938168
64.0,3,4,4,105000,10,1978,0,0,44.390793,26.11803,0.415045977520726,0.2733792881601247
47.0,2,2,10,81900,10,1970,1,1,44.37842,26.11719,1.4507662264161807,0.1036936906978921
29.0,1,-1,8,48500,52,2022,1,1,44.44004,25.98689,1.1009807394118607,0.1703630761102792
54.0,2,1,6,120000,48,2022,1,0,44.363758,26.11679,2.212299488297456,0.0558930946744179
37.34,2,0,3,68000,39,2015,0,1,44.40534,26.0204,1.2210589718744091,0.1334618953581614
41.0,2,1,15,258000,35,2022,0,-1,44.4648,26.10119,1.1790500903636174,0.1332270650679152
86.0,3,2,8,132800,3,2026,1,0,44.367226,26.13293,0.8740670108383295,0.0402447900680239
38.0,2,1,4,78999,10,1974,0,1,44.38188,26.122648,1.0426912840415563,0.1639027586659538
97.0,3,3,8,345000,16,1990,1,6,44.428364,26.132029,0.6847200155923279,0.0529703336240148
62.0,2,3,3,127000,8,2010,0,-1,44.53204,26.10042,5.853370063131802,0.8084755545338052
61.0,3,0,1,129000,78,1940,0,1,44.41347,26.11354,0.3575273630722719,0.05162038411605
35.0,1,6,10,76000,29,1976,1,2,44.425507,26.146729,0.7690212629130821,0.1960098282949011
53.0,2,8,15,105000,70,2014,1,-1,44.39865,26.14319,1.777022995633052,0.0628473546816753
68.0,3,1,8,135000,52,1980,1,-1,44.434265,26.029205,0.3572317016112984,0.0477190717321818
38.0,2,2,2,137000,35,1960,0,-1,44.46527,26.102972,1.314587989373428,0.0650521299741781
117.5,3,3,5,649999,64,2005,1,-1,44.468765,26.090921,0.4595800852479042,0.47987972169103
60.0,3,4,8,235000,28,1967,0,-1,44.453083,26.089954,0.4649773814280811,0.1469697731966279
90.75,3,0,5,350000,8,2013,0,-1,44.515,26.102879,3.9685032079998206,0.0944340865694107
33.0,1,1,5,50750,52,2025,1,2,44.434658,26.012163,0.7167348505461945,0.0423189746404194
94.15,3,3,5,162726,3,2025,1,0,44.378445,26.14511,0.7844010968420156,0.5993047000627543
50.0,2,1,3,69420,48,2026,1,0,44.36773,26.114256,2.134405782907612,0.0403125087044948
86.0,3,1,6,548000,6,2008,1,0,44.46269,26.075544,0.9466280922946188,0.2349378622850202
76.0,4,1,4,169000,79,1968,0,0,44.41436,26.157717,0.3048098284896824,0.0956519448141315
52.0,2,6,7,100000,17,1959,1,-1,44.434803,26.105444,0.2425554371774541,0.1408622430592819
49.8,2,1,3,69421,33,2025,0,0,44.39794,26.084936,1.1558241116111183,0.0475125255052889
51.0,2,1,5,132231,20,2025,0,-1,44.436142,26.102684,0.0318356974740161,0.0786614073336896
66.2,2,0,6,140000,88,2025,0,-1,44.414974,26.12008,0.5658783935687677,0.2959763289978158
90.0,3,3,7,296500,88,2025,0,-1,44.41356,26.120502,0.5666672667794352,0.2554793422540148
53.0,2,3,4,99800,78,1953,0,-1,44.41438,26.11579,0.3202378227973513,0.1537666259694044
40.0,1,1,8,94000,49,1986,1,0,44.43209,26.13844,0.0441469565457093,0.0416434173276688
43.0,2,4,14,66000,70,2008,1,0,44.39944,26.146881,1.943165794055204,0.3394610713053207
87.98,3,10,12,115500,76,2025,1,0,44.41257,26.19999,0.7120239120851939,0.6199791017964776
142.0,4,11,12,254800,10,2023,1,-1,44.38927,26.118279,0.5186584047798859,0.1079349759046557
77.0,3,3,4,220000,88,2025,0,0,44.423897,26.120989,1.0048320905057289,0.1083302880776526
251.73,4,0,12,220000,76,2025,1,0,44.41257,26.19999,0.7120239120851939,0.6199791017964776
36.0,1,5,7,75000,48,2022,1,-1,44.364136,26.117186,2.1712308562483904,0.0050175593304498
143.66,3,11,12,192000,76,2025,1,0,44.41257,26.19999,0.7120239120851939,0.6199791017964776
237.45,5,11,12,307000,76,2025,1,0,44.41257,26.19999,0.7120239120851939,0.6199791017964776
92.4,3,1,3,138600,76,2026,1,0,44.416985,26.198282,1.0803479633607964,0.6299341483797296
192.1,2,7,11,110000,76,2024,1,0,44.416943,26.198343,1.077406995153224,0.636617079881572
56.0,2,4,6,115000,48,2023,1,-1,44.368534,26.11347,2.1310636900831663,0.0848411923309589
52.0,2,4,10,76900,10,1971,1,-1,44.380096,26.126732,0.688869732518236,0.0154695618976382
68.0,3,6,10,165000,78,1978,1,0,44.411808,26.110895,0.5765918801150166,0.1342421125408306
63.0,3,1,4,115000,10,1975,0,-1,44.38558,26.103619,1.5255402524782051,0.1915282809407274
93.92,3,5,5,169000,17,1930,1,3,44.433247,26.1074,0.468532896536744,0.0967779505936673
98.06,3,5,12,124000,76,2024,1,0,44.410946,26.19866,0.507921203461652,0.4275364509117108
80.75,2,10,12,107000,76,2024,1,0,44.410824,26.199087,0.5236110842429272,0.4167284106693784
71.0,3,1,4,123500,52,2018,0,-1,44.440907,26.019726,0.7699998417879372,0.1784514944732986
59.87,2,1,11,104772,3,2024,1,2,44.36876,26.129395,1.1346704961585403,0.2233316121300458
80.05,3,1,7,144000,65,2025,1,2,44.375515,26.105978,2.3320640862176303,0.1266177247016043
82.16,3,3,10,120900,66,2025,1,2,44.390057,26.060106,3.2888422950818392,0.1467791770719558
56.26,2,0,8,87500,3,2024,1,2,44.36876,26.129395,1.1346704961585403,0.2233316121300458
194.81,3,0,9,148500,66,2025,1,2,44.390057,26.060106,3.2888422950818392,0.1467791770719558
62.79,3,0,8,164900,30,1977,0,-1,44.427376,26.042177,0.4365536221492402,0.1382604638669397
67.0,3,4,8,235000,28,1967,1,-1,44.452667,26.09023,0.476373923248614,0.1133682550236625
62.0,3,0,3,79500,66,2016,0,1,44.37482,26.088688,3.1139227864886445,0.2236598840035712
57.0,2,5,10,98000,71,1964,1,3,44.452557,26.1123,0.5216864794578623,0.0441212760760409
70.0,2,7,7,190000,16,1991,1,3,44.42982,26.094584,0.5030358938932155,0.1201916578962627
96.5,3,8,11,263500,66,2024,1,2,44.40215,26.062275,2.7081900963041017,0.0365368811726387
56.29,2,4,6,115000,48,2023,1,2,44.367825,26.112444,2.243229724648253,0.1532105473276973
31.0,1,3,3,66000,63,2025,1,0,44.37266,26.14439,0.4199202046923388,0.2957945559343517
70.0,3,10,10,116000,10,1974,1,0,44.37608,26.11283,1.8334871375020567,0.032072032004928
53.0,2,1,9,125000,48,2025,1,0,44.36788,26.12415,1.5557548109896513,0.2055221703629791
52.0,2,4,4,105000,81,2018,0,-1,44.40338,26.175447,0.7627040215344293,0.7551346207905051
60.0,2,3,4,127500,76,2018,1,0,44.41772,26.19459,1.1106078195867186,0.3645981924902682
84.0,3,2,7,134000,10,2018,1,1,44.378086,26.110199,1.911679704986735,0.0628447857092869
58.0,2,3,7,94000,48,2018,1,1,44.371838,26.115932,1.7691801281780326,0.1093755099067986
53.0,2,0,7,88500,10,2018,1,1,44.37712,26.110312,2.000964946786234,0.0465619082659987
79.0,3,1,7,128000,48,2018,1,1,44.376106,26.11065,2.0025513096817584,0.1624283004336841
65.0,3,4,4,127000,10,1975,0,0,44.38663,26.10598,1.3680949967404936,0.1964241360139138
81.0,3,5,5,167000,48,2018,1,0,44.37518,26.12736,0.8036361832106758,0.3016246903438004
80.0,3,2,7,127500,48,2018,1,1,44.374435,26.113558,1.825936613400465,0.1716802607717299
65.0,3,0,7,105000,48,2018,1,1,44.371674,26.11535,1.818473949578435,0.0713328782484492
66.0,3,2,7,159000,79,2018,0,-1,44.41817,26.1606,0.5206606050493752,0.3647647089419271
65.0,3,4,10,134000,29,1970,1,0,44.4234,26.143585,0.4281556091625786,0.2090328437718745
65.0,2,4,6,145000,63,2021,1,0,44.36134,26.15082,1.0165888173042688,0.150170629808029
180.0,5,4,5,1180000,64,2014,1,1,44.467766,26.091516,0.4408624692161052,0.4319501808837455
31.0,1,4,7,86000,30,2018,0,-1,44.424267,26.040764,0.1454895219413926,0.1425529804952605
53.0,2,11,11,127500,76,2021,1,0,44.40469,26.20525,0.2720913086997966,0.1490271399219426
36.0,2,1,10,67000,10,1974,1,0,44.38018,26.12878,0.5278992564580544,0.14459396621412
60.0,2,1,8,179999,25,1990,0,0,44.423897,26.13036,0.7675027066194794,0.3124240656129572
69.0,3,4,4,115000,10,1967,0,0,44.378857,26.115303,1.5969643958075694,0.2362943833857549
65.0,2,7,7,94900,70,2008,1,-1,44.398926,26.143427,1.8056962693640672,0.0985189302960628
85.0,3,4,5,107000,10,1979,0,0,44.389725,26.128702,0.6223204358740789,0.2058161304030226
31.0,1,0,2,108000,20,2026,0,0,44.436142,26.102684,0.0318356974740161,0.0786614073336896
66.0,3,5,5,132900,63,2020,1,0,44.36207,26.15108,0.9628865282643227,0.1949029568312353
59.0,2,1,2,168500,20,2026,0,0,44.436142,26.102684,0.0318356974740161,0.0786614073336896
77.0,3,7,8,230900,25,1995,0,-1,44.431435,26.135221,0.2806593701011277,0.1342257240190204
65.0,3,6,10,130000,79,1965,0,-1,44.42972,26.160471,0.5515222253250763,0.0891291675625357
52.0,2,8,8,119000,55,1983,1,-1,44.448425,26.121729,0.2530368105108161,0.1608947923368525
40.1,1,0,3,85100,76,2022,1,1,44.41824,26.192022,1.179464667791562,0.2412273096555511
55.0,2,4,10,120000,74,1975,1,-1,44.45281,26.126062,0.3554098813264704,0.2422078240993926
55.0,2,3,8,110000,10,1964,1,-1,44.389053,26.109953,1.072106465907081,0.0236982295128805
58.54,2,1,11,102445,3,2024,1,2,44.36876,26.129395,1.1346704961585403,0.2233316121300458
51.0,2,6,8,123900,58,1981,1,-1,44.44206,26.134079,0.146224069433637,0.118864389561959
47.0,2,2,10,70000,10,1965,1,1,44.3831,26.119192,1.122282393693508,0.3141321350723815
132.0,4,0,4,490000,73,2016,1,0,44.51107,26.021053,0.9450531042289207,0.1329555420707167
52.95,2,0,8,150000,29,1992,0,0,44.414932,26.14141,0.7118735810920939,0.4796020809537309
72.0,3,8,11,263500,1,2024,1,-1,44.417892,26.07063,1.423983681102182,0.2511654746722974
104.0,3,3,3,132000,37,2021,0,2,44.47054,26.17218,3.6944184486535474,0.0906251533815853
53.0,2,9,10,117500,30,1973,1,-1,44.419758,26.028175,0.4275698464547997,0.2393784057193946
54.0,2,10,10,120000,10,1982,1,-1,44.394436,26.119007,0.3094873239864186,0.0694679410781664
137.3,3,5,5,240000,76,2025,1,0,44.41306,26.192608,0.603654674681044,0.581538872139453
71.0,3,0,10,123000,10,1974,1,0,44.382362,26.110558,1.5017317543441415,0.1499523263450188
67.0,2,2,6,96500,48,2026,1,0,44.368088,26.114336,2.104984297055474,0.0
54.0,2,1,9,90000,10,1965,1,1,44.38205,26.118189,1.2547845581088717,0.209460609664835
69.0,3,4,4,115900,10,1980,0,-1,44.386753,26.132355,0.8317693938992413,0.2536165177971483
146.55,4,3,4,485000,27,2004,0,-1,44.465763,26.074932,0.9150488159122088,0.2339258454716121
57.0,2,9,10,132000,55,1982,1,0,44.446552,26.125963,0.403101412704469,0.1026683441169885
64.0,2,2,8,178900,25,1992,0,0,44.426666,26.129961,0.933604417038182,0.0031267544493354
88.43,4,0,1,235000,20,1918,0,0,44.43957,26.083357,0.7955857977845021,0.1219110928502539
108.0,3,9,11,360000,17,1936,1,-1,44.434093,26.097769,0.4434562854240998,0.2727463950258089
55.0,2,6,8,82998,10,1964,1,-1,44.396076,26.115837,0.6124350165625475,0.0502589093255585
66.0,2,1,6,106000,48,2026,1,0,44.375816,26.12802,0.719324917423066,0.3112109934767387
97.39,2,3,7,244990,61,2007,0,0,44.485058,26.111507,0.6336712330435853,0.1554789724693291
51.13,2,7,12,175000,66,2025,1,0,44.41899,26.061546,0.8805011465861017,0.1531753609945632
80.0,3,1,10,369000,28,1981,0,0,44.450047,26.098953,0.4860494056773489,0.3140552595575853
15.0,1,2,4,19000,56,1976,0,0,44.41105,26.181824,0.5093375654260313,0.2423075348226752
57.0,2,1,6,290000,74,2022,0,0,44.46152,26.107727,0.984510023128592,0.0661403825319673
140.0,4,0,4,299999,-1,2020,0,1,44.496227,26.002438,1.9226617735132208,0.94220289782937
121.0,4,5,20,635000,74,2022,0,0,44.469128,26.11021,1.3664778557600905,0.040359088631978
95.19,3,1,4,305000,71,2025,0,1,44.449802,26.106754,0.3409818313401364,0.1649973217125127
60.0,2,8,15,128000,-1,2007,1,0,44.401638,26.142431,1.6686854559279116,0.0447903495041071
85.0,4,5,10,139000,58,1976,1,0,44.441715,26.157063,1.2026664738542376,0.12856846250036
33.33,1,0,4,95000,52,1990,0,-1,44.437824,26.033735,0.3674054101855942,0.1010614754796044
67.0,2,5,8,177000,16,1990,1,0,44.42318,26.1042,0.6074163447949155,0.2411587542621451
49.0,2,1,4,108000,30,1974,0,3,44.42623,26.026516,0.3371766220896978,0.1733526947236969
90.0,4,6,8,142000,52,1984,1,3,44.440052,26.027233,0.8007493741300101,0.1530573696820341
70.0,3,4,10,108000,30,1975,1,3,44.4144,26.024748,0.2464340388213972,0.1423425192088662
42.0,2,1,10,145000,61,2018,1,-1,44.47726,26.114796,0.4075038721950413,0.1932946353134254
54.0,2,4,10,111000,10,1982,1,-1,44.39439,26.119268,0.2893129149540795,0.0482746320395631
46.6,2,4,7,78500,42,1963,1,-1,44.387146,26.090147,1.9808296878043297,0.2044711997981349
56.0,2,5,10,113800,66,1984,1,0,44.40736,26.05906,2.102628142317215,0.0364106859063421
90.0,2,3,3,170000,57,1970,0,3,44.48288,26.0584,1.3934687215326549,0.1800392861046868
57.0,2,7,10,135000,52,1980,1,3,44.43325,26.021255,0.092599520536251,0.0964350114969535
60.0,2,8,11,212000,61,2024,0,-1,44.477562,26.116549,0.3472057143209685,0.0538684968036574
46.0,2,2,10,123000,30,1964,1,-1,44.4245,26.02819,0.2319316051666676,0.2685487241096104
98.0,5,3,4,197000,16,1930,1,-1,44.428127,26.094822,0.4894692693321206,0.1434934735198745
63.0,3,1,4,115000,10,1975,0,-1,44.383194,26.105104,1.7442296619135191,0.3245187855091738
65.0,3,8,11,115000,52,1978,1,-1,44.434116,26.012186,0.715284209579036,0.0194447605056941
69.87,3,5,10,99990,74,1976,0,0,44.463535,26.126265,1.5223562579981074,0.0542571223306775
46.91,2,1,9,172000,61,2026,1,1,44.482143,26.108818,0.6404174105764089,0.1167066783265122
50.0,2,1,4,86000,10,1977,0,1,44.3813,26.105589,1.8546359961859888,0.3532313380724123
62.0,3,4,7,115000,10,1969,0,-1,44.38038,26.12521,0.8122880997046487,0.1188436782578467
40.2,2,2,7,68500,10,1974,1,-1,44.390812,26.112743,0.7953519746904465,0.2659894596269548
46.6,2,2,7,98500,0,1964,1,-1,44.470562,26.052868,0.2113420670289557,0.0799012898895421
45.0,2,1,7,136000,76,2025,1,-1,44.410065,26.19735,0.3650622200981059,0.3406452523611233
18.0,1,8,10,54000,79,1978,1,1,44.417927,26.169008,0.7798407473558698,0.2151109164242122
83.3,3,4,4,122000,11,2020,1,-1,44.406807,25.985947,2.6434624060075653,0.5306175835638319
47.6,3,4,7,74900,58,1975,1,-1,44.44315,26.179773,1.0457851599261925,0.2623852273899376
67.0,3,7,7,119000,21,2018,0,-1,44.46059,26.134863,1.46016695953737,0.1998940807050786
70.0,3,4,7,144900,52,1982,0,-1,44.432144,26.017782,0.3558125997414905,0.1037753317447663
83.0,3,0,1,168000,16,1940,0,-1,44.42815,26.102404,0.1126091317822812,0.1086393006337654
42.0,1,3,7,73000,52,2018,0,-1,44.4429,26.01849,1.00668173959304,0.1069379365573746
62.0,3,1,8,210000,8,2024,1,-1,44.490646,26.088915,1.5625737743757,0.2195439818485941
29.0,1,1,7,53000,13,1990,0,-1,44.48761,26.02366,1.0051834235906534,0.2608255766035963
56.0,2,2,11,159000,-1,2025,0,0,44.47157,26.141024,2.184955450087088,0.0518716497907637
90.0,3,5,5,125800,48,2023,1,0,44.371635,26.116175,1.7635548217139332,0.107356559060711
50.0,2,0,3,83000,65,2024,1,0,44.370365,26.101627,2.87143468791331,0.1380523577667116
40.0,2,6,6,79900,38,1962,0,0,44.448193,26.076946,0.2724065992494497,0.1285499115789132
33.0,2,4,6,58000,48,2026,1,0,44.36773,26.114256,2.134405782907612,0.0403125087044948
105.0,3,9,9,335000,10,2020,1,-1,44.38203,26.116777,1.29062764040144,0.0976144897847623
55.8,2,1,6,95000,48,2025,1,0,44.36594,26.11837,2.0321717542936417,0.1840193395731931
39.13,1,1,6,64000,48,2025,1,0,44.375526,26.12772,0.7576029608502867,0.3036729113515724
37.0,2,0,4,59000,10,1974,0,-1,44.37844,26.109394,1.911300177749945,0.1183666460155749
34.0,1,1,4,61000,48,2019,0,-1,44.370956,26.115274,1.863615474496264,0.0186448530510164
49.0,2,3,7,122000,76,2018,1,-1,44.415016,26.192661,0.8173976611971391,0.6022311687004535
57.0,2,0,5,139000,86,2008,0,5,44.504475,26.04331,1.4332313386473294,0.031225735694307
53.0,2,1,4,86500,39,2025,1,-1,44.404774,26.003979,1.9657821831024265,0.6347568309043632
99.5,3,8,12,125000,76,2025,1,0,44.41257,26.19999,0.7120239120851939,0.6199791017964776
72.42,3,0,3,128926,76,2026,1,0,44.41452,26.203083,1.0377451202701211,0.9030103782223728
80.05,3,0,3,134000,76,2025,1,0,44.41277,26.191763,0.5897225215875054,0.5351192863168143
64.18,2,3,3,88500,76,2026,1,0,44.416576,26.20275,1.1987334819060418,0.9568738495677104
61.3,2,1,4,86900,76,2026,1,0,44.41166,26.204998,0.7242441134898588,0.6262646965482757
42.1,2,2,3,73500,76,2026,1,0,44.416576,26.20275,1.1987334819060418,0.9568738495677104
81.9,2,4,4,97900,76,2025,1,0,44.411736,26.206163,0.703027087546156,0.6389313045374114
63.91,2,1,3,95041,76,2026,1,0,44.41452,26.203083,1.0377451202701211,0.9030103782223728
64.84,2,1,3,88500,76,2025,1,0,44.416576,26.20275,1.1987334819060418,0.9568738495677104
120.0,5,5,7,445000,28,1982,1,-1,44.45032,26.097971,0.5049964343645658,0.3446617040814581
97.56,3,2,4,114890,11,2007,0,0,44.408157,25.99185,2.2472436438490546,0.2497658798628258
97.0,4,1,1,169999,38,1932,0,0,44.450954,26.07132,0.2783247769178994,0.1470046234911203
55.0,2,5,6,134899,12,2019,1,1,44.41833,26.00511,0.7393887269527913,0.1792751906032543
65.0,2,1,7,142000,80,1940,0,-1,44.43419,26.113955,0.9070327408369636,0.1449868088743205
65.0,3,3,4,135000,30,1974,0,-1,44.42345,26.01839,0.4044784094345486,0.3018122523533627
65.0,3,3,4,120000,52,1976,0,-1,44.43168,26.01255,0.7479581074342236,0.2912966574005476
52.0,2,4,4,98000,30,1977,0,-1,44.41398,26.02219,0.2504688515693531,0.1507553106970158
15.0,1,4,7,28500,88,1976,0,1,44.415936,26.127506,0.4307947228004035,0.2191260422394419
40.0,1,1,7,72000,52,2026,1,4,44.439323,25.978865,1.3316137880995085,0.4811739902589768
62.28,2,1,11,108990,3,2024,1,2,44.36876,26.129395,1.1346704961585403,0.2233316121300458
222.32,4,1,10,192900,66,2025,1,2,44.390057,26.060106,3.2888422950818392,0.1467791770719558
65.63,2,1,8,102000,3,2024,1,2,44.36876,26.129395,1.1346704961585403,0.2233316121300458
61.9,2,1,9,88900,66,2025,1,2,44.390057,26.060106,3.2888422950818392,0.1467791770719558
65.0,3,2,4,152000,21,1986,0,0,44.461987,26.142536,1.9834067803333424,0.0089204886507669
44.0,2,2,2,164900,61,2018,0,3,44.47726,26.114796,0.4075038721950413,0.1932946353134254
31.04,1,10,10,85000,88,1977,0,1,44.410583,26.140486,1.0585099031979923,0.2115027039470013
31.11,1,0,8,88000,1,1994,1,2,44.42459,26.070858,0.860967727282457,0.0678999880186188
45.0,2,0,10,125000,29,1966,1,3,44.420696,26.141195,0.1644357926575795,0.1723081779962225
69.6,3,6,8,144990,82,1982,1,3,44.41756,26.049105,0.847974590306597,0.226489044845255
54.0,2,0,7,87000,10,2018,1,1,44.37712,26.110312,2.000964946786234,0.0465619082659987
63.0,2,2,7,101500,10,2018,1,1,44.37712,26.110312,2.000964946786234,0.0465619082659987
55.0,2,2,7,87500,10,2018,1,1,44.37792,26.110155,1.929403349166252,0.0442590774592824
90.0,3,3,12,329000,52,2021,1,5,44.4296,26.037313,0.6181034596454152,0.3206906939156531
50.0,2,1,9,158000,44,2018,1,5,44.4411,26.057213,0.3172495423453377,0.1859123332109383
56.0,2,6,7,110000,79,1997,0,-1,44.41817,26.1606,0.5206606050493752,0.3647647089419271
49.0,2,0,7,70000,39,2018,0,-1,44.407352,25.998589,1.938067153121625,0.2562998744746235
19.29,1,7,10,67500,25,1969,0,0,44.43139,26.138613,0.1228060828504325,0.0526774112178813
63.0,3,5,5,99000,-1,2012,0,0,44.411663,26.149874,0.9361680032143088,0.1389926590668447
52.65,2,1,2,117000,79,1982,0,2,44.41859,26.148859,0.8163429729815393,0.2601553673703698
58.0,3,3,4,149900,35,2014,0,1,44.46983,26.10925,1.25887720294926,0.0773296341831849
68.0,3,4,4,117000,10,1977,0,0,44.380672,26.130148,0.4321707541934756,0.2540614158666296
64.33,2,6,11,112577,3,2024,1,2,44.36876,26.129395,1.1346704961585403,0.2233316121300458
60.27,3,2,10,159000,78,1978,1,0,44.413326,26.107174,0.2549125740237189,0.1492021841617286
204.0,3,8,8,349999,76,2023,1,0,44.407097,26.198725,0.3736162436164389,0.021858788870725
93.62,3,2,3,152000,76,2026,1,0,44.41452,26.203083,1.0377451202701211,0.9030103782223728
80.0,3,1,6,128000,48,2025,1,0,44.36594,26.11837,2.0321717542936417,0.1840193395731931
27.0,1,1,7,49000,66,2018,0,-1,44.398083,26.06973,2.2235139705639693,0.1066970820440108
55.0,2,6,7,120000,10,2018,0,-1,44.39319,26.1163,0.4772643425119352,0.3118186342190515
31.0,1,6,7,85800,30,2018,0,-1,44.4274,26.04359,0.4529747000337313,0.2416644622727445
72.0,3,8,8,99990,58,2018,0,-1,44.44248,26.169794,0.7731815335796713,0.1699429256148539
55.0,2,7,11,179700,61,2026,0,-1,44.481907,26.109055,0.6159270955295544,0.1486270714866628
116.0,4,1,5,259000,65,2021,1,-1,44.37617,26.101604,2.4867259291781982,0.1523909941544594
59.0,2,5,6,95500,48,2026,1,0,44.36773,26.114256,2.134405782907612,0.0403125087044948
71.83,3,7,8,119900,79,1983,0,0,44.41492,26.175323,0.5207221858562233,0.1513858826902197
64.0,2,4,4,198000,5,1995,0,2,44.483665,26.100414,0.5009614352712862,0.1736690828903433
62.4,2,2,3,105706,76,2026,1,0,44.416878,26.1987,1.0797886440158984,0.6636580364265
130.0,4,4,5,459999,35,2015,1,-1,44.461246,26.097282,1.017145919643101,0.2247230690588776
57.55,2,6,20,242840,74,2022,0,0,44.469555,26.110092,1.322453657959517,0.047627048117669
55.9,2,1,10,142985,55,2026,0,0,44.447075,26.128965,0.498693707218977,0.1981518130387469
47.0,1,7,10,93200,55,2025,0,0,44.447075,26.128965,0.498693707218977,0.1981518130387469
123.0,4,3,19,591000,74,2023,0,0,44.469627,26.11002,1.3126186657285417,0.0512095228450096
55.0,2,1,7,140000,22,1939,0,-1,44.43266,26.06723,0.4964995498731702,0.1356903136590273
71.0,3,3,4,177000,88,2007,1,-1,44.41641,26.120975,0.6048555949808839,0.4571595850513938
52.0,2,0,4,232000,47,2020,0,-1,44.48319,26.088226,1.054969548381362,0.3258816969815728
50.0,2,1,8,126776,13,2018,1,-1,44.4939,26.031593,0.0732199011992913,0.1361191122154623
77.0,4,4,4,154000,20,1972,0,-1,44.436142,26.102684,0.0318356974740161,0.0786614073336896
128.0,3,6,7,489900,32,2025,0,0,44.43786,26.107634,0.4451956887733354,0.2245706359208617
79.0,3,0,5,285000,8,2021,0,0,44.49019,26.09223,1.3821314347067233,0.4303456402448263
30.0,1,6,10,60800,79,1975,1,0,44.419884,26.165573,0.615282008408203,0.1127477388365864
74.83,2,0,3,94304,76,2026,1,0,44.41913,26.199776,1.344353769283522,0.6365893647370197
58.23,3,7,10,123000,49,1962,1,0,44.43922,26.134136,0.2082789995719408,0.2021191976203572
51.0,2,6,8,124000,58,1981,1,0,44.44125,26.133429,0.0426476168143774,0.0653968687659726
40.0,1,2,7,73900,48,2023,1,-1,44.36943,26.122036,1.5490767029005057,0.1338989096015215
82.0,3,2,7,229000,8,2024,1,-1,44.489853,26.095673,1.2434546454168116,0.4124348224069839
70.0,3,5,10,153999,20,1976,0,0,44.436142,26.102684,0.0318356974740161,0.0786614073336896
61.0,3,0,10,118000,30,1976,0,-1,44.426487,26.027298,0.3791824627097864,0.1506244697140979
36.0,2,2,4,70000,42,1974,0,2,44.38799,26.100622,1.3706838378541737,0.3365376194592721
97.0,3,1,2,200000,16,1937,0,1,44.431637,26.118912,1.3648029703874087,0.1504791167710155
65.0,2,1,7,98000,10,2026,0,1,44.38676,26.116875,0.8116367202193068,0.1547552464180386
45.0,1,1,7,69500,10,2026,1,1,44.38676,26.116875,0.8116367202193068,0.1547552464180386
61.0,2,1,7,92500,3,2026,0,1,44.3761,26.138962,0.4817160691963676,0.0977007653867181
51.0,2,2,8,87990,10,1965,0,0,44.389137,26.110382,1.0371623216438215,0.0416046403012008
70.0,2,0,1,218000,85,1930,0,1,44.440414,26.141552,0.6730280502420741,0.1776359036542465
64.0,3,8,10,97999,10,1970,0,0,44.379467,26.110447,1.770057273929326,0.1813080949026939
95.06,3,1,3,127273,76,2026,1,0,44.415024,26.202993,1.074446615064015,0.951726942691038
61.5,2,1,3,92300,76,2026,1,0,44.416985,26.198282,1.0803479633607964,0.6299341483797296
55.0,2,8,8,138000,-1,1983,1,0,44.433624,26.155344,1.1205234091912235,0.183813378627398
31.0,1,0,7,57000,39,2021,0,-1,44.41041,26.009346,1.2363084878802426,0.1778696364291287
54.0,2,1,4,105000,52,1982,1,0,44.437237,26.018103,0.4355377867826585,0.2922453915585821
96.67,3,1,1,125000,16,1933,0,1,44.42769,26.121891,1.398576885034729,0.2467119354287431
52.0,2,4,4,144900,8,1990,0,0,44.491566,26.083311,1.926545533466357,0.1665427629723662
60.0,2,10,10,114900,43,1985,0,-1,44.45642,26.065557,0.7437841232223321,0.0661556506120188
113.0,3,1,6,170000,32,1940,1,-1,44.441887,26.106056,0.7187341243776875,0.1860142381429979
43.0,2,2,10,95000,69,1976,1,0,44.41276,26.164833,0.2877480951186925,0.0125535039715514
113.0,4,1,6,170000,32,1940,1,-1,44.441936,26.106142,0.7263005480423738,0.1944512037792544
97.71,3,3,12,123000,76,2025,1,0,44.411728,26.199518,0.6176640628420772,0.5211169461940424
76.06,4,4,4,162000,79,1968,0,0,44.428165,26.151169,0.979437539854995,0.2779208420222972
64.0,2,5,10,80990,52,2026,1,2,44.440605,25.972147,1.8188462739398523,0.6337031671084981
64.0,2,6,10,124900,48,2020,1,1,44.36071,26.136559,1.0735744478910674,0.0805939471409712
65.15,2,2,4,91900,76,2026,1,1,44.411736,26.206163,0.703027087546156,0.6389313045374114
189.42,5,11,12,234500,76,2025,1,0,44.411728,26.199518,0.6176640628420772,0.5211169461940424
75.0,2,2,2,179000,10,2019,0,0,44.396873,26.118141,0.5474573945367611,0.236640026136021
113.0,4,2,6,365000,8,2023,1,0,44.511192,26.0746,3.8668839060622617,0.506970720386104
70.0,3,0,9,118000,52,1967,0,-1,44.434826,26.031363,0.1878676095651445,0.0772526958281751
58.0,3,9,10,89000,30,1974,0,-1,44.415154,26.029251,0.5176872554278633,0.2149992386190777
44.0,2,7,11,110000,76,2015,1,1,44.415737,26.197855,0.9379220925490724,0.699185200021928
69.0,3,8,8,125000,10,1982,1,0,44.38881,26.128805,0.6920378457711188,0.2227381884585773
46.0,2,4,7,80001,48,2026,1,0,44.37016,26.114878,1.9371166662154464,0.1014842211886005
60.0,3,0,6,115000,3,2025,1,1,44.372562,26.129223,0.9216664661747777,0.1370004089254415
66.0,2,1,5,109000,3,2025,1,1,44.3761,26.138962,0.4817160691963676,0.0977007653867181
50.0,2,4,6,79500,3,2022,1,1,44.3761,26.138962,0.4817160691963676,0.0977007653867181
75.0,3,1,6,127050,3,2026,1,5,44.3761,26.138962,0.4817160691963676,0.0977007653867181
46.0,2,4,6,86000,10,2026,1,1,44.38676,26.116875,0.8116367202193068,0.1547552464180386
63.91,2,1,3,95041,76,2026,1,0,44.41478,26.20306,1.0577105298379947,0.9287639263535707
94.23,2,10,11,124000,76,2025,1,0,44.4126,26.200375,0.7349049197198656,0.6299660599466632
44.49,2,0,3,73500,76,2026,1,0,44.416576,26.20275,1.1987334819060418,0.9568738495677104
70.0,3,6,10,138000,30,1974,1,0,44.4158,26.017757,0.4099797721374034,0.149121791187634
52.0,2,0,10,123000,30,1979,0,0,44.419556,26.020266,0.0546502794902528,0.1528561201400118
49.0,2,6,8,130000,12,2020,1,0,44.419643,26.001461,0.9751340330093756,0.0945617800632223
118.51,4,1,3,156500,76,2026,1,0,44.416576,26.20275,1.1987334819060418,0.9568738495677104
55.0,2,1,8,193000,16,1990,1,0,44.42689,26.129478,0.9450242105538028,0.0449299423538204
58.93,2,4,11,112000,79,2024,1,0,44.41939,26.18013,1.0816062973328382,0.3369987053719792
69.0,3,6,7,159000,58,1983,1,-1,44.438377,26.15819,0.9513838160274288,0.0534415889557297
170.0,5,11,17,780000,84,2010,0,0,44.403934,26.121092,1.0306057277754683,0.0202319867441017
81.0,4,5,10,139000,58,1977,1,0,44.442345,26.166782,0.787701772486874,0.0422515151814453
40.93,2,3,7,102850,69,2026,0,-1,44.404377,26.16915,0.8248364506919608,0.4982350944705254
59.2,2,2,7,153230,69,2026,0,-1,44.404377,26.16915,0.8248364506919608,0.4982350944705254
66.0,2,4,12,195000,88,2011,1,0,44.419926,26.126432,0.8770676826719943,0.0606801451348953
189.41,5,11,11,234500,76,2026,1,0,44.4126,26.200375,0.7349049197198656,0.6299660599466632
143.02,3,11,11,191000,76,2025,1,0,44.4126,26.200375,0.7349049197198656,0.6299660599466632
59.0,3,6,7,100000,74,1975,1,-1,44.4592,26.13,1.131509955844797,0.1273817601391066
54.54,2,0,3,85000,76,2026,1,0,44.416576,26.20275,1.1987334819060418,0.9568738495677104
63.1,2,1,3,94700,76,2026,1,0,44.416985,26.198282,1.0803479633607964,0.6299341483797296
47.45,1,0,3,75900,76,2026,1,0,44.416985,26.198282,1.0803479633607964,0.6299341483797296
50.0,2,9,9,96500,29,1965,1,-1,44.42475,26.149,0.8742747231253326,0.1430603744471444
41.0,2,1,7,82000,58,1970,0,-1,44.441,26.1504,1.3411383384892062,0.0369404740801896
126.9,3,5,5,167800,11,2026,1,5,44.40538,25.990873,2.511763425729296,0.5144045945110062
104.0,2,0,4,138000,3,2022,1,1,44.3761,26.138962,0.4817160691963676,0.0977007653867181
74.0,3,6,7,169900,3,2025,1,1,44.3761,26.138962,0.4817160691963676,0.0977007653867181
60.0,2,8,8,176000,25,1995,1,-1,44.430492,26.135584,0.3168931383670639,0.1696923730261653
65.0,2,3,3,88999,37,2024,1,0,44.471638,26.173527,3.760672013063144,0.0836903473275255
71.0,2,10,11,99000,70,2007,1,-1,44.39842,26.14575,1.960273303411295,0.2290266335577362
44.0,2,5,11,119900,24,2020,1,0,44.48578,26.062006,1.7162072801565746,0.3012245966162797
83.0,3,8,8,124900,66,1983,0,0,44.404156,26.057549,2.422177023620125,0.0806202358224743
65.52,3,9,10,170000,79,1965,1,0,44.416958,26.154785,0.6478331399924745,0.2901839089348661
88.0,3,-1,2,225000,49,2016,0,0,44.44027,26.127611,0.44270144653344,0.1027997617284567
67.0,3,1,10,119000,21,1976,1,-1,44.461113,26.13384,1.4633711022669464,0.130579578925807
193.33,4,1,4,785000,47,2008,1,-1,44.48123,26.087875,1.0095460949592532,0.4344091567296189
75.0,3,11,20,352000,35,2022,1,-1,44.466553,26.108778,1.550303055649347,0.2461083022129472
57.0,3,10,10,73000,42,1972,1,1,44.3849,26.089272,2.2008396281656237,0.2637524720564059
65.97,2,2,3,115000,76,2025,1,0,44.41452,26.203083,1.0377451202701211,0.9030103782223728
60.0,3,1,4,165000,79,1967,0,1,44.42823,26.16476,0.3929671394372074,0.188055650632512
49.0,2,0,4,164900,5,1983,0,0,44.480972,26.096783,0.3418570386713348,0.2656308609889825
70.0,3,4,6,209900,28,1976,0,0,44.45808,26.095703,0.9905489775902784,0.0453814387340313
46.0,2,1,4,115000,79,2000,0,0,44.41708,26.18631,1.1463316979110525,0.4777905587746985
99.0,3,6,7,269000,8,2018,1,0,44.49408,26.082495,2.1769576550930627,0.1103375719305401
64.0,3,1,9,230000,49,2013,1,1,44.43278,26.129246,0.7302673077088222,0.1148300543923709
94.0,4,3,8,214990,52,1994,0,-1,44.436626,26.034805,0.250351490624548,0.0097640779275957
72.86,3,2,8,235000,88,1988,0,2,44.420403,26.12832,0.8695215052769414,0.2112310453139203
54.0,2,2,10,81000,18,2026,1,0,44.441353,25.977976,1.5499782557820276,0.5917633974448462
50.31,2,2,7,123000,21,2023,0,-1,44.463135,26.138027,1.83693459516289,0.2431014350800117
41.23,1,1,11,72152,3,2024,1,2,44.36876,26.129395,1.1346704961585403,0.2233316121300458
99.8,4,3,10,146900,66,2025,1,2,44.390057,26.060106,3.2888422950818392,0.1467791770719558
66.83,2,2,9,89900,66,2025,1,0,44.390057,26.060106,3.2888422950818392,0.1467791770719558
83.0,3,6,6,187500,-1,2024,1,0,44.49664,26.002123,1.9283885203956117,0.992259663298334
43.0,2,0,3,109000,13,2012,0,1,44.488514,26.039146,0.2379701514120028,0.191980414822601
73.0,3,2,4,167000,52,1989,0,-1,44.440052,26.032309,0.6248257925580406,0.2432176586917432
48.0,2,3,3,120000,61,1980,0,0,44.48031,26.104588,0.3659994537877857,0.0668193861441179
64.16,3,1,4,130000,52,1984,0,-1,44.441257,26.018648,0.8263764295571122,0.0896733033657006
67.0,2,7,7,210000,42,2009,1,0,44.396584,26.09807,0.8892725897826412,0.206924643557947
21.0,1,2,5,37500,3,1985,0,0,44.38523,26.139576,0.7106146825798335,0.1165773129783446
67.0,2,7,7,210000,42,2009,1,0,44.39695,26.097937,0.8474072989488164,0.1743460287868989
34.0,1,-1,6,62900,12,2020,1,1,44.41707,26.002462,0.9898046550308468,0.1454862669810588
67.0,3,4,4,95000,10,1970,0,-1,44.381126,26.114145,1.465289472176987,0.1420760539895785
90.0,3,2,7,144500,10,2018,1,1,44.376976,26.110312,2.012668495663968,0.0620958021086153
80.0,3,3,7,127500,48,2018,1,1,44.376106,26.11065,2.0025513096817584,0.1624283004336841
56.0,2,11,11,165000,52,2018,1,1,44.4329,26.040554,0.5739993659004855,0.2129904898225482
77.0,2,6,9,239000,16,1994,0,1,44.426426,26.11489,1.090085351317721,0.2322184111467285
52.0,2,2,4,329000,16,2023,1,0,44.424892,26.093494,0.6958069694593482,0.1821328549550679
55.0,2,4,4,194900,25,1989,0,-1,44.428307,26.1327,0.6506434939407001,0.0055688120348967
70.0,2,11,24,125000,31,2009,1,0,44.45281,26.143599,1.5604153554917464,0.1402649047417599
60.0,4,10,10,83000,52,1973,1,-1,44.440712,26.01592,0.8542157260946412,0.1387927130384087
57.7,2,2,6,76725,48,2026,1,0,44.368088,26.114336,2.104984297055474,0.0
350.1,5,11,16,1050000,20,2010,1,-1,44.436142,26.102684,0.0318356974740161,0.0786614073336896
46.0,2,3,3,130000,35,1956,0,0,44.46534,26.105747,1.39649740848362,0.0131333495542732
76.0,3,8,10,117000,-1,1978,1,0,44.467438,26.137403,2.2106255560420385,0.1370171767285637
31.0,1,4,10,86000,30,1965,1,1,44.425888,26.03825,0.4142905833058665,0.3016046144643103
67.0,3,6,8,159000,58,1980,0,-1,44.43951,26.15811,1.006076797515347,0.0199430184019579
30.0,1,8,9,59900,42,1965,1,0,44.393753,26.09337,1.2139892416204654,0.0870836936249737
53.0,2,8,10,115000,30,1973,0,3,44.42237,26.02835,0.219082903679868,0.1305043812376922
31.0,1,4,7,86000,30,2018,0,-1,44.425846,26.03836,0.4046350438097116,0.2998324067304834
64.69,3,2,8,148000,66,1985,1,0,44.412563,26.07587,1.851905879695486,0.149592941683264
94.59,3,1,11,165532,3,2024,1,2,44.36876,26.129395,1.1346704961585403,0.2233316121300458
63.0,3,8,8,99000,10,1997,0,-1,44.378452,26.103361,2.204931869301208,0.1496457449297004
55.0,2,5,7,88500,48,2025,1,2,44.36707,26.114214,2.1830912663539253,0.113611087967311
49.0,2,5,10,90000,52,1977,1,1,44.43375,26.02049,0.0775186407218663,0.0717522707996895
48.0,2,4,4,76500,42,1974,0,-1,44.383568,26.093449,2.0943970350955743,0.1482581608455572
127.0,4,0,4,1200000,64,2019,0,-1,44.466297,26.087902,0.1165115834847152,0.1198683869509194
90.0,4,3,8,149000,66,1983,1,3,44.410713,26.063763,1.805194702018686,0.2805916595205086
65.0,3,1,4,119999,79,1976,0,-1,44.424908,26.163483,0.0641932246090041,0.0734177619217011
52.0,2,7,9,102900,30,1968,1,0,44.42589,26.026623,0.3014356388680417,0.1918883715834218
27.58,1,4,10,81500,30,1965,1,0,44.423588,26.047798,0.2257062055294967,0.0364052101295232
322.47,5,4,5,4235000,5,2015,0,2,44.4771,26.09655,0.3733572764486772,0.3629920939377662
75.0,3,3,4,120000,63,2014,0,1,44.36462,26.14962,0.6725781290945626,0.3823594465119789
30.0,1,8,9,59900,42,1965,1,-1,44.39486,26.093678,1.088490563584522,0.1993091138283775
18.0,1,3,7,50000,16,1947,0,-1,44.435196,26.086636,0.3662306038021203,0.1121465577969094
54.0,3,0,4,153000,76,1988,0,-1,44.405506,26.196379,0.306824527583507,0.1946993141318411
72.0,3,2,8,260000,16,1991,1,0,44.425117,26.121151,1.1231467216601476,0.1320884376573075
80.0,3,2,3,230000,38,2007,0,2,44.44624,26.067806,0.4164796270272141,0.0815142180068197
83.0,3,0,4,315000,86,2009,1,-1,44.498547,26.055992,1.9667186088536248,0.4565290050160995
62.51,3,8,8,164950,1,1992,1,0,44.423916,26.071886,0.9717348062890778,0.0275863976142306
75.0,2,2,2,179001,10,2019,0,0,44.396873,26.118141,0.5474573945367611,0.236640026136021
74.63,3,8,8,159950,1,1989,1,0,44.421597,26.064056,0.7598735818532053,0.1499702099896845
54.0,2,10,10,119980,10,1982,1,-1,44.39553,26.11608,0.5714511671091821,0.0957210408715727
53.95,2,1,9,90000,20,1965,1,0,44.436142,26.102684,0.0318356974740161,0.0786614073336896
21.0,1,2,5,38000,3,1978,0,-1,44.38517,26.13994,0.7189015873659834,0.1254522140640615
60.0,2,4,7,169000,59,1959,1,0,44.446163,26.09738,0.0447505547565584,0.0793552375337968
58.5,2,3,5,140000,3,2021,1,0,44.37878,26.147505,0.9685344416025768,0.5693516257838875
79.0,4,2,7,180000,30,1964,0,-1,44.42361,26.02982,0.3164737201101517,0.1291294905446271
87.0,3,1,1,195000,53,1938,0,1,44.44078,26.118322,1.1166999566456188,0.1556685756718178
48.0,2,4,4,73600,20,1976,1,0,44.436142,26.102684,0.0318356974740161,0.0786614073336896
61.0,2,0,5,149000,63,2021,1,0,44.36237,26.15121,0.9432581348017516,0.2214951449387378
85.77,3,2,3,148606,76,2026,1,1,44.417545,26.2036,1.3257393982633086,0.9775390444545058
114.0,3,2,5,425000,87,1972,1,1,44.44708,26.086908,0.5808094846343266,0.0245636523893195
61.43,2,2,3,108990,76,2025,1,0,44.417545,26.2036,1.3257393982633086,0.9775390444545058
78.35,3,0,3,157025,76,2025,1,0,44.416985,26.202692,1.2337387254823926,0.9332911315450484
59.0,2,1,7,189000,86,2018,0,-1,44.50381,26.06049,2.4984572212452165,0.204614950195016
64.0,2,1,4,185000,24,2025,0,-1,44.487225,26.061932,1.7508450508021218,0.3182770586219138
15.0,1,1,7,25000,66,1997,0,-1,44.39928,26.05618,2.908099566208997,0.0576854018648191
67.0,3,7,8,115000,21,1985,1,3,44.464928,26.14258,2.219871282445367,0.2310279332697247
81.0,2,4,4,169000,24,2018,1,-1,44.493996,26.062218,2.1146768454726748,0.1881632108160637
120.0,4,0,3,790000,35,2025,0,-1,44.45738,26.098898,0.7456499087744888,0.2364344747955828
51.0,2,7,7,130000,0,1967,1,0,44.46983,26.054173,0.33657268045708,0.2039474654099024
45.55,2,4,11,173000,9,2014,1,0,44.44762,26.060156,0.5431369438850541,0.1579321300392598
64.84,2,1,3,89000,76,2026,1,0,44.416576,26.20275,1.1987334819060418,0.9568738495677104
81.0,4,4,10,156000,21,1978,1,0,44.46897,26.142418,2.425737870287798,0.0022060163884762
54.0,2,8,8,118000,88,1984,1,3,44.416004,26.1339,0.6818446771854899,0.12990561160209
30.0,1,5,7,65000,63,2016,1,0,44.361313,26.150343,0.998420977825948,0.112135569437624
57.0,2,2,10,107000,10,1981,0,-1,44.387276,26.12746,0.7521982218042443,0.1359105265656783
55.0,2,2,7,135900,58,1985,0,-1,44.44613,26.144117,1.047195593845697,0.1108546613017851
68.0,3,2,7,135000,10,1980,0,-1,44.381657,26.134068,0.2520900977851633,0.1693022732917968
55.0,2,7,7,174000,61,2025,0,-1,44.4817,26.109241,0.596762559648794,0.1758923868173803
63.0,3,4,10,205000,35,1963,1,-1,44.463825,26.099855,1.0943329843230678,0.2038268113756526
49.24,2,2,3,123000,76,2026,1,0,44.419,26.19943,1.3216978185170516,0.6133686752004381
57.99,2,6,10,139000,39,2000,1,0,44.411545,26.014446,0.8456908105320768,0.1839569116445179
73.0,3,6,11,265000,79,2019,1,2,44.419106,26.169992,0.876768908756351,0.2289337302587875
104.0,4,5,10,186480,58,1985,1,0,44.442528,26.153297,1.502760407762762,0.0932482754508014
67.0,2,3,7,123395,39,2026,1,-1,44.41009,26.01922,0.7369068870331296,0.1777467309183432
223.0,5,4,5,669000,71,2023,0,-1,44.449085,26.116562,0.6072557350648066,0.0199782143119922
67.61,3,0,10,123000,10,1972,1,0,44.382362,26.110558,1.5017317543441415,0.1499523263450188
80.0,3,1,3,100000,76,2026,1,1,44.414562,26.197027,0.7934271840203582,0.7645017718990281
100.0,4,5,10,365000,16,1990,0,-1,44.42753,26.092999,0.6378125076553911,0.0707498032749703
67.0,3,7,7,116000,21,1997,0,-1,44.465515,26.14205,2.242383455536665,0.2178346323822654
67.0,2,0,4,170000,79,1965,0,-1,44.428493,26.161684,0.3943560912922477,0.0975417684631138
52.0,2,5,8,98000,10,1974,1,-1,44.38838,26.110083,1.0952879373961355,0.0991805817903687
52.0,2,0,8,100000,23,1982,1,-1,44.453793,26.045227,0.2939854839063981,0.1824217215932704
50.57,2,4,7,119901,77,1961,1,-1,44.41933,26.104511,0.5083177007424057,0.164828993592012
91.0,4,-1,2,150000,80,1947,0,-1,44.434185,26.11698,1.143258862569191,0.1072136868145887
64.0,6,6,10,134000,74,1970,1,0,44.455513,26.12822,0.700928976407502,0.1133224241280447
62.0,3,4,7,109000,79,2018,0,-1,44.41817,26.1606,0.5206606050493752,0.3647647089419271
73.57,2,6,16,225000,61,2011,0,0,44.47781,26.115566,0.3304747537918585,0.1203444465599751
101.8,3,5,5,240000,76,2018,1,0,44.414154,26.192186,0.7295783257597623,0.6908436144839918
45.0,2,2,7,95999,10,1965,0,0,44.401047,26.098618,0.4250693120352722,0.0754137254607127
59.0,3,0,10,125000,52,1967,0,-1,44.43542,26.03367,0.1000880318441929,0.1155906454932591
27.0,1,2,8,99000,43,1984,1,0,44.457317,26.063372,0.5997534408146544,0.187295222393951
107.0,2,0,6,171000,48,2025,0,1,44.37514,26.12852,0.7357426185650559,0.2283907532711359
216.0,8,0,2,479000,1,1946,0,-1,44.425686,26.06684,0.5517017378624117,0.0782804036384953
74.91,3,1,7,135480,76,2026,1,-1,44.411533,26.200747,0.6754055917318793,0.5251949077882603
59.0,2,0,5,115000,3,2025,1,2,44.370884,26.128393,1.115676871222636,0.0609045148951158
75.0,2,5,11,222000,61,2026,0,-1,44.477333,26.113745,0.4371768892189657,0.1961466505444661
108.0,4,3,7,165000,76,2020,0,-1,44.412663,26.195906,0.56595162390769,0.6088183661850028
38.0,2,1,4,79000,10,1974,0,0,44.379772,26.104773,2.0211441097112144,0.3335884852952445
54.33,2,1,3,137000,52,2017,0,0,44.431927,26.007725,0.4305742644297443,0.2031138706922605
65.0,3,4,10,165000,78,1977,0,-1,44.41243,26.108688,0.4110646903918308,0.2151508171113991
40.0,2,6,8,147999,78,1986,1,0,44.414627,26.107168,0.1989560172705334,0.1665383968459058
90.0,4,3,11,350000,6,1995,1,6,44.452225,26.085213,0.0773700650532669,0.1074823188102454
39.0,2,6,8,157000,16,1961,1,0,44.434547,26.087894,0.2447452791992475,0.0113292130419411
58.0,2,3,5,140000,63,2021,1,1,44.37885,26.14766,0.9801154849635152,0.5644046091321354
52.0,2,4,10,75900,10,1972,1,0,44.381603,26.126024,0.7758170182568747,0.1550632640628748
16.0,1,1,7,11000,66,1997,0,-1,44.39928,26.05618,2.908099566208997,0.0576854018648191
62.0,2,6,11,225000,52,2017,1,0,44.429638,26.031546,0.5689210186767173,0.2646213551179838
90.0,2,1,11,230000,44,2009,1,0,44.44307,26.066519,0.4806562778210024,0.2791606878577948
54.0,2,7,10,187500,61,2026,0,0,44.485615,26.10629,0.8622616422115752,0.318401638636093
96.14,3,1,16,330000,61,2010,1,-1,44.4783,26.116041,0.2691347596568878,0.0957581993428531
51.0,2,8,8,100000,52,1981,1,-1,44.434185,26.015217,0.4870963227086252,0.0701109911409835
50.0,2,1,7,81999,1,1940,0,-1,44.419712,26.066679,1.05515040648478,0.0679477923847039
63.0,3,5,9,264900,49,2011,1,0,44.43336,26.127506,0.8731074724473468,0.0397778186655097
79.0,3,1,3,339500,77,2026,1,0,44.418316,26.106302,0.4161122849282248,0.3324100468789785
60.0,3,8,8,165000,6,1976,1,-1,44.45702,26.079515,0.6790009959299051,0.1223539788088336
62.0,2,1,3,285500,77,2026,1,0,44.418316,26.106302,0.4161122849282248,0.3324100468789785
61.0,2,6,8,205000,54,1998,1,0,44.423485,26.112482,0.7596212964800929,0.1632066827728631
47.0,2,3,4,132000,23,1982,0,0,44.455578,26.048088,0.4167715220639876,0.2785822627743884
49.0,2,1,3,135000,16,1940,0,0,44.42746,26.118523,1.2663218347356524,0.1634598930061254
46.0,2,2,10,102000,81,1974,1,0,44.40978,26.172173,0.2701680957189918,0.1502254933899141
175.0,4,10,10,181262,76,2026,0,-1,44.41614,26.203054,1.1737803522715788,1.0006205384085995
83.4,3,5,10,225000,84,1991,1,0,44.406677,26.120928,0.7853448135824963,0.0809900528334804
67.57,3,2,8,134990,10,1983,1,0,44.382668,26.133858,0.3627646958071454,0.1370802597052698
57.0,2,1,10,178000,71,1982,1,0,44.4527,26.108494,0.2191782522625318,0.2709168309163781
108.0,4,3,7,165000,76,2020,0,-1,44.411797,26.196367,0.485701516438096,0.5309518292434884
37.0,2,0,4,73990,10,1973,0,0,44.37954,26.09886,2.283458477161696,0.0233197848662391
63.0,2,2,5,194500,21,2024,1,0,44.45923,26.14157,1.7284991022263954,0.3028448350834755
42.0,1,1,3,69500,33,2026,0,0,44.39794,26.084936,1.1558241116111183,0.0475125255052889
50.0,2,5,5,119900,79,2019,1,0,44.41617,26.18956,1.0047804612013402,0.5085262357857919
54.0,2,4,8,79999,66,1984,1,0,44.409138,26.06305,1.9584229377913145,0.2898392428319818
88.0,4,9,11,130000,58,1978,1,0,44.43842,26.170713,0.3357030182621952,0.1829752041877405
80.0,3,1,3,154990,16,1947,0,1,44.420475,26.100296,0.7242334401310964,0.2826665301956026
90.0,4,3,8,149000,66,1983,1,-1,44.41122,26.064106,1.7599989305317736,0.2935213353342209
39.0,1,5,9,109000,25,1993,1,1,44.42421,26.12939,0.8520241017899037,0.2370225797970107
69.0,3,9,10,125000,79,1967,0,-1,44.424595,26.175179,0.9929022998717932,0.1182756456208203
85.0,4,5,7,198000,69,1982,1,0,44.412697,26.16387,0.2186428320345346,0.0611788213552371
80.0,3,1,5,110800,48,2026,1,0,44.371353,26.115017,1.8590056206161731,0.0330927718864385
127.0,3,8,8,167000,52,2015,1,1,44.43774,26.017382,0.514666956033878,0.2179837448345945
75.0,3,7,8,231000,25,1995,1,0,44.431393,26.135893,0.2355964974855105,0.08505915053024
61.0,2,3,7,105000,76,2022,1,1,44.402733,26.176943,0.8423238970859681,0.7986361923453852
59.4,2,1,4,100840,81,2025,1,1,44.402744,26.176422,0.8365282650175911,0.8043362175304201
66.0,3,1,4,148000,79,1968,0,0,44.42847,26.165493,0.4435201430017776,0.2321547582391525
27.0,1,0,10,68500,30,1975,1,0,44.42687,26.038652,0.4730525043819539,0.2019190942410518
70.0,2,1,3,91750,76,2026,1,-1,44.41234,26.203583,0.8399179757432139,0.7107866643486633
67.0,3,5,8,154999,85,1968,1,1,44.438034,26.137375,0.4684512120160112,0.059161302379646
43.0,2,4,7,124900,17,1963,1,0,44.430378,26.1034,0.3143853198125902,0.160330623067266
51.6,2,2,7,85200,76,2026,1,-1,44.41286,26.196054,0.5901435953326724,0.6336786762140572
76.75,3,3,7,130000,87,1950,0,-1,44.441814,26.086699,0.970287478393468,0.193340251073705
76.0,4,1,4,229999,27,1971,0,1,44.46429,26.07161,1.1303856136800852,0.1160524184506725
78.0,3,3,8,279999,29,2019,1,0,44.42291,26.140148,0.2101607253064146,0.2631211185956683
28.38,1,8,10,57000,20,1977,1,0,44.436142,26.102684,0.0318356974740161,0.0786614073336896
40.0,1,4,6,82885,48,2026,1,3,44.369247,26.113379,2.092362199506898,0.1496510329497213
92.0,3,4,8,186999,48,2020,0,-1,44.367615,26.125647,1.4397877550196947,0.1058928514178616
49.0,1,11,11,100409,52,2025,1,-1,44.43143,26.006596,0.3970993340227254,0.1416478896950998
88.0,3,11,11,159053,52,2026,1,0,44.43143,26.006596,0.3970993340227254,0.1416478896950998
51.9,2,10,10,78500,79,1972,1,0,44.418343,26.178562,0.9330973320123922,0.1901804650715706
42.0,2,3,6,114800,76,2017,1,-1,44.406452,26.17941,0.5226337108335498,0.3860739573752531
76.0,3,3,6,177000,48,2026,1,0,44.373177,26.127972,0.9242899136567306,0.2048102709175867
95.1,4,2,10,150000,58,1976,1,0,44.441807,26.171892,0.7235539631511697,0.0388099526307363
17.0,1,4,7,32000,-1,2018,0,-1,44.45961,26.14911,2.256722514714103,0.4626561035745453
108.0,3,3,3,328000,64,1935,0,0,44.468952,26.08843,0.3501994014280697,0.4149807534558227
63.11,3,8,10,121000,79,1965,1,2,44.428623,26.170382,0.7304829494239309,0.3467941093685084
24.6,1,7,11,68500,76,2017,1,2,44.41195,26.19858,0.5878238810401393,0.5389495491191749
115.0,4,2,8,337500,83,1987,0,-1,44.424618,26.083748,1.0470393597275418,0.0512265635751773
56.0,2,1,7,94000,39,2025,0,-1,44.40508,26.003807,1.9439072696546384,0.599587086729217
31.0,1,9,10,62000,79,1970,1,0,44.419605,26.169802,0.8255610634548725,0.2838998758324222
91.35,4,1,6,204300,48,2026,1,0,44.373177,26.127972,0.9242899136567306,0.2048102709175867
37.0,1,4,4,99500,30,1970,0,0,44.42775,26.05247,0.3674475265234054,0.2078495567268536
50.68,2,7,12,190000,52,2018,1,0,44.430244,26.036274,0.5178490867443197,0.4085426499441175
73.76,3,1,3,134000,76,2026,1,0,44.416218,26.20239,1.1497257616062282,0.950240875864576
75.43,3,0,5,470000,87,2009,0,0,44.45068,26.086397,0.2186212428576051,0.1275209137591759
37.5,1,7,10,79000,76,2025,1,0,44.4194,26.19882,1.3496835912322167,0.5560114912730995
37.5,1,7,10,79000,76,2025,1,0,44.41937,26.19885,1.3471431674876813,0.5590252533089989
82.8,3,1,4,179000,76,2025,1,0,44.416042,26.193327,0.925444164914065,0.4975252565124028
58.0,2,4,10,106800,76,2025,1,0,44.4194,26.198818,1.3496395501558875,0.5558559221507887
55.85,2,3,10,103600,76,2025,1,0,44.41935,26.199564,1.3619775526340514,0.6105024584233577
45.0,2,4,4,80000,30,1964,0,1,44.424503,26.033813,0.276117386815999,0.2484403608756718
64.0,3,6,8,250000,25,2009,1,0,44.428738,26.132341,0.6386329799665805,0.0508867585860791
61.3,3,3,4,161000,76,2025,1,0,44.41615,26.19405,0.9353830678939068,0.5017477382230084
105.5,4,0,5,570000,87,2009,1,0,44.4506,26.086317,0.2198840676396041,0.1382936295833229
91.34,4,0,3,205000,76,2026,1,0,44.416973,26.202353,1.2179393756759884,0.9093360818106848
55.85,2,3,10,103600,76,2025,1,0,44.418617,26.1996,1.2859373360059654,0.6384178060689548
36.52,1,6,10,74000,76,2025,1,0,44.4188,26.199417,1.3003113726493185,0.6184350966661907
45.13,2,0,3,87500,76,2026,1,0,44.41684,26.20301,1.2346243141659925,0.9629382521618453
36.52,1,6,10,74000,76,2025,1,0,44.418785,26.199,1.28836056516092,0.5873224509255693
53.71,2,2,3,92500,76,2026,1,0,44.41692,26.202408,1.2153390041553362,0.9157831473000736
43.21,2,6,10,87000,76,2025,1,0,44.41932,26.1989,1.3429262595688591,0.5640786163182308
45.78,2,7,9,90000,10,1965,1,0,44.386456,26.117762,0.8066213774712786,0.1721818202578889
44.0,3,8,10,100000,30,1973,1,0,44.42626,26.041403,0.3187248550457248,0.200703830615059
127.19,4,1,1,495000,87,1920,0,0,44.44552,26.082834,0.6901978063396524,0.0650047574617776
104.36,3,5,5,186000,87,1940,1,0,44.447678,26.092533,0.4525385364608961,0.1618332310066407
78.25,3,0,3,155000,76,2026,1,0,44.41634,26.20251,1.166304796039931,0.9520357936797506
58.0,2,4,10,106800,76,2025,1,0,44.419342,26.198877,1.344756676032338,0.5617728721540861
27.5,1,9,9,64999,30,1975,1,0,44.42319,26.047358,0.28209328796985,0.0645464134427155
96.3,4,1,3,170000,76,2026,1,0,44.41688,26.203054,1.2402718833562174,0.964304482280761
52.51,2,1,3,126000,76,2026,1,0,44.415462,26.202267,1.075941798935253,0.9775710063666762
55.73,2,0,3,143000,76,2026,1,0,44.41625,26.202421,1.154052755786544,0.95065104503722
51.9,2,3,4,145000,76,2025,1,0,44.414547,26.192133,0.773207651559438,0.6519644809027308
55.0,3,2,10,95000,42,1972,1,0,44.391624,26.096207,1.29284120984372,0.2430218476864485
83.3,3,2,4,179000,76,2025,1,0,44.416046,26.193512,0.925019613067269,0.5004986167220908
36.29,2,3,3,76500,76,2026,1,0,44.416924,26.203094,1.246102016500923,0.9652323159727878
74.14,3,8,8,143990,66,1989,1,0,44.417927,26.066887,1.2105121219385735,0.2667267509508964
76.3,3,3,4,229000,76,2025,1,0,44.41454,26.192852,0.7628991787349475,0.6564114089589967
65.74,3,4,10,129999,55,1975,1,0,44.450684,26.126413,0.2003941430790413,0.0747633969508869
91.0,3,0,5,350000,8,2009,1,0,44.515495,26.10218,4.036838154207659,0.1397988596206686
88.1,2,5,6,499999,47,2010,1,-1,44.487576,26.086508,1.4375837881068187,0.2605318690045027
66.0,3,9,10,355000,61,2025,1,0,44.476322,26.111574,0.6292673195209326,0.032710302469053
51.0,2,1,8,235000,8,2025,1,0,44.5151,26.10333,3.9695429124003874,0.0579326250882716
96.16,2,0,1,265000,4,1932,0,0,44.438583,26.110743,0.7012742864937281,0.187770124630502
60.0,3,2,3,215000,76,2024,0,0,44.41996,26.19961,1.42755819149002,0.5696972777680637
37.0,1,6,8,120000,54,1992,1,0,44.419758,26.112034,0.3579860680857277,0.0577482545646967
50.0,2,9,10,235000,61,2025,1,0,44.476334,26.111588,0.6275311531083018,0.0316594724760816
77.0,3,4,8,309000,89,2025,1,0,44.515038,26.103983,3.949429829717203,0.0393101828615259
55.0,2,3,4,140000,48,2016,0,0,44.361305,26.12958,1.4039121535177057,0.0621494984191533
90.0,4,2,3,360000,75,2018,0,0,44.47215,26.125336,1.173860163650803,0.0807331105497455
52.0,2,6,10,135000,88,1979,1,0,44.410706,26.136267,0.7263728389414452,0.0684859929899087
44.7,2,4,4,84000,79,1968,0,0,44.431686,26.164879,0.5627952967164799,0.2097032123057491
54.26,2,8,8,98000,58,1960,1,0,44.442608,26.13218,0.1992301966177615,0.1412587435303444
46.3,2,6,9,105000,52,1970,1,0,44.43435,26.032166,0.1224716384665639,0.0832330688168705
121.48,4,3,5,345000,59,1935,1,0,44.44225,26.095083,0.4404627177943466,0.209715441066119
28.0,1,0,10,82000,52,1978,1,1,44.43244,26.033766,0.2313641554195478,0.2159447662016291
47.24,3,5,10,104900,74,1977,1,0,44.463055,26.127247,1.4803859589821735,0.1356060979964156
54.3,2,10,10,98888,52,1981,1,0,44.431374,26.03,0.4563073858838666,0.321737971583276
70.0,3,1,5,210000,8,2018,1,0,44.5315,26.102182,5.765425798037453,0.9388284308963296
46.0,2,10,10,89999,79,1967,1,0,44.42859,26.17476,0.8778438304507449,0.4192805876955822
52.26,2,9,9,129999,79,1976,1,0,44.416706,26.1566,0.5186894249021167,0.3317558121357791
61.0,3,6,10,125000,10,1975,1,0,44.37731,26.108963,2.0360824815238328,0.0970849396708317
80.0,4,0,10,197000,52,1978,1,0,44.435658,26.04258,0.7171018058544969,0.1492822868005845
80.0,2,0,4,224000,8,2010,1,0,44.49112,26.091833,1.488541899939328,0.3501674485420153
43.0,2,5,10,79999,30,1975,1,0,44.423855,26.012402,0.318707876309892,0.0741715214053881
74.0,3,0,8,134990,1,1987,0,0,44.420227,26.062965,0.8169239718376995,0.1722736516706858
48.0,2,8,10,125000,52,1966,1,0,44.43664,26.022514,0.2992858372101126,0.1580636940705077
67.03,3,10,10,111990,66,1978,1,0,44.412838,26.07201,1.9059849768180197,0.0628789303152121
70.0,3,10,11,112500,66,1978,0,0,44.41204,26.071276,1.9413892056433264,0.1555810910799532
67.45,3,2,6,147900,48,2026,1,0,44.373177,26.127972,0.9242899136567306,0.2048102709175867
15.0,1,4,4,35000,58,1977,0,0,44.44232,26.182407,0.8202897526238069,0.2003405470569061
30.0,1,6,10,68990,66,1981,1,0,44.409897,26.068693,2.0380634553132366,0.079734013648322
98.0,4,1,8,332000,15,1997,1,0,44.429077,26.108477,0.6039504267771995,0.1544755305800489
80.0,4,1,8,130000,66,1984,1,0,44.410835,26.063993,1.7978075569478806,0.2937112702490291
73.18,3,2,4,138000,66,1986,0,0,44.40716,26.070751,2.047469989252268,0.3430204954617109
73.0,3,7,8,165000,66,1987,1,0,44.41782,26.060858,0.9821843492037886,0.1250265018588741
56.0,3,9,10,137000,49,1965,1,0,44.440155,26.13312,0.087627680315743,0.1415556795849741
28.12,1,2,10,77000,79,1983,1,0,44.432224,26.158781,0.8590851801871491,0.2542152365712681
72.0,3,6,9,134999,58,1975,1,0,44.443127,26.15591,1.3696719685322245,0.0585311259041819
61.12,2,4,8,245999,16,1992,1,0,44.425262,26.108387,0.6690300784910591,0.2920661332340669
63.0,2,4,5,155000,8,2021,0,0,44.492737,26.09978,1.5100725423897634,0.4863058065583626
60.49,3,10,10,89000,58,1976,1,0,44.443012,26.179333,1.0756177321829663,0.2617786463688105
68.0,3,4,10,124999,58,1976,1,0,44.44429,26.147995,1.2391367242544218,0.1621743899856408
31.8,1,1,4,89900,23,1982,1,0,44.455063,26.043074,0.514415622904834,0.1252348630001863
30.0,1,4,5,71000,17,1940,1,0,44.43265,26.106693,0.4737777092113805,0.1109973494978821
36.0,2,10,10,55000,42,1972,1,0,44.392303,26.096188,1.2493475703860486,0.1995830815939564
59.0,3,1,4,165000,60,2022,0,0,44.415672,26.08555,1.50748718596229,0.2030830462087649
65.7,1,-1,2,95000,53,2021,0,1,44.443916,26.125633,0.6792238813252279,0.2351143570353923
34.0,1,3,8,84999,79,1978,1,0,44.4281,26.14469,0.6962229124620655,0.3228728333929191
48.14,2,0,10,108999,55,1984,1,0,44.445786,26.142311,0.9076830910208,0.1501999280615269
79.0,2,3,5,149990,1,2008,1,0,44.421227,26.062025,0.6830538582061961,0.2164093704769344
46.4,3,4,10,69499,42,1970,1,0,44.386124,26.090168,2.055341960899168,0.1611036648360388
71.5,3,5,8,132990,66,1988,1,0,44.415913,26.066021,1.3508698452681962,0.354936014877268
49.0,2,7,10,106999,30,1973,1,0,44.419754,26.02922,0.4144763210562045,0.2603109286390022
56.69,2,4,4,120000,24,2015,0,0,44.487774,26.050224,0.9415863277740684,0.0873896294208408
62.0,3,6,10,123499,79,1967,1,0,44.415913,26.151316,0.8417126146245577,0.108817118123282
63.0,3,9,10,130000,79,1967,1,0,44.42475,26.171831,0.7265251264075351,0.0191132799058556
66.95,3,6,8,109990,66,1984,1,0,44.40918,26.062195,1.938311614537695,0.3008015841506811
74.1,3,3,3,189990,48,2020,0,0,44.365807,26.117588,2.08486972376215,0.1839116628121287
51.0,2,0,10,110000,56,1974,1,0,44.41131,26.177683,0.2095047441051303,0.1193404809171381
82.0,4,8,8,109990,66,1987,1,0,44.408817,26.066786,2.084578448074633,0.2718063946502406
79.81,3,2,2,258000,57,1970,0,-1,44.483448,26.055939,1.201650075158821,0.1000389216224271
16.0,1,3,4,27000,56,1977,0,0,44.41088,26.181002,0.4417865297037996,0.2390333998934021
64.6,3,9,10,122000,58,1978,1,0,44.444138,26.145765,1.0658445124014164,0.184297090570254
67.7,3,8,10,145000,58,1977,1,0,44.443752,26.148176,1.2364046410047294,0.1076381433709096
66.25,3,1,8,125000,66,1988,1,0,44.40732,26.063227,2.158145618173572,0.1179802783433035
76.0,3,4,5,297999,43,2015,1,0,44.46107,26.067715,0.7662245453922264,0.37761070688688
90.1,4,1,5,269990,19,2018,0,0,44.47794,26.040216,0.5193103181544373,0.0540322550962172
55.0,2,0,4,150000,29,1984,0,0,44.414124,26.141294,0.797343706031378,0.5313149822375696
50.7,2,8,8,95999,23,1984,1,0,44.458103,26.049269,0.7072649844188326,0.3017178972994563
59.16,3,8,10,104999,52,1977,1,0,44.4335,26.020237,0.1094027835412769,0.0747867739247483
62.0,3,0,4,120999,48,2021,0,0,44.369995,26.116367,1.8492508054073435,0.0767270801294686
75.5,4,4,4,110000,66,1985,0,0,44.40284,26.05656,2.5453939710231364,0.1030385958989407
74.0,3,4,4,136000,66,1988,1,0,44.410545,26.06815,1.9542787572572184,0.1202407361995269
83.0,4,4,4,150000,79,1976,0,0,44.414253,26.176712,0.4563836259668474,0.2396728403178004
80.0,4,1,4,139990,10,1967,0,0,44.379547,26.112295,1.6886433323242536,0.2475335832153434
64.0,3,4,4,84990,66,1974,0,0,44.40129,26.053375,2.619209747385133,0.2388871538389287
64.25,3,1,2,185000,69,2010,0,0,44.40333,26.166475,1.0514988644720815,0.362671275456671
40.0,2,0,10,95000,74,1977,1,0,44.463326,26.126898,1.5057970877611622,0.0948976337410674
43.0,2,4,7,136000,17,1958,1,1,44.43078,26.103676,0.3633123019776568,0.1903333899695936
65.0,3,3,8,114990,66,1986,1,0,44.40421,26.066439,2.368364388314848,0.0844449642145235
63.0,3,9,10,129000,30,1975,1,0,44.42115,26.017221,0.2506048457114989,0.1945733794785498
63.7,3,8,8,91990,66,1985,1,0,44.40582,26.065176,2.358661113583858,0.1163890162337479
70.0,3,3,4,287000,71,2001,0,0,44.449234,26.104418,0.4080273838330952,0.1573907189762318
79.86,4,9,10,142000,58,1978,1,0,44.43905,26.179825,0.7042969303749456,0.1158509182748188
82.0,4,8,8,139000,66,1984,1,0,44.406757,26.062458,2.2063181846419897,0.0953484228687115
55.0,2,4,8,135000,21,1991,1,0,44.460617,26.135925,1.5132964262018498,0.1596962644588178
47.94,2,8,8,120000,88,1986,1,0,44.413475,26.13639,0.7371472553674765,0.2477075561428567
32.0,1,1,1,54000,32,1930,0,1,44.44256,26.110748,0.9774056115518492,0.0805270477838492
33.0,1,4,7,74990,33,2018,1,0,44.392338,26.066074,2.751175863991304,0.102931934398678
65.0,3,6,11,147000,58,1975,1,0,44.44367,26.155313,1.4443316151705392,0.1344835373557911
58.0,3,4,9,185000,6,1978,1,0,44.462234,26.075876,0.9447935907894134,0.252919207524729
74.0,2,6,16,225000,61,2010,1,0,44.47964,26.115757,0.1350573455204485,0.1236965511185572
44.0,2,3,10,100000,74,1976,1,0,44.464046,26.125942,1.5762748928162882,0.0209770001584869
50.02,2,10,10,105000,58,1986,1,0,44.44442,26.164762,1.0573905090763862,0.205744449457784
65.96,3,5,5,176000,56,2015,1,0,44.40983,26.177956,0.1993106719792346,0.0325993406327542
42.39,2,5,8,75000,80,1939,1,0,44.437492,26.116096,1.0731104398885023,0.1280631225227853
92.1,4,0,8,250000,10,1992,0,0,44.39947,26.103065,0.4851814193574207,0.1571891868640894
64.31,3,8,9,287000,79,2015,1,0,44.41616,26.14696,0.8273530900352843,0.2243002651279465
64.0,3,3,4,177000,88,2007,1,0,44.416817,26.120268,0.5481417588949883,0.4588419512325776
76.74,3,4,6,295000,16,1996,1,0,44.424286,26.108498,0.7343105745967453,0.1874887912299927
78.0,3,2,8,298000,83,1984,1,0,44.422375,26.074583,1.2458647779972354,0.1512277944210146
36.11,1,8,8,81990,66,1986,1,0,44.41655,26.065386,1.2640836049732982,0.3962634488783532
64.0,3,8,8,115990,66,1998,1,0,44.411205,26.066242,1.823031479051333,0.2879237281824202
66.5,3,2,8,147990,66,1986,1,0,44.4128,26.076532,1.8193813871359767,0.1916048509972091
63.0,3,6,10,179000,74,1964,1,0,44.4583,26.113804,0.8870010819868028,0.1606532982651458
82.42,4,2,10,208000,74,1982,1,0,44.45923,26.113945,0.9689384537780854,0.074273342619551
30.52,1,0,10,68499,30,1978,1,0,44.42676,26.037971,0.4979770283407229,0.2532097698956375
27.79,1,8,11,100000,43,1982,1,0,44.452396,26.079868,0.3558553228385949,0.0536427651643037
58.44,2,0,4,150000,84,1984,0,0,44.40089,26.119184,0.8375160867578856,0.1963327720998253
77.42,3,5,9,164990,66,2016,1,0,44.414623,26.069693,1.6361290960391746,0.1285530247862207
58.0,2,1,8,193000,16,1991,1,0,44.426544,26.129133,0.9910384314518283,0.0686537905049032
51.75,2,7,8,93990,66,1986,1,0,44.414043,26.075705,1.9481237027929537,0.1496727932304754
53.15,3,2,3,125000,77,1936,0,1,44.417847,26.104366,0.3441068608268154,0.3235367602161006
110.0,2,1,1,600000,87,1938,0,1,44.442062,26.087976,0.8677405717385506,0.2675023667531724
51.0,2,7,10,87000,66,1987,1,0,44.4077,26.060572,2.0779092366520517,0.1220211678660638
84.0,3,0,2,210000,20,1940,0,0,44.439552,26.088785,0.7434223079692576,0.0989318495360871
47.43,2,10,10,75999,30,1971,1,0,44.41482,26.031403,0.6925954449454167,0.1655139239276357
48.0,2,10,10,77000,74,1970,1,0,44.457756,26.130367,1.0015617433459274,0.0853604313515166
48.0,2,9,10,77000,66,1987,1,0,44.413013,26.061531,1.511151539683901,0.1609862811985123
90.0,3,1,3,405000,64,1965,0,1,44.463474,26.094929,0.7350746942978528,0.1618023590925736
83.0,3,0,1,185000,34,1920,0,0,44.420254,26.089798,1.2480866903486558,0.1877793468264888
55.0,2,5,5,126500,48,2017,1,0,44.37155,26.12377,1.2842885017139642,0.11102082473588
64.0,3,2,8,108990,66,1986,1,0,44.405148,26.06513,2.4296100902295663,0.1827316419242109
47.78,2,1,9,90000,10,1965,1,0,44.382244,26.116415,1.278507337432361,0.0775792377428467
48.85,2,9,10,104999,30,1971,1,-1,44.41481,26.027029,0.3619890324782404,0.2369608108404156
48.97,2,0,8,119999,74,1985,1,0,44.461452,26.124523,1.2815871656550817,0.2204074833411913
56.0,2,4,8,129000,74,1986,1,0,44.45881,26.12121,1.014065342187993,0.3778324368663797
63.0,3,6,8,250000,88,2010,1,0,44.412975,26.123701,0.3049290888961194,0.3544082187698218
60.59,3,10,10,133000,78,1976,1,0,44.41264,26.10781,0.3431779697987607,0.211649639503069
61.0,3,5,10,170000,78,1976,1,0,44.4132,26.106916,0.2488245722588575,0.1288494843911831
58.12,2,7,8,197000,54,2001,1,0,44.42064,26.112232,0.4491690039169097,0.1077166188223193
63.7,3,6,8,98000,66,1983,1,0,44.405804,26.06532,2.363543988305941,0.1238198242862814
144.0,4,3,5,930000,47,2009,0,0,44.485153,26.089037,1.1123795314832177,0.2809612779895936
40.0,2,4,4,159000,28,1960,0,0,44.45947,26.093063,0.9082524896430773,0.0823411643886722
50.0,2,5,10,228690,61,2026,1,2,44.47487,26.115463,0.6530502988972949,0.3567076264235916
26.9,1,3,9,75000,58,1975,1,0,44.435127,26.165499,0.3200292870464449,0.1422147405638985
75.12,3,0,7,220000,80,1958,0,1,44.43625,26.112007,0.7343322562529174,0.1660759046038103
49.6,2,8,10,124000,56,1972,1,0,44.41127,26.178356,0.2532561504702115,0.1470397286686787
18.0,1,6,10,38500,66,1974,0,0,44.405994,26.071175,1.999071943735488,0.2498284962485314
43.48,2,1,7,114000,0,1963,1,0,44.468987,26.058844,0.7162718389565783,0.0666732292779876
92.0,4,2,3,175000,14,1937,0,0,44.420135,26.102512,0.6217621520658255,0.1244180818527676
28.0,1,4,10,86500,52,1976,1,0,44.433147,26.029339,0.3776993185144312,0.1407994486773973
67.0,3,0,4,100000,37,2019,1,0,44.463844,26.165243,3.166370632323278,0.1780976641581587
72.0,3,2,8,209990,1,1990,1,0,44.424587,26.06801,0.7052145483256091,0.1931837046896012
50.0,2,0,8,87990,66,1985,0,0,44.410225,26.0621,1.823252535468398,0.1998723269138773
47.0,2,6,10,120000,79,1979,1,0,44.411087,26.174063,0.1488508682634423,0.0905495563304164
35.8,2,5,10,79899,74,1975,1,0,44.464153,26.117325,1.5636867913855788,0.296518850666711
35.0,2,0,10,68000,58,1975,1,1,44.443172,26.16436,0.9423145998821368,0.0726301101676976
50.5,2,10,10,115000,78,1978,1,0,44.41351,26.109692,0.4224033198936507,0.254110634682188
53.0,2,7,10,134999,52,1980,1,0,44.432644,26.022617,0.1887242044833017,0.1820871681839641
70.22,3,6,10,134500,76,2025,1,0,44.41871,26.198921,1.2785216079941024,0.5840000504476247
35.0,2,0,10,137999,38,1975,1,0,44.450275,26.079718,0.4099847169309818,0.1299125083889534
64.0,3,6,10,125000,74,1974,1,0,44.459743,26.130865,1.2154136299997194,0.1432496633832911
28.0,1,0,10,65900,88,1980,1,0,44.411613,26.136122,0.7007776893890302,0.0409590063740342
60.0,2,2,8,140000,87,1960,1,0,44.44363,26.092531,0.4671648797584369,0.0477810874845893
32.6,1,9,10,56600,66,2017,1,0,44.393375,26.06115,3.0495372907496385,0.2338160813004017
17.0,1,2,4,26500,31,1975,0,0,44.453648,26.147593,1.821572672696383,0.1319491957634827
71.44,3,2,10,139000,76,2025,1,0,44.418766,26.199453,1.2976683392153747,0.62227208646433
60.1,3,1,4,117500,81,1974,0,0,44.40778,26.17296,0.3404237749512109,0.3601699062919427
33.0,1,0,3,65000,37,2018,0,0,44.46654,26.167316,3.4524700002954978,0.1690428491893922
47.0,2,7,10,115000,74,1978,1,0,44.460197,26.114956,1.1025524933183184,0.1093175688077466
70.97,3,6,10,134500,76,2025,1,0,44.41927,26.199486,1.3515765428085036,0.6107438033467991
70.0,3,8,9,109000,30,1964,1,0,44.418888,26.041075,0.5150103881669068,0.0828025386332038
26.0,1,4,13,69000,-1,2008,1,0,44.40171,26.142504,1.6673222965086856,0.0511237208508105
55.54,2,6,10,103600,76,2025,1,0,44.419342,26.199556,1.36093209229466,0.6106378151542065
29.0,1,4,10,69999,30,1974,1,0,44.419743,26.04819,0.6142114377619524,0.04592054776261
59.0,3,4,8,103000,58,1977,1,0,44.437954,26.159555,0.8335775580372746,0.0799697251543931
66.5,3,1,10,119000,21,1975,1,-1,44.461624,26.134056,1.520768405560528,0.0913024095571033
70.97,3,6,10,139000,76,2025,1,0,44.418697,26.19952,1.292181198491862,0.6296380302271912
35.0,2,1,10,67000,10,1971,1,0,44.379925,26.128757,0.526954124731407,0.1242803804200768
47.0,2,4,4,90000,30,1965,0,0,44.424488,26.033142,0.2723213498317918,0.2646983326409559
43.5,2,9,10,88000,30,1971,1,0,44.422516,26.028006,0.1874315987885056,0.1576263463885144
55.54,2,6,10,114180,76,2025,1,0,44.419357,26.199572,1.3629176816286126,0.6104441510314629
61.58,3,10,10,110000,74,1970,1,0,44.458847,26.131191,1.1393465800359963,0.0405619213864882
70.22,3,6,10,134500,76,2025,1,0,44.41866,26.198874,1.2721014587891784,0.5823027442699416
71.44,3,2,10,134500,76,2025,1,0,44.41861,26.198824,1.2656136296691232,0.5804540342567598
47.0,3,3,4,79999,10,1975,0,0,44.380447,26.10967,1.714177606050908,0.0746063291981289
58.5,3,2,10,115000,79,1960,1,0,44.42304,26.1686,0.5184062464133765,0.2500831081574122
63.0,3,4,4,129999,81,1975,0,-1,44.405296,26.177534,0.5726018882031164,0.509904556452393
29.0,1,2,10,75000,58,1986,1,0,44.444626,26.141542,0.7849369622756818,0.1345481997215705
37.0,1,10,10,75000,74,1988,1,0,44.461067,26.12094,1.2638371767085148,0.1982116603375821
43.4,2,3,10,100000,79,1980,1,0,44.420498,26.174255,1.0470671662708229,0.2873074361215901
77.26,4,1,4,175000,79,1967,0,0,44.417107,26.164043,0.4518393266526544,0.0897846960675187
63.35,3,2,4,127490,66,1987,0,0,44.407852,26.074657,1.755912205270822,0.1219586490681696
29.0,1,9,10,68000,79,1968,1,0,44.419815,26.16959,0.7970197255816516,0.3125761575591841
65.0,3,3,4,114999,10,1975,0,0,44.38796,26.104013,1.2637427310631866,0.071442717546449
48.7,2,10,10,77000,79,1972,1,0,44.41798,26.178926,0.9024375839612986,0.2220044749714559
36.0,2,10,10,67999,10,1973,1,0,44.384796,26.115602,1.050848347088946,0.085925834618528
42.0,2,7,10,82500,79,1977,1,0,44.4208,26.17317,0.95543395539016,0.3655942365671782
66.0,3,4,4,131999,79,1970,0,0,44.42425,26.16533,0.2264580739350318,0.1071731992813163
18.0,1,10,10,49000,79,1970,1,0,44.418423,26.172333,0.944420192641408,0.1267129949595924
29.0,1,9,10,75900,52,1972,1,0,44.43389,26.029856,0.3123731781078781,0.1071787780427484
60.6,3,1,10,120000,74,1976,1,0,44.46246,26.12083,1.4175311256748642,0.2008493428878704
30.0,1,7,10,65000,79,1974,1,0,44.42575,26.163828,0.1214729649070634,0.042085181257534
59.3,3,0,4,100000,79,1965,0,0,44.426224,26.17518,1.000837293181306,0.2834259931206401
18.0,1,7,10,54000,79,1970,1,0,44.418324,26.172232,0.9360192168059293,0.1132957941037682
30.0,1,0,8,56000,69,1973,1,0,44.41074,26.166464,0.5091834274395036,0.186707592546953
43.0,2,6,10,130000,79,2008,1,0,44.41739,26.168415,0.7058840569720238,0.2188810412651192
31.0,1,0,11,75000,79,2009,1,0,44.422333,26.180328,1.3981104023530573,0.1671346338954042
60.0,3,1,8,120000,69,1975,1,0,44.41062,26.166956,0.5484949799919708,0.1766358477030972
53.7,3,1,8,120000,69,1972,1,0,44.412334,26.164621,0.289947731204025,0.0477415529919436
62.3,3,0,3,194000,69,2024,0,1,44.405415,26.166893,0.8698193165051795,0.3028560983477388
58.39,4,7,10,118000,79,1975,1,0,44.41396,26.167833,0.5156634728594218,0.2135853308197893
48.0,3,5,10,110000,79,1975,1,0,44.413486,26.1679,0.5186747003147606,0.1607257419948632
41.31,2,4,8,115000,69,1974,1,0,44.410564,26.1665,0.5235194351311105,0.200594539920753
61.7,3,1,4,115000,79,1968,0,0,44.415276,26.183428,0.8419815209450154,0.6677726185735284
60.5,4,1,10,115000,79,1975,1,0,44.412968,26.16785,0.5183388237322769,0.1033832718170046
48.71,2,5,10,119800,79,1970,1,0,44.41612,26.158985,0.3456392677343755,0.3132558316098203
61.4,3,4,4,105000,79,1972,0,0,44.41739,26.181187,0.9139877426312248,0.411396193724
57.0,3,3,4,125000,81,1974,0,0,44.404835,26.176674,0.6079334221743443,0.5728547114169587
51.48,2,3,3,120000,76,2020,0,0,44.402485,26.181086,0.9692183220963176,0.7725200324586604
54.0,2,2,11,120000,76,2016,0,0,44.411633,26.19814,0.5386590312547812,0.5042034795932677
45.0,2,-1,4,66000,81,2012,0,0,44.40497,26.175564,0.5859000746887311,0.5857865238765562
44.0,2,4,4,114000,79,2019,1,0,44.415775,26.189434,0.9677203317231284,0.5530405691368994
77.03,4,4,4,108000,81,1974,0,0,44.40583,26.17269,0.5391093883333603,0.5772975169536287
44.42,2,6,6,105000,81,2009,1,0,44.407215,26.17793,0.3872043416850076,0.2942654404904691
66.1,3,10,10,129800,79,1978,1,0,44.41672,26.157726,0.4586694219073299,0.3389299828137201
45.9,2,1,5,115000,79,2021,0,0,44.41734,26.18817,1.1672280556789434,0.4349874814110367
37.52,1,3,10,95000,76,2025,1,0,44.414284,26.197805,0.7848858567268207,0.800021735359657
71.26,3,5,7,175000,76,2022,1,0,44.415276,26.193285,0.840732663022712,0.5803404502044679
59.0,2,5,5,110000,88,2011,0,0,44.40942,26.147783,1.1715607967345938,0.175013272767856
77.9,3,3,11,292000,79,2021,1,0,44.413055,26.150612,0.8560460678749892,0.2606662672284837
37.0,1,10,11,113000,76,2023,1,0,44.40536,26.206957,0.1195829031235914,0.1571611957202721
75.33,4,1,8,189000,29,1983,1,0,44.413372,26.141588,0.8840001147238332,0.5066651467131608
66.86,2,1,4,140000,88,2008,0,0,44.417976,26.132118,0.6647656007061591,0.236317929351022
49.4,2,9,10,96500,29,1964,1,0,44.424847,26.148167,0.8214313518659362,0.1828206686941677
54.3,3,5,5,318000,29,2019,1,0,44.414402,26.141512,0.7710280187566139,0.5174928941513868
44.0,2,0,8,115000,29,1964,1,0,44.424297,26.144712,0.559870123521319,0.1067607012166879
45.75,2,1,8,163000,78,1977,1,0,44.41178,26.108328,0.4407009787225823,0.1780533098930786
64.0,3,2,4,150000,29,1967,0,0,44.416058,26.142258,0.6144472484797536,0.3461666379741575
42.0,1,5,8,109500,54,1989,1,0,44.422314,26.11963,0.799563097389157,0.1702077427348766
50.0,2,1,8,120000,21,1978,1,0,44.467888,26.144808,2.585199733751608,0.0725370477992873
64.92,3,0,8,200000,78,1986,1,0,44.41462,26.111946,0.2557261861953144,0.1987450184862212
53.4,2,2,10,108000,21,1979,1,0,44.468346,26.142132,2.4448841075262364,0.0707975293030508
70.0,3,10,10,215000,25,1977,1,0,44.425335,26.129068,0.931432463004408,0.1446010010725575
51.0,2,8,10,159000,25,2012,1,0,44.43021,26.131336,0.6178629676531098,0.0945783064786221
35.35,1,5,5,55000,77,1921,0,0,44.418823,26.104794,0.4518923171331332,0.2254675450564872
58.4,2,8,8,176000,25,1999,1,0,44.431107,26.135443,0.2827534832993105,0.1315579364829934
52.78,2,6,9,177000,55,2015,1,0,44.451485,26.120222,0.3544465614543851,0.0963170237709539
62.48,3,5,9,260000,16,2011,1,0,44.431824,26.128483,0.7935617569917225,0.0893824622198214
65.23,3,11,14,114000,58,1976,1,0,44.443523,26.151777,1.5096893375655596,0.0743963397186998
67.0,3,2,10,140000,58,1980,1,0,44.444565,26.14347,0.915986867782464,0.0403724728025928
58.23,3,7,10,123000,49,1962,1,0,44.43856,26.134657,0.2921577574276928,0.1971407086816016
74.02,3,2,3,158000,80,1950,0,0,44.438133,26.11862,1.191839038833094,0.1075766511475598
33.45,1,2,4,51672,58,2009,0,0,44.446663,26.17108,1.2443522045102495,0.3810180226221389
72.59,3,0,4,116820,58,2009,0,0,44.447266,26.171234,1.3123079741737105,0.402287083575144
77.58,3,4,7,229000,8,1983,1,0,44.490387,26.079565,2.06272137697806,0.0576593575516575
65.98,3,3,5,410000,47,2023,1,0,44.478893,26.089985,0.8161425255820184,0.2351824201636722
46.41,2,0,4,69420,58,2009,0,0,44.44657,26.170538,1.2304082452706355,0.3376002432600055
43.42,2,4,4,78000,50,1976,0,0,44.427803,26.218391,2.5046625746936284,0.1248114419361385
64.3,3,5,11,197000,8,2022,1,0,44.489258,26.110052,1.086741220192401,0.4502346456509009
92.78,4,1,4,210000,30,1971,0,0,44.421852,26.02389,0.2197857163419076,0.1936429079717535
38.0,2,4,6,92900,71,1965,1,0,44.45284,26.111238,0.4368443585745297,0.052708531210545
45.5,3,6,8,97000,30,1977,1,0,44.42204,26.025324,0.1395622970663126,0.1469708823981404
89.26,2,3,16,240000,61,2011,1,0,44.478333,26.115625,0.2732392903437237,0.1267903647999675
49.0,2,4,4,124900,8,2019,1,0,44.53541,26.094946,6.268809783013118,0.3026570566871933
65.75,2,3,16,228000,61,2011,1,0,44.47852,26.116364,0.2415288113302861,0.0925910741023361
64.28,3,2,8,135000,10,1983,1,0,44.381954,26.134571,0.2704440822669486,0.1992134235191802
65.0,3,0,8,137000,52,1979,1,0,44.432095,26.02013,0.2410430826767375,0.1311483532041099
56.7,2,4,6,137000,76,2022,1,0,44.414036,26.197067,0.7386948022005663,0.7785919571737979
66.0,3,1,9,115000,52,1973,1,0,44.434296,26.013306,0.6391394217728107,0.095692534036673
30.0,1,0,9,51999,79,1964,1,0,44.434673,26.168533,0.1218791040113505,0.1445680400346557
59.6,3,10,10,74999,21,1967,1,0,44.45586,26.13012,0.8133864059572649,0.0707125548893467
25.0,1,2,4,47000,31,1972,0,1,44.453346,26.146679,1.7500797591691089,0.2114233436402502
17.0,1,1,4,24999,31,1970,0,0,44.452347,26.147562,1.7101714066758211,0.1563798925998492
30.0,1,7,10,74000,58,1982,1,0,44.443966,26.134485,0.3534957876788538,0.2064803347504439
70.0,3,1,2,119999,55,1958,0,1,44.44843,26.135826,0.8600429659250917,0.1900146433722167
65.5,3,2,8,112000,66,1986,1,0,44.40983,26.071175,2.0789561853726037,0.1328647662871367
34.79,2,10,10,61000,10,1972,1,0,44.381775,26.10771,1.6989788759553992,0.1998050321836111
83.63,3,1,3,117081,76,2026,1,0,44.412956,26.1961,0.6014030829230702,0.6448171748938754
71.0,2,6,6,149500,73,2025,1,1,44.514687,26.018822,1.382960947973158,0.2021928375929561
67.6,3,6,8,345000,61,2025,1,0,44.476433,26.11732,0.4758765606567098,0.1601354319637866
42.0,2,2,4,81990,3,2016,0,1,44.36899,26.134,0.7685293811106013,0.2088474707644899
57.0,2,4,8,150000,1,1987,1,-1,44.42021,26.062326,0.7901736809416946,0.2227547817776742
51.0,2,0,7,92500,39,2026,1,-1,44.41005,26.01902,0.7473889540916423,0.1935672996671374
45.0,1,2,7,57450,63,2027,1,0,44.362038,26.15112,0.9676466855271992,0.1960016343022323
150.0,4,5,5,730000,49,2008,0,-1,44.435215,26.126488,0.8257315277622954,0.1090792589649446
64.0,2,1,10,81000,52,2026,1,2,44.44069,25.972181,1.8226556844308692,0.640921504822444
86.0,4,0,8,154000,74,1983,1,0,44.459766,26.126877,1.1153895293669305,0.0604500637855121
45.0,2,1,8,88000,79,1977,0,-1,44.42113,26.171871,0.847755888965768,0.383958455189843
51.0,2,8,9,77000,79,1963,1,1,44.42886,26.148115,0.8680843839256167,0.3733819320145792
74.0,3,8,8,137000,66,1987,1,-1,44.418327,26.065699,1.1162850762380587,0.2295588991011851
71.0,3,3,4,177000,54,2007,1,0,44.41735,26.11838,0.4048385231282074,0.3361792185305127
53.0,2,9,10,95000,29,1966,0,-1,44.42497,26.147593,0.7896277891379283,0.2153862950596835
41.8,1,1,4,58520,76,2026,1,0,44.413258,26.196571,0.6442207933523566,0.6922415453545078
54.0,2,0,11,100200,79,2024,1,0,44.41939,26.18013,1.0816062973328382,0.3369987053719792
60.0,2,0,7,117000,79,2014,0,-1,44.415558,26.184847,0.948397028693699,0.6742470198348356
60.0,3,3,4,105000,10,1976,0,3,44.381718,26.121143,1.155220905792694,0.2821278565634305
45.0,2,3,7,89500,48,2026,1,2,44.36121,26.14919,0.9630585102612436,0.0199652452213562
75.6,3,2,4,115840,76,2027,1,0,44.412907,26.19634,0.6014889253415162,0.6492401897054108
95.0,4,3,4,160000,17,1930,1,1,44.43398,26.10765,0.4401387637675305,0.0130446494597011
60.85,4,9,10,120000,30,1974,1,0,44.417934,26.025923,0.3101024766519101,0.1600437509831871
56.7,2,4,6,137000,76,2022,0,-1,44.4148,26.196768,0.8131865448130163,0.7311821970655071
41.0,2,3,7,74000,76,2025,1,-1,44.41623,26.19804,0.9945765200882932,0.6699796644274302
32.11,1,2,7,88000,79,2017,1,-1,44.414955,26.187813,0.9455211232789812,0.6902365622154166
103.0,3,1,7,155100,76,2026,1,-1,44.41137,26.200008,0.6186588690211868,0.4902355210805116
73.0,3,3,4,182000,30,1972,0,1,44.418705,26.013704,0.2678704891782085,0.1466764848391045
65.0,4,6,10,137000,30,1975,1,1,44.4268,26.03615,0.5741286287508551,0.2193428550673644
52.0,2,10,10,95000,79,1970,1,0,44.42837,26.14643,0.7827462308569847,0.3901046171573805
59.0,2,4,7,114000,48,2026,1,2,44.3613,26.14919,0.9541617173642436,0.0220319738861689
65.0,2,4,6,138500,63,2021,1,-1,44.3614,26.1506,1.001335196129343,0.1336222735353223
54.0,2,1,10,119000,-1,2010,1,0,44.39706,26.142647,1.6803268627346308,0.1200767274995754
61.0,3,2,8,129000,43,1962,1,-1,44.451244,26.06811,0.1405593527537299,0.1352998116743772
73.0,3,5,7,136990,70,2022,1,0,44.394268,26.143167,1.6647166552602632,0.3028744359276588
48.85,2,9,10,105000,30,1971,0,-1,44.415512,26.026009,0.2583407649914954,0.1362112268879489
72.0,3,0,8,176000,21,2023,1,3,44.46487,26.142462,2.208847186602004,0.2290167984948987
70.0,3,3,4,280000,8,2020,1,-1,44.508595,26.073774,3.6779046184145874,0.6704928793053724
39.0,1,1,6,64000,48,2026,1,0,44.368534,26.12119,1.667858298834167,0.1816399582346971
44.0,2,7,7,85500,10,1965,0,-1,44.38198,26.115582,1.3310027711717014,0.008395958293368
74.0,3,4,7,253000,25,1995,1,-1,44.42533,26.1285,0.970471467096408,0.1033936206408097
57.0,2,3,6,93500,48,2026,1,0,44.36773,26.114256,2.134405782907612,0.0403125087044948
70.0,3,4,4,131999,79,1967,0,0,44.42492,26.168842,0.488668068886638,0.1069591770628262
53.0,2,11,15,115000,-1,2010,1,-1,44.398518,26.142715,1.7365322207879774,0.0460297061338527
16.0,1,1,7,18000,33,2018,0,-1,44.39416,26.078001,1.8486582912257468,0.3962924685090451
45.0,2,1,6,76680,48,2026,1,0,44.36036,26.150091,1.0800307141694585,0.1320877982790364
58.0,2,5,5,99000,48,2017,1,0,44.360207,26.15002,1.0924319311569084,0.1413269083433768
40.0,1,2,6,64000,48,2025,1,0,44.37651,26.12862,0.636527512738473,0.2960749094999063
48.0,2,4,4,73600,10,1976,0,-1,44.38028,26.130339,0.4072015173184753,0.2521291864269812
32.0,1,10,10,68500,10,1977,0,0,44.38742,26.109163,1.211073087214643,0.0386654991599889
57.0,2,8,13,105000,70,2014,1,0,44.398655,26.14361,1.808428950778264,0.0817431729043738
125.0,5,3,7,219000,17,1930,1,0,44.430428,26.102823,0.2935541223533826,0.1485848824169289
62.0,3,8,10,120000,30,1971,1,-1,44.41609,26.02405,0.092468594898686,0.0362821619820249
115.84,4,2,4,230000,16,1939,1,-1,44.42227,26.102823,0.6684917030150574,0.1890288470167798
33.0,1,8,10,68500,82,1984,1,-1,44.4184,26.04535,0.6148999880352805,0.2387155368146788
93.0,3,11,18,299900,88,2025,0,0,44.413124,26.126268,0.1445724989749347,0.1752743318215914
58.0,2,1,4,155223,20,2026,0,0,44.436142,26.102684,0.0318356974740161,0.0786614073336896
50.0,2,5,10,115000,78,1980,1,3,44.413475,26.109262,0.3917165946480211,0.2570582677439889
48.4,2,1,3,67520,33,2025,0,0,44.393925,26.083542,1.5477375788586916,0.1314249729158273
86.5,3,2,2,245000,28,1933,0,1,44.453484,26.087631,0.3131929424270654,0.1234600883699084
49.8,2,1,3,69421,33,2025,0,0,44.393856,26.083687,1.5460997920358366,0.13164865517384
47.0,2,6,9,113900,20,1948,0,-1,44.43974,26.09983,0.4903902429603424,0.0608053941479298
62.0,3,3,10,132500,52,1976,1,-1,44.43411,26.02395,0.2064654612009529,0.0442980235475162
82.04,3,10,10,320000,88,2017,1,0,44.41422,26.123606,0.3802491060352049,0.4183974161375566
38.0,1,1,2,58700,48,2026,0,0,44.361076,26.149319,0.9809979112373473,0.0339845499847237
72.0,3,10,10,214999,16,1980,0,0,44.426502,26.129019,1.0009020159058175,0.078601052720661
53.2,2,3,5,76700,48,2025,1,0,44.3698,26.112396,2.12591706567998,0.2449872543988422
50.7,2,6,10,65910,76,2025,1,0,44.411896,26.20617,0.7201078059928664,0.6566658345184818
65.0,2,2,7,98000,48,2026,1,2,44.36127,26.149277,0.9603163450187808,0.0275331602740767
79.74,3,0,8,123500,3,2024,1,2,44.36876,26.129395,1.1346704961585403,0.2233316121300458
49.68,2,1,10,77400,66,2025,1,2,44.390057,26.060106,3.2888422950818392,0.1467791770719558
66.8,2,9,9,89900,66,2025,1,2,44.390057,26.060106,3.2888422950818392,0.1467791770719558
62.0,3,5,10,134990,30,1970,1,-1,44.423912,26.025555,0.0795375446012886,0.0708611895204499
37.0,1,1,9,89500,48,2025,1,0,44.369125,26.122559,1.5462979512561938,0.1207014890868133
50.0,2,0,3,82990,65,2024,0,-1,44.37035,26.102036,2.841699151167921,0.1066268246368611
53.0,2,2,4,72900,42,1961,0,0,44.380566,26.09119,2.4702093300932444,0.2159139134131776
37.0,2,5,10,58500,42,1976,0,-1,44.37879,26.09513,2.479216747749961,0.0410919464481927
50.0,2,1,3,90000,33,2025,0,0,44.39794,26.084936,1.1558241116111183,0.0475125255052889
77.0,3,4,4,220000,54,2025,0,0,44.423744,26.113834,0.7860153890551504,0.242539561206554
101.0,3,3,5,320000,88,2024,1,0,44.416264,26.119814,0.5139995140647307,0.3876477077759686
45.0,2,6,10,70000,10,1974,0,0,44.380276,26.108236,1.7981331241566194,0.1670969264827519
52.0,2,4,5,75600,48,2025,1,0,44.3698,26.112396,2.12591706567998,0.2449872543988422
70.0,3,5,7,120000,-1,1997,0,-1,44.45961,26.14911,2.256722514714103,0.4626561035745453
67.0,3,2,10,130000,74,1970,1,-1,44.452976,26.125479,0.3554628479361214,0.2631984392436753
68.0,3,2,10,125000,58,1977,0,-1,44.44254,26.139517,0.5389774601276198,0.1308800731772306
55.0,2,5,10,135000,55,1982,1,-1,44.44936,26.121687,0.2032617921957795,0.2564280979829225
55.0,2,7,10,146000,78,1977,1,0,44.41302,26.108501,0.3605872421008533,0.256037165786921
145.0,4,4,5,719999,35,2018,1,-1,44.45949,26.10095,0.8371147898955068,0.0813965822090757
48.0,2,6,12,174999,61,2024,1,-1,44.482117,26.102787,0.384802407672274,0.1807965495701945
70.0,3,4,10,135000,20,1980,1,-1,44.436142,26.102684,0.0318356974740161,0.0786614073336896
68.0,3,9,10,122000,58,1979,0,-1,44.443825,26.145477,1.0329971353500282,0.1768355033611086
55.0,2,6,10,170000,-1,1985,0,0,44.40992,26.111631,0.7645766688197251,0.0946265427315976
46.91,2,1,11,172000,5,2026,1,0,44.479336,26.093355,0.5485711901539112,0.0486935267918691
68.0,3,5,8,150000,85,1965,0,-1,44.437874,26.1371,0.4657829890763121,0.0310332427687273
55.0,2,5,7,86500,48,2018,1,1,44.369442,26.124826,1.4056122049591242,0.1147209856343804
54.0,2,1,8,119000,58,1983,1,-1,44.44424,26.130772,0.4108101153289294,0.0308056345517372
61.9,2,1,7,105230,65,2024,1,0,44.377254,26.102682,2.339700282893214,0.0597849128180319
43.7,2,0,7,74290,65,2024,1,0,44.377254,26.102898,2.328300261734364,0.0753530809890822
78.45,3,0,7,133365,10,2024,1,0,44.377438,26.102552,2.3314202554342773,0.0430700490968072
50.0,2,7,7,190000,0,2020,1,-1,44.474014,26.052052,0.3566357375574776,0.0778033502935833
97.0,4,0,11,599000,61,2021,0,-1,44.48472,26.108484,0.7865982653016317,0.1367039723175143
42.0,1,10,10,71999,30,1975,1,0,44.415756,26.016312,0.5246928331165833,0.0353366815234968
49.0,2,0,8,122000,79,1986,0,0,44.43223,26.15731,0.908435501429518,0.3215431579844853
83.0,3,1,7,130000,48,2018,1,1,44.369442,26.124826,1.4056122049591242,0.1147209856343804
119.0,4,0,7,285000,10,2018,0,-1,44.396805,26.103615,0.4844663244588674,0.3650798392535333
68.0,2,2,7,122580,-1,2018,1,0,44.397717,26.142836,1.7159339026643576,0.0456256508008332
46.0,1,2,7,69000,48,2018,1,0,44.368717,26.11451,2.0520388161730856,0.071296043421974
167.0,6,2,2,384900,35,1940,0,1,44.46258,26.10439,1.0948157576339044,0.2378585683284292
41.0,2,0,21,259000,35,2021,1,1,44.4648,26.10119,1.1790500903636174,0.1332270650679152
105.0,4,2,4,595000,28,1935,0,1,44.45463,26.092909,0.744174007260754,0.235304815559058
42.0,2,6,9,113500,20,1959,1,1,44.4398,26.10008,0.4872316566871379,0.0606019069242924
59.0,3,8,9,99900,74,1962,1,1,44.452484,26.118786,0.509816227996939,0.0631425432100206
58.5,2,10,11,165000,48,2024,1,-1,44.368195,26.121332,1.6883563884259116,0.1636173813117648
79.0,3,3,3,290000,71,2010,1,1,44.44692,26.12244,0.3602864738056683,0.0412586650133899
96.0,3,2,3,289900,71,2010,1,1,44.44692,26.12244,0.3602864738056683,0.0412586650133899
82.0,2,-1,3,240000,71,2010,1,1,44.44692,26.12244,0.3602864738056683,0.0412586650133899
77.0,4,3,8,237000,88,1985,1,1,44.41536,26.13361,0.6194829750446461,0.0634724653454626
55.0,2,1,2,129900,88,1950,0,1,44.4235,26.12689,1.0137463139848828,0.2546019227218176
74.0,3,4,10,125000,58,1976,1,-1,44.44396,26.147968,1.2265557013456236,0.1340704497095398
75.0,2,5,20,219000,61,2025,1,3,44.477936,26.124237,0.676681346183353,0.1092919479794103
25.0,1,7,10,51000,66,1982,1,1,44.41049,26.07,2.0303659665304927,0.0444808903936473
52.0,2,8,8,83000,66,1982,1,1,44.41076,26.06338,1.7913640991779451,0.25028483462884
96.0,4,8,8,110000,66,1987,1,1,44.409184,26.06642,2.035907045364626,0.2768612985838625
51.0,2,8,8,75000,66,1985,1,1,44.40522,26.06244,2.3738702249093904,0.1159409392037943
51.0,2,7,10,89000,66,1984,1,1,44.40893,26.059328,1.930552660927194,0.1401480253562471
61.0,3,0,4,90000,66,1975,0,1,44.40177,26.05643,2.6594930529613428,0.2053204818906448
64.0,3,6,8,97000,66,1983,1,1,44.40488,26.06261,2.4135114637386184,0.119832439246594
36.0,1,0,8,72000,66,1989,1,1,44.41515,26.06918,1.5648739880682208,0.1160471148105239
27.0,1,3,3,40000,33,2009,0,1,44.40271,26.07259,1.889789324544779,0.0871875444895562
50.0,2,5,8,126999,52,1883,1,0,44.434254,26.014666,0.5310576843306739,0.1142046805559588
99.0,3,1,7,319999,44,2007,1,-1,44.443256,26.068207,0.6122952342389142,0.2631339974763521
68.0,2,1,4,265595,5,2024,1,0,44.48493,26.09972,0.6429390127720511,0.2152913575937462
85.0,3,8,10,175000,23,1984,1,0,44.453747,26.050838,0.3258583809721275,0.0364340656384484
49.0,2,0,4,169990,88,2015,1,0,44.412186,26.126427,0.0723719868953254,0.1261642078063927
45.0,1,1,7,69500,48,2027,1,2,44.361423,26.149233,0.9436364357496958,0.0328035265234592
50.0,2,5,6,135000,12,2019,1,1,44.41763,26.002865,0.9339075850836652,0.1299925009326409
21.0,1,1,4,51900,56,1976,0,0,44.408676,26.17746,0.2326457836352079,0.148384599727772
50.0,2,1,6,106000,48,2025,1,2,44.361332,26.149363,0.9574291987453276,0.0360909259831523
31.0,2,4,4,55900,52,1978,0,-1,44.431564,26.017384,0.4212296402514798,0.1058554983122156
52.3,2,9,10,78980,10,1972,1,-1,44.387306,26.116764,0.7658940404031619,0.1257777913045458
45.0,2,2,8,75200,58,1976,0,-1,44.444252,26.156166,1.435117490150129,0.1123450065053369
33.1,1,2,11,135000,52,2024,1,1,44.429737,26.041796,0.699800150569987,0.2147177862426905
70.0,3,6,6,102000,52,2025,1,1,44.43774,26.017382,0.514666956033878,0.2179837448345945
65.0,3,7,10,123000,49,1965,0,-1,44.43875,26.135065,0.2891839830571606,0.182703950561359
85.3,3,0,7,359000,28,2025,1,-1,44.44957,26.102518,0.4389621830047038,0.1578247630910181
35.0,2,7,8,62990,52,2018,1,0,44.43774,26.017382,0.514666956033878,0.2179837448345945
100.6,4,0,4,150945,76,2026,1,1,44.411327,26.199837,0.6052708919143734,0.4823277601258817
51.6,2,0,3,98000,76,2026,1,1,44.412872,26.195316,0.5788826020925718,0.6094541731595835
60.76,2,1,3,86604,76,2025,1,0,44.417545,26.2036,1.3257393982633086,0.9775390444545058
54.0,2,4,4,93500,23,1982,0,0,44.45338,26.045067,0.2716101764385737,0.1631274231816274
36.8,1,1,12,89000,48,2022,1,0,44.36842,26.122166,1.626108963403146,0.20218719110515
52.0,2,1,7,99000,38,1965,1,0,44.448353,26.07623,0.244639168283131,0.1151931018071276
28.0,1,-1,7,52500,42,2018,0,0,44.3999,26.0966,0.509476091766567,0.177523741768833
110.0,4,2,3,385000,6,2000,0,-1,44.46095,26.07683,0.9568800302046458,0.2266386207114782
67.0,3,1,5,226000,20,1964,1,-1,44.43975,26.092642,0.7774064786160457,0.0977305550984343
50.0,2,8,8,94000,10,2018,1,-1,44.387886,26.13089,0.8847438939133582,0.1773579464460043
66.0,3,8,8,111000,10,2018,1,-1,44.383522,26.133854,0.4535350100998637,0.1799714401082468
51.0,2,8,8,49000,52,2018,1,1,44.43774,26.017382,0.514666956033878,0.2179837448345945
38.0,2,1,7,68800,42,2018,0,-1,44.3856,26.1007,1.6049892687096667,0.1251643377845602
42.0,2,10,10,68000,10,2018,1,-1,44.3849,26.1008,1.6729753766097528,0.067047090936515
15.0,1,3,7,19000,3,2018,0,-1,44.37179,26.136168,0.6762420205375456,0.3257559192361961
49.0,2,10,10,67000,10,2018,1,-1,44.3762,26.1179,1.4387778910229725,0.070908438799042
53.0,2,9,9,89000,10,2018,1,-1,44.386074,26.120512,0.7771836803818027,0.1975986306210431
42.0,2,1,7,95000,63,2018,1,0,44.3618,26.1506,0.964507430674668,0.1471499558195833
68.5,3,11,11,199000,52,2025,1,-1,44.428993,26.01961,0.5822772584024698,0.2865362114221736
55.0,2,0,3,149999,4,1940,0,-1,44.44123,26.110893,0.8784376267225685,0.1419113916806696
50.0,3,6,7,115000,79,2018,1,-1,44.413395,26.166872,0.4372308775343612,0.1711175100556661
69.0,2,1,10,100000,42,1978,1,1,44.380646,26.090641,2.488378579578071,0.2315330266365495
42.0,2,2,4,81995,3,2016,0,1,44.36899,26.134,0.7685293811106013,0.2088474707644899
77.0,3,7,11,125000,21,1979,0,-1,44.46858,26.143248,2.5045862154436715,0.050695729105175
96.0,4,1,4,165000,80,1933,0,1,44.436245,26.112555,0.777740560412105,0.2057721392388945
92.0,4,0,7,255000,10,1992,0,-1,44.399113,26.10376,0.4250932472330839,0.1314151095380017
60.0,2,1,9,195000,52,2019,1,-1,44.443073,26.052101,0.494326799229743,0.1832326107621567
35.0,1,0,7,59000,18,2015,1,-1,44.44227,25.981108,1.4987730657031295,0.437935325020769
55.0,2,6,9,132000,30,1968,1,1,44.42113,26.03109,0.205443803744628,0.1713252858501747
57.0,2,0,10,140000,30,1965,1,1,44.42149,26.02011,0.1685952963976686,0.0645887748248136
44.0,2,0,7,95180,48,2024,1,0,44.375465,26.109695,2.091546250606521,0.2315442173079708
50.0,2,6,10,120000,56,1975,1,0,44.410965,26.175291,0.0826309951647375,0.1553384899389656
70.0,3,1,6,121605,48,2025,1,0,44.368088,26.114336,2.104984297055474,0.0
60.0,3,2,8,135000,10,1983,1,-1,44.381935,26.134283,0.2747142528434965,0.1779860876630342
56.0,2,2,6,114950,48,2025,1,0,44.36594,26.11837,2.0321717542936417,0.1840193395731931
60.0,2,3,3,120000,24,2015,0,-1,44.48723,26.05008,0.8964489627985884,0.1365913683786258
64.0,2,3,8,103900,11,2025,1,1,44.407097,25.987804,2.5720584356743204,0.591518859183588
48.0,2,5,7,59990,18,2018,0,-1,44.443584,25.976608,1.813362496266434,0.805997951879873
66.0,3,1,3,186999,35,1960,0,0,44.460922,26.104803,0.9082551547648716,0.1889368729071512
104.0,4,2,6,166000,48,2026,1,0,44.370956,26.123299,1.3573135669155267,0.039824197816403
31.0,1,9,10,63000,29,1979,0,-1,44.413185,26.142414,0.9202118287729518,0.516459358184816
74.0,3,2,6,118500,48,2026,1,0,44.370987,26.123343,1.35240315661757,0.0445018229838376
39.0,1,3,6,64000,48,2026,1,0,44.3785,26.126175,0.7408264866920442,0.1349789270695572
57.8,2,1,7,84900,76,2026,1,-1,44.411827,26.207264,0.6960167149625673,0.6648277408233789
46.7,2,1,4,125000,84,1986,0,-1,44.40177,26.119522,0.8954177911064031,0.2608522394463378
49.4,2,3,7,149000,13,1956,0,3,44.4939,26.031593,0.0732199011992913,0.1361191122154623
62.0,3,9,10,125000,74,1975,0,0,44.4654,26.117273,1.6755367151138534,0.4306715140860211
48.0,2,1,1,130000,0,2018,0,0,44.469234,26.057041,0.5723288646434822,0.0742964766521511
53.0,2,3,4,109000,-1,1969,0,-1,44.433197,26.155483,1.0743481780443842,0.193059181891663
54.0,2,1,9,87000,10,1965,0,-1,44.38356,26.12006,1.0587047939347325,0.2282994152268755
45.0,2,2,7,70394,76,2026,0,-1,44.416733,26.202906,1.220140376476609,0.9604224148702686
67.0,3,3,4,92999,10,1967,0,0,44.37892,26.114546,1.6567199214960102,0.2962878808785941
75.35,3,3,7,112950,76,2026,1,-1,44.41158,26.203014,0.7893686020338729,0.6157463083801927
73.0,3,0,4,135000,1,1986,1,-1,44.42072,26.06171,0.7161689631808437,0.1920199009229336
34.0,1,1,4,61000,48,2019,0,-1,44.37016,26.114878,1.9371166662154464,0.1014842211886005
32.0,1,1,10,75000,52,1980,1,0,44.43542,26.025331,0.3494444879491457,0.1530052285169285
63.34,2,1,5,85124,76,2026,1,0,44.42126,26.200356,1.5833553505869162,0.5502633031380695
55.0,2,11,11,166000,61,2018,1,0,44.481518,26.104992,0.4575284463327805,0.0970356588057619
58.0,3,-1,1,119900,20,1940,0,1,44.43728,26.083351,0.6623581963276483,0.0806828833712733
80.0,4,2,8,298500,35,1980,1,1,44.45463,26.098143,0.6367068643265967,0.1402068857154266
145.0,4,2,3,230000,16,1890,1,1,44.43452,26.08729,0.2773679886400363,0.0384091417148039
56.7,2,1,3,119000,76,2024,0,-1,44.41922,26.203953,1.4971745537890138,0.905353549178486
64.0,3,3,4,109000,79,1977,0,3,44.436077,26.16861,0.0926350572837058,0.0467656113348625
54.0,2,1,10,117000,29,1968,0,3,44.424526,26.147758,0.7755636738317806,0.2301933809541715
39.0,2,10,10,72000,30,1975,1,0,44.416313,26.018154,0.3766175970379655,0.1883628979029716
25.0,1,-1,8,52900,59,1940,1,1,44.443626,26.101078,0.3671611682990766,0.2049429714949841
51.0,2,3,10,105000,79,1967,1,0,44.42306,26.168043,0.4777104439572375,0.2732843980257013
70.0,3,5,11,260000,20,2020,1,0,44.436142,26.10272,0.0313182444653121,0.0812247771036757
73.0,3,11,11,226900,43,1977,1,0,44.452133,26.081787,0.2011533725220119,0.1077932055922679
85.0,3,4,5,149990,48,2018,1,0,44.36881,26.12144,1.6318185116356054,0.2103289267147544
86.0,3,6,7,141400,48,2018,1,1,44.369442,26.124826,1.4056122049591242,0.1147209856343804
85.0,3,7,7,141400,48,2018,1,1,44.369442,26.124826,1.4056122049591242,0.1147209856343804
61.95,3,3,4,114000,30,1973,0,-1,44.42198,26.013994,0.10232744686056,0.1011481936034406
84.0,3,1,7,138000,48,2018,1,1,44.369442,26.124826,1.4056122049591242,0.1147209856343804
69.86,3,10,10,115500,76,2025,1,-1,44.412933,26.200464,0.7671896416286593,0.6676058867099006
32.0,1,2,3,49990,65,2016,0,0,44.375645,26.093878,2.837309436152453,0.2336372091150821
77.0,3,6,8,170000,66,1989,1,0,44.41344,26.065765,1.581641474720454,0.3683842895253273
83.0,3,7,7,136500,48,2018,1,1,44.369442,26.124826,1.4056122049591242,0.1147209856343804
58.0,2,7,7,95000,48,2018,1,1,44.369442,26.124826,1.4056122049591242,0.1147209856343804
58.0,2,4,10,117000,13,1967,1,1,44.488125,26.037842,0.1623544193973269,0.0840250416569104
55.0,2,0,7,89600,48,2018,1,1,44.369442,26.124826,1.4056122049591242,0.1147209856343804
70.3,3,9,11,120000,58,2025,1,0,44.44983,26.1656,1.619798413672967,0.0850606318653781
63.0,2,7,8,114000,66,1985,0,-1,44.41346,26.06459,1.5407965433335795,0.2801183356465883
93.0,3,1,7,195000,53,1938,0,1,44.4409,26.118563,1.096721970431603,0.1719802712019482
36.26,1,1,4,89000,52,1990,0,-1,44.441685,26.032877,0.7993220922699709,0.2607849028223714
56.0,2,2,10,107000,10,1981,0,-1,44.389008,26.126253,0.5390276548842272,0.0213402514024093
150.0,7,0,1,272960,16,1990,0,0,44.433174,26.112093,0.798048486658473,0.0215109147770189
37.0,1,1,8,89000,25,1986,1,0,44.424244,26.135145,0.4731332265040678,0.1831517056220965
37.0,1,1,8,89000,25,1986,1,0,44.423702,26.1351,0.4338333223349949,0.2318232745614396
64.0,4,9,10,120000,30,1974,1,3,44.41771,26.025503,0.2685118403420263,0.1897151962869253
104.0,4,5,10,186530,58,1985,1,0,44.442528,26.153297,1.502760407762762,0.0932482754508014
54.0,2,8,10,117000,88,1984,1,0,44.414722,26.132719,0.520683973918857,0.0416034487975844
48.0,2,4,5,95900,63,2021,1,-1,44.36201,26.15099,0.9638349650565368,0.1854190782335201
104.0,4,5,10,186550,58,1985,1,0,44.442528,26.153297,1.502760407762762,0.0932482754508014
57.0,2,0,4,144900,84,1986,0,6,44.405987,26.119726,0.9059120375931252,0.2033999719523494
77.0,3,3,8,245000,88,1990,1,0,44.42179,26.12119,0.8416026639029345,0.2301322039368811
220.0,5,4,4,585480,77,2010,1,0,44.42176,26.107939,0.7104062082440894,0.102449253953548
53.0,2,3,10,104940,79,1977,1,-1,44.418236,26.176682,0.8940601751744458,0.0415371060022355
77.0,3,3,8,245000,88,1990,0,0,44.41551,26.11816,0.4022533166996712,0.2532526947455612
55.49,2,11,11,164999,52,2016,1,1,44.43296,26.040255,0.5493652703062352,0.2249652534236046
38.0,2,2,4,64850,10,1975,0,0,44.380978,26.098469,2.146792075058066,0.1583311386151442
70.0,3,2,10,84840,33,1976,1,0,44.39262,26.081379,1.770185590236915,0.1082501611079067
86.0,3,6,7,132799,48,2018,1,1,44.369442,26.124826,1.4056122049591242,0.1147209856343804
62.0,2,5,7,215000,61,2025,1,1,44.474815,26.115059,0.6643548579500391,0.3464477119608437
53.0,3,10,10,74890,42,1977,1,0,44.3914,26.097143,1.250917243775206,0.3166563012838626
95.0,4,3,5,235000,59,1939,1,-1,44.443676,26.099653,0.2866267198548944,0.1120803622887217
18.0,1,8,10,42480,79,1970,1,0,44.417187,26.17501,0.7736146569483151,0.1546382160877909
97.67,3,3,12,123000,76,2025,1,0,44.411728,26.199518,0.6176640628420772,0.5211169461940424
37.0,2,10,10,54800,20,1972,1,0,44.436142,26.102684,0.0318356974740161,0.0786614073336896
53.0,2,2,4,93960,48,2016,0,0,44.365074,26.117765,2.1029631419119195,0.1100189227874631
38.0,2,7,10,74980,20,1975,1,0,44.436142,26.102684,0.0318356974740161,0.0786614073336896
35.0,2,3,7,100000,30,1977,1,1,44.41716,26.018805,0.3257907839205862,0.1733852163020767
52.5,2,3,4,78000,10,1978,0,1,44.387787,26.103973,1.2829928242780857,0.0832601105427786
90.0,3,0,5,350000,8,2018,0,-1,44.515236,26.10137,4.012314276720767,0.2042539379972301
48.0,2,3,4,94998,48,2019,0,0,44.36712,26.115269,2.115526333879969,0.1307132023255494
36.0,1,0,8,65000,66,1987,1,1,44.4105,26.07001,2.0298127814459805,0.045822023686342
52.0,2,4,8,76890,10,1972,1,0,44.381603,26.126024,0.7758170182568747,0.1550632640628748
95.0,4,4,4,107000,66,1979,0,1,44.4048,26.06263,2.422547465368413,0.121065832816474
62.0,3,9,9,70000,33,1977,1,0,44.384865,26.083313,2.410656697783735,0.1935624876869956
49.8,2,1,3,69421,33,2025,0,0,44.39483,26.084143,1.4406138580283332,0.2424598560799749
42.0,2,6,10,81999,52,1979,1,0,44.433147,26.026564,0.4267931511619905,0.1401500848469818
63.0,3,0,9,102999,66,1984,1,0,44.410797,26.074759,1.8462173785715248,0.2643156094201285
65.0,3,9,10,165000,79,1965,1,-1,44.41582,26.157633,0.3917983155318706,0.2396368195951086
85.0,3,7,7,132799,48,2018,1,1,44.369442,26.124826,1.4056122049591242,0.1147209856343804
35.0,1,1,8,64900,88,1976,1,0,44.410404,26.140139,1.034658514343705,0.1807507715261102
50.0,2,1,10,104999,30,1971,0,-1,44.41744,26.026571,0.3242428622733208,0.1063933377877923
48.0,2,1,3,109900,87,1940,0,1,44.4477,26.086954,0.5184076306032889,0.0448641974558424
51.0,1,9,10,128000,88,2001,1,0,44.421463,26.124325,1.0196175767783586,0.1804466393983179
53.0,2,7,10,77500,10,1969,1,3,44.381966,26.115328,1.340639494662123,0.0196818424083008
84.0,3,1,7,129999,48,2018,1,1,44.369442,26.124826,1.4056122049591242,0.1147209856343804
100.0,3,9,10,271900,88,2001,0,0,44.422993,26.12271,1.0210981968949313,0.0668684987808313
47.0,2,9,10,144400,88,2001,1,0,44.421658,26.124264,1.0270004182139467,0.1584339966849478
48.0,2,8,9,142000,20,1969,1,-1,44.438408,26.100082,0.3546341530101338,0.0954371893330657
60.0,2,4,8,137000,1,1990,1,-1,44.4211,26.06282,0.7326672820160106,0.1943558431057958
67.0,3,5,10,155000,29,1980,1,-1,44.415268,26.135489,0.7170297366183808,0.2048810157654287
45.0,2,0,10,124999,29,1966,1,3,44.42091,26.140501,0.1048988041380658,0.1847098971094141
65.0,2,4,7,155000,88,2018,0,-1,44.417706,26.124887,0.6564958508726422,0.2717398980403638
53.0,2,3,7,198000,49,2012,1,-1,44.435673,26.131216,0.6049238449459187,0.2048647767433701
83.0,3,7,7,127999,48,2018,1,1,44.369442,26.124826,1.4056122049591242,0.1147209856343804
55.0,2,10,11,188000,52,2017,1,-1,44.43478,26.03336,0.0390172952845246,0.0539676649716235
61.0,3,0,3,159000,32,1940,0,1,44.43718,26.107439,0.3982829282635806,0.2173463906699622
46.0,2,0,7,145900,14,1965,1,0,44.41747,26.103952,0.3066867188050866,0.3031200888309071
60.0,3,1,10,129900,10,1978,0,-1,44.38695,26.1169,0.7927342878358898,0.1630120715402956
34.0,2,10,10,61000,10,2018,1,1,44.37987,26.128065,0.5814657556080464,0.0821097302747396
94.0,3,0,2,175900,16,1930,0,1,44.43261,26.12221,1.2677118466789676,0.062943358616944
58.0,2,7,7,89499,48,2018,1,1,44.369442,26.124826,1.4056122049591242,0.1147209856343804
59.0,2,1,5,103000,3,2026,0,2,44.37077,26.12831,1.129955622230018,0.0750848875699097
61.0,2,2,3,194999,89,2020,1,-1,44.51077,26.104673,3.47717409715437,0.5170247389405538
48.0,2,4,6,83989,66,2017,1,0,44.38752,26.063305,3.225801977012287,0.2102970692962107
49.0,2,6,6,104990,56,2009,1,-1,44.407326,26.177662,0.3661390760755236,0.2854097273270228
54.0,2,7,9,89989,10,1965,0,-1,44.386185,26.117426,0.8455729576363807,0.1327323090810981
54.0,2,1,8,163000,78,1977,0,-1,44.41149,26.108618,0.4801496060578025,0.1401264950462085
63.0,3,1,7,155000,60,2022,0,0,44.407944,26.091827,0.5217655709586007,0.0139792812214796
69.0,2,1,10,100000,42,1978,1,0,44.38519,26.09425,1.9122442482595736,0.1883472221773461
40.0,1,5,10,88900,25,1990,1,0,44.420338,26.12996,0.7407940383504371,0.3084264969865727
42.0,1,3,4,96999,25,1985,0,0,44.419254,26.13209,0.6038391672190367,0.3200561175704432
130.0,4,11,11,588999,1,2023,0,-1,44.4265,26.061844,0.3540580901808831,0.1870835510595803
62.0,2,2,8,123000,66,1987,1,-1,44.41369,26.06724,1.612522787309139,0.3357982631183598
52.0,2,1,10,89000,29,1965,1,0,44.41988,26.145689,0.5325157688941745,0.2128295939038257
55.0,2,0,7,83999,48,2018,1,1,44.369442,26.124826,1.4056122049591242,0.1147209856343804
85.0,3,4,5,149999,48,2018,1,0,44.374264,26.125885,0.9587095131131044,0.3283848581993943
43.0,2,4,7,145000,14,1960,1,0,44.419132,26.103436,0.4959250947614219,0.1807397635120081
32.31,1,2,3,55000,67,2019,0,0,44.444786,26.015491,1.2781043502805056,0.3489113876127128
63.0,3,1,7,119000,52,1997,0,-1,44.437393,26.014456,0.6597862928156512,0.1119128459412052
77.57,3,6,11,197000,79,2013,0,0,44.4234,26.171392,0.7141427999181436,0.1373142584488404
69.0,3,3,10,137900,82,1984,0,-1,44.415382,26.045969,0.9458661557684508,0.0567095370464787
55.0,2,0,10,90000,66,1986,0,0,44.41136,26.065449,1.782616005039163,0.3528133178555245
110.0,4,3,4,293500,27,1940,0,2,44.46668,26.072184,1.1337739476755126,0.2041000988567869
76.0,3,1,1,220000,32,1940,0,0,44.440723,26.104828,0.5644762680133179,0.0923772326835604
90.75,3,0,5,350000,20,2009,1,-1,44.436142,26.102684,0.0318356974740161,0.0786614073336896
37.0,2,10,10,54970,42,1975,1,-1,44.39273,26.095936,1.2396214194197446,0.1646603811793306
83.4,3,5,8,225880,78,1991,1,0,44.409943,26.116732,0.7956327946187568,0.0264690243234213
64.0,2,11,13,295000,25,1992,1,4,44.425663,26.130371,0.8641634454798391,0.1188327234758139
62.0,3,10,10,109899,74,1970,1,0,44.459076,26.13096,1.1528266217463303,0.0697357483154562
141.0,3,4,6,676000,35,2010,1,-1,44.461475,26.094715,0.835962326603196,0.0274981435536556
85.0,3,4,5,149990,48,2018,1,0,44.374264,26.125885,0.9587095131131044,0.3283848581993943
60.0,4,9,10,100000,30,1974,1,0,44.41911,26.023756,0.31979401266734,0.3080190092879001
141.0,3,1,6,526000,35,2010,1,0,44.461388,26.097946,1.0540499435783215,0.271869441341747
67.0,2,2,6,96500,48,2024,1,0,44.36859,26.11339,2.132682561936169,0.0936501112744236
58.0,2,1,6,82500,48,2024,1,0,44.3687,26.11328,2.132881254773824,0.1080597207003533
71.0,3,1,6,100500,48,2024,1,0,44.36871,26.11294,2.15455720056523,0.1307556393184752
141.0,3,1,6,615000,35,2010,1,0,44.461388,26.097946,1.0540499435783215,0.271869441341747
129.0,3,3,6,575000,35,2010,1,0,44.461437,26.096972,0.9850112425285736,0.2004602492211123
63.0,2,1,11,249500,52,2022,1,1,44.434784,26.050138,0.3827860183338157,0.0554358404631546
151.0,4,4,6,690000,35,2010,1,-1,44.460957,26.094599,0.8659573305425528,0.0413753796605081
64.0,3,5,10,100000,74,1974,1,0,44.46469,26.127249,1.6599195972582812,0.0937904342192239
44.0,2,3,3,68500,52,2025,1,1,44.43774,26.017382,0.514666956033878,0.2179837448345945
51.0,2,2,8,87980,10,1965,0,0,44.389137,26.110382,1.0371623216438215,0.0416046403012008
43.8,2,2,3,153000,25,2014,0,0,44.429325,26.135992,0.4015223026383336,0.243602071597183
34.0,2,9,10,69979,10,1971,0,0,44.381653,26.126759,0.7218335225265388,0.1581003766965312
53.0,2,2,6,119000,48,2018,1,-1,44.368484,26.12661,1.3567726030506528,0.0320934700285953
127.0,3,7,8,750300,35,2021,0,-1,44.468674,26.105597,1.2404755152707243,0.1864678363435347
52.0,2,3,7,77490,52,2026,1,0,44.43548,25.987501,0.6001123704503504,0.038833924841081
70.7,3,5,8,174900,35,1974,0,0,44.455715,26.097576,0.725132815776728,0.2567876899830942
65.0,3,3,10,139900,42,1978,1,1,44.39733,26.09601,0.7947165058579156,0.0505412068741882
133.74,5,5,8,445000,28,1982,1,-1,44.450287,26.098816,0.50989033419039,0.3088654479284192
74.25,3,4,8,226900,54,1992,0,-1,44.42091,26.114416,0.4773197176041116,0.1427554690971079
92.1,4,0,8,254990,10,1992,1,0,44.39951,26.103613,0.4431795991570414,0.1152394003488755
40.0,1,1,8,88900,25,1986,1,-1,44.424484,26.135674,0.4664366068332718,0.1350283463295451
70.3,3,9,11,120000,58,2025,1,0,44.449646,26.164152,1.6258271487684457,0.1514610130984611
31.0,1,0,4,61999,20,2020,0,0,44.436142,26.102684,0.0318356974740161,0.0786614073336896
38.0,2,2,4,63990,10,1975,0,0,44.380978,26.098469,2.146792075058066,0.1583311386151442
30.0,1,8,9,59998,20,1965,0,0,44.436142,26.102684,0.0318356974740161,0.0786614073336896
64.0,2,7,10,80999,52,2026,1,2,44.440765,25.972967,1.7799025288708905,0.6233846345939066
40.87,1,0,11,124999,52,2024,1,1,44.42915,26.041779,0.6346713875189229,0.1571328229331031
73.0,4,0,7,179999,78,1983,0,0,44.41011,26.11177,0.7418368894340555,0.1008356841038885
49.0,2,6,14,119000,12,2016,1,0,44.423927,26.010601,0.3916909386954284,0.0844375005155426
52.0,2,2,4,93990,48,2016,0,-1,44.365074,26.117765,2.1029631419119195,0.1100189227874631
32.0,1,2,3,47000,65,2016,0,0,44.375645,26.093878,2.837309436152453,0.2336372091150821
112.0,3,1,3,168980,48,2018,0,0,44.372395,26.115496,1.7706813795165053,0.1519123890344814
98.0,3,3,3,249000,69,2024,0,0,44.40229,26.168814,1.0317182070605182,0.569965270972531
67.47,3,8,10,190000,43,1982,1,1,44.459904,26.070797,1.0202854844393263,0.2888139578650575
145.0,5,2,3,330000,59,1938,1,1,44.44555,26.09759,0.0263628804967624,0.0092703970767945
68.4,3,3,4,134999,79,1972,0,0,44.418125,26.165636,0.6140028530298222,0.0886835467494689
50.0,2,11,11,125500,79,2008,1,1,44.41951,26.1722,0.9725077371161186,0.2386164993514621
61.78,3,10,10,135000,29,1963,1,-1,44.421402,26.141993,0.2221415566914054,0.2701221395543114
32.0,1,1,7,49888,52,2026,1,0,44.435764,25.98733,0.634423831257983,0.0101439796340773
90.0,4,1,8,124999,66,1985,1,0,44.407787,26.075804,1.6654069600094743,0.0306230182194561
80.0,4,2,8,166860,10,1982,1,-1,44.385082,26.132498,0.6519674728852806,0.2942199873383801
89.26,2,3,16,240000,61,2011,1,0,44.4776,26.115082,0.3641742834069205,0.1612745184149661
53.0,2,0,5,96930,48,2019,1,-1,44.37152,26.12512,1.2120327045299433,0.1975405934853023
67.0,3,2,8,148000,66,1982,1,-1,44.412,26.075912,1.8193696764898004,0.1875870966644595
38.0,2,2,4,63980,10,1975,0,0,44.380978,26.098469,2.146792075058066,0.1583311386151442
68.0,3,4,4,88890,10,1969,0,-1,44.376556,26.115759,1.5947660657469651,0.2143903770602507
68.0,2,3,7,153000,10,2018,1,-1,44.37945,26.129602,0.4587470663134272,0.1672785618522381
36.0,2,3,7,53900,18,2017,1,-1,44.44367,25.98221,1.6015472277479257,0.5187719737493617
115.0,3,6,7,284000,42,2018,0,1,44.398354,26.096453,0.6808151814483743,0.0702693120162815
66.0,3,6,7,120000,10,2018,1,1,44.386196,26.11633,0.887780964078259,0.0807836758851637
110.92,4,10,10,330000,86,2017,1,0,44.50409,26.044868,1.484067649435488,0.0360003199749686
131.0,2,5,7,365000,54,2018,1,1,44.417015,26.113632,0.0424165209710407,0.0867320063700832
77.0,3,1,6,158000,32,2018,0,-1,44.44206,26.10979,0.8860561884297747,0.0218918661944208
92.0,4,7,7,369000,54,2018,1,1,44.4238,26.1148,0.7994929820938219,0.2903325556725522
15.0,1,4,4,31990,10,1970,0,0,44.383442,26.12759,0.752218519153837,0.2655497213131578
40.65,1,1,7,73755,76,2026,1,-1,44.411476,26.200335,0.6460792202618422,0.5086803558010244
72.0,2,5,7,199000,25,2018,1,1,44.4219,26.1314,0.6267604985817015,0.4718648348167754
31.0,1,1,7,53500,52,2016,1,1,44.43774,26.017382,0.514666956033878,0.2179837448345945
30.0,1,2,7,62500,63,2018,1,1,44.3726,26.1439,0.4097237179926647,0.2569799267515882
146.0,7,0,1,198890,16,1940,0,0,44.420017,26.100119,0.687274969844278,0.305418596157589
102.0,4,5,7,378000,88,2018,1,1,44.413963,26.122671,0.4255106077976052,0.3742771865980925
42.0,2,6,10,80000,52,1978,1,0,44.436234,26.038946,0.4587755397047827,0.3198106956857389
67.0,3,3,10,139900,42,1978,1,1,44.384037,26.092293,2.1095013282125774,0.1702539737782258
45.0,2,0,10,71900,10,1970,1,-1,44.381157,26.122318,1.0518848273164705,0.2298007925982877
56.0,2,3,6,71500,11,2008,1,1,44.40528,25.99645,2.2242629698825,0.4486669693124616
62.0,2,1,7,274500,77,2018,1,1,44.4188,26.1043,0.4501876452006971,0.2179528142107569
54.0,2,0,2,97990,3,2010,0,0,44.375805,26.140638,0.5935992020535301,0.2139704792704077
47.0,2,1,4,90999,65,2016,0,0,44.375645,26.093878,2.837309436152453,0.2336372091150821
163.0,3,3,7,345500,88,2018,1,1,44.417576,26.117874,0.3713212808001872,0.2900118221088053
168.0,3,3,7,312000,88,2018,1,1,44.417538,26.117935,0.3748982060501243,0.2964161008033056
51.0,2,2,7,139900,88,2018,0,1,44.4158,26.1169,0.297135869158401,0.241698486963241
59.4,3,4,8,130000,74,1963,1,0,44.45324,26.109886,0.3334099720004539,0.1662637570348949
30.0,1,7,7,54000,52,2021,1,1,44.434658,26.012163,0.7167348505461945,0.0423189746404194
85.0,3,2,7,269000,16,1996,1,0,44.426544,26.119905,1.2131472495720554,0.0818702172221144
66.0,3,3,7,205000,49,2013,1,-1,44.435898,26.13242,0.5636237662431993,0.1585151379357356
38.03,2,3,7,55000,58,1973,0,-1,44.44116,26.171844,0.6533293331527691,0.1108003289652064
80.0,3,2,7,256000,83,2018,1,1,44.424984,26.077671,1.1258830057289673,0.0840804584956467
58.0,2,5,7,90000,-1,1963,1,3,44.467224,26.052969,0.476399684441863,0.1478338903604156
53.0,2,0,3,83000,65,2023,1,0,44.3708,26.097713,3.1433991746870094,0.0500895832897603
75.91,3,6,6,122000,48,2025,1,1,44.368534,26.12119,1.667858298834167,0.1816399582346971
143.0,2,3,3,110000,63,2024,1,1,44.37758,26.14982,1.0800825429502348,0.753150492479614
86.0,3,4,5,260000,61,2021,1,-1,44.480873,26.105082,0.4269546116682535,0.0692412545663862
65.0,2,4,6,138500,63,2020,1,1,44.36121,26.15069,1.0229286648714406,0.1392032724789812
59.4,3,4,8,125000,55,1963,1,0,44.451378,26.121428,0.267552969005576,0.1841937036044795
68.5,3,11,11,199000,52,2025,1,1,44.429073,26.019026,0.5865373312972861,0.2697941500727819
57.13,2,10,11,131890,76,2026,1,0,44.408634,26.188599,0.4488036203824405,0.0610167701482598
32.0,1,2,7,49890,52,2025,1,1,44.434658,26.012163,0.7167348505461945,0.0423189746404194
85.0,4,8,8,141000,10,2018,1,0,44.38451,26.1346,0.5504994694508906,0.3003155485334328
36.0,2,0,7,62000,10,2018,0,-1,44.381424,26.103903,1.943668798498948,0.405022415848257
73.0,2,6,9,239000,16,1994,1,-1,44.426716,26.11265,0.9396015700669136,0.0649334784655512
33.0,1,7,11,125000,52,2018,1,-1,44.428326,26.036955,0.683458028441495,0.2965593810225639
67.0,2,10,11,295000,25,1994,1,1,44.425636,26.130352,0.8636496729209382,0.1213449563090174
34.0,1,6,10,80000,28,1980,1,1,44.454735,26.095058,0.8748719232052738,0.228919113377027
80.0,3,3,7,245000,79,1992,1,1,44.41817,26.1606,0.5206606050493752,0.3647647089419271
29.0,1,3,7,71500,63,2019,1,-1,44.36797,26.14442,0.1212782368714182,0.0452324598362339
68.0,2,1,7,110000,63,2018,1,1,44.3823,26.1535,1.4719166616384702,0.6151838224792451
52.0,2,9,9,73500,10,2018,1,0,44.383667,26.117678,1.0951158094112996,0.2403896864196625
51.0,2,0,8,78800,3,2026,1,0,44.367226,26.13293,0.8740670108383295,0.0402447900680239
81.0,4,1,8,155000,52,1982,0,-1,44.432156,26.018997,0.2840340687099378,0.0775194359091021
71.0,3,5,6,109500,48,2018,1,0,44.368484,26.111557,2.259998903561621,0.225245290620958
67.0,3,4,7,94500,52,2018,1,1,44.434658,26.012163,0.7167348505461945,0.0423189746404194
38.0,2,8,8,68000,10,2018,0,-1,44.3857,26.1206,0.8169241768630047,0.1656439675877814
67.0,3,2,4,118000,10,1974,0,-1,44.385433,26.11034,1.2651526433838844,0.091677289603241
87.7,4,6,10,146900,58,1982,1,0,44.43967,26.158388,0.9944119222407436,0.04124356748128
35.0,2,0,7,64000,10,2018,1,0,44.38206,26.128374,0.6201939769506682,0.243321837958529
34.0,1,3,7,58500,48,2018,0,1,44.3692,26.1146,2.014991114525007,0.1254168329263265
53.0,2,1,8,103400,48,2024,1,0,44.368534,26.12119,1.667858298834167,0.1816399582346971
56.5,2,1,7,93300,48,2025,1,0,44.368526,26.114458,2.0679460580864606,0.049659470569654
70.0,3,1,10,100000,42,1978,0,-1,44.386097,26.092642,1.9184894383811528,0.0366275177029619
49.0,2,0,3,83000,65,2024,0,-1,44.370167,26.103922,2.710289850593776,0.0524847348242324
57.7,2,1,6,99825,48,2025,1,0,44.367783,26.112194,2.2621087878271764,0.1736107763891905
42.0,2,2,7,170000,16,1962,1,-1,44.43274,26.111568,0.7798232954896169,0.0468486400546812
43.0,2,3,7,170000,16,1962,1,-1,44.431973,26.110813,0.7710493760445277,0.1162577127493298
65.0,3,0,7,117900,10,2018,0,0,44.38089,26.100475,2.0985627723731763,0.1762981777344426
94.5,3,5,6,163350,48,2025,1,0,44.36785,26.111687,2.2907892444598508,0.2122234664198207
83.0,3,2,3,314990,16,2025,1,0,44.42542,26.095312,0.5424819334553885,0.1623259058308953
61.0,2,2,3,213800,16,2025,1,0,44.425568,26.095835,0.4989116942228916,0.182291058660195
83.0,3,1,3,289477,16,2026,1,0,44.425568,26.095835,0.4989116942228916,0.182291058660195
70.4,3,5,6,121605,48,2025,1,0,44.36844,26.112272,2.215357323093942,0.1686691600965562
51.0,2,4,11,104000,48,2020,1,-1,44.37612,26.12107,1.2002913497060443,0.1021912816974196
58.0,3,2,3,222000,16,2025,1,0,44.424366,26.093794,0.7085202584514343,0.1338326923760776
86.0,3,0,4,179400,52,1986,0,-1,44.43363,25.99928,0.3127916303603407,0.115026847298216
68.0,3,4,7,115000,10,2018,0,-1,44.3789,26.1153,1.596965065281247,0.2363965145934472
47.9,2,7,11,95000,-1,2025,1,-1,44.429245,26.193409,0.8301388938539024,0.285511263648718
71.0,3,3,4,176999,88,2007,1,0,44.416252,26.121363,0.6367166431685164,0.4660435590901701
43.45,1,3,3,65145,76,2025,1,0,44.413246,26.195913,0.629019345841205,0.6669222967208985
85.46,3,2,8,132800,3,2024,1,2,44.36876,26.129395,1.1346704961585403,0.2233316121300458
40.73,1,3,10,61900,66,2025,1,2,44.390057,26.060106,3.2888422950818392,0.1467791770719558
54.0,2,0,4,157800,-1,2024,1,2,44.49664,26.002123,1.9283885203956117,0.992259663298334
91.31,3,3,9,124900,66,2025,1,0,44.390057,26.060106,3.2888422950818392,0.1467791770719558
95.0,4,4,4,210000,55,1932,0,-1,44.447132,26.138746,0.8209726571734316,0.201450720404935
17.0,1,2,2,42000,57,1968,0,1,44.481533,26.047861,0.5692478845462667,0.1021211030383071
56.0,2,4,4,131500,77,1961,0,0,44.417645,26.1113,0.1960744362260874,0.1832495144791595
132.0,2,5,5,297999,77,2022,1,1,44.416126,26.111605,0.153182443095788,0.0915453060781533
104.0,4,4,7,349999,17,1992,1,6,44.431217,26.103237,0.3863177113260582,0.1446766678525187
87.4,3,1,6,374500,28,1981,1,0,44.44983,26.098993,0.4633231828299183,0.2897223913749389
49.4,2,1,5,68000,11,2025,0,5,44.40538,25.990873,2.511763425729296,0.5144045945110062
66.0,3,4,10,163999,78,1978,1,3,44.411774,26.109518,0.5084467860381069,0.1205781666618578
71.0,3,4,10,116000,30,1965,1,0,44.428555,26.053604,0.3749074342320651,0.0842778966794443
58.7,2,9,10,105000,66,1983,1,1,44.407635,26.065884,2.1828780770643146,0.1505416189214726
142.0,3,5,5,589990,47,2006,1,-1,44.485065,26.090408,1.0210310859530418,0.1846813721732726
168.0,4,5,6,899990,32,2019,1,-1,44.441154,26.109716,0.8061640007039681,0.1227480801372988
155.0,3,0,8,595000,6,2010,0,-1,44.465332,26.07641,0.801829862474919,0.2491872312297416
105.0,4,4,6,585000,47,2019,1,-1,44.483727,26.08902,1.0264788049215072,0.2522711954882033
45.0,2,4,10,71000,10,1975,1,0,44.383636,26.100271,1.818806872666569,0.1544765604272725
86.0,4,1,8,130500,66,1986,1,0,44.408592,26.062723,2.0113057436562576,0.2485634638655232
52.0,2,5,8,96000,10,1970,1,0,44.38812,26.110384,1.0881182023516414,0.1166317133659564
55.0,2,7,8,119500,30,1964,1,0,44.42735,26.048746,0.2499702759173462,0.1082449662093716
68.98,2,6,8,102400,11,2011,0,0,44.407017,25.991053,2.377776548208523,0.3715806738915639
82.0,2,3,7,255254,-1,2018,0,2,44.410954,26.099867,0.5697741683133022,0.0533723555371482
54.0,2,0,7,170035,-1,2018,0,2,44.410954,26.099867,0.5697741683133022,0.0533723555371482
32.0,1,0,7,101401,-1,2018,0,2,44.410954,26.099867,0.5697741683133022,0.0533723555371482
63.35,3,2,4,127500,66,1983,0,0,44.409145,26.073416,1.8867204375633848,0.269469088121235
133.5,2,0,3,139000,3,2025,1,0,44.38109,26.14091,0.4707374903178904,0.4716016654430828
83.0,3,10,11,309990,61,2020,1,1,44.48056,26.11662,0.0137993504979499,0.0877317339341576
54.0,2,8,8,139900,76,2023,1,1,44.41542,26.193407,0.8560122496140278,0.5664819080512741
19.0,1,9,10,38500,79,1970,1,1,44.41748,26.17166,0.8613606215965609,0.0090421940930865
56.32,2,2,5,199000,83,2013,1,0,44.423573,26.080648,1.2759992755223497,0.2538179523456066
86.9,3,1,1,195000,53,1935,0,0,44.44078,26.118322,1.1166999566456188,0.1556685756718178
57.5,2,4,4,80500,76,2025,1,1,44.41162,26.201147,0.7063647423904209,0.5459448708385772
62.0,2,1,3,79781,76,2026,1,6,44.413795,26.2057,0.934070624471561,0.864287628959781
40.0,2,3,3,129900,35,1960,0,1,44.46523,26.106567,1.3858396779159994,0.0639605088812683
57.8,2,1,4,85900,76,2025,1,1,44.412266,26.201878,0.7965071527818719,0.6353007007930063
75.55,3,2,4,116900,76,2026,1,0,44.411926,26.20428,0.7741785962229074,0.6597987421114828
87.0,3,4,7,229000,-1,1983,0,-1,44.48945,26.080845,1.918961491378024,0.063720648438899
100.51,2,0,4,100900,76,2026,1,0,44.411896,26.204754,0.7558826967603874,0.653296535946373
38.0,2,7,10,74988,20,1975,1,0,44.436142,26.102684,0.0318356974740161,0.0786614073336896
52.0,2,5,5,130000,3,2020,1,-1,44.36763,26.132484,0.9004829266832387,0.0915702852111409
30.0,1,7,7,54000,52,2021,1,0,44.43774,26.017382,0.514666956033878,0.2179837448345945
50.0,2,3,7,95000,10,2018,0,-1,44.39319,26.1163,0.4772643425119352,0.3118186342190515
30.0,1,4,4,57999,52,2018,0,0,44.43774,26.017382,0.514666956033878,0.2179837448345945
38.0,2,7,7,76000,10,2018,0,-1,44.39319,26.1163,0.4772643425119352,0.3118186342190515
60.75,2,2,3,89102,76,2026,1,0,44.416664,26.20295,1.2158745103951445,0.9668658614707026
61.22,2,8,10,89900,66,2025,1,2,44.390057,26.060106,3.2888422950818392,0.1467791770719558
30.0,1,0,10,89999,78,1981,0,0,44.411575,26.112228,0.5751682214999436,0.1930993720404618
107.0,2,0,7,191000,10,2018,1,1,44.39354,26.128279,0.4798666284227404,0.2679869157510183
75.0,3,10,10,199000,52,2018,0,-1,44.429325,26.019278,0.5537373023295876,0.2447723843760437
100.0,2,0,7,180000,10,2018,1,1,44.39354,26.128279,0.4798666284227404,0.2679869157510183
47.04,2,1,3,76264,76,2026,1,0,44.412846,26.200546,0.7642752681142485,0.6598311969103741
85.0,3,6,7,139900,10,2018,1,1,44.377132,26.110327,1.9992240909917904,0.0456398874571646
47.04,2,1,3,74856,76,2026,1,0,44.412907,26.200676,0.7762315161277218,0.6690513590285466
44.77,2,2,3,72632,76,2025,1,0,44.412827,26.200647,0.7681086288898238,0.6598633053917067
85.0,3,1,4,369050,5,2024,1,0,44.48481,26.09973,0.6295724883956655,0.2045104907223101
60.0,2,3,7,134000,65,2018,1,1,44.372257,26.1002,2.894133963388497,0.227811852343224
82.18,3,1,3,117500,76,2026,1,0,44.41254,26.200504,0.7370365048515504,0.6260877526300748
82.18,3,1,3,115500,76,2026,1,0,44.412754,26.199903,0.7231681444508012,0.6387647280389548
42.14,2,2,3,73500,76,2026,1,0,44.413246,26.200975,0.8201411874898115,0.7118004506418064
37.5,2,1,10,139000,38,1974,0,0,44.448048,26.081705,0.4819421332663196,0.0497945564229366
116.0,5,0,3,180000,16,1945,0,0,44.43186,26.122007,1.3061992558117654,0.1195006391436348
91.8,4,7,8,344999,16,1987,1,0,44.426098,26.09892,0.27985742072619,0.1392552785455091
46.91,2,4,10,170000,61,2026,1,1,44.486336,26.111265,0.7588985461132381,0.1763842070664284
44.49,2,2,3,71000,76,2026,1,0,44.41309,26.201662,0.8450998057816781,0.7128356394484635
37.0,2,0,4,50999,33,1976,0,0,44.388626,26.074038,2.4940235636927404,0.4135133051932794
62.31,2,2,3,87234,76,2025,1,0,44.414604,26.196701,0.7907583610649545,0.7471649891383128
61.94,4,9,10,129000,74,1988,1,0,44.4651,26.117449,1.6555067445454428,0.3949754640478306
47.0,2,7,7,115000,79,1997,0,-1,44.41817,26.1606,0.5206606050493752,0.3647647089419271
75.35,3,3,7,121900,76,2026,1,-1,44.411724,26.20594,0.7064640511985484,0.6357576228203352
39.0,1,1,7,74000,76,2025,1,-1,44.41587,26.198025,0.9562658108517822,0.6975175913493733
46.0,2,3,7,84000,76,2026,1,-1,44.41587,26.198025,0.9562658108517822,0.6975175913493733
233.19,5,11,11,290000,76,2025,1,0,44.4126,26.200375,0.7349049197198656,0.6299660599466632
83.92,3,1,3,112500,76,2026,1,0,44.416576,26.20275,1.1987334819060418,0.9568738495677104
78.4,2,0,3,85600,76,2026,1,0,44.416985,26.198282,1.0803479633607964,0.6299341483797296
127.04,3,11,11,161500,76,2025,1,0,44.4126,26.200375,0.7349049197198656,0.6299660599466632
189.75,3,0,3,172200,76,2026,1,0,44.416985,26.198282,1.0803479633607964,0.6299341483797296
32.5,1,8,11,65000,70,2007,1,-1,44.39807,26.145496,1.929255681509476,0.2065767329330827
63.0,2,0,3,275000,71,2020,1,0,44.446217,26.117146,0.6906018883825487,0.274996078980519
43.6,2,3,7,89500,63,2025,1,2,44.362885,26.151506,0.9156287554060252,0.2758366918352632
40.0,1,8,8,75000,12,2019,1,-1,44.40794,25.987772,2.503865821944171,0.5651531318624216
52.0,2,7,7,109500,16,2025,0,0,44.42802,26.09665,0.3445570593363314,0.1968267746415419
78.0,3,3,3,109990,42,2024,0,0,44.38854,26.097294,1.4703396028718014,0.422857232878412
78.0,2,10,22,195000,84,2012,1,0,44.408077,26.122784,0.5713830096234662,0.129590733455273
45.0,2,2,7,95990,10,1965,0,0,44.401047,26.098618,0.4250693120352722,0.0754137254607127
62.0,3,8,10,119450,30,1971,0,0,44.415092,26.028925,0.49409591323274,0.2229644594096193
80.0,3,6,8,227000,25,1996,1,-1,44.423477,26.130787,0.7183596339811361,0.3634123925220646
50.0,2,8,8,161900,61,2026,0,-1,44.480938,26.110106,0.5181199646436957,0.1992567596702934
79.0,3,0,4,176500,88,1989,0,-1,44.416786,26.126375,0.5304225682084538,0.2104902108661068
61.55,2,2,3,84500,76,2026,1,0,44.416576,26.20275,1.1987334819060418,0.9568738495677104
90.0,4,1,8,299999,54,1990,1,0,44.421307,26.118404,0.651359756322286,0.1910292107123301
105.0,4,5,5,399000,35,2011,0,0,44.461254,26.098875,1.088163108414541,0.2011731522720915
31.0,1,7,7,53800,52,2023,1,0,44.437153,25.98773,0.7732528986260889,0.149639262510259
105.55,3,3,4,130165,76,2026,1,0,44.418762,26.204088,1.459785206509334,0.9397064411438116
20.0,1,0,2,61980,20,1941,0,0,44.436142,26.102684,0.0318356974740161,0.0786614073336896
70.97,3,1,10,159000,76,2025,1,1,44.419315,26.199734,1.3626566443346728,0.6231068499090243
64.0,3,3,8,104900,66,1984,1,-1,44.411186,26.06589,1.8139010303608465,0.3132116306029309
42.05,2,0,11,107690,76,2026,1,0,44.408634,26.188599,0.4488036203824405,0.0610167701482598
62.79,2,0,11,124630,76,2026,1,0,44.408634,26.188599,0.4488036203824405,0.0610167701482598
36.29,1,4,10,74000,76,2025,1,1,44.419315,26.199734,1.3626566443346728,0.6231068499090243
95.95,4,2,2,175123,76,2026,1,0,44.41277,26.191763,0.5897225215875054,0.5351192863168143
30.0,1,6,10,80000,29,1979,1,0,44.422665,26.137402,0.222710210358106,0.2241415316733638
95.0,3,6,6,329999,49,2019,1,1,44.43807,26.12336,0.8371836913599379,0.0998548679641919
45.0,2,1,7,91000,60,1963,1,1,44.40797,26.091269,0.5546086610759968,0.0452103067992306
34.0,2,4,7,53500,88,2018,0,-1,44.4095,26.14205,1.204101048136725,0.1936000050748311
207.0,4,11,11,490000,1,2025,1,0,44.42658,26.061428,0.3527910696576091,0.1675175803774738
49.74,2,10,11,119790,76,2026,1,0,44.408634,26.188599,0.4488036203824405,0.0610167701482598
77.0,3,3,8,292000,29,2019,1,-1,44.42342,26.139994,0.2608695103248688,0.2151786743936779
114.0,3,2,5,425000,87,1972,1,1,44.44713,26.08704,0.5794518625185836,0.0227737882115484
139.0,3,0,5,590000,47,2007,0,-1,44.479145,26.08783,0.9865719163798446,0.3974089465256327
28.0,1,1,6,43999,52,2026,1,0,44.438133,25.987902,0.8767145106876544,0.2594171725142471
42.0,2,4,11,80000,70,2012,1,0,44.403034,26.142998,1.5996238728889522,0.0100712012628314
64.0,3,1,11,265000,-1,2020,0,-1,44.47861,26.054073,0.8912488420777684,0.2252814637850119
61.2,2,3,4,125500,81,2021,1,2,44.40239,26.176321,0.8751259535054005,0.8052329985590936
60.9,2,0,4,85900,76,2026,1,1,44.411697,26.205975,0.7028086711056308,0.6330268464326603
46.0,2,1,6,109900,79,2021,1,0,44.41718,26.186993,1.1923397141089982,0.4563084643414172
76.26,3,1,3,228000,42,2018,1,0,44.39436,26.103687,0.6482287075408998,0.5547621224923864
99.0,3,0,7,200000,20,1930,0,-1,44.43757,26.086441,0.5880957440410086,0.0776111481997798
57.87,3,9,10,97990,52,1978,1,0,44.44049,26.016441,0.812361703035628,0.1176307035422202
53.0,3,10,10,74740,42,1977,1,0,44.3914,26.097143,1.250917243775206,0.3166563012838626
76.5,3,1,3,123400,76,2026,1,0,44.41628,26.202694,1.169303056134148,0.968065135299939
125.64,4,2,3,184691,76,2026,1,-1,44.41516,26.20308,1.0903981837711725,0.9683405071618646
67.35,3,0,3,152892,76,2026,1,0,44.418762,26.204088,1.459785206509334,0.9397064411438116
66.0,3,1,2,154990,0,2018,0,0,44.4739,26.051657,0.3335915383539171,0.1110530995032006
102.0,3,0,5,635000,47,2021,0,-1,44.483963,26.09165,0.8673192847063851,0.0420511965079228
37.58,2,1,10,139000,6,1976,1,0,44.452614,26.085846,0.1417899266330395,0.1402072745055566
31.0,1,4,10,72900,79,1971,1,0,44.425068,26.165058,0.1881226917055349,0.0428709124558833
80.0,3,3,7,245000,16,1992,1,-1,44.432274,26.12668,0.933588725850496,0.0771122086615191
64.0,3,4,8,99900,23,1976,0,-1,44.45736,26.05426,0.5186332257204513,0.105848880810202
83.0,4,3,7,278000,5,2018,0,-1,44.48046,26.097778,0.2445312123180399,0.1683069452934983
61.7,3,1,4,114999,79,1968,0,-1,44.41556,26.183716,0.8801069568916123,0.6727147183632212
56.0,2,9,11,228000,61,2020,0,-1,44.48399,26.108734,0.7261139442730065,0.1030710923303188
33.85,1,7,11,124000,52,2018,1,1,44.429825,26.039125,0.6773347077079332,0.2381137905836775
43.0,2,3,10,73850,10,1975,1,-1,44.37998,26.107388,1.866075901675476,0.2418305741506767
52.4,2,6,7,139000,24,2024,0,-1,44.49171,26.06428,2.1180433318897296,0.0716308738119915
39.95,1,0,11,94380,76,2026,1,0,44.408634,26.188599,0.4488036203824405,0.0610167701482598
63.36,1,0,11,113740,76,2026,1,0,44.408634,26.188599,0.4488036203824405,0.0610167701482598
44.49,1,10,11,101640,76,2026,1,0,44.408634,26.188599,0.4488036203824405,0.0610167701482598
31.0,1,2,8,63000,52,1980,1,0,44.435066,26.026222,0.4020679512533257,0.1341567497369462
37.0,2,10,10,64999,10,1974,0,-1,44.38399,26.100548,1.7740109891770577,0.1109958436683938
80.0,3,1,7,295000,74,2020,0,-1,44.470394,26.112036,1.2007799113192614,0.2255518845344201
70.0,2,10,10,194900,88,2009,0,-1,44.41309,26.127935,0.1240415560093883,0.1034953376311023
63.7,3,4,4,119900,10,1978,0,0,44.385265,26.109858,1.3063001476468663,0.0674398962176519
80.0,4,1,4,124000,10,1970,0,0,44.38105,26.110064,1.641543282640522,0.0039502445126263
67.0,3,4,10,121000,79,1969,1,-1,44.416718,26.151243,0.8794393939603257,0.1234527622460271
70.0,3,4,7,110000,52,1997,0,-1,44.4429,26.01849,1.00668173959304,0.1069379365573746
58.0,3,4,11,184900,6,1979,1,-1,44.460342,26.075407,1.087834062632275,0.1931681509283103
37.98,1,4,11,96800,76,2026,1,0,44.408634,26.188599,0.4488036203824405,0.0610167701482598
73.1,3,0,7,129000,56,2021,1,-1,44.412495,26.18784,0.7264137125485627,0.47779851180452
42.0,2,3,4,104900,52,2013,1,0,44.43709,26.014753,0.6215885109561645,0.1425717930641444
90.0,4,7,7,295000,88,1989,1,-1,44.417477,26.127634,0.6024080486391638,0.087400238930247
54.0,2,8,10,116000,29,1984,1,-1,44.417545,26.135607,0.4920698066280085,0.0706456779512581
30.0,1,1,3,49480,52,2025,1,0,44.436375,25.9871,0.7045484103150533,0.0663780612769699
50.0,2,6,10,106000,79,1969,1,-1,44.41447,26.15085,0.842220106699567,0.1684807200410736
69.0,3,7,8,145000,58,1982,0,-1,44.438717,26.158392,0.9497223572382938,0.0710424186294624
36.83,2,1,4,68000,32,1933,1,1,44.442135,26.106571,0.7597774713895268,0.2346433006819902
76.0,3,1,2,252000,23,2026,0,0,44.451385,26.047318,0.0598065480430825,0.0387459412815422
75.3,3,3,4,116900,76,2026,1,1,44.411697,26.205975,0.7028086711056308,0.6330268464326603
97.0,4,5,10,187000,58,1984,1,3,44.438198,26.158213,0.9432149565623827,0.0367443381731983
62.0,3,3,7,114900,30,1973,1,-1,44.42134,26.034485,0.1199731891991059,0.1105686517188026
86.0,3,4,7,229000,8,1983,1,-1,44.505238,26.073437,3.51043850264106,0.734469924001223
53.49,2,4,5,85600,76,2023,1,0,44.40224,26.177395,0.901924975448336,0.8489264976052463
65.0,3,3,3,245000,16,1946,0,3,44.425537,26.09459,0.5844202176300729,0.1861609618105963
32.0,1,1,8,52400,52,2016,1,1,44.43756,25.98773,0.8172783576387672,0.1944370404945843
82.0,4,7,8,200000,78,1982,1,-1,44.40953,26.116867,0.8425078846346421,0.0625482782937129
73.0,3,11,11,227000,43,1979,1,-1,44.452312,26.080029,0.3420127707873378,0.0378315468636016
65.0,3,7,10,156000,79,1984,1,-1,44.427082,26.164913,0.2893677423148494,0.1991497413848735
30.0,1,6,10,74700,29,1970,1,-1,44.421555,26.139488,0.0508177030665092,0.2135961261788787
112.0,4,2,7,395000,61,2017,1,0,44.47398,26.1116,0.8454434379785548,0.2709702063127819
54.24,2,2,11,103100,79,2024,1,0,44.41939,26.18013,1.0816062973328382,0.3369987053719792
36.0,1,7,7,128000,52,2018,0,-1,44.4429,26.01849,1.00668173959304,0.1069379365573746
86.0,4,4,10,165000,79,1968,0,1,44.414318,26.162825,0.1457022782230497,0.1312414389445497
229.22,4,10,11,361790,76,2026,1,0,44.408634,26.188599,0.4488036203824405,0.0610167701482598
182.03,3,10,11,296450,76,2026,1,0,44.408634,26.188599,0.4488036203824405,0.0610167701482598
50.0,2,2,7,160000,59,2018,0,-1,44.446644,26.1,0.2143722673006955,0.0713195482257888
52.0,2,7,7,179900,25,2016,1,-1,44.424103,26.127697,0.9726034234569852,0.1869590486901435
44.21,2,1,9,100000,52,1977,1,0,44.434288,26.011763,0.6822144430795057,0.0268516586251385
70.0,3,5,10,154000,79,1976,0,-1,44.41169,26.17093,0.3981844063866396,0.1752939484989029
66.0,3,6,7,120000,10,2018,0,0,44.385006,26.115435,1.03768901141184,0.0738039671357297
34.0,1,2,4,62900,30,1974,0,-1,44.424835,26.016666,0.4816486881393288,0.156559828385364
72.0,3,9,10,74900,66,1977,0,-1,44.40148,26.052572,2.578250707737985,0.1837346237612412
36.1,2,8,10,160000,61,2025,1,0,44.477077,26.115807,0.4063222122004586,0.1336253736435486
52.0,2,5,8,120000,12,2018,1,1,44.41701,26.002035,1.0230927499720897,0.1132213440922398
36.1,2,8,10,165000,61,2025,1,0,44.477077,26.115807,0.4063222122004586,0.1336253736435486
62.3,3,2,10,125000,58,1977,1,0,44.442177,26.133896,0.1508355630244131,0.1344428725881999
70.0,3,5,10,345000,61,2025,1,0,44.47633,26.11468,0.5081890587323062,0.255008228187806
84.0,3,5,7,133999,48,2018,1,1,44.3683,26.1141,2.105772627327363,0.0301266674394779
63.0,2,2,7,100499,48,2018,1,1,44.3683,26.1141,2.105772627327363,0.0301266674394779
56.0,3,1,7,198000,53,1948,0,1,44.443897,26.124823,0.6731561582996027,0.2890873942981261
28.0,1,0,2,98999,20,1940,0,0,44.43813,26.086477,0.6422873535433824,0.0600413038904058
60.9,2,3,7,94400,76,2024,0,-1,44.411736,26.206163,0.703027087546156,0.6389313045374114
39.0,2,10,10,74990,30,1975,1,-1,44.416325,26.01787,0.3992096146710747,0.1672903551755689
49.0,2,3,4,110000,42,1975,0,1,44.38332,26.097334,1.9515526717385028,0.3688604362516853
65.0,2,11,11,175000,52,2024,1,1,44.42888,26.041042,0.6106911829323624,0.1040628123959746
45.0,1,3,3,113000,61,2024,0,0,44.486237,26.11188,0.7232454618610025,0.1263784460800554
70.0,3,2,10,149000,52,1978,1,0,44.43382,26.026707,0.426325186680443,0.1125991342721465
46.0,2,3,7,99999,10,1965,0,0,44.389206,26.118074,0.5343605479159735,0.1110632678401568
74.26,3,0,11,165770,76,2026,1,0,44.408634,26.188599,0.4488036203824405,0.0610167701482598
128.21,3,0,11,209330,76,2026,1,0,44.408634,26.188599,0.4488036203824405,0.0610167701482598
121.52,3,0,11,204490,76,2026,1,0,44.408634,26.188599,0.4488036203824405,0.0610167701482598
86.15,3,9,11,180290,76,2026,1,0,44.408634,26.188599,0.4488036203824405,0.0610167701482598
147.0,5,2,2,258000,37,2009,0,0,44.45761,26.155403,2.5626090978300744,0.5709424471181035
37.0,1,0,8,125000,16,1994,1,0,44.428745,26.131495,0.6904469590501671,0.0913023395392607
22.0,1,4,6,65000,20,1938,1,1,44.436176,26.102335,0.0492565149802619,0.0529934846221971
51.93,2,1,7,145000,27,1961,1,0,44.464573,26.074991,0.9259094201443212,0.3280187204252869
70.0,3,7,8,145000,58,1982,1,-1,44.43741,26.1585,0.8972562500393029,0.0623856666353562
57.0,2,1,7,82500,48,2018,1,0,44.3686,26.11423,2.0776886965422783,0.057551926886454
39.0,1,1,7,67500,48,2018,1,1,44.37433,26.126236,0.9323087224301464,0.3463490690619495
52.0,2,2,7,95000,48,2018,0,1,44.366707,26.119429,1.9125064398747944,0.0685411056541669
39.6,2,4,4,132000,35,1960,0,1,44.462044,26.103922,1.0400012151982732,0.2026818099017066
67.17,1,0,7,77308,76,2022,1,-1,44.413555,26.205711,0.9079197286179774,0.837668860204001
61.0,2,2,5,86350,48,2026,1,0,44.371216,26.11521,1.8532811403260103,0.0197958318809093
79.0,3,2,2,339000,77,2026,1,0,44.418556,26.106544,0.4475689970121227,0.3236731347353074
67.0,3,0,10,169000,53,1977,0,0,44.442886,26.119232,0.8741013550362312,0.1211542193925278
28.0,1,2,4,60000,14,1924,0,2,44.420025,26.100859,0.6590563598395152,0.2492305026593619
184.0,4,0,3,798000,4,2023,0,-1,44.439278,26.111027,0.757324725736225,0.2096202487841713
50.0,2,3,4,101990,48,2019,0,-1,44.37016,26.114878,1.9371166662154464,0.1014842211886005
30.03,1,11,11,73000,79,2009,0,0,44.422493,26.180235,1.3958605485317237,0.1735227520268678
69.0,3,5,8,108990,66,1985,0,3,44.41149,26.064035,1.7297586128344593,0.2853256398797549
55.1,2,0,7,94350,10,2024,1,0,44.37747,26.102596,2.326435008428479,0.0460520798914708
97.0,4,2,8,337000,83,1987,0,0,44.424873,26.083626,1.0268447272823105,0.0434655486975616
51.0,2,0,7,88400,65,2024,1,0,44.377163,26.102596,2.3518007947152664,0.0597880692386562
48.1,2,4,4,144900,8,1982,0,1,44.492256,26.08331,1.9822511827147904,0.1879932999135767
72.3,3,2,11,131000,-1,2025,1,0,44.42858,26.193682,0.8976536090467223,0.3423106716499328
37.0,2,4,4,59889,42,1976,0,-1,44.387787,26.09968,1.428095528023373,0.378467009369862
65.0,3,4,4,105000,79,1969,0,0,44.413628,26.182455,0.6678696257500442,0.4969467266928272
56.17,2,2,7,81447,76,2025,0,-1,44.419636,26.199886,1.4003351379526097,0.6091648691817647
52.0,2,7,10,75000,10,1970,1,-1,44.377247,26.119823,1.2628442098447088,0.0582716898809207
51.5,2,1,8,120000,21,1978,1,0,44.46713,26.145594,2.561743785877739,0.0516493391683508
74.83,2,0,7,97672,76,2026,0,-1,44.419636,26.199886,1.4003351379526097,0.6091648691817647
56.17,2,2,7,81447,76,2025,1,-1,44.41987,26.199936,1.4262269579264204,0.5964044329251427
53.21,2,10,11,121000,76,2026,1,0,44.408634,26.188599,0.4488036203824405,0.0610167701482598
60.0,2,2,4,190000,74,2018,1,-1,44.45596,26.117115,0.8710502691818118,0.3937133596526076
73.18,3,2,4,128000,66,1987,0,0,44.40712,26.070028,2.103680586796269,0.3459971931048178
31.0,1,9,10,61990,79,1968,1,0,44.419605,26.169802,0.8255610634548725,0.2838998758324222
63.2,2,0,7,91640,76,2025,1,-1,44.41987,26.199936,1.4262269579264204,0.5964044329251427
15.0,1,4,7,20000,79,1970,0,-1,44.42503,26.179123,1.1695451688434568,0.1098040997578665
95.0,3,5,8,360000,47,2009,0,-1,44.484577,26.090054,1.009415629077954,0.1808945416747089
66.0,3,5,5,132900,63,2020,1,-1,44.36204,26.15102,0.9626240568017884,0.1891131934263884
104.0,3,2,6,598999,35,2018,0,-1,44.470524,26.106314,1.073640587154148,0.1739720850179989
52.36,2,1,7,91626,76,2025,1,-1,44.41987,26.199936,1.4262269579264204,0.5964044329251427
77.0,3,6,10,277000,74,2018,0,1,44.465816,26.108797,1.4696571732631487,0.1666301406427185
38.0,2,3,4,63500,52,2016,0,0,44.43774,26.017382,0.514666956033878,0.2179837448345945
58.0,3,5,7,129900,79,1976,1,-1,44.413704,26.164135,0.2205673321326426,0.068516805415607
91.73,3,2,7,140000,76,2022,0,-1,44.402836,26.18262,0.9981704568871076,0.713022258157832
92.0,4,10,11,174500,85,1978,1,2,44.441193,26.133678,0.0531763965435006,0.0639534287362976
73.0,3,0,7,129000,56,2020,1,-1,44.412495,26.18784,0.7264137125485627,0.47779851180452
48.0,2,6,8,175000,5,2020,0,0,44.48336,26.101479,0.4767376839567032,0.2530532049047035
51.0,2,1,7,78500,48,2027,1,2,44.3613,26.14919,0.9541617173642436,0.0220319738861689
89.0,4,1,8,124700,66,1985,1,0,44.407787,26.075804,1.6654069600094743,0.0306230182194561
37.0,1,8,10,86000,74,1986,1,0,44.4629,26.122269,1.4496616284418469,0.1369640947738596
90.0,4,1,8,124899,66,1985,1,0,44.407787,26.075804,1.6654069600094743,0.0306230182194561
53.0,2,0,5,134999,12,2017,1,1,44.41769,26.00159,1.0244163903583965,0.0904519590771229
34.0,1,1,4,88000,29,1982,0,-1,44.418888,26.1424,0.3556510488278382,0.1627061195015753
188.0,4,2,5,1750000,64,2005,1,0,44.472233,26.093863,0.8974403848683342,0.4203327984841569
61.58,3,10,10,110000,51,1970,0,1,44.47658,26.161629,3.5994539340504503,0.1950295486202368
93.0,2,6,7,265000,83,2018,0,-1,44.42156,26.082354,1.4004872921872158,0.3664933410366333
50.0,3,0,10,84980,79,1975,0,0,44.413548,26.168386,0.557271040027081,0.1711117988231497
60.0,2,8,15,128000,70,2007,0,-1,44.39872,26.143375,1.7935317410069642,0.0762853759261198
81.0,4,1,4,128500,10,1974,0,2,44.384766,26.10664,1.54115455204338,0.2621022619535205
79.0,2,1,9,125000,3,2026,1,1,44.367634,26.13396,0.7847942918957485,0.0678844690809218
53.0,2,0,3,103600,3,2015,0,1,44.37562,26.14137,0.64976098343823,0.2708078401153791
38.0,2,4,4,58990,10,1973,0,0,44.379555,26.104042,2.078812337070937,0.2786727740573349
55.0,2,2,6,130000,56,2021,0,0,44.412586,26.187872,0.7320922099543646,0.4870862058862774
61.0,2,8,8,139999,76,2023,0,0,44.41605,26.193666,0.9249187792199388,0.5032160975780438
87.0,2,10,11,157000,76,2025,0,0,44.41531,26.19741,0.8818729582190303,0.7131760175574318
68.0,3,8,10,142999,30,1984,1,0,44.41802,26.019444,0.2211693684775599,0.1563990635394473
44.0,2,6,6,115000,48,2022,0,0,44.367916,26.120216,1.770862349032181,0.080433019454769
36.0,2,0,10,80999,10,1974,0,0,44.379036,26.109165,1.8658254200789417,0.1855931251755038
85.0,3,2,7,268999,16,1990,1,0,44.42618,26.118097,1.12078592136516,0.083416471042696
30.0,1,8,9,60000,20,1965,0,0,44.436142,26.102684,0.0318356974740161,0.0786614073336896
50.0,2,3,7,155000,17,1940,0,-1,44.430164,26.097054,0.3850792553282477,0.0522530759287433
57.0,2,8,8,108500,67,2018,1,0,44.44174,25.985687,1.3077538053691926,0.2643392311127804
48.6,2,7,7,88999,0,1964,1,0,44.47011,26.055708,0.4421151898698098,0.2016065498161981
79.0,2,1,9,125000,48,2026,1,3,44.36702,26.12301,1.6556092553723358,0.2577818669090948
68.0,3,4,4,115000,10,1967,0,1,44.39117,26.1262,0.367658652770901,0.0824694962641657
59.0,2,2,4,122000,81,2023,1,2,44.403736,26.17673,0.7295343274784416,0.6913911162585161
37.0,2,1,4,77999,10,1975,0,0,44.382183,26.10885,1.6043918745246504,0.1549808176386384
71.0,3,8,10,119900,79,1970,1,-1,44.42688,26.16359,0.218822883084772,0.1321067209261985
37.15,2,2,10,59500,42,1973,1,-1,44.378708,26.094866,2.496797569786723,0.0219366445581664
50.0,2,4,7,134500,77,2018,0,-1,44.41944,26.104504,0.5205592399605669,0.1531187286374855
64.0,2,4,7,148000,12,2018,1,0,44.4161,26.0012,1.129221080609173,0.133787613182067
35.0,2,10,10,61000,10,2018,1,0,44.37987,26.128065,0.5814657556080464,0.0821097302747396
58.3,3,8,10,119500,30,1972,1,-1,44.41541,26.028608,0.4619102335148391,0.2517651530221969
42.0,2,5,7,124000,20,2018,1,-1,44.4386,26.0921,0.6538368133738424,0.2162066075922507
68.0,3,4,4,115000,10,1967,0,0,44.37877,26.11518,1.6072479969378468,0.2466109528430593
52.0,2,8,8,120000,55,1982,0,-1,44.44858,26.122307,0.2079546675718828,0.1589600620482549
74.0,3,1,6,280000,71,2026,1,-1,44.446064,26.120054,0.537560499772071,0.2393805809926307
124.33,4,1,7,209000,76,2024,1,-1,44.419464,26.19973,1.3782160529937055,0.6118997373955094
59.0,2,4,7,113000,48,2018,1,1,44.372406,26.114487,1.8420478332335035,0.1571553453105025
36.0,1,3,3,85000,81,2013,0,-1,44.404064,26.17596,0.6875461762429248,0.6704157147335404
44.0,2,6,6,80000,3,2026,1,0,44.375942,26.132181,0.478350934271435,0.0142651350504586
66.55,3,0,10,95500,21,1975,1,-1,44.466846,26.139135,2.226696658793088,0.0317731953551356
63.0,3,1,7,119000,10,2018,0,0,44.385162,26.109043,1.363205938980315,0.0901552975569229
58.0,3,3,7,97000,10,2018,0,1,44.3926,26.1167,0.4463738365991936,0.3184727176572626
33.0,2,10,10,61000,10,2018,1,0,44.37987,26.128065,0.5814657556080464,0.0821097302747396
36.0,2,0,7,63000,10,2018,0,0,44.3812,26.1043,1.936768955855144,0.4418993117057742
54.0,2,1,7,89800,10,2018,0,0,44.3832,26.1197,1.1031789064985735,0.2759665877557923
52.0,2,9,9,73500,10,2018,1,0,44.3836,26.1179,1.0963894361580582,0.2563412128857613
78.0,3,7,8,185000,1,1988,1,3,44.420155,26.066338,1.001826752887416,0.0216510448037604
53.0,2,4,7,103000,0,1967,1,-1,44.46895,26.05731,0.6038936956741081,0.0648499006791888
61.0,3,4,4,109000,79,1968,0,0,44.424145,26.16129,0.1477390136070619,0.1229492892400603
54.0,2,2,3,105800,48,2022,0,-1,44.369175,26.142872,0.069380728880412,0.1454052168895979
46.0,2,0,4,92800,30,1964,1,-1,44.42496,26.03457,0.3387672694813658,0.2624746051909821
34.62,1,10,10,144900,72,1990,1,0,44.43807,26.077715,0.3785082844237414,0.1072825453881577
50.0,2,2,3,68900,33,2025,0,0,44.39794,26.084936,1.1558241116111183,0.0475125255052889
65.0,3,5,5,80000,88,1976,0,-1,44.417225,26.121859,0.6769867820688655,0.4402171881914024
33.0,2,-1,5,55000,63,2013,1,0,44.36396,26.147924,0.6469282894209653,0.3156077307101058
49.0,2,1,3,67000,33,2025,0,0,44.39794,26.084936,1.1558241116111183,0.0475125255052889
36.0,1,7,11,128000,16,2018,1,-1,44.42802,26.09665,0.3445570593363314,0.1968267746415419
54.0,2,2,5,119000,3,2018,1,0,44.36964,26.12781,1.2590625102180275,0.1827798964124564
50.0,2,1,3,69700,33,2025,0,0,44.39794,26.084936,1.1558241116111183,0.0475125255052889
41.0,1,1,3,56920,33,2025,0,0,44.39794,26.084936,1.1558241116111183,0.0475125255052889
64.0,3,7,7,139900,69,1984,0,-1,44.40831,26.164627,0.6344660441001055,0.1942306485803338
57.0,2,2,10,107000,10,1981,1,0,44.390293,26.124748,0.3534860789781764,0.1815057350871909
60.0,3,8,8,155000,79,1964,0,-1,44.428734,26.149752,0.990861482389096,0.3272963421878609
55.0,2,1,10,144900,74,1964,0,-1,44.452347,26.12111,0.3596038490766646,0.1462891516575906
154.0,4,4,4,720000,35,2018,0,-1,44.4646,26.100298,1.1120665995375711,0.1893275589847114
52.0,2,9,10,94850,29,1973,1,-1,44.42478,26.147188,0.7511501852695724,0.2345833973878097
39.0,2,10,10,73500,30,1975,1,-1,44.416294,26.0191,0.3014603098079204,0.1774305245673184
89.0,4,6,10,175000,10,1982,1,0,44.388943,26.131979,0.888801339698553,0.0380504474792735
50.0,2,0,4,113000,30,1972,0,-1,44.42052,26.01324,0.0707357273168183,0.0805099694079584
149.0,4,2,9,850000,61,2023,1,-1,44.476765,26.114779,0.459776995161413,0.2196921868155845
80.0,3,2,3,135000,49,1940,0,0,44.438618,26.122421,0.8868962712241425,0.0912831999235253
51.0,2,6,10,125000,58,1969,0,0,44.44311,26.13172,0.2649265947962312,0.1494166949332083
59.0,2,1,4,230000,25,2010,1,0,44.421383,26.130438,0.6979620991802359,0.4032852947695659
37.0,2,4,4,55000,10,1971,0,-1,44.37882,26.10354,2.165382651352549,0.1894616188858071
97.0,4,1,8,185000,48,2023,1,0,44.376534,26.107452,2.1730203397140366,0.084477424289155
77.0,3,2,4,220000,20,2025,0,0,44.436142,26.102684,0.0318356974740161,0.0786614073336896
50.3,2,1,3,69700,33,2025,0,0,44.39794,26.084936,1.1558241116111183,0.0475125255052889
46.0,2,0,7,91999,30,1964,0,3,44.42496,26.03457,0.3387672694813658,0.2624746051909821
140.0,5,4,5,220000,80,1945,1,-1,44.436462,26.109745,0.5574671312713065,0.0630746502159192
84.0,3,1,4,205000,10,1986,0,-1,44.38985,26.133598,0.9616785749120093,0.129248374078653
107.0,4,0,3,290000,32,1940,0,-1,44.437412,26.109392,0.5529528123725904,0.0797652787163351
42.0,2,6,7,82000,52,1997,0,-1,44.432976,26.027245,0.4838944962214817,0.1826254480596998
74.31,3,7,10,125000,52,1979,0,0,44.43216,26.009802,0.5658491691035588,0.2783094415274389
26.0,1,4,7,70000,52,1997,0,-1,44.4429,26.01849,1.00668173959304,0.1069379365573746
70.0,3,0,2,220000,81,2018,0,0,44.402737,26.1735,0.8493724813340453,0.7126755643265101
38.0,2,3,4,39000,60,1972,0,-1,44.416832,26.08356,1.6924025233968754,0.071063029214688
76.4,3,1,3,446585,5,2025,1,-1,44.478516,26.095228,0.4060133847194843,0.2229280560897253
93.0,3,3,3,508490,5,2025,1,-1,44.478516,26.095228,0.4060133847194843,0.2229280560897253
266.0,3,9,9,195900,52,2020,1,0,44.435566,25.977953,1.119166661573437,0.1722545662518265
64.31,2,1,10,91400,66,2025,1,2,44.390057,26.060106,3.2888422950818392,0.1467791770719558
55.73,2,4,8,86500,3,2024,1,2,44.36876,26.129395,1.1346704961585403,0.2233316121300458
96.25,3,1,9,129900,66,2025,1,2,44.390057,26.060106,3.2888422950818392,0.1467791770719558
95.0,4,6,6,216200,-1,2024,1,2,44.49664,26.002123,1.9283885203956117,0.992259663298334
63.0,3,5,6,104900,66,2014,1,1,44.400436,26.071001,2.0555058907118875,0.029031729368853
39.0,1,6,6,65000,48,2025,1,0,44.368534,26.12119,1.667858298834167,0.1816399582346971
35.0,2,0,10,138000,87,1975,1,2,44.45073,26.08514,0.152111057647913,0.0976899455637645
64.87,3,9,10,175300,29,1988,1,0,44.41963,26.139338,0.1681656592854651,0.0889188348180495
95.0,2,5,6,115900,56,2008,1,-1,44.407295,26.177458,0.361984877221092,0.2923611702286344
79.0,3,2,7,110000,48,2018,1,1,44.371815,26.11401,1.9051951041527675,0.1200709543943605
50.0,1,2,7,71000,48,2018,1,1,44.371815,26.11401,1.9051951041527675,0.1200709543943605
56.0,3,0,7,118000,63,2018,0,-1,44.37774,26.149591,1.0879767694052431,0.7296465955089747
51.62,2,10,10,100000,66,1985,0,0,44.412518,26.061357,1.5615433024004142,0.1270801618601734
63.0,2,0,8,150000,1,1990,0,3,44.425655,26.068462,0.6403746629967716,0.0699579220282454
29.0,1,4,7,70000,-1,2018,0,-1,44.47991,26.06407,1.4704452227329567,0.1015703933461899
70.0,3,3,8,200000,1,1990,1,0,44.424725,26.074774,1.1079735722782391,0.1189097635568594
26.0,2,3,4,40500,31,1975,0,3,44.451843,26.14828,1.7087309228431726,0.1638975387743176
62.0,3,5,10,134990,30,1970,1,-1,44.423656,26.025257,0.0676915525516895,0.0352027174692188
53.0,2,9,10,117990,30,1975,1,-1,44.420895,26.029009,0.3601803826449693,0.1901235980566244
62.0,3,4,8,103000,58,1978,1,-1,44.43795,26.15974,0.8195460213122355,0.0946639837111093
96.0,3,8,8,199000,-1,2018,0,-1,44.45961,26.14911,2.256722514714103,0.4626561035745453
92.47,3,2,10,119900,66,2025,1,2,44.390057,26.060106,3.2888422950818392,0.1467791770719558
77.69,3,0,8,120500,3,2024,1,2,44.36876,26.129395,1.1346704961585403,0.2233316121300458
61.0,3,4,10,165000,78,1977,1,1,44.41215,26.10851,0.4210140402741015,0.1974049034871556
76.0,4,5,10,185000,23,1980,1,1,44.45342,26.04976,0.2388999170857291,0.1249136228274249
57.0,2,6,9,110000,79,1976,1,-1,44.41678,26.1576,0.4701733716547914,0.3437101177805454
46.6,2,0,7,105500,76,2023,1,-1,44.41239,26.194578,0.5186242512517483,0.5380852771219738
84.0,3,1,5,127000,3,2026,1,2,44.370926,26.128403,1.1112305956663688,0.0562441962077598
50.0,2,4,6,79500,48,2022,1,1,44.361294,26.149218,0.9557795408240684,0.023815506924574
58.0,2,7,7,114000,48,2021,1,1,44.36118,26.149061,0.9614126601647386,0.0104924247570455
67.0,2,5,7,98700,3,2025,1,1,44.3761,26.138962,0.4817160691963676,0.0977007653867181
70.0,2,5,10,131999,21,1976,0,0,44.466423,26.13776,2.1296169477587235,0.0392434077953847
83.0,4,3,4,149000,10,1977,0,0,44.3836,26.106812,1.610600977634266,0.2747912895429412
98.06,3,5,7,124000,76,2025,1,-1,44.412933,26.200464,0.7671896416286593,0.6676058867099006
30.0,1,9,10,60800,79,1975,1,0,44.419075,26.167673,0.770450219931087,0.275311952298124
66.0,2,7,7,95000,80,2018,1,1,44.436783,26.10926,0.5250277678603809,0.0735155852560532
64.0,3,8,10,115000,58,1974,1,3,44.44291,26.165295,0.885628614892322,0.0595772027256497
61.71,1,0,12,122210,76,2026,0,0,44.4091,26.208735,0.3875600533742772,0.4412660633349968
50.0,2,7,10,114900,74,1975,1,0,44.460373,26.115831,1.1639393063875014,0.1813633468883319
56.17,2,1,11,249500,52,2022,1,-1,44.43599,26.049911,0.4233136479471117,0.183817951317507
24.0,1,3,7,74900,58,1980,0,-1,44.44532,26.144342,1.016065330725206,0.149155175709078
69.11,2,0,12,136730,76,2026,1,0,44.4091,26.208735,0.3875600533742772,0.4412660633349968
84.0,3,5,5,269000,8,2025,0,0,44.4901,26.092367,1.3682488485237254,0.4443586270213645
79.7,3,10,10,245000,22,2024,1,-1,44.431023,26.070559,0.5990635798267478,0.1672672550775477
79.7,3,10,10,245000,1,2024,1,-1,44.423363,26.063778,0.6246299888567745,0.2881967933807366
79.7,3,10,10,245000,1,2024,1,-1,44.426117,26.067766,0.5649254467350118,0.0648733724756151
53.0,2,6,11,210000,61,2024,1,0,44.478027,26.107353,0.576318027598617,0.2601274954896195
55.0,2,7,11,174000,61,2026,1,-1,44.482777,26.112013,0.433770059125862,0.220419507041914
65.0,3,5,10,120000,85,1963,1,2,44.441086,26.133587,0.0412916145191985,0.0687015446468764
31.0,1,2,10,64000,30,1970,1,1,44.41903,26.04201,0.4917011265520938,0.0550580454216751
75.0,3,3,3,315000,62,2015,0,-1,44.467842,26.131166,1.8357192165923992,0.3000054458874646
45.96,2,7,7,119000,0,1968,1,0,44.47016,26.053843,0.2986038474258286,0.1656310661495218
115.0,2,3,4,650000,71,2022,1,0,44.4477,26.117867,0.5548506851232179,0.204398454069472
55.0,2,1,10,97000,52,1980,1,-1,44.435516,26.027935,0.4701665108665666,0.145330399859513
41.0,1,1,7,120000,24,2023,0,3,44.48758,26.063173,1.8565678816849187,0.213562086975421
47.49,2,6,9,175000,89,2024,1,0,44.487885,26.116089,0.8018513428750628,0.1336013328589496
75.85,3,2,7,115702,76,2025,1,-1,44.414066,26.203299,1.01394473085887,0.864662710448585
42.06,2,0,8,105000,23,1976,0,0,44.458412,26.053091,0.4985439662631811,0.0750723972578549
135.52,3,11,12,256520,76,2026,1,0,44.4091,26.208735,0.3875600533742772,0.4412660633349968
83.29,3,10,12,200860,76,2026,1,0,44.4091,26.208735,0.3875600533742772,0.4412660633349968
64.7,3,11,11,85000,56,1970,1,2,44.413612,26.180292,0.5336307801454799,0.446142295216425
88.0,4,1,2,310000,80,1933,0,0,44.434074,26.113932,0.907984773176052,0.1319782506368338
96.61,3,1,2,200000,16,1929,0,0,44.432785,26.117754,1.2376630932059245,0.1247704270039651
58.0,2,0,2,150000,19,2018,0,-1,44.485744,26.016033,1.5874230506536495,0.211826997727105
155.0,4,1,5,630000,47,2026,1,3,44.48205,26.08894,0.9541841677309052,0.3352888642462004
69.0,2,3,9,245000,16,1987,1,-1,44.424374,26.108875,0.7533528537763398,0.1998774034297539
75.0,3,1,3,160900,76,2019,0,-1,44.412292,26.193895,0.5066642636622801,0.5117110993196775
251.0,4,11,11,363000,40,2022,0,0,44.46369,26.037645,1.2961200520386778,0.1561844186252707
84.41,3,9,12,208120,76,2026,1,0,44.4091,26.208735,0.3875600533742772,0.4412660633349968
145.0,3,10,17,400000,84,2009,0,-1,44.407967,26.122454,0.5975433704336599,0.1111340720384881
145.0,3,11,17,400000,88,2009,0,-1,44.40933,26.122585,0.4837313814673493,0.035659638935153
51.08,2,1,3,135000,58,2018,0,-1,44.436104,26.15571,1.095951985713969,0.3063053999652972
43.0,2,-1,5,78000,52,2014,0,1,44.434376,26.01068,0.5968449148367865,0.1133299895521927
52.0,2,2,5,77000,52,2026,1,1,44.43774,26.017382,0.514666956033878,0.2179837448345945
67.1,3,1,4,123900,48,2025,1,0,44.357635,26.118607,2.354431308563586,0.6633686833920853
48.0,2,3,9,188900,87,1962,0,-1,44.440964,26.095167,0.5695051592292164,0.1441904201978066
86.0,4,1,8,214000,23,1980,1,-1,44.45494,26.039555,0.7342438866092377,0.3047402298739295
53.0,2,3,10,113000,52,1977,0,-1,44.434513,26.033613,0.0061630611950721,0.0181324655517848
34.0,2,9,10,69999,10,1971,0,0,44.381653,26.126759,0.7218335225265388,0.1581003766965312
58.0,3,7,7,123000,49,1962,1,0,44.439114,26.134102,0.2181781818152261,0.2141513789893618
53.0,2,7,8,75000,42,1963,0,6,44.392654,26.094807,1.3194252491677372,0.0846031618490692
60.0,2,3,7,150000,52,2018,1,1,44.435272,26.05417,0.0842772199226315,0.1013137591954707
97.1,3,3,6,177000,48,2026,1,0,44.368782,26.12087,1.665137829349592,0.1898436640343457
56.0,2,1,11,249500,52,2022,1,-1,44.435272,26.05001,0.3969651121121511,0.1048785662284244
65.0,3,6,7,159000,58,1983,1,0,44.438873,26.157469,1.024244710455772,0.0754483493956744
46.0,3,3,4,78000,10,1975,0,0,44.393345,26.110023,0.6036350849196019,0.1481798888496781
77.1,2,9,12,154880,76,2026,1,0,44.4091,26.208735,0.3875600533742772,0.4412660633349968
51.25,2,0,3,130000,37,2017,0,0,44.466347,26.166618,3.434268800503574,0.1797644912698059
51.0,2,0,8,137000,21,2023,0,1,44.46582,26.142643,2.298507115639176,0.271988535482742
49.26,2,9,12,134310,76,2026,1,0,44.4091,26.208735,0.3875600533742772,0.4412660633349968
50.0,2,1,6,106000,48,2025,1,2,44.3613,26.14919,0.9541617173642436,0.0220319738861689
35.0,2,5,6,89900,48,2025,1,2,44.361332,26.149319,0.9557803093084548,0.0328478206104078
35.0,2,0,7,65000,10,2018,1,0,44.38206,26.128374,0.6201939769506682,0.243321837958529
80.0,3,2,9,233000,54,2000,1,2,44.421913,26.117641,0.6732836358476889,0.1817569702253115
53.0,2,3,8,113000,52,1975,1,-1,44.433903,26.032526,0.1151023558670895,0.1107535225586377
62.0,3,5,9,274700,49,2010,0,-1,44.43336,26.127506,0.8731074724473468,0.0397778186655097
70.0,3,2,3,241900,20,1960,0,-1,44.438133,26.084984,0.7019418913318669,0.0888463882116763
50.0,2,3,11,112990,52,1975,1,-1,44.433846,26.030914,0.2328056498743798,0.0386326422023845
43.01,1,3,12,110110,76,2026,1,0,44.4091,26.208735,0.3875600533742772,0.4412660633349968
38.0,2,8,8,69000,10,2018,0,-1,44.3857,26.1206,0.8169241768630047,0.1656439675877814
36.0,2,0,7,63000,10,2018,0,-1,44.381424,26.103903,1.943668798498948,0.405022415848257
52.0,2,2,7,96000,48,2018,0,1,44.366707,26.119429,1.9125064398747944,0.0685411056541669
36.0,1,3,6,73000,48,2026,1,0,44.36858,26.113493,2.126621484315055,0.0865052595264126
60.0,3,6,8,108700,81,1976,0,-1,44.408077,26.173468,0.2901394853654127,0.3299459172550823
49.0,2,7,11,199000,1,2025,0,-1,44.426888,26.063145,0.30804660317203,0.2071273961606362
76.0,3,2,3,144900,19,2013,1,1,44.47915,26.03329,0.7106427302008774,0.1870393804886122
56.58,2,4,5,145000,89,2021,1,1,44.512627,26.103691,3.697118941287252,0.3078501435552814
86.0,3,0,4,179400,52,1986,0,-1,44.43357,25.99909,0.3287140123371656,0.1014200297704607
72.0,3,9,9,138000,52,1977,1,0,44.43398,26.039862,0.4937168843949281,0.200867541991864
88.0,3,1,11,300000,52,2023,1,-1,44.429123,26.040163,0.6511199584933318,0.1325276305654193
102.0,3,5,5,399000,35,2011,1,0,44.46124,26.099218,1.073435990136396,0.1784962912827934
93.0,4,0,2,790000,35,2025,0,0,44.457115,26.098011,0.7798019743955413,0.1761765184850132
66.0,2,1,5,140000,88,2025,0,-1,44.41662,26.115982,0.2076508202653121,0.1679469366130543
75.0,3,5,6,159500,32,1938,1,1,44.441917,26.109724,0.8704167583064946,0.0384800825534086
52.0,2,3,3,90500,57,1961,0,-1,44.481174,26.046701,0.4908787309729623,0.1940072506450395
54.0,3,2,4,139000,57,1963,0,-1,44.48317,26.0506,0.7769817206233516,0.106031589876539
36.0,1,2,7,130000,-1,2018,0,-1,44.45961,26.14911,2.256722514714103,0.4626561035745453
89.0,4,6,10,175000,10,1980,1,-1,44.3908,26.128021,0.5136090036740913,0.0801435106559243
40.0,1,4,6,68500,48,2026,1,0,44.36773,26.114256,2.134405782907612,0.0403125087044948
141.7,4,11,12,254800,10,2023,1,-1,44.388184,26.11939,0.5776985596706155,0.044485719070698
37.0,2,3,4,67000,10,1974,0,-1,44.38194,26.1033,1.9229153901100635,0.3325070548945013
58.0,2,2,7,89850,48,2025,1,0,44.36905,26.111713,2.2156928429071057,0.2343372116403463
61.0,2,1,6,98000,48,2026,1,0,44.36773,26.114256,2.134405782907612,0.0403125087044948
51.0,2,11,11,94000,79,2009,1,0,44.422577,26.179995,1.3932380721003053,0.1927870282929425
50.0,2,2,3,69700,33,2025,0,-1,44.395084,26.084415,1.40516120723869,0.2776668742393134
64.0,2,2,7,106200,48,2025,1,0,44.368526,26.114458,2.0679460580864606,0.049659470569654
56.5,2,2,6,89842,48,2025,1,0,44.36784,26.112137,2.2621323222823118,0.1769586895391774
50.0,2,1,7,69210,33,2018,0,-1,44.3949,26.0842,1.4317965489376292,0.2514623306306737
50.0,2,1,7,69395,33,2018,0,-1,44.3949,26.0842,1.4317965489376292,0.2514623306306737
65.95,2,1,11,94600,76,2026,1,0,44.415802,26.1977,0.9409731135128628,0.6855893229171097
92.0,3,3,10,284000,79,2000,1,0,44.43188,26.139227,0.0923055302938472,0.0208377682122813
75.0,2,4,11,226900,61,2025,1,0,44.47747,26.11437,0.3997319526057999,0.2194855825123742
45.0,2,0,10,103000,28,2018,0,-1,44.452744,26.09109,0.5451218407008579,0.0492876428174654
56.0,2,6,7,189500,17,1995,1,0,44.4309,26.107347,0.5911992520382517,0.1133498712927868
76.0,3,2,7,235000,25,1988,1,0,44.42967,26.13431,0.4531522950434474,0.1942707949600273
64.0,2,8,10,117550,52,2024,1,0,44.435566,25.977953,1.119166661573437,0.1722545662518265
60.35,2,2,10,88400,66,2025,1,2,44.390057,26.060106,3.2888422950818392,0.1467791770719558
85.31,3,5,8,132800,3,2024,1,2,44.36876,26.129395,1.1346704961585403,0.2233316121300458
49.56,1,1,9,66500,66,2025,1,0,44.390057,26.060106,3.2888422950818392,0.1467791770719558
64.0,2,4,4,141600,-1,2024,1,2,44.49664,26.002123,1.9283885203956117,0.992259663298334
73.25,2,8,8,115571,48,2025,1,2,44.37648,26.127348,0.7253715759977117,0.3076361250981719
60.46,2,2,9,181380,83,2025,1,2,44.41987,26.077402,1.5982786286191335,0.0903978983008206
51.25,2,2,3,74312,76,2025,1,0,44.411743,26.20175,0.7528619282744109,0.578615082753323
60.0,3,3,4,123000,76,1970,0,0,44.406887,26.179409,0.484457607758633,0.3389730022077152
70.0,3,7,8,136000,30,1966,1,-1,44.4236,26.042202,0.01668850006532,0.0753877784691733
78.0,3,0,7,83000,24,1990,0,-1,44.489025,26.057247,1.4853269747029751,0.319272425298199
171.3,5,3,4,269000,76,2025,0,1,44.415916,26.19359,0.9102824484518864,0.516039028856806
26.0,1,1,8,53000,32,1946,0,0,44.43982,26.107307,0.568438736763147,0.1180615529741149
53.0,2,6,11,170000,44,2019,1,2,44.446476,26.061472,0.422683712978972,0.0956828800429167
50.71,2,7,7,119000,43,1967,1,0,44.46372,26.067188,0.7784989849141991,0.1861017709992508
96.7,3,1,10,120900,66,2025,1,2,44.390057,26.060106,3.2888422950818392,0.1467791770719558
65.0,2,3,10,157300,52,2025,1,0,44.435566,25.977953,1.119166661573437,0.1722545662518265
55.0,2,7,12,255000,61,2026,1,0,44.483418,26.113281,0.4035903584450421,0.2718335772845185
42.0,2,6,10,82000,52,1977,0,0,44.43171,26.033993,0.3133825932529692,0.2977438269768508
43.0,2,0,8,125000,74,1965,0,0,44.458836,26.113892,0.9340590401435844,0.1160140290090761
193.33,4,1,4,800000,47,2008,0,0,44.482952,26.090122,0.908426964084468,0.1996867957078427
165.0,4,3,9,595000,16,1986,0,0,44.426414,26.119474,1.1856952925406583,0.0481448185099181
95.0,3,0,5,470000,87,2009,0,0,44.45026,26.086697,0.2678776547237135,0.1648179792282821
107.4,6,1,2,259000,53,1940,0,0,44.442665,26.122974,0.8129373861578675,0.273397650828786
82.42,4,2,10,205000,74,1981,0,0,44.459915,26.114025,1.030627958461774,0.0295539478736344
53.0,2,1,4,179990,5,1985,0,3,44.48245,26.096949,0.4505121724411707,0.1411909389152419
63.0,2,1,7,125000,38,1940,0,0,44.45204,26.076937,0.585295198297715,0.157751741831047
22.0,1,0,1,69500,28,1950,0,1,44.456192,26.094318,0.9231104841714338,0.2134083627775104
42.0,1,8,8,81490,16,1986,0,-1,44.42802,26.09665,0.3445570593363314,0.1968267746415419
85.11,3,2,3,302500,8,2025,0,0,44.489716,26.094364,1.2635787710659836,0.3792613283240937
115.0,4,0,7,180000,16,1940,0,1,44.431385,26.122482,1.2725399184475266,0.1388122225292456
76.0,3,0,5,470000,87,2005,1,-1,44.44982,26.086557,0.2976482566633759,0.2149665365758124
44.27,2,1,1,94999,88,1932,0,1,44.420174,26.128338,0.8708729038528423,0.2098456397455218
73.0,3,10,11,239900,1,2024,0,0,44.426735,26.062344,0.3231643048262351,0.2061926203317056
109.0,4,11,11,499000,1,2024,0,0,44.426735,26.062344,0.3231643048262351,0.2061926203317056
54.0,2,8,20,295000,74,2023,0,0,44.46893,26.110275,1.3874576583234803,0.0547118841194692
121.0,4,0,2,210000,20,1940,0,0,44.439415,26.084545,0.8409008361016792,0.0977091975229881
68.0,3,9,10,91000,66,1979,0,3,44.410378,26.068676,1.9899728252348865,0.0749561999824811
110.0,3,2,5,399000,61,2008,1,-1,44.474274,26.111979,0.8025089879547211,0.2574981832264692
132.0,3,4,6,620000,47,2006,1,-1,44.480637,26.087797,1.0026990600336152,0.4160563759308305
216.0,8,0,2,479000,1,1946,0,-1,44.426186,26.067339,0.5354452734687615,0.0967440867533095
127.09,3,4,6,650000,47,2005,1,-1,44.48495,26.090235,1.0234907830291375,0.1877495559117706
81.0,2,2,5,340000,47,2006,1,-1,44.48449,26.089695,1.0267998606355138,0.2048425748826176
42.0,2,0,7,63000,52,2026,1,3,44.438908,25.982105,1.1371240122627375,0.2311005511496556
78.0,4,2,4,179990,30,1964,0,-1,44.423615,26.028286,0.1965096946670197,0.1868904393068226
86.0,3,4,7,229000,8,1983,1,1,44.49082,26.07942,2.1012450790928927,0.0415239670216063
92.0,3,3,6,136000,66,2013,0,-1,44.400246,26.058441,2.8606972785159503,0.1968359128608653
61.75,2,2,6,115500,48,2026,1,0,44.368782,26.12087,1.665137829349592,0.1898436640343457
92.35,3,-1,3,150000,23,2020,1,-1,44.450497,26.055347,0.6233679930614711,0.0598539075551694
78.0,3,4,8,257000,25,1996,1,0,44.42498,26.129541,0.8792868332907069,0.1935274432924646
182.0,5,5,5,660000,24,2026,1,-1,44.490723,26.0646,2.0906079874308565,0.0412526368696545
182.0,5,5,5,660000,24,2026,1,-1,44.491276,26.064419,2.1051606837286774,0.0223012829192455
45.0,2,3,11,150000,61,2025,1,0,44.48124,26.104713,0.4218682496466847,0.0591787927812164
51.0,2,4,4,144900,8,1982,1,3,44.49153,26.083189,1.9304607733436467,0.1723798278289516
17.0,1,10,10,35900,79,1974,1,1,44.41844,26.172197,0.9491821789279636,0.1239927942546853
56.81,2,10,10,77400,66,2025,1,2,44.390057,26.060106,3.2888422950818392,0.1467791770719558
71.42,2,3,10,90400,66,2025,1,2,44.390057,26.060106,3.2888422950818392,0.1467791770719558
62.0,2,9,10,109900,66,2022,1,-1,44.388447,26.062117,3.245099977357204,0.168117038215271
58.87,2,0,8,91500,3,2024,1,2,44.36876,26.129395,1.1346704961585403,0.2233316121300458
59.23,2,1,8,91800,3,2024,1,2,44.36876,26.129395,1.1346704961585403,0.2233316121300458
63.16,2,3,9,88900,66,2025,1,0,44.390057,26.060106,3.2888422950818392,0.1467791770719558
37.0,1,0,6,111400,-1,2024,1,2,44.49664,26.002123,1.9283885203956117,0.992259663298334
85.72,3,0,9,237160,83,2025,1,2,44.41987,26.077402,1.5982786286191335,0.0903978983008206
69.27,2,5,5,110000,63,2026,1,2,44.382652,26.150482,1.2482255637308182,0.3746583212993342
53.0,2,7,10,115000,69,1973,0,0,44.412537,26.165964,0.380912047885578,0.0817739184484687
67.0,3,0,4,141000,79,1967,0,0,44.421894,26.166842,0.4791054558285806,0.242010095083634
77.0,3,5,9,155000,29,1965,0,0,44.424797,26.141617,0.4489895575710159,0.2176443056473614
31.0,1,8,10,65000,30,1976,1,0,44.42645,26.036917,0.5356804861666518,0.2878044120979519
37.0,2,3,10,85000,30,1972,1,0,44.423504,26.025501,0.0420328218386222,0.0342716142456125
47.0,2,0,4,92000,30,1965,0,0,44.42363,26.035028,0.22165654146292,0.1489714709124714
47.0,2,0,4,92000,30,1965,0,0,44.424427,26.03563,0.3215173664625569,0.2479171251285667
52.0,2,5,10,100000,30,1970,1,0,44.424793,26.0352,0.3396274324350307,0.2782502436203257
31.0,1,3,9,69000,30,1968,1,0,44.42326,26.04859,0.2269422473215757,0.1090666186220986
65.0,3,3,4,130000,30,1971,0,0,44.421543,26.027475,0.227068650400945,0.2239300167211171
259.0,2,9,9,199900,52,2020,1,0,44.435566,25.977953,1.119166661573437,0.1722545662518265
144.0,4,3,5,930000,47,2009,1,-1,44.484158,26.090052,0.9824640705705402,0.1698060277543661
26.1,2,2,4,46500,58,1969,0,3,44.44225,26.18138,0.8982788177430251,0.1548628505401098
37.0,2,4,7,57500,10,1997,0,-1,44.39319,26.1163,0.4772643425119352,0.3118186342190515
105.0,3,2,2,258000,24,2022,0,0,44.487823,26.04985,0.9217392603117116,0.1116628009634086
63.91,3,1,4,215000,59,1960,0,0,44.445854,26.097189,0.0319977162809499,0.0540507065508715
69.0,3,10,10,130000,74,1978,0,0,44.460613,26.115273,1.1539094751265813,0.1526672800874954
50.0,2,3,9,145000,20,1962,0,0,44.439697,26.09963,0.4940223361231739,0.0663469121100323
60.28,2,1,6,125000,48,2021,1,1,44.35785,26.151163,1.2707364820458462,0.0654418015594163
150.0,4,3,4,485000,-1,2018,0,-1,44.46917,26.074312,1.020608182069572,0.1300021291704794
78.0,3,-1,2,186000,44,2018,0,-1,44.43985,26.071335,0.6380582202012284,0.1236397202905853
76.3,3,1,3,114500,76,2026,1,0,44.4172,26.19807,1.0981821821540798,0.6021356325102514
63.5,2,1,4,220000,20,2026,0,-1,44.436142,26.102684,0.0318356974740161,0.0786614073336896
76.3,3,1,3,119800,76,2026,1,0,44.41677,26.19807,1.0524631269984843,0.6316466549684239
61.2,2,1,3,91800,76,2026,1,0,44.416687,26.197987,1.041690972075754,0.6325986025579129
76.25,3,4,4,140900,76,2026,1,0,44.41206,26.206488,0.7320879599853227,0.678087391761448
61.2,2,1,3,96000,76,2026,1,0,44.416756,26.198511,1.0619923787644627,0.6598800579066858
74.57,3,1,3,117724,76,2026,0,0,44.41657,26.19839,1.0393014066162485,0.6654093003716225
42.15,2,0,3,88000,76,2026,1,0,44.417282,26.19858,1.1191114704000908,0.630138359858365
36.4,1,0,3,88700,76,2026,1,0,44.416664,26.197966,1.0387549156450313,0.6330177273273478
37.9,1,1,3,70500,76,2026,1,0,44.416775,26.198492,1.0634923529877096,0.6573906891852638
75.45,3,4,4,153719,76,2026,1,0,44.41867,26.204535,1.4708999731232508,0.9755118530529876
38.17,1,1,4,65130,76,2027,1,0,44.411804,26.216661,0.9494003554715846,0.1211562038162085
66.15,3,0,3,122800,76,2026,1,0,44.412415,26.192118,0.5435504389122058,0.5094581272636334
32.0,1,3,9,70000,30,1968,1,0,44.423016,26.036144,0.2476437605833493,0.1009661681634859
53.47,2,1,4,110857,76,2027,1,0,44.412563,26.216625,1.0103323174001342,0.1396812219383886
56.13,2,1,3,78581,76,2026,1,0,44.420162,26.199642,1.449725924923838,0.5584380123437388
83.63,3,1,3,125444,76,2026,1,0,44.41948,26.200327,1.3959651472989056,0.6473892695938342
83.63,3,1,3,117081,76,2026,1,0,44.41956,26.199627,1.3857094455969243,0.5987342657726659
64.15,2,1,3,89809,76,2026,1,0,44.420155,26.199652,1.4492253640980912,0.5595360751376233
61.52,2,1,10,86128,76,2026,1,0,44.419697,26.205652,1.5804026737993664,1.005312981088423
125.38,3,0,10,136010,76,2026,1,0,44.420406,26.20595,1.655542898168442,0.9313238059076014
51.45,2,10,11,82500,76,2025,1,0,44.41234,26.19992,0.6891921226290383,0.5938101290298615
42.15,2,0,3,106480,76,2026,1,0,44.417187,26.198486,1.106730736755058,0.6298742257226475
122.29,2,0,11,119000,76,2025,1,0,44.41185,26.199938,0.6507809797800128,0.5408053778525151
67.0,3,2,4,125000,30,1973,0,0,44.421726,26.016832,0.2682099334312133,0.1712380855621776
98.06,3,3,11,124000,76,2025,1,0,44.41248,26.199308,0.6698046397372505,0.6016564283031528
37.5,1,6,11,61400,76,2018,1,0,44.416004,26.197914,0.9675764119685414,0.6806619766461093
41.7,1,1,11,68100,76,2026,1,0,44.416183,26.197317,0.9730194348706044,0.6337402925303218
61.9,2,1,11,94600,76,2018,1,-1,44.415527,26.197975,0.918949973686593,0.7229648927058827
84.95,3,1,11,130300,76,2018,1,0,44.415546,26.197954,0.920386437697164,0.7202769594925873
37.9,1,1,3,85305,76,2026,1,0,44.416718,26.198015,1.0456421532631486,0.6320382089951458
36.4,1,0,3,107327,76,2026,1,0,44.41727,26.19857,1.1175940811322658,0.630214245134718
78.59,3,1,10,123622,76,2026,1,0,44.418224,26.205065,1.4263482211705565,1.0370203617958809
41.32,2,5,10,77313,76,2026,1,0,44.419228,26.204899,1.538492902075081,0.9718289978836442
61.52,2,1,10,96770,76,2026,1,0,44.41932,26.204805,1.5428743499615023,0.9606473513329888
91.64,2,0,10,108172,76,2026,1,0,44.418774,26.20577,1.477471743728227,1.0301733367737331
78.59,3,1,10,110026,76,2026,1,0,44.41861,26.205738,1.4597920485887272,1.0259545010566
91.64,2,0,10,102740,76,2026,1,0,44.41878,26.205145,1.486006025885491,1.0119066877201193
91.64,2,0,10,96740,76,2026,1,0,44.41922,26.205235,1.5330066462506022,0.9962530751817116
91.64,2,0,10,102172,76,2026,1,0,44.419308,26.20568,1.537263296280755,1.0242522941015648
125.38,3,0,10,129118,76,2026,1,0,44.41897,26.205774,1.4990027826945422,1.038128853504848
40.49,2,1,3,78616,76,2026,1,0,44.41635,26.202524,1.1678530158594211,0.95248677173694
40.49,2,1,3,76264,76,2026,1,0,44.416367,26.20254,1.1701304160652004,0.9527126378087648
71.21,3,1,3,122815,76,2026,1,0,44.416878,26.20245,1.213237122421472,0.9207877344694384
37.6,1,1,3,77000,76,2026,1,0,44.417366,26.1979,1.1121462573922545,0.580361948269895
40.65,1,1,4,89243,76,2027,1,0,44.412422,26.216768,1.0058616797746864,0.1224986146588807
61.9,2,1,11,104600,76,2018,1,-1,44.416042,26.19746,0.9609821083182272,0.6529897075609604
84.95,3,1,11,140300,76,2018,1,0,44.416073,26.197973,0.9763310660326362,0.6784500852308969
56.1,2,1,11,88400,76,2018,1,0,44.415585,26.19792,0.9235894032474924,0.7152378556922013
60.5,3,7,10,126000,79,1978,1,0,44.42741,26.150167,1.029350833603417,0.1795078405209324
51.0,2,2,5,121700,76,2023,1,0,44.414085,26.191511,0.7352831385569529,0.6670730423809632
44.8,2,0,3,94200,76,2025,1,0,44.41923,26.198753,1.3300462372983977,0.5549608560770871
29.7,1,7,12,80900,79,2018,1,0,44.421455,26.18197,1.3484883678850703,0.1212512618805809
50.0,2,1,4,101900,50,2026,1,0,44.422955,26.196383,1.5227361627382618,0.1971757822834478
44.0,2,2,3,105990,76,2026,1,0,44.41764,26.198555,1.156321417149028,0.6073644434597717
46.0,2,1,3,107000,76,2025,1,0,44.418518,26.19944,1.2712974752781556,0.6299470507265712
44.1,2,8,8,115900,79,2018,1,0,44.42139,26.182224,1.3496459379862014,0.1240730387285483
48.28,2,11,14,121000,79,2009,1,-1,44.420074,26.181454,1.19105918696324,0.2801346848478238
49.1,2,8,12,124900,79,2018,1,0,44.42139,26.182224,1.3496459379862014,0.1240730387285483
49.3,2,2,3,127000,76,2026,1,0,44.419,26.19943,1.3216978185170516,0.6133686752004381
54.0,2,4,8,77000,18,2013,1,1,44.442627,25.98349,1.456005283523443,0.3736983302758898
58.37,2,4,8,159900,88,1989,1,0,44.4172,26.122395,0.6923092441633473,0.4140180807742721
86.26,4,0,8,147900,79,1979,1,0,44.42268,26.178122,1.2528243345965984,0.1173874372553643
56.1,2,2,11,98400,76,2018,1,0,44.415436,26.197334,0.8935092699980498,0.6983855596434358
64.1,2,1,11,97800,76,2018,1,-1,44.415413,26.198092,0.9102019550017828,0.7386218168727319
80.8,3,0,11,138400,76,2018,1,0,44.415432,26.19807,0.9115783951532208,0.735881265451364
18.0,1,3,10,35000,58,1972,0,-1,44.44257,26.176271,0.9500676635880168,0.1501909477232607
86.0,2,2,3,399000,28,2003,0,0,44.450817,26.098244,0.5617811211000922,0.2875247823726248
54.0,2,4,6,210000,71,2026,1,-1,44.446064,26.120054,0.537560499772071,0.2393805809926307
53.0,2,3,4,179000,5,2018,0,-1,44.48277,26.100855,0.404023123716545,0.2112866900247717
82.0,3,6,20,431000,74,2023,0,0,44.468178,26.110004,1.4451986849664156,0.1180668363049674
68.0,3,1,4,125000,42,1975,0,0,44.38433,26.093174,2.040266666248097,0.2044328208382969
52.82,2,0,3,103306,76,2026,1,0,44.41452,26.203083,1.0377451202701211,0.9030103782223728
119.13,3,11,12,152000,76,2025,1,0,44.41257,26.19999,0.7120239120851939,0.6199791017964776
94.23,2,10,12,124000,76,2025,1,0,44.41257,26.19999,0.7120239120851939,0.6199791017964776
50.0,2,2,5,215000,8,2023,1,1,44.489864,26.089767,1.4525722011085314,0.3271498334709575
44.0,1,11,11,95000,71,1962,0,-1,44.4528,26.111784,0.4801381069395069,0.0101003733554866
62.0,2,2,8,150040,52,2026,1,0,44.435566,25.977953,1.119166661573437,0.1722545662518265
61.0,2,6,9,113800,52,2024,1,0,44.435566,25.977953,1.119166661573437,0.1722545662518265
55.21,2,3,8,86500,3,2024,1,2,44.36876,26.129395,1.1346704961585403,0.2233316121300458
83.68,3,1,8,130000,3,2024,1,2,44.36876,26.129395,1.1346704961585403,0.2233316121300458
56.71,2,4,10,83400,66,2025,1,2,44.390057,26.060106,3.2888422950818392,0.1467791770719558
63.0,2,4,4,140100,-1,2024,1,2,44.49664,26.002123,1.9283885203956117,0.992259663298334
85.6,3,2,9,236800,83,2025,1,2,44.41987,26.077402,1.5982786286191335,0.0903978983008206
59.17,2,0,5,99000,63,2026,1,2,44.382652,26.150482,1.2482255637308182,0.3746583212993342
67.81,2,3,5,101000,39,2025,1,-1,44.408573,26.024534,0.8554160078702877,0.1147342391292045
63.0,3,4,11,200000,35,1963,1,0,44.468018,26.10276,1.2547604816531812,0.2411474012879853
54.0,2,8,9,73000,10,1970,1,-1,44.387653,26.117964,0.6818621891108215,0.1070179760553535
85.0,3,3,5,149000,17,1936,1,-1,44.43549,26.102509,0.0465072860550512,0.1217019245714857
62.0,3,2,6,108500,63,2026,1,-1,44.362297,26.151163,0.9471845209081908,0.2137935264309664
86.0,3,4,7,229000,20,1983,0,-1,44.436142,26.102684,0.0318356974740161,0.0786614073336896
44.0,2,6,7,119999,58,1961,0,-1,44.44265,26.131813,0.215826434998674,0.1554374921136405
40.0,1,6,8,99000,54,1997,1,3,44.422863,26.11593,0.7166525985313253,0.2153508047860272
56.5,2,7,10,229000,74,2020,1,0,44.461327,26.10766,0.9624757017885814,0.047674364508964
82.0,4,8,8,147000,66,1997,0,-1,44.39928,26.05618,2.908099566208997,0.0576854018648191
64.0,2,5,5,116900,63,2015,1,1,44.38395,26.153198,1.4973767756111904,0.56862057105359
84.56,4,0,3,198000,10,2016,0,1,44.390305,26.106014,0.968266947435095,0.2517647018200002
124.0,3,3,16,345000,61,2013,1,-1,44.479267,26.11609,0.1632215262616874,0.169636541413338
50.0,2,7,10,115000,79,1976,1,0,44.41393,26.164154,0.225775829141145,0.0456444252878869
59.0,2,3,8,135000,23,1986,1,6,44.45863,26.047974,0.7553895948138661,0.2150897359461258
93.0,3,2,3,107000,11,2008,0,1,44.401794,25.996923,2.5222502379182514,0.8330927990668725
41.9,1,1,10,117500,66,2024,0,1,44.40215,26.062275,2.7081900963041017,0.0365368811726387
60.0,3,0,8,137000,23,1967,1,1,44.45988,26.047682,0.8358067521478107,0.0794179513566718
54.0,2,7,10,95000,30,1982,1,1,44.416805,26.024826,0.1687786895063212,0.1123250967088898
52.0,2,9,10,77000,66,1984,1,0,44.41278,26.06126,1.5314275574034957,0.1484078481176703
55.0,2,3,8,118900,58,1984,1,1,44.44506,26.16877,1.0612282304512932,0.2526235044384545
21.0,1,3,7,48500,-1,2018,0,-1,44.47991,26.06407,1.4704452227329567,0.1015703933461899
34.3,1,4,7,85000,61,2023,1,0,44.47726,26.114796,0.4075038721950413,0.1932946353134254
60.0,3,2,4,107000,30,1973,0,-1,44.414665,26.019724,0.302556958395433,0.2936779555096586
70.0,3,11,11,180000,79,2009,1,-1,44.421974,26.180475,1.363087638896276,0.1650481294862918
73.0,3,5,7,155000,55,1984,1,0,44.444763,26.128008,0.5867585479826573,0.0814490487115463
50.0,2,0,7,160000,58,2018,0,1,44.444756,26.167278,1.0408068210075585,0.2073171873452558
83.0,3,2,14,235000,31,2010,0,0,44.451763,26.144438,1.5021967305364017,0.1694684468388912
53.0,2,3,3,145000,65,2018,1,3,44.372833,26.097565,2.977359631986157,0.2442907629313175
88.3,3,1,3,159000,76,2026,1,-1,44.403378,26.17887,0.8081715148885006,0.7199891983570974
74.31,3,7,10,125000,52,1979,1,0,44.432243,26.009523,0.5418540083234685,0.2553184963894407
61.4,2,1,5,179000,25,2025,1,2,44.42978,26.130924,0.6679829721577231,0.039238420883631
62.0,2,2,8,123000,1,1988,1,3,44.4223,26.06677,0.879218068699457,0.2222915485736359
58.0,2,2,4,109500,1,1988,1,3,44.4223,26.06677,0.879218068699457,0.2222915485736359
43.48,2,1,7,114000,0,1963,0,0,44.46944,26.058388,0.6667689645672886,0.0368431706395348
64.0,2,2,7,75600,52,2026,0,1,44.440742,25.976526,1.5733779226958418,0.5823130918718082
58.0,2,1,7,108550,52,2023,1,1,44.435566,25.977953,1.119166661573437,0.1722545662518265
85.66,3,1,8,132800,3,2024,1,2,44.36876,26.129395,1.1346704961585403,0.2233316121300458
56.0,3,0,8,98900,66,2022,1,-1,44.388447,26.062117,3.245099977357204,0.168117038215271
83.96,3,0,9,231880,83,2025,1,2,44.41987,26.077402,1.5982786286191335,0.0903978983008206
94.45,3,5,5,138000,39,2025,0,-1,44.408573,26.024534,0.8554160078702877,0.1147342391292045
62.28,2,2,5,105000,63,2026,1,2,44.382652,26.150482,1.2482255637308182,0.3746583212993342
49.0,2,10,10,95000,10,1980,1,0,44.388935,26.103573,1.1740839503666218,0.13010672935297
67.0,3,0,10,123000,10,1975,1,0,44.38206,26.11017,1.547204857718077,0.1108200910010571
51.0,2,10,10,120000,10,1982,1,0,44.3957,26.11683,0.5314662187155583,0.1372234693976788
76.0,4,9,10,129500,42,1963,1,0,44.39926,26.096617,0.5806140331462935,0.1698534781772017
45.0,2,0,10,75000,10,1971,1,0,44.378033,26.118156,1.3790642952969234,0.1011781590397885
63.0,3,2,4,131500,10,1978,0,0,44.38965,26.126507,0.4962079061225952,0.0892768216255757
31.0,1,6,10,80000,25,1978,1,0,44.421513,26.13688,0.1904073908460237,0.1850517460304399
31.0,1,6,10,80000,25,1978,1,0,44.42152,26.136349,0.231887762330236,0.1857437683566625
30.0,1,8,10,65000,30,1976,1,0,44.426632,26.03769,0.5031651144242847,0.2796766225186594
62.0,2,5,12,215000,61,2025,1,1,44.474815,26.115057,0.664384590249885,0.3463180196702501
126.9,6,0,2,584000,87,1930,0,0,44.450073,26.088923,0.4221874571942992,0.173599806809519
78.0,4,0,8,168499,66,1987,0,-1,44.41321,26.07677,1.8269512072754697,0.1994170078906392
50.0,2,-1,3,67067,32,1936,0,3,44.446888,26.109274,0.7129491020521025,0.0961025714816504
90.0,4,3,5,190000,32,1941,0,1,44.445786,26.104164,0.5225818600519163,0.2786947835416907
57.0,2,6,11,215000,52,2019,0,-1,44.432594,26.040527,0.583575944434251,0.2406815380814111
80.0,3,3,6,120000,63,2026,1,1,44.36113,26.15224,1.10202179361971,0.2625985270625298
62.0,3,2,6,108500,63,2026,1,1,44.36243,26.15133,0.9442415645613432,0.2331359490016447
90.0,3,1,2,159000,63,2019,0,1,44.37231,26.14407,0.3784134741746434,0.2602062271008649
54.0,2,0,3,103600,3,2015,1,-1,44.37579,26.14087,0.6079008565339958,0.2321339406981342
41.0,1,1,7,71600,63,2026,1,1,44.3611,26.15066,1.0319138359240003,0.1374235233462035
59.0,2,2,5,95000,48,2026,1,0,44.36767,26.114128,2.1465282894865165,0.0493326258350711
58.0,2,6,10,106550,52,2024,1,0,44.435566,25.977953,1.119166661573437,0.1722545662518265
50.76,2,0,8,78800,3,2024,1,2,44.36876,26.129395,1.1346704961585403,0.2233316121300458
70.0,2,4,5,120000,59,1921,0,1,44.44243,26.096838,0.3779127584308546,0.1004924779171684
82.93,3,2,7,169000,2,2014,0,-1,44.47514,26.145931,2.405314963418086,0.1534912006376113
31.0,2,9,9,89900,20,1959,1,-1,44.439762,26.093142,0.7569803200314329,0.0691518440532501
35.0,2,4,10,67000,10,1973,1,-1,44.387455,26.109966,1.1544799341114371,0.0386898137213155
60.6,3,4,10,160000,78,1977,0,0,44.41178,26.109055,0.4807351988254731,0.1385122674722012
28.0,1,4,10,55500,79,1968,1,1,44.4194,26.168552,0.7792569256879717,0.3292827634720927
67.0,3,3,10,145000,74,1970,0,0,44.459778,26.131392,1.2378508499957046,0.1227443772881239
78.0,4,2,8,296900,35,1976,0,0,44.45438,26.098185,0.6250860216323497,0.1123431224105006
67.0,3,10,10,110000,21,1970,0,0,44.468906,26.143543,2.505212903564736,0.0574619570820126
40.0,2,2,8,130000,59,1959,0,0,44.445988,26.097105,0.0439015961254176,0.0700465184136899
97.0,3,3,3,159000,89,2007,0,0,44.51609,26.10736,4.004986376428193,0.1232392114191159
40.0,1,3,3,70000,40,2026,0,0,44.463673,26.03039,1.7806155411761604,0.4367335786425465
53.26,2,5,8,165000,78,1985,1,0,44.414772,26.11193,0.2412800818527531,0.1852465256219225
110.56,4,1,3,490000,87,1940,0,0,44.446564,26.087852,0.6629182605294529,0.1124777933133694
62.0,2,2,6,126500,79,2009,1,3,44.41227,26.156624,0.4017746545423369,0.1637863148094968
35.0,2,8,10,61499,10,1972,1,-1,44.38922,26.118204,0.5267099290666751,0.1062729116738556
102.0,3,5,10,285000,21,2024,1,2,44.467503,26.152424,2.977318363809724,0.1537856264595108
43.17,2,4,6,140000,21,2024,0,0,44.45913,26.1418,1.7365888095471027,0.3105931862251679
50.0,2,3,4,180000,57,2021,0,0,44.482807,26.042078,0.101161897646401,0.1157675464261985
177.0,4,3,5,650000,35,2007,0,0,44.45931,26.10051,0.8360891716161456,0.1074359580850234
50.1,2,1,7,107164,48,2025,1,0,44.368534,26.12119,1.667858298834167,0.1816399582346971
50.75,2,8,8,119990,32,1981,0,0,44.443375,26.117632,0.8924846297426625,0.0790807999854441
63.0,3,5,7,100000,66,2018,0,-1,44.39928,26.05618,2.908099566208997,0.0576854018648191
110.0,4,4,5,280000,20,1941,0,1,44.43846,26.08936,0.617920868542204,0.158488881912843
64.0,2,3,7,81000,52,2026,1,-1,44.43866,25.979359,1.2506830719057958,0.4489336220355842
64.0,2,6,10,81000,52,2026,1,2,44.441032,25.979023,1.4711566689274072,0.5013685223758972
50.0,2,0,7,63000,52,2026,1,-1,44.439213,25.980646,1.2320424308957851,0.3404651894405411
177.78,3,2,6,1028849,35,2026,0,0,44.469173,26.106142,1.2045376105657442,0.1796387255366456
65.0,3,1,8,163990,74,1983,1,0,44.46316,26.126411,1.4823039528572322,0.0971379578771521
59.6,3,3,5,93900,48,2026,1,0,44.369,26.110554,2.297232094307923,0.3172688070097183
45.0,2,8,8,120000,71,1963,1,-1,44.4528,26.111784,0.4801381069395069,0.0101003733554866
52.0,2,0,8,95000,66,1986,0,-1,44.4119,26.06301,1.6614834217624512,0.2068404436219102
73.2,3,4,6,135521,48,2025,1,0,44.36773,26.114256,2.134405782907612,0.0403125087044948
53.7,2,2,6,135000,3,2025,1,0,44.378418,26.13346,0.2001237614733289,0.1958708875109413
53.05,2,2,6,134000,3,2025,1,0,44.378418,26.13346,0.2001237614733289,0.1958708875109413
127.0,4,2,3,685000,6,2024,1,-1,44.46209,26.085842,0.452593650929073,0.1893283423885365
84.15,3,0,2,249900,28,1935,0,-1,44.449738,26.099344,0.4610828905569845,0.2766505201825959
125.0,4,1,3,685000,6,2024,1,-1,44.462135,26.08545,0.4520367851799333,0.2015527345780861
43.76,2,4,7,96900,30,1964,0,-1,44.425007,26.036093,0.3955455275854438,0.3190982694560403
77.17,3,3,8,132800,48,2025,1,0,44.368748,26.124708,1.473660317396442,0.1608286353308264
110.0,5,5,8,445000,28,1982,1,-1,44.45045,26.09874,0.5266009925296857,0.2976665176398922
52.95,2,2,6,129000,3,2025,1,0,44.378418,26.13346,0.2001237614733289,0.1958708875109413
57.0,2,6,7,144500,73,2025,1,-1,44.51369,26.01897,1.2749893044100298,0.1168888539278148
53.55,2,2,6,127000,3,2025,1,0,44.378418,26.13346,0.2001237614733289,0.1958708875109413
66.0,3,2,10,158000,79,1968,1,-1,44.42524,26.17054,0.623860918050502,0.040086395408385
47.2,2,2,6,123000,3,2025,1,0,44.378418,26.13346,0.2001237614733289,0.1958708875109413
50.0,2,10,10,84499,30,1973,1,0,44.423145,26.02438,0.1187311286117511,0.0634903192005956
84.0,2,4,11,249000,44,2009,1,-1,44.442345,26.066883,0.510066467755998,0.2043010109135161
36.2,2,10,10,72500,10,1970,1,0,44.383427,26.1154,1.191932707594053,0.1696107491352647
85.0,2,10,12,172900,84,2014,1,0,44.40354,26.120451,1.0494328245847109,0.083039483269345
61.6,3,1,6,125500,63,2025,1,0,44.362534,26.149393,0.8433153962127715,0.1509336441289626
45.2,2,9,10,94000,10,1964,1,0,44.38148,26.121603,1.1141725828541202,0.257995179522241
46.0,2,4,5,140000,24,2026,1,6,44.487053,26.062565,1.793511363124345,0.2868518114230575
60.0,2,11,14,158000,52,2025,1,0,44.43386,26.038507,0.3894437778915569,0.1883378482613398
91.95,3,2,3,295000,8,2025,0,0,44.489704,26.094355,1.262604447873036,0.3778954288847807
36.4,1,1,7,69900,48,2025,1,0,44.368534,26.12119,1.667858298834167,0.1816399582346971
123.0,4,1,6,307000,88,2025,1,-1,44.41682,26.11917,0.4609845275606199,0.4180769217244542
63.13,2,7,11,167000,21,2024,1,0,44.467773,26.138151,2.2310764006929777,0.1274397803507553
51.0,2,3,6,94000,48,2025,1,0,44.36773,26.114256,2.134405782907612,0.0403125087044948
50.35,2,1,7,98900,48,2025,1,0,44.368534,26.12119,1.667858298834167,0.1816399582346971
50.0,2,5,8,94000,42,1965,1,0,44.384647,26.089085,2.2311513075199416,0.2907492913138768
79.09,3,2,12,158462,48,2025,1,0,44.367184,26.124887,1.505298866868684,0.1768338473837444
101.99,4,11,12,182700,48,2025,1,0,44.36698,26.125013,1.4984643119594632,0.1520811281616526
52.24,2,6,12,111450,48,2025,1,0,44.36698,26.125013,1.4984643119594632,0.1520811281616526
100.2,3,2,6,180000,48,2026,1,0,44.368782,26.12087,1.665137829349592,0.1898436640343457
22.0,1,0,7,40000,-1,1997,0,-1,44.45961,26.14911,2.256722514714103,0.4626561035745453
44.0,2,2,7,73000,38,1963,1,0,44.443794,26.079643,0.5306818995867149,0.1206575932253329
31.0,1,5,10,64000,10,1977,0,-1,44.38803,26.10639,1.2091059223943224,0.1240582927270963
46.6,2,2,5,75600,48,2026,1,0,44.369,26.110554,2.297232094307923,0.3172688070097183
57.0,3,3,7,103000,69,2018,1,0,44.4104,26.1664,0.5291348283403401,0.2188880624873155
51.0,2,2,3,95000,65,2024,1,0,44.371998,26.103,2.707760774459808,0.1798471025674781
50.0,2,1,6,106000,48,2025,1,2,44.36126,26.14918,0.9577492035158988,0.0197739355824562
87.9,4,1,11,154900,48,2027,1,0,44.361088,26.129374,1.4315586077920812,0.067831734024961
65.6,3,1,6,153000,3,2025,1,0,44.378418,26.13346,0.2001237614733289,0.1958708875109413
56.0,2,10,10,105000,52,1982,1,0,44.434174,26.009491,0.5014799285357731,0.1994360783542051
67.0,2,5,7,98700,48,2025,1,2,44.366947,26.114214,2.191839767444239,0.127243502905382
91.0,3,3,4,194600,-1,2024,1,3,44.49664,26.002123,1.9283885203956117,0.992259663298334
61.6,3,1,6,120000,63,2025,1,0,44.362534,26.149393,0.8433153962127715,0.1509336441289626
174.1,3,0,6,164000,48,2025,1,2,44.37648,26.127348,0.7253715759977117,0.3076361250981719
49.0,2,5,5,82800,3,2026,1,2,44.370773,26.128344,1.1283260615874051,0.073840022597807
49.07,1,11,12,97632,48,2025,1,0,44.367184,26.124887,1.505298866868684,0.1768338473837444
46.24,2,0,10,75000,79,1968,1,0,44.41742,26.169659,0.7883450859392716,0.1554379791716046
52.85,2,1,3,91500,76,2026,1,0,44.417812,26.198832,1.1813500274956996,0.6172502398072106
73.22,3,1,5,155000,63,2019,1,0,44.362064,26.151098,0.9642900614277856,0.1958317174325918
89.3,4,0,6,204100,48,2025,1,0,44.368534,26.12119,1.667858298834167,0.1816399582346971
59.12,2,1,5,144000,86,2024,1,-1,44.503773,26.046034,1.526180796942473,0.070240251355195
59.95,2,1,7,117793,48,2023,1,0,44.371456,26.114931,1.8593573975119304,0.0458109470483671
64.3,2,2,7,128500,48,2023,1,0,44.371586,26.115063,1.843173240702388,0.0585278907203349
78.8,3,1,5,136263,3,2025,1,0,44.378445,26.14511,0.7844010968420156,0.5993047000627543
86.29,3,2,11,170000,48,2025,1,0,44.368534,26.12119,1.667858298834167,0.1816399582346971
72.78,3,6,12,147600,48,2025,1,0,44.3666,26.124887,1.5149983010160135,0.1183139686222493
56.5,2,7,7,112893,48,2023,1,0,44.372078,26.114918,1.827624915760682,0.1140190227784715
66.9,3,7,7,133700,48,2023,1,0,44.371464,26.114939,1.8583691089623808,0.0464984541225239
71.25,3,2,11,156500,48,2025,1,0,44.368217,26.124458,1.528966142001153,0.1779039584585298
79.12,3,1,10,160000,48,2021,1,0,44.361183,26.136667,1.024538146539843,0.054091977735796
64.0,3,0,8,120000,66,1980,1,-1,44.410484,26.062231,1.7975607193401917,0.1869500564859542
73.67,3,6,12,149100,48,2025,1,0,44.3666,26.124887,1.5149983010160135,0.1183139686222493
81.7,4,0,6,172000,48,2025,1,0,44.368534,26.12119,1.667858298834167,0.1816399582346971
50.0,2,9,9,250000,74,2023,0,-1,44.471245,26.111107,1.1372832713507914,0.2506976695481477
38.9,1,0,6,69900,48,2025,1,0,44.368534,26.12119,1.667858298834167,0.1816399582346971
90.35,3,5,5,156566,3,2025,1,0,44.378445,26.14511,0.7844010968420156,0.5993047000627543
38.9,2,0,6,69900,48,2025,1,0,44.368534,26.12119,1.667858298834167,0.1816399582346971
47.82,2,2,11,103500,48,2025,1,0,44.368534,26.12119,1.667858298834167,0.1816399582346971
50.0,2,1,6,84579,48,2026,1,1,44.36117,26.149475,0.9775121642214352,0.0429170471360949
71.0,3,1,6,121605,48,2026,1,1,44.361416,26.149132,0.9405896230361892,0.0270182359399187
165.0,4,5,5,595000,47,2009,1,-1,44.483986,26.088978,1.0438797098093977,0.2539405108501782
89.3,4,1,6,176900,48,2025,1,0,44.368534,26.12119,1.667858298834167,0.1816399582346971
78.79,3,3,12,157800,48,2025,1,0,44.36698,26.125013,1.4984643119594632,0.1520811281616526
54.52,2,2,11,118800,48,2025,1,0,44.368217,26.124458,1.528966142001153,0.1779039584585298
54.86,2,1,10,130000,48,2021,1,0,44.361183,26.136667,1.024538146539843,0.054091977735796
78.76,3,1,9,157900,48,2025,1,0,44.3666,26.124887,1.5149983010160135,0.1183139686222493
60.8,3,4,4,112000,30,1977,0,0,44.4137,26.020975,0.314615687291635,0.162311748088502
71.24,3,2,11,156500,48,2025,1,0,44.368217,26.124458,1.528966142001153,0.1779039584585298
49.38,2,4,10,83400,66,2025,1,0,44.387417,26.059216,3.500772985175032,0.0043602477527626
119.43,4,11,12,240050,48,2025,1,0,44.36698,26.125013,1.4984643119594632,0.1520811281616526
73.67,3,2,12,144450,48,2025,1,0,44.3666,26.124887,1.5149983010160135,0.1183139686222493
89.3,4,6,6,169900,48,2025,1,0,44.368534,26.12119,1.667858298834167,0.1816399582346971
43.6,2,4,11,77900,48,2027,1,0,44.359955,26.13436,1.2413742289473688,0.2729868633793305
62.21,2,1,5,105000,63,2026,1,2,44.382652,26.150482,1.2482255637308182,0.3746583212993342
53.0,2,9,10,117990,30,1974,0,-1,44.418213,26.024336,0.2538837395887228,0.224364474601204
38.53,1,1,12,76400,48,2025,1,0,44.3666,26.124887,1.5149983010160135,0.1183139686222493
79.16,3,3,11,185900,48,2025,1,0,44.368217,26.124458,1.528966142001153,0.1779039584585298
43.7,2,0,7,83000,65,2024,1,0,44.37607,26.102432,2.452213176543265,0.1632326240196666
33.5,1,1,6,68600,48,2025,1,0,44.36773,26.114256,2.134405782907612,0.0403125087044948
34.25,1,1,6,64070,48,2025,1,0,44.368534,26.12119,1.667858298834167,0.1816399582346971
55.0,2,8,8,92999,23,1984,0,-1,44.45774,26.049631,0.6734284357552867,0.2702457344818987
60.5,2,1,10,113975,52,2024,1,0,44.435566,25.977953,1.119166661573437,0.1722545662518265
47.0,2,10,10,84900,66,2022,1,-1,44.388447,26.062117,3.245099977357204,0.168117038215271
100.0,4,3,6,224300,-1,2024,1,2,44.49664,26.002123,1.9283885203956117,0.992259663298334
60.1,2,0,9,180300,83,2025,1,2,44.41987,26.077402,1.5982786286191335,0.0903978983008206
123.75,3,4,5,160000,63,2026,1,2,44.382652,26.150482,1.2482255637308182,0.3746583212993342
75.1,2,5,5,112000,39,2025,1,-1,44.408573,26.024534,0.8554160078702877,0.1147342391292045
62.3,2,3,9,105000,3,2025,1,2,44.373066,26.129911,0.8453217461856254,0.0786820415273728
108.89,4,2,3,161729,76,2025,1,0,44.411682,26.199984,0.6404530208041747,0.5234307530517045
86.29,3,2,3,120419,76,2025,1,0,44.411007,26.20089,0.6498792161508832,0.4753060877278897
43.42,1,2,3,64800,76,2025,1,0,44.410732,26.199602,0.5488937196704857,0.413663447969598
67.0,3,2,4,118000,10,1971,0,0,44.38313,26.109957,1.4672588728261815,0.1702484095427119
31.0,1,9,9,69990,30,1967,1,2,44.42397,26.0415,0.0799344213667402,0.0954663394628766
61.0,3,4,8,129990,40,1977,1,2,44.458927,26.052927,0.4768031651774048,0.1324934942062322
16.0,1,2,4,27500,7,1970,0,-1,44.44788,26.148827,1.4670875382117077,0.1622271419422539
48.0,2,1,7,129990,43,1963,1,0,44.468296,26.058409,0.7132812450266685,0.1084423278892277
60.0,3,2,7,155000,6,1961,1,-1,44.46717,26.078148,0.668823324235681,0.0542141069269817
50.0,2,1,10,115000,88,1979,1,-1,44.412415,26.132004,0.3739295740708434,0.2292435954585119
36.0,1,5,5,45000,78,1930,0,-1,44.41004,26.112404,0.7426339082627035,0.0704077475018826
55.0,2,3,9,90000,55,1962,1,1,44.45099,26.122189,0.1933558570656065,0.2573968789486057
64.0,3,4,4,137500,52,1978,0,0,44.435574,26.043194,0.7636469507192761,0.1542772031674396
43.0,2,6,10,82000,52,1977,1,1,44.433186,26.027224,0.4768722678939358,0.1654837792388749
63.81,2,5,10,115000,48,2021,1,1,44.361183,26.136667,1.024538146539843,0.054091977735796
69.0,3,6,8,159000,58,1982,1,-1,44.439,26.157598,1.0199648650058557,0.0584293264549294
42.0,2,10,12,149990,58,2011,1,-1,44.443333,26.141142,0.6910321860324723,0.1365204884723511
35.0,1,2,10,70000,59,1938,0,1,44.44323,26.093151,0.4522361169024582,0.1124214874865528
50.0,2,5,10,90900,66,2026,1,-1,44.388447,26.062117,3.245099977357204,0.168117038215271
85.0,3,7,8,249000,78,1985,1,0,44.4115,26.115091,0.5923303955169282,0.0721487649299093
36.0,1,1,4,73900,12,2007,0,0,44.41308,26.006289,1.0638111732990967,0.2708622156485391
78.87,4,2,10,170000,39,1983,1,-1,44.415222,26.04575,0.957484964869414,0.0519743411372016
43.55,2,9,11,110000,39,2026,1,0,44.413826,26.035728,0.9331813593897342,0.0846574342354729
54.16,2,0,7,103900,76,2026,1,-1,44.411724,26.20594,0.7064640511985484,0.6357576228203352
65.0,3,2,4,121500,42,1975,0,3,44.38473,26.096495,1.8505850577419312,0.3712696523535181
53.7,1,2,7,73755,76,2026,1,-1,44.411476,26.200335,0.6460792202618422,0.5086803558010244
61.2,2,3,4,125500,76,2021,1,2,44.40346,26.17889,0.8001010642895865,0.7109767461088773
133.54,4,0,7,235208,76,2025,1,-1,44.41407,26.203085,1.0020877509634682,0.8576276267877976
75.0,3,6,7,122000,48,2018,1,1,44.3738,26.125828,0.9948631839233714,0.3051713278763243
67.0,2,2,7,109000,48,2018,1,1,44.3738,26.125828,0.9948631839233714,0.3051713278763243
42.0,2,2,4,158000,72,1960,0,0,44.43749,26.082438,0.6062863963312749,0.0682588868764137
38.0,2,2,4,160000,72,1960,0,-1,44.437126,26.0828,0.615388230796278,0.0361805066218362
80.0,3,9,11,450000,35,2025,1,-1,44.479057,26.104065,0.3017070327410371,0.0944872250384849
39.0,2,2,2,80000,53,1940,0,1,44.441334,26.11942,1.0260703404619704,0.1192477218400405
62.0,2,1,2,285000,77,2026,1,0,44.41803,26.106586,0.3941670872028735,0.3344802134506479
27.2,1,7,10,78500,45,1968,1,0,44.436108,26.141962,0.4904933716384341,0.2985305889277426
37.5,2,1,10,141000,17,1976,1,0,44.4299,26.097437,0.3432913668855878,0.0908948268704276
67.0,3,7,7,130000,10,2018,1,1,44.38799,26.12878,0.7543546808008774,0.1897167321471768
15.0,1,4,7,31800,10,2018,0,-1,44.3818,26.128,0.6352446615015039,0.2030297055785998
45.0,2,1,6,235000,16,2017,1,1,44.431892,26.114695,1.0444513993423232,0.1423955978284381
45.62,2,8,8,179000,20,1960,0,-1,44.43891,26.100216,0.3950181443279568,0.0391563928876162
31.0,1,-1,7,40250,3,2018,1,-1,44.3733,26.1324,0.7382001315105263,0.1568092136960513
66.43,3,6,8,149999,10,1985,1,-1,44.3829,26.133099,0.4099585721927602,0.0899655633184974
64.11,3,8,8,105000,82,1982,1,-1,44.416656,26.045076,0.7893471258589468,0.2149984454053707
54.0,2,2,10,149999,86,2025,1,1,44.50421,26.045681,1.539109988882703,0.0588586950173309
46.3,2,6,9,105000,52,1968,1,-1,44.436203,26.03213,0.2244174259781369,0.1277288194727537
50.7,2,8,8,95000,23,1984,1,-1,44.45813,26.050018,0.7214790589154011,0.2434633987489707
68.0,3,8,10,144000,30,1984,1,-1,44.41852,26.020004,0.162488205438605,0.1715105420278407
50.8,2,6,10,115000,25,1975,1,-1,44.427513,26.137917,0.5546050197563162,0.0926207629323235
51.1,2,1,10,123000,52,1980,1,-1,44.43262,26.022312,0.1794161742030379,0.174613728077135
77.0,4,1,4,165000,30,1971,0,0,44.421135,26.023663,0.2917918159687419,0.2659936400836788
45.93,2,10,10,84000,30,1973,1,-1,44.422523,26.026253,0.0846047957407688,0.1287519297685892
43.19,2,4,7,145000,14,1964,1,-1,44.41898,26.10346,0.4789823902042663,0.1971008887618912
53.1,2,0,10,114000,52,1980,1,-1,44.432697,26.022097,0.1648241697390695,0.1611685080027854
65.77,3,10,10,125000,10,1988,1,-1,44.380978,26.134178,0.1811338146856769,0.1015368581252859
47.8,2,8,8,110000,23,1985,1,-1,44.453197,26.051277,0.3200392063191177,0.0543826607878322
58.12,3,9,10,90800,30,1974,1,0,44.41469,26.029745,0.5688261113353733,0.1511795564691259
65.0,3,2,3,160000,52,2023,0,1,44.439224,25.99633,0.792638077087726,0.617522791669375
73.0,3,7,9,185000,52,2020,1,1,44.436348,25.992731,0.694930882187288,0.2437598927081228
73.5,3,0,2,117000,52,1989,0,-1,44.44067,26.004778,0.7484155971029165,0.1020640345333877
48.85,2,9,10,105000,30,1971,1,-1,44.414772,26.0276,0.4052129899596877,0.2649219124507178
46.36,2,10,10,122000,52,2022,1,1,44.436245,25.990248,0.6502375470161503,0.2289509184638142
51.15,2,1,5,205000,83,2016,1,-1,44.423817,26.080153,1.2775943509899226,0.2082638362744906
64.28,3,2,8,132000,10,1983,1,-1,44.382496,26.134476,0.3308679953586127,0.1840526374699462
66.95,3,7,10,125000,52,1979,1,-1,44.432625,26.009844,0.5520799735765869,0.2522970179554488
67.13,2,4,5,135000,12,2015,1,1,44.416443,26.012238,0.5297740119311518,0.2971331463003166
43.25,2,2,10,155000,88,2018,1,-1,44.41224,26.13099,0.2920029813950674,0.2364649990854882
65.0,3,8,8,134000,23,1984,1,-1,44.452446,26.053436,0.45854289043048,0.1531945062660583
61.24,3,3,10,149000,30,1975,1,-1,44.413136,26.02215,0.3431315138378252,0.0587991097099106
49.41,2,3,11,176000,44,2016,1,-1,44.442734,26.066154,0.4502876165022735,0.2409217988046251
44.5,2,6,6,105000,56,2009,1,-1,44.40766,26.1779,0.3437865580678168,0.2455446776122359
53.02,2,0,4,138000,52,1986,0,0,44.438034,26.020966,0.4407205729636731,0.1884065972604302
62.35,3,4,4,149000,30,1972,0,0,44.417255,26.017265,0.3690640456804852,0.1927099473652581
57.99,2,6,10,139000,39,2017,1,1,44.411716,26.015173,0.7885632377702372,0.1650078593993303
53.62,2,7,10,125000,52,1980,1,-1,44.433056,26.021875,0.1212541381313584,0.1181226432836077
58.96,2,11,12,250000,52,2022,1,-1,44.42764,26.031729,0.6353549846647675,0.0642576039151936
60.28,3,6,8,121000,79,1967,1,-1,44.416374,26.151173,0.8698569861432912,0.1010673085051884
60.0,3,0,4,124900,30,1976,0,-1,44.421597,26.04491,0.2982327960837105,0.2930161495041719
44.96,2,4,7,120000,14,1961,1,-1,44.419132,26.10411,0.4881745395161956,0.1792281132816025
74.08,3,0,11,304000,52,2018,1,1,44.429253,26.032177,0.5978583214246074,0.2355829094186479
78.73,2,5,6,250000,60,2011,1,-1,44.41618,26.086365,1.4624186667795331,0.2568130461885018
54.33,2,1,3,137000,52,2017,0,-1,44.431347,26.007896,0.4793810198364314,0.2351625682434163
183.0,3,8,8,164950,10,2025,1,0,44.38676,26.116875,0.8116367202193068,0.1547552464180386
130.0,5,0,1,200000,40,1959,0,1,44.46399,26.04035,1.1141711841885833,0.1407562117227611
82.0,3,4,8,263000,25,1996,0,0,44.42466,26.128735,0.9200682245280648,0.1649883440366043
38.0,2,1,4,57000,10,1973,0,0,44.387177,26.103209,1.3670261996232842,0.1728615211351911
46.3,1,9,11,169400,-1,2026,1,2,44.471096,26.1405,2.173577338815021,0.1177010980749845
68.24,3,4,4,117000,10,1977,0,-1,44.380184,26.130424,0.3986627240782521,0.2493860482013471
65.4,2,2,7,229000,16,2025,1,-1,44.4287,26.128868,0.8684950106950635,0.1778598267143384
75.0,3,8,10,203500,43,1976,1,-1,44.45195,26.070807,0.3074027700438642,0.1836758639347686
89.44,3,5,5,125900,48,2024,1,0,44.371635,26.116175,1.7635548217139332,0.107356559060711
40.84,2,2,7,76859,76,2027,0,-1,44.414692,26.203285,1.0626661059702116,0.9270396373005576
46.3,1,8,11,163350,-1,2026,1,2,44.47119,26.139881,2.1257027935025574,0.1514444043780858
76.2,3,4,7,300000,71,2026,1,-1,44.446064,26.120054,0.537560499772071,0.2393805809926307
55.0,2,3,7,199000,71,2026,1,-1,44.446064,26.120054,0.537560499772071,0.2393805809926307
65.3,3,0,8,137000,52,1979,1,-1,44.43145,26.02009,0.3090822233443721,0.109423889460811
74.0,3,2,7,290000,71,2026,1,-1,44.446064,26.120054,0.537560499772071,0.2393805809926307
53.0,2,10,10,107000,21,1970,1,0,44.45677,26.129929,0.8894188214258585,0.0299573112363702
75.0,3,1,7,150000,10,2018,0,-1,44.39319,26.1163,0.4772643425119352,0.3118186342190515
84.0,3,5,7,134000,48,2018,1,1,44.3683,26.1141,2.105772627327363,0.0301266674394779
68.0,2,3,7,155000,10,2018,1,-1,44.37945,26.129602,0.4587470663134272,0.1672785618522381
63.0,2,2,7,100500,48,2018,1,1,44.3683,26.1141,2.105772627327363,0.0301266674394779
39.32,2,2,7,72632,76,2026,0,-1,44.416576,26.20275,1.1987334819060418,0.9568738495677104
69.0,3,3,10,86500,74,1969,0,-1,44.457775,26.128275,0.9325840302095314,0.0340186541527951
53.0,2,11,11,127500,56,2021,1,1,44.410366,26.176817,0.1045372313646861,0.0179476461932136
58.3,3,8,10,119500,30,1974,1,0,44.414833,26.028664,0.4821487685855171,0.2142216009781589
79.0,3,2,7,141000,63,2018,0,1,44.361706,26.151562,1.018361119010632,0.2155241812371522
70.0,3,1,7,100500,48,2018,1,0,44.368717,26.11451,2.0520388161730856,0.071296043421974
43.0,2,0,7,83000,10,2018,1,0,44.376247,26.110863,1.982944334114916,0.1527381561648431
52.0,2,9,9,75000,10,2018,1,0,44.3825,26.1154,1.2843447803299983,0.067277614786385
41.0,2,10,14,61700,70,2009,1,0,44.389957,26.14239,1.2806104799477012,0.1082869182629467
52.0,2,2,7,329000,16,2023,1,-1,44.425274,26.093258,0.6913364434169905,0.2084864948153595
91.7,4,1,7,545000,16,2022,1,-1,44.425167,26.093334,0.6915872370944608,0.2107318712751681
90.0,3,2,7,115500,52,2026,1,1,44.440193,25.980131,1.3439195277264018,0.3899647232573741
141.69,4,2,6,240000,59,1940,0,-1,44.44394,26.09608,0.2374405486810025,0.1225055273174842
55.0,2,7,7,88500,48,2025,1,2,44.3669,26.114408,2.183406556925829,0.1322234962813698
102.6,3,7,11,308550,-1,2026,1,2,44.470963,26.14011,2.154050399292334,0.1505854290367118
53.0,2,6,9,179900,71,2015,1,0,44.44877,26.121101,0.2721521689213109,0.2208337284371883
83.0,3,1,4,375200,28,2026,1,0,44.451183,26.100426,0.4573331789308119,0.1623376604411425
45.53,1,1,7,117153,8,2027,1,-1,44.4928,26.10105,1.5178655776298222,0.447395896279292
58.31,2,1,7,137406,8,2027,1,-1,44.4928,26.10105,1.5178655776298222,0.447395896279292
53.81,2,1,7,146308,8,2027,1,-1,44.4928,26.10105,1.5178655776298222,0.447395896279292
36.0,1,1,4,68500,3,2026,1,1,44.37039,26.14049,0.3009417663429649,0.1163636602114362
65.67,2,1,10,94999,70,2008,1,1,44.3955,26.143024,1.6711417683863197,0.2920610324593276
46.3,1,7,11,157300,-1,2026,1,2,44.470955,26.140728,2.197039333435683,0.1181283093175596
134.0,4,0,8,1150000,61,2024,1,0,44.476284,26.115833,0.493296538602885,0.2015730399374596
90.0,4,8,8,189000,78,1982,1,1,44.40897,26.11639,0.8905812060037049,0.0591072415976879
45.0,2,4,8,199000,20,1976,1,-1,44.435974,26.094702,0.5064417824918445,0.1532699950339084
150.0,5,3,4,1090000,6,2004,1,0,44.463333,26.084099,0.3633887765496233,0.3072351776858708
137.0,4,2,3,800000,64,1998,0,0,44.469227,26.090862,0.4904858320628168,0.4892368634654166
136.4,4,2,11,338800,-1,2026,1,2,44.470898,26.13979,2.1358011630842744,0.1750015305782105
80.0,2,0,5,186092,73,2025,1,-1,44.50581,26.02926,0.4757137888399154,0.1857798199299957
93.19,3,2,5,258869,73,2025,1,-1,44.50581,26.02926,0.4757137888399154,0.1857798199299957
53.1,2,8,10,209000,88,2022,1,0,44.415436,26.121761,0.5793793904129328,0.4351091551270794
103.0,3,5,12,550000,5,2021,1,-1,44.48151,26.092373,0.6784212511015805,0.2222076254072638
49.0,2,1,4,86000,10,1977,0,0,44.38224,26.105694,1.7770132401976502,0.3677707547692508
74.0,3,0,1,160000,25,1930,0,1,44.42635,26.135536,0.6490062032685239,0.1434922383522768
135.0,2,7,7,1100000,6,2006,1,0,44.462624,26.076372,0.8901422666932627,0.2972780578119736
87.0,4,2,10,169990,82,1983,1,3,44.415356,26.04578,0.9439733836582428,0.0614998858950342
195.0,6,5,6,785000,35,2008,0,-1,44.46117,26.099155,1.069056041300768,0.1776639163068056
35.0,2,5,6,89900,48,2025,1,2,44.36118,26.149233,0.967586954650291,0.0237128524972479
80.0,3,8,8,270000,80,1982,1,0,44.435753,26.11359,0.8588461339543483,0.3031833891300752
68.0,3,0,8,179000,55,1979,0,0,44.445484,26.12934,0.5868492221523548,0.1502974237048203
88.0,4,1,2,310000,16,1934,0,-1,44.43411,26.113848,0.9006033972526462,0.1347990150039989
57.0,2,3,5,235000,8,2022,1,-1,44.49024,26.089342,1.5061606244116998,0.2746323235055685
47.0,3,0,1,250000,35,1938,0,1,44.46247,26.095182,0.803953595077301,0.1409937013013032
40.0,2,2,2,80000,53,1940,0,1,44.441593,26.119162,1.0071229807397286,0.1520327494546586
67.0,3,6,9,229900,28,1977,1,1,44.45718,26.09621,0.9004522205276256,0.06270692814241
54.0,2,2,5,119000,3,2018,1,3,44.379677,26.134386,0.0788767723391589,0.0829302502658792
66.0,4,6,9,184000,20,1961,1,0,44.43833,26.101088,0.3052358934283774,0.1252516175009559
72.0,3,3,4,169900,30,1986,0,-1,44.4199,26.05922,0.7236853609106186,0.12102379795226
65.0,3,4,10,129999,55,1975,1,0,44.44907,26.124672,0.105188251165328,0.0984745859829052
89.5,3,9,11,294000,-1,2026,1,2,44.47104,26.140213,2.1568523677776645,0.1388250955779057
68.0,3,10,10,142000,55,1978,0,1,44.44566,26.127443,0.5431559924830782,0.0513863833691986
85.0,4,11,14,139000,58,1979,0,0,44.44151,26.17871,0.9729013463940456,0.1808100925395659
70.0,3,5,5,119000,3,2026,1,2,44.370743,26.128258,1.134616085283884,0.079422109098978
88.0,3,0,2,460000,64,1940,0,0,44.465214,26.090319,0.3236547768487052,0.2397276139649711
55.0,2,5,7,98700,48,2025,1,2,44.36867,26.114674,2.0446209719315624,0.0700709199088806
93.0,4,0,5,471000,16,2022,1,0,44.42521,26.093246,0.6954844930516051,0.2156633134144027
37.0,2,1,4,52980,66,1970,0,3,44.40773,26.059158,2.0622459231950354,0.0108064373118168
59.0,2,1,5,103000,3,2026,1,2,44.37076,26.128315,1.13072374119244,0.0759831851914647
60.0,2,2,4,195000,89,2024,0,-1,44.51041,26.10424,3.4483065402161555,0.5542716876851589
98.0,3,1,1,220000,4,1938,0,-1,44.43947,26.111462,0.7979108866230561,0.2324606682136723
57.2,3,4,8,130000,40,1977,1,-1,44.459126,26.052885,0.4686136090930663,0.1548031474320069
80.0,3,1,8,249000,25,1995,1,0,44.428288,26.133163,0.6270399684114488,0.0378685864522082
73.3,2,8,11,171820,-1,2026,1,2,44.471275,26.140179,2.141622764969952,0.1261748598726993
50.0,2,1,6,106000,48,2025,1,2,44.3613,26.149061,0.9494877538739712,0.0134651112165114
108.75,4,1,6,204300,48,2026,1,0,44.368782,26.12087,1.665137829349592,0.1898436640343457
59.0,2,1,7,91000,48,2026,1,2,44.36124,26.149319,0.964822080049297,0.0303270245338569
51.0,2,9,10,87999,30,1971,1,0,44.42195,26.02953,0.3026717336093256,0.0669472843473064
62.0,3,3,10,115990,10,1969,1,0,44.381706,26.11514,1.3731408110512633,0.0401739586622605
64.32,2,10,10,194900,88,2008,1,0,44.4126,26.123884,0.279505265790369,0.3317320892592074
28.0,1,8,9,61500,42,1964,1,0,44.394054,26.092545,1.1955635292247493,0.154204975898252
85.99,3,1,9,173200,48,2025,1,0,44.3666,26.124887,1.5149983010160135,0.1183139686222493
45.0,2,0,8,105000,23,1981,1,-1,44.45849,26.052998,0.4992087565321765,0.0836729562723938
144.0,3,3,5,680000,35,2010,1,-1,44.470806,26.106867,1.0665361440673096,0.2260015394362671
50.0,2,4,10,122000,79,1968,1,1,44.424767,26.161444,0.1028687900430266,0.0906266833081138
85.4,3,11,20,369050,61,2026,0,2,44.47726,26.124271,0.716068249671988,0.1739680572552562
107.0,4,3,4,480000,87,2000,0,-1,44.448917,26.086697,0.3880949543537664,0.1803880601277701
162.65,4,4,6,600000,47,2008,1,-1,44.48684,26.089909,1.184933542946354,0.34071294199291
83.1,2,10,11,199650,-1,2026,1,2,44.47098,26.140053,2.1491897888486893,0.1528908781581423
54.0,2,3,11,152000,58,2026,1,-1,44.43771,26.164494,0.4648668771232298,0.1894506551558508
73.08,2,11,11,248050,61,2026,1,-1,44.477455,26.124477,0.7188898537847069,0.1479719611454957
38.0,2,0,3,71000,39,2015,0,1,44.405205,26.020546,1.2340698449823089,0.1249782003464592
82.0,3,0,3,215000,89,2024,0,-1,44.511288,26.103476,3.5592808365729725,0.4575839376093756
71.3,2,7,7,171820,-1,2026,1,2,44.47119,26.140339,2.1573190995527933,0.1206700691355955
50.0,2,10,11,172000,44,2018,1,-1,44.447227,26.063618,0.4687476317665176,0.0850755526474944
70.0,3,3,10,137999,82,1983,1,0,44.41582,26.04691,0.9273795763741748,0.114573626469612
61.0,3,7,10,123000,58,1962,0,-1,44.44138,26.133556,0.0602647477302887,0.0739119870511105
57.68,2,4,11,205000,52,2018,1,2,44.43774,26.017382,0.514666956033878,0.2179837448345945
90.3,3,7,11,264990,-1,2026,1,2,44.475574,26.139515,1.902745087904378,0.100054584336456
28.0,1,1,4,69999,20,1938,0,0,44.436108,26.100222,0.2044440012184373,0.1118144111575653
65.6,3,3,6,155000,3,2025,1,0,44.378418,26.13346,0.2001237614733289,0.1958708875109413
78.79,3,1,12,170400,48,2025,1,0,44.36698,26.125013,1.4984643119594632,0.1520811281616526
100.96,4,9,12,231400,48,2025,1,0,44.36698,26.125013,1.4984643119594632,0.1520811281616526
47.0,3,7,7,139001,16,1960,1,-1,44.427574,26.100649,0.0680824936239403,0.0841838008563089
73.25,3,2,9,143900,48,2025,1,0,44.3666,26.124887,1.5149983010160135,0.1183139686222493
78.79,3,2,12,162800,48,2025,1,0,44.36698,26.125013,1.4984643119594632,0.1520811281616526
86.0,4,1,4,179900,30,1967,0,2,44.42507,26.029366,0.3446756748421672,0.2187012712702725
85.99,3,1,9,162300,48,2025,1,0,44.3666,26.124887,1.5149983010160135,0.1183139686222493
34.25,1,2,6,70100,48,2025,1,0,44.368534,26.12119,1.667858298834167,0.1816399582346971
104.0,4,5,8,350000,38,1992,1,0,44.451756,26.083656,0.0567855243593273,0.0699072461214295
96.95,4,1,6,175000,48,2025,1,0,44.368534,26.12119,1.667858298834167,0.1816399582346971
73.25,3,1,9,155700,48,2025,1,0,44.3666,26.124887,1.5149983010160135,0.1183139686222493
77.95,3,1,12,195500,48,2025,1,0,44.36698,26.125013,1.4984643119594632,0.1520811281616526
53.0,2,2,6,119000,48,2018,1,-1,44.373352,26.129993,0.8147547387112828,0.0507470447241871
26.0,1,1,4,72000,23,1982,0,0,44.45345,26.046696,0.1967777872485822,0.09440976087632
96.95,3,2,6,125500,48,2025,1,0,44.368534,26.12119,1.667858298834167,0.1816399582346971
62.0,3,8,10,119500,30,1971,1,-1,44.415092,26.028925,0.49409591323274,0.2229644594096193
32.3,1,1,6,68000,63,2025,1,0,44.362534,26.149393,0.8433153962127715,0.1509336441289626
78.69,3,1,9,162800,48,2025,1,0,44.3666,26.124887,1.5149983010160135,0.1183139686222493
90.6,4,1,4,153440,48,2025,1,0,44.36773,26.114256,2.134405782907612,0.0403125087044948
72.0,3,8,9,139000,23,1984,0,-1,44.45393,26.05237,0.4360842658036677,0.0324446882538312
39.0,1,8,8,98000,15,1991,1,-1,44.43047,26.108366,0.6408682485773606,0.1288307325364272
77.95,3,2,12,165250,48,2025,1,0,44.36698,26.125013,1.4984643119594632,0.1520811281616526
18.0,1,10,10,41900,30,1970,0,-1,44.42419,26.03147,0.2811133996326741,0.2259468874443085
73.25,3,3,9,148800,48,2025,1,0,44.3666,26.124887,1.5149983010160135,0.1183139686222493
72.78,3,2,12,142900,48,2025,1,0,44.3666,26.124887,1.5149983010160135,0.1183139686222493
89.85,3,11,12,175300,48,2025,1,0,44.36698,26.125013,1.4984643119594632,0.1520811281616526
59.19,2,1,12,145050,48,2025,1,0,44.36698,26.125013,1.4984643119594632,0.1520811281616526
180.0,3,6,7,237000,76,2018,1,1,44.41681,26.194427,1.0090785405534766,0.4454748445736274
72.78,3,1,12,153400,48,2025,1,0,44.3666,26.124887,1.5149983010160135,0.1183139686222493
82.0,2,3,7,255254,-1,2018,1,1,44.408546,26.096775,0.4545915743360264,0.0451781788132729
55.0,2,0,7,170035,-1,2018,1,1,44.408546,26.096775,0.4545915743360264,0.0451781788132729
77.0,2,0,7,238855,-1,2018,1,1,44.408546,26.096775,0.4545915743360264,0.0451781788132729
69.0,2,3,7,80900,3,2018,1,1,44.378746,26.14747,0.9661251345318956,0.5724972388284737
57.0,2,1,7,82500,48,2018,1,1,44.368732,26.112698,2.169137103545672,0.1485953546825234
55.3,2,0,8,86500,48,2025,1,0,44.368748,26.124708,1.473660317396442,0.1608286353308264
68.0,3,4,7,83500,10,2018,0,0,44.3857,26.1206,0.8169241768630047,0.1656439675877814
99.28,3,11,12,198400,48,2025,1,0,44.36698,26.125013,1.4984643119594632,0.1520811281616526
53.25,2,10,10,120000,10,1982,1,0,44.394436,26.119007,0.3094873239864186,0.0694679410781664
80.5,3,3,6,129000,48,2025,1,0,44.3698,26.112396,2.12591706567998,0.2449872543988422
38.0,2,9,9,75000,10,2018,1,0,44.381,26.1097,1.6632724607372396,0.0267152631320289
66.0,3,8,8,113000,10,2018,1,0,44.383522,26.133854,0.4535350100998637,0.1799714401082468
41.0,2,4,4,75000,13,2012,0,-1,44.490276,26.039642,0.4316241615355837,0.3283176234244195
68.4,3,3,4,135000,79,1972,0,0,44.41677,26.165613,0.4941332950347958,0.0853628767671156
50.0,2,4,4,155000,5,1987,0,-1,44.483646,26.099575,0.5017046091738225,0.1095275230644447
73.67,3,1,12,155000,48,2025,1,0,44.3666,26.124887,1.5149983010160135,0.1183139686222493
62.85,2,2,12,127300,48,2025,1,0,44.36698,26.125013,1.4984643119594632,0.1520811281616526
74.0,3,8,8,144000,66,1989,1,0,44.417927,26.066885,1.2104090934556349,0.2667086361225547
35.0,1,3,4,93000,8,2022,1,-1,44.490967,26.097097,1.3366071528376338,0.5686175547047088
68.0,2,3,4,139999,48,2018,1,1,44.371765,26.122728,1.3292094943152577,0.1077261936330968
27.0,1,7,10,60000,79,1977,1,0,44.430576,26.170555,0.5573123781373442,0.3031313045470569
76.0,3,6,7,121999,48,2018,1,1,44.3738,26.125828,0.9948631839233714,0.3051713278763243
69.0,2,2,7,111899,48,2018,1,1,44.3738,26.125828,0.9948631839233714,0.3051713278763243
68.0,2,2,7,108999,48,2018,1,1,44.3738,26.125828,0.9948631839233714,0.3051713278763243
66.0,2,3,7,105999,48,2018,1,1,44.3738,26.125828,0.9948631839233714,0.3051713278763243
40.0,1,6,7,66999,48,2018,1,1,44.3738,26.125828,0.9948631839233714,0.3051713278763243
39.0,1,6,7,64999,48,2018,1,1,44.3738,26.125828,0.9948631839233714,0.3051713278763243
36.0,1,6,7,60999,48,2018,1,1,44.3738,26.125828,0.9948631839233714,0.3051713278763243
52.0,2,2,8,90000,67,2013,1,1,44.44205,25.984,1.38168821192657,0.3008556880542187
65.0,3,1,2,157000,16,1936,0,3,44.426163,26.09352,0.6321949736643715,0.1076586225557388
52.0,2,1,4,110000,55,1962,0,0,44.448547,26.138721,0.9557896179144084,0.1416194900823438
71.0,3,1,5,259000,86,2014,1,0,44.503834,26.043392,1.3833774352731252,0.0446228758943382
47.2,2,6,8,84900,66,2021,1,-1,44.388447,26.062117,3.245099977357204,0.168117038215271
49.2,2,2,9,85900,3,2025,1,2,44.373066,26.129911,0.8453217461856254,0.0786820415273728
101.65,3,1,9,284950,83,2025,1,2,44.41987,26.077402,1.5982786286191335,0.0903978983008206
76.65,2,1,5,111000,39,2025,1,-1,44.408573,26.024534,0.8554160078702877,0.1147342391292045
61.03,2,2,11,118800,3,2025,1,2,44.36876,26.129395,1.1346704961585403,0.2233316121300458
31.0,1,1,9,54500,10,1969,1,-1,44.379078,26.126722,0.689722516627922,0.0658229249165901
41.5,1,1,3,56900,33,2025,0,-1,44.394936,26.084736,1.4006478198854364,0.2777427875214017
61.0,2,2,6,98000,48,2026,1,0,44.368427,26.114548,2.068788017511681,0.0412903928421736
59.0,2,4,6,95500,48,2026,1,-1,44.36891,26.114805,2.020450448682015,0.0987125822412972
83.0,3,1,3,215000,76,2023,1,1,44.418915,26.198746,1.2962729281903629,0.5637326815937278
87.0,3,1,6,375000,28,1981,1,0,44.450596,26.09908,0.547815557133785,0.2686781072028382
52.0,2,9,10,104999,30,1972,1,3,44.414604,26.025824,0.2911779750791173,0.1699183289206667
62.0,2,1,9,219000,44,2018,1,5,44.4411,26.057213,0.3172495423453377,0.1859123332109383
58.0,2,1,6,114900,48,2016,1,1,44.37357,26.1225,1.2225077322032454,0.0706565378900082
34.0,1,0,10,81000,52,1981,1,3,44.433197,26.02189,0.1071385617315188,0.1031995943460722
84.0,2,4,11,249000,44,2009,1,5,44.442383,26.061232,0.0716225062898756,0.0704260878197714
82.0,4,4,4,120000,42,1975,0,0,44.38495,26.099073,1.726629427750925,0.2014915225015933
48.0,2,9,10,93000,53,1965,1,3,44.4436,26.12878,0.4530883499157967,0.0635876437182164
76.0,3,1,3,239900,23,2026,1,5,44.44894,26.047451,0.3230710362752195,0.2343773002673699
83.0,3,2,8,297900,83,1984,1,2,44.42366,26.073904,1.1146648833367676,0.0300588332676459
58.0,3,8,10,119000,30,1971,1,-1,44.415318,26.029083,0.500886161870934,0.2374266457170022
82.0,3,1,2,279999,16,1938,0,1,44.426853,26.128578,1.002477687205968,0.1121172547034267
55.0,2,9,9,144000,55,1981,1,0,44.449223,26.12378,0.0831184469000996,0.1656504704773691
41.0,2,9,11,75000,70,2008,1,0,44.398655,26.14361,1.808428950778264,0.0817431729043738
65.0,2,2,7,140000,76,2017,1,1,44.410736,26.199972,0.5727971957440011,0.4215675495736683
83.0,4,8,8,179000,10,1983,1,-1,44.38032,26.125935,0.7542871402933023,0.0608728376279604
42.0,2,5,10,75000,20,1974,1,0,44.436142,26.102684,0.0318356974740161,0.0786614073336896
73.0,3,7,10,143000,52,1979,0,-1,44.43314,26.032677,0.1732509721831277,0.1622269708433458
42.0,1,3,4,100000,88,1988,0,0,44.4187,26.132631,0.5894440479411822,0.2495309118588724
41.0,2,8,8,127000,44,2021,1,-1,44.443604,26.054157,0.511210746476472,0.1261845949516547
53.3,2,1,5,210000,47,2022,1,-1,44.4794,26.089987,0.815869011516307,0.2244012818450957
40.0,1,7,7,69000,69,1997,0,-1,44.411915,26.165411,0.3672503175629779,0.0934167788063831
72.0,3,3,3,233000,22,1940,0,3,44.432625,26.077005,0.2859468254787,0.1947172401604427
70.0,2,11,12,169900,10,2009,1,0,44.391216,26.129967,0.639070906929232,0.2173476260267475
87.0,2,10,11,157000,76,2025,1,0,44.414257,26.198477,0.8036682425033012,0.7953802016753366
53.0,2,4,4,91000,21,1990,0,3,44.46605,26.141533,2.263380467156439,0.2016935222515634
52.0,2,2,4,329000,16,2023,1,-1,44.42521,26.093246,0.6954844930516051,0.2156633134144027
93.0,4,1,4,545000,16,2023,1,-1,44.42521,26.093246,0.6954844930516051,0.2156633134144027
41.0,1,6,10,74900,66,2026,1,-1,44.388447,26.062117,3.245099977357204,0.168117038215271
40.0,1,1,10,88500,10,1986,1,0,44.381622,26.13187,0.3584207330108647,0.0946058275996989
177.0,4,2,2,369000,23,2026,0,1,44.44999,26.047762,0.2056239340829423,0.1243121361380047
62.0,3,8,8,119500,30,2018,0,-1,44.416145,26.022675,0.0175762919136052,0.0476773032918085
48.0,2,5,9,119000,20,1940,0,0,44.437572,26.095388,0.6164398649945148,0.0251853255773252
51.0,2,0,10,115000,79,1968,0,1,44.42411,26.175734,1.0407855147866971,0.0488222971278086
16.0,1,2,4,33500,56,1976,0,0,44.407673,26.17736,0.3208363649938512,0.2541810122775983
41.63,2,10,11,95000,52,1976,1,0,44.436165,26.037592,0.3597781852701223,0.2199333644068973
63.4,3,4,4,134900,88,1981,0,1,44.41295,26.136286,0.718782994799043,0.1887514409412264
61.3,2,1,3,86899,76,2025,1,0,44.41205,26.20381,0.8029966217416582,0.6786332277725279
48.0,2,1,10,94000,79,1972,1,1,44.422314,26.174765,1.0050188134276508,0.1892109444454084
55.0,2,8,8,95000,66,1986,1,0,44.414318,26.06162,1.3725260711380696,0.0263050748981981
66.5,2,5,7,98700,48,2025,1,2,44.36867,26.114674,2.0446209719315624,0.0700709199088806
74.27,3,4,8,340000,38,2009,1,0,44.451668,26.073359,0.4584226925816413,0.1278555793034617
63.0,3,1,8,132500,82,1983,1,-1,44.416515,26.047188,0.8671180040823725,0.1671492469931066
64.0,3,5,7,95000,10,2014,0,-1,44.382996,26.109913,1.4806986267647464,0.1851478073047069
48.85,2,9,10,105000,30,1971,0,-1,44.41667,26.026155,0.2649161204131788,0.1691028346658514
62.0,3,9,10,105500,74,1976,0,3,44.465103,26.118927,1.7243799101819473,0.3860799528203815
55.0,3,-1,6,80000,67,2018,1,0,44.442436,25.995415,1.1189664023747048,0.5603125006687615
47.0,2,5,7,89900,0,1963,1,-1,44.468056,26.05289,0.3923692671922933,0.0704698362862289
55.0,2,7,7,88500,48,2025,1,2,44.36681,26.114107,2.2081457107066536,0.1432682404011987
54.0,3,2,4,139000,57,1970,0,1,44.48108,26.044727,0.3510678853103832,0.1563602506623053
40.0,1,1,7,110000,25,1990,1,-1,44.42951,26.13569,0.3962982743221505,0.262156977959377
80.2,3,3,6,134000,48,2025,1,0,44.36773,26.114256,2.134405782907612,0.0403125087044948
259.69,4,11,12,343640,50,2025,1,0,44.427998,26.208958,1.9208281763486807,0.1203500824943628
247.1,4,11,12,332750,50,2025,1,0,44.427998,26.208958,1.9208281763486807,0.1203500824943628
246.07,4,11,12,332750,50,2025,1,0,44.427998,26.208958,1.9208281763486807,0.1203500824943628
183.09,3,11,12,235950,50,2025,1,0,44.427998,26.208958,1.9208281763486807,0.1203500824943628
47.05,2,5,7,111000,65,2025,1,0,44.37607,26.102432,2.452213176543265,0.1632326240196666
38.0,1,1,7,125000,54,2002,1,-1,44.42323,26.11844,0.8319657780612963,0.0399202425206565
49.0,2,5,5,68500,3,2026,1,3,44.373066,26.129911,0.8453217461856254,0.0786820415273728
63.45,2,4,7,135000,24,2008,0,1,44.490307,26.066938,2.241136054279919,0.2158106520713489
34.0,1,6,10,79990,25,1980,0,6,44.422497,26.136831,0.2424125690781959,0.2539306404942299
56.2,2,4,8,114900,39,2021,1,1,44.41006,26.004793,1.4127203095854275,0.13729186667929
56.0,2,4,6,115000,48,2023,0,-1,44.368816,26.112122,2.2022217279947207,0.1937125448200723
47.3,2,3,7,74900,25,1940,1,0,44.4321,26.137686,0.0733435192952277,0.0269064481446132
69.0,3,3,10,103990,66,1978,1,0,44.407986,26.072231,1.9475357253223,0.3152273473231899
48.0,2,2,4,118500,39,2025,1,-1,44.41075,26.02754,0.707330600220245,0.1072078453179298
90.0,3,5,7,125900,48,2018,1,1,44.373016,26.113146,1.911677502957417,0.2667964650195877
60.0,2,8,8,82000,21,1985,1,0,44.464558,26.142895,2.205945052381409,0.1829530218586652
55.0,2,0,10,97800,29,1968,1,0,44.418034,26.143143,0.4651363876869595,0.203379691082993
54.3,2,10,10,98500,52,1980,1,-1,44.43163,26.030535,0.4074592128401877,0.2842017056855377
67.0,3,4,4,107000,10,1967,0,-1,44.38105,26.1198,1.2480692546803704,0.2642103762311842
107.0,3,1,16,345000,61,2011,1,0,44.47836,26.11627,0.2599645637991844,0.084819219921903
43.7,2,0,7,79000,65,2025,1,0,44.37607,26.102432,2.452213176543265,0.1632326240196666
50.67,2,8,10,159000,25,2012,1,0,44.43119,26.131367,0.5793742819745865,0.1543822044427846
78.87,4,2,10,169999,82,1982,1,0,44.41569,26.04578,0.9086326746996308,0.0940929096689357
78.0,4,9,10,160000,52,1975,1,0,44.435406,26.03712,0.2896080573907157,0.1587281218469723
245.88,4,11,12,332750,50,2025,1,0,44.427998,26.208958,1.9208281763486807,0.1203500824943628
160.54,3,11,12,235950,50,2025,1,0,44.427998,26.208958,1.9208281763486807,0.1203500824943628
67.0,3,3,8,200000,-1,1985,1,0,44.40483,26.121302,0.9357903355311232,0.08083686638452
39.0,1,1,4,89000,52,1990,0,-1,44.443146,26.033466,0.9593322908996604,0.2021489466986301
72.0,3,5,10,134000,30,1980,1,-1,44.421608,26.020546,0.1877700949611746,0.0773882214737506
46.1,2,0,5,179000,47,2003,1,-1,44.48439,26.088245,1.1168829079289857,0.315290210638173
47.2,2,3,5,76700,48,2026,1,0,44.369,26.110554,2.297232094307923,0.3172688070097183
33.0,1,11,11,73000,29,2009,1,-1,44.420856,26.148424,0.7316379307922776,0.3265677421126552
74.9,3,5,5,136791,3,2025,1,0,44.378445,26.14511,0.7844010968420156,0.5993047000627543
51.0,2,9,10,105000,30,1971,1,-1,44.415085,26.0272,0.3630303182842037,0.2410376241911844
28.0,1,1,4,72000,23,1985,0,-1,44.454403,26.046833,0.2937061867203933,0.1851414373109038
257.0,5,6,8,1175000,61,2016,1,-1,44.474613,26.111794,0.776367737849834,0.2182935534382215
83.9,3,1,4,136640,48,2025,1,0,44.36773,26.114256,2.134405782907612,0.0403125087044948
48.0,2,0,4,100000,39,2025,1,-1,44.41001,26.0278,0.7887046027312548,0.0532965661785848
34.0,1,11,11,72900,79,2009,1,0,44.422718,26.179907,1.380830469141497,0.2010772535235506
73.45,3,0,7,141000,65,2025,1,0,44.37607,26.102432,2.452213176543265,0.1632326240196666
49.0,2,9,10,105000,30,1971,1,-1,44.415176,26.027393,0.3743835113768233,0.2522412365682777
70.95,3,7,7,155000,65,2025,1,0,44.37607,26.102432,2.452213176543265,0.1632326240196666
78.46,2,0,12,127050,50,2025,1,0,44.427998,26.208958,1.9208281763486807,0.1203500824943628
34.0,1,6,10,80000,25,1980,0,-1,44.4221,26.136818,0.2185946356657837,0.2496237984660623
57.2,3,4,8,130000,23,1976,1,0,44.458263,26.052944,0.5179418565622359,0.058832211357487
122.0,4,4,8,252000,28,1987,1,0,44.451954,26.088442,0.3279796579157091,0.1108386787694522
50.0,2,2,3,129000,76,2018,1,-1,44.41918,26.19926,1.3364807781834391,0.595414373799316
53.0,2,11,11,127500,76,2021,1,1,44.40456,26.20724,0.1506226095847369,0.2293359207125183
108.8,3,0,12,176660,50,2025,1,0,44.427998,26.208958,1.9208281763486807,0.1203500824943628
42.0,2,2,7,65000,52,2026,1,0,44.437683,25.987816,0.82912242673103,0.2089194749768586
101.0,3,3,5,410000,47,2023,0,-1,44.481224,26.089497,0.8845607841388172,0.3229153586404669
71.05,3,1,2,123250,76,2026,1,0,44.41277,26.191763,0.5897225215875054,0.5351192863168143
68.0,3,4,4,115000,10,1969,0,-1,44.37764,26.11492,1.6397379487430654,0.2319864254559328
71.5,3,8,10,189999,43,1982,1,0,44.46206,26.071844,1.0984763407909388,0.0677183669510584
52.0,2,0,7,94000,65,2025,1,0,44.37607,26.102432,2.452213176543265,0.1632326240196666
32.0,1,0,8,73000,52,1981,0,-1,44.43811,26.024506,0.513415903488961,0.0949850897770625
79.0,4,7,10,160000,10,1982,0,-1,44.38336,26.11536,1.200010287532715,0.1624645701854592
48.85,2,9,10,105000,30,1971,1,1,44.41495,26.027617,0.3992749839472629,0.2773356384763658
79.0,4,2,10,157500,82,1974,1,0,44.41617,26.051094,1.0091070390883057,0.1334878732739369
58.17,2,3,3,90909,37,2026,1,0,44.46111,26.160803,2.9267614759859444,0.1757247638885107
95.98,3,1,7,148700,76,2027,0,-1,44.412785,26.195797,0.5770141435984992,0.616856489646861
75.0,4,1,4,170000,79,1968,0,1,44.415,26.158487,0.2819884427764452,0.189449155838343
33.0,1,11,11,73000,79,2009,1,-1,44.422523,26.180498,1.386170880733925,0.1526633261552023
41.0,1,2,6,75500,48,2026,1,2,44.36124,26.149405,0.96802398131389,0.0371422349673093
120.0,4,1,1,270000,77,1938,0,1,44.42018,26.10534,0.6050211261594626,0.1342218436124698
51.0,2,10,10,193000,61,2024,1,-1,44.477837,26.106441,0.5116370719591352,0.2377969354180485
84.9,3,9,9,380000,61,2024,1,-1,44.477837,26.106441,0.5116370719591352,0.2377969354180485
79.51,3,2,12,154910,48,2025,1,0,44.367184,26.124887,1.505298866868684,0.1768338473837444
70.0,3,9,10,93000,10,2026,1,0,44.379196,26.103376,2.1443628589734645,0.2164747416458663
59.0,2,11,13,245000,52,2022,0,0,44.427856,26.030907,0.6513420041585022,0.0657831815945501
76.0,3,1,7,122500,48,2018,1,1,44.3683,26.1141,2.105772627327363,0.0301266674394779
122.0,5,1,12,470000,54,2021,0,-1,44.41863,26.115005,0.252494728042883,0.0956894407063199
37.0,2,7,10,100000,35,2018,0,-1,44.45519,26.099579,0.557224945873139,0.1123099277581012
67.0,3,0,10,123000,10,1972,1,3,44.38287,26.11017,1.4778002755448796,0.2000238002954891
132.2,3,7,7,484500,16,2025,1,-1,44.42746,26.122889,1.3550195219020489,0.2079371891787266
61.0,2,0,3,115000,37,2025,1,1,44.47051,26.173084,3.6606885778861287,0.139233654671234
82.6,2,7,7,331075,16,2025,1,-1,44.42746,26.122889,1.3550195219020489,0.2079371891787266
58.0,2,1,3,137000,52,2017,0,1,44.43152,26.00849,0.506190903947372,0.269661814899935
27.94,1,9,9,70000,30,1965,1,0,44.423546,26.040827,0.1091612964608391,0.0745788472610023
38.0,2,1,4,57000,10,1969,0,1,44.38748,26.10246,1.3573567893294551,0.2058805225053671
47.0,1,0,6,61200,3,2026,1,3,44.373066,26.129911,0.8453217461856254,0.0786820415273728
54.0,2,7,10,115000,74,2018,0,-1,44.4613,26.117157,1.3111604992391743,0.1187163991900128
85.43,3,2,12,164560,50,2025,1,0,44.427998,26.208958,1.9208281763486807,0.1203500824943628
27.0,1,0,4,49990,52,2025,1,0,44.43774,26.017382,0.514666956033878,0.2179837448345945
74.15,3,8,8,138000,66,1986,1,-1,44.412987,26.066378,1.6484416927044916,0.400138204054149
38.0,1,1,4,61776,76,2026,0,3,44.414295,26.201166,0.9197237613536272,0.8281945210412937
89.0,3,1,3,225000,32,1930,0,-1,44.438774,26.10412,0.3408731226323742,0.2733046824255734
79.0,4,2,10,170000,82,1983,1,-1,44.415443,26.045528,0.9288540748853492,0.0817796238733899
89.0,4,1,8,129900,66,1985,1,0,44.407787,26.075804,1.6654069600094743,0.0306230182194561
274.89,5,11,12,1999000,47,2021,1,0,44.47584,26.092422,0.7235901572828592,0.3961812012505746
104.9,3,0,5,259000,73,2019,0,0,44.505886,26.031454,0.6216398181692505,0.3431494062369813
44.0,2,2,7,135000,28,1940,0,-1,44.455574,26.090305,0.6226116459173053,0.3526633909756648
78.0,3,1,3,198750,76,2026,0,1,44.41605,26.193666,0.9249187792199388,0.5032160975780438
45.0,2,2,3,115900,76,2026,0,0,44.41605,26.193666,0.9249187792199388,0.5032160975780438
82.25,1,0,3,87000,76,2026,1,0,44.416985,26.198282,1.0803479633607964,0.6299341483797296
50.0,2,3,3,186250,76,2026,0,1,44.41605,26.193666,0.9249187792199388,0.5032160975780438
63.81,2,5,10,115000,48,2021,1,0,44.35917,26.13337,1.358419757260292,0.3215029737141827
29.0,1,2,3,77000,76,2026,0,0,44.41605,26.193666,0.9249187792199388,0.5032160975780438
78.74,3,3,11,149600,79,2026,1,1,44.421543,26.18263,1.378200894108036,0.1073829179800513
34.0,2,4,4,58000,52,2022,1,0,44.436947,25.987387,0.7581623978013879,0.1247971828024021
68.0,3,4,4,138000,23,1984,0,-1,44.45349,26.04254,0.4504268914854383,0.301864614864447
31.0,1,8,10,98000,43,1982,1,-1,44.452408,26.076155,0.6491903677537325,0.1740899126758798
52.0,2,3,4,82480,52,2025,1,0,44.43805,25.987558,0.873440292739618,0.247633955735539
93.05,3,0,6,118700,48,2025,1,2,44.37648,26.127348,0.7253715759977117,0.3076361250981719
45.0,1,1,7,69500,63,2026,1,2,44.360867,26.151379,1.0850682272416898,0.1978204192323825
32.0,1,5,5,48999,52,2026,1,0,44.439316,25.987587,1.010610766320169,0.2117751038248736
40.0,1,1,4,89000,52,1990,0,2,44.44253,26.03244,0.8961832417168467,0.2961219118202152
37.0,1,0,4,89900,10,2020,0,1,44.38994,26.12506,0.3999030792777545,0.1350934386457816
150.27,3,0,7,154000,76,2026,0,-1,44.41893,26.204273,1.483451993390864,0.9431298297828938
58.0,2,2,6,82500,48,2026,0,3,44.36838,26.11189,2.244282876671593,0.1971221891575386
40.0,1,3,3,52892,37,2026,1,0,44.46111,26.160803,2.9267614759859444,0.1757247638885107
258.87,5,9,10,1999000,74,2010,1,1,44.465405,26.118696,1.7068605592627897,0.4187590098423047
34.43,2,-1,3,87900,35,1954,0,0,44.461525,26.106422,0.9738161424611812,0.0778815970126059
27.0,1,1,4,72000,23,1982,0,0,44.454227,26.046083,0.295689610170433,0.1894127807511341
77.08,3,1,7,154052,48,2025,1,0,44.367184,26.124887,1.505298866868684,0.1768338473837444
70.0,3,1,8,149900,23,1985,0,0,44.4553,26.050318,0.4365360027469425,0.1953170663985006
68.0,2,5,6,82800,3,2026,1,2,44.373066,26.129911,0.8453217461856254,0.0786820415273728
47.0,2,6,9,80000,49,1964,1,-1,44.439667,26.133085,0.1418954763296206,0.1856815006614194
44.74,2,0,3,99000,10,2014,0,1,44.389294,26.104448,1.1122238264946285,0.1257110055710997
43.0,2,6,6,66115,48,2026,1,0,44.373352,26.129993,0.8147547387112828,0.0507470447241871
63.19,2,2,7,91626,76,2025,1,-1,44.419094,26.199455,1.3322369145895498,0.6127098876984916
52.76,2,6,7,169000,61,2021,1,0,44.48538,26.1086,0.8235192062606578,0.1765783389794602
53.0,2,2,4,119000,48,2018,0,1,44.36887,26.12729,1.3018652421410395,0.0880148644253871
73.99,3,2,12,149572,48,2025,1,0,44.367184,26.124887,1.505298866868684,0.1768338473837444
18.0,1,9,10,35000,58,1975,0,-1,44.442345,26.166782,0.787701772486874,0.0422515151814453
77.01,3,1,12,153702,48,2025,1,0,44.367184,26.124887,1.505298866868684,0.1768338473837444
54.0,2,2,6,185000,71,2026,1,-1,44.446064,26.120054,0.537560499772071,0.2393805809926307
47.04,2,2,7,76264,76,2025,0,-1,44.417343,26.203367,1.2967421169919264,0.967746773847387
50.4,2,2,3,159999,71,2020,0,0,44.448547,26.118067,0.5044901208021147,0.1471708884577592
63.75,2,2,7,93438,76,2025,1,-1,44.417305,26.203373,1.2935353965973646,0.9696889663748182
48.59,3,1,10,125000,52,1976,1,-1,44.43296,26.02628,0.4107766262644968,0.1424449859908783
37.76,2,2,11,86900,48,2025,1,0,44.368217,26.124458,1.528966142001153,0.1779039584585298
70.0,3,1,10,139900,79,1974,1,0,44.412632,26.165949,0.3768660471167236,0.0790566160769554
79.45,3,3,12,154665,48,2025,1,0,44.367184,26.124887,1.505298866868684,0.1768338473837444
85.35,3,7,12,164570,48,2025,1,0,44.367184,26.124887,1.505298866868684,0.1768338473837444
49.0,2,0,8,77999,21,1978,1,-1,44.4692,26.14189,2.376660241634635,0.0496913799598872
45.0,1,1,7,57438,48,2027,1,2,44.361423,26.149233,0.9436364357496958,0.0328035265234592
75.8,3,2,6,139900,48,2025,1,0,44.368534,26.12119,1.667858298834167,0.1816399582346971
125.01,5,0,3,735000,28,1940,0,0,44.455837,26.092285,0.7656668582506134,0.3584033598612388
48.0,2,2,9,101500,10,1974,1,0,44.39679,26.116869,0.6072004774830584,0.1513262990016783
38.4,1,5,6,74500,48,2021,1,2,44.36087,26.149147,0.9953582670146428,0.0418764339485818
79.45,3,1,12,165532,48,2025,1,0,44.367184,26.124887,1.505298866868684,0.1768338473837444
48.0,2,4,4,114000,79,2019,1,0,44.41423,26.188793,0.8362646983669225,0.6588222029774158
68.0,3,1,4,117500,10,1969,0,0,44.381954,26.111137,1.510075742572851,0.132422684240416
35.2,2,10,10,64900,30,1973,0,-1,44.42559,26.01929,0.5845784079696411,0.1497058069398093
80.0,3,2,3,135000,49,1940,0,0,44.438705,26.12243,0.8834385446348698,0.0869594867443814
31.0,1,2,7,69000,59,1940,0,0,44.446957,26.099756,0.2161853565457895,0.0371743009394264
50.0,2,8,8,83500,10,1982,1,0,44.3854,26.130596,0.7492436528551374,0.1952314960569847
65.0,3,4,10,134000,29,1970,1,-1,44.42341,26.141693,0.3198169153400519,0.2877324042860774
30.0,1,7,8,73500,29,1983,1,-1,44.41827,26.139994,0.3249956851681607,0.113985290006595
57.46,2,4,6,106000,63,2024,1,0,44.362988,26.15142,0.9025882353690023,0.2787909628835879
74.0,3,6,8,184000,88,2018,1,0,44.417095,26.128569,0.568121777492857,0.0699534999318274
71.0,3,5,5,155000,3,2017,1,-1,44.367634,26.13396,0.7847942918957485,0.0678844690809218
78.0,3,0,8,128000,48,2026,1,0,44.371048,26.123215,1.3548493051664372,0.0401423221274315
50.0,2,1,6,106000,48,2025,1,2,44.36124,26.149319,0.964822080049297,0.0303270245338569
73.0,3,2,7,118500,48,2018,1,1,44.36668,26.119368,1.9179683721048024,0.073044580449657
73.0,2,5,7,124500,48,2018,1,1,44.36668,26.119368,1.9179683721048024,0.073044580449657
109.0,3,1,5,283000,88,2025,0,0,44.41657,26.120228,0.5449083252616063,0.434256082532039
143.0,4,4,5,190000,48,2023,1,0,44.368526,26.114458,2.0679460580864606,0.049659470569654
59.0,2,1,7,95500,48,2018,1,1,44.3683,26.1141,2.105772627327363,0.0301266674394779
32.0,1,1,7,58000,48,2018,1,1,44.3683,26.1141,2.105772627327363,0.0301266674394779
56.9,2,5,5,79752,48,2025,1,0,44.36773,26.114256,2.134405782907612,0.0403125087044948
65.0,2,1,7,98000,48,2026,1,2,44.361546,26.149319,0.9348431207732448,0.0475297312469089
19.0,1,4,44,38000,25,1975,0,-1,44.428555,26.132774,0.6270133321008184,0.0228712275871144
48.0,2,4,4,73599,10,1976,0,1,44.38065,26.127647,0.6250608739086159,0.0890652575980427
62.39,2,2,7,199000,15,2013,1,-1,44.42735,26.105667,0.3818713596339913,0.1213623112034749
30.0,1,5,5,70000,63,2016,1,1,44.36443,26.14796,0.6046116949327798,0.3657565112125361
84.0,3,1,5,127000,3,2026,1,2,44.37095,26.12836,1.1106284562830588,0.0550917762534736
88.0,2,3,5,354000,47,2025,1,0,44.48214,26.09126,0.7874802585172491,0.2179337993249961
36.0,1,3,4,95000,88,1989,0,0,44.418392,26.126106,0.7102388463873124,0.1904599808549968
45.0,2,6,7,105000,60,1965,1,0,44.408215,26.091026,0.5874989778808676,0.0499589103912256
52.0,2,0,8,109900,23,1982,1,0,44.455475,26.043303,0.5352447224638258,0.0833659786992041
73.0,4,2,8,167000,10,1981,1,0,44.38564,26.132658,0.7064334481657644,0.3396360707607488
60.0,2,1,5,157000,10,2016,1,-1,44.387997,26.110111,1.113735562601366,0.0939236530338827
46.0,2,3,7,69900,42,1965,1,0,44.384407,26.088839,2.263814166154197,0.3216857439154004
73.0,4,2,8,167000,10,1981,1,0,44.38536,26.13222,0.6887294129111621,0.314632965817404
70.55,2,11,16,240000,61,2009,1,0,44.476704,26.116318,0.443234319934439,0.1423849366336292
33.0,1,0,7,63000,78,1930,0,0,44.414154,26.109762,0.4014398694657915,0.1837627289706249
32.0,1,5,7,73000,48,2022,1,0,44.362965,26.116451,2.2625629044429467,0.1467570546788232
61.0,2,1,7,92500,48,2026,1,2,44.36112,26.149147,0.9704379770079568,0.0196819234167541
114.13,4,5,5,475000,72,2014,1,0,44.43721,26.082376,0.5882677614812895,0.038311129548807
43.4,2,2,8,84990,10,1963,1,0,44.389393,26.109825,1.040117058108137,0.0155079252941025
76.0,3,2,12,250000,66,2022,1,0,44.412,26.079784,1.5527139469152509,0.1609958515842408
62.73,3,4,10,144900,74,1975,1,0,44.4518,26.123222,0.2198127194554296,0.2226592365483537
52.0,2,10,10,80000,79,1976,1,0,44.41582,26.178679,0.669593088160493,0.3407708265973874
64.0,3,4,4,104900,30,1971,0,0,44.41762,26.027393,0.391885993673856,0.0393177278058709
59.76,3,9,9,96500,30,1963,1,0,44.41957,26.04353,0.4442721681085919,0.1677666135833414
58.0,2,8,8,175999,25,1999,1,0,44.429134,26.133307,0.5520331322383637,0.0990890531437546
48.0,2,0,10,99000,49,1963,1,0,44.437588,26.133787,0.3769450621778138,0.1167583523585011
45.0,2,6,7,105000,60,1965,1,0,44.40829,26.091587,0.5631698588901268,0.054883503430386
49.03,2,8,10,94500,58,1976,1,0,44.442707,26.161938,0.9981808921901688,0.1081288901431991
45.0,2,4,7,120000,-1,1965,1,-1,44.404682,26.096458,0.0283341103012975,0.0402669406941575
80.0,4,6,10,169999,10,2018,1,0,44.389244,26.130936,0.8004030797240209,0.1218678303764963
155.0,4,4,5,671000,47,2025,1,1,44.482193,26.09073,0.8281980461191377,0.2302346637048293
84.0,4,2,6,365000,59,1983,1,0,44.442493,26.1009,0.4511990910901223,0.1834809565116496
76.29,3,6,12,144305,48,2025,1,0,44.367184,26.124887,1.505298866868684,0.1768338473837444
52.0,1,0,5,71500,52,2010,0,3,44.434994,26.02651,0.4221155095748091,0.1415140356084398
49.0,2,0,3,83000,65,2024,1,-1,44.37177,26.090322,3.348301263510709,0.1699541859182163
68.0,3,2,8,135000,10,1982,1,-1,44.381294,26.1333,0.2509783467045273,0.1258282428621305
83.0,4,0,5,368000,86,2020,1,-1,44.502857,26.05003,1.7166747001779847,0.0536806863654158
49.0,2,3,4,99000,48,2020,0,1,44.367523,26.114399,2.1398403176450964,0.0630244064998349
80.0,3,3,3,215000,35,1939,0,-1,44.46019,26.09467,0.9288316942722618,0.0706405478007056
68.0,3,1,4,117500,10,1969,0,-1,44.38288,26.110071,1.4821020062161934,0.1983328493302717
55.0,2,1,4,220000,86,2025,1,1,44.50513,26.0617,2.648066570749697,0.3777823366301482
52.0,2,3,9,108000,79,1965,0,0,44.430115,26.14726,0.7488023865945788,0.3296073197964063
52.0,2,3,9,108000,79,1965,0,0,44.43016,26.147991,0.8017573030751752,0.3131144826275847
47.25,2,5,10,84900,66,2026,1,-1,44.388447,26.062117,3.245099977357204,0.168117038215271
96.15,3,5,5,139000,39,2025,1,-1,44.408573,26.024534,0.8554160078702877,0.1147342391292045
83.62,3,1,9,230860,83,2025,1,2,44.41987,26.077402,1.5982786286191335,0.0903978983008206
90.28,3,2,5,150000,63,2026,1,2,44.382652,26.150482,1.2482255637308182,0.3746583212993342
44.12,1,4,11,88000,3,2025,1,2,44.36876,26.129395,1.1346704961585403,0.2233316121300458
32.5,1,2,3,78000,69,2024,1,0,44.40613,26.1657,0.8908071131213876,0.2189171380661217
51.3,2,2,3,119999,69,2024,1,0,44.406193,26.165573,0.8804747624481387,0.2117596171388284
55.0,2,4,6,155000,28,1974,1,1,44.458694,26.09404,1.0235675707847838,0.1180996795791147
52.0,2,8,8,85000,10,2018,0,-1,44.391117,26.110064,0.8503218366838159,0.1015928740609138
61.0,2,1,3,105000,37,2024,1,1,44.471893,26.1738,3.778129059333401,0.0853418773424027
61.0,2,1,5,104500,48,2025,1,0,44.36816,26.114176,2.1102666092822853,0.0150283150068037
43.0,1,0,3,75000,37,2025,0,1,44.471672,26.173351,3.769738051914684,0.0978584721776869
83.2,3,3,7,375000,28,2025,1,-1,44.44957,26.102518,0.4389621830047038,0.1578247630910181
95.0,2,5,6,115900,56,2008,1,0,44.407326,26.177662,0.3661390760755236,0.2854097273270228
95.0,3,4,5,129000,65,2018,1,0,44.37212,26.099663,2.9322415516113343,0.1897340249231376
41.0,1,2,7,156000,61,2022,1,-1,44.481976,26.104832,0.4788106832703538,0.1348893242015508
65.0,3,4,10,165000,78,1977,1,0,44.412056,26.108242,0.4133973588082681,0.2037847029503781
58.0,2,6,10,139999,12,2017,1,1,44.411907,26.014885,0.7935922596419835,0.1414319218475558
80.0,3,0,5,134000,48,2025,1,1,44.36819,26.114204,2.1064810144379256,0.0154509490811941
60.0,3,3,3,233000,22,1940,0,-1,44.43273,26.070131,0.505363997222416,0.0261351502663926
42.0,1,9,11,139200,23,2016,1,1,44.447224,26.043161,0.3538012556028023,0.3183435712753414
37.0,2,1,4,80000,10,1974,0,0,44.382816,26.109217,1.5326669196035745,0.2045204296634307
36.0,2,0,10,81900,10,1978,0,0,44.379204,26.109676,1.8277755241213465,0.1907546594365877
84.0,2,11,13,249999,52,2022,1,1,44.42798,26.032362,0.6647077208990421,0.1235593377566829
65.0,3,3,4,118000,30,1973,0,-1,44.42345,26.01839,0.4044784094345486,0.3018122523533627
54.0,2,4,4,99000,31,1989,0,0,44.454403,26.143646,1.6277255011678151,0.1249777454135162
84.0,4,7,10,175000,74,1977,1,0,44.46392,26.130827,1.644175485503166,0.1450487840652817
75.6,3,2,3,105840,76,2025,1,0,44.416878,26.1987,1.0797886440158984,0.6636580364265
41.8,1,2,4,58000,76,2026,1,0,44.412247,26.196228,0.5289017881565155,0.5789224026497851
49.0,2,3,3,104900,76,2021,1,-1,44.414295,26.201166,0.9197237613536272,0.8281945210412937
76.45,3,1,7,144000,65,2025,1,0,44.37607,26.102432,2.452213176543265,0.1632326240196666
45.0,2,2,4,132000,59,1940,0,-1,44.444,26.09267,0.4375768292541476,0.0333606403219448
120.0,4,1,2,195000,38,1960,0,1,44.45045,26.07635,0.4535617187008873,0.0306858697507006
40.0,1,8,8,80000,25,1980,1,-1,44.42317,26.13535,0.3813254272216382,0.2609332690190836
82.0,4,5,8,132000,25,1939,1,-1,44.43176,26.13732,0.1198290359373744,0.0364256553629855
41.0,1,5,6,62500,81,2020,1,1,44.40324,26.17563,0.7783087856340911,0.7657124122970531
89.0,3,5,6,257500,71,2013,1,1,44.44836,26.11546,0.7092430543379586,0.1299847870608758
47.0,2,5,6,78000,81,2020,1,1,44.40324,26.17563,0.7783087856340911,0.7657124122970531
50.0,2,0,3,83000,65,2014,1,1,44.37036,26.09953,3.027879989843638,0.1028821014384368
46.0,1,5,7,83500,48,2018,1,1,44.364628,26.117538,2.131193670970322,0.0576894758790657
49.0,2,1,7,89000,48,2018,1,1,44.364628,26.117538,2.131193670970322,0.0576894758790657
79.0,3,6,7,127500,48,2018,1,1,44.376106,26.11065,2.0025513096817584,0.1624283004336841
65.0,3,0,7,105000,10,2018,1,1,44.3787,26.1102,1.8529417597136084,0.1310528020962372
60.0,2,1,8,90000,50,2026,0,0,44.43145,26.21475,2.0429446844606587,0.2334830440427782
30.0,1,6,10,79980,25,1980,1,-1,44.42217,26.136595,0.2378574081249827,0.2568630429222083
60.0,3,9,10,100000,42,1963,0,1,44.389107,26.093182,1.6558419861883458,0.0979667349532281
60.0,2,11,11,250000,52,2022,1,-1,44.428383,26.032202,0.6925561624266626,0.1508502397257168
64.0,3,0,7,249000,61,2018,1,-1,44.47718,26.117907,0.4026441127828695,0.1003128814498952
62.0,3,1,2,170000,77,1934,0,0,44.415928,26.10618,0.1767803129373572,0.1456427205135382
55.0,2,8,8,96000,23,1984,1,-1,44.45634,26.04852,0.5044803662400646,0.3637310144041519
68.0,3,11,20,346000,61,2026,1,0,44.477856,26.123838,0.6528326450236256,0.1370641086828589
34.0,1,6,8,79999,25,1978,1,-1,44.422497,26.136831,0.2424125690781959,0.2539306404942299
72.0,3,7,10,169000,58,1986,1,3,44.44543,26.135683,0.539215613678241,0.119974391683823
90.0,4,6,7,139000,66,1997,0,-1,44.39928,26.05618,2.908099566208997,0.0576854018648191
47.68,2,2,3,92000,76,2026,1,1,44.41452,26.203083,1.0377451202701211,0.9030103782223728
76.0,3,2,3,140000,76,2026,1,1,44.41452,26.203083,1.0377451202701211,0.9030103782223728
89.0,3,7,11,168190,76,2025,1,0,44.416943,26.198343,1.077406995153224,0.636617079881572
31.0,1,1,7,36000,41,2018,0,-1,44.470295,26.009855,2.812923945190562,0.18743233042428
52.0,2,0,8,110000,40,1982,1,-1,44.45772,26.04449,0.7024533737343841,0.2086497600358901
49.0,2,0,8,122000,79,1986,1,0,44.432278,26.156796,0.9329418490613024,0.3196227409123355
85.65,3,2,5,176182,76,2024,1,1,44.412754,26.192566,0.5710442598550964,0.5474038465653834
70.0,3,9,10,93000,10,1976,1,0,44.379272,26.103376,2.1383449537246357,0.2238416864204662
51.13,2,3,4,87000,66,1983,0,-1,44.407246,26.074509,1.754327123293534,0.1442337928528139
80.0,4,2,4,199900,30,1972,0,-1,44.42102,26.014479,0.0732259380597477,0.0357832831670904
77.0,3,3,8,292000,29,2019,0,0,44.42413,26.144106,0.5109784731723247,0.1210346673567106
101.55,3,2,4,144628,79,2025,1,0,44.418976,26.190376,1.2842852811649013,0.203163827764958
54.0,2,3,4,95000,48,2014,1,-1,44.36867,26.114674,2.0446209719315624,0.0700709199088806
98.65,3,1,4,190986,76,2026,1,2,44.414295,26.201166,0.9197237613536272,0.8281945210412937
48.0,2,7,7,119900,0,1967,1,-1,44.46988,26.05779,0.6088216142330878,0.0672100810548894
50.0,2,4,4,99000,31,1989,0,0,44.454384,26.145052,1.7337196924979708,0.1895179642421371
36.0,1,3,8,85000,79,1979,1,0,44.42812,26.144081,0.66095113268154,0.3240273398068123
36.0,1,0,8,72000,66,1989,0,0,44.416576,26.066553,1.312918190497694,0.328418431199723
41.95,2,6,9,114000,20,1960,1,0,44.43975,26.099537,0.5028502115329677,0.0757091523591839
43.0,2,6,7,128000,74,1961,0,0,44.45487,26.110508,0.4443881036943037,0.2519843863924102
62.0,3,1,4,117999,52,1978,0,0,44.437046,26.015495,0.569979583704412,0.1579094317091983
95.0,3,9,20,245000,3,2009,1,1,44.370506,26.14078,0.2895466466410372,0.09559529147028
268.83,6,3,5,950000,35,2007,0,6,44.460873,26.098135,1.0832691983327352,0.2353715421361416
61.1,2,0,7,88900,76,2026,0,-1,44.411724,26.20594,0.7064640511985484,0.6357576228203352
50.5,2,6,11,149000,8,2019,1,-1,44.48898,26.110203,1.053882367525732,0.4183797010675021
58.0,2,9,10,133000,74,1980,1,-1,44.462185,26.12943,1.4263788599584593,0.1980853702594496
75.0,3,3,9,350000,17,1984,1,-1,44.43549,26.102509,0.0465072860550512,0.1217019245714857
42.0,2,2,4,82999,3,2016,1,0,44.372833,26.136751,0.701208544601074,0.3211308645602951
83.2,3,1,10,185000,86,2025,1,-1,44.5042,26.04306,1.3970389150286922,0.0101898293891911
82.0,3,1,3,110000,76,2026,1,1,44.414562,26.197027,0.7934271840203582,0.7645017718990281
92.4,3,1,3,167706,76,2026,1,0,44.416985,26.198282,1.0803479633607964,0.6299341483797296
62.0,2,2,3,100000,76,2026,1,1,44.412033,26.195738,0.4948216420495694,0.5411717344034662
60.0,2,4,4,85980,20,1965,0,1,44.436142,26.102684,0.0318356974740161,0.0786614073336896
80.0,4,4,4,135000,52,1970,0,1,44.444004,26.030424,1.085982391277489,0.4490514236932213
60.0,2,0,3,87000,76,2026,1,1,44.41515,26.201748,1.0234892804141955,0.932237332222674
128.81,3,11,11,167000,76,2025,1,0,44.4126,26.200375,0.7349049197198656,0.6299660599466632
67.0,3,2,4,118000,10,1971,0,3,44.384705,26.109966,1.3415597360096585,0.0054777691626814
64.0,3,1,8,159000,74,1983,1,0,44.460976,26.126816,1.2467594471220846,0.0745314105868576
165.0,3,0,3,330000,24,2015,1,1,44.488335,26.051859,1.082744123655991,0.0424579705940681
50.76,2,5,8,86500,48,2025,1,0,44.368748,26.124708,1.473660317396442,0.1608286353308264
47.0,2,0,3,103000,32,1940,0,1,44.444714,26.108921,0.9080898288245874,0.1885849103468221
31.0,1,9,9,68699,52,1967,1,-1,44.436123,26.032513,0.2012574639604973,0.1139006800223275
45.18,1,9,9,85900,79,2026,1,-1,44.421284,26.181938,1.3299454401328086,0.1402059546268522
47.54,2,4,4,158899,35,1962,1,0,44.46126,26.095491,0.89931069687596,0.082675944121379
76.6,3,2,11,135900,48,2027,1,0,44.361088,26.129374,1.4315586077920812,0.067831734024961
54.0,2,1,3,137000,52,2017,0,-1,44.431614,26.008123,0.4761881377392407,0.2417253557291299
65.47,3,3,7,124400,79,2026,1,-1,44.421284,26.181938,1.3299454401328086,0.1402059546268522
48.0,2,1,7,116500,0,1963,1,-1,44.46988,26.05779,0.6088216142330878,0.0672100810548894
77.0,3,4,8,257000,25,2018,1,0,44.42484,26.128202,0.9668885014521156,0.1232062159642567
83.0,3,4,8,263000,16,1991,0,3,44.42632,26.129076,0.9903071228020264,0.0823572510770969
53.0,2,2,4,189000,5,1983,0,0,44.48073,26.10116,0.1883611775472734,0.0912151590985022
57.0,2,4,4,155000,5,1985,0,0,44.48362,26.09949,0.4996158905532125,0.1021939111400067
87.9,4,9,11,149900,48,2027,1,0,44.361088,26.129374,1.4315586077920812,0.067831734024961
77.58,3,2,8,132800,48,2025,1,0,44.368748,26.124708,1.473660317396442,0.1608286353308264
72.0,3,5,5,155000,48,2017,1,1,44.37009,26.12354,1.4142465358552254,0.0167706580424238
34.9,1,0,4,104900,8,2020,0,5,44.491722,26.102682,1.4098189273745476,0.5568977790452488
54.06,2,8,10,89900,66,2025,1,0,44.387417,26.059216,3.500772985175032,0.0043602477527626
52.0,2,1,11,149000,48,2027,1,0,44.361088,26.129374,1.4315586077920812,0.067831734024961
37.5,2,4,10,128490,61,2026,0,-1,44.484856,26.107525,0.8560082016456263,0.2033504410501402
17.0,1,2,7,18000,66,2018,0,-1,44.394882,26.062115,2.9141394770773537,0.1963841333293399
32.84,1,8,11,79900,31,2026,0,-1,44.448708,26.144972,1.277766344212585,0.173933442021708
108.5,3,2,7,434000,32,2025,1,0,44.4459,26.11559,0.8119697552636995,0.1721727306829057
35.0,2,10,10,67990,10,1975,1,0,44.38457,26.11583,1.0637266804300354,0.1045085706442203
32.84,1,8,11,79900,31,2026,0,-1,44.44878,26.14468,1.2662721859313677,0.1971874062807985
63.0,3,4,9,127000,52,1976,1,0,44.433968,26.020473,0.070738291327089,0.0630078439997336
29.0,1,2,2,59800,49,1935,0,0,44.43531,26.130154,0.6688012321639514,0.2729810491298629
73.1,3,0,7,129000,56,2021,1,-1,44.41287,26.18657,0.8271356929007353,0.4744819262427505
131.0,4,2,7,532960,32,2025,1,0,44.4459,26.11559,0.8119697552636995,0.1721727306829057
73.69,2,0,1,230000,49,1934,0,-1,44.437355,26.12365,0.8502345620347223,0.1796384026385227
34.0,1,1,3,55000,52,2026,0,1,44.43774,26.017382,0.514666956033878,0.2179837448345945
57.0,2,1,9,79000,66,2025,1,0,44.39675,26.05597,3.164113687016373,0.192782664950714
70.0,3,11,11,180000,79,2009,1,1,44.42368,26.17617,1.080802784370431,0.0106789883069765
57.94,2,1,7,180000,88,2008,1,-1,44.41638,26.122524,0.6128202558561463,0.4825483446259214
73.0,3,5,7,116500,23,1962,1,0,44.458515,26.050837,0.6440612655936886,0.194742267585755
52.6,2,6,11,95900,48,2027,1,0,44.361088,26.129374,1.4315586077920812,0.067831734024961
74.7,3,1,6,211000,3,2025,1,0,44.378418,26.13346,0.2001237614733289,0.1958708875109413
37.0,2,4,4,58000,42,1974,0,-1,44.386665,26.09569,1.7125949676688792,0.2868982591195047
53.6,2,0,6,89000,48,2025,1,0,44.36773,26.114256,2.134405782907612,0.0403125087044948
31.0,1,7,9,65900,30,2018,1,0,44.42394,26.047544,0.2113943648334514,0.0215608483686361
64.0,3,9,10,130000,30,1975,1,1,44.42122,26.02072,0.1518820908413601,0.044932440433963
54.0,2,11,12,165000,52,2020,0,-1,44.4429,26.01849,1.00668173959304,0.1069379365573746
52.0,2,1,5,72500,52,2026,1,1,44.43774,26.017382,0.514666956033878,0.2179837448345945
77.49,3,4,8,255000,25,1988,1,-1,44.42484,26.128202,0.9668885014521156,0.1232062159642567
31.0,1,7,7,48900,52,2026,1,0,44.43774,26.017382,0.514666956033878,0.2179837448345945
54.1,2,1,8,91800,48,2025,1,0,44.368748,26.124708,1.473660317396442,0.1608286353308264
72.16,3,1,7,230000,54,1991,0,-1,44.421276,26.11875,0.6659344822703062,0.2155817238393805
71.0,2,1,3,189000,42,2025,1,0,44.396923,26.098255,0.8547177396858127,0.1976523603641929
32.0,1,3,7,49900,52,2026,1,0,44.43774,26.017382,0.514666956033878,0.2179837448345945
52.0,2,1,11,159900,48,2027,1,0,44.361088,26.129374,1.4315586077920812,0.067831734024961
62.0,2,5,12,215000,61,2025,1,5,44.475212,26.11196,0.7122699032521204,0.1598608154035105
53.0,2,5,12,215000,61,2025,1,0,44.47465,26.112091,0.7613756798272824,0.2230977616142454
77.3,3,1,11,199000,48,2027,1,0,44.361088,26.129374,1.4315586077920812,0.067831734024961
74.0,3,9,9,125000,52,2018,0,-1,44.4429,26.01849,1.00668173959304,0.1069379365573746
50.0,2,6,8,84000,10,1964,1,-1,44.392048,26.111963,0.7776305346074214,0.1677659545408034
64.0,2,5,10,115000,48,2021,1,0,44.36651,26.1339,0.8213613543578658,0.0811757763297983
35.0,1,1,4,73000,58,1981,0,-1,44.44089,26.158072,1.0848954321960185,0.1730656789204733
85.0,3,0,3,169500,16,1935,1,0,44.432316,26.112778,0.8868424068434322,0.0932488402060109
60.0,3,8,10,136900,30,1972,1,0,44.42394,26.047544,0.2113943648334514,0.0215608483686361
24.0,1,6,11,67000,76,2012,0,0,44.412376,26.197655,0.5876647253991745,0.5896111079450864
65.8,2,3,9,259000,74,2017,1,0,44.47065,26.11167,1.1830217005610189,0.2219808513017271
50.0,2,3,11,125000,76,2012,0,0,44.41233,26.197784,0.5881999654342388,0.5835077430044936
51.0,2,3,10,105000,79,1971,0,-1,44.418854,26.176203,0.9595106768990268,0.0611092688924609
54.0,2,11,11,139990,52,2018,1,0,44.43465,26.000397,0.2310902017922689,0.1160178927510662
136.98,4,11,11,310000,52,2020,1,-1,44.441845,26.037533,0.824178385445754,0.2046804262581011
70.0,3,8,9,89900,66,1982,1,0,44.409237,26.071074,2.068803285260384,0.1603378560957623
146.0,7,0,1,199000,16,1940,0,0,44.420017,26.100119,0.687274969844278,0.305418596157589
76.0,3,7,7,229000,59,1980,0,-1,44.444805,26.098202,0.1198059062533914,0.0877201987314947
55.0,2,0,4,129897,79,1982,0,0,44.412647,26.14705,1.1307458191823074,0.1911309664664497
34.0,1,1,4,57999,48,2020,0,-1,44.37016,26.114878,1.9371166662154464,0.1014842211886005
59.0,1,3,7,185000,32,2021,1,-1,44.441044,26.115948,1.1820081618831098,0.0412391242889886
48.0,2,4,4,73600,10,1976,0,0,44.38026,26.13002,0.4317364778455462,0.2287638344993039
63.45,2,4,7,135000,24,2008,0,-1,44.49042,26.067348,2.2759913316657983,0.2419282240336613
76.0,3,7,10,229000,59,1980,1,2,44.444588,26.098988,0.1739265619371962,0.1179025032596282
67.0,3,1,3,258611,71,2026,0,-1,44.451923,26.119518,0.4272576495408257,0.0221969298224447
58.0,2,6,6,165000,73,2025,1,0,44.50627,26.031534,0.6500341129437139,0.3467997056767102
63.81,2,5,7,115000,48,2021,1,1,44.360878,26.13613,1.0763427373696444,0.1019121148035636
56.0,3,5,9,149000,63,2024,0,-1,44.36124,26.15073,1.0218781700824484,0.1424065801688872
73.0,3,2,10,145000,3,1985,0,-1,44.37117,26.14132,0.3122214855527994,0.0740477316907538
93.0,3,1,2,195000,53,1938,0,1,44.440865,26.119871,1.0508441548803364,0.0681488979354487
52.0,2,1,3,117700,3,2024,0,-1,44.37083,26.135311,0.6974294484418168,0.3122439193104623
72.0,3,2,4,128000,48,2020,0,1,44.36673,26.11397,2.222205889498165,0.1537798442805227
70.3,3,9,10,93000,10,1976,1,0,44.379772,26.104773,2.0211441097112144,0.3335884852952445
54.0,2,4,4,103000,31,1988,0,-1,44.453274,26.146822,1.7508141518943423,0.2059227876819307
70.0,3,10,10,116000,10,1974,0,-1,44.37771,26.122732,1.0260031759441697,0.1180133713920966
31.0,1,3,3,66000,63,2025,1,-1,44.37237,26.14406,0.3849966091326525,0.2610868582853682
58.0,2,5,6,93500,48,2025,1,-1,44.36773,26.114256,2.134405782907612,0.0403125087044948
50.0,2,4,4,142000,8,1986,0,-1,44.492302,26.082644,2.022166165134966,0.2022931926908551
38.0,1,3,4,83000,12,2018,0,-1,44.419567,26.007708,0.495937592595866,0.1253071847421256
63.7,2,0,11,235000,52,2024,1,1,44.429718,26.042347,0.6970743100089248,0.2347335852614029
30.18,1,7,10,78000,45,1967,1,1,44.435818,26.14204,0.4681503088631379,0.3308252821250505
77.0,3,7,8,250000,16,1996,1,0,44.432034,26.125975,0.9905500828002364,0.045280413864057
53.0,2,11,11,127500,76,2021,0,-1,44.40819,26.18834,0.4609290301317946,0.0713837477748931
36.0,1,0,6,68500,48,2026,1,-1,44.37252,26.12482,1.1494506645001512,0.2173440810470931
47.0,2,0,2,103700,32,1940,0,1,44.444584,26.108807,0.9011523541956462,0.2006698723445547
60.0,4,1,10,89000,30,1974,1,0,44.424526,26.024204,0.1953848290254133,0.1494028397291301
79.0,3,3,6,127500,48,2025,1,-1,44.36773,26.114256,2.134405782907612,0.0403125087044948
74.0,3,4,10,189000,74,1978,1,0,44.459858,26.11305,0.9779229402015482,0.0483411112763268
70.0,3,11,11,180000,79,2009,1,1,44.42542,26.167992,0.4233824645665322,0.1808781169696076
46.39,2,1,10,77400,66,2025,1,0,44.387417,26.059216,3.500772985175032,0.0043602477527626
62.1,3,4,4,175000,21,2024,1,0,44.458797,26.14056,1.6354887172993005,0.2107425880202978
51.0,2,-1,3,160000,35,2016,0,4,44.456924,26.097586,0.7940854795557477,0.1563747623864635
35.81,2,6,7,80000,68,2017,1,-1,44.39726,26.069191,2.294516907142271,0.0311876924529499
56.0,2,7,9,195000,43,1983,0,-1,44.45386,26.07472,0.6805030237838948,0.1387525171811685
52.05,2,1,10,91400,66,2025,1,0,44.387417,26.059216,3.500772985175032,0.0043602477527626
51.0,2,5,5,85900,63,2013,0,0,44.363712,26.148731,0.7051312012054725,0.2780346674558093
67.87,3,1,7,128000,49,1944,0,-1,44.44338,26.12847,0.457106966750573,0.0863646115820499
58.0,2,6,10,139000,12,2017,0,-1,44.411987,26.014534,0.8109618873955324,0.1343272703918746
42.0,1,1,8,95000,1,1990,1,3,44.4223,26.06677,0.879218068699457,0.2222915485736359
65.0,3,4,4,127000,10,1975,0,1,44.38666,26.10389,1.404352430730465,0.1873664350989677
57.0,2,0,7,176000,10,2024,1,0,44.392883,26.127954,0.4495335445456339,0.1905340120866882
52.0,2,0,8,105000,23,1980,0,0,44.454468,26.04435,0.3963494525502759,0.2201448090007736
60.3,2,2,3,109800,77,1941,0,-1,44.41958,26.1048,0.5360589886064991,0.1491908180502628
56.91,3,2,10,99000,79,1965,1,0,44.428673,26.172146,0.7910917934584016,0.4388373364618815
46.0,2,4,5,160000,20,2019,1,1,44.436142,26.10272,0.0313182444653121,0.0812247771036757
50.0,2,1,6,106000,48,2025,1,2,44.36118,26.149319,0.97073159539493,0.0304734582237234
55.0,2,7,7,88500,48,2025,1,2,44.366516,26.114172,2.225413929926204,0.1752838739912926
36.0,1,0,4,72500,52,1989,0,0,44.440945,26.031166,0.7419995555181536,0.2863091957791631
64.0,2,5,10,115000,48,2021,1,-1,44.359695,26.130592,1.4602986303300178,0.145701339681202
51.0,2,5,5,85900,63,2013,1,-1,44.363724,26.148495,0.6934825665148125,0.2811016839676415
92.0,3,10,10,199000,78,1977,1,-1,44.4133,26.109177,0.3930682261238084,0.2768319624874197
121.4,3,4,7,322000,10,2024,1,0,44.392883,26.127954,0.4495335445456339,0.1905340120866882
65.0,2,3,6,106000,48,2026,1,1,44.37425,26.12641,0.9272519032873304,0.3309440366529178
76.0,3,6,6,122000,48,2026,1,1,44.37425,26.12641,0.9272519032873304,0.3309440366529178
62.0,3,8,9,139000,23,1984,1,1,44.45467,26.05489,0.6502283371206814,0.1961507781371813
68.76,3,1,10,120900,66,2025,1,0,44.387417,26.059216,3.500772985175032,0.0043602477527626
40.79,2,3,8,105000,69,1976,1,0,44.409725,26.165224,0.5213275778539028,0.1214506056687887
37.7,1,1,6,68000,63,2025,1,0,44.36533,26.14722,0.4888610402786346,0.3875581058429406
40.0,1,2,6,67500,48,2026,1,0,44.376003,26.128063,0.7045752016516368,0.3255912107767177
49.0,2,9,9,96000,33,1986,1,1,44.4022,26.08253,1.1189046940100935,0.1273287298853546
84.0,3,1,5,127000,3,2026,1,2,44.370987,26.12838,1.1062721417547392,0.0506906187433379
29.0,1,2,4,44900,66,2012,1,0,44.39695,26.068508,2.3574482791741014,0.0845565806713749
29.0,1,2,4,44900,66,2012,1,0,44.407677,26.076153,1.635676601464623,0.0079770908186325
85.0,4,8,8,141000,10,2018,1,0,44.38501,26.134985,0.6034566616097211,0.321997389869101
68.0,2,2,7,111900,48,2018,1,1,44.3738,26.125828,0.9948631839233714,0.3051713278763243
65.0,2,3,7,106000,48,2018,1,1,44.3738,26.125828,0.9948631839233714,0.3051713278763243
38.0,1,6,7,65000,48,2018,1,1,44.3738,26.125828,0.9948631839233714,0.3051713278763243
35.0,1,6,7,61000,48,2018,1,1,44.3738,26.125828,0.9948631839233714,0.3051713278763243
39.0,1,6,7,67000,48,2018,1,1,44.3738,26.125828,0.9948631839233714,0.3051713278763243
34.83,1,1,3,57500,42,1963,0,0,44.381645,26.091349,2.3655477014327584,0.123015039941035
64.0,3,5,7,197000,46,2022,1,-1,44.49833,26.102695,2.140193852159514,0.1813748620071162
47.0,2,2,7,95000,10,1962,1,0,44.401047,26.098618,0.4250693120352722,0.0754137254607127
96.45,4,2,8,337000,83,1987,1,-1,44.42473,26.083681,1.0386232272286882,0.0464664676512976
50.0,2,5,9,89990,10,1965,1,0,44.38179,26.117455,1.298790457031758,0.1510685665019689
74.5,4,2,4,119990,42,1975,0,0,44.38429,26.099075,1.79201672550488,0.203151408166756
45.7,2,2,7,71000,42,1962,1,0,44.385796,26.091846,1.9862104324877188,0.0377206715774694
51.0,2,0,4,86500,42,1979,0,0,44.383747,26.098274,1.8746150877630023,0.2816300815734442
50.0,2,1,5,107000,12,2017,1,0,44.418194,26.001303,1.0265430463873102,0.1186531577335841
50.9,2,1,5,132231,20,2025,0,-1,44.436142,26.102684,0.0318356974740161,0.0786614073336896
55.94,2,2,8,114000,66,1989,0,-1,44.415264,26.06364,1.32670038037389,0.2029142385192903
85.0,4,0,5,375000,86,2018,0,0,44.503147,26.050941,1.7949563869640015,0.0911533418498904
82.0,4,1,8,170000,66,1986,1,-1,44.40539,26.065845,2.4174859328409526,0.1854270246097922
61.23,2,2,7,119000,19,2012,0,0,44.48919,26.012007,1.6784509316266152,0.1507306993351032
65.8,2,1,5,140495,20,2025,0,-1,44.436142,26.102684,0.0318356974740161,0.0786614073336896
90.0,4,6,8,170000,66,1989,1,0,44.417175,26.065859,1.2267246804226477,0.3523282823709163
85.0,4,3,4,160000,33,1984,0,-1,44.40318,26.073368,1.8234530316380928,0.0402726148599291
76.6,4,4,4,82500,66,1975,0,0,44.40204,26.055042,2.5901552512655326,0.2527957718024557
46.1,2,5,6,195000,53,2022,1,0,44.442196,26.125372,0.6296835949043206,0.3347395138250757
99.0,4,1,8,189000,65,2024,1,0,44.37491,26.102644,2.541893203428683,0.2931240204959703
65.0,2,1,7,98000,63,2026,1,2,44.36006,26.152845,1.2257927489820182,0.2261906760089092
66.0,2,1,5,140495,88,2025,0,-1,44.41662,26.115982,0.2076508202653121,0.1679469366130543
76.0,3,1,4,228000,10,2025,1,1,44.393986,26.103996,0.664766281448579,0.5141808504553227
57.0,2,2,4,130000,23,1990,0,0,44.454052,26.04648,0.2650868943426694,0.1630427290258082
61.56,3,1,4,113900,30,1976,0,0,44.42303,26.017578,0.383407185477959,0.2969259259693577
48.0,2,0,4,110000,30,1965,0,0,44.421974,26.045946,0.3401061887843515,0.2312276996996301
52.19,2,2,8,170000,1,1988,1,0,44.423065,26.069803,0.9261823277069056,0.0789230666214861
64.01,3,8,8,94900,66,1984,1,0,44.406563,26.062222,2.223901079159239,0.097714714427066
69.4,3,3,10,315000,74,2020,1,0,44.46966,26.111479,1.2920748614415245,0.148055336959187
75.0,3,2,7,277000,16,1996,1,0,44.42682,26.120132,1.248602811067533,0.1162338799240839
58.41,2,7,8,115000,66,1984,1,0,44.413116,26.06514,1.59328945348378,0.3358367560067648
80.0,4,3,4,187000,52,1967,0,0,44.43622,26.016193,0.4735793184712853,0.2491023787260248
57.02,2,0,9,180300,83,2025,1,0,44.419807,26.07666,1.5604495920069987,0.0333201320761257
17.0,1,2,10,55000,16,1969,1,0,44.42796,26.125454,1.1470297956015234,0.2821274437581982
67.0,3,7,8,137000,66,1982,1,0,44.407494,26.069305,2.16661109469177,0.3035299356292152
87.42,3,4,5,160000,8,2012,1,0,44.527054,26.0594,3.835152639398778,0.555551714059853
65.0,2,2,7,107000,39,2018,1,-1,44.407585,26.003017,1.7217550312313497,0.3189815407516695
40.0,1,1,6,67500,48,2026,1,0,44.373997,26.126472,0.9418089205107574,0.321470624173676
223.08,6,5,6,800000,47,2009,1,0,44.487164,26.090218,1.194657999116668,0.3252496785779205
61.0,3,4,4,90000,10,1969,0,0,44.379566,26.120136,1.2107811350555648,0.1635816951793909
35.62,2,4,4,58500,42,1974,0,0,44.386402,26.095428,1.7484460532582815,0.2605487890349758
112.43,4,11,12,212200,48,2025,1,0,44.36698,26.125013,1.4984643119594632,0.1520811281616526
51.1,2,1,10,125000,52,1980,1,-1,44.433086,26.022654,0.1514478553466415,0.1401256169445278
39.5,2,4,9,64000,58,1974,1,0,44.44342,26.171589,0.8930143390236722,0.1425143473158385
40.0,1,1,4,110000,25,1988,1,0,44.428955,26.137457,0.4003290994034243,0.1255048563759795
68.0,3,3,8,144999,66,1995,0,0,44.41212,26.074785,1.9052237342951583,0.1232090079134116
23.48,1,7,10,51000,66,1985,1,0,44.410275,26.066097,1.9137650233839036,0.2776917322993917
48.0,2,6,8,89900,66,1986,1,0,44.40875,26.060966,1.967081856867987,0.1935842366514319
55.0,2,6,8,178000,28,1976,1,0,44.454807,26.097324,0.7045891205126298,0.1828064076460295
70.0,3,4,8,174990,66,2010,1,0,44.419956,26.064104,0.895697819361598,0.0983657851221296
64.0,2,5,10,115000,48,2021,0,0,44.35917,26.13337,1.358419757260292,0.3215029737141827
43.45,2,1,8,84900,10,1963,1,-1,44.39681,26.11533,0.5403017164474203,0.076893102475767
59.0,2,4,7,91000,63,2026,1,2,44.361416,26.150421,0.9920790515498076,0.1198969422178459
75.0,4,3,4,89900,66,1970,0,-1,44.40307,26.06119,2.5947136305804146,0.1222826007895638
57.5,2,4,4,80500,76,2026,0,2,44.41197,26.208265,0.7059686500596973,0.7035291453078149
45.0,2,1,10,104999,79,1978,1,0,44.429646,26.16441,0.5322119907473667,0.1549937522885366
15.0,1,0,4,30990,42,1970,0,0,44.392303,26.103678,0.8339824406507357,0.4655925774691956
28.0,1,8,9,61500,42,1964,1,0,44.393665,26.0925,1.2383881843630575,0.1305259354776707
83.0,3,0,1,168000,34,1920,0,1,44.420097,26.090685,1.2117867387182029,0.1816426750469736
79.8,4,3,9,147000,66,1987,1,-1,44.410004,26.076399,1.6924929624053615,0.1878013892506428
60.2,2,2,3,277000,16,2025,1,0,44.425568,26.095835,0.4989116942228916,0.182291058660195
48.0,2,0,7,303700,16,2024,1,0,44.425167,26.095013,0.5779596417248749,0.1372484166804111
45.0,1,1,7,69500,63,2026,1,2,44.361824,26.1509,0.9761698883537028,0.1699236693241251
83.0,3,1,3,350000,16,2026,1,0,44.425568,26.095835,0.4989116942228916,0.182291058660195
48.0,2,8,10,97000,30,1972,1,-1,44.420326,26.028328,0.3776127883452448,0.2710046657012384
62.0,2,1,4,109500,1,1988,1,3,44.4223,26.06677,0.879218068699457,0.2222915485736359
37.38,1,3,10,61900,66,2025,1,0,44.387417,26.059216,3.500772985175032,0.0043602477527626
51.0,2,2,7,78500,63,2026,1,2,44.3621,26.151188,0.9655417683695888,0.2040299308714473
56.0,2,8,9,129000,74,1964,1,1,44.452003,26.120955,0.3409520972870154,0.1305565346456353
82.0,3,3,5,423000,6,2001,1,-1,44.465378,26.082033,0.3606116909129607,0.2738126728975373
67.7,2,5,7,98700,3,2026,1,2,44.36876,26.129395,1.1346704961585403,0.2233316121300458
78.0,3,5,8,129990,1,1988,1,3,44.4223,26.06677,0.879218068699457,0.2222915485736359
39.0,1,7,8,88000,52,1990,1,1,44.43937,26.035572,0.5596128894981443,0.0889820971017808
90.81,4,3,10,146900,66,2025,1,0,44.387417,26.059216,3.500772985175032,0.0043602477527626
50.0,2,5,6,82800,3,2026,1,2,44.373066,26.129911,0.8453217461856254,0.0786820415273728
72.0,3,2,10,145000,10,1986,1,-1,44.380768,26.13392,0.1745143630466428,0.0715086007408981
92.0,3,1,4,128800,76,2026,0,2,44.41197,26.208265,0.7059686500596973,0.7035291453078149
91.85,2,4,4,109000,76,2026,0,0,44.41197,26.208265,0.7059686500596973,0.7035291453078149
56.0,2,3,4,94000,39,2025,1,0,44.40465,26.003979,1.9747042826824197,0.6484728895582984
50.0,2,2,5,75000,52,2026,1,2,44.434658,26.012163,0.7167348505461945,0.0423189746404194
70.0,3,2,7,100500,48,2018,1,0,44.3686,26.11423,2.0776886965422783,0.057551926886454
89.07,3,8,10,139000,76,2025,1,0,44.416943,26.198343,1.077406995153224,0.636617079881572
113.2,3,0,5,283000,88,2024,1,0,44.416264,26.119814,0.5139995140647307,0.3876477077759686
126.87,4,10,10,172915,76,2025,1,0,44.41547,26.1975,0.9009863860360257,0.7035602604815752
37.18,2,10,10,67500,10,1974,1,0,44.380177,26.114506,1.548953844411643,0.2097425315506899
57.28,2,4,4,140000,12,2019,1,0,44.413193,26.002935,1.2199520245375823,0.0837630913185669
65.11,2,5,10,114180,76,2024,1,0,44.41438,26.197414,0.7838518293649864,0.7980330429885814
57.8,2,1,3,84900,76,2025,1,1,44.41165,26.204325,0.7449381887615846,0.6289016571511873
61.65,2,2,3,86900,76,2025,1,0,44.411835,26.204367,0.7620858882853326,0.648991690385274
72.03,2,0,9,216090,83,2025,1,2,44.41987,26.077402,1.5982786286191335,0.0903978983008206
77.5,2,4,5,114000,39,2025,1,-1,44.408573,26.024534,0.8554160078702877,0.1147342391292045
63.3,2,4,9,110900,3,2025,1,2,44.373066,26.129911,0.8453217461856254,0.0786820415273728
59.69,2,2,11,117200,3,2025,1,2,44.36876,26.129395,1.1346704961585403,0.2233316121300458
57.5,2,4,4,80500,76,2025,1,0,44.411957,26.203981,0.7876362030639751,0.6663017967296496
51.0,2,6,10,125000,49,1969,1,0,44.442795,26.12906,0.3816196630867933,0.0850995578739414
62.3,2,4,5,88000,48,2025,1,0,44.36773,26.114256,2.134405782907612,0.0403125087044948
61.0,2,0,5,86363,48,2025,1,0,44.36773,26.114256,2.134405782907612,0.0403125087044948
125.0,3,1,1,199000,71,1940,0,0,44.451626,26.107323,0.1799505516331478,0.2689241884444704
56.0,2,3,11,178900,44,2016,1,1,44.444336,26.065466,0.4335944686169562,0.2069201349328244
43.0,1,6,6,69000,48,2026,1,0,44.367977,26.111786,2.276285279823294,0.2030727222982816
62.0,3,2,7,95000,81,2018,0,0,44.406666,26.1755,0.3973008149041558,0.420268781692295
58.0,3,5,7,119900,69,1976,1,-1,44.410717,26.166939,0.5411193781383107,0.1676993648199045
58.0,3,5,7,119900,79,1976,1,-1,44.413704,26.164135,0.2205673321326426,0.068516805415607
69.0,3,4,5,299000,58,2021,1,-1,44.44533,26.133106,0.4878121496495983,0.0481639312311506
115.0,5,0,7,310000,59,1928,0,1,44.443974,26.099209,0.2394653953398078,0.1217291517411518
37.0,2,3,7,149900,59,1965,1,1,44.444397,26.095654,0.2174628732005446,0.181335949137334
96.61,3,1,2,200000,16,1927,0,1,44.43171,26.114697,1.0533107957348509,0.1590445487586583
69.0,2,2,5,130000,68,2023,1,0,44.394814,26.068695,2.4385156323695814,0.2529676609088119
69.0,2,2,5,130000,66,2023,1,0,44.40215,26.062275,2.7081900963041017,0.0365368811726387
19.0,1,4,5,66999,32,1940,1,-1,44.43761,26.109097,0.5382935589945425,0.1118824074010699
53.0,2,6,10,229000,61,2025,0,-1,44.476192,26.11358,0.5549136857211557,0.1722154118490989
81.0,4,0,4,280000,5,1987,0,-1,44.47951,26.099188,0.0938465124669365,0.0271291708068758
55.0,2,10,11,188000,52,2017,1,-1,44.43469,26.052202,0.2190606535667214,0.0607922197130666
60.0,2,3,4,129999,76,2018,1,1,44.411743,26.19622,0.4758863064834467,0.5232850018014695
47.0,2,2,10,99800,30,1972,1,-1,44.418556,26.029034,0.5169449622443438,0.1386809174635085
65.0,2,1,5,265000,80,2024,0,1,44.433647,26.117823,1.2200113016416427,0.1204840988417017
126.0,3,0,7,600000,-1,2018,0,-1,44.47991,26.06407,1.4704452227329567,0.1015703933461899
86.0,3,4,7,200000,24,2023,1,0,44.4898,26.063389,1.960271050076348,0.1388974432716476
99.0,5,4,5,220000,28,1930,1,1,44.4512,26.08919,0.3965358193062925,0.1765880165432029
46.0,2,0,2,159500,35,1960,0,1,44.46922,26.10643,1.208785876226769,0.1968471813319203
67.27,3,3,7,205000,24,2023,1,0,44.4898,26.063389,1.960271050076348,0.1388974432716476
68.0,3,6,10,122900,79,1967,1,0,44.416454,26.15084,0.8977285464964954,0.0806242626018921
71.4,2,2,5,104000,39,2025,1,-1,44.408573,26.024534,0.8554160078702877,0.1147342391292045
75.6,3,1,3,128066,76,2026,1,0,44.416878,26.1987,1.0797886440158984,0.6636580364265
48.56,2,3,7,153000,24,2023,1,0,44.485302,26.066395,2.034358254414424,0.3027129218405243
52.46,2,6,7,155000,24,2023,1,0,44.489098,26.064291,1.9961784570593255,0.1044329543299958
35.0,2,2,4,57000,10,1972,0,-1,44.381824,26.108612,1.6468143567953732,0.1400145239996396
50.0,2,-1,3,159900,28,2016,0,1,44.45674,26.09636,0.8645741971280552,0.1129507359842716
58.0,2,8,8,176000,25,1999,1,1,44.43043,26.13555,0.3236613867768723,0.1768388346385869
64.0,3,5,9,99500,10,1965,1,7,44.381012,26.120462,1.1953591741377056,0.2887388417004681
52.0,2,4,4,97800,23,1981,0,0,44.45434,26.04075,0.6193403150207276,0.2708120345318162
73.05,3,0,11,252000,23,2017,1,0,44.44759,26.04309,0.3839536248219523,0.3486825578584332
86.0,3,3,16,300000,61,2014,1,3,44.4783,26.11537,0.2832271161043245,0.144184939186926
56.5,2,10,11,86900,30,1980,1,-1,44.426624,26.059055,0.1695723209116841,0.1410206475710915
83.7,4,0,2,210000,87,1940,0,1,44.44022,26.089039,0.8150815927108941,0.0868336272133682
54.0,2,5,6,225000,71,2026,1,-1,44.446064,26.120054,0.537560499772071,0.2393805809926307
49.0,2,4,5,125000,28,1924,0,1,44.45526,26.09326,0.7994079467803381,0.2902397598082692
39.0,1,1,4,61776,76,2026,0,3,44.414295,26.201166,0.9197237613536272,0.8281945210412937
39.1,1,3,6,69938,3,2026,1,2,44.3729,26.141422,0.4773099937068015,0.1336793162623718
61.52,2,2,3,102245,76,2026,1,0,44.41738,26.203466,1.3045967726385288,0.9736781686146896
65.0,2,8,8,105000,10,2002,1,0,44.388393,26.134727,0.9801858683188576,0.1950907821300124
65.0,2,8,8,105000,10,2002,1,3,44.389046,26.13344,0.985897798695882,0.0793943183573824
266.0,7,0,1,611800,77,1930,0,0,44.421646,26.10617,0.7749005349116171,0.2111568141260986
50.0,2,11,11,109990,52,1975,1,-1,44.434032,26.031998,0.1448883700045521,0.0679882973832895
39.0,2,0,3,84900,76,2019,0,3,44.416424,26.194075,0.9658426895905255,0.4737970136278016
82.18,3,1,7,110500,76,2026,0,-1,44.41893,26.204273,1.483451993390864,0.9431298297828938
30.0,1,-1,7,59000,48,2018,1,1,44.376278,26.110497,2.0108894980340075,0.1410800722146722
74.7,3,2,6,131890,3,2026,1,2,44.371304,26.141508,0.3159249767321975,0.0707073913164063
58.0,2,1,7,102000,48,2018,1,1,44.370575,26.114986,1.9052214949102493,0.0545594158543599
38.61,1,3,4,61775,76,2026,1,2,44.414433,26.200851,0.9171010778606704,0.836965643519169
30.0,1,-1,7,65000,48,2018,1,1,44.376278,26.110497,2.0108894980340075,0.1410800722146722
64.0,3,8,9,134999,23,1984,0,1,44.454056,26.053425,0.5154422977096665,0.0779316274331306
34.0,1,1,5,46000,52,2026,1,1,44.43774,26.017382,0.514666956033878,0.2179837448345945
63.08,2,2,4,100927,76,2026,1,2,44.413635,26.198019,0.7255831848171262,0.7270205689934148
105.85,3,5,6,290000,17,1940,1,0,44.434406,26.100801,0.2253608321207532,0.0885476207706119
86.2,3,3,4,137919,76,2026,1,2,44.414555,26.199392,0.8664557369207744,0.8318852607090115
85.3,3,1,4,140000,11,2020,1,1,44.406906,25.989985,2.45014920405389,0.4474973154980236
98.65,3,2,4,190986,76,2026,1,2,44.414986,26.201452,0.994897841930674,0.90829687060354
62.63,2,2,4,121252,76,2026,1,2,44.414803,26.200079,0.9176577299683696,0.8658130048491004
35.0,2,5,6,89000,3,2025,1,2,44.37026,26.140564,0.2882864339649782,0.1101968846286699
47.0,2,2,11,193000,61,2026,1,1,44.48241,26.10955,0.5933498275398651,0.1325371063520913
64.0,2,1,10,80990,52,2026,1,2,44.44111,25.980232,1.4233875063411454,0.4169193117134345
61.2,2,3,5,125500,79,2023,1,2,44.417927,26.169008,0.7798407473558698,0.2151109164242122
27.0,1,-1,6,36500,52,2026,1,0,44.43774,26.017382,0.514666956033878,0.2179837448345945
85.0,3,4,4,173000,69,2023,1,0,44.404232,26.164713,1.0663707100914317,0.1924991354154529
41.0,1,4,6,75500,3,2026,1,2,44.371487,26.141336,0.3404364530893221,0.0467920607597382
32.0,1,0,7,48900,52,2025,1,1,44.43774,26.017382,0.514666956033878,0.2179837448345945
44.0,2,4,11,173000,44,2018,1,0,44.4415,26.05957,0.1558336911372625,0.0596284448997935
80.0,3,4,4,162000,69,2023,1,0,44.40417,26.16467,1.0722088678862285,0.1954341605871407
74.91,3,2,7,120471,76,2026,1,-1,44.41154,26.200638,0.6691586864536806,0.5229841346931368
53.66,2,3,6,99500,3,2026,1,2,44.374004,26.139448,0.657431657113861,0.2120219221861544
57.8,2,2,7,86900,76,2026,1,-1,44.411827,26.207264,0.6960167149625673,0.6648277408233789
141.0,5,2,6,235000,59,1938,1,1,44.44533,26.095371,0.1826495952247321,0.1514634579212307
57.5,2,5,6,106000,3,2026,1,2,44.375965,26.136873,0.4203863122586641,0.0962412507463849
95.6,3,1,15,359899,61,2011,1,1,44.4783,26.116041,0.2691347596568878,0.0957581993428531
61.07,2,3,4,103305,76,2023,1,0,44.40224,26.177395,0.901924975448336,0.8489264976052463
62.0,3,4,7,109000,-1,1997,0,-1,44.45961,26.14911,2.256722514714103,0.4626561035745453
86.0,4,1,8,130000,66,1986,1,-1,44.412754,26.06665,1.6813331295569005,0.3664041313278019
73.0,3,6,7,169900,48,2025,1,2,44.370075,26.14168,0.203699129312235,0.033250229667024
32.0,1,2,7,49890,52,2025,1,1,44.43774,26.017382,0.514666956033878,0.2179837448345945
50.0,2,1,4,85000,40,1968,0,0,44.461456,26.040634,1.2083106604009648,0.0782857160515678
108.75,3,0,7,350000,10,2024,1,0,44.392883,26.127954,0.4495335445456339,0.1905340120866882
53.0,2,0,3,103000,3,2015,0,1,44.376053,26.141088,0.6009394420029294,0.2536954513387418
57.0,2,1,8,130000,66,1987,1,-1,44.4184,26.06396,1.0296411957026947,0.2481351736523614
57.0,2,1,7,175000,10,2024,1,0,44.392883,26.127954,0.4495335445456339,0.1905340120866882
35.0,1,-1,3,35000,67,2009,0,-1,44.443325,26.010588,1.1885842372842308,0.3689316856148847
74.0,2,2,7,298500,32,2025,1,0,44.4459,26.11559,0.8119697552636995,0.1721727306829057
57.5,2,2,7,87900,76,2026,0,-1,44.411736,26.206163,0.703027087546156,0.6389313045374114
49.37,2,3,10,90400,66,2025,1,0,44.387417,26.059216,3.500772985175032,0.0043602477527626
122.3,3,6,7,350000,10,2024,1,0,44.392883,26.127954,0.4495335445456339,0.1905340120866882
83.0,3,3,7,258000,14,2018,1,0,44.4097,26.0972,0.5858739617564609,0.0638652565969166
47.0,2,1,7,130000,-1,1977,0,-1,44.47991,26.06407,1.4704452227329567,0.1015703933461899
106.0,3,1,15,359900,61,2011,0,-1,44.4783,26.116041,0.2691347596568878,0.0957581993428531
50.0,2,7,9,195000,61,2025,0,0,44.47697,26.11287,0.5093129006784858,0.1165792510473762
47.1,2,2,7,78620,76,2026,1,-1,44.416576,26.202765,1.1994161296564645,0.957940602060256
53.9,2,4,11,134900,48,2024,1,0,44.361275,26.129211,1.429401953177865,0.0862746648384288
61.2,2,2,7,85900,76,2026,1,-1,44.411736,26.206163,0.703027087546156,0.6389313045374114
82.0,3,1,6,269000,49,2019,1,-1,44.435642,26.124292,0.9150095941111828,0.0717336635940757
98.1,3,4,5,430000,47,2010,1,0,44.48113,26.088125,0.9877207431892496,0.411717822569513
56.59,2,0,1,169000,61,2026,0,0,44.484596,26.108168,0.7997316766304233,0.1544326567024916
78.5,3,1,8,208000,61,2026,0,0,44.484657,26.108162,0.8038385588031632,0.1571726280324948
50.0,2,1,3,203280,71,2026,0,-1,44.45177,26.119522,0.4184095438107154,0.036102551017006
60.2,2,2,7,110000,76,2026,1,-1,44.414818,26.196877,0.8174064388988594,0.7340415806355679
74.0,3,3,3,349999,71,2024,1,0,44.44494,26.119308,0.6736345230127669,0.1162995473026201
83.0,3,1,5,325000,24,2023,0,0,44.48787,26.063658,1.9030163583954696,0.1638413024406304
51.0,2,7,7,107500,20,2008,0,0,44.436142,26.102684,0.0318356974740161,0.0786614073336896
57.38,2,1,9,181380,83,2025,1,0,44.419807,26.07666,1.5604495920069987,0.0333201320761257
170.6,4,11,12,566500,1,2023,0,0,44.425594,26.062078,0.4091384424930394,0.1708525559681624
78.0,3,3,9,190000,55,2025,1,-1,44.447834,26.130337,0.5457679394014101,0.3026567154511617
123.0,3,0,11,309000,52,2022,1,0,44.425842,26.015915,0.5580536283819651,0.1323294241128169
144.0,4,2,7,240000,-1,2018,0,-1,44.47991,26.06407,1.4704452227329567,0.1015703933461899
18.0,1,2,10,59500,16,1969,1,-1,44.42602,26.12472,1.2729486294209944,0.0799206932366882
46.0,2,0,4,179000,47,2003,1,-1,44.484753,26.088608,1.1144030712708346,0.2958188739416814
58.22,3,2,8,127000,40,1964,1,0,44.461308,26.046013,0.9563133203939728,0.1277198804377507
80.0,3,5,8,225000,16,1989,1,-1,44.425278,26.119425,1.0699136266472744,0.0895633981559744
55.0,2,1,8,124000,12,2021,1,-1,44.420387,25.981941,1.286065448400111,0.2203093942782541
50.0,2,8,10,125000,58,1976,1,-1,44.443653,26.153038,1.588043067237348,0.0609329385948443
75.0,3,6,8,185000,88,1995,1,0,44.41767,26.12856,0.6310663201711759,0.0110471409217544
107.1,4,2,9,550000,61,2025,1,0,44.475903,26.113922,0.5733076593229917,0.2083599438587163
62.0,3,8,10,135000,29,1970,1,-1,44.4234,26.143585,0.4281556091625786,0.2090328437718745
68.0,2,1,6,235000,72,2026,1,-1,44.439873,26.079542,0.6236412985615635,0.1028387606643117
70.0,2,0,6,165000,59,1974,1,-1,44.443714,26.093729,0.382938039304843,0.1219381751206654
70.0,2,5,6,145000,73,2024,1,-1,44.512466,26.020332,1.110375503924656,0.1394851184325225
78.0,4,6,10,137000,82,1984,1,-1,44.41579,26.048592,0.9917620884331032,0.0321352109623536
137.56,3,1,7,159800,39,2009,0,-1,44.40739,26.00568,1.649375418040177,0.3885721745842876
35.0,1,2,3,159600,71,2026,0,-1,44.451954,26.119648,0.4203050853947237,0.0290692771852564
40.95,2,1,7,74000,76,2026,1,-1,44.417034,26.198391,1.088210275966051,0.6336099292222509
36.0,2,1,10,65000,10,1974,1,1,44.380943,26.129404,0.4975055615625895,0.2296456755254807
50.0,2,4,4,149000,-1,2024,1,0,44.4971,26.002407,1.889103311083064,1.0139505788491767
37.0,1,2,11,188000,61,2026,1,0,44.48519,26.10755,0.8772673826604577,0.2268788695656695
89.26,2,3,16,240000,61,2011,1,0,44.477837,26.11509,0.3392459170184789,0.1579923048536496
59.0,3,2,10,116990,79,1962,1,0,44.423176,26.169174,0.5542374838275241,0.216405288385791
55.0,2,3,8,85000,66,1983,0,-1,44.409054,26.066303,2.045983537949989,0.2914592395379716
74.08,3,0,11,304000,52,2018,1,-1,44.42886,26.03138,0.6555464309310297,0.1771294716523083
59.0,3,0,8,111900,79,1974,0,0,44.423668,26.178776,1.286248034683556,0.081015958035328
43.0,2,3,10,67000,70,2012,0,0,44.39994,26.143347,1.8444104810552384,0.066451063644269
40.0,1,7,7,84900,25,1993,1,1,44.428555,26.132774,0.6270133321008184,0.0228712275871144
51.0,2,10,12,249000,61,2018,0,0,44.478096,26.107784,0.6081897873745178,0.2750397747398929
46.0,2,0,8,137000,21,2023,1,1,44.46578,26.142618,2.2938196741472154,0.2688099735741819
31.0,1,8,10,52000,74,1974,1,0,44.45714,26.128468,0.8728408696849923,0.1040242795223324
60.0,3,4,7,139999,20,2018,1,-1,44.43518,26.0841,0.5295071870506292,0.1337953456636072
68.12,2,3,4,255500,59,1940,1,-1,44.443478,26.096691,0.26629289065646,0.0539523776082831
64.0,3,0,9,125000,30,2018,0,-1,44.42714,26.045105,0.4157773466371015,0.3092120239048777
30.0,1,5,5,70000,63,2016,1,1,44.365314,26.147282,0.4931690144614601,0.3922435738429932
60.0,3,2,10,105000,79,1965,1,0,44.425926,26.17497,0.9803587496164912,0.258157747751722
84.0,3,8,10,310000,88,2022,1,0,44.41139,26.120132,0.5759968906161724,0.0319683295936793
78.0,4,1,3,199000,32,1938,1,1,44.43884,26.104563,0.360213503166477,0.2705449564358276
65.0,2,3,8,144900,79,2022,1,1,44.417095,26.185333,1.090661275635978,0.5011258346599705
305.0,5,9,10,1050000,74,2008,1,-1,44.465687,26.124933,1.753286215956701,0.2109295934100614
96.0,3,0,7,395000,4,2025,0,-1,44.439213,26.111158,0.7627860264223428,0.2222137920435353
56.0,2,1,10,160000,86,2025,0,0,44.504364,26.04205,1.3617840436524256,0.0918998963270789
50.0,2,6,10,71148,52,2026,1,2,44.440746,25.974096,1.711161097277026,0.5950581491870948
35.0,1,0,3,138122,55,2026,0,-1,44.45177,26.11982,0.3979443515176348,0.0514923121674287
109.0,3,0,5,390000,47,2009,1,0,44.484688,26.089302,1.0649670690257658,0.2411790969445875
97.0,3,8,8,579000,47,2022,0,0,44.487396,26.091803,1.1354068429446582,0.2212440111577637
125.01,5,0,3,735000,28,1940,0,0,44.455822,26.0923,0.7657155701227953,0.3584127138936058
50.0,2,7,10,146000,78,1976,1,0,44.41354,26.107643,0.2723284822246535,0.1886873404110673
91.95,3,2,3,356950,8,2025,1,1,44.490005,26.094452,1.2909715569075255,0.4117257846145281
70.77,3,1,10,124000,66,1978,1,-1,44.40742,26.072563,1.9099226626374477,0.271885246754765
38.0,2,1,4,57000,10,1969,0,1,44.38757,26.102484,1.3473942885656895,0.2004111950830824
27.67,1,0,2,99000,20,1940,0,-1,44.43914,26.082924,0.7387593031597991,0.1094207454495061
103.5,2,0,6,165900,48,2026,1,0,44.368782,26.12087,1.665137829349592,0.1898436640343457
63.0,2,2,6,118200,48,2026,1,0,44.368782,26.12087,1.665137829349592,0.1898436640343457
75.55,3,3,7,116900,76,2026,1,-1,44.411736,26.206163,0.703027087546156,0.6389313045374114
85.11,3,2,3,302500,8,2025,0,1,44.49001,26.094864,1.2801844347654543,0.4155315699580802
83.0,4,10,10,110000,10,1982,0,-1,44.38365,26.101484,1.7824530051499787,0.1131045615402464
34.0,1,0,7,75000,25,1980,0,-1,44.422337,26.13665,0.2436644665407251,0.2754481519048268
31.0,1,2,10,58000,79,1977,1,-1,44.42702,26.176245,1.0877115451858488,0.2486593863371336
96.2,3,0,4,269000,5,1988,0,-1,44.485806,26.092642,0.9548267159803732,0.1312672120489613
64.0,2,4,4,144000,12,2019,1,3,44.413788,26.002481,1.199302343151782,0.1012736442541341
82.0,3,3,5,423000,6,2001,1,-1,44.46374,26.08238,0.4188211084074128,0.2129101036081675
37.0,2,10,10,64499,30,1973,1,0,44.42483,26.0179,0.5379405468221785,0.1435990422275357
42.0,2,4,7,100000,76,2022,1,-1,44.413044,26.203691,0.9066571382191212,0.7807470511293673
54.0,2,7,9,89990,10,1965,0,-1,44.386185,26.117426,0.8455729576363807,0.1327323090810981
77.78,3,6,10,149900,42,1977,1,0,44.393448,26.091993,1.2719350499201558,0.1586754509280221
75.55,3,2,4,480000,28,1999,1,-1,44.456177,26.088428,0.5713117851493454,0.3133866604238763
56.24,2,2,4,360000,28,1999,1,-1,44.45625,26.087942,0.5570827706188659,0.300186757476046
54.0,2,6,11,170000,9,2019,0,-1,44.447315,26.06215,0.5255596792501808,0.0369210692251246
57.02,2,2,5,124999,39,2011,0,-1,44.40869,25.998514,1.8267837798153768,0.1087781955175326
81.0,3,5,5,165900,48,2022,1,-1,44.36998,26.12392,1.403637367047681,0.0288016781859565
75.27,3,0,3,254100,5,2018,1,1,44.489426,26.095034,1.2145122181072956,0.3537914512209463
76.0,2,0,7,128000,76,2022,1,1,44.41725,26.199263,1.1341753064527769,0.677876798759689
185.14,4,4,5,850000,47,2007,1,-1,44.48029,26.087864,0.9918400962303356,0.4011807866658259
60.0,2,3,4,127500,76,2015,1,-1,44.41415,26.19277,0.7208593957021862,0.6989141037724136
85.0,4,2,7,167000,10,2018,0,-1,44.3856,26.1331,0.6922220572129792,0.3584505703583258
110.0,3,5,6,475000,47,2007,1,-1,44.48757,26.086502,1.4375111731162504,0.2604948228954591
146.0,4,3,7,930000,47,2006,1,-1,44.48512,26.089073,1.1078955103156265,0.2767411674819583
158.0,5,5,6,998000,47,2007,1,-1,44.487705,26.086637,1.439257027025148,0.2619479860793284
78.61,4,7,11,190000,76,2015,0,0,44.412666,26.198135,0.6344980731765605,0.6189721137997831
84.0,3,2,4,445000,64,2002,1,-1,44.464535,26.089487,0.2996297778062616,0.1936021872861559
53.0,2,4,4,115000,78,1986,0,-1,44.413017,26.111761,0.4271794907725829,0.2008963778257465
52.5,2,1,7,119999,58,1983,1,0,44.444187,26.130785,0.4050889444072895,0.0367083154417418
155.0,4,3,4,485000,27,2005,0,-1,44.466084,26.07539,0.8777755730705645,0.1971020655828711
35.0,1,1,10,67000,29,1974,0,-1,44.413616,26.14077,0.8456390952456876,0.4646586534436072
145.0,4,3,3,95000,66,2013,0,3,44.40934,26.054646,1.8068923331071116,0.10524342089744
90.0,3,1,10,115500,52,2026,1,2,44.44075,25.972332,1.817556571577752,0.6416874456052517
123.0,2,0,4,169000,71,2008,0,5,44.44779,26.117928,0.546088439190288,0.1986892902098937
55.0,2,7,7,73140,48,2025,1,2,44.366623,26.114237,2.213735959575911,0.1630905397918091
63.0,3,7,8,159000,74,1965,0,-1,44.452164,26.120167,0.4002023681963771,0.0688815079434775
63.09,2,1,7,105500,76,2027,0,-1,44.412785,26.195797,0.5770141435984992,0.616856489646861
81.0,3,1,4,225000,20,1926,1,3,44.436928,26.094015,0.5493348484875236,0.1251575892336273
77.2,3,5,6,150000,11,2021,1,-1,44.408047,25.99225,2.2308993989601804,0.2275789263020671
38.0,1,3,4,85000,52,1982,0,-1,44.440235,26.025425,0.7570239422467039,0.0367253168183792
58.0,2,5,7,91999,0,1962,1,0,44.468796,26.054205,0.3994322701694362,0.166926693782778
60.0,2,8,10,91490,10,1984,1,0,44.381607,26.0976,2.111563083195314,0.2506579596693855
59.0,2,1,5,103000,3,2026,1,2,44.370975,26.128387,1.107147155127594,0.0516749704906429
85.77,3,2,7,118755,76,2026,1,-1,44.414948,26.20162,0.9993875280529309,0.9078306615119636
53.0,2,10,11,146990,52,2019,1,0,44.43503,26.000776,0.2203733361285821,0.1412737639454437
78.2,3,0,7,235000,20,1940,0,-1,44.439476,26.098312,0.5356304750672163,0.1300774983235445
35.0,2,5,6,89900,48,2025,1,2,44.36124,26.149233,0.9616581185143752,0.0235243811753346
62.2,2,0,3,210000,42,2025,1,0,44.396923,26.098255,0.8547177396858127,0.1976523603641929
65.0,2,4,4,188999,25,2018,0,1,44.42886,26.133339,0.5712494694782893,0.0757315343440489
70.4,3,5,6,121605,48,2025,1,0,44.368393,26.112228,2.22118222437705,0.1709601702431278
29.0,1,2,7,47900,10,2018,1,1,44.378517,26.125105,0.8245596504794318,0.0908703801718885
61.0,2,2,3,93000,20,1901,0,-1,44.43675,26.09919,0.3011650995850756,0.2096391222794605
56.5,2,2,6,99825,48,2025,1,0,44.368435,26.111542,2.263978682456991,0.2254185595626208
146.0,4,3,3,95000,66,2013,0,1,44.4091,26.0573,1.8905549012900256,0.2090503849176719
61.0,3,4,10,108000,30,1979,1,1,44.42315,26.02449,0.10997957900574,0.0552225707112372
51.0,2,4,7,145000,43,1981,0,-1,44.453587,26.077843,0.5441493202159857,0.2617018143737418
33.0,2,-1,5,55000,63,2013,1,0,44.363403,26.148703,0.7323880282463571,0.2439059343201091
82.0,3,1,7,395000,35,2024,1,-1,44.459736,26.095387,1.0047450801104731,0.1085141552054419
65.0,3,9,10,90900,30,1974,0,-1,44.41606,26.03187,0.675431599880641,0.270872957900821
26.0,2,1,4,53000,66,1971,0,-1,44.406227,26.072243,1.9170039159142047,0.1858990143329971
83.3,3,4,4,122000,11,2020,1,-1,44.406868,25.985886,2.637334298802835,0.5255119281245783
54.0,2,6,10,107000,52,1980,1,-1,44.4323,26.019594,0.2421056130780517,0.114130468030162
61.0,3,4,4,127000,10,1975,0,1,44.385544,26.107792,1.416283327317828,0.1965728750298193
31.0,1,4,4,56000,52,1978,0,-1,44.43172,26.01849,0.3470342613408,0.031197816498634
157.0,3,11,11,420000,-1,2020,1,0,44.47854,26.053291,0.8648690677276811,0.2848485317467248
65.0,3,4,4,127000,10,1975,0,1,44.38453,26.10818,1.460848574848858,0.1402226220442681
85.0,3,3,5,145600,76,2025,0,1,44.414227,26.192375,0.7345570688419178,0.6881854111500717
65.0,2,4,6,106000,48,2025,1,0,44.368534,26.12119,1.667858298834167,0.1816399582346971
50.0,2,8,8,85000,10,1982,0,-1,44.3858,26.13183,0.7456573080859971,0.2715712769736933
99.0,4,1,8,190000,65,2024,1,-1,44.37553,26.10242,2.499068321317538,0.2222406398398139
98.7,3,1,7,142905,76,2026,1,-1,44.411556,26.200737,0.6763877825065929,0.5273196533938168
53.0,2,7,7,87900,48,2024,1,0,44.368526,26.114458,2.0679460580864606,0.049659470569654
89.85,3,6,7,134500,76,2026,1,-1,44.420696,26.2004,1.5250704305452705,0.5792288123085151
34.0,1,0,10,81000,52,1981,1,-1,44.43298,26.022808,0.1684115925378559,0.1463772806960809
75.0,3,2,3,268622,16,2025,1,0,44.424187,26.093983,0.7086410459755442,0.1138280888816167
74.0,3,2,8,145000,10,1985,0,0,44.38134,26.13364,0.2383070303646604,0.1293571137824493
60.0,2,6,7,110000,10,2018,0,-1,44.39319,26.1163,0.4772643425119352,0.3118186342190515
73.3,3,1,6,132000,63,2025,1,2,44.36533,26.14722,0.4888610402786346,0.3875581058429406
53.0,2,11,11,127500,76,2021,1,1,44.40407,26.2073,0.1940505291489278,0.2737372061960823
62.78,2,1,3,112000,76,2026,1,-1,44.403378,26.17887,0.8081715148885006,0.7199891983570974
56.0,2,0,7,115800,48,2023,1,-1,44.37469,26.112442,1.90203254632744,0.1530688098988075
191.08,5,4,4,515000,27,2004,0,-1,44.465824,26.07489,0.9180957186374872,0.2275865558995393
53.0,2,9,10,117990,30,1974,0,-1,44.417995,26.02498,0.261556019376653,0.2301111492030196
78.0,3,4,4,177000,10,1989,0,-1,44.39215,26.11128,0.7523946365472708,0.1144092805739493
146.89,5,0,3,308000,13,2012,0,-1,44.49519,26.03219,0.0785643468220665,0.090228698126661
57.0,2,2,6,114999,48,2023,1,1,44.3688,26.112171,2.199924889656431,0.1894305471313136
92.0,3,11,12,195000,10,2023,1,0,44.3874,26.121485,0.620053113832021,0.231973647330989
36.0,1,1,7,64900,48,2018,0,-1,44.368584,26.114723,2.04719207812546,0.0631516226037693
80.2,3,3,6,121500,48,2025,1,0,44.36773,26.114256,2.134405782907612,0.0403125087044948
56.0,2,11,11,120000,48,2025,1,0,44.35896,26.131195,1.4864249959006148,0.2374792064899593
67.0,3,4,9,149500,52,1977,1,-1,44.434208,26.037798,0.32801118637782,0.1294228702245169
68.0,3,4,4,117000,10,1977,0,-1,44.38068,26.129868,0.4538224638916143,0.2457761454764192
58.0,2,3,6,74250,48,2025,1,0,44.368088,26.114336,2.104984297055474,0.0
52.0,2,7,7,105000,48,2024,1,0,44.368504,26.1142,2.085909253980012,0.0475035226122306
78.0,3,8,8,205000,88,1990,1,3,44.417645,26.122139,0.704700681863135,0.3914718660186947
29.0,1,3,4,81000,52,1983,0,0,44.432755,26.024462,0.2876846909154288,0.1588333225482965
56.0,2,4,8,86500,3,2026,1,0,44.367226,26.13293,0.8740670108383295,0.0402447900680239
115.0,4,6,6,169900,48,2025,1,2,44.37648,26.127348,0.7253715759977117,0.3076361250981719
86.0,3,5,7,230000,20,1936,1,-1,44.439938,26.100372,0.491615217778229,0.0763698419443831
44.0,2,0,9,69900,10,1965,1,-1,44.37977,26.11978,1.2392302324895197,0.1512065042501072
55.0,2,2,7,213740,16,2026,1,0,44.424805,26.094208,0.6534318191931118,0.132229550780705
84.75,3,0,9,148500,66,2025,1,0,44.394894,26.06108,2.9903351822177315,0.2721025903607001
40.0,1,4,6,64100,48,2025,1,0,44.37817,26.129194,0.5156814827951063,0.1789559246347972
88.0,3,5,5,125900,48,2024,1,0,44.37084,26.117107,1.7475177972407367,0.0812052148931384
70.2,3,2,6,98280,48,2026,1,0,44.36773,26.114256,2.134405782907612,0.0403125087044948
52.7,2,1,6,73780,48,2026,1,0,44.36773,26.114256,2.134405782907612,0.0403125087044948
61.9,2,1,11,94600,76,2026,1,0,44.415802,26.1977,0.9409731135128628,0.6855893229171097
20.0,1,4,7,37500,79,2018,0,-1,44.430557,26.163137,0.6167086446977852,0.1749509021633872
95.0,3,5,7,165000,52,2023,1,0,44.43693,25.987555,0.7527285218174187,0.1233031529675351
74.44,3,0,6,231120,54,2026,0,0,44.416836,26.119122,0.4572370014573035,0.4174773485001523
52.16,2,2,6,156500,54,2026,0,0,44.416836,26.119122,0.4572370014573035,0.4174773485001523
168.95,3,3,3,250000,88,2024,1,0,44.40418,26.147205,1.5312201326242476,0.1994811660789785
74.2,3,2,5,217000,88,2025,1,0,44.41588,26.119085,0.4626828348499056,0.3210355298525452
50.0,2,7,10,58800,52,2026,1,2,44.44121,25.980795,1.408884885145451,0.3831549037278391
26.0,2,1,7,53000,66,1997,0,-1,44.407146,26.07183,1.96247654623994,0.279571809560277
81.04,2,0,9,243120,83,2025,1,2,44.41987,26.077402,1.5982786286191335,0.0903978983008206
98.2,3,5,5,139000,39,2025,1,-1,44.408573,26.024534,0.8554160078702877,0.1147342391292045
67.81,2,2,5,100000,39,2025,1,-1,44.408573,26.024534,0.8554160078702877,0.1147342391292045
81.88,3,2,11,156500,3,2025,1,2,44.36876,26.129395,1.1346704961585403,0.2233316121300458
75.55,3,1,3,116900,76,2025,1,0,44.41217,26.203552,0.8243030537504897,0.6939467756794756
96.8,3,0,5,128925,48,2025,1,0,44.36773,26.114256,2.134405782907612,0.0403125087044948
79.4,3,0,5,110743,48,2025,1,0,44.36773,26.114256,2.134405782907612,0.0403125087044948
71.93,3,7,11,136900,12,2019,1,1,44.40766,25.982792,2.5933177085304124,0.2883191544688181
78.0,3,0,4,185000,3,2018,1,1,44.380608,26.138618,0.2817839979592655,0.2831771714722914
100.0,3,0,5,329999,24,2015,0,-1,44.48726,26.051973,1.024588994948801,0.1212759400165014
78.0,4,7,10,174999,74,1977,1,0,44.463837,26.130522,1.6277279007517191,0.1518031865538441
67.0,3,0,4,141000,79,1967,0,0,44.423084,26.166948,0.4008514270199562,0.2890584745159122
85.0,4,8,10,143000,66,1981,1,3,44.40841,26.06761,2.1514216701400897,0.2551746453424501
42.0,2,0,10,63000,52,2026,1,0,44.441055,25.97797,1.5243776912766929,0.581041219581658
73.0,3,3,10,195000,43,1982,1,2,44.458424,26.069435,0.9449794723476715,0.3210346009514072
107.0,3,1,7,375000,36,2008,1,3,44.485718,26.08678,1.2946423159084266,0.4228793855910848
68.0,3,8,8,103999,30,1984,1,0,44.41582,26.042233,0.848422657846417,0.0780506208890901
53.17,2,2,11,147990,35,1962,0,0,44.45397,26.09961,0.5038176446731338,0.1076306589759894
50.0,2,8,8,119999,55,1984,0,-1,44.447445,26.125319,0.2922514398358852,0.1148826020844144
82.18,3,2,3,133705,76,2026,1,0,44.41738,26.203466,1.3045967726385288,0.9736781686146896
49.0,2,5,7,70000,12,2018,0,-1,44.411472,26.004103,1.3091567932839236,0.1361835373750686
51.0,2,0,10,115000,29,1968,1,0,44.420452,26.147585,0.6687177170045576,0.3142900491202351
64.34,2,2,4,102477,79,2025,1,0,44.41732,26.189194,1.1347113746972122,0.4078499571301202
64.0,2,4,4,140000,12,2019,1,3,44.413788,26.002481,1.199302343151782,0.1012736442541341
72.0,3,5,9,204990,12,2022,1,-1,44.420403,26.000168,1.0669529148193042,0.0898921740858133
57.0,2,2,6,82500,48,2026,1,0,44.36798,26.11403,2.131605753576877,0.0271267107384582
65.54,3,4,10,129999,55,1975,0,0,44.449783,26.125757,0.1309658437042943,0.0944979125532225
55.34,2,1,10,169000,61,2026,1,0,44.481632,26.110958,0.4619408553031052,0.2458441060974304
74.0,3,0,11,304000,52,2018,1,-1,44.428112,26.031391,0.6923452577798068,0.0954338643911373
28.0,1,4,10,86000,52,1977,1,-1,44.433727,26.030018,0.3045970181193951,0.1017829526077565
29.0,1,3,4,81000,52,1983,0,0,44.432262,26.024393,0.3150301713503817,0.2114890996991025
44.0,2,3,7,105000,76,2022,0,1,44.412533,26.203018,0.8800369426651288,0.7043325464715856
74.0,3,1,8,294900,16,1991,1,1,44.42981,26.09619,0.423840327272282,0.0105046630361915
40.23,2,6,9,55000,20,1960,1,-1,44.436142,26.102684,0.0318356974740161,0.0786614073336896
74.0,3,1,8,295000,16,1991,1,0,44.43013,26.0914,0.3303600648517205,0.1287288368745167
50.0,2,5,10,63000,52,2026,1,2,44.441124,25.9799,1.4392808019900292,0.4412919214026958
81.0,4,5,10,143000,58,1977,1,-1,44.4432,26.154573,1.4594287144416689,0.1566310118017909
50.0,2,2,4,93000,87,1935,1,3,44.44166,26.085623,1.0313074792500685,0.1664393206641821
121.0,4,0,2,210000,20,1910,0,-1,44.440094,26.085516,0.8725821310069886,0.0307245552195213
45.0,1,1,7,69500,63,2026,1,2,44.360806,26.152912,1.1635352851284786,0.2990775742935537
51.0,2,0,7,136000,13,1968,0,-1,44.48611,26.037577,0.0627825867207451,0.0914606161008543
65.0,2,2,7,98000,63,2026,1,2,44.3606,26.152626,1.1673786419299257,0.2682847746639454
46.0,2,2,7,160000,-1,2018,0,-1,44.45961,26.14911,2.256722514714103,0.4626561035745453
143.0,4,3,5,930000,47,2005,0,-1,44.485085,26.088905,1.1163048445349373,0.286994330425555
68.87,3,3,4,287000,71,2000,0,0,44.449093,26.104452,0.4225430904776231,0.1483790954746281
54.0,2,2,11,120000,56,2016,1,1,44.41209,26.185246,0.8000267611617371,0.3487641418339109
72.0,3,8,10,200000,78,1980,1,2,44.410774,26.110836,0.6605354409011833,0.0619758246519433
50.57,2,4,7,119900,77,1961,1,-1,44.41952,26.1045,0.5294600344962321,0.144689210216385
61.0,2,2,7,92500,63,2026,1,2,44.361618,26.150612,0.9817215136794636,0.1403111247594191
59.0,2,2,7,91000,63,2026,1,2,44.36114,26.151762,1.0780474811704703,0.2245831311133755
66.0,2,2,4,165000,24,2025,0,0,44.487495,26.063057,1.8449729165122872,0.22644758980197
83.0,3,7,7,111000,71,2018,0,-1,44.4476,26.108,0.6035037423163692,0.1001911352410935
37.0,1,4,4,74000,3,2012,1,2,44.36848,26.135479,0.6527568768626679,0.2196525300853991
55.69,2,3,11,178900,44,2016,0,0,44.442837,26.065813,0.4233499725736033,0.2544536259189782
123.0,4,6,8,349000,25,1992,1,0,44.428505,26.133457,0.593491235018255,0.0626296270921953
81.0,3,7,8,285000,54,1994,1,-1,44.422626,26.11162,0.6752721673241071,0.0621759456924241
46.0,2,1,3,149800,35,1958,0,0,44.46301,26.106049,1.137685890330767,0.2292223698055704
72.0,3,9,11,125800,52,1975,1,0,44.43373,26.016489,0.3879190558509414,0.0445377298824924
89.0,3,2,2,185000,16,1936,0,3,44.4261,26.094635,0.5528551022605133,0.1365868969536779
93.0,3,2,2,165000,16,1920,1,1,44.42359,26.103413,0.5410909430769887,0.1910826215476699
107.25,3,2,9,301750,83,2025,1,2,44.41987,26.077402,1.5982786286191335,0.0903978983008206
106.6,4,3,9,181900,3,2025,1,2,44.373066,26.129911,0.8453217461856254,0.0786820415273728
51.31,2,5,11,104400,3,2025,1,2,44.36876,26.129395,1.1346704961585403,0.2233316121300458
76.65,2,2,5,113000,39,2025,1,-1,44.408573,26.024534,0.8554160078702877,0.1147342391292045
58.5,2,3,5,93500,48,2024,1,2,44.36867,26.114674,2.0446209719315624,0.0700709199088806
53.0,2,11,13,116500,70,2015,1,-1,44.3955,26.143024,1.6711417683863197,0.2920610324593276
50.0,2,1,4,105000,30,1972,0,-1,44.415966,26.029655,0.5376512382775269,0.2309035638987997
30.0,1,4,7,60000,11,1997,0,-1,44.39589,26.019253,2.2741475519972547,0.6603286764968306
72.01,3,11,14,113999,58,1976,0,0,44.44393,26.150272,1.4025899404923838,0.1262695461864026
25.0,1,10,10,39500,74,1975,1,0,44.4624,26.13014,1.466614557139414,0.1369747598510102
56.42,2,1,5,157000,10,2016,1,1,44.384903,26.109915,1.3296134095284813,0.0269560663755947
19.0,1,4,4,39000,79,1950,0,0,44.416325,26.158463,0.3880629267412592,0.3142164619148814
181.0,3,5,5,768000,32,2008,1,0,44.447548,26.105898,0.5820268818537749,0.1511600492095624
135.0,4,0,3,789000,35,2025,1,5,44.4571,26.098045,0.7766497479240585,0.1793061035568414
116.0,3,7,8,660000,35,2020,1,0,44.46822,26.105007,1.273438307913945,0.211345901108753
116.0,3,1,8,583000,35,2020,1,0,44.46822,26.105007,1.273438307913945,0.211345901108753
99.0,3,6,8,561000,35,2020,1,0,44.46822,26.105007,1.273438307913945,0.211345901108753
58.3,2,0,8,286000,35,2020,1,0,44.46822,26.105007,1.273438307913945,0.211345901108753
100.0,3,11,20,453772,35,2023,1,0,44.466553,26.108778,1.550303055649347,0.2461083022129472
63.0,2,11,20,273995,74,2022,1,0,44.469315,26.110382,1.3575790967184405,0.0537379667095148
63.0,2,3,20,221482,74,2022,1,0,44.46913,26.110468,1.3745473204527554,0.0603493563673047
62.0,2,9,20,249804,74,2022,1,0,44.4695,26.11021,1.332919628780534,0.0499355266781072
62.5,2,6,20,242840,74,2022,1,0,44.469376,26.110382,1.3515019116177585,0.055471399308649
104.0,5,4,10,350000,38,1991,1,-1,44.451965,26.08423,0.0063539046926208,0.0600587787352123
52.0,2,0,4,190000,47,2024,1,0,44.482384,26.087805,1.0514853394275718,0.3901042175866968
53.46,2,0,4,206850,47,2024,1,0,44.482384,26.087805,1.0514853394275718,0.3901042175866968
52.0,2,0,4,232000,47,2024,1,0,44.482384,26.087805,1.0514853394275718,0.3901042175866968
67.0,3,6,8,250000,25,2009,1,2,44.428555,26.132774,0.6270133321008184,0.0228712275871144
85.0,3,3,6,375000,47,2020,1,0,44.480076,26.08896,0.9026633199889595,0.3112166653118446
121.35,4,0,7,464000,8,2010,1,1,44.512016,26.10325,3.6419337731189536,0.3791056636412642
72.88,3,0,7,319000,8,2010,1,1,44.512016,26.10325,3.6419337731189536,0.3791056636412642
57.0,2,9,9,130000,79,1980,1,2,44.423405,26.16443,0.2265881006107959,0.1799505687759815
119.0,4,5,6,534000,47,2020,1,0,44.480076,26.08896,0.9026633199889595,0.3112166653118446
86.0,3,5,6,150000,11,2021,1,1,44.408348,25.99276,2.1783597570482,0.1757113183623202
52.0,2,5,8,222000,61,2024,1,0,44.47481,26.115055,0.6649604593472075,0.3465092063631462
52.0,2,6,8,222000,61,2024,1,0,44.475105,26.11544,0.6274642511753444,0.3331695456084902
51.0,2,5,7,96000,66,1997,0,-1,44.39928,26.05618,2.908099566208997,0.0576854018648191
63.0,2,3,20,221482,74,2022,1,0,44.469055,26.110218,1.373478077489803,0.0437126465788283
49.8,1,9,9,79900,3,2024,1,2,44.373066,26.129911,0.8453217461856254,0.0786820415273728
68.21,2,4,5,101000,39,2025,1,-1,44.408573,26.024534,0.8554160078702877,0.1147342391292045
102.0,3,4,9,365000,61,2019,0,0,44.47444,26.111687,0.7972904370012439,0.2293450415164784
63.0,2,3,20,223587,74,2022,1,0,44.469055,26.110218,1.373478077489803,0.0437126465788283
63.0,2,9,20,246857,74,2022,1,0,44.469055,26.110218,1.373478077489803,0.0437126465788283
62.0,2,11,20,270643,74,2022,1,0,44.4695,26.11021,1.332919628780534,0.0499355266781072
239.0,5,0,5,238900,39,2010,0,0,44.407864,25.998774,1.884243730642117,0.2028985359144193
57.0,2,7,10,99900,52,1981,1,-1,44.43239,26.02941,0.4142249357562633,0.2217690928372225
99.0,3,4,5,160000,8,2012,1,0,44.526924,26.05962,3.8376318806918337,0.5773210291818344
58.4,2,2,5,280000,47,2023,1,0,44.481735,26.090137,0.8529728583693144,0.2982433525358318
75.0,3,3,9,115000,23,1963,1,-1,44.458263,26.050838,0.6572334020752876,0.1839570735868833
60.0,2,7,9,290000,5,2018,1,0,44.478893,26.094023,0.4961258091571542,0.1199536223030354
137.0,3,4,5,590000,5,2018,1,0,44.48709,26.09558,0.9568040774670264,0.1435579149008021
121.7,3,4,4,720000,47,2005,1,-1,44.484314,26.089678,1.0167466500275928,0.2017120696064807
75.0,2,0,8,308000,35,2020,1,0,44.46822,26.105007,1.273438307913945,0.211345901108753
73.0,2,0,8,330000,35,2020,1,0,44.46822,26.105007,1.273438307913945,0.211345901108753
116.0,3,4,8,572000,35,2020,1,0,44.46822,26.105007,1.273438307913945,0.211345901108753
100.0,4,0,3,790000,35,2025,1,0,44.456734,26.097744,0.771679050708905,0.1789221241651655
50.0,2,8,8,83500,10,1982,1,0,44.38556,26.130774,0.757716627057893,0.1995761132657577
40.94,2,0,5,90000,87,1946,0,0,44.446487,26.086432,0.6317721628545396,0.0971450695956489
62.42,3,4,4,117000,81,1974,0,0,44.407654,26.175274,0.288065146990227,0.3299725424550529
55.0,2,4,9,240000,5,2021,0,0,44.488388,26.093584,1.1548092259527496,0.2353292763252691
57.7,2,5,6,97500,3,2026,1,2,44.373066,26.129911,0.8453217461856254,0.0786820415273728
32.0,1,1,10,65000,58,1975,1,3,44.442936,26.154985,1.4157406912738857,0.1198087402849798
57.0,2,4,12,168000,-1,2026,1,0,44.47198,26.140003,2.0920382424367725,0.1247498979365537
100.0,3,3,3,305000,61,2018,0,-1,44.48235,26.10593,0.5724827811619498,0.1960528236875138
51.0,2,8,12,185000,-1,2026,0,0,44.472515,26.140003,2.065182594997145,0.1449817051844877
58.0,2,8,12,199800,-1,2026,0,0,44.473045,26.139488,2.0028626702161576,0.2125668448894237
18.0,1,9,10,38000,79,1975,1,0,44.412357,26.173304,0.2936872239077251,0.1517624506272535
51.0,2,4,12,171000,-1,2026,1,0,44.4719,26.139488,2.0601034162673675,0.1647265774642212
112.0,4,5,12,373000,-1,2026,1,0,44.472675,26.139431,2.0166012582225714,0.1931723844898811
42.5,2,3,5,125000,48,2018,1,-1,44.375504,26.110704,2.012399466278197,0.204288775749545
35.0,2,5,6,89900,63,2025,1,2,44.36192,26.150906,0.9678463317523054,0.1748721566176901
17.0,1,4,4,25500,21,1975,0,-1,44.4561,26.142878,1.6393583053212983,0.068834446225092
97.0,4,3,10,293000,28,1980,1,1,44.44811,26.0999,0.3171905299769072,0.0993574304856698
56.0,2,0,12,186000,-1,2026,1,0,44.471943,26.140175,2.106042426334397,0.1107090220234778
52.0,2,5,8,118900,23,1985,0,0,44.45492,26.054373,0.6293324391216241,0.1970822757342664
170.0,5,5,5,790000,32,1997,1,-1,44.44287,26.104338,0.6268493186301377,0.1859285601587887
115.0,4,2,3,750000,6,2022,1,-1,44.463413,26.085093,0.3214953618252066,0.2740505296628152
53.3,2,0,5,210000,47,2022,1,-1,44.47945,26.09055,0.7714380505549849,0.1794788489439204
67.0,3,10,10,129500,79,1968,1,0,44.427574,26.17587,1.0194455512759526,0.2919481017267816
162.67,3,3,6,320000,88,2025,1,0,44.416595,26.120205,0.5430247590204169,0.4355155705536046
46.0,2,0,10,75000,79,1968,1,0,44.41769,26.170042,0.8303044113638623,0.1289643810334582
46.0,2,0,7,75000,79,2018,0,-1,44.41817,26.1606,0.5206606050493752,0.3647647089419271
60.13,3,8,10,99000,52,1968,1,0,44.43619,26.015846,0.4960060301943667,0.2460678894832262
231.71,5,0,5,749000,47,2005,0,-1,44.482944,26.087809,1.074008559758616,0.365566788295728
231.71,5,0,5,749000,47,2005,0,-1,44.48354,26.088636,1.0431989458055708,0.2854339087502147
200.0,5,5,5,890000,47,2004,1,-1,44.483547,26.088678,1.0406177861885766,0.2820173789795711
200.0,5,5,5,890000,47,2004,1,-1,44.48364,26.08882,1.035612242464555,0.2692546337245385
31.0,1,6,10,75000,58,1981,1,-1,44.444275,26.13637,0.4520778891291068,0.2563223686562401
45.0,1,3,7,39990,79,2018,0,-1,44.41817,26.1606,0.5206606050493752,0.3647647089419271
154.0,4,9,15,1300000,35,2021,1,-1,44.465202,26.10157,1.204287348884275,0.0812262247344327
82.0,3,6,11,270000,52,2016,1,1,44.44284,26.051792,0.4873502869776711,0.2179407620016615
50.0,2,0,3,83000,65,2023,0,0,44.37035,26.102036,2.841699151167921,0.1066268246368611
52.0,2,8,10,105000,30,1972,1,0,44.41799,26.026966,0.3812896911118648,0.0842667062804089
64.25,2,1,6,115650,63,2025,1,2,44.36533,26.14722,0.4888610402786346,0.3875581058429406
17.0,1,1,7,41000,10,2018,0,-1,44.386105,26.11674,0.879554000098267,0.086573468174676
58.0,2,7,7,114000,10,2021,1,1,44.38676,26.116875,0.8116367202193068,0.1547552464180386
71.0,3,5,5,149000,48,2017,1,1,44.37061,26.12465,1.3126833969572622,0.1141458690781623
31.0,1,10,10,67000,29,1970,1,2,44.420055,26.139397,0.1214626466635944,0.0932415910276163
50.0,2,1,6,106000,48,2025,0,2,44.36118,26.149233,0.967586954650291,0.0237128524972479
61.5,2,1,3,86100,76,2026,1,0,44.413303,26.20576,0.879778467944639,0.8098785489201394
109.1,3,0,3,123400,76,2026,1,0,44.413303,26.20576,0.879778467944639,0.8098785489201394
50.0,2,1,4,94900,30,1973,0,0,44.416775,26.026108,0.2639669127054448,0.1694410139014309
36.3,1,1,8,89000,10,1986,1,0,44.381622,26.13187,0.3584207330108647,0.0946058275996989
93.0,3,3,11,292000,79,2021,1,1,44.41234,26.153072,0.6720285083658191,0.2629441337760528
54.0,3,2,7,140999,57,1963,0,-1,44.48314,26.050625,0.7786888289733435,0.1028423111215753
67.81,2,1,5,99000,39,2025,1,-1,44.408573,26.024534,0.8554160078702877,0.1147342391292045
48.9,2,1,6,77500,48,2025,1,2,44.37648,26.127348,0.7253715759977117,0.3076361250981719
140.2,3,3,4,224000,76,2025,0,1,44.415916,26.19359,0.9102824484518864,0.516039028856806
63.0,2,0,2,104000,2,2023,0,1,44.479343,26.15192,2.8040087745132096,0.1888400071890248
62.47,2,2,3,150000,39,2018,0,1,44.40653,25.999979,1.9477420177080007,0.3740953284037161
71.0,3,5,5,149000,48,2017,1,1,44.37073,26.123941,1.340102721940619,0.0872255521193914
64.0,2,2,7,81000,52,2026,0,1,44.439396,25.978157,1.3756325103462403,0.4691496196432181
90.0,3,3,7,115500,52,2026,0,3,44.440254,25.977728,1.468954291555589,0.5472770440906924
30.0,1,3,10,75000,79,1977,1,0,44.434593,26.164965,0.3740789510403223,0.1693007596449337
50.0,2,0,7,117000,23,1984,1,-1,44.45357,26.042225,0.4768886354525676,0.2970075945396276
47.0,2,2,7,85320,-1,2018,1,0,44.397717,26.142836,1.7159339026643576,0.0456256508008332
41.0,1,6,7,75420,-1,2018,1,0,44.397717,26.142836,1.7159339026643576,0.0456256508008332
48.0,2,3,7,155000,28,2018,0,-1,44.453705,26.088655,0.3955533072475267,0.1980418447336266
84.0,3,4,10,260000,58,2025,1,0,44.438194,26.165579,0.4291488133582145,0.2093545536057182
79.58,3,3,3,118755,76,2026,1,0,44.41344,26.200691,0.8218389895455358,0.7266707442205255
79.58,3,0,3,116391,76,2026,1,0,44.412846,26.201105,0.794670595415142,0.6724090746280423
79.2,3,2,2,122000,76,2025,1,0,44.41522,26.196444,0.852400459248412,0.6779190452384377
60.11,2,3,3,102000,76,2025,1,0,44.419067,26.195612,1.2653787522969986,0.325962474657312
74.0,3,-1,7,199650,52,2019,0,3,44.429825,26.037172,0.5907510995414452,0.3442802666459696
61.52,2,2,3,84500,76,2026,1,0,44.415543,26.202177,1.0788827662954954,0.9751011907865312
39.0,1,6,8,138000,25,1995,1,-1,44.425583,26.129076,0.945000959484508,0.138565426247548
79.25,2,0,3,90000,76,2026,1,0,44.413017,26.200615,0.7821206442653746,0.6796133451171981
93.0,3,4,4,129920,76,2025,1,0,44.41254,26.196598,0.5694122675117032,0.6154517056868487
61.37,2,0,3,79781,76,2025,1,0,44.411236,26.202108,0.7450521992663238,0.54362697851696
54.35,1,2,3,70655,76,2026,1,0,44.411236,26.20215,0.7478996900327815,0.5454174545714758
58.0,2,1,4,155223,16,2026,0,1,44.42969,26.122879,1.2736773643820791,0.2141104420727537
67.51,2,1,6,110000,48,2025,1,0,44.368534,26.12119,1.667858298834167,0.1816399582346971
61.0,3,0,7,120000,76,2018,0,-1,44.416176,26.19034,0.9848409926658744,0.4880190051646913
89.4,3,3,15,290000,88,2023,1,0,44.41273,26.12664,0.0917535227209807,0.1262177549096373
50.71,1,1,5,72000,39,2025,1,-1,44.408573,26.024534,0.8554160078702877,0.1147342391292045
36.5,1,9,9,67900,3,2024,1,2,44.373066,26.129911,0.8453217461856254,0.0786820415273728
62.0,3,1,4,109999,52,1969,0,-1,44.437157,26.015163,0.5986424327025519,0.1384295061877724
67.0,2,3,9,260000,74,2017,0,0,44.47011,26.111584,1.2419942834857418,0.1780961436638513
49.0,2,2,9,99999,-1,1970,1,0,44.410057,26.098797,0.652832932546864,0.1297337453203102
85.07,3,1,4,345000,49,2026,1,0,44.441856,26.125471,0.6146601172222356,0.3146111530297092
59.0,2,1,4,118500,65,2024,1,1,44.370304,26.102327,2.8220160909375127,0.0832133863092563
97.57,4,1,4,375000,49,2026,1,0,44.44169,26.125301,0.6252571413428119,0.3177157233740315
18.0,1,3,7,59000,15,2018,0,-1,44.426453,26.111055,0.8211997095447956,0.0726194905180515
65.0,3,2,13,135000,70,2018,0,-1,44.3955,26.143024,1.6711417683863197,0.2920610324593276
80.0,3,1,5,133999,48,2025,1,0,44.36773,26.114256,2.134405782907612,0.0403125087044948
127.0,4,11,14,375000,20,2025,0,0,44.436142,26.102684,0.0318356974740161,0.0786614073336896
52.3,2,1,4,200000,53,2026,1,0,44.44238,26.12537,0.6346771703581086,0.3219398380106261
73.0,3,6,7,169900,10,2025,0,2,44.38241,26.1349,0.3157958819685446,0.2177060936510499
57.5,2,3,6,103000,10,2026,1,2,44.38676,26.116875,0.8116367202193068,0.1547552464180386
40.0,1,0,4,67500,39,2025,1,2,44.404896,26.003979,1.9570590976061424,0.6212651146938116
44.81,2,8,10,116500,29,1967,1,0,44.422516,26.14831,0.737928691025129,0.2174073791627103
61.25,3,4,4,80000,42,1975,0,-1,44.3855,26.093683,1.9137080645491968,0.132351652110288
53.66,2,3,6,96000,10,2026,0,2,44.38676,26.116875,0.8116367202193068,0.1547552464180386
41.0,1,3,6,74000,10,2026,1,2,44.38676,26.116875,0.8116367202193068,0.1547552464180386
101.0,3,3,5,410000,47,2023,0,0,44.48064,26.09033,0.8051886132503331,0.2318433753663949
41.0,1,3,4,129000,5,2021,0,-1,44.487434,26.102156,0.932067657118347,0.5411661297957775
60.0,3,1,7,119900,69,1974,1,-1,44.410973,26.165306,0.4218403060113984,0.1708327257828391
91.0,3,0,6,350000,20,2009,1,-1,44.436142,26.102684,0.0318356974740161,0.0786614073336896
48.0,2,0,7,159500,-1,2018,0,-1,44.45961,26.14911,2.256722514714103,0.4626561035745453
51.0,2,8,10,158900,25,2012,1,0,44.430183,26.131365,0.6170038806247623,0.0928024582613453
50.5,2,0,3,129000,8,2021,0,0,44.49255,26.099867,1.4891236215622308,0.5026369168393088
66.0,3,6,10,120000,10,1975,1,-1,44.385727,26.116606,0.9213280682304584,0.0502731381068838
58.2,2,10,10,129900,43,1984,1,0,44.457314,26.063463,0.6050864387624665,0.1917439992331156
77.0,3,5,10,225000,86,2023,1,1,44.503773,26.046034,1.526180796942473,0.070240251355195
76.0,3,9,10,220000,86,2023,1,1,44.503773,26.046034,1.526180796942473,0.070240251355195
53.0,2,6,10,155000,86,2024,1,3,44.50403,26.04553,1.5165730854205437,0.0367379336554199
80.0,3,1,10,240000,86,2024,1,1,44.50399,26.04552,1.5129120379027403,0.0336563778413649
25.0,2,4,4,40000,31,1972,0,-1,44.45259,26.145023,1.6037495909428607,0.190316294000228
77.0,3,8,10,220000,86,2024,1,3,44.50408,26.04554,1.5210137285166292,0.0408170309748177
60.0,2,6,10,175000,86,2024,1,3,44.50403,26.04553,1.5165730854205437,0.0367379336554199
53.0,2,8,10,155000,86,2024,1,3,44.50407,26.04551,1.5185331197541092,0.0383020689010908
38.0,2,3,4,58500,42,2018,0,-1,44.380157,26.095688,2.3235993073761287,0.1957779797309832
60.0,2,9,10,175000,86,2024,1,3,44.50402,26.04545,1.511245593552655,0.0310534965174051
76.0,3,5,10,225000,86,2024,1,3,44.50402,26.04545,1.511245593552655,0.0310534965174051
37.0,2,3,4,58000,10,1970,0,-1,44.379215,26.100922,2.26502946812818,0.1503384820077505
67.0,3,1,8,226000,20,1964,0,0,44.439575,26.09195,0.756516190235165,0.1542988901749014
52.39,2,4,8,135000,23,1984,0,0,44.45476,26.057007,0.7158846747624487,0.0681250750614185
70.0,3,6,8,179000,53,1983,0,0,44.44301,26.11966,0.8470131425326504,0.1020869440751566
79.0,2,5,6,250000,60,2010,0,0,44.415382,26.08738,1.3750034926754269,0.1865529765061091
58.0,3,2,10,138000,30,1976,1,-1,44.422516,26.034325,0.0943277192734756,0.0275037742039799
75.0,3,2,4,216000,74,1994,0,0,44.46263,26.114262,1.2873943312432332,0.3110462047601026
52.39,2,4,8,135000,23,1984,0,0,44.45584,26.050442,0.4945077360235946,0.2487698436477801
50.0,2,1,5,118000,66,2012,1,0,44.41302,26.070724,1.827541022819456,0.1645895763808829
68.0,2,5,11,180000,10,2024,1,3,44.38633,26.120918,0.7437813001718216,0.198763545979365
65.0,2,4,6,145000,63,2021,1,-1,44.3614,26.1506,1.001335196129343,0.1336222735353223
52.9,2,10,11,133000,48,2024,1,0,44.361656,26.129309,1.3982533537701185,0.1042364431437078
52.0,2,5,10,224999,27,2020,1,0,44.47253,26.056587,0.5250746726374053,0.0397226621596463
80.0,3,0,3,454999,64,2018,0,0,44.46653,26.089289,0.2294117557773339,0.2082106418857553
79.6,3,7,11,164900,48,2023,1,0,44.358574,26.132048,1.475295252501993,0.3044313990561813
58.0,2,0,3,136000,66,2025,0,1,44.388023,26.051554,3.8709868754136094,0.336120750645913
39.36,2,0,5,93000,63,2013,1,0,44.364197,26.149206,0.6851904004827156,0.3321509602882963
60.0,3,0,3,94500,66,2018,0,1,44.391426,26.060034,3.222460126236792,0.0181464351297351
48.0,2,0,2,103700,32,1924,0,1,44.44466,26.109,0.9151105285290893,0.196031548302989
42.0,2,3,8,138900,20,1961,0,-1,44.43965,26.09245,0.7738128998794205,0.1165961940970331
97.0,4,1,2,199900,16,1927,0,1,44.431084,26.11858,1.3628695034930884,0.1728904780429417
55.0,2,11,12,173000,10,2009,0,0,44.391243,26.1309,0.7093087170306747,0.2745572505615566
89.0,4,6,10,175000,10,1980,1,-1,44.393562,26.121286,0.1055672512201264,0.0338093937931285
65.75,2,3,16,228000,61,2011,1,-1,44.47815,26.114683,0.3212178538806973,0.1929146155556284
124.15,3,4,5,160000,63,2026,1,0,44.382652,26.150482,1.2482255637308182,0.3746583212993342
51.6,2,3,10,90000,66,1983,1,0,44.410053,26.060202,1.8147170972265256,0.1707777306863442
52.0,2,3,5,229000,71,2026,1,0,44.45177,26.106983,0.1498353679590155,0.2383503443393198
116.52,2,5,5,250000,3,2018,1,1,44.376614,26.13274,0.391443808711032,0.0727572370737616
68.0,2,5,11,180000,10,2024,1,1,44.386993,26.120302,0.6806600484067968,0.1922542420812459
99.0,3,4,5,160000,8,2012,1,3,44.52538,26.056305,3.529708690801145,0.6500947800398768
34.0,2,4,7,58500,48,2018,0,1,44.3692,26.1146,2.014991114525007,0.1254168329263265
109.0,4,6,8,220000,48,2024,1,0,44.359955,26.13436,1.2413742289473688,0.2729868633793305
34.0,2,0,2,59990,74,1959,0,0,44.461864,26.128063,1.3634040419396265,0.2005879888279806
68.0,2,1,7,112000,63,2018,1,0,44.383133,26.15408,1.5381326578782069,0.6426515475443992
68.0,2,5,11,180000,10,2024,1,1,44.383972,26.123142,1.000119765349365,0.1174445013945592
63.0,2,3,9,135000,48,2022,1,1,44.359306,26.134033,1.3150020823247928,0.3349445050567144
33.0,1,0,7,57500,48,2018,1,1,44.3762,26.128403,0.6699044331421845,0.3092532692936182
74.0,4,2,8,150000,10,1986,0,3,44.381374,26.134413,0.2124801117768394,0.1491978492470469
85.3,3,0,4,359600,28,2018,0,-1,44.449345,26.101692,0.4989619617518823,0.1668964987467696
62.0,2,4,5,74000,3,2010,0,1,44.3726,26.129349,0.9127959071747164,0.1445386690301354
19.0,1,6,10,43000,79,2018,0,0,44.41753,26.175064,0.8115062095118031,0.1229402815580465
65.0,3,2,10,150000,10,1985,0,0,44.38205,26.133528,0.3102842238801931,0.1172618785088371
55.8,2,2,5,115000,48,2020,1,1,44.366486,26.113958,2.240488195360626,0.1806506510483028
55.0,2,0,8,93000,48,2022,1,0,44.361523,26.11684,2.285711604967053,0.2966214368401752
48.0,3,3,3,130000,10,2013,0,4,44.3859,26.135798,0.702460064772905,0.2350056263176657
59.88,2,5,10,130000,48,2019,1,1,44.36077,26.137161,1.0433738266158994,0.0464496525729314
52.0,2,4,4,93499,23,1982,0,0,44.45297,26.043566,0.3530398927207301,0.2608251769739864
59.0,3,2,7,138000,30,2018,0,-1,44.42265,26.033634,0.0714455589289514,0.0814066850625217
52.3,2,0,7,73220,48,2024,1,0,44.36738,26.114141,2.1657865639660607,0.0802374513360209
38.1,2,3,6,124000,48,2021,1,0,44.37223,26.126661,1.0719094523140074,0.1830611477641108
51.9,2,0,7,72660,48,2024,1,0,44.36738,26.114141,2.1657865639660607,0.0802374513360209
62.0,3,2,4,167500,10,1977,0,0,44.3836,26.106812,1.610600977634266,0.2747912895429412
56.9,2,7,7,87500,48,2024,1,0,44.36738,26.114141,2.1657865639660607,0.0802374513360209
58.0,2,3,5,140000,48,2018,1,0,44.37087,26.127836,1.1396561518075945,0.0875175360146038
92.2,4,0,8,240000,48,2022,1,0,44.359955,26.13436,1.2413742289473688,0.2729868633793305
58.0,2,1,8,179999,25,1990,1,-1,44.423378,26.131334,0.6739016312209763,0.3841516962948906
48.24,2,4,4,104900,10,2018,0,0,44.38349,26.128075,0.7240519279364377,0.303222357285147
46.35,2,4,6,76500,48,2025,1,2,44.37648,26.127348,0.7253715759977117,0.3076361250981719
67.2,2,2,6,116765,48,2025,1,0,44.36838,26.112217,2.2227168056908253,0.1715378002599126
46.2,1,1,6,83490,48,2025,1,0,44.3683,26.112135,2.23310569924232,0.176536079994306
43.0,1,0,6,78650,48,2025,1,0,44.36768,26.112295,2.2622631684801737,0.168461549450142
54.0,2,1,9,89999,10,1965,1,-1,44.38205,26.118189,1.2547845581088717,0.209460609664835
74.15,3,8,8,138000,66,1987,0,-1,44.41321,26.066212,1.6203633723996231,0.4102380150974277
80.0,2,3,3,228690,10,2025,1,1,44.400448,26.099493,0.5166069859747484,0.1174231594029092
41.0,2,-1,7,55500,52,2021,1,0,44.43774,26.017382,0.514666956033878,0.2179837448345945
42.0,1,11,11,127000,44,2023,1,-1,44.441177,26.057152,0.3164378104045912,0.1916083729336768
129.0,3,4,7,750000,47,2007,1,-1,44.48333,26.089615,0.9637379121760156,0.2161286901862105
68.0,3,4,4,124000,10,1967,0,1,44.37704,26.116749,1.506903999993193,0.1809294844716956
63.0,2,3,9,105043,66,2025,1,0,44.39675,26.05597,3.164113687016373,0.192782664950714
62.0,2,3,9,104591,66,2025,1,0,44.39675,26.05597,3.164113687016373,0.192782664950714
57.0,2,3,9,95346,66,2025,1,0,44.39675,26.05597,3.164113687016373,0.192782664950714
58.0,2,3,9,96568,66,2025,1,0,44.39675,26.05597,3.164113687016373,0.192782664950714
62.0,2,3,9,103100,66,2025,1,0,44.39675,26.05597,3.164113687016373,0.192782664950714
98.0,3,3,9,154476,66,2025,1,0,44.39675,26.05597,3.164113687016373,0.192782664950714
73.0,3,3,9,115719,66,2025,1,0,44.39675,26.05597,3.164113687016373,0.192782664950714
57.0,2,3,9,95631,66,2025,1,0,44.39675,26.05597,3.164113687016373,0.192782664950714
98.0,3,3,9,154477,66,2025,1,0,44.39675,26.05597,3.164113687016373,0.192782664950714
73.0,3,3,9,121000,66,2025,1,0,44.39675,26.05597,3.164113687016373,0.192782664950714
70.0,3,2,6,136125,48,2026,1,1,44.367596,26.114244,2.144392337444588,0.0551945202800384
61.0,2,4,8,248999,16,1994,1,0,44.424152,26.10888,0.7676633103211477,0.1756339408224002
60.0,2,8,8,88500,66,1989,1,-1,44.41574,26.06742,1.428579170004529,0.2427583916111962
32.0,1,2,7,49900,52,2026,1,0,44.436337,25.987558,0.6892627767289377,0.0579028390061729
73.0,3,10,10,129500,79,1964,1,1,44.427635,26.176628,1.0449482905539718,0.2385911531251544
73.09,3,2,6,118500,48,2025,1,0,44.36594,26.11837,2.0321717542936417,0.1840193395731931
67.02,2,4,6,109000,48,2025,1,0,44.368534,26.12119,1.667858298834167,0.1816399582346971
88.38,3,1,5,150000,63,2026,1,0,44.382652,26.150482,1.2482255637308182,0.3746583212993342
31.0,1,0,4,61900,20,2020,0,0,44.436142,26.102684,0.0318356974740161,0.0786614073336896
51.0,2,9,10,88000,30,1971,1,-1,44.422245,26.028275,0.2203351311261742,0.1381063613616733
61.0,3,8,10,112000,30,1971,1,0,44.415974,26.032743,0.6765000160007475,0.2248249584191861
42.0,2,3,15,72000,70,2012,1,0,44.394222,26.143036,1.6539030354747306,0.2964576409030811
102.0,3,1,3,274500,8,2007,0,-1,44.53195,26.102974,5.802426791716459,0.9418152205492027
62.57,2,3,5,105000,63,2026,1,0,44.382652,26.150482,1.2482255637308182,0.3746583212993342
62.31,2,2,5,105000,63,2026,1,0,44.382652,26.150482,1.2482255637308182,0.3746583212993342
83.3,3,4,4,122000,11,2020,1,-1,44.40683,25.985924,2.6411503887996663,0.528682853981076
53.0,2,11,11,127500,76,2021,1,1,44.40515,26.206745,0.142814567052232,0.1560351982244047
71.0,3,1,11,245000,61,2018,1,-1,44.477173,26.12257,0.6121574660048538,0.1397174982582656
57.6,2,2,6,111925,48,2026,1,1,44.36867,26.114674,2.0446209719315624,0.0700709199088806
42.0,2,0,10,63000,52,2018,1,1,44.438908,25.979273,1.2756432509937403,0.4523294918469227
33.75,2,0,4,120000,35,1960,0,1,44.462242,26.10365,1.06495074790351,0.178452455360508
30.0,1,1,10,72000,74,1973,1,-1,44.45857,26.12777,1.003454838682641,0.073054050458979
70.0,3,2,4,130000,12,2015,0,1,44.41058,26.00257,1.4608986217471482,0.0485223733057018
65.0,3,5,8,169000,29,1992,1,-1,44.418285,26.14254,0.412679285322571,0.1999915102939793
57.0,2,7,10,100000,52,1981,0,-1,44.432896,26.031616,0.244391816850426,0.1437997773630454
69.0,2,5,5,299900,77,2023,0,0,44.418125,26.11126,0.2318761753971496,0.1299071415095513
29.0,1,2,7,49000,10,2018,0,0,44.378162,26.121756,1.0936327850013627,0.1814617325819123
65.0,3,1,8,138900,79,1984,1,-1,44.42618,26.1774,1.1324840373687153,0.1662112389693219
78.61,4,7,7,169900,76,2016,0,-1,44.416534,26.198116,1.0285768505146635,0.651507011623938
74.0,3,0,2,125000,52,1987,0,1,44.43786,26.00516,0.453290330752673,0.1938670316485381
36.0,1,9,10,56000,66,2017,0,-1,44.39412,26.06099,3.028696632598965,0.2625613082558808
66.41,3,3,4,119500,79,1968,0,1,44.41885,26.16381,0.6235483916927737,0.1867240088218971
60.0,2,2,8,113000,66,1987,1,-1,44.41586,26.06548,1.3336641265511684,0.3633296562369918
77.7,4,2,4,169000,79,1968,0,1,44.413914,26.15791,0.2782879956022656,0.0830201183829141
60.0,2,1,1,98000,87,1905,0,1,44.445217,26.082703,0.6869836848051477,0.0432261402531357
58.6,2,0,8,119000,66,1988,0,0,44.416985,26.061634,1.090027934919257,0.2348048527428388
51.0,2,0,10,107999,29,1967,0,-1,44.41949,26.14707,0.6498691159229703,0.2012988294849088
60.0,3,0,9,124990,52,1966,0,0,44.43612,26.033451,0.1789210134021167,0.0938185842087015
100.0,4,5,7,238000,76,2018,1,1,44.412724,26.191843,0.5828790144086191,0.5328362274076432
53.0,2,9,10,94800,79,1975,0,-1,44.411858,26.170488,0.4378597274482867,0.2026164889851142
36.0,2,0,4,45000,33,1971,0,0,44.392616,26.078283,1.943307065328608,0.3496337360946285
56.0,2,4,8,120000,67,2018,1,-1,44.44178,25.98547,1.316695977739176,0.26531781544128
66.33,3,9,10,358000,61,2025,1,0,44.476788,26.112238,0.5558158256960738,0.0625609425662809
44.0,2,1,5,64900,48,2025,1,0,44.362408,26.147602,0.7886427386343506,0.1698976120815301
26.0,1,2,7,48700,48,2018,0,1,44.371914,26.11591,1.766607962282276,0.1151762279056243
49.56,2,9,10,255000,61,2025,1,0,44.476784,26.112234,0.5563613278600213,0.0621199952034293
64.0,3,0,4,119980,66,1984,0,0,44.408295,26.07091,2.057263561268565,0.237882106754568
38.0,2,1,4,79999,10,1975,0,0,44.382183,26.10885,1.6043918745246504,0.1549808176386384
75.0,3,0,2,305000,43,2025,1,1,44.46363,26.06118,0.3702295282090888,0.3579822141253366
52.36,2,2,4,104000,48,2020,0,1,44.36718,26.11427,2.1718714956665024,0.1011012054708838
50.0,1,2,7,71000,48,2018,0,0,44.3728,26.1134,1.902446558697389,0.2355379363359814
49.0,2,1,6,69800,11,2025,1,1,44.40137,25.99722,2.5504340576655045,0.8842730149872452
42.0,2,1,6,62400,11,2025,1,1,44.40128,25.99917,2.484056442606233,0.9327155706882172
69.48,3,5,5,165900,48,2018,1,1,44.369457,26.124397,1.424886502019866,0.0853793819997507
31.0,1,9,9,69500,30,1967,1,-1,44.42343,26.04052,0.1330368759050005,0.0886023308799845
51.0,2,7,10,79900,74,1970,1,-1,44.45631,26.12802,0.7740202760779298,0.1054108985507294
64.2,3,0,7,378730,16,2024,1,0,44.42471,26.09467,0.6298932965670146,0.1006200580704473
46.0,2,3,3,130000,24,2013,0,1,44.488323,26.050066,0.9706665155102449,0.088362989050113
112.0,4,1,7,184000,76,2026,1,-1,44.41182,26.19688,0.5044852111129029,0.5390203116110531
67.4,3,5,9,169000,48,2025,1,0,44.36796,26.12456,1.522606494922503,0.1719077879255295
41.4,1,1,3,59917,33,2026,0,1,44.389656,26.080414,2.073214439713289,0.0364191017036868
58.0,3,3,10,120000,10,1966,1,-1,44.38032,26.117931,1.3883831669355746,0.1559609134796843
122.0,5,11,12,468000,54,2020,1,0,44.421246,26.11655,0.5667992369338993,0.0719501168577834
49.5,2,1,10,205000,61,2025,0,0,44.476482,26.11403,0.51065454061666,0.2020299673722918
39.77,2,4,4,80000,76,2027,1,0,44.410732,26.199087,0.5169649042122636,0.4065760688244844
28.0,2,4,4,46000,31,1986,0,-1,44.453773,26.142727,1.5375124801703288,0.0274466937014758
61.0,2,2,3,89450,76,2026,1,0,44.412277,26.19962,0.6681549944651708,0.5826707691138127
69.0,3,3,10,98500,66,1978,1,-1,44.40858,26.07113,2.04699511078228,0.2191301678217062
86.65,3,0,4,143500,76,2025,1,1,44.410896,26.201336,0.6730143091842212,0.4799406525576891
74.12,3,7,10,155000,1,2014,1,0,44.417187,26.06964,1.4194710928087415,0.1847179226709825
115.05,3,4,4,140900,76,2025,1,1,44.411037,26.201319,0.6801879293622213,0.4931461389095636
40.0,1,1,7,89000,52,1986,0,-1,44.442574,26.033728,0.8955690208826174,0.1987615621988284
74.59,2,0,9,243120,83,2025,1,0,44.419807,26.07666,1.5604495920069987,0.0333201320761257
29.0,1,3,7,71499,63,2019,1,-1,44.368,26.14448,0.120865356276375,0.0507493215488731
79.0,3,2,7,110000,48,2018,0,0,44.372696,26.113667,1.8876554556962888,0.2142099658270222
70.0,3,1,10,149999,79,1977,0,0,44.42085,26.162737,0.4636978664705211,0.1425266594950921
93.0,3,11,18,299000,88,2024,0,1,44.41277,26.125456,0.1677208724256003,0.2142419984518781
46.0,2,5,10,120000,74,1968,1,0,44.459198,26.130972,1.1652554312883567,0.0823805127090484
182.0,3,5,5,249900,52,2023,1,1,44.42651,26.02234,0.459737595034587,0.0758628324422138
44.0,2,0,3,88999,63,2012,0,-1,44.36692,26.14582,0.2804811005338297,0.1870749086680467
73.0,2,2,3,150000,39,2018,0,5,44.40716,25.999886,1.894048004520241,0.3072025107409723
36.0,1,0,6,68500,48,2026,1,1,44.376,26.127615,0.7343840050132395,0.3475871659394308
73.0,3,0,8,134990,1,1987,0,0,44.420967,26.060902,0.6604638984826247,0.1255764439693412
72.0,3,7,10,152000,79,1970,1,3,44.41744,26.154503,0.6981880116304927,0.328505241345004
97.0,3,2,8,285000,25,1991,1,0,44.427353,26.13147,0.7947840403084839,0.1397716820398048
38.9,1,0,6,69900,48,2025,1,2,44.37648,26.127348,0.7253715759977117,0.3076361250981719
40.0,2,4,5,88500,48,2016,1,0,44.371323,26.123857,1.2970989666167778,0.0990661384706972
67.89,2,5,11,118808,3,2024,1,2,44.36876,26.129395,1.1346704961585403,0.2233316121300458
52.0,2,7,10,74900,10,1970,1,-1,44.377247,26.119738,1.269455030932043,0.0632594644717839
31.0,1,1,9,54400,10,1969,1,-1,44.378902,26.126131,0.738313125803847,0.1165309370712499
42.0,2,2,10,78000,52,1977,1,1,44.43292,26.02632,0.4151646759653435,0.1479014592293395
79.0,3,5,7,106650,48,2025,1,0,44.368443,26.114416,2.076127923918599,0.0399831289802951
65.0,3,5,7,95000,10,2018,0,-1,44.3817,26.1094,1.61679609247372,0.0858277771892901
57.7,2,1,6,76725,48,2026,1,1,44.367977,26.111786,2.276285279823294,0.2030727222982816
65.81,2,1,7,103000,65,2025,1,2,44.375515,26.105978,2.3320640862176303,0.1266177247016043
55.5,2,0,7,100000,65,2025,1,2,44.375515,26.105978,2.3320640862176303,0.1266177247016043
89.0,3,6,10,180000,10,1982,1,1,44.388943,26.131979,0.888801339698553,0.0380504474792735
59.0,2,1,7,103000,3,2026,1,2,44.37075,26.1283,1.1322807101497452,0.0774458536254291
36.0,1,0,6,68500,48,2026,1,0,44.374733,26.125263,0.9680146414811154,0.3140348901116699
64.0,2,3,5,150000,80,1940,1,-1,44.43775,26.11455,0.9582195179584128,0.0734820006534151
40.0,1,3,6,67500,48,2025,1,0,44.376476,26.12888,0.6213087626495762,0.2750680582481773
56.0,2,0,6,99900,48,2025,1,0,44.37588,26.112932,1.8304536565476404,0.0225884079992304
57.0,2,3,5,103000,63,2016,1,0,44.38206,26.150883,1.2629907572853865,0.4299885560098441
58.0,2,2,7,89850,48,2025,1,0,44.369225,26.112295,2.166155503163945,0.2056807853834073
106.51,4,1,14,369000,61,2011,0,1,44.4783,26.116041,0.2691347596568878,0.0957581993428531
46.0,1,1,6,75140,48,2018,1,0,44.36884,26.113043,2.139677338323635,0.1324972713674508
38.0,1,4,10,75500,74,1986,1,0,44.46095,26.121317,1.2454004231180322,0.2307413608278961
117.9,4,1,6,176900,48,2025,1,2,44.37648,26.127348,0.7253715759977117,0.3076361250981719
80.0,4,1,4,124000,10,1970,0,0,44.3839,26.110615,1.3687424423010834,0.100401674553017
80.0,3,2,3,135000,49,1940,0,0,44.437965,26.122599,0.8975690575966166,0.130651136636123
46.0,2,6,6,80000,3,2026,1,0,44.370712,26.128578,1.125183374799556,0.0767158692824122
89.0,4,6,8,179999,10,1982,1,0,44.3963,26.114937,0.53793103732628,0.0290962025604704
50.0,2,5,10,115000,79,1970,1,0,44.42933,26.150383,1.011653907763471,0.3936565396865952
65.11,2,5,10,114180,76,2025,1,0,44.41547,26.1975,0.9009863860360257,0.7035602604815752
64.77,2,1,3,174890,16,2026,1,0,44.429764,26.123041,1.25920267593387,0.2267165449685582
87.5,2,0,5,185600,88,2023,1,0,44.41722,26.119839,0.5173226218012593,0.4351104637929027
84.0,3,7,8,250000,16,1996,1,1,44.432064,26.125101,1.059709876838108,0.0620545639916447
142.17,3,5,6,227490,11,2025,1,1,44.406796,25.987938,2.584086235515732,0.5953980686940654
58.0,2,1,6,82600,48,2025,1,-1,44.36243,26.12815,1.4290908920650849,0.2302192250651874
51.0,2,5,5,85900,63,2017,1,-1,44.365314,26.147282,0.4931690144614601,0.3922435738429932
49.1,1,9,9,78900,3,2024,1,2,44.373066,26.129911,0.8453217461856254,0.0786820415273728
60.75,2,5,5,95541,3,2025,1,0,44.378757,26.14433,0.7180072257245517,0.5763440206355582
52.6,2,4,8,100000,11,2024,1,-1,44.40725,25.989063,2.482641470049788,0.4930313454338495
52.6,2,4,8,100000,11,2024,1,-1,44.407215,25.989143,2.4800869790265905,0.4889425149662201
65.0,3,5,10,174900,78,1976,1,0,44.412727,26.106773,0.2810756786037575,0.1320236487730479
65.0,3,7,7,139000,66,1997,0,-1,44.39928,26.05618,2.908099566208997,0.0576854018648191
80.0,2,11,21,220000,84,2010,1,0,44.407967,26.124165,0.5200233120137404,0.1677577905029433
40.0,1,5,8,92800,54,1991,0,0,44.421486,26.114096,0.5371812040513729,0.1893600307207888
118.7,4,1,3,189365,76,2026,1,0,44.41738,26.203466,1.3045967726385288,0.9736781686146896
48.0,2,7,10,120000,20,1968,0,-1,44.436142,26.102684,0.0318356974740161,0.0786614073336896
44.5,2,2,3,85910,76,2026,1,0,44.41738,26.203466,1.3045967726385288,0.9736781686146896
61.8,2,4,10,133211,63,2026,1,3,44.364975,26.146814,0.5048438151698288,0.3973089401545518
39.0,1,8,8,103900,16,1991,0,0,44.43005,26.106884,0.5143816092023817,0.0145840845399577
53.5,2,4,10,103792,48,2026,1,3,44.352028,26.155226,0.5508268430442378,0.0970653378188046
77.19,3,1,4,298000,49,2026,1,0,44.442368,26.12598,0.5875749134919468,0.2861258167654044
28.85,1,8,9,63000,20,1940,1,-1,44.436142,26.102684,0.0318356974740161,0.0786614073336896
57.12,3,1,4,230000,49,2026,1,0,44.441784,26.125397,0.6191957854073494,0.3157766352328709
76.54,3,1,4,256000,49,2026,1,0,44.442307,26.125921,0.5903079369653041,0.2942093129188392
56.45,3,0,3,115000,63,2012,0,0,44.378185,26.148516,1.0563080524211883,0.653746943564434
80.0,3,3,7,245000,16,1992,1,-1,44.432854,26.124277,1.1248255983021052,0.1255680401157189
100.04,4,0,4,443000,49,2026,1,0,44.441765,26.125378,0.6203722338352031,0.3160985622837989
36.53,2,4,5,88000,16,1960,0,-1,44.432903,26.111015,0.7324449274749385,0.0826600778117502
70.0,3,11,11,180000,79,2009,1,1,44.4218,26.18093,1.3556104038126915,0.1414514898267747
73.27,3,0,4,280000,49,2026,1,0,44.442284,26.125895,0.5916533834711445,0.2974726237611149
45.0,2,4,4,85000,30,1960,0,1,44.425793,26.053083,0.2877442018316574,0.0501371722893978
268.0,6,3,7,990000,35,2007,1,-1,44.460762,26.097847,1.0840286559551324,0.2540194242794844
92.0,3,2,3,300000,8,2025,1,-1,44.48998,26.094757,1.2799144549587629,0.4111298361690082
50.79,2,2,8,169900,1,1988,1,0,44.422943,26.072355,1.0722350569858257,0.0905597865115348
115.6,3,7,7,365000,16,2025,1,-1,44.427395,26.123083,1.3440312454922114,0.1961027149207977
30.0,1,0,11,95000,76,2024,1,-1,44.411068,26.200247,0.6122894760949678,0.4633134103653325
49.41,2,3,11,178900,44,2016,1,-1,44.442905,26.066635,0.4888119853197155,0.2618538528977926
45.0,2,4,4,90000,30,1960,0,1,44.425793,26.053083,0.2877442018316574,0.0501371722893978
54.45,2,0,4,195000,53,2026,1,0,44.44242,26.125328,0.6390330862856225,0.3218999719048903
38.0,2,9,10,75999,21,1977,1,0,44.466946,26.141047,2.320523789738623,0.1308836949045557
106.6,4,4,9,184900,3,2024,1,2,44.373066,26.129911,0.8453217461856254,0.0786820415273728
60.8,2,3,6,98900,48,2025,1,2,44.37648,26.127348,0.7253715759977117,0.3076361250981719
240.09,6,0,4,717000,53,2026,1,0,44.442337,26.12541,0.630411964478169,0.3224083206000388
60.0,2,3,7,219000,71,2026,1,-1,44.44979,26.106737,0.3419618715539235,0.1641511883147264
215.29,6,0,4,649000,53,2026,1,0,44.442398,26.12535,0.636719476179409,0.3219794752083197
72.0,3,4,9,139000,52,1976,1,-1,44.43366,26.023092,0.1459860260765036,0.0676522361789743
41.0,2,1,10,139999,38,1976,1,0,44.45107,26.080576,0.3125802055936946,0.1181108049192744
116.0,4,1,5,259000,48,2022,1,0,44.37487,26.110815,2.020967892793596,0.2244791834568474
93.2,4,2,8,349000,16,1994,0,-1,44.427254,26.100769,0.0996857290511273,0.0570675785018684
44.0,2,8,11,175500,52,2024,1,-1,44.428974,26.041544,0.6164123666246453,0.1305082487766711
50.2,2,2,5,125000,76,2023,1,1,44.414257,26.191368,0.75684738334685,0.6825694060207104
51.0,2,10,10,84900,74,1976,1,0,44.454792,26.126719,0.5786518560930012,0.1314785350649805
45.0,2,7,8,86000,69,1975,1,0,44.41083,26.167164,0.5488763268820165,0.1484260600749757
33.0,1,8,8,69000,55,1982,1,0,44.450645,26.12067,0.2851594720717386,0.1905398679653352
156.2,3,11,11,260000,79,2012,1,0,44.422928,26.171871,0.7653023339728917,0.1840325554460336
57.0,2,2,4,151500,23,2023,0,-1,44.45774,26.045082,0.6888067335255211,0.2404422725412177
25.0,1,8,9,57000,32,1940,1,-1,44.439835,26.101492,0.4532427180713441,0.1206173213285113
59.0,2,4,7,115000,10,1970,0,0,44.400932,26.097643,0.4092109392320924,0.0391440104169525
74.0,3,6,10,124999,10,1975,1,0,44.376896,26.109358,2.0596844749453367,0.0937412985798088
49.0,2,1,4,103000,42,2014,0,1,44.39865,26.09082,0.7782136726946453,0.3025079038988583
42.0,2,3,7,64995,52,2025,1,1,44.43774,26.017382,0.514666956033878,0.2179837448345945
61.9,2,1,4,111000,65,2025,1,0,44.37607,26.102432,2.452213176543265,0.1632326240196666
80.5,3,1,4,144000,65,2025,1,0,44.37607,26.102432,2.452213176543265,0.1632326240196666
117.0,3,7,7,460000,42,2018,0,-1,44.39243,26.09436,1.3477337754075558,0.0798530471907854
140.0,4,2,4,875000,28,2013,1,7,44.457344,26.095465,0.9601506859860068,0.0566682877805603
28.0,2,1,2,81900,25,1970,0,3,44.429398,26.135778,0.4030589482908964,0.2623420190173942
104.0,3,10,11,175000,40,2018,0,-1,44.463863,26.039133,1.1939786948446904,0.1180940560087982
54.0,2,4,10,109000,10,1982,1,0,44.39532,26.116451,0.5342577057937729,0.1332129314610382
48.1,1,1,3,77000,76,2026,1,0,44.416985,26.198282,1.0803479633607964,0.6299341483797296
124.33,4,3,3,209000,76,2025,1,1,44.419067,26.19943,1.3287586326509826,0.6115077889044193
90.27,3,1,3,230000,76,2025,1,1,44.419067,26.19943,1.3287586326509826,0.6115077889044193
40.0,2,1,10,75000,10,1974,1,0,44.383987,26.109385,1.4300673229822156,0.0867588598307351
258.0,4,4,4,980800,8,2026,1,0,44.512745,26.096716,3.744964497892637,0.5382058742184215
40.0,1,8,8,77500,66,1988,1,0,44.419285,26.066309,1.0676715211000918,0.1150114714263869
100.4,4,11,11,320000,88,2023,1,-1,44.412987,26.125486,0.178326212920945,0.2208770542119819
181.0,4,11,11,630000,79,2008,1,0,44.432625,26.162985,0.6091865047701291,0.2913333512814279
72.0,4,3,3,233000,22,1953,1,0,44.432705,26.077343,0.2892569631852489,0.1936352296406048
52.0,2,8,10,99599,30,1972,1,0,44.419315,26.025496,0.4057111532143352,0.2679982555370177
30.0,2,2,4,45000,50,1979,0,3,44.427998,26.208958,1.9208281763486807,0.1203500824943628
137.0,4,5,7,389620,-1,2025,1,3,44.395695,26.128735,0.5958952583119671,0.4843065524680801
264.0,4,4,4,1020000,8,2026,1,0,44.505238,26.073437,3.51043850264106,0.734469924001223
99.0,4,3,3,369000,23,2026,0,1,44.450977,26.046997,0.1117986834909372,0.0200047728299116
57.2,2,4,7,114000,48,2025,1,2,44.36112,26.149319,0.9766509291902298,0.0320399428755484
74.13,3,-1,11,165000,52,2020,1,1,44.430096,26.03811,0.6042861848649196,0.3099480466179133
75.0,3,4,6,127050,48,2026,1,2,44.361423,26.149405,0.9501230320317372,0.0436144228502955
55.0,2,11,11,169000,61,2026,1,-1,44.482437,26.111687,0.4377128979908858,0.2324762339422809
43.6,2,3,7,89500,48,2025,1,2,44.360996,26.149233,0.9858279271008142,0.0338335577205013
47.5,2,3,6,107500,48,2026,1,0,44.373177,26.127972,0.9242899136567306,0.2048102709175867
83.0,3,3,4,184000,-1,2024,1,2,44.49664,26.002123,1.9283885203956117,0.992259663298334
37.0,2,0,4,69900,10,1973,0,0,44.37954,26.09886,2.283458477161696,0.0233197848662391
99.7,3,5,7,180000,76,2022,1,-1,44.415035,26.193523,0.8127188202026266,0.6102708046335851
41.08,2,2,7,80991,76,2027,0,-1,44.414387,26.203087,1.0272694584718025,0.8896573379053772
62.0,3,8,10,118899,30,1971,1,0,44.41582,26.027727,0.3860499916323179,0.2000040789215681
103.0,4,1,8,389000,16,1992,1,0,44.425377,26.10056,0.3087567679229873,0.165475084353098
58.65,2,0,6,165900,48,2026,1,0,44.373177,26.127972,0.9242899136567306,0.2048102709175867
76.0,3,2,6,180000,48,2026,1,0,44.373177,26.127972,0.9242899136567306,0.2048102709175867
52.0,2,4,4,142000,8,1982,1,1,44.49237,26.08208,2.058736273859633,0.2212350626120707
91.35,4,0,6,243900,48,2026,1,0,44.373177,26.127972,0.9242899136567306,0.2048102709175867
32.0,1,7,7,42000,52,2026,0,1,44.43774,26.017382,0.514666956033878,0.2179837448345945
58.8,2,4,4,82320,76,2027,1,0,44.41312,26.197071,0.6430676832474967,0.6778573825623507
47.0,2,7,7,129300,20,1966,1,0,44.436142,26.102684,0.0318356974740161,0.0786614073336896
40.6,2,7,7,199750,16,2026,0,-1,44.42746,26.122889,1.3550195219020489,0.2079371891787266
61.31,3,4,4,107000,30,1973,0,-1,44.42394,26.018917,0.4474502182864714,0.2633986535909021
125.0,3,3,4,398868,8,2026,1,0,44.505238,26.073437,3.51043850264106,0.734469924001223
33.66,1,10,11,64000,79,2024,1,0,44.41939,26.18013,1.0816062973328382,0.3369987053719792
55.97,2,4,4,91239,76,2023,1,0,44.40224,26.177395,0.901924975448336,0.8489264976052463
61.07,2,3,4,103719,76,2023,1,0,44.40224,26.177395,0.901924975448336,0.8489264976052463
335.0,3,11,12,890000,10,2021,1,-1,44.385265,26.109858,1.3063001476468663,0.0674398962176519
50.0,2,1,6,84580,48,2026,1,2,44.361362,26.149405,0.9560791345859202,0.0404472321105036
67.7,2,5,7,98700,48,2025,1,2,44.36867,26.114674,2.0446209719315624,0.0700709199088806
64.0,2,6,10,81000,52,2026,1,2,44.440987,25.9798,1.4311838369606191,0.4422835200116248
59.0,2,0,7,95000,48,2018,1,1,44.368702,26.114647,2.044238215714421,0.072611447225862
42.0,2,10,10,69800,10,2018,1,-1,44.3849,26.1008,1.6729753766097528,0.067047090936515
31.0,1,1,7,65000,76,2018,0,-1,44.402203,26.18154,1.0137421440049856,0.7951885918070601
36.0,2,0,7,62000,10,2018,1,1,44.381664,26.103382,1.9512065316279836,0.3632193140934274
17.0,1,3,7,31900,10,2018,0,-1,44.392315,26.105747,0.7612033546876754,0.3278360511621677
48.0,2,1,7,67180,33,2018,0,1,44.395676,26.084747,1.3388131021881382,0.2993911224911879
62.0,3,4,7,83500,10,2018,0,0,44.3857,26.1206,0.8169241768630047,0.1656439675877814
56.0,2,2,4,99500,66,1986,0,-1,44.41095,26.07237,2.0289565252847,0.2222632122933842
67.0,3,7,7,133500,10,2018,1,1,44.38799,26.12878,0.7543546808008774,0.1897167321471768
169.0,4,2,3,369000,23,2026,0,1,44.448345,26.048115,0.355938470427359,0.307974653182693
64.0,2,6,8,130000,66,1986,1,-1,44.41991,26.06634,1.0204574188421764,0.0463235163360413
54.0,2,1,7,87500,48,2018,1,1,44.37031,26.1153,1.8998891495943624,0.0850502611677467
45.0,2,0,7,93000,63,2018,0,-1,44.365,26.1476,0.5362740985064831,0.4340170985780303
47.7,2,4,7,114000,76,2019,1,-1,44.416378,26.190039,1.013631056689507,0.4735575477493091
38.0,2,1,7,69800,42,2018,0,-1,44.3856,26.1007,1.6049892687096667,0.1251643377845602
53.0,2,2,7,88500,48,2018,1,1,44.37031,26.1153,1.8998891495943624,0.0850502611677467
51.0,2,5,7,64900,10,2018,0,-1,44.385277,26.101997,1.5985899436967874,0.0757952598814012
54.0,2,2,7,93500,48,2018,1,1,44.37031,26.1153,1.8998891495943624,0.0850502611677467
51.0,2,9,10,72000,66,1987,1,-1,44.41367,26.0617,1.443716072314173,0.0916078621091345
30.0,1,8,8,50000,10,2018,1,1,44.378517,26.125105,0.8245596504794318,0.0908703801718885
54.0,2,1,7,89800,10,2018,0,0,44.38255,26.117527,1.216537447243044,0.1718666959666911
49.0,2,1,7,69210,33,2018,0,1,44.395676,26.084747,1.3388131021881382,0.2993911224911879
76.0,3,2,7,120400,48,2018,1,1,44.36668,26.119368,1.9179683721048024,0.073044580449657
95.0,4,1,8,315000,49,2014,1,-1,44.443474,26.128525,0.4599184005505932,0.075609831276709
62.0,2,8,8,88500,66,1987,1,-1,44.41559,26.06827,1.4819763763904932,0.1750469957272874
77.0,3,3,4,175000,30,1986,0,-1,44.42213,26.05968,0.5013502595456092,0.1303628358254075
83.0,3,2,8,312000,1,1984,1,-1,44.42155,26.073433,1.2424576312596978,0.2326611062043409
74.0,3,8,8,135000,66,1987,1,-1,44.41339,26.06675,1.6224839395681274,0.3870559304501463
37.5,2,1,10,139000,38,1976,1,-1,44.45107,26.080576,0.3125802055936946,0.1181108049192744
63.0,2,7,8,114900,66,1985,0,-1,44.41346,26.06459,1.5407965433335795,0.2801183356465883
64.0,2,7,8,114000,66,1986,1,-1,44.41398,26.06485,1.4962422386648733,0.2829655981808471
64.0,2,4,4,79500,79,1966,0,-1,44.423405,26.16443,0.2265881006107959,0.1799505687759815
38.0,2,9,9,75000,10,2018,1,0,44.38167,26.109499,1.614410636936139,0.0786988800838597
77.0,3,3,4,175000,30,1987,0,-1,44.4238,26.05984,0.3504736153120932,0.1913858197640215
55.0,2,7,10,94000,66,1986,1,-1,44.41463,26.07674,1.9174802998316152,0.0468720775044078
67.0,2,4,6,114900,71,1957,0,-1,44.452877,26.103197,0.2017337583631027,0.1377945942252019
74.0,2,10,11,157000,76,2025,1,0,44.414654,26.197407,0.8124430710345385,0.7723035053538488
38.0,2,9,9,75000,10,2018,0,0,44.380356,26.10768,1.819060143690511,0.2023054470874773
53.0,2,9,10,94900,79,1975,0,-1,44.411858,26.170488,0.4378597274482867,0.2026164889851142
41.0,2,1,10,141000,38,1976,1,0,44.451645,26.080963,0.2680121757757336,0.0683310465188899
90.0,3,3,7,115500,52,2026,1,3,44.439396,25.977728,1.3992311544559903,0.4565383331728823
52.4,2,8,8,211500,16,2025,1,-1,44.42746,26.122889,1.3550195219020489,0.2079371891787266
67.0,3,0,10,114900,74,1971,0,3,44.457676,26.127785,0.9091140339697956,0.0641811081171578
38.0,2,8,8,75000,10,2018,1,-1,44.383522,26.133854,0.4535350100998637,0.1799714401082468
51.7,2,7,7,199750,16,2025,1,-1,44.42746,26.122889,1.3550195219020489,0.2079371891787266
52.0,2,0,3,69500,33,1960,0,-1,44.40563,26.07782,1.469680767250469,0.1646856702987384
86.1,3,7,11,469900,47,2026,0,0,44.48769,26.090536,1.2227595157043183,0.3244566354861787
18.0,1,4,7,35000,4,1932,0,-1,44.43807,26.11,0.6239953790937353,0.1254925011252042
72.0,3,5,5,155000,48,2017,1,-1,44.370335,26.12463,1.3371069580398491,0.0955807598920419
16.0,1,4,5,27500,79,1970,0,-1,44.42371,26.17732,1.17090303751739,0.0347124450355654
40.0,1,0,8,63000,74,1985,0,-1,44.46141,26.12332,1.2780959819762037,0.2388168555034564
75.41,3,3,10,135000,58,1975,1,0,44.44336,26.15274,1.5816355385870218,0.0206952348302279
54.0,2,5,10,142000,30,1978,0,1,44.428066,26.053667,0.3354222946761813,0.1140754081058288
27.0,1,6,8,45000,67,2013,1,-1,44.44295,25.98629,1.4271623344548563,0.4065805919392534
144.0,3,3,4,456272,8,2026,1,0,44.509132,26.087189,3.4902831825269613,0.1500899376522008
46.8,2,1,7,85200,76,2027,0,-1,44.412785,26.195797,0.5770141435984992,0.616856489646861
67.0,3,1,4,124000,30,1977,0,-1,44.41604,26.032236,0.6732267299609671,0.2599722581245335
38.0,2,1,4,57000,10,1969,0,-1,44.38851,26.10305,1.2336081749461714,0.1468941122221809
51.0,2,6,7,105999,74,1986,0,-1,44.461872,26.127798,1.3595991583287108,0.1916612143266194
112.0,4,2,7,395000,61,2017,1,4,44.47532,26.111303,0.730874778816453,0.1329603657030182
50.0,2,4,7,134500,77,1960,1,0,44.41952,26.1045,0.5294600344962321,0.144689210216385
76.35,3,1,3,252000,23,2026,0,1,44.448322,26.047401,0.3399759250126684,0.3027475581140499
58.47,3,9,10,136999,49,1970,1,0,44.44017,26.133604,0.094577490182148,0.1162206903281523
46.0,2,1,2,134999,13,2015,0,-1,44.491734,26.023907,0.699088739151866,0.3072093419564047
96.96,3,1,7,128500,76,2026,0,-1,44.416576,26.202765,1.1994161296564645,0.957940602060256
69.0,3,4,4,115000,10,1967,0,-1,44.37665,26.11668,1.5210225265977717,0.171255101183396
52.0,2,0,7,145000,8,2016,1,1,44.533485,26.09999,6.01760967229446,0.6579240380213578
50.0,2,5,10,115000,58,1976,1,1,44.442783,26.144909,0.9590261605724372,0.1080464703870385
97.19,4,1,4,195000,39,2018,0,-1,44.406666,25.999208,1.969976518624371,0.3404870830961715
56.45,3,0,3,115000,63,2012,0,0,44.377846,26.148441,1.0566804566747257,0.6881232643728706
54.0,2,10,10,120000,10,1982,1,-1,44.399475,26.10544,0.3010625823628053,0.0669869887102694
115.38,4,11,12,217300,48,2025,1,0,44.36698,26.125013,1.4984643119594632,0.1520811281616526
47.0,2,0,3,103500,32,1940,0,1,44.444702,26.108994,0.9140102240880827,0.191412187611167
62.63,2,2,4,121252,79,2026,1,2,44.417927,26.169008,0.7798407473558698,0.2151109164242122
168.0,4,2,4,518892,8,2026,1,0,44.505238,26.073437,3.51043850264106,0.734469924001223
98.65,3,2,4,190986,79,2026,1,2,44.417927,26.169008,0.7798407473558698,0.2151109164242122
65.0,2,1,6,128260,48,2025,1,0,44.374733,26.125263,0.9680146414811154,0.3140348901116699
47.54,2,0,3,103000,32,1938,0,1,44.444294,26.109375,0.9508659896577264,0.1853077966865347
86.2,3,2,4,137919,79,2026,0,2,44.417927,26.169008,0.7798407473558698,0.2151109164242122
50.0,2,5,10,120000,78,1976,1,0,44.414314,26.107386,0.2213481669336094,0.1918799518660609
45.0,2,0,6,68750,52,2026,1,1,44.43774,26.017382,0.514666956033878,0.2179837448345945
80.5,3,4,6,139000,48,2025,1,0,44.3698,26.112396,2.12591706567998,0.2449872543988422
59.0,3,4,10,179999,27,1963,1,0,44.467476,26.063025,0.8058272743534954,0.103456165153057
90.0,3,1,10,130438,52,2026,1,2,44.44097,25.980627,1.3933011671937785,0.3819093559674252
63.08,2,2,4,100927,79,2026,1,2,44.417927,26.169008,0.7798407473558698,0.2151109164242122
50.0,2,8,8,110000,23,1985,0,5,44.45657,26.047394,0.5267069962899513,0.3533871852110389
52.0,2,5,7,96000,10,1965,1,-1,44.387836,26.10995,1.1337422106746835,0.0722657425287073
59.51,2,0,6,107500,48,2025,1,0,44.3698,26.112396,2.12591706567998,0.2449872543988422
47.0,2,1,1,135000,13,2015,0,1,44.491962,26.024134,0.6718115163942833,0.3076582321218866
53.0,2,0,10,114000,52,1979,0,-1,44.433887,26.020758,0.0516719075228249,0.066589957020454
90.16,4,7,9,299000,72,1990,0,6,44.44064,26.080914,0.7535725854593072,0.0380507297181905
65.5,3,0,1,249000,16,2004,0,0,44.422997,26.098515,0.6042882330050303,0.2709849726442814
64.0,2,4,10,98010,52,2026,1,2,44.44095,25.979877,1.4243259917627291,0.4350485336044078
52.0,2,3,4,140000,52,1981,0,-1,44.437847,26.021175,0.419101673064015,0.1717705613405999
85.5,3,4,4,159750,76,2026,1,1,44.411697,26.205975,0.7028086711056308,0.6330268464326603
31.0,1,0,4,62999,20,2020,0,0,44.436142,26.102684,0.0318356974740161,0.0786614073336896
34.0,2,6,6,82000,59,1938,0,-1,44.441013,26.099937,0.562830487150741,0.0906548375449785
50.0,2,4,10,76230,52,2026,1,2,44.441063,25.979565,1.448782538147508,0.462760140672899
48.0,2,4,9,99900,77,1964,0,-1,44.42043,26.104492,0.6306337114643243,0.061916190355977
79.65,3,3,6,139000,48,2025,1,0,44.3698,26.112396,2.12591706567998,0.2449872543988422
28.0,1,4,4,69000,23,1984,0,0,44.45347,26.047482,0.1823566698913362,0.0744914116772217
55.0,2,5,6,138900,48,2025,1,1,44.365322,26.113914,2.3293134296267484,0.186885022256637
41.0,2,10,11,79900,74,1977,1,0,44.463047,26.127275,1.4798834169242163,0.1376724198747126
60.0,2,8,15,125000,70,2007,1,-1,44.39489,26.144192,1.7530236462178084,0.3741407767872268
77.0,4,6,6,225000,38,1936,1,1,44.447838,26.076221,0.2029318117416357,0.0619023944560377
90.87,3,10,12,120500,76,2025,1,0,44.41257,26.19999,0.7120239120851939,0.6199791017964776
128.81,3,11,12,167000,76,2025,1,0,44.41257,26.19999,0.7120239120851939,0.6199791017964776
100.0,3,1,16,349900,61,2011,1,3,44.47765,26.11197,0.5003291782563438,0.1217522230982379
75.8,3,0,6,164000,48,2025,1,0,44.368534,26.12119,1.667858298834167,0.1816399582346971
38.0,1,1,3,49000,33,2018,0,0,44.383152,26.082418,2.613332694162789,0.1323227344500932
56.1,2,1,7,85900,76,2025,1,-1,44.411674,26.20584,0.7033965089934854,0.6295447703962657
52.0,2,5,8,86900,66,1985,0,0,44.406178,26.06432,2.302314397949905,0.0631360384904738
108.0,4,3,7,184691,76,2026,1,-1,44.41367,26.203142,0.9746826583876396,0.819728516976522
61.0,2,1,7,86400,76,2026,0,-1,44.416733,26.202906,1.220140376476609,0.9604224148702686
54.0,2,0,2,97999,3,2010,0,0,44.3757,26.140648,0.6024868653191701,0.2137636701250371
64.0,3,1,4,139800,79,1970,0,1,44.41666,26.14812,0.864741298539638,0.1600676940177224
58.0,3,4,11,145200,58,2025,1,-1,44.44983,26.1656,1.619798413672967,0.0850606318653781
31.0,1,5,10,59500,53,1965,0,0,44.44413,26.127247,0.5848140430894242,0.105534689528853
84.0,3,1,2,220000,13,2011,1,0,44.499153,26.038687,0.7495567449159736,0.6129276034820907
50.0,2,8,10,140000,78,1974,1,0,44.41139,26.108915,0.504088346471978,0.1145481096105623
77.0,4,7,9,199900,79,1986,0,-1,44.433044,26.166,0.3914077064169206,0.1809674645587509
162.67,3,3,6,296450,88,2025,1,0,44.415955,26.120874,0.6015455259171671,0.4151581926259521
209.6,4,11,13,375000,88,2024,1,-1,44.413124,26.126268,0.1445724989749347,0.1752743318215914
223.5,3,4,4,303500,48,2024,1,0,44.36105,26.116934,2.298254310547793,0.3485540101279409
36.0,1,0,6,68500,48,2026,1,3,44.374,26.12612,0.9627797788977344,0.3342595671142556
38.0,2,1,4,56950,10,1976,0,3,44.387177,26.103209,1.3670261996232842,0.1728615211351911
52.0,2,2,4,96500,48,2016,0,1,44.365074,26.117765,2.1029631419119195,0.1100189227874631
47.0,2,1,1,134900,13,2017,0,-1,44.491734,26.023907,0.699088739151866,0.3072093419564047
95.3,2,6,6,224900,88,2024,1,0,44.41588,26.119085,0.4626828348499056,0.3210355298525452
70.0,3,3,4,285000,8,2020,0,-1,44.50988,26.072617,3.6593831682068,0.7149577667711646
44.0,1,6,8,61000,39,2008,1,-1,44.40906,26.01371,1.0761019263978246,0.2839299480522158
51.0,2,3,4,82500,52,2025,1,-1,44.43774,26.017382,0.514666956033878,0.2179837448345945
64.0,3,2,7,124900,81,1973,0,-1,44.407345,26.17707,0.3447468361079369,0.29622853820363
41.72,1,0,6,80000,48,2025,1,0,44.3698,26.112396,2.12591706567998,0.2449872543988422
70.0,2,3,3,147000,76,2024,0,-1,44.41531,26.19741,0.8818729582190303,0.7131760175574318
87.0,3,3,3,189000,-1,2000,0,1,44.45961,26.14911,2.256722514714103,0.4626561035745453
50.0,2,1,4,120000,48,2022,1,0,44.36903,26.11021,2.3190592101948755,0.344289773023696
53.0,2,11,11,127500,76,2021,1,-1,44.403393,26.20618,0.3049769264180155,0.3030761686778705
66.6,2,1,6,99900,48,2025,1,2,44.37648,26.127348,0.7253715759977117,0.3076361250981719
81.8,3,0,5,447512,16,2025,0,-1,44.427498,26.114286,1.0585132681443192,0.2212592781755969
77.0,2,3,4,145000,48,2024,1,0,44.360523,26.116907,2.323170979609745,0.4071851780697503
56.0,2,3,8,92000,3,2024,1,0,44.367226,26.13293,0.8740670108383295,0.0402447900680239
49.0,2,4,4,98000,30,1978,0,-1,44.413933,26.020002,0.3389596651779073,0.2371052430407387
72.0,2,3,5,104000,76,2021,1,0,44.414024,26.197044,0.736849692104238,0.7775312974501528
50.0,2,4,4,103000,31,1988,0,1,44.45442,26.14315,1.5908760927040375,0.0979207039717996
57.0,2,1,6,99825,48,2025,0,0,44.36862,26.1125,2.1891450976922315,0.1574745819721284
31.0,1,0,7,89900,63,2023,0,-1,44.367886,26.144636,0.1382546674040258,0.0608631067009705
70.0,2,3,4,132000,48,2024,1,0,44.36117,26.117058,2.284073513162172,0.3348194006795312
90.0,3,1,3,405000,64,1962,0,-1,44.4631,26.09506,0.762097540557466,0.196858038119125
85.0,3,4,4,224999,20,2021,0,-1,44.436142,26.102684,0.0318356974740161,0.0786614073336896
57.0,2,2,10,87000,79,1970,0,0,44.430225,26.167124,0.6190812747574542,0.0330285881781178
64.0,3,0,8,120000,66,1980,0,-1,44.411373,26.061974,1.6966694778121334,0.1235899655898486
67.3,3,1,7,251000,16,2025,1,0,44.425076,26.094973,0.5863845026718892,0.1281460074105156
70.0,3,2,10,121605,48,2025,1,0,44.36871,26.11424,2.0698719246870585,0.0695829371542374
61.0,2,2,7,159900,13,2013,0,-1,44.493008,26.04005,0.6768839340514403,0.5064849808814527
85.5,3,4,4,119700,76,2025,1,0,44.41197,26.197,0.5236536807792933,0.5531975184268886
51.0,2,1,8,103400,48,2025,1,0,44.37117,26.123085,1.3528119779658694,0.0452497907313853
91.0,3,2,24,155000,31,2010,1,-1,44.451363,26.146564,1.575958993528066,0.0213436620266748
44.0,2,0,3,88999,63,2012,0,-1,44.36726,26.14636,0.282523346469999,0.2089028802981447
50.0,2,8,8,85000,10,1982,1,0,44.386875,26.130424,0.9004115154832466,0.1670210862838492
64.0,3,4,4,105000,10,1978,0,0,44.391483,26.116547,0.4849719909395409,0.3451265105496114
51.0,2,2,3,94900,19,2014,0,-1,44.48911,26.010744,1.7754863258183933,0.1350834285538848
19.0,1,1,7,19000,3,2018,0,1,44.3707,26.1365,0.6031968966957707,0.2236200539836054
116.0,4,1,5,259000,48,2021,1,-1,44.37621,26.110382,2.0212687380614964,0.1470683732835412
42.0,2,2,4,84999,3,2016,0,1,44.372833,26.136751,0.701208544601074,0.3211308645602951
36.0,1,2,6,68500,48,2026,0,3,44.37381,26.12578,0.9970574311560289,0.3018690029971523
60.0,3,4,4,107000,56,1979,0,-1,44.4091,26.17804,0.2373425521995092,0.0865809622121795
78.7,3,2,6,137000,48,2025,1,0,44.3698,26.112396,2.12591706567998,0.2449872543988422
98.0,4,3,3,155000,63,2007,0,1,44.36449,26.14751,0.5794916319227997,0.3813646023803371
89.0,4,6,10,175000,10,1982,1,0,44.390274,26.132273,0.8465180202464296,0.138637094085941
64.0,3,4,4,105000,10,1978,0,0,44.392036,26.118172,0.3430199699761354,0.2857481845652153
49.0,2,4,4,124800,8,2019,1,-1,44.53412,26.09708,6.116379140317408,0.4797494835633104
46.0,1,1,7,69000,48,2018,1,0,44.3686,26.11423,2.0776886965422783,0.057551926886454
70.0,3,2,7,96500,48,2018,1,0,44.3686,26.11423,2.0776886965422783,0.057551926886454
55.0,2,2,7,95499,48,2018,1,1,44.36668,26.119368,1.9179683721048024,0.073044580449657
74.0,3,2,7,115499,48,2018,1,1,44.36668,26.119368,1.9179683721048024,0.073044580449657
56.0,2,2,7,92624,48,2018,1,1,44.36668,26.119368,1.9179683721048024,0.073044580449657
113.21,3,1,5,283000,88,2024,1,0,44.416264,26.119814,0.5139995140647307,0.3876477077759686
118.7,4,1,3,156500,76,2026,1,0,44.412388,26.20072,0.737012533052935,0.6145990824078086
82.18,3,2,3,110500,76,2026,1,0,44.412754,26.20102,0.7826405447600215,0.6605855315578806
42.14,2,2,3,71000,76,2026,1,0,44.412266,26.200546,0.7176465874450423,0.5976467346732002
52.01,1,3,3,67609,76,2023,1,0,44.41205,26.20617,0.7367096425462789,0.6736781006223532
60.0,2,3,9,260000,74,2017,1,0,44.47046,26.110628,1.2324770424326723,0.1556455728408338
87.0,3,1,4,152900,66,2023,1,1,44.40215,26.062275,2.7081900963041017,0.0365368811726387
71.0,3,5,5,155000,48,2017,1,1,44.37073,26.123941,1.340102721940619,0.0872255521193914
94.0,4,3,8,215000,52,1994,1,2,44.436638,26.034672,0.2480814621002375,0.0194230295323516
77.0,3,1,6,122500,48,2026,1,0,44.36773,26.114256,2.134405782907612,0.0403125087044948
74.0,3,1,7,179000,10,2018,0,-1,44.39319,26.1163,0.4772643425119352,0.3118186342190515
40.25,2,1,8,150000,59,1937,1,0,44.446342,26.096687,0.094048135907728,0.0559639198656576
54.0,2,4,4,82000,66,2015,0,1,44.400246,26.058441,2.8606972785159503,0.1968359128608653
65.1,2,4,5,189000,25,2025,1,2,44.42978,26.130924,0.6679829721577231,0.039238420883631
40.0,1,1,8,90000,10,1986,0,-1,44.381477,26.132046,0.3374193992763604,0.1082455708084257
46.7,2,8,11,258000,61,2024,0,0,44.478046,26.106232,0.4893809991201834,0.2633551571632778
70.0,3,9,9,144990,74,1974,1,-1,44.46275,26.130394,1.5099903303447788,0.1094381331288217
64.0,3,1,4,139800,79,1970,1,0,44.41683,26.14727,0.7990146084925194,0.1773831420368161
70.0,3,10,10,116000,10,1974,1,0,44.38282,26.11717,1.1973981969675085,0.1633370568141969
37.0,2,1,10,67000,10,1974,1,0,44.38085,26.127441,0.6456034852858602,0.090966356748389
65.0,3,4,4,125000,10,1975,1,3,44.385544,26.107792,1.416283327317828,0.1965728750298193
50.0,2,2,10,93000,30,1969,0,-1,44.42477,26.024944,0.1860556192324769,0.1580995440712559
53.0,2,0,3,103600,3,2015,1,0,44.375027,26.142607,0.6843942744289134,0.3743358867481655
60.0,2,3,4,127500,76,2018,1,3,44.417435,26.194174,1.0782699471283157,0.3744234046655593
57.0,3,7,8,98000,85,1962,1,0,44.437668,26.137682,0.5143381493636798,0.0688552901291036
71.0,3,1,6,100500,48,2026,1,0,44.36862,26.1125,2.1891450976922315,0.1574745819721284
73.0,3,2,10,145000,3,1985,1,0,44.37841,26.13574,0.1344473195294969,0.1252123702310941
62.0,3,3,4,90000,42,1975,0,-1,44.385235,26.098644,1.714791432539528,0.2415383683883474
139.0,3,0,5,590000,47,2007,0,0,44.480858,26.08688,1.0785609302331125,0.4928219488239228
112.0,4,0,12,424000,-1,2026,1,0,44.47231,26.139603,2.046999253386174,0.1641707207007368
62.0,2,8,8,84900,18,2020,1,-1,44.44261,25.98375,1.4469763691973332,0.3661073281001851
42.0,2,0,8,77500,18,2020,1,-1,44.4426,25.97703,1.70559548607857,0.7192499495641186
50.0,2,6,7,69900,67,2020,1,-1,44.44303,25.98716,1.4231098850613106,0.4383029819935357
65.0,3,4,8,94900,67,2020,1,-1,44.44356,25.98863,1.4677666573171444,0.5457739461942486
50.25,2,3,6,82900,48,2025,1,2,44.37648,26.127348,0.7253715759977117,0.3076361250981719
25.0,1,4,8,69000,79,1984,1,0,44.413864,26.146921,1.0142279597476362,0.3186425121507428
