UMAP1,UMAP2,UMAP3,UMAP4,UMAP5,price
11.920399,-1.2320039,1.0131512,3.027945,6.4538727,65499
10.676848,2.1940186,1.2316276,3.4864383,6.9311566,249000
0.09713393,0.53220344,-0.106253,2.9383016,-0.90209067,111000
11.32374,1.6372912,1.625361,3.735774,6.0019193,190550
11.133514,1.4933676,1.3428702,2.2093,6.5371003,126000
-0.2081044,-0.37621057,-0.6990892,4.6750326,9.558275,123000
-0.3132046,0.49090755,0.57973945,3.150304,-1.2669086,111400
0.21188372,1.9104297,0.53439033,2.904324,7.3281794,170000
-1.288665,-3.030968,0.7835149,3.2142437,1.1849284,111000
12.003623,0.026423972,2.3074453,4.651254,6.5906696,93990
-0.82849425,-0.3944579,0.83151567,3.414614,-0.7894183,111300
-1.2152456,-1.3117777,-0.7055711,3.1445212,10.7518215,144000
1.2439651,1.8312062,-1.6928794,2.3881676,5.653544,111000
-0.8439086,-0.4403946,0.720598,3.3753657,-1.0460706,108050
0.22671622,1.0990794,-0.8979931,5.4635925,10.391287,250000
-0.93264216,0.7924938,-1.0528281,5.8949504,9.60847,165000
-0.84123,-0.4135357,0.7792738,3.408619,-0.9446579,108500
10.658078,1.9219474,1.3525045,3.6909406,6.623776,276999
11.340906,-1.3104385,0.59668136,5.431033,8.322055,295000
12.246354,-0.21975608,1.5167412,3.2494013,4.829288,64500
-0.37109318,0.49632958,-1.847736,5.255477,10.633764,120000
-1.0939403,-1.3609234,-1.7866938,3.6317976,11.241413,110000
12.202838,0.10336841,0.776988,3.236298,6.1356707,125000
1.573623,3.1829386,0.3645146,4.0866327,7.932095,575000
11.75408,-0.85098827,0.9835871,4.0104165,6.3835683,135000
12.073156,-1.0257212,0.27494657,3.6932473,6.9330373,85000
-0.737799,-0.2968171,0.9277696,3.4682493,-0.6471307,107887
-0.27953285,0.96547353,-1.1691345,5.3010497,10.132946,349000
0.7440658,1.4066756,-1.742437,2.6240306,6.313371,136000
11.86526,-1.1487936,1.015347,3.0809321,6.5930333,65500
-1.45052,-1.1257364,-1.0428507,3.558003,10.947735,112000
1.3060052,-0.22095801,1.476215,4.761944,1.8016425,125000
11.390728,-0.9022124,0.022692235,4.5124593,6.7410417,91800
-0.32294932,-0.40063363,1.419488,3.879581,1.739473,91000
-0.48748997,-0.6161642,-1.0853448,4.9067216,9.439401,93000
0.5122065,0.4257275,1.6356128,4.32059,1.5102272,127000
11.620421,0.22936468,0.2872605,5.3239665,8.416364,105000
11.328627,-0.61797494,1.5590934,4.243187,6.1924715,98500
0.49424076,0.30174544,1.3245121,2.80337,6.3233857,107992
-0.5225105,-0.6282787,1.3458999,3.8579464,1.5267256,95900
12.206232,-0.36914298,0.8223471,3.4336624,6.9502463,88999
1.5186554,1.2137808,-1.360236,2.5276248,5.8388944,180000
-1.2562395,0.55654436,5.9531507,2.9746287,6.920169,105500
0.15797177,0.594354,-0.29945585,5.621133,10.307191,133500
-0.28182283,0.8910141,-1.7068477,5.821348,11.20202,105000
11.841268,0.5991762,1.5231587,3.5360432,7.5465856,129500
10.942288,1.9944477,1.3611069,3.551802,6.922515,220000
1.0678854,1.7169654,1.4922552,4.3284783,0.8647686,107500
11.674283,1.2979708,1.3877075,2.6590674,5.3220425,91000
-1.2812318,-1.0241715,-0.8739561,3.4352133,10.965525,119900
11.80024,-1.6024615,0.22441761,4.257264,7.2799864,130000
-0.62380683,-0.59466034,1.3198684,3.805968,1.4882346,138500
11.244217,1.7427245,1.5483836,3.860646,6.3401623,138000
12.38107,-1.3916851,0.9868588,2.690229,5.79987,49000
0.20285861,3.5894306,1.2033484,3.596877,7.196947,125000
-1.0533309,-2.9260883,0.9044605,3.552168,1.3433803,68500
-1.9193207,-1.1619126,-0.85249376,2.210792,9.747768,110000
-0.5902778,0.35787165,1.379726,3.2969954,-0.95405066,107300
-0.0071254587,0.7704545,-0.3139524,5.3492503,10.359507,97000
-0.23398429,0.57295805,0.4935994,3.135238,-1.2356881,110000
-1.5599293,-2.5361798,0.20080307,3.2443938,1.3954811,67500
-0.18586771,-0.11816912,-0.89196146,4.8683715,9.557095,321000
0.1236232,-1.5305324,1.6692641,4.442995,2.3745165,95000
11.928304,0.13077119,2.1402898,4.541026,6.706954,145000
10.643981,2.4902918,1.1882467,3.1219232,7.1252522,255000
-0.060814902,0.54560536,-0.44498587,5.3709507,10.246556,147999
-1.8290759,-1.7549882,-1.2350813,4.4600325,10.057612,89990
10.866274,1.9700592,1.3580672,2.4339998,5.721359,128000
11.446631,-1.8134944,0.54127,4.534702,7.1663947,79999
-1.4487934,-1.2001224,-0.44799104,3.0763457,10.156291,89000
-0.30927643,0.5481437,0.5296288,3.1591532,-0.9496344,107164
-1.636665,-1.3628399,-0.7644912,3.6405602,10.397335,272000
12.156801,0.08421317,1.070217,3.307128,5.673521,125000
11.763656,-1.9118934,0.31077245,4.0404525,7.0931787,150000
-0.19613285,1.2342423,-0.5998306,5.762976,9.920999,339900
12.168466,0.3550766,2.4275773,4.4921947,4.8391705,115000
0.10689583,0.62243754,-0.3829679,5.629301,10.319062,145000
-0.051155042,2.108917,0.0691992,2.9935095,6.9995575,270000
11.33208,-0.61454606,0.5835016,4.2542453,6.4437227,114000
-1.8412504,-1.6480653,-1.599499,2.4013543,10.0015135,72000
0.062301278,2.0696127,-0.00876933,2.7698102,6.835595,125000
-0.74393785,-0.30369076,0.9288107,3.4747639,-0.6573255,107000
-0.40472344,0.24206273,-1.0174283,4.900449,10.907599,155000
11.633333,0.55371135,0.552914,4.7074947,7.806058,125000
-0.8456727,-0.4194263,0.8252945,3.4203901,-0.8632244,106450
11.371554,-0.92436343,0.1488776,4.565353,6.7430506,99690
-0.26936832,1.0653445,-0.4328642,5.5348034,10.375762,129990
12.079359,-0.5611204,0.9148308,2.6898668,6.666232,128000
0.62086856,0.1739972,4.3303523,3.3672059,6.3975496,100927
0.5837971,0.16334137,4.3367176,3.3521802,6.3977013,61775
-0.22571608,0.69628364,0.31840345,3.0754883,-0.7736851,81570
0.6160596,-0.72252727,1.7013884,4.536497,2.3226156,134000
-0.9284229,-0.80081093,1.1288193,3.6815464,1.4687526,76446
-0.6234506,0.49746323,1.5224855,3.4946408,-0.5869106,85100
-0.21546312,-0.16675527,6.9915247,3.180361,6.7648835,95400
-1.3698496,-3.0539765,0.7146971,3.25223,1.1734381,61200
11.184631,1.5501573,1.6473817,2.7691174,4.566339,61200
-0.30478835,0.50159353,0.56911945,3.1482854,-1.2767849,106300
-0.58593506,0.35801524,1.3852414,3.3029087,-0.93975866,106200
11.881524,-0.69059503,1.0816067,3.4537342,6.640708,144900
11.294327,0.32295132,0.20796824,4.9188585,7.6300097,160000
-0.33790368,0.46686304,0.6087819,3.1666067,-1.3052124,105600
0.6249351,-0.75146157,1.6826949,4.5296493,2.372198,117700
12.141011,-0.67418617,0.69765073,2.8113763,6.326693,38500
1.9375526,1.3564146,-2.5863044,2.8557656,5.30519,81000
2.4725199,2.9770687,1.739418,4.5191655,8.200797,650000
-1.292992,-3.0496478,0.79301965,3.2359562,1.1813471,105500
2.0971272,3.1559124,1.124144,4.503403,8.250322,479000
-0.39717013,0.8019014,-1.6958101,5.3322854,10.69601,152990
9.952119,2.2647896,1.0277529,4.3633075,7.384966,280000
12.023792,-0.8967751,1.0638218,3.8154957,6.667755,114000
11.099953,1.1932832,-0.66848135,3.0301046,6.6623063,133000
-0.4546946,0.30387306,0.8545169,3.2521486,-0.23207542,114400
10.9760895,1.53682,-0.5860897,2.606399,7.1350455,167000
10.125946,3.557787,1.1655866,3.9989517,6.499441,94990
1.322358,1.8111478,1.3042352,4.164751,0.7531065,105000
11.013397,1.4816626,1.4737945,2.797248,5.325576,42900
11.912859,0.63181096,1.4427567,3.7346704,7.6558685,145000
-1.3081878,-2.478077,0.40703633,3.1550024,1.3344307,60000
0.8750141,1.5806022,-0.9043617,2.5279717,6.103152,170000
-1.4304751,-1.2082536,-0.44408587,3.0646307,10.174727,89000
-0.06342338,0.98427856,-0.35763955,5.702408,10.249242,122800
1.5495191,1.5474042,-2.6947324,2.6665812,5.220612,49500
1.2949592,1.8826327,1.3280346,4.181211,0.7812745,105000
-0.4892985,0.1710208,0.6697785,3.213031,-1.0555724,104700
-1.5325602,-2.4768662,0.1624087,3.2231467,1.4550124,58000
-1.9044443,-1.1338819,-0.62098444,2.5012896,9.796531,56000
12.023592,-1.2116523,0.94111544,2.9350982,6.4054403,67499
-0.7490149,-0.31042746,0.93265337,3.4776964,-0.6524672,104500
11.86935,0.4031388,1.4719399,3.1716242,5.107359,52000
1.3714635,1.8436768,1.297522,4.1316,0.7609968,129930
-0.8343567,-0.40616512,0.7999006,3.41746,-0.89613926,104400
5.207572,9.2327175,2.1003306,9.703404,5.907268,198000
12.067401,-1.6741358,1.0165377,2.844441,5.969479,29999
-2.2799716,-1.6655854,-1.4571228,4.2160287,9.920705,71900
-0.38931474,-0.2994576,-0.9218933,4.9544907,9.439392,139999
11.950597,-0.045943893,2.4043243,4.7490463,6.6484804,104990
-1.2788097,-3.0125942,0.779387,3.1981018,1.1930206,104000
11.40455,1.8068188,1.1453696,3.6217768,7.1750298,270000
1.1963189,-1.4300709,1.110945,4.6830397,2.2158437,88500
1.2189652,-1.4108398,1.0980932,4.6867228,2.215274,88500
0.6200249,-0.7107188,1.7375559,4.564404,2.308821,127000
0.31103224,-1.7630429,2.0171258,4.794926,2.405112,92500
0.24341415,-1.7018479,1.9126543,4.692667,2.3769422,91000
0.97167337,-0.22422747,1.5408819,4.6075597,1.9825982,165000
-0.4912742,0.3326365,1.179899,3.309477,-0.7307469,98900
0.5291298,1.5408981,0.52357227,2.6531732,6.9328437,250000
-1.0202931,-1.4420016,-2.637475,3.4532537,11.112497,101900
11.843832,0.5999335,1.5135158,3.569604,7.5687666,129500
1.9021568,1.212501,5.9951077,4.4289804,5.362389,129990
0.09791272,0.20416923,3.2832847,2.939782,6.7707705,140000
10.738603,1.7880129,2.055822,3.2728937,5.48358,132500
-2.3271465,-1.8075485,-1.6107627,3.8323133,9.622628,77000
-1.027801,0.55647767,-2.1686509,6.007088,10.191184,109999
-1.8511156,-1.6412076,-1.6131932,2.4354029,9.969735,58000
11.162382,1.5499287,1.2715389,2.253387,6.456392,139000
-0.19845608,0.531937,-2.1307762,5.685972,10.639885,69000
-1.3788546,-1.176073,-1.0084817,3.4125564,10.987993,155000
1.8044432,2.344207,0.87347287,3.347382,7.7519736,410000
10.672866,1.538035,-0.24728797,3.7327332,6.5142627,165000
-0.4734963,0.33397725,1.1526397,3.3096526,-0.7425837,106000
-1.3301809,0.67488533,5.906951,2.946885,7.007053,85124
-0.37388942,0.60341847,-2.0665014,5.6060047,10.65698,135000
5.2180686,9.239078,2.104853,9.709919,5.9015255,148000
-1.9512931,-1.059469,-0.6249513,2.5023699,9.769816,76990
-0.27111337,-0.52571225,-0.75848794,4.516877,9.543,89000
1.3426721,1.8420893,1.3198959,4.224683,0.7196075,103880
-0.19983545,1.1925505,-0.38898966,5.4922576,10.060515,225000
-0.8412846,-0.41499394,0.7727368,3.4038608,-0.9572148,103500
0.4210604,-1.4196327,1.7117615,4.549477,2.404392,115000
0.22031705,0.059872646,4.196993,3.1959257,6.4666224,72632
-1.0223789,0.6787612,-2.1469595,5.725347,10.589863,109900
0.2069599,0.056103095,4.188616,3.1899536,6.4688997,78582
-0.051505845,0.3408512,2.9822133,2.8398573,6.983942,63895
-2.466922,-1.7184436,-1.3761244,3.2104928,9.840903,58500
1.3428487,1.8461818,1.3214364,4.1867623,0.74236494,103460
12.055152,-0.8886944,0.74841046,3.5043106,6.877711,87000
0.08890611,0.5233049,-0.09894434,2.9362297,-0.88427365,103000
1.3524773,1.8368375,1.3103707,4.190503,0.7262691,107380
-0.25463662,0.57836455,0.51266235,3.130138,-1.1737207,96000
0.07838611,0.83075273,0.09196922,3.152277,-0.9157378,103000
0.10239408,0.52647465,-0.10011129,2.9379475,-0.89075476,103000
10.695362,2.1459723,0.8150083,2.8700159,7.437186,309900
-2.8000705,-1.8328902,-1.306689,3.8628979,10.200909,115500
-0.018625457,-2.3553445,1.3594103,4.288153,2.0630772,69500
0.571583,-0.7856498,1.6843106,4.5183167,2.2903607,119000
0.63638794,-0.7211191,1.716142,4.554373,2.346616,127000
-0.08245694,-1.9340932,1.4362737,4.1834674,2.188607,68000
0.12057701,-1.5907379,1.7338469,4.5156503,2.36648,91000
0.73725307,-1.8444082,1.3702729,4.641918,2.264392,92500
-0.55212295,-0.59414905,-1.0907928,4.962805,9.452803,93000
11.411554,-0.53146255,1.756351,4.346506,5.477653,85000
0.04903668,0.5246482,-2.1355264,5.9708233,10.465127,160000
0.35877606,2.943705,0.66885847,3.1972458,7.1601944,110964
11.40762,-0.91195816,0.68605244,5.211479,8.355194,190000
1.089653,1.3415012,-2.4459946,2.6731045,6.0646563,88500
0.2651688,1.2975861,-0.36983246,5.2967787,10.493036,164000
-0.5540792,0.39587107,1.3137342,3.2678,-0.9772527,102600
-0.84614307,-0.45469138,0.6972743,3.3652377,-1.071153,103400
12.446629,-0.60847235,0.3729102,2.9439585,6.855782,140000
-1.5499804,-1.5256778,-0.8396645,2.0955272,9.72725,82400
12.172334,0.076344274,1.0568601,3.2913184,5.707928,125000
-0.2725872,0.69598234,0.39626536,3.0792906,-0.63513,102000
0.89220244,2.359755,0.74373305,4.0839276,8.33134,398999
0.14154293,0.73034,-0.36146414,3.0334225,-0.4662968,91900
1.7576015,1.7356639,5.9300427,4.259161,5.819134,148760
-1.1580753,-1.2672169,-0.42477936,3.4268415,10.063477,136000
-0.29842526,0.579439,0.51748246,3.1499538,-0.93538207,100500
-1.7605644,-1.7663516,-1.1495718,4.479118,10.043912,107000
1.0101997,-0.25040615,1.5388271,4.631684,1.9833996,109444
1.8766235,1.1285985,5.9396725,4.4159145,5.3889594,137919
1.1835237,1.6923903,-2.3442323,2.36836,5.263615,87000
0.5113521,0.33556953,1.3055663,2.8140564,6.325777,102445
-0.31840107,-0.6557674,-0.78718036,4.4716015,9.524518,135000
0.31403744,-1.791353,2.0843768,4.8352337,2.402982,106000
-0.2248544,1.2144036,-0.38423753,5.4767733,10.039031,225000
12.492472,0.65402764,1.9567683,4.141353,5.791094,119000
-0.033806406,0.53400236,-2.2264926,5.955497,10.558421,96000
-0.37990934,-0.43390402,6.362355,3.2658796,6.3529024,102000
-0.31458452,0.8939759,-1.7122447,5.7935457,11.1944475,135000
-0.8331369,-0.42876172,0.710846,3.3663232,-1.054865,100450
0.09758272,0.5076741,-0.10595352,2.9239872,-0.89308167,100000
0.12728867,0.18862972,3.3425488,2.9759784,6.726807,139900
-0.091874704,0.08231442,7.7012157,3.2850668,6.8310523,115000
10.985026,1.3811706,-0.65687186,3.1422515,6.5009146,139900
11.798819,-1.1029255,-0.5678991,4.079507,6.8455153,84000
-0.85072005,-0.45588073,0.71510553,3.3756242,-1.0541207,100300
-1.2696582,-2.8898928,0.7251352,3.2004144,1.164312,100000
-1.2855469,0.6644528,5.998891,2.9473598,6.996284,76264
1.6045704,1.9338013,5.753061,4.2732186,5.660991,119835
-0.026189754,-2.3806605,1.3445582,4.2742085,2.0479107,67000
12.042378,0.9573448,0.7329756,4.192593,8.094531,130000
-1.2614633,-1.3882443,-0.806044,3.1016152,10.739011,140000
-0.3069394,0.4285375,1.9259492,3.742502,0.27801815,99918
12.245325,0.35833064,1.7496538,3.811344,5.4449234,139990
-1.0710628,-0.7914139,1.0966886,3.597221,1.383921,89842
0.20187183,0.065105096,4.1239524,3.1779888,6.4821467,85900
0.8559503,2.1469617,0.62266475,2.22011,7.14386,210000
0.30154052,-1.543064,1.8163749,4.593683,2.4427688,113500
1.2159468,-1.4194076,1.1003011,4.6877007,2.2143922,88500
12.185485,-0.13814108,1.4700353,3.2410233,4.9600344,99499
0.3958077,0.38503155,2.465914,2.955011,7.2716804,123000
0.05221609,-1.5159942,1.5369045,4.248163,2.3204753,82800
0.92482346,2.0294268,0.5627486,2.3485196,6.9481244,148500
-0.2819858,0.5260534,0.5405252,3.1497447,-1.2342173,99900
-0.1688846,0.7013915,-1.3496449,5.259335,10.409349,207777
0.21559386,0.6850421,2.7185645,2.9964485,7.337808,265000
11.798269,0.6907377,1.5526428,4.116108,7.4231763,110000
-0.30795035,0.4295596,1.9294186,3.741783,0.27913052,99809
1.058959,-1.5346247,1.185759,4.6615567,2.2031431,98700
0.93934757,-0.6836143,1.5522356,4.6429744,2.16587,175000
11.186855,1.2272096,1.9393016,3.3704336,4.6803546,167000
2.477332,2.9631712,1.7212831,4.461002,8.19517,1188001
0.149935,-2.2319565,1.2702632,4.340158,2.08398,62800
-0.045955643,-2.362196,1.3456986,4.2562733,2.0524304,64990
0.519737,-1.9666138,1.2325344,4.4688053,2.1341667,63500
-0.21399063,-0.12084573,7.0489674,3.1684911,6.8016243,95454
-0.35526463,0.39602065,0.5929408,3.1679792,-1.1972932,99800
0.1757528,0.042653196,4.1370864,3.1618297,6.4627,85900
-0.2104634,-0.087489,7.1664295,3.1873379,6.8026314,100826
-0.24998298,-0.3247226,6.942032,3.2646804,6.6099677,88466
-0.565559,0.38519797,1.339959,3.2826595,-0.9698922,99600
0.20102645,0.066849105,4.113852,3.1754477,6.484416,92900
12.178102,-0.5887677,-0.22110492,2.7747061,6.6165633,58000
-0.81920445,0.6683457,-2.1446745,5.8728447,10.486533,209990
10.839727,1.5181383,-0.8091599,3.1430619,6.376251,81000
11.482706,0.13790204,-0.9058476,3.3250735,6.4303617,75000
1.9164996,1.5069878,6.1429014,4.481612,4.894474,229000
2.2019174,1.2714822,6.905048,4.2572455,5.652019,130200
-0.06712243,0.11549722,8.243242,3.2798088,6.967878,76264
0.011013867,0.1470935,7.909484,3.3303297,6.869144,89102
11.518508,1.151834,1.7150049,2.9819524,4.379768,68900
1.0254543,0.3077629,4.368545,3.525533,6.4151683,61775
0.20233406,0.06977687,4.1079803,3.172973,6.488289,97900
-0.34716767,-0.46701223,6.6405497,3.308741,6.376989,88000
-1.085827,-0.8210029,1.0720567,3.5830088,1.3728076,88347
-0.025373004,1.0331503,-0.24971946,5.5474453,9.986934,170000
11.274777,0.06070737,-0.042360727,4.3467426,6.470207,129000
-0.7545669,-0.7265153,6.451886,3.2190871,6.0185137,98347
2.0361984,1.391468,6.223965,4.561323,4.820556,114500
2.205645,1.2722676,6.905428,4.2593846,5.645573,119500
1.7896187,2.3916228,0.8511181,3.411961,7.772509,470000
1.7257789,2.534233,0.79479676,3.5523298,7.816016,490000
-0.7388394,-0.7105871,6.461688,3.2301755,6.035283,89000
-1.0139788,-0.77904326,1.1602199,3.651034,1.435032,120000
-1.4098189,-2.3360546,0.31107453,3.3021193,1.4734174,61900
10.682593,1.9836211,2.029458,3.276876,6.04613,130000
11.251317,1.6829774,1.6699476,2.7335393,4.9006248,35500
12.187051,0.22956914,1.2748802,3.3542979,5.676749,124900
11.24748,1.7508043,1.718089,2.7540698,4.9641557,49900
10.367424,2.066521,1.7034976,3.7808008,6.699459,101900
12.4072,0.07203551,1.2922632,3.0775511,5.709802,44900
-0.07937276,-2.1742768,1.3961468,4.2047267,2.116562,74000
-1.6500748,-1.3429122,-0.66159487,3.7878823,10.272925,200000
-0.50575393,-0.7405601,-0.86842704,4.3537593,9.791372,115500
-0.6438076,0.11716302,-0.93613064,5.3481646,9.484273,145000
-0.1455259,0.6237921,-0.46105644,5.380185,10.241356,134000
-0.068344675,0.6972557,-0.24233304,5.2298994,9.920679,170000
12.060313,-1.4769025,-0.3798358,3.9341507,7.0490775,99700
0.8254718,1.3558358,1.6425555,4.222208,1.2283357,109835
11.739151,-0.26837575,2.1454353,4.7062583,6.551309,144900
0.8787924,-0.14102513,1.6423099,4.586554,1.94069,132900
-0.54136825,0.19654012,1.3638791,3.422363,-0.60086364,96800
0.081959,-1.6869932,1.755461,4.5286393,2.3634915,82800
-0.51516515,0.27838004,1.3194206,3.3764508,-0.652849,99800
11.203067,-1.4679134,0.6453721,5.2544074,7.9677925,239000
-0.242699,-0.65578705,-1.0178063,4.65659,9.46676,120000
13.036817,0.8226091,2.442459,4.5604606,5.296127,124988
1.3502392,1.8302702,1.3321223,4.170061,0.8084843,100500
0.5312008,0.2095782,2.2772017,2.955429,7.2085505,160000
-0.6518647,-0.59312963,1.3121543,3.792137,1.4786074,138500
1.0502498,1.1061033,-1.7379714,2.667176,2.25025,130000
2.299275,2.8639748,1.4635854,4.152916,8.1055155,725000
1.3258864,1.835053,1.3370112,4.231458,0.7570654,167000
-2.0706933,-1.0520227,-0.6722165,2.4942796,9.695132,98900
-1.306864,0.65994716,5.9058166,2.9526126,7.004239,99999
0.86751413,-0.16417588,1.6276518,4.58001,1.9776955,122000
-0.41511154,-0.71599984,-1.0828975,4.6385655,9.518929,129990
11.3692875,-0.46910757,1.8439834,4.437136,5.5305843,127000
11.689001,0.15397999,0.6751594,4.80414,8.053599,134900
-0.4249404,1.0907316,-0.6398247,5.3296304,10.080423,124990
-1.8669703,-1.8743076,-2.41869,2.617601,12.07316,84500
2.0205014,1.4054217,6.2273526,4.5595803,4.8120914,117082
-0.06198957,-0.20867637,-0.44833183,4.7580147,9.758228,129500
-1.1246691,0.3428307,-1.4723282,6.0828133,9.625125,116000
11.398079,-1.612252,0.67105013,4.565136,7.223131,185000
-0.5819693,0.20127219,1.475355,3.4328752,-0.6544655,88200
0.065619275,-1.6406634,1.7198455,4.4741893,2.3732893,82800
-0.6051156,0.30227545,1.5014522,3.3789244,-0.84187967,78500
-0.5848268,-0.58085895,1.3359722,3.8219578,1.5090487,82800
-0.66841274,-0.5348635,1.3798654,3.8249779,1.522854,97500
-1.0692136,-2.925756,0.8945718,3.5233912,1.335125,74000
-0.50670433,0.14092737,0.6668977,3.2257092,-1.0349501,125000
11.272412,1.6519563,1.5939885,2.6929705,4.843827,45500
-1.3784461,-2.4042692,0.32278845,3.2632563,1.4575402,70000
11.337486,1.1905053,1.8154515,3.1605444,4.5810766,73780
1.6671518,2.5227659,0.69035065,3.948989,7.996949,349000
-0.0002197404,0.6594903,-0.188254,2.948258,-1.2513918,99247
-0.0020346905,0.654692,-0.15187356,2.966209,-1.2514902,82500
-1.2737004,-2.9584908,0.7437774,3.3400998,1.1622535,67500
0.94578224,2.0897036,0.60885423,2.1733792,7.0989075,270000
0.9527884,2.0801854,0.6031386,2.1751099,7.070872,330000
0.17212103,0.039683398,4.2723103,3.1995802,6.456225,157000
1.674614,1.8176169,5.670651,4.3310337,5.4864593,149700
-0.2709233,0.5937351,0.5064769,3.139646,-1.0720379,98900
-2.953601,-1.8545748,-1.3049908,4.0131183,10.277348,85000
-0.9660714,-1.3479909,-1.2287369,3.7886207,10.475563,155000
10.548719,1.8710773,-0.09693454,3.7985406,6.31315,155000
-0.26966596,0.5856515,0.5109577,3.1291933,-1.0843438,107500
0.20678091,1.8030181,-0.041766047,3.0351744,7.227294,199000
13.033433,-0.93509424,0.8425669,3.412151,5.7648587,82500
-1.5342045,-1.5292387,-0.82852584,2.0930574,9.727527,63900
12.735707,-0.8837255,1.1638879,3.1884577,5.158047,90000
12.012222,-0.67682576,1.637264,3.6238244,4.627115,80000
12.032309,-0.79347783,0.8952522,3.4960594,6.734553,118000
-0.2682961,0.9911463,-0.32645506,5.2342734,10.234171,140000
12.032267,-0.6736268,1.6216284,3.6101205,4.633073,57000
-0.29899734,0.57761,0.49723414,3.150364,-0.9166467,98900
-1.0146846,-1.3995203,-2.5294569,3.5036902,11.110149,123000
12.083501,-0.08746914,2.643037,4.5908813,4.791703,125000
1.6219229,1.9133186,5.766202,4.268666,5.701368,137500
11.059022,1.9097723,1.3906311,3.86639,6.6652646,145000
0.81111753,1.3727546,1.629494,4.3390155,1.0985581,132000
0.50862926,0.32818142,1.3093412,2.812666,6.3251147,98857
0.104705274,2.175991,0.13090692,2.9419546,7.0256042,249000
1.2515924,1.7797304,1.4509856,4.001287,1.1227314,109500
3.6661267,7.0120344,0.7554483,3.3532844,6.852476,280000
-0.6008999,0.3613731,1.4096591,3.2921019,-0.97493964,98700
-1.769894,-1.7507249,-1.1491289,4.5127234,10.063096,107000
0.1412672,0.7529294,-0.059987802,3.0568085,-1.0112369,89850
-1.2487456,-1.3869952,-0.7929721,3.0971205,10.733901,140000
-0.8433183,-0.4231085,0.78417224,3.4078636,-0.9321311,98650
10.925543,-1.6395183,0.8263844,5.581011,8.676053,198000
-0.30195293,-0.34517184,1.4687766,3.9136763,1.6770624,93780
0.17171516,0.9198753,-0.29195824,5.1386113,9.810139,246999
11.058466,-1.6821378,0.70711803,5.565429,8.400481,228000
-0.40916303,0.48345873,0.9508192,3.2588465,-0.92231005,139990
-0.74547935,-0.30627236,0.9301148,3.4766407,-0.65432405,130500
-2.1141176,-1.5886657,-1.3745311,2.921941,9.755326,59900
0.6583058,1.7106138,-0.429936,3.4031045,7.067627,231880
-1.2571259,-2.8857045,0.69410324,3.2095423,1.1794854,64000
-0.21629281,0.755012,0.27800658,3.0585434,-0.66244715,98000
1.6685376,1.581862,-2.3007874,2.8149755,5.3453083,189000
11.2752,1.6522915,1.396827,3.2293434,4.5843673,84000
-0.20233096,-0.2943229,6.9536114,3.2747102,6.659943,84900
10.656312,1.7195681,2.1283393,3.0432823,5.549959,85500
10.652995,1.7344795,2.1367393,3.083789,5.5213027,91900
-0.11601628,-0.0765587,6.8813167,3.1837757,6.7687454,120080
0.54930806,0.16413032,2.3089955,2.9557252,7.2173805,123000
0.5299596,0.19810572,2.3468153,2.9584265,7.237599,124000
-0.19417407,-0.20886402,6.899548,3.19974,6.7252603,91650
2.1301458,1.2905397,6.764963,4.2660246,5.617776,118755
-0.053500377,0.69519603,-0.12726688,2.9702675,-1.1334705,93847
1.2380236,1.7326504,1.419481,4.037611,1.0630836,135521
-0.07735127,0.11259056,8.277252,3.273786,6.9745708,72632
0.0120260725,0.2722603,2.7226217,2.8032887,6.8378153,61400
-0.17542094,-0.11717163,6.8224683,3.1442833,6.776013,80500
0.1920032,0.60204417,2.7565782,2.9679754,7.3045626,156000
2.0205739,1.4054829,6.235615,4.5417833,4.850567,114500
-0.07865671,0.29644468,2.8752909,2.7889483,6.8199215,70200
-0.37462687,-0.33931494,5.949376,3.2495408,6.330858,129000
-1.5467896,-2.5085757,0.18608665,3.2382183,1.3991771,67500
-0.05339294,0.29020485,2.861243,2.797569,6.8268843,68100
2.7549264,2.6962392,2.147918,4.329759,8.196393,1500000
0.015812073,0.14998066,7.900248,3.3327475,6.8665414,90074
1.9337499,1.4899892,6.210371,4.465665,4.9513245,128900
-0.32584757,0.12058518,8.521389,3.1535287,6.8956804,86000
-0.19902885,-0.13054259,6.838632,3.1315682,6.7632117,86900
1.1476799,-0.69347924,1.4513813,4.729385,2.0754166,141000
-2.4245136,-1.6864125,-1.366868,3.141846,9.813655,59899
1.4892502,1.3451872,-1.9952716,2.7341006,5.757362,66600
-1.5332462,-1.3668348,-0.7684822,2.2421865,9.89111,64900
11.162921,0.43951517,0.28541157,5.0002704,7.7074575,187000
1.5121629,1.3944787,-2.0822918,2.8286405,5.7568784,94500
-0.31437638,0.48756227,0.5799213,3.1522446,-1.2597468,102600
11.926932,0.22078407,2.3254423,4.150584,4.8052444,132500
-0.33765817,-0.36934343,1.4523239,3.9005258,1.6844763,103000
-0.73797446,-0.58044547,1.357642,3.819337,1.5456568,84579
-0.29938835,-0.4087421,1.4106697,3.88856,1.7150126,82800
1.4178303,1.4283702,-2.2507753,2.954465,5.8432517,91400
-0.42707247,0.33363453,0.70795333,3.193973,-0.31235993,103400
11.186812,1.4176153,1.7022916,2.685844,4.196056,69500
1.5255181,1.7659034,-2.4825523,2.5869107,5.291883,86500
3.5502872,6.895031,0.83729225,3.2987943,6.7767153,250000
1.5085207,1.0878005,0.44594464,3.1467786,6.2565107,195000
0.8083006,1.8058794,0.5420418,2.3294396,6.932531,133900
-0.053621054,0.6633549,-0.15327351,2.9383247,-1.1955262,97350
11.862742,-1.6825289,0.8638675,3.3546538,6.324836,61000
-0.24335745,0.73839575,0.31714833,3.052739,-0.62452585,105000
11.180761,1.4202209,1.7048744,2.6757689,4.179887,57438
-0.3556356,0.21696985,-0.92380893,4.8534384,10.424267,139000
1.2981621,1.8085228,1.3676997,4.1428185,0.84375876,112500
1.4220419,3.058091,0.67591095,3.8038812,7.7514114,459999
-2.5622506,-1.3414545,-0.9497487,2.719224,9.668445,50000
-0.62928236,0.42739633,1.5060111,3.2149982,-1.1180423,55000
13.055046,-0.94740224,0.81413674,3.4349499,5.812023,73000
11.392507,-0.48984823,1.8479105,4.428436,5.4812675,95000
-1.5460097,-2.4656384,0.14481804,3.2255886,1.4676678,75141
1.2078931,1.7235084,1.4329312,4.0335345,1.1094142,109444
11.994104,0.76977396,1.0717821,4.238205,7.8328567,153000
-0.98489356,-1.1562899,-1.1504446,4.6330786,9.772636,69000
1.0010659,2.1546342,0.7170951,2.1955068,7.1842437,239000
-1.5304967,-1.2008992,-0.73404753,3.5586307,10.4561405,125000
1.1717148,1.88951,1.4500002,4.3156543,0.67968804,144000
-0.3144704,0.42304733,1.9277103,3.7349029,0.26695016,98000
11.451392,1.1553363,1.6426278,2.819783,4.3759646,56880
-1.3497118,-1.2017573,-0.5064734,3.1476686,10.303952,90000
-0.2833871,1.258268,-0.46367258,5.4204607,10.038241,195000
-1.8499615,-1.7563411,-1.2229674,4.4967732,10.035963,75000
-2.6672869,-1.3034384,-0.86895865,2.6813633,9.697497,54500
0.067358576,0.574707,2.4587443,2.8042738,6.999489,103100
2.1350148,1.2789285,6.8247743,4.2340703,5.730106,119500
10.782232,1.9663472,2.1421301,3.2270927,5.547506,115000
10.553648,2.4613373,0.7371361,2.52292,7.1623683,228000
12.003155,-0.7016241,1.6409183,3.6511624,4.628816,55000
-0.909116,0.82178277,-1.0296341,5.875347,9.610899,165000
-1.0511107,-1.1958245,-0.3957112,3.7574275,10.089664,122000
11.088319,1.3910365,1.8132765,3.1539562,4.6311936,69938
-0.5402169,-0.6666355,1.3107395,3.8483808,1.5466105,88000
11.087489,1.4347025,1.8117096,3.1924045,4.7093167,92500
-0.3328294,-0.401805,1.400103,3.868121,1.7120615,79500
-0.28894016,-0.49610123,1.3698322,3.8926568,1.7454996,88500
-0.13988279,0.8384309,-0.3716834,5.2905126,10.477569,135000
3.7678926,6.8720174,0.9042928,3.1993349,6.937243,545750
0.8672209,2.1716824,0.43744633,2.4314435,6.7825913,170000
2.0215404,2.2536566,1.3620318,3.3171644,7.7753263,320000
0.97393286,1.6314995,1.7458155,2.8629754,7.452022,182900
1.6698086,1.2328062,-1.0567464,2.7072155,5.936191,199000
2.843753,1.7981088,1.3384123,1.8362957,7.5966115,310000
2.1482263,1.2400604,-2.540967,2.9904196,5.41672,91500
0.7162473,1.5345916,0.7895329,2.4122689,6.970033,200000
-0.00079583086,0.67027915,-0.20492713,2.9590144,-1.2643372,89000
11.226795,1.3662984,1.6974498,2.7077441,4.2062273,57439
1.0118057,1.9403026,1.5341156,4.484869,0.81728035,94800
0.5910244,0.1677453,4.302524,3.3606794,6.397309,121000
11.971526,-1.7128781,1.0204291,2.9855096,6.0523567,49500
-0.20389825,0.87202376,-0.38472474,5.2960315,10.631055,89900
-0.31996086,1.0134462,-0.40856412,5.2932444,10.65658,92000
11.542524,0.82419246,1.4681048,3.9183412,7.392273,340000
-0.24371475,-0.51386905,1.3396995,3.9113553,1.7629817,88500
-0.31248903,-0.4517777,1.3886813,3.8829255,1.7206883,98700
-0.40325263,-0.39932162,6.122931,3.2279115,6.337036,96000
11.705032,0.8066881,1.7408593,3.5074625,5.0847335,125000
10.679686,1.3355225,-0.59657013,3.5799108,6.391422,91500
10.668378,1.4592503,-0.50502133,3.605616,6.3255672,69900
10.70295,1.3252932,-0.59489024,3.5710316,6.410759,66600
10.637175,1.4766593,-0.50037,3.614884,6.322671,95100
10.658815,1.4188335,-0.5062228,3.6400478,6.333168,67800
10.673704,1.3592757,-0.5677292,3.6142817,6.3553658,67800
10.67301,1.3284041,-0.597446,3.6211755,6.378578,62600
10.67779,1.3286618,-0.6109657,3.5711927,6.4015026,84900
3.2404914,1.6780319,1.2823597,1.7554622,7.5782104,774000
3.6876671,6.8582153,0.85631275,3.2497864,6.9379973,350000
0.99883044,2.262451,0.7207129,2.5226343,7.1370463,172500
11.551978,1.4086205,1.4961393,2.7261393,5.0978537,119900
-0.024953144,0.7393784,-1.841784,6.0172443,10.866278,118000
10.647197,1.7343018,2.137833,3.1103122,5.50615,122000
0.22491898,-1.2234662,1.535197,4.191636,2.3004184,92900
0.2675231,-1.5323266,1.8031747,4.563736,2.4389036,97500
1.3250883,1.9470276,-1.8163894,2.6850574,5.6806316,139000
1.1459244,-0.64083165,1.4742295,4.727067,2.0580654,144500
0.7988373,0.24851306,4.3271046,3.441926,6.4071374,111530
1.0202436,-1.5123614,1.2114795,4.6464076,2.2113783,107164
10.892693,1.8029503,1.6700152,2.220202,6.2497106,102850
0.045506664,0.5811676,2.629376,2.834743,7.0289826,131890
0.5450666,-0.7576515,1.6489686,4.4855103,2.28996,136791
0.89652354,1.7149969,1.7017723,2.8721015,7.499149,301290
2.6973367,1.783334,1.18335,2.1146364,7.561585,320650
2.3169742,2.177275,1.386852,2.8138633,7.752038,639000
0.74471277,-1.8513,1.3308077,4.6159816,2.23954,76700
-0.06525901,-2.0958576,1.4216436,4.2097063,2.1486797,104000
0.46604,-1.0687202,1.4781297,4.313764,2.2864017,124000
1.1375757,-0.6414525,1.4706278,4.721936,2.0643175,139000
-0.16364914,-0.33039534,6.9671917,3.3309028,6.623703,113222
1.9485252,1.4812659,6.233082,4.4656067,4.9560394,137040
-0.79716337,-0.75999165,6.4388757,3.204674,5.978127,89256
2.0161955,1.4289793,6.1518826,4.5664907,4.8122973,119833
12.335683,-0.2644964,1.4677716,3.1725929,4.7723846,75000
0.78947675,2.3709722,0.63604724,4.1403923,8.177372,277000
-1.8502842,-1.21093,-1.540157,3.8615417,10.315152,125000
-0.16659963,-0.109600425,6.716979,3.1324434,6.7912188,135000
0.7609299,1.3555994,1.6370467,4.356686,1.1408137,132800
-0.6220947,0.22844261,1.5863634,3.4925277,-0.5382307,91800
-0.16034779,0.7530199,0.21440645,3.0987484,-0.84742886,92500
12.421987,0.6861316,1.9157244,4.1229057,5.959315,165000
11.210476,1.217899,1.926575,3.3669496,4.672726,167000
2.4963102,2.965888,1.7653474,4.5164094,8.193518,650000
-1.1383657,-1.300574,-0.1671215,3.5609634,10.111213,76000
11.311466,1.1923364,1.8487058,3.166558,4.54365,95000
-2.4733775,-1.2971615,-0.8980938,2.725854,9.654324,87000
-1.8620658,-1.7257818,-1.2282225,4.52493,10.026069,73000
1.6917558,1.5416406,-2.6204903,2.6448789,5.06666,63000
1.7875297,1.4854285,-2.4610848,2.7819772,5.1758003,107800
1.7655869,1.5016912,-2.4902635,2.7464406,5.146547,115500
1.9422014,1.3485416,-2.5774252,2.8619964,5.322853,91476
11.06476,1.2505733,-0.68761677,2.944803,6.7409525,80000
-0.24734254,-0.31356525,-0.8893984,4.81369,9.463318,180000
-1.3440955,-1.1639768,-1.2755152,3.4490664,11.133558,88000
-0.5602344,0.38883537,1.3456715,3.296844,-0.9302836,140000
11.976577,-0.46364883,1.654178,3.4429672,4.6617346,55000
11.630256,1.624499,1.2872931,3.993294,7.4263964,187000
-1.4891753,-2.3523717,0.09178429,3.1275957,1.3008486,59800
-1.2912017,-1.0430051,-0.8495908,3.419821,10.95537,119900
1.0614104,1.124228,-1.764112,2.6536417,2.1750538,134000
1.1083488,2.7059302,0.85734975,4.022962,7.581136,240000
-0.9164022,-1.6091753,-1.0467682,3.3613424,10.404926,75000
1.5319935,1.3892142,-2.2065768,2.8415065,5.702059,138000
1.3248644,2.619478,0.73562485,3.4252577,7.8597684,290400
-1.8003587,-1.2357293,-0.68531704,2.3560066,9.790263,59000
1.2810469,1.8384511,1.3494825,4.167879,0.73915327,93900
1.9810618,1.3253347,-2.6058893,2.8670251,5.3192453,58800
1.8097351,1.4281633,-2.5651011,2.793684,5.269676,58800
1.7959629,1.4808376,-2.439139,2.7960873,5.193014,107800
1.7648283,1.416939,-2.5453875,2.8090856,5.324815,76230
2.0217395,1.2959358,-2.5935993,2.9228516,5.3557973,63000
1.8309639,1.4276074,-2.575915,2.8009627,5.258772,75600
1.7790259,1.488491,-2.4474397,2.7801092,5.176959,107800
1.8181847,1.4266748,-2.5693784,2.8009007,5.2624316,58800
1.6031804,1.5617446,-2.2654703,2.7039175,5.127982,115500
0.7359601,1.6309849,-1.5309865,2.6569088,5.941582,58800
11.498036,-1.8508337,0.51700705,4.6139426,7.218585,104000
0.34222034,0.23024647,2.03637,2.8316615,6.9763317,133000
-1.1459886,-1.314162,-1.83703,3.6544838,11.248414,110000
-1.108479,-0.7712508,1.0878649,3.5718422,1.3692235,91000
-1.3099899,-2.2961185,0.38844797,3.36957,1.5507375,58000
11.020184,1.3100858,-0.64064455,3.0882225,6.5964003,235000
-1.2109108,-2.4276888,0.49801788,3.3040442,1.4334736,60500
-1.3216803,-2.328343,0.37807575,3.3216722,1.4945806,68500
1.2992895,-0.20205936,1.4846337,4.767336,1.7930526,105000
1.6685109,1.5708623,-2.6167994,2.63253,5.104212,97900
1.901486,1.1708933,5.980501,4.432443,5.380952,112950
-1.0241913,-0.82572216,1.160615,3.6535876,1.4484192,94000
1.109925,2.4986317,0.90827936,3.6479268,7.365606,223850
1.2978319,-0.20692997,1.4856769,4.7669897,1.7968339,124500
2.3293927,2.8311744,1.6718909,4.33226,8.116084,450000
-1.017895,-0.8441765,1.1450899,3.6603,1.4531946,87500
1.0595522,0.31382602,4.346539,3.5488076,6.3858743,85124
-1.0287684,-0.7799988,1.1505525,3.637862,1.4297394,82000
10.859408,1.9614996,1.4329947,2.4457169,5.745189,94000
1.2747706,-0.21445698,1.4966689,4.762589,1.8174025,112500
11.165273,-1.6148696,0.6480031,5.5248075,8.293549,349000
1.0647216,0.31439263,4.3447394,3.5516534,6.3857775,89256
-1.833711,-1.7685058,-1.2280114,4.4617424,10.032403,90000
-2.7434227,-1.8327428,-1.3291492,3.767605,10.1372795,107000
1.0535363,0.3125809,4.3411846,3.546241,6.3898716,73554
12.3727865,-0.73024446,0.41770393,3.1457787,6.8955393,160000
1.1032566,2.3365543,0.7767355,3.0343156,7.2415433,209330
1.0250564,0.31206134,4.3746047,3.5259748,6.4217343,119835
12.409923,0.69149417,1.8652775,4.0535245,6.035207,134900
-0.88506997,-1.4467763,-0.20521004,3.3036516,10.071931,124000
0.1940214,0.06749068,4.1061645,3.1701791,6.490349,132000
-0.28040156,0.5250936,0.5421558,3.1378298,-1.2353623,99600
2.1309972,1.2567847,-2.5545497,2.9990864,5.4404516,129000
-0.19536996,-0.23618697,6.8877807,3.2218843,6.69102,105149
1.9027513,1.5316192,6.247013,4.492052,4.8255816,134000
11.677712,0.10744752,0.5942793,4.842078,8.035141,124900
10.678854,2.307452,-0.0068605915,3.4403183,6.550952,184500
-0.9758602,-1.4665939,-1.1800092,3.6248753,10.463371,179000
11.066983,-1.7092798,0.6981599,5.562096,8.342637,249500
3.3747463,0.6451056,0.5709121,4.6560144,6.4686584,260000
10.592348,2.3456123,0.74910325,3.8728964,6.948868,179500
11.965424,-0.7275519,0.09942012,3.830262,6.895035,114500
11.032218,-0.001619835,0.40616983,4.3360734,6.4039736,129000
10.715972,2.3950622,-0.21766761,3.1237612,6.3072824,112500
3.3771448,0.6388346,0.5671255,4.651593,6.4766293,175000
2.565828,1.8015871,2.6871314,3.7650642,8.393299,172917
-0.85000134,-0.41704753,0.7999747,3.424846,-0.9205314,118800
-0.27452946,0.59631246,-1.9812937,5.5631332,10.677904,109000
2.007581,1.4373543,6.1475897,4.5592036,4.824305,145000
-0.2143566,-0.5763098,-1.0329084,4.738934,9.458678,89900
1.9096286,1.5074923,6.0764413,4.303256,5.783035,148760
0.39179567,2.5369558,-0.20751283,2.739978,6.8294606,177000
-0.8452851,-0.44480997,0.71598744,3.3735693,-1.0516632,118750
0.08066723,1.7936974,0.3794839,2.7276886,7.0210705,225000
0.33781216,1.0342226,-0.21559782,5.3493705,10.585808,115000
-1.8145311,-1.662724,-1.6939777,2.3556433,10.139893,73900
1.1418827,1.6836518,1.469809,4.0775414,1.123636,118500
1.2076678,1.7268486,-1.308186,2.2328167,5.856599,135000
-0.24516203,-0.36893076,6.8961353,3.3153927,6.540954,89102
0.46512407,0.33243698,1.4947269,2.8085096,6.5453153,106000
2.1323137,1.2536101,-2.5673792,2.993104,5.4330425,75000
-0.55996317,0.38807315,1.3329535,3.281307,-0.9595109,118200
-1.81397,-1.6619587,-1.729954,2.3578722,10.190562,88000
1.2491171,1.8239241,1.5139531,4.419609,1.5163398,243300
0.63192123,-0.78125215,1.6427225,4.501677,2.3590205,228800
0.35245517,-1.0865859,1.4623735,4.2139163,2.2714252,118800
0.32107693,-1.0910501,1.454086,4.177858,2.2683337,86900
1.175765,-0.6576598,1.4527645,4.748394,2.0419075,112500
0.75672585,-1.8360453,1.334592,4.624731,2.2430732,92500
0.80389065,0.25174975,4.324709,3.4435897,6.4090824,108300
0.8072812,0.2492531,4.3315086,3.4418192,6.410832,76865
0.025422048,0.54948694,2.6165228,2.8093889,6.9662666,94380
1.0381101,-1.501927,1.189343,4.6446447,2.2111578,99800
11.042136,1.3592244,1.8340464,3.1191108,4.507976,69900
-0.32504168,0.4081761,1.9422288,3.726932,0.2564209,84930
0.2753898,-1.5431749,1.8225901,4.5764704,2.4434226,81900
0.56254697,-0.7681465,1.5521992,4.4140844,2.3024106,184900
0.30020925,-1.5580568,1.8260955,4.603713,2.4379735,106200
0.19137841,0.610378,2.7665954,2.9735067,7.315765,151000
-0.8188432,0.5394487,1.6608795,3.5355031,-0.4645682,118000
0.5802571,2.5652206,0.23375207,2.7764513,7.0418577,159000
-1.2814469,-3.0261564,0.7861546,3.208089,1.1818773,118000
-0.28432015,0.586356,-2.0949955,5.6242795,10.680967,127000
12.241525,-1.4071743,0.95751274,2.7725198,5.94366,45800
10.97376,1.0997691,-0.7381715,3.3455875,6.3965907,74800
-0.32219845,0.4741475,0.5844171,3.151084,-1.2671487,117700
-0.8082527,-1.0356545,-1.2073267,4.1199584,10.30381,139000
-2.1039803,-1.5533494,-1.5953046,3.2362382,9.833419,60000
11.172228,-1.7106647,0.63737875,5.4487166,8.065973,199999
10.096008,3.606501,1.1618388,4.0148187,6.503234,75000
0.072439894,0.56546,-0.42641354,5.685381,10.388809,99000
0.16929905,0.91474617,-0.2867637,5.1302905,9.793454,247000
-0.8387466,-0.4063968,0.7848515,3.4119463,-0.9384884,117200
9.833432,2.3161538,1.1633683,4.230149,7.6099157,1000000
-0.1752582,0.69109243,0.23446132,3.0575795,-0.730827,117000
12.2546215,0.08022811,0.7718088,3.1343093,6.173082,240000
-0.8512242,-0.45169908,0.7216377,3.3788645,-1.0496231,118562
10.911835,1.8143057,1.4488027,2.329243,6.7528934,83000
-1.2906559,-3.0523584,0.7941423,3.2346978,1.1847519,116000
0.14867964,2.706899,0.5696404,3.073687,7.1705484,99000
-1.2827883,-3.0495613,0.79928863,3.2391248,1.1916353,116000
0.9238679,2.6068442,0.37608987,4.1809206,8.139751,328500
10.763232,2.1988788,0.97433084,2.6526902,7.0549326,248000
11.185114,1.655378,1.5194373,3.141238,4.8132453,155000
-0.33092234,-0.61662227,1.2752186,3.854277,1.412773,129000
11.637509,1.6480601,1.2808685,4.0084186,7.4486284,190000
-0.8433776,-0.42192793,0.78542805,3.4079578,-0.9324818,94050
-1.5251653,-2.495268,0.2018265,3.224988,1.4791032,60825
-0.1846796,0.6954542,0.22611599,3.0720932,-0.885118,115000
-0.8325437,-0.42755327,0.7106581,3.3663983,-1.0554192,115900
0.85688245,2.3943226,0.609244,2.4260514,7.050899,174000
1.3453573,1.8469558,1.3183979,4.218482,0.7190857,94080
-1.8630579,-1.8707014,-2.415234,2.622811,12.068413,117500
2.135098,1.250203,-2.5666153,2.996648,5.4344587,99000
-0.10093994,0.07205332,7.688927,3.2788284,6.833626,113000
0.034921825,-1.6989169,1.7341791,4.5025463,2.3501592,103000
0.2972501,-1.7274421,1.9530052,4.7423773,2.3991365,78500
12.209406,-0.6643331,0.21552397,3.395475,6.8578134,108000
-0.59940094,0.3492825,1.4084601,3.2990274,-0.9595242,115650
10.892129,1.5288248,1.8260235,3.2331784,4.8114295,113000
-0.25111836,0.7483236,0.34229386,3.052519,-0.61063904,115571
0.539805,0.39241037,1.4480606,2.8059404,6.6138754,129000
10.654479,2.3361514,0.59024537,2.5810733,6.740504,170000
10.965948,-1.6748592,0.832845,5.480874,8.501802,310000
-1.395243,-1.5496211,-0.72602665,3.7439218,10.2091,232000
-0.5412069,0.3908876,1.2981586,3.29996,-0.9062825,115500
12.220584,-0.20154135,2.6804674,4.7633758,4.8377357,99500
-0.005641449,1.2146289,-0.3757618,5.6534266,9.869585,244000
-0.025961166,2.0013082,0.14225006,2.9016743,7.252704,223500
-0.83299613,-0.42803097,0.7106828,3.3663125,-1.0556693,115400
-0.8513389,0.72490746,-1.1992712,5.997019,9.767087,180000
1.1372546,1.1726887,-1.6791329,2.1965694,6.009196,139000
12.602576,-0.7674018,1.1656139,3.141181,5.217591,180000
-0.54869056,0.3915405,1.2976471,3.2665257,-0.9727711,115300
0.74151087,1.8527435,-1.1875238,2.57264,6.3311777,176900
-0.34578872,-0.46572906,6.633115,3.3094172,6.375583,92700
-0.33977175,-0.46234828,6.642998,3.311848,6.3805075,95700
1.2024097,1.1366074,-2.025751,2.3498545,5.990839,52500
2.0194843,1.4052413,6.2296553,4.5414705,4.8558693,119400
-0.8362613,-0.40796652,0.77193934,3.4006712,-0.95703787,124000
10.805186,2.2054234,0.7345498,2.423203,6.7654138,189000
-2.3190396,-1.8156272,-1.5880257,3.8370628,9.629177,75000
0.7985375,1.6402402,1.583934,4.4496326,1.2493491,115000
-0.91745746,-1.6108925,-1.0572981,3.3677154,10.409617,74989
10.844744,1.5099589,-0.799259,3.1451294,6.375828,63000
2.549711,1.7426344,2.6610582,3.7413514,8.32655,192268
2.066014,1.3546665,6.2492285,4.6073084,4.7782826,140000
2.497849,1.691211,2.655619,3.714385,8.293885,173548
2.0870664,1.3337268,6.2672877,4.627309,4.755895,149000
0.19075778,0.93673927,-0.28263292,5.130524,9.810239,247000
11.576414,0.7011142,1.3607274,4.077483,7.5043454,340000
0.75834805,1.3461857,1.6375518,4.3531036,1.136565,120500
1.9038665,1.2854445,6.544572,4.1402035,6.0419636,145455
-1.4468999,-1.2061942,-2.1778271,3.47749,11.407096,86000
2.0335238,1.2857387,6.7135715,4.181305,5.8950157,128926
2.0366237,1.3138226,6.6762238,4.2073255,5.8721275,122314
0.07765803,0.1801448,7.6868443,3.379519,6.7831154,103719
-0.2710112,0.098985545,8.250503,3.1995628,6.8672004,102479
-0.2792974,0.10192563,8.341701,3.1923838,6.8796043,100825
2.1817374,1.2751858,6.8775845,4.2512927,5.6702547,114694
12.189352,-0.9631249,0.8243227,2.6820047,6.334118,80000
-0.30575946,0.11204013,8.476684,3.172281,6.9003105,95455
-0.3080915,0.112874,8.485239,3.170908,6.9012446,93388
-0.30172017,0.110515,8.46529,3.1754706,6.8998384,92975
11.357007,0.3786992,0.20130815,5.0138454,7.772769,124900
0.014729931,0.16462164,7.752554,3.3528545,6.8134985,90909
-0.8458635,-0.44592682,0.71348095,3.3727314,-1.0584882,114750
0.09175367,0.72593313,-0.26047376,3.0539908,-0.6577037,91000
-0.28624365,0.105089165,8.490557,3.1782913,6.923153,80990
-0.21507917,0.100136474,8.445075,3.210119,6.9474254,76860
-0.2144349,0.100071795,8.449722,3.210661,6.947906,76445
11.776373,0.49304932,1.532708,3.234958,5.1592484,104900
-0.5044127,0.40607724,1.2510216,3.31345,-0.8632005,123000
-0.84741557,-0.43039146,0.7795481,3.4057245,-0.9429468,114900
11.956971,0.02369933,2.5052652,4.297586,4.723194,125000
0.5087793,0.31761512,1.295972,2.8113904,6.309939,114660
0.004032453,0.67036974,-0.20335422,2.9571345,-1.2657063,93500
-0.5424249,-0.15328868,5.564905,3.0534165,6.5720396,67700
1.0609835,-1.5314752,1.1836526,4.661504,2.2036107,98700
-0.083124936,-2.1796415,1.3976455,4.202262,2.1180015,74000
1.2188774,-1.4094286,1.0932059,4.6850185,2.2164915,88500
-0.56084347,0.3877922,1.3256512,3.2715757,-0.9797451,90800
-0.84419245,-0.424557,0.77852875,3.4041953,-0.9477769,114200
-1.1261256,0.34476593,-1.4506354,6.044482,9.619248,93000
1.7448292,1.4873327,-2.3015277,2.8427835,5.274514,136900
1.0645005,1.1221374,-1.7780012,2.6421375,2.2418184,122900
0.095395185,0.7376459,-0.24141745,3.0583386,-0.675642,92000
0.89191335,1.8597798,1.5821935,4.540658,0.96902776,130000
-1.2020295,-1.4041047,-0.56119007,3.0972388,10.598197,71999
-0.39431047,-0.17153478,5.417792,3.039632,6.5627503,67608
11.547467,0.7010982,1.3765676,4.053563,7.5014157,340000
0.18678741,0.021629315,4.4128957,3.2440846,6.41357,117000
-1.1015089,-1.3114113,-0.3465142,2.9769676,10.211183,116000
-0.38402858,0.20822518,-0.9282036,4.927833,10.512083,125000
11.061511,-1.7006838,0.70910865,5.5484796,8.346147,290000
0.5544027,2.4993932,0.37149394,2.630604,7.054253,206000
-0.18080421,0.089786746,8.465963,3.236039,6.976688,72632
10.680941,2.4879265,0.7891368,3.0275445,6.93207,263000
-0.6425189,0.36472687,1.466892,3.2771943,-1.0337595,113500
10.560854,2.7127378,0.10891297,3.3224087,6.189847,139000
0.08343758,0.35711458,2.9948807,2.9205327,6.9036713,95000
1.9033607,1.508217,6.11914,4.467397,4.9322014,179000
-0.47779283,-0.2520129,5.5159235,3.01766,6.5270796,88700
1.8915168,1.5149419,6.1031837,4.425268,5.1528907,179900
-1.0327694,-1.4581813,-0.4602193,3.4195755,10.175844,105000
0.20565785,0.06338352,4.137759,3.1817784,6.4773517,119900
2.2067935,1.2666085,6.9096594,4.2593985,5.6692724,120379
1.8835596,1.5455964,6.18489,4.233437,5.9322505,184691
2.2047493,1.268941,6.902702,4.2597566,5.675066,118334
0.28154793,2.2098653,-0.2860155,2.8461497,6.8293233,168000
10.70672,2.3701246,0.03978413,3.0192685,6.457153,157000
1.9940821,1.4231433,6.3719835,4.3991036,5.1828136,252066
-0.003437971,0.13200949,7.8997436,3.312012,6.883099,93612
1.2312964,1.8205858,-1.5289184,2.329301,5.7416296,189000
-1.4018342,-1.2032812,-2.0173972,3.4593444,11.302897,150000
11.966529,0.7276731,1.3720484,3.9202633,7.6106625,99999
0.02947904,0.17368661,7.7950306,3.3610632,6.8211794,90770
-0.18663655,1.138369,-0.3884559,5.651667,10.180025,119000
1.9015819,1.2392459,6.0095854,4.4274592,5.334359,199500
11.439972,1.067487,1.4025308,4.1284156,7.4506927,262000
-0.31992355,0.119573556,8.531565,3.1620927,6.910629,90074
10.5780735,2.0410976,1.0182595,3.8933535,6.8668723,330000
0.012764612,0.1483209,7.8938527,3.3317578,6.864976,89100
0.19820456,0.0638659,4.1181517,3.174871,6.482436,86900
10.341248,2.593473,0.6026628,4.00269,6.8137684,299000
-0.54055905,0.38887623,1.2994852,3.304615,-0.8991841,125900
-0.8364648,-0.40381774,0.8123966,3.4211464,-0.8854749,113150
-0.039391465,0.13781443,8.131815,3.3156614,6.921246,82616
2.0501277,1.3751034,6.2500434,4.5604243,4.8409743,230000
1.0287308,1.9336197,1.525365,4.4677343,0.8037065,94800
1.8980923,1.5172695,6.0593557,4.303187,5.7828045,175207
2.0136752,1.4495414,6.1196966,4.577355,4.8081093,133884
1.9978683,1.4474279,6.133076,4.55325,4.8371744,133058
-0.75655913,-0.7213596,6.461365,3.236513,6.0189486,98347
-0.7897642,-0.7547631,6.446832,3.215947,5.9843845,97520
1.9980454,1.4195027,6.374379,4.4058285,5.161083,235000
1.0414703,3.0797288,0.27804813,4.1532216,7.7159085,420000
0.16511653,0.73039895,-0.21379569,5.3865314,10.564135,134000
0.25854656,0.70684654,-0.153574,5.3480234,10.459066,114800
-0.4779192,0.377636,1.1688849,3.314496,-0.7895759,122000
-0.78208685,0.51076156,1.6655601,3.5349493,-0.46999526,125000
-0.8377648,-0.7942506,6.421635,3.1874352,5.9384274,95040
-0.78882957,-0.75220287,6.4410644,3.214537,5.98651,91736
10.956598,1.4604739,-0.63646257,3.1978686,6.432933,87000
2.026958,3.1981158,1.2252514,4.223181,8.0098505,374800
-0.8053795,-0.7660662,6.428068,3.2046263,5.9692187,91736
-0.81803054,-0.78022206,6.4268785,3.2108233,5.9565315,90909
-0.84084105,-0.44179234,0.7109136,3.3690197,-1.0566039,122750
-0.78192693,-0.7495999,6.440212,3.2171218,5.991428,89255
-0.83370554,-0.7902643,6.4241915,3.1915753,5.9428625,86776
10.569323,2.3609772,0.9121876,2.7796113,7.3189645,289000
9.621112,4.0037665,0.7823381,3.9807308,6.614659,234500
-0.77977955,-0.7460542,6.44501,3.2189076,5.9941177,83471
-0.48160008,0.18553287,0.6789306,3.2054894,-1.0576215,91500
3.4682245,0.58684963,0.58113885,4.671916,6.4712696,112000
11.978139,-1.4467676,0.07224809,3.9813545,7.1249747,185000
-0.20995457,-0.100271985,7.157738,3.196847,6.788005,100826
-0.7841039,-0.74926907,6.4475613,3.218081,5.990704,78512
1.0842612,1.1422356,-1.7919796,2.6479878,2.2401578,120900
12.0589905,-0.8814168,0.6218757,3.5122454,6.9478493,90000
11.471464,-1.9052926,0.4503944,4.507147,7.116469,67000
11.734699,-1.9424756,0.31943867,4.0859613,7.097508,59900
0.49564922,0.3054438,1.3240325,2.804014,6.32617,112700
-0.84312737,-0.40608966,0.79936606,3.4249165,-0.8825506,129300
0.92151743,1.8605399,1.5720549,4.521585,0.9292667,120500
1.1679748,1.5920603,-1.2345983,2.2008514,5.9025316,180000
-0.5532847,0.3899215,1.2973171,3.2644796,-0.9700133,130000
-0.3094583,0.78419274,-1.2323518,5.537638,10.836193,235000
0.502612,0.3177288,1.3367628,2.8085642,6.3549666,112577
1.0686276,-1.5220444,1.1840688,4.664621,2.1982083,98700
0.6637401,0.19790035,4.325374,3.3909657,6.3889236,103400
0.075945355,-1.7190925,1.8000064,4.5759354,2.3688734,89000
1.6135362,1.932697,5.7597256,4.2710123,5.703471,163000
11.896477,-0.66823554,0.05339081,3.87827,6.8441496,169200
12.349657,-0.588024,0.6842813,3.0029898,6.9968863,65000
10.683892,2.3447955,0.6518128,2.9022298,6.523729,595000
1.0947452,1.1505471,-1.80396,2.6540568,2.2513602,124900
-1.4982914,-1.4852387,-0.77542293,3.862013,10.247526,248999
0.0051983055,0.7112087,-1.8051367,5.9955587,10.790309,170000
1.6439558,3.275868,0.80081606,3.8639748,7.8992395,478000
-0.741987,-0.29873416,0.93099535,3.4741397,-0.6556142,124500
1.3050498,1.8093104,1.3667864,4.140322,0.84559447,112500
11.348857,1.5111767,1.5932138,2.9894774,4.9004636,135000
-1.2831255,-1.1996388,-0.21135855,3.736567,10.140973,95000
-1.0833241,-0.78518754,1.0755178,3.5815458,1.3556752,93000
1.000754,1.0443822,-1.7033895,2.6466649,2.1903627,100000
0.7431469,1.9579911,1.5983698,4.6650996,1.2511083,119900
-0.91313934,0.8125702,-1.0372789,5.884188,9.611915,165000
-0.29294866,-0.3319149,6.9233904,3.2156718,6.6182766,88466
10.707336,2.1850019,0.9388355,2.1895223,7.1746035,72000
-0.71723014,-0.3023262,0.97148675,3.515796,-0.6126267,112450
1.9136541,1.4958634,6.072784,4.2976465,5.7978344,278000
11.33926,0.928183,1.807489,3.2339332,4.545729,91000
1.8997648,1.1801139,5.9845023,4.428552,5.3793845,116900
1.2383585,2.8467464,0.13401556,4.2722244,8.071991,317000
0.19271941,0.07671311,4.07305,3.1591017,6.502479,120080
1.0709289,1.1294339,-1.7828182,2.6454108,2.2435985,119900
-0.536267,1.2761816,-0.8207274,5.581918,9.840956,140000
12.622229,-0.8615456,1.2197819,3.336419,5.1848025,90000
0.14265832,0.51472425,2.8389692,2.9365218,7.155415,126500
-1.7047579,-1.6926527,-1.1979159,4.4171,10.123134,97000
0.5281836,0.32769895,1.3299692,2.8226204,6.353117,111772
-1.9723728,-1.7023325,-1.3089745,4.495522,9.984255,90000
-2.330486,-1.8419299,-1.5831853,3.7837312,9.59591,74500
-0.51945114,0.084343255,6.983141,3.1915941,6.778424,105500
11.297347,1.7129495,1.693927,2.7569652,4.9532766,80000
10.972656,2.384867,0.7890082,3.2213233,6.259641,95000
2.5282063,1.8380493,2.6268563,3.7824087,8.38216,164793
-0.50928694,0.3977204,1.2419239,3.3059912,-0.873083,119000
0.7462668,1.4488722,-1.4554199,2.5267332,6.255415,76000
12.924848,0.70566803,2.4990501,4.6356587,5.3614974,115000
2.2184355,1.2659736,6.9253592,4.2605596,5.650962,173553
11.490104,1.2333231,1.7774221,3.2477202,4.8900948,125000
1.2903636,1.8021139,1.3512112,4.2114096,0.7865467,129000
-0.84762573,-0.431134,0.7782447,3.4056158,-0.94690984,109250
0.16125916,0.013574143,4.4547462,3.227567,6.4284387,102000
10.719239,2.379299,0.064286254,2.9860322,6.458685,189800
0.15433945,0.5263212,2.818971,2.9394364,7.1998925,159000
-0.90615475,0.87356323,-2.13024,5.5463505,10.8184395,124800
0.09238001,0.28107962,2.9628882,2.901682,6.8410673,103600
12.085246,-1.2184016,0.2477252,3.7918787,6.900113,39000
-0.6142675,0.095772654,1.2810059,3.4229124,-0.6669682,110900
10.842428,2.1139278,0.915485,2.6605968,5.9792833,80000
-0.5144689,-0.5677946,1.3247916,3.8328168,1.4470845,94990
0.03799931,0.31715763,2.8791935,2.8674817,6.8548284,79000
1.1117611,1.6700156,1.7777419,3.1792037,7.241088,150000
1.2994142,3.1603155,0.18144844,4.0234313,7.7513986,247500
-0.15508226,-0.1303035,6.8246846,3.148049,6.8066025,95000
-0.2197584,-0.36195436,6.932703,3.3118143,6.5598297,122500
-0.00467994,0.8127517,0.17910522,3.1849809,-0.9533745,109000
11.942011,0.5997403,1.4401473,3.7542157,7.66849,139900
10.629168,2.3423016,0.58931226,2.6980534,6.653753,159700
11.07181,1.7641618,1.1566072,3.4574556,7.27665,550000
10.598278,2.2236898,0.9085683,3.6818626,7.077416,550000
3.8870516,7.036669,0.8859816,3.1529543,6.9971447,398000
-0.23212081,-0.3678896,6.92342,3.3075867,6.555415,131500
-0.77967024,0.51349705,1.6570317,3.5326135,-0.4615989,111000
-0.25620228,-0.34466204,6.931999,3.2620697,6.5940847,84180
10.565492,2.3718922,0.01613542,3.3986795,6.0391083,136300
1.8813658,1.5511613,6.0692267,4.2813425,5.81438,184000
10.368456,2.5599911,0.5459288,3.9735386,6.7879267,414990
12.3261385,-0.2386783,1.4496676,3.1407545,4.7402596,29000
-0.20807035,-0.113075726,7.0323615,3.1532433,6.8153534,103719
1.2361101,1.4804121,-1.1624341,2.1558511,5.8610687,199000
-0.23616703,-0.36071932,6.9321933,3.2929163,6.570103,102900
12.170514,-0.09284802,2.5973532,4.808851,5.2212505,105000
0.20183165,0.064006425,4.1232653,3.1789024,6.4809594,112900
12.478531,0.021366103,1.2326295,3.0355754,5.7697134,83500
1.902962,1.1889136,5.988441,4.433964,5.363905,138000
2.0522614,1.3707098,6.2232213,4.575901,4.8175697,138600
11.95402,-0.8294123,1.5425421,4.070632,5.2872396,74500
0.5382101,0.5093928,1.6490345,4.329256,1.4679776,178900
-0.40851343,-0.46420416,6.5370994,3.2636008,6.3541665,106200
0.7864547,2.2217076,1.6055279,4.8508043,1.2648668,300000
2.0252922,1.3973972,6.2157817,4.5525784,4.8414717,149000
-0.3909524,-0.2775708,5.4316316,2.9916177,6.5523863,76000
11.327891,1.4634846,1.5052722,3.2305684,4.5622373,78000
-0.06483337,0.6881537,-0.1184625,2.9679282,-1.1626817,86650
2.024057,1.4045713,6.220647,4.551807,4.8372717,114500
-0.9981318,0.5674495,-2.1694837,6.026735,10.172634,139000
11.010008,-1.5736632,0.8220698,5.4787364,8.62515,305000
-0.063588314,0.707546,-0.1523955,2.966432,-1.1665815,82500
0.7217074,1.2405058,1.6575774,4.3341484,1.2008753,158000
0.94195426,1.5597464,1.5530689,4.343817,0.93780124,156000
-1.9046568,-1.1063521,-0.62180537,2.5025976,9.8050165,61000
1.105101,1.587169,-1.8284091,2.4966605,5.557312,125000
1.4220902,2.5306711,0.87441254,3.0401492,7.9795985,197000
-0.005143295,2.1336794,0.063494556,2.9801288,6.9681554,155229
12.181494,-0.20223567,2.6846304,4.7790265,4.896044,107000
12.714284,-0.8832116,1.1608137,3.1918173,5.173215,97000
0.80814296,2.2069128,1.5939848,4.835905,1.2843506,350000
10.817588,1.5165831,-0.7380039,3.202668,6.4153385,115500
-1.0187888,-0.8172292,1.097673,3.6272113,1.4273325,83000
2.365237,2.1585195,1.3995725,2.570559,7.714995,797000
1.0864805,1.6260376,1.812625,3.1568086,7.2486153,110000
2.2835045,2.171849,1.4468261,3.1983533,7.8050966,1300000
2.3427627,2.1613488,1.3961926,2.5792525,7.7144313,775000
1.4664987,1.5176473,-2.0598392,2.920454,5.7889843,92400
-1.2944093,0.59228486,6.007119,3.0193484,6.927089,95900
1.2545925,1.8442174,1.3855666,4.222525,0.7645083,144000
1.0074519,2.4072387,0.87867445,4.040627,8.289709,357000
-0.20809811,1.238475,-0.64320046,5.7554665,9.886881,245000
11.354762,1.12885,1.8464012,3.1808035,4.5511985,110000
11.356235,1.2233416,1.8743119,3.3602273,4.806954,118000
1.9838368,0.96848786,1.3170898,2.5826705,8.17005,195000
12.21085,-0.6790295,0.95057994,3.3658524,6.757914,124500
11.858004,0.924566,1.3839265,3.7678013,7.5352798,119999
1.2140914,1.1431442,-2.0782876,2.3608322,5.973922,52500
-0.29192415,0.54111,0.5496097,3.1353693,-1.1630683,97500
12.237462,-0.7585493,0.55403364,3.384707,6.8487797,109999
10.403174,2.4081056,0.8418232,2.2514513,7.563119,187801
0.27931345,0.7896172,2.7874455,3.1268108,7.4222918,265000
-0.876625,0.8377606,-0.9828379,5.835545,9.594807,135000
11.926764,-0.070200644,2.3761132,4.7375793,6.650464,131999
-0.9674097,-1.1427723,-1.1419214,4.612362,9.79448,110000
-0.83110774,-1.1378024,-0.60326016,3.6701097,10.219791,116001
1.6187955,1.1780344,-1.2644223,2.5723872,5.9142914,256000
-2.4659321,-1.6889249,-1.416003,4.1810884,10.039816,72000
-0.3705629,0.22960076,-0.9854242,4.906544,10.578378,150000
-1.1470257,0.46736062,5.777812,2.9692461,6.91056,65000
-1.264537,0.4666137,-1.721771,5.9272037,9.912452,145000
10.966349,1.9946165,0.9845891,2.4937794,5.047336,103000
-1.5702268,-1.406917,-0.7429128,3.6074789,10.401866,239000
0.15644927,-1.542937,1.7312919,4.4802513,2.379301,109000
0.31027177,-1.8078569,2.1188025,4.8567967,2.394834,106000
0.7169523,0.21745047,4.332635,3.4096773,6.40144,100800
0.115022436,2.0926378,0.16853628,2.9574077,7.1046095,380000
10.766541,2.46832,0.5038085,2.840859,6.4561844,170000
11.951989,-1.4520992,0.13942476,3.9726567,7.157395,185000
-0.19944538,1.2361987,-0.6012507,5.763209,9.912701,345000
0.5287131,0.4116457,1.6307656,4.3305707,1.5100119,115000
-1.1268911,0.36661765,-1.4674199,6.069529,9.634395,93000
-0.047142614,-2.3701227,1.3479465,4.260123,2.0544844,67000
-0.05101645,-2.3601909,1.3516418,4.256185,2.0569806,65000
-1.6814821,-1.4695141,-1.0155876,2.2250848,9.824842,84000
0.83087856,2.7676156,-0.12301109,2.917603,7.086183,184990
1.0826811,3.046054,0.48453605,3.8961043,7.7265844,410000
-1.1307045,0.4516778,5.7673616,2.9711266,6.90176,64800
-0.9170205,-1.4578885,-1.0693783,3.5182505,10.425648,178000
-0.37697238,0.31327987,-1.0028695,4.9781127,10.890372,200000
0.19387709,0.9208675,-0.2660974,5.127529,9.808244,247000
0.9716575,0.33143863,4.474023,3.5258946,6.406075,116900
1.756717,1.7374038,5.936688,4.255125,5.8310695,150945
-0.37491342,0.3313401,-1.0053781,5.0062103,10.885839,200000
12.438342,0.6933445,1.9217641,4.121786,5.954511,132000
0.3989802,2.7081962,-0.015434251,2.6518936,6.9007254,170000
0.2118775,0.04541714,4.4101787,3.2100625,6.4619694,89000
1.8793164,1.1325817,5.942629,4.4175706,5.376637,305000
10.418117,2.4152133,0.8329433,2.2666578,7.526578,165483
-1.3323909,0.63150734,5.9632063,3.0136526,6.9723077,84180
-1.2726506,0.5775419,5.9741473,2.9921033,6.935551,131500
-0.005095477,0.7063671,-0.4412948,5.473333,10.409088,99999
1.1281104,1.1776148,-1.900665,2.2441776,5.984702,69900
12.685425,-0.86978775,1.1573004,3.1969624,5.195491,134000
-0.37686506,0.42756808,0.5849998,3.178176,-0.95246094,86500
-0.061000835,1.2231609,-0.41381302,5.676403,9.899266,260000
-0.24831754,0.76656747,0.33629265,3.0494685,-0.6068159,86500
11.406909,-0.9169476,-0.037131574,4.489631,6.750337,125000
-1.2795099,0.5769028,5.983658,2.9896379,6.9348726,105500
12.071989,-1.4876384,-0.40526325,3.9327908,7.057596,119999
12.197619,-0.22015607,2.7037358,4.7728586,4.8268776,105900
-0.9946526,-1.2802821,-1.3323178,3.8345315,10.61241,130000
12.012398,0.14738952,2.3497624,4.5263486,5.0013423,119999
11.871265,-1.0799079,0.9727581,3.122554,6.5471125,75000
0.8325713,2.2745948,0.21529786,2.5406914,6.815116,157000
11.230498,1.4827492,1.6522064,2.8414242,4.8314047,64999
-1.5555062,-1.5282283,-0.8478649,2.0897448,9.723088,62000
1.5735606,1.1867715,-1.2366754,2.5345001,5.8890977,152000
-0.7848799,-0.3350702,0.88646466,3.4442577,-0.7497722,85900
0.6037464,-0.8293459,1.7235299,4.56799,2.3642743,139900
0.2561723,-1.5429109,1.8001381,4.5562363,2.4319046,84500
0.2927958,-1.5608368,1.8268726,4.5991144,2.4388156,98700
-0.13745281,0.6245947,0.13739513,3.0100322,-0.9479713,89747
-0.028725337,1.004061,-0.26945806,5.5172896,9.987585,170000
12.433863,-0.681169,0.60614014,3.4304142,6.497712,148000
-1.5587606,-1.5338987,-0.840695,2.0805209,9.708173,65000
11.914885,-0.6526466,0.77168936,3.0215478,6.4323807,62500
3.3699837,0.6336851,0.5624976,4.6465974,6.48604,145000
-1.2661588,-1.3649657,-0.50823885,3.7085109,10.170534,120000
-0.40535975,0.25141546,-1.0163469,4.897248,10.919354,340000
12.1362,-0.5427573,-0.26131532,2.8354998,6.624464,83000
12.079577,-1.435873,-0.5348461,3.9104722,7.031423,122000
10.573051,1.83559,-0.14109582,3.7467341,6.2539625,155000
10.547998,1.8753767,-0.13496499,3.7797568,6.267083,255000
10.665429,2.2789752,0.039319277,3.5303051,6.6015987,159900
1.2094128,1.6028986,-1.127016,2.1470108,5.9415784,120000
5.192686,9.248504,2.115902,9.7191925,5.8916163,225000
11.730612,0.57212687,1.5472318,3.112537,4.8517256,175000
12.197143,-0.34328052,0.98019636,2.949921,6.807358,114990
11.929258,-0.62448275,0.7365306,3.044328,6.4389734,84000
10.819486,1.4176675,-0.5478705,3.4381702,6.399446,168000
11.552233,0.71691465,1.3431898,4.0792117,7.5136805,340000
-0.012894485,0.933298,-0.37959787,5.7178583,10.27061,115000
11.282705,-0.59781224,1.4776758,4.0980425,6.301623,120000
2.091988,2.2217584,1.9674902,4.1427846,7.9059353,305000
12.04901,-0.646185,1.6134908,3.5802505,4.6360683,71900
-1.8346498,-1.3216559,-1.0131711,2.1384878,9.768504,100000
2.1045544,2.2231827,1.9816296,4.121162,7.9813113,345000
-0.63568383,1.0180849,-0.8637903,5.8404136,9.767112,165000
0.06155975,1.898012,-0.003518054,2.7064817,6.7990394,115000
0.04246503,-1.6935642,1.7392768,4.508552,2.3543468,88000
-0.7876504,-0.4937849,1.444353,3.8803658,1.6340728,109000
-0.3387621,0.8906052,-1.6197782,5.750343,11.173924,149500
-1.7279423,-1.7377622,-2.244544,2.8041136,11.854533,135000
9.787466,2.3415627,1.1697705,4.2427845,7.6590505,699000
1.9819386,1.4505349,6.2355657,4.5233374,4.8434787,115702
-1.5674623,-1.2775717,-0.49442104,3.8727472,10.175587,100000
10.363662,2.5926716,0.559451,3.9617667,6.7786674,235000
10.551583,2.4086382,0.9578739,2.734375,7.3196,345000
12.048869,-1.6891922,1.0183003,2.8539863,5.9855127,87999
-0.32356477,0.4089311,1.943484,3.7280903,0.25667673,84930
12.252904,-0.6032495,0.4746129,3.2925594,6.834807,178000
11.496935,1.151493,1.62401,2.9375582,4.512341,105000
10.776807,1.6537288,1.4684006,3.512755,6.9738994,399000
12.084142,-0.686084,0.9325611,3.4583137,6.703568,72000
10.70401,2.2016351,0.6938574,3.1109385,7.246753,330000
-0.7578437,-0.3138491,0.9249537,3.4696872,-0.67013127,84900
-0.4619053,0.41892543,1.1084158,3.2905731,-0.87006825,139989
10.565532,2.209878,0.5493655,3.10618,6.0332084,229000
5.2629514,9.166587,2.0374515,9.63944,5.970818,145000
-0.8937989,-1.784893,-3.1238499,3.1754878,11.108156,89000
10.601387,1.7213628,-0.2218491,3.744953,6.288719,130000
-0.046620898,0.5452974,-2.1979687,5.975398,10.495446,167000
11.238497,1.3389667,1.7240995,2.8964195,4.475888,38900
10.617872,2.4267025,0.013384145,3.2495172,5.90647,104900
10.525248,2.3711905,-0.1649651,3.4243314,6.1208463,180000
12.668988,-0.8848374,1.1468887,3.1642354,5.2175174,85000
12.303487,-0.75714636,0.51456696,3.4149287,6.818145,105000
12.200083,-0.18124491,1.5406702,3.2863965,4.87606,64500
-0.3123748,0.49802253,0.5630827,3.1350229,-1.174301,84500
10.552909,2.3180702,0.807705,2.5937092,7.4964433,370000
11.979501,0.053872444,2.306028,4.627735,6.611777,93990
-1.1289784,0.36660635,-1.4592917,6.096793,9.618959,115000
-0.474145,0.19317518,0.6693201,3.20158,-1.0809561,84000
0.06461159,0.95775694,-0.13698517,5.0397177,9.875418,225888
11.742707,-0.8585591,0.3986308,4.237119,6.5080576,155000
9.671907,2.3531847,1.1930485,4.269075,7.737524,1550000
-0.73755735,-0.2952434,0.9340453,3.4747245,-0.65175074,94900
-0.74212277,-0.30990002,0.93376684,3.481006,-0.6414706,93900
-0.32101074,0.47900125,0.5862675,3.1536872,-1.2702082,90800
0.12645103,0.1883082,3.3153527,2.9709861,6.730069,140000
-1.2639503,0.46375653,-1.7141467,5.930757,9.903305,137999
-1.2338041,0.55709565,5.9140253,3.0048816,6.915797,57000
-0.08209204,1.0163661,-0.35702357,5.714393,10.2015295,137500
1.0388683,1.2947962,-1.5796849,2.179701,6.0574465,133640
1.0035117,2.3809798,0.25719535,3.8402922,8.050056,309000
-1.6165457,-1.4087662,-0.83607596,2.1155865,9.776369,59899
-0.3078985,-0.3389206,6.901526,3.1849627,6.620332,68965
-0.31713703,-0.33657888,6.9138427,3.1843119,6.6257687,66625
-0.47095844,-0.12335021,-1.0527077,4.621603,10.662525,245000
-1.2616442,-1.0295103,-0.88991016,3.4266312,10.971979,145000
10.690249,1.8571826,2.0628707,2.8836815,5.528407,73900
10.342348,2.151314,1.1241889,3.851698,7.1351147,379999
0.54244536,0.42218554,1.6361877,4.339722,1.5066516,121605
-0.5781158,0.34563956,1.3359032,3.2946508,-0.9538082,76500
0.29478356,-1.6607051,1.8168149,4.6193004,2.3998654,57500
-0.3050002,-0.35994202,1.4514303,3.9031796,1.7132243,78529
-0.30023417,-0.6244045,-0.76665604,4.4769654,9.5523615,115000
-0.23779906,-0.306811,6.940108,3.2706017,6.6183105,84500
2.0230808,3.0765364,1.3055329,4.424649,8.138316,919000
-0.29531327,1.1045986,-0.9914785,5.298885,9.8264,245000
11.831291,0.680023,1.5777699,3.785864,7.408676,154000
10.6691065,1.844099,0.9553847,3.30192,5.660619,178500
11.726839,-0.34257293,2.173678,4.727421,6.5648565,220000
-1.3710034,-1.1555918,-1.056561,3.4183733,11.03995,91000
0.8838071,2.3395464,0.67985415,2.6400292,7.2022195,215000
12.258406,-1.3947836,0.964966,2.7605276,5.921073,45800
0.9822667,2.3974228,0.2964709,3.8496885,8.048087,339000
1.1522003,2.5199966,0.18081073,3.7730203,7.735746,340000
0.0048328415,2.0808482,0.10512916,2.7078989,7.0194116,160000
-0.2518246,-0.37622672,-0.83839715,4.7703185,9.476903,198900
-0.2367509,-0.39298272,-0.8207715,4.7463217,9.482218,199000
0.51422215,0.86932385,0.58278877,3.970289,9.186725,299000
0.092670016,1.914486,0.4612398,2.996196,7.493236,161300
0.7576465,2.3719535,0.6092161,4.1454563,8.236208,217000
1.1115359,2.4218688,0.13547634,3.8003917,7.7841163,310000
-0.23273596,0.97059405,-0.35884786,5.318654,10.669247,157000
-1.8576413,-1.7850696,-1.2217118,4.4709773,10.022074,76900
-1.1553842,-0.9438217,-1.1532264,3.7741575,10.899664,165000
1.9015739,1.1796947,5.9794197,4.434274,5.3698487,120000
1.8983142,1.1923016,5.985076,4.468556,5.338397,110500
-0.0033818036,1.100746,-0.27611405,5.540427,9.938814,199000
-0.018692845,0.33123156,2.993445,2.8663862,7.0216446,63000
-1.3131186,0.6455175,5.956294,2.971715,6.979682,76000
-0.010066992,1.9105659,0.35886317,2.9975255,7.4524674,165200
1.5880951,1.9676435,5.7263937,4.276819,5.6896563,112950
-1.0619819,-1.1754243,-1.4539276,3.2663639,10.703816,67000
-0.32296023,1.0399803,-0.3669289,5.301487,10.671496,160000
2.0124884,3.0648344,1.2962635,4.367677,8.099275,720000
12.121708,-1.5871071,0.9987152,2.818301,5.944389,36399
0.7861826,2.7290163,0.53244644,4.0842276,7.842258,450000
12.173667,-0.37998956,1.011337,2.9782305,6.812141,124000
12.099934,-1.5956079,1.0021474,2.8344386,5.964914,88000
10.529123,2.1904583,1.050704,3.959873,6.7512016,315000
1.3023447,-0.21746115,1.4812384,4.765471,1.8014907,166999
-0.28883865,0.51611936,0.5377867,3.1519163,-1.2407213,95500
-0.15108381,0.6635785,0.17201112,3.0440764,-0.9902124,71470
0.19749288,0.068874106,4.1071353,3.1740766,6.487779,84900
-1.6487794,-1.4175969,-0.81182486,2.2081547,9.773936,62500
10.830121,1.5445858,-0.82643396,3.1573865,6.3454432,81000
-0.12904775,-0.18902823,6.8270764,3.1893442,6.7871675,73554
10.526704,2.1745846,0.76910007,2.6883333,7.7131667,239700
-0.7610665,-0.32621172,0.91913927,3.47012,-0.68332374,93000
-0.11966381,-0.1767875,6.862269,3.1822817,6.8012724,85124
0.61330914,-0.81463456,1.6225926,4.479371,2.3565829,185900
-0.052810702,0.699615,-0.1483945,2.96713,-1.1753025,93847
0.48693413,-1.148861,1.7897385,4.6067576,2.4052112,120000
10.524808,1.6081674,0.2945068,4.196392,6.6316495,125500
12.876303,0.6576561,2.4828165,4.6079497,5.3157206,80000
-1.7935477,-1.3098623,-0.73984355,2.2708528,9.795165,79000
10.7987175,1.211396,-0.5191398,3.6389172,6.343127,64000
-0.22882636,-0.5387326,-1.0331966,4.781622,9.4633045,119000
0.28970262,1.2588345,-0.35602435,5.303411,10.498632,164000
10.55551,2.0084531,0.93722486,3.9690042,6.8632336,187000
-1.1449151,-2.9852157,0.8875103,3.4288259,1.2844071,69938
-0.3058853,-0.348895,1.4614336,3.9084694,1.6893486,84579
0.66573393,-0.14206137,1.6172799,4.4409127,2.0065196,127050
-0.02408575,-2.3839755,1.3381379,4.2765484,2.0449183,67000
0.003839981,-2.316855,1.3902787,4.3092675,2.087482,57800
-0.32200953,0.8951427,-1.6390146,5.768306,11.206878,149500
-0.24222158,0.50713766,0.33171043,3.10452,-0.30294973,83000
3.306572,0.66986406,0.55481577,4.6196933,6.506062,137700
11.391991,0.11806043,-0.19484262,4.273127,6.5238833,155000
11.3936,-1.7473441,0.5569036,4.743016,7.253783,124900
10.820156,1.5031404,-0.7312755,3.2024803,6.427846,115500
-0.3137832,0.89948994,-1.6805506,5.7959995,11.221053,111000
11.184187,0.6631234,-0.8148752,3.344185,6.40395,32500
1.2289314,3.3394132,0.41383356,3.5881777,7.3757367,184900
-2.7419515,-1.8292512,-1.3237232,3.7746816,10.139144,119899
1.7836539,1.644296,5.7859316,4.423319,5.049971,163000
-0.821753,-1.026638,-1.2074503,4.1253805,10.311441,129000
10.805822,2.0060482,2.0211196,2.316937,5.880524,94900
12.168488,0.36982304,2.420727,4.4838424,4.840419,206000
-2.6710293,-1.3152272,-0.8811481,2.7048516,9.703479,46000
-0.6393281,-0.56677634,1.3345457,3.8004856,1.4886779,124985
10.720166,1.8846961,2.0000756,2.8335645,5.5642047,114999
10.760938,1.949929,1.9701467,2.4116824,5.822595,114998
10.845642,2.0964615,0.95367694,2.5581992,5.7600513,79999
11.942427,-0.89643526,0.8916196,4.08845,6.398857,119000
-0.3730255,1.0910726,-0.36686513,5.1977158,10.310642,161000
1.3415134,1.837086,1.3183346,4.2345824,0.7173053,167000
1.3044374,-0.23448381,1.478013,4.7679267,1.8101066,166999
-0.3307438,1.310524,-0.82685465,5.353605,9.944484,284999
11.778714,-1.1099658,-0.59124166,4.1062355,6.836016,121990
1.0226986,1.0446225,-1.7307698,2.6474538,2.182883,89900
0.06788433,1.2711859,-0.3485564,5.637391,9.726479,220000
11.205577,-1.5981934,0.77766204,5.1090145,8.079783,115000
9.812822,2.3172345,1.2008922,4.298673,7.6403832,1180000
0.7384196,1.8535941,-1.1929781,2.575954,6.3386974,176900
11.44181,-1.6503187,0.65591896,4.5826416,7.1967545,105000
-0.29071707,0.50822145,0.54411364,3.1464696,-1.2524189,96500
0.507707,2.6978035,-0.16091383,2.7434142,6.8917494,85000
12.968111,-0.9415616,0.7415642,3.492034,5.970254,97000
-0.9466351,-1.2690991,-0.21802627,3.1004684,10.315157,122000
0.53591025,-0.7810062,1.4633195,4.329153,2.289091,223850
-0.3063404,-0.50321215,-0.92897606,4.7325006,9.46775,210000
1.1219689,1.3398067,-2.459728,2.7019832,6.0590715,50500
-0.9529314,-1.4970798,-1.1479944,3.5031152,10.462298,159000
0.085220955,-1.4689217,1.5492522,4.2472124,2.3331792,82800
-0.039111152,-2.3667068,1.3496633,4.2668233,2.056092,69500
0.64112484,-0.70694506,1.708435,4.5483384,2.3457108,115000
1.2076197,-1.4268771,1.1028805,4.6853914,2.2147791,88500
0.31009865,-1.8093239,2.126702,4.8615484,2.3967931,106000
0.34657553,-1.6214554,1.8627938,4.665548,2.3915832,91000
10.758331,2.1867068,1.3684301,3.3430033,6.913558,129999
-2.0095634,-1.1907514,-0.84628296,2.5511894,9.9068365,96000
-0.8301184,-1.0099444,-1.1012216,4.2217975,10.176538,129500
10.8361225,1.553597,-0.8118614,3.133302,6.3715053,81000
-0.8528477,0.6679615,-2.1520567,5.8669853,10.485032,149000
12.165366,-0.14193372,1.5062202,3.2355976,4.8767185,27000
-0.31803992,0.41145194,1.9450992,3.7339978,0.27655038,96150
0.4240453,2.9587271,-0.026968313,2.722826,6.8550525,180000
10.692167,1.8407474,2.0753841,2.907385,5.506324,66000
0.18225935,0.10107776,3.9662168,3.123905,6.5406895,120000
0.36749387,0.42752725,2.5252964,2.9574993,7.299435,162500
-0.48723963,0.16156411,0.665604,3.2051058,-1.0749388,95800
1.26084,2.9195292,0.542813,4.053749,7.9140606,375000
-0.0076536257,0.7899319,-0.20148791,3.0521975,-1.0841153,90300
-0.47010913,0.38552025,1.1313953,3.2899776,-0.81796914,126500
10.771507,1.711457,1.5941159,2.988924,5.4287715,110000
12.000195,-0.70030046,0.69543535,2.9742978,6.3909044,67500
0.30117953,0.26214603,1.913134,2.758683,6.8914,73000
-1.0111414,-1.203096,-0.34658468,3.7237608,10.05694,120000
11.968088,-1.4308155,1.0068111,2.9702377,6.2908287,83500
-1.7924461,-1.190278,-0.65202487,2.5153022,9.820776,75000
0.16222006,0.47173116,2.3117359,2.8967414,7.095654,130000
-1.8892409,-1.2552869,-1.0130758,2.025939,9.752255,73500
1.4384559,1.4443756,-2.1071749,2.818086,5.760851,77000
0.0056352587,0.72478896,-0.24078535,2.9844582,-1.2406303,104500
10.903086,1.4987825,-0.8119486,3.1622808,6.359929,72500
10.649251,2.3878398,-0.2500344,3.2141047,6.2321053,159999
-0.14533949,0.68504804,0.103058785,3.0386114,-1.0362135,89747
-0.7586471,-0.99512887,-1.0837831,4.167078,10.199431,152708
-0.7842236,-1.044899,-1.078143,4.0973816,10.243011,172708
-0.15266582,0.5660332,-0.9656571,5.033771,10.45655,316908
-0.024126267,0.7891041,-0.17981718,3.0522287,-1.0947719,89460
12.878635,0.70052904,2.4249094,4.575144,5.486448,149900
10.732861,2.314615,0.73015213,2.3362448,6.9638042,229900
0.10929654,0.67669165,-0.32138997,5.681421,10.354011,89000
1.222328,1.1371588,-2.0823066,2.3564887,5.968867,52000
0.5497705,0.4683165,0.9749637,2.8467646,6.001381,92900
-0.4753181,0.1927857,0.6707814,3.204364,-1.0806439,91800
11.970611,-1.5573263,0.84892017,3.1962917,6.3404355,66900
11.624359,0.23093098,0.2842425,5.328944,8.423708,114000
11.929326,-0.06808776,2.3754675,4.742206,6.6443944,95000
11.91882,-1.511413,0.03469873,4.0844536,7.120673,178000
0.6645516,1.1056038,1.66252,4.3414726,1.2758789,147920
-1.7751186,-1.7148944,-1.1792672,4.4574103,10.081125,96990
-0.003435738,0.6392478,-0.17644502,2.9364529,-1.2415925,103000
12.085013,-0.07071488,2.624218,4.567225,4.7981963,125000
-0.55022633,-0.5718571,6.469001,3.2447133,6.211727,108000
-0.54480356,0.45567888,1.5547763,3.5319557,-0.2321435,83000
2.2725613,2.7999756,1.4726678,4.0540004,8.054685,490000
1.1300976,2.028409,0.714163,2.1317694,7.125168,189900
-0.27290273,0.60942173,0.4147019,3.1222298,-0.92220557,80000
11.27301,1.7167664,1.7198853,2.7661579,4.918647,85000
0.04862501,0.53513217,-2.2175748,6.0355773,10.531064,92000
0.5516522,0.4661655,0.98593885,2.849057,6.0098534,92900
-0.3072861,0.51069546,0.5585808,3.1423726,-1.1668068,97000
1.2795241,1.2277753,-1.2146659,2.1409583,5.6580358,145000
1.9016795,1.5286418,6.1766777,4.446093,4.9353275,137040
0.13091893,0.7897798,-0.02013008,3.0712574,-0.9682686,76000
11.244249,-1.4116845,0.7395897,5.140787,8.041524,164900
-0.3079384,0.5534243,0.5484918,3.154718,-1.0599251,82900
1.4842961,1.3818289,-1.8678992,2.708367,5.709294,75500
10.845782,1.907776,1.8300167,2.9350104,6.8176417,265000
-0.021272862,-2.3837252,1.3367993,4.278499,2.0438566,67000
0.3392059,-1.712116,1.8976115,4.720155,2.4219031,78500
0.118479006,-1.3855097,1.5533539,4.272154,2.3436856,98700
0.89195883,1.4240232,1.6082702,4.173901,1.2171922,165000
-0.89824706,0.845265,-1.0000831,5.855805,9.596832,154990
-0.28545827,-0.56738156,-1.0762178,4.817719,9.431473,184000
12.031091,-0.6104602,1.6468011,3.5350578,4.521124,69950
1.005844,1.0504651,-1.7276306,2.6265907,2.1573737,88900
-1.3707601,-2.141821,0.023541188,3.0163612,1.170342,87750
1.270002,1.8435422,1.510749,4.433501,1.5375053,220000
-0.19711655,0.09726467,8.463094,3.2174928,6.956786,92279
9.595302,4.03528,0.85377,4.0425696,6.6616354,349999
-1.8101559,-1.1356195,-0.5939112,2.6293108,9.874305,50500
12.0856495,-0.94295233,-0.671561,3.6656413,6.832353,125000
-0.31779602,0.4838285,0.5859211,3.1522968,-1.2783785,81900
1.0234754,0.31166616,4.381966,3.523845,6.425655,127272
-0.7463096,-0.2986877,0.9196835,3.4635828,-0.6779787,113000
0.09498328,0.83103955,0.047047485,3.116189,-0.9318425,58677
0.0888279,0.8415079,0.0717175,3.1536372,-0.8935218,76700
-0.40977517,-0.7347486,-1.064873,4.6026106,9.542748,123900
-1.7952383,-1.7410775,-1.1498737,4.546133,10.045223,85000
1.1368072,1.1691747,-1.6789485,2.183642,5.995114,91000
1.8028634,2.898168,1.2599359,4.36534,7.7631335,319900
0.2109465,0.8132062,-0.49252495,5.2489543,9.768563,209000
1.8097403,1.474513,-2.4909046,2.7878225,5.188836,159000
12.07388,-1.4747247,-0.46800137,3.9217832,7.0209956,106000
-0.23023745,0.75714064,0.29830962,3.0617633,-0.6537871,92500
11.033151,1.9952921,1.169551,3.4632215,6.5941615,365000
10.568178,2.1151805,0.037182022,3.5745459,6.104968,195000
-0.96687925,-1.143226,-1.1382976,4.624356,9.779201,75000
1.0111012,1.053888,-1.7302887,2.6263652,2.1426876,88900
-0.38382086,0.40464473,0.61889327,3.1898983,-0.96301454,87500
-1.373538,-2.1445868,0.032040652,3.0233123,1.1716759,79200
12.434013,-0.5720188,-0.5883453,2.746879,6.7281575,105000
2.4409294,1.4655879,1.2932254,2.3138576,7.685964,298000
-1.3038391,0.6587827,5.9673266,2.9555054,6.993356,76033
0.6454444,3.0968478,0.8647043,3.7555614,7.540694,145000
1.0092864,1.058197,-1.7332603,2.6180625,2.1854055,88400
-1.1867367,-2.667632,0.6376197,3.119684,1.2736093,78900
-1.9037206,-1.5920432,-1.3147314,3.842675,9.920121,75000
-1.2645547,-3.0243142,0.80313414,3.2092144,1.2025055,97500
-0.81834304,-0.39441347,0.74849373,3.3781178,-0.99461806,77900
11.900482,0.20226444,2.0864146,4.493603,6.8032107,98000
-1.3669585,-2.1681287,0.068299696,3.035295,1.1785022,88000
-0.037449636,1.0592073,-0.3942227,5.706705,10.259523,99000
-0.6134661,0.99602145,-0.86223876,5.827732,9.795189,165000
-1.3839313,-2.1730034,0.04405864,3.0371625,1.1877047,86900
-0.06515761,0.7101151,-0.15428604,2.965528,-1.1628975,76725
1.9031508,1.5325631,6.220258,4.432759,4.9525313,157900
12.240802,-0.76301175,0.5521571,3.3892665,6.852177,110000
0.07806729,1.9175546,-0.022722524,2.7251062,6.778872,170000
0.14200652,0.7913649,-0.05239013,3.0710723,-0.96881294,68740
-1.5265634,-2.4718044,0.16743927,3.2307012,1.4674315,53390
0.71261185,-0.14619856,1.6049175,4.461833,2.031537,162000
-0.93709224,-1.1232438,-1.1294242,4.616783,9.776645,65000
1.30469,-0.23654258,1.4738792,4.7606287,1.8105819,128000
11.874419,0.7541238,1.4326388,3.6263402,7.5955215,125000
0.22337961,-1.7225006,1.9020241,4.6946545,2.3613393,128000
0.12513383,-1.4438334,1.6291589,4.2461486,2.3586621,97500
-1.2607287,-2.8696413,0.69842595,3.2147853,1.1805112,57000
-0.3041447,0.49727196,0.5564626,3.154877,-1.2483308,77500
12.097753,-0.85726756,1.5258296,4.0048656,5.222638,73600
-0.34418982,1.0687675,-0.41973403,5.246555,10.611034,159000
1.1129175,1.6135782,1.5119565,4.066294,1.1941332,125900
-0.18202326,-0.18031317,6.888656,3.1868954,6.7358937,93225
-0.08957413,-0.2919074,6.913697,3.4107103,6.512161,101765
-0.069413304,0.115832485,8.247707,3.2794225,6.96698,76472
-0.30360597,-0.4493978,6.790897,3.3438733,6.4355097,87360
1.9144182,1.518609,6.1987867,4.4636664,4.8389983,148700
-0.4802094,-0.20560583,5.517604,3.0575502,6.543485,67700
-0.2837274,-0.36845818,6.9135547,3.2432091,6.589828,85200
1.9931914,1.4433742,6.234221,4.5329366,4.8271265,134330
-0.35514408,-0.4710428,6.6985083,3.2984643,6.401792,68600
1.9206346,1.5020999,6.168908,4.4512815,4.989243,136085
-0.14219108,-0.35582677,6.9470844,3.3929977,6.530015,122000
-0.19182801,-0.29734424,6.95398,3.2880225,6.64771,84900
11.480049,-1.9327681,0.45041797,4.487858,7.1091375,96000
-1.4720817,-2.4649816,0.22880585,3.1613188,1.3895649,77000
1.92252,1.5159028,6.2294664,4.493617,4.840716,123250
-0.1787583,-0.11047702,6.8472176,3.0764017,6.838667,92925
2.0392733,1.300656,6.7006593,4.1914682,5.878873,155057
-0.59438574,0.36880878,1.3950796,3.2883465,-0.96723115,90500
-0.2671341,0.103059754,8.475905,3.187368,6.9298263,80992
0.007499309,0.669228,-0.20983323,2.9545329,-1.2595807,95000
0.8624197,2.717086,-0.19946243,2.946432,7.0533843,129770
1.3004183,1.8208445,1.3787946,4.1536884,0.82357264,98280
11.584295,1.2694261,1.7201759,3.2648246,5.153905,120000
-0.055303525,0.7004786,-0.1360957,2.9673672,-1.1625459,68740
-0.015311676,1.2152072,-0.3599445,5.669539,9.86232,247000
-0.61778194,0.35371807,1.6979122,3.520215,-0.6066753,78800
-1.372364,-2.1428573,0.023102436,3.0184462,1.1760788,75150
12.071891,-0.070308395,2.6336105,4.5666285,4.786386,122000
-1.3548012,-1.2249897,-0.33780804,3.81184,10.155072,87000
1.2804612,1.8567309,1.5026873,4.433635,1.5200866,189000
0.83881265,2.7134826,-0.19001502,2.9248965,7.044837,117559
0.036358636,0.63688534,-0.13763116,2.9199839,-1.2779399,76800
11.431398,0.2117307,-0.9039175,3.3312242,6.430432,95000
11.471869,1.131729,1.6332942,2.8226297,4.464798,55760
-0.29959953,0.5773555,0.50040454,3.13403,-0.9756138,76500
-1.4126712,-3.0706103,0.67646,3.3302348,1.0596598,73500
0.6021306,1.3962096,-1.4040941,2.5980256,6.4166574,117500
1.1528542,3.1834033,0.25725737,3.3475578,7.493927,149500
0.124579996,0.85234207,0.0074979374,3.1490164,-0.871442,73500
-0.41025808,0.24555585,-1.0216749,4.913472,10.910648,220000
-0.046457134,0.13489419,8.129293,3.3127599,6.9188356,103306
1.177046,1.6926196,1.4620374,4.062015,1.1329821,135000
-0.36235473,0.11998476,8.527877,3.1356006,6.880963,96281
-0.958041,-1.502368,-1.8090163,3.651797,11.2814665,92000
0.61971295,3.1203768,0.36118332,3.2401974,6.9902883,155000
12.813971,0.6263309,2.4269884,4.601229,5.576475,115900
-1.2004174,-1.1616286,-0.38284147,3.781106,10.092422,88900
-0.509903,0.2772764,1.3296957,3.3729496,-0.6492389,88000
-0.24097033,0.74603987,0.31716537,3.0544112,-0.6320521,88000
0.34536216,-1.7712362,2.0246677,4.810369,2.4215531,92500
-0.60191864,0.29752874,1.4373428,3.3451405,-0.87653625,105875
2.1334717,1.2923442,6.7754836,4.267542,5.6191306,118755
-1.2756348,-2.632883,0.53101563,3.159005,1.2624911,70500
-1.3291271,-2.4852855,0.39003798,3.160803,1.3378699,69600
11.26624,1.5296319,1.8019438,3.306708,5.056806,126000
11.936771,-1.2162588,0.7541107,3.8162615,6.712992,122000
1.1385376,1.6423713,-2.218719,2.393678,5.247495,85999
-1.3174337,-2.4841714,0.4011523,3.1557047,1.3265603,68700
10.233858,2.3685608,0.38847703,3.937853,6.8718915,278000
0.97809386,1.0241232,-1.7079606,2.612932,2.20522,61900
10.983331,1.5747678,1.643914,3.2237153,4.788955,155000
0.99559015,1.0403334,-1.7361176,2.615513,2.228682,66500
0.2258015,0.3975112,2.1697254,2.8271432,6.994076,85900
0.1854982,3.5849643,1.1983087,3.5728886,7.185322,80991
11.25321,0.41015425,-0.030401755,4.314698,6.5674496,179900
0.2547518,0.68571067,2.5592835,2.957147,7.2770185,149600
-0.3831526,0.25562593,-0.99777985,4.8413835,10.908293,214000
0.87232035,2.249632,0.6739404,2.3123226,7.146264,248500
-2.9534402,-1.8423489,-1.2791952,3.993832,10.279284,74900
10.043324,2.3306386,0.9697658,4.4172835,7.3085995,308000
10.107009,3.5528882,1.1696014,4.0332413,6.522382,130000
-3.0376093,-1.8698273,-1.3672829,4.1398387,10.26241,73000
0.54218626,1.4109775,-1.1220144,2.623444,6.52944,124000
11.298161,0.33184245,-0.07026991,4.302774,6.603006,199900
2.1211076,1.2515818,-2.5511239,2.988039,5.4401026,130500
0.3394257,0.950806,-0.19288816,5.372394,10.589252,129000
0.14114507,0.77006346,-0.049604297,3.0557756,-0.9693156,112500
0.644841,3.1276543,0.32718936,3.2687163,6.9811397,160000
-0.29918683,-0.70236415,-1.0314054,4.6087346,9.503883,103000
12.8395405,0.63288903,2.44448,4.6144314,5.5576367,91000
1.9888289,1.4400655,6.23719,4.5235157,4.8533044,105840
-2.944717,-1.8405427,-1.268497,3.9974332,10.286642,75000
-3.039506,-1.868354,-1.3706639,4.1430287,10.261937,73000
1.4840513,1.4096094,-2.212331,2.910257,5.7906375,69800
11.2827635,-0.75895345,1.487621,4.050314,6.4828134,100000
-0.24334708,-0.63866407,-1.0378791,4.6740007,9.463849,110000
1.1614783,2.1034563,0.9311812,2.838759,7.1760535,205000
-0.04431813,-2.3453875,1.3563546,4.2581,2.064021,69500
10.858451,1.7093832,-0.12279102,3.5942578,6.8153796,124990
1.0644284,1.9302921,1.5095844,4.4396405,0.8070724,94000
2.1288698,1.2518291,-2.5655637,2.9939656,5.437891,72000
1.317895,1.8867419,-1.8186072,2.7265918,5.693411,225000
10.836352,1.9395071,1.5627128,2.4846973,5.7519493,135000
12.23624,-0.9931863,0.35214207,3.4926846,6.9059772,124800
10.536124,2.363705,0.7155172,3.8561802,6.947134,259999
2.050893,1.2889242,6.7348332,4.1960154,5.864593,130200
1.7025332,1.5508794,-2.6029692,2.6640022,5.1153803,81000
-0.109226145,0.061929736,7.6587257,3.2736778,6.830012,85819
11.774434,-0.28686363,2.2419343,4.7344174,6.6018863,130000
-0.7830953,-0.74786896,6.4300027,3.20561,5.9909368,85124
-0.7242528,-0.70078135,6.4649453,3.2320259,6.0484996,73550
10.448379,2.5720532,0.05949418,3.078898,6.4295034,147000
0.7517031,-1.8449279,1.345654,4.635967,2.250778,98000
0.086577184,-2.2978218,1.3047512,4.3171053,2.070577,68700
0.5098642,-0.8314356,1.4316404,4.2955413,2.2670283,119900
0.15223233,-1.4566805,1.6815767,4.392131,2.3939152,96150
0.34115085,0.21801578,2.0149016,2.8204217,6.9837303,122210
0.98390216,1.6092805,1.7293291,2.8550067,7.4472365,174240
2.1958191,2.046963,1.1748027,2.7641473,7.69579,412000
1.1429545,1.9831167,0.77724725,2.146387,7.0852375,174240
1.153394,-0.6223073,1.472455,4.7291045,2.0432472,93900
0.6543107,-0.7235003,1.6851648,4.5405073,2.3919413,268000
0.72342706,-1.8703626,1.3899508,4.664092,2.2741842,79000
0.7319717,-1.8634162,1.3535582,4.6290083,2.2520003,103000
0.61523134,-0.80919975,1.6267546,4.480822,2.359846,154910
0.62998426,-0.84275717,1.5901035,4.468488,2.3290133,163000
3.4582503,0.58808786,0.57423013,4.6705723,6.480304,85000
11.716569,-0.6067915,1.8499364,4.2646346,5.1599827,115000
-0.73178595,-0.5692938,1.3632121,3.8205874,1.54542,127000
11.697611,-0.70711493,1.7060595,4.121555,5.1283627,57000
-0.6450898,-0.5796827,1.3253775,3.7974715,1.4751478,138500
-0.03364543,-0.15234697,-0.43438518,4.7806005,9.781312,133500
-2.1420834,-1.5998985,-1.3854812,2.9383016,9.75776,59900
10.786849,1.7568341,2.0352638,3.2958863,5.4289503,182000
-1.1251957,-2.9769738,0.894922,3.436639,1.2983407,89900
11.564008,-0.78356963,1.1100147,4.1554127,6.2882185,100000
1.3008503,-0.23843607,1.4728601,4.75951,1.813657,128000
0.8688307,-0.120371,1.6457756,4.5793533,1.9356024,132900
11.723435,-0.33656156,2.1637018,4.744721,6.569888,139800
-1.093974,-2.6981976,0.7673214,3.387845,1.3412199,66000
-0.87358207,-1.0793635,-1.1202677,4.423393,9.974631,118000
11.493206,-1.9293996,0.44626713,4.4709826,7.114107,61000
11.799677,0.46526873,1.4880908,3.1173933,4.992443,37000
-1.0415573,-0.79387033,1.1042898,3.6150825,1.3951129,95000
10.947381,1.5989003,1.7890959,3.2196574,4.7804184,103600
-0.6978512,-0.52850986,1.3842863,3.8048685,1.4867371,125000
0.9273245,-0.20253196,1.6401517,4.6218657,1.9688336,165900
-0.97279865,-1.1498845,-1.1370828,4.6161795,9.783695,65000
-0.6264853,0.115260996,-0.9246877,5.3384914,9.5004,145000
10.980221,1.5388644,1.8894702,3.3466907,4.936494,159000
0.21323434,0.07242906,4.149008,3.192503,6.473527,127500
1.1504942,-0.659476,1.4662064,4.731554,2.0564365,99500
11.457385,-1.7606028,0.51353234,4.695185,7.180653,130000
0.88779336,-0.1682488,1.6169673,4.5886483,1.9837742,162000
-0.8205415,-0.59384125,1.335624,3.7619352,1.5188024,120000
1.6905913,2.8720515,1.1799508,4.316289,7.73678,1128206
-0.33445764,0.93391126,-0.4348701,5.26988,10.44944,125000
1.4507625,2.98861,0.72306335,3.99082,7.838853,802169
10.561277,1.4984577,-0.06811579,3.7592757,6.5955057,95000
-2.3127406,-1.6162518,-1.3325131,2.9898705,9.759493,59900
0.3215664,0.16269581,2.199141,2.8439205,6.970301,127500
11.235869,0.66337955,0.41814587,4.9440436,7.855566,195000
0.406544,3.4586768,1.132923,3.7010808,7.3539047,230000
0.83241796,3.3807685,0.13485025,3.2456844,6.9400163,75000
11.266948,0.94900405,-0.6179253,3.0800753,6.684347,122000
0.6233111,-1.7238928,1.4833611,4.614628,2.2879152,120000
10.694664,1.4621769,-0.32391438,3.6780553,6.4512825,110000
-0.2816157,-0.46663257,-1.0270768,4.8845673,9.393935,106000
10.993762,-0.035974275,0.2345408,4.500429,6.7587643,138999
-0.8051727,-0.61192775,1.3101063,3.7763407,1.495508,120000
-0.15375358,0.5186348,-0.36958534,5.165913,9.864599,170000
12.20198,-0.21042548,2.6776276,4.745715,4.8257613,78000
-0.35736448,0.46559897,0.82089025,3.206304,-1.110994,108000
-0.44650567,-0.3159041,-0.9283742,4.986712,9.438524,128000
12.016791,-0.6845605,1.6309634,3.6205413,4.6305103,60000
0.60618365,2.5701654,0.22464472,2.8143306,7.0469394,159000
-0.31985065,0.44221386,0.45722044,3.1334617,-0.35532206,80000
11.964174,-0.6046631,1.3157078,3.8955228,6.4094105,125000
-1.8188639,-1.6633214,-1.6934785,2.3570857,10.133051,64900
10.404359,2.0022302,0.39339286,4.172067,6.7584248,269000
10.8236885,1.9847779,1.771357,3.13956,6.5706253,135000
10.636035,1.442972,-0.23549421,3.675353,6.5231624,250800
1.277331,-1.2726278,1.0508313,4.686383,2.2380235,142000
1.1165618,0.3183098,4.3308344,3.5844011,6.3511767,85124
0.94905424,1.6424087,1.7478416,2.8581598,7.454962,169900
-0.41324583,0.00012653579,-1.0172142,4.6948605,10.649122,149000
10.682475,1.4202187,-0.45504916,3.5603852,6.4085584,200000
-0.9216819,-1.2418528,-0.5850028,3.448204,10.294876,129900
-0.40408048,-0.40956172,6.194317,3.2378378,6.340185,120000
0.49910054,0.304683,1.3288776,2.8111289,6.322733,143800
-0.10666181,-0.2094543,6.8839145,3.2057111,6.790326,85124
-0.112643875,-0.22511405,6.8849716,3.2192855,6.779357,91736
1.912052,1.5200378,6.1766706,4.486678,4.877526,119835
-0.120106824,-0.23738019,6.861995,3.2027488,6.7962093,89256
-0.3415151,0.94026643,-0.48105833,5.2193623,10.517911,170000
11.329252,1.5508231,1.4488332,3.2143025,4.533664,85000
2.2209473,1.266743,6.928298,4.260861,5.6472797,144628
-0.045477334,0.13274941,8.1406,3.3105552,6.9246664,76033
0.3062729,3.5219352,1.1701424,3.6592443,7.2870874,185000
-0.32404244,0.11978302,8.526323,3.1582885,6.9030313,87000
2.0142922,1.2834014,6.6862807,4.172381,5.922057,122314
-0.3303019,0.12682955,8.540182,3.151398,6.9008594,89450
1.8580694,1.5942032,6.052106,4.272404,5.8290544,150945
-0.32717112,0.12399183,8.536396,3.154708,6.90409,93438
-0.20531742,0.09517642,8.479671,3.2113442,6.954565,76264
2.0597358,1.2886693,6.7476625,4.1998076,5.85605,127273
12.413451,-1.0597184,0.9966183,2.7206707,5.848515,56000
-0.44517452,-0.21752386,5.480942,3.039948,6.5470324,58660
1.9189692,1.5090182,6.209247,4.4249773,5.0206547,113025
-0.0784588,0.08502149,7.7023063,3.2886899,6.813933,102479
-0.10198267,0.06816731,7.67691,3.277425,6.8319664,93388
0.2953946,0.15410258,2.3084693,2.8588955,7.0037813,88400
0.06015551,0.5907912,2.5782857,2.8245742,7.02348,106000
2.5424404,1.8536662,2.6442673,3.7892811,8.360913,176000
0.08338101,0.18594679,7.7095833,3.3826666,6.7888536,90000
2.5588524,1.7582004,2.6711965,3.7511036,8.341983,164500
1.8106627,1.3163273,6.2506475,4.0983934,6.3179407,173554
-0.34169424,-0.46487817,6.643096,3.30899,6.381187,91800
-0.14135689,0.023185259,7.569929,3.2614293,6.810933,88620
1.8442159,1.3721576,6.164178,4.123216,6.313975,324000
2.2115362,1.2734137,6.917882,4.25577,5.645772,115702
0.53759253,0.16054392,2.312868,2.9511843,7.207295,130300
-0.07045126,0.11724055,8.219641,3.282453,6.9546437,76860
2.1148937,1.2615355,-2.553126,2.9936264,5.4404483,144000
-0.110309176,0.060763177,7.6572604,3.2718449,6.8305635,93388
2.5620048,1.7399278,2.6915486,3.747026,8.338322,151500
0.010006508,0.15115704,7.8334985,3.3380637,6.8435874,90500
-0.3545239,0.12474564,8.552045,3.1407292,6.8867006,94000
2.5593343,1.7536654,2.6738987,3.7487133,8.339247,165500
1.0277517,-1.528993,1.2060113,4.654131,2.2114804,98900
0.8014874,-1.8095146,1.2940202,4.5955715,2.2122731,94000
0.73783493,-1.8405838,1.3426273,4.6281285,2.240018,95500
0.017137317,0.5684354,2.6239002,2.8075142,6.968679,112530
0.3217547,0.23001021,1.9202951,2.777754,6.921938,101640
0.5231213,-0.8135577,1.4458706,4.3104577,2.2679727,135900
1.8981584,2.0446455,1.1507324,2.6186078,7.6273494,416240
0.22114328,-1.2145287,1.521435,4.218298,2.2923322,86900
0.30247962,-1.5464005,1.8279674,4.605564,2.4365106,107300
-0.045188855,1.2144567,-0.43437573,5.7294474,9.865597,231000
11.19213,-1.5067868,0.6560211,5.5401807,8.413969,175000
10.5973625,2.3593485,0.25783253,3.2840488,6.1784244,230000
10.59541,2.3112235,0.16879651,3.4083407,6.0396786,235000
0.35768655,1.2607497,-0.53767145,5.235363,10.336197,250000
-1.2788625,-1.179175,-0.18971308,3.7305999,10.137641,96900
11.111603,-1.7132491,0.6711357,5.5264206,8.265905,290000
-1.4833226,-2.3424432,0.09043617,3.1233876,1.297376,58900
-2.9664052,-1.8599416,-1.3015558,4.0147142,10.284532,110000
10.103313,2.2055352,1.0269982,4.299352,7.3136973,450000
10.790175,2.342004,0.50234723,2.4805186,6.7796717,299000
12.219357,-0.6011435,0.781847,3.1110249,6.860852,145000
11.880141,0.7898331,1.4047143,3.6747746,7.583636,117000
11.768124,-1.516941,0.28905252,4.253761,6.960317,75000
12.228002,0.9110507,0.7738188,4.3511853,8.253248,89900
11.887675,-1.3271574,0.25792083,4.0882077,6.974971,125001
1.1319265,0.3210854,4.324039,3.5941544,6.3426046,73554
1.0129875,3.4791315,0.097025424,3.4387991,7.034153,209000
12.167469,-0.6920404,0.47254822,2.7789793,6.493589,126000
9.98051,2.688009,0.8249861,4.02332,7.222782,500000
0.64402354,3.1566913,0.31995723,3.239322,6.9699097,215000
-0.3275488,0.5239123,-1.736895,5.3115387,10.640557,133999
12.379065,-0.2853853,1.469062,3.1323283,4.7007837,64900
10.0883665,2.263218,1.1015226,4.0350146,7.496397,624600
10.835496,2.349459,0.6591071,3.2644634,6.1120872,165000
10.54171,2.4369009,-0.23386788,3.372646,6.084722,112000
11.933279,-1.5963682,1.0162551,2.9531143,6.219032,104500
10.47942,2.1333046,0.3615562,4.072867,6.7098227,290000
11.979912,-0.51616776,-0.05317587,3.3438385,6.701357,130000
10.878859,-1.572259,0.83364165,5.6454134,8.831779,273000
10.544554,2.4358788,-0.25335473,3.3574405,6.091593,110000
-2.5708306,-1.7835739,-1.4290546,3.6287048,9.919549,75000
5.203998,9.26514,2.130667,9.73071,5.870611,185000
10.615485,2.2906678,0.05376348,3.2462718,6.1564736,260000
0.34386683,0.20195352,2.0081995,2.8184528,6.9708896,124999
9.869739,2.1882892,1.0075458,4.2823477,7.3835926,599000
10.971187,1.4323144,-0.69625056,3.1603076,6.4303737,116000
12.173896,0.25994673,1.3186816,3.384914,5.6633897,130000
11.769482,-0.30486158,2.2496607,4.8153825,6.612729,170000
12.225315,0.8784459,0.7674043,4.318575,8.222121,120000
-0.1855217,-0.38522318,-0.7005971,4.674626,9.516616,117000
12.339415,-0.49904156,0.6043616,3.0374393,6.7433324,142000
11.413972,1.097812,1.4047722,4.1248493,7.432442,293000
11.753503,-1.3720324,0.2948103,4.1783257,7.042191,158000
11.729408,0.993052,1.4012126,4.040422,7.4882293,120000
10.684402,2.362424,0.07568675,2.9219131,6.1504107,175000
12.091632,-0.12114502,2.6071095,4.686241,4.9604383,154990
-0.95824176,-1.4918605,-1.810237,3.6453981,11.251443,122000
12.205232,-0.69065297,0.76938885,3.3299537,6.8008738,114000
11.8446245,0.71462524,1.4887701,4.056324,7.525019,125000
11.796621,0.7140266,1.461956,4.010016,7.5626416,115000
11.399835,1.3173754,1.4089273,3.9839768,7.2363963,365000
10.589655,2.426762,0.1534057,3.3617089,6.125228,173000
10.218464,2.1066604,0.9945867,4.229135,7.141535,580000
11.7630415,0.89499366,1.4210888,4.0233874,7.54286,189000
10.727799,2.320007,0.5958144,3.2979941,6.035331,185000
11.659348,-1.6461244,0.32498106,4.449804,7.252298,149900
11.2307205,-1.4980234,0.6376512,5.5234036,8.376844,330000
-0.9890922,-1.2896025,-1.3326677,3.8314245,10.596316,130000
10.667315,2.3282866,0.57962364,2.642103,6.683284,224500
9.676406,2.3514771,1.1915354,4.2860413,7.724285,1745000
11.395312,1.2975338,1.4173354,3.9682875,7.2777395,339000
12.219529,-1.4204571,0.97189415,2.790922,5.9131207,88000
11.241609,-1.4614614,0.7141184,5.172406,8.022219,179500
-0.17581016,-0.332447,-0.7064237,4.712676,9.512492,220000
-1.4332038,-1.201855,-2.1146083,3.4579382,11.373038,120000
-1.3265462,0.6196639,6.0045214,3.0116117,6.9466085,89900
-0.050383165,1.0564158,-0.42191958,5.6965985,10.277632,159000
-0.3509936,-0.74648976,-1.032844,4.560353,9.571107,129000
11.004604,1.3503952,1.8570001,3.1668224,4.521454,68000
2.3052282,2.1676478,1.7217406,3.5440552,7.909167,199399
-0.43506944,-0.456599,1.1964132,3.774527,1.8207496,93000
2.5448549,1.8394974,2.640687,3.7931573,8.36601,209993
3.3455257,0.6462743,0.61215407,4.6205473,6.4928036,185000
13.0467,-0.94704694,0.79070735,3.4538903,5.8668528,72500
0.7749287,-1.823426,1.3237618,4.6252327,2.2388508,106000
-1.0468689,-0.83675444,1.0846432,3.6226652,1.4125835,106000
2.54888,1.7726697,1.2736427,2.285403,7.6382685,310000
11.815304,0.79770285,1.3185909,4.1747975,7.6187544,199999
-0.36020446,0.30628425,-0.9843375,4.9093404,10.882791,275000
12.040523,-0.6166716,0.8075917,2.8569717,6.6394877,87000
11.66065,-1.6119614,0.36430985,4.377237,7.1812563,138000
12.001754,-0.85731936,0.805378,3.550843,6.814971,117000
10.783719,2.2572396,0.64720285,2.4624937,6.7419834,177000
11.370579,1.135067,1.4031203,4.1363654,7.425625,299999
11.344059,-1.3479019,0.59229577,5.429251,8.310137,175000
12.031799,0.6788964,1.2357552,3.9570067,7.803132,227000
11.363698,0.09185812,-0.16064404,4.308212,6.4941144,155000
0.28852856,1.05302,0.09336483,4.7170253,9.613083,199000
11.464926,-0.8165468,0.5261275,5.335959,8.404907,399990
0.40696028,2.7438796,-0.027567007,2.6892352,6.887522,206000
1.4990125,2.9067495,0.3238915,3.9150574,7.810316,550000
1.7545024,1.7379221,5.9483676,4.2316494,5.876646,245107
-2.3353405,-1.8305697,-1.6031235,3.8095374,9.599279,83500
1.4322232,2.483882,0.7819574,3.360281,7.8330307,290000
-1.7592359,-1.7716085,-1.1517427,4.502024,10.038267,107000
-0.31102574,0.8982525,-1.7083551,5.803436,11.213542,139900
2.304382,3.136787,1.3381552,4.5131497,8.24075,615000
-1.8016393,-1.74187,-1.1590877,4.525041,10.042177,85000
-1.8034278,-1.7451769,-1.1635499,4.5267177,10.04203,85000
11.923327,-0.7576211,0.057552382,3.8276217,6.839398,105000
11.857983,-1.6861675,0.49817786,3.6128597,6.9729037,93000
10.614643,2.4779065,-0.10726214,3.2396727,5.8713465,90000
10.789168,2.039247,0.38531527,2.717452,7.5662246,175000
10.044132,2.5185952,0.9011054,4.136275,7.2364497,457000
11.423221,0.8465829,1.8055732,3.3769393,4.7174196,84500
11.053662,-0.15258132,0.1568056,4.4516587,6.686242,79000
10.74488,1.92312,1.1591239,4.035609,6.5524654,180000
1.3147696,2.2608569,0.81919247,2.9072196,7.1444187,190000
0.8700905,2.485473,0.7011483,4.1520767,7.968901,330000
0.34292328,0.20720121,2.0670521,2.831716,6.9713163,133000
10.483131,2.0901406,0.3255238,4.0842605,6.6801014,154999
3.7854288,6.7840786,0.89547956,3.251211,6.9076486,545750
-0.05835077,0.5237752,-2.2180028,5.895497,10.58011,130000
12.035208,-0.69697654,0.65375394,2.9329302,6.404677,98000
12.432219,-0.4460379,0.67994416,3.4618993,6.2724547,170000
11.276388,0.35048229,-0.06529099,4.317255,6.5602837,183500
-0.32667616,0.99134314,-0.39413103,5.263383,10.451496,105000
3.4727035,0.5861564,0.5825715,4.672745,6.470754,90000
10.866828,1.9458263,1.5773592,2.452086,5.8545713,105000
11.408824,-0.46225592,1.8748577,4.437727,5.4706664,180000
-0.17709328,-0.4103889,-0.6787182,4.5710263,9.449048,127000
10.819444,2.2231522,0.91674685,3.5972362,7.0330176,125000
1.7595909,1.5322337,-2.3318036,2.852391,5.3255115,125000
11.221537,1.0814469,-0.59433365,3.054756,6.660561,112000
12.067091,-0.056097887,2.6092548,4.6148124,4.895714,133000
10.805081,1.7380158,2.0335233,3.348246,5.379063,194000
11.614592,0.78087807,1.5678737,3.7612588,7.409032,199000
10.634404,1.983308,2.1660433,3.221233,5.661026,121365
10.697167,1.9151021,2.0051918,2.8574762,5.541467,83297
10.64599,1.978978,2.170782,3.2151423,5.641033,114034
10.637031,1.9846505,2.1642652,3.2207398,5.656741,121117
2.130876,1.2902228,6.7661505,4.265903,5.6179543,114694
10.497843,2.0181217,2.1113975,3.3294547,5.928798,205752
10.631594,1.9903462,2.1696026,3.1440094,5.6635494,106992
1.930981,1.4693089,6.1890345,4.454627,5.0268683,130000
-0.17651723,-0.36830965,6.9447527,3.3609686,6.5398483,131500
-0.15995279,-0.3694812,6.939894,3.3880222,6.515855,122500
1.91011,1.4967332,6.0769534,4.293388,5.8022575,146000
-1.0438503,-1.521777,-1.7757189,3.5473692,11.3170185,116900
1.6199512,1.7400008,-2.5172956,2.6460207,5.313463,79500
2.135796,1.2579314,-2.558764,2.9998612,5.4360743,129000
-0.13120215,-0.4424115,-1.102549,4.908385,9.5044565,215000
12.308007,-0.87595314,0.37941074,3.3001475,6.932924,89900
10.60047,2.322952,0.7882667,3.9504657,6.9821744,269000
0.41296083,1.9768926,0.5114487,2.6594534,7.2233896,110000
0.74127716,-1.8451606,1.3522671,4.629649,2.2541122,101500
0.098116174,-2.2910445,1.3098018,4.326652,2.0743053,69600
-0.29255167,0.45573214,1.9137597,3.74524,0.24418859,99918
2.2638175,3.1478057,1.2830997,4.5163054,8.254511,659450
1.1572782,2.0182006,0.76450056,2.1333969,7.109377,230000
1.19327,1.7875252,1.641729,3.0339544,7.562645,326700
0.5701069,-0.74176896,1.6266545,4.473958,2.2863748,202000
0.15552795,-2.2354205,1.276902,4.343454,2.0847616,80000
0.3205753,-1.100537,1.4563887,4.181284,2.2708697,72433
0.6789564,1.412375,1.8018594,2.8815527,7.4963474,114950
10.68721,1.3759428,-0.52908164,3.6106188,6.3373966,48500
1.0878842,1.3513832,-2.459325,2.6703622,6.053793,52499
1.4539441,1.4133091,-2.2110438,2.935953,5.8282084,82490
11.389366,0.10228101,-0.29404506,4.1006193,6.4976697,93000
11.877616,0.7108074,0.63122004,4.62463,8.033397,130000
11.160469,-1.7122598,0.637559,5.4947286,8.134338,200000
-1.337617,-2.351486,0.3976046,3.3322065,1.487009,77000
3.32779,0.69288963,0.5812248,4.630996,6.495004,399000
-0.99707395,-0.85546744,1.166296,3.6797535,1.4742036,109000
1.2988547,-0.19687623,1.4912391,4.7720695,1.7892013,129000
1.311469,-0.17972219,1.4929304,4.7852845,1.7748336,137000
1.3010033,-0.20052074,1.5002779,4.7800493,1.7968892,139000
-1.1178806,-1.0345411,0.95744014,3.5153043,1.4491457,82000
-1.2481827,-2.4144628,0.45149082,3.2817771,1.4352869,60500
-1.0979176,-1.0121914,0.97506106,3.5288997,1.4560044,89000
1.0006118,-0.2394313,1.5467334,4.6282206,1.9806148,134000
-0.98372525,-0.82490283,1.142588,3.6741722,1.458706,96500
3.280833,0.6304517,0.68279725,4.5752463,6.509711,103000
9.977179,2.2853212,1.107146,4.268183,7.4601054,690000
-0.9730039,-1.1551986,-1.1172316,4.577533,9.827287,99500
10.9230585,2.371053,0.7165458,3.100434,6.3556347,179000
0.17666627,0.8665884,-0.051184572,5.019699,10.064565,136800
-1.1863707,-1.3620052,-0.5756346,3.0767844,10.5965805,119900
10.977397,1.7901276,1.177955,2.387824,6.204635,100000
1.3223149,1.7287345,-2.3700726,2.4333813,5.2715483,75000
-0.7783499,-0.99446744,-1.1496148,4.08625,10.347896,73000
2.1231713,1.2556334,-2.5642235,2.9936063,5.4357634,94500
1.8879861,3.0542536,1.0987442,4.3024516,8.204049,395000
0.0621358,2.0310986,0.054806877,2.7070026,6.896958,158000
0.63427454,1.4868876,0.6560628,2.4179485,6.8914013,174900
1.2826926,3.0139837,0.14188315,4.199993,7.9532504,410000
12.04315,-1.4948317,0.8891001,3.054005,6.2125416,56000
1.5532327,3.1749804,0.42943308,4.136004,7.9381547,590000
11.486385,-0.90388596,0.51067567,5.3694286,8.4714985,119500
1.5662365,3.1742332,0.34070843,4.164441,7.9647613,450000
1.5849801,3.1721747,0.35144964,4.131585,7.9693294,650000
-1.4832988,-1.4554822,-0.7186139,3.8368478,10.23435,174900
11.697504,-1.5477153,0.3695167,4.2966003,7.1894965,108000
-0.9445584,0.8536188,-2.1430154,5.5675964,10.78964,172999
12.816965,0.62607706,2.4437485,4.615958,5.5796156,105000
12.083951,-0.85884804,1.5199527,4.0263767,5.2399006,124000
1.1594553,-0.63243234,1.4668609,4.7318454,2.0494142,134000
-0.2911877,0.45492783,1.909889,3.743152,0.23884074,99472
0.44162515,-0.96057063,1.4229141,4.2618613,2.2498577,77900
1.1265656,1.7723451,1.6515005,2.9950738,7.5829167,287980
0.1687223,0.6016824,2.6835592,2.9280534,7.1518884,175000
11.328424,-0.85014665,1.425111,3.9741802,6.5637507,56900
-2.1167543,-1.5391632,-1.3579215,3.9712977,9.95251,77200
10.717004,1.9257704,1.5197302,3.5251265,6.670082,339500
2.251894,2.0231109,1.2265239,2.6903858,7.710545,330000
12.006234,-1.1063622,0.7709474,3.8032162,6.7106996,122000
1.9155016,1.4918053,6.290836,4.2141676,5.978442,231715
3.4982982,6.4740906,0.9119545,3.2524412,6.950912,439000
3.481106,6.4722505,0.913694,3.250539,6.948401,319000
0.06601851,1.2679878,-0.44107082,5.2418013,10.377187,149999
10.4831705,2.0225945,1.1868273,2.6608274,5.753267,223500
-0.26902866,0.77686375,0.3315357,3.0484786,-0.5893244,78264
-0.24003634,0.7543649,0.3127504,3.0524461,-0.6367419,73140
-0.04996154,-2.3734076,1.3457043,4.2571297,2.0506902,69500
0.2242474,-1.686872,1.8663138,4.6510067,2.3870177,78500
0.06574469,1.9522061,0.0026539955,2.7311187,6.811735,119000
-0.43789604,-0.7572892,-0.9832269,4.50857,9.668792,99000
10.972623,-1.542392,0.82267517,5.5352287,8.706561,249000
10.759848,1.7468225,1.6105134,2.925666,5.4856954,110000
12.192588,0.39344743,2.3963962,4.4580097,4.8761706,112000
-1.465092,-1.2578354,-2.1870492,3.4064987,11.426014,83000
10.602693,2.420844,0.12859051,3.3565216,6.0144973,180000
10.776313,2.3580866,0.51069987,2.4890938,6.8036156,185000
11.0629425,1.7354995,1.2998656,2.9434597,5.244195,230000
11.046691,1.7522621,1.2902122,2.944026,5.260706,260000
10.419894,2.4680934,0.5486576,4.017315,6.781371,299000
-0.042490177,0.13584276,8.15604,3.3109474,6.929814,108900
-2.3386683,-1.8519515,-1.5904391,3.7920213,9.584407,67500
10.426205,2.467123,0.5762998,3.9979033,6.787797,245000
11.984691,-0.9501021,0.7100505,3.5903423,6.9401097,179000
11.861348,0.68283707,1.2834797,4.1863403,7.6562896,184000
11.871715,0.72602165,1.3835071,3.9649417,7.63101,229000
11.3003025,-1.4103299,0.6112513,5.46664,8.32716,195000
10.576594,2.1537771,0.8452371,2.996208,7.601002,439000
-0.012639333,-2.3533912,1.3555884,4.2895107,2.0620897,69500
0.34608713,-1.7175145,1.8970413,4.7273026,2.4246123,78500
11.248111,1.1254889,1.5411105,3.612769,7.204363,329000
-0.6006048,-0.8475689,-0.9972105,4.5168333,9.683208,49900
12.296285,-0.7003296,0.52758396,3.3578267,6.8102584,124900
11.862527,-1.6844946,0.49959102,3.5931644,6.945583,79000
0.8871391,1.6451709,-1.3886518,2.8366818,6.251797,158500
-0.3022719,1.1371355,-0.29025918,5.0764203,10.084766,125000
-0.052816372,0.3685121,2.9005191,2.8182285,6.9572873,120000
11.858796,0.76549625,1.4477631,3.5945091,7.586095,129000
-1.6399354,-1.1132604,-0.92126846,3.8341696,10.243325,135000
11.951333,-0.009247647,2.3716455,4.698051,6.628711,142000
-0.31491414,0.5913343,-1.8958482,5.4240694,10.702931,95000
1.9223617,1.2984928,-2.5253153,2.953402,5.5142345,109900
10.739397,2.420438,0.01502976,2.9821947,6.4518895,95000
-0.3144932,-0.6101243,-0.718083,4.423267,9.516049,197000
10.86739,2.1464982,0.8489178,2.6863353,6.0303683,71000
-0.29069754,-0.38221335,1.4260662,3.8907354,1.7142031,89500
-0.31021577,-0.40170017,1.4045109,3.8815284,1.726714,114400
11.909919,-1.6641157,1.0170641,2.991885,6.2378225,33500
-0.6985315,0.48567784,1.6274514,3.5341973,-0.5354021,98000
-1.3181434,-3.0660722,0.7762086,3.242857,1.1697761,69500
-0.6657896,0.32374397,1.6256956,3.505557,-0.5078712,92500
10.347042,2.419508,0.8475695,2.2233195,7.6027827,122000
2.141508,2.063993,1.220778,2.1629007,7.523634,190000
-0.16987973,0.69694835,0.3015398,3.125052,-0.9183963,107000
11.98659,0.7925141,1.3193783,3.9010663,7.6104836,220000
10.825493,1.9965852,1.7767595,3.12292,6.582452,175000
0.61710554,3.1358824,0.3397294,3.2769248,6.9677625,215000
-1.6086739,-1.4738469,-0.8219361,2.1175387,9.729314,68500
9.690086,3.8124485,0.7703983,3.9728317,6.6811743,115000
2.197267,2.1872475,1.3758082,3.2082317,7.785345,355000
-1.0476766,0.565498,-1.3690203,6.040401,9.7066,136500
0.25496435,1.2638817,-0.9058206,5.3350353,10.344745,350000
-0.29608023,-0.34017584,1.4684882,3.9120634,1.7192799,78529
-1.3293675,-3.0758226,0.7699941,3.2515085,1.1681598,69938
-0.29440644,-0.36827096,1.4454646,3.9028802,1.709228,95300
-0.71720773,0.512614,1.5976897,3.5191746,-0.56587094,98000
-0.7296617,0.44950324,1.6312963,3.5213833,-0.51186293,78500
-1.0910408,-1.541394,-1.7418916,3.4776561,11.317362,115000
-0.5314932,0.3769703,1.1892291,3.2544918,-0.96606016,99000
0.5745641,-0.85742563,1.6061164,4.4475403,2.36391,195000
10.624664,1.8727095,1.4443214,3.683963,6.569897,278000
-1.3480599,0.70173776,5.891279,2.9229493,7.0274353,73500
0.20209168,0.9105972,-0.27389154,5.1151505,9.782254,244000
11.735405,1.0132009,1.385189,3.974456,7.4770737,129500
10.783389,2.0085351,2.0031424,2.3374333,5.916234,73550
12.100943,-1.4323032,0.94382,2.871691,6.085195,125000
-0.20707548,-0.2149687,-0.87758315,4.8264074,9.517717,336900
-0.2982921,-0.45142192,6.693575,3.3464465,6.3994126,105800
-0.31465685,-0.45017204,6.6610885,3.3275232,6.3929696,106200
-0.0688151,-0.28045106,6.902557,3.4318697,6.491515,111400
10.569833,1.9675674,-0.06271846,3.6707385,6.162763,92999
2.0351102,1.3894601,6.222056,4.577148,4.801909,132600
10.680115,1.9598001,2.1389236,3.2024283,5.6261435,115460
10.672484,1.9649867,2.1347847,3.217734,5.638707,113972
10.67529,1.9566847,2.1564658,3.1994245,5.614552,105664
10.684616,1.9322672,2.0934174,2.9210649,5.525139,89730
10.696617,1.9228373,2.0310206,2.8993692,5.5452385,83592
1.6130074,1.3835835,-1.9721957,2.7829022,5.6706147,136000
3.3534377,0.6645771,0.5812656,4.6451797,6.4732423,279000
2.040809,1.3672839,6.198698,4.575271,4.83184,117082
-0.36552417,-0.4849068,6.5871534,3.3009105,6.3448067,88466
-0.3255523,-0.45935822,6.653454,3.3253057,6.382179,87234
-0.440096,-0.4775549,6.5194035,3.2416136,6.3314004,78638
-0.38963377,-0.4830907,6.5764337,3.286352,6.343838,78582
-0.39835832,-0.50388306,6.5749917,3.2742922,6.3306985,76734
0.19779725,0.9198983,-0.26182765,5.119091,9.789906,244000
1.8619853,1.3774376,6.11467,4.112618,6.396913,209500
1.8336427,1.3506187,6.2034645,4.1131897,6.315716,191500
1.9068106,1.4881334,6.268855,4.212968,5.9876533,163500
1.9082521,1.4947091,6.272736,4.2118177,5.9924073,156500
1.8870844,1.3069463,6.466503,4.1391344,6.08683,148500
2.0281835,1.2813423,6.7235327,4.1837063,5.888661,136500
2.037472,1.2947001,6.7042093,4.1871667,5.8821445,130500
2.0574918,1.291746,6.740875,4.2000275,5.858201,128500
2.1373749,1.2817572,6.820538,4.2387295,5.716268,119500
0.41371432,0.30146,7.2662024,3.532183,6.626351,116500
0.4694198,0.34195074,7.2369714,3.5504634,6.6194534,114500
11.060297,1.8714525,1.348515,3.9466834,6.780232,235000
0.36674395,0.27831334,7.319059,3.5135746,6.641559,109500
3.3614488,0.7190982,0.6099731,4.6592684,6.4603796,349990
0.028284613,0.16936459,7.782407,3.3574216,6.81764,96500
10.472669,2.2988968,0.7690933,3.8698556,6.8769317,430000
11.609289,1.60985,1.1666992,3.6575232,7.3214073,95000
11.857913,-1.2729404,-0.14533778,4.0777564,7.0026855,89900
9.60645,4.012886,0.79120016,3.9847496,6.6236444,119999
11.468889,-1.9341254,0.4409505,4.4772544,7.0935264,124000
-0.015349356,0.99046004,-0.25798446,5.4926653,9.96757,170000
0.043982416,0.18331875,7.7601404,3.370616,6.80839,94500
0.009020492,0.15016323,7.8132577,3.3381634,6.8383756,90500
0.17879973,0.56346494,2.4601803,2.8956718,7.031734,120400
0.15037079,0.5907294,2.573112,2.8993473,7.0054955,116200
0.3369995,0.3703693,1.9892488,2.8414404,6.9766755,112000
0.12539898,0.65507495,2.6159098,2.911668,7.0066,107300
10.498022,2.2003696,0.8833621,3.7501628,6.9999146,445000
0.31920913,0.36851716,2.02214,2.841318,6.979912,105900
0.13720606,0.61064905,2.619729,2.8976214,6.9845667,103300
11.380669,-0.72419053,1.330401,4.2617927,6.198544,45000
0.13782114,0.61505604,2.6068141,2.895279,7.003507,100200
0.12583554,0.5717323,2.584777,2.8808067,6.9909368,98800
0.1256763,0.58259606,2.5815597,2.877445,6.999604,86800
0.13216646,0.52161855,2.5290723,2.8642247,6.9766083,74700
0.11219158,0.5930119,2.5816698,2.8710737,6.984499,67200
12.891776,-0.9277013,0.702553,3.5148177,6.0513005,170000
1.0219709,0.31415415,4.387385,3.520861,6.4371033,119835
0.26948988,0.35006,2.1074047,2.8181868,6.9381394,64000
1.929638,1.4373131,5.9810514,4.114783,6.535228,244900
0.89170617,1.418819,-1.5707017,2.3546276,6.157792,129000
-1.3984213,-1.1886044,-2.0271688,3.4653952,11.283967,123000
0.18482946,0.59871393,2.7721856,2.9671392,7.3033876,151000
2.5677066,1.7495655,2.693939,3.7537646,8.346799,147200
0.39172602,0.38492966,2.4948409,2.9571116,7.2878237,146900
0.13929106,0.544105,2.8271656,2.9398458,7.2509794,142100
-1.0759004,-0.7941277,1.0913513,3.5913677,1.3748815,120000
0.14088348,0.545218,2.824851,2.9412606,7.2568674,138400
0.54870445,0.15757266,2.3113635,2.955033,7.215145,125100
-0.041310888,0.39325154,2.9296715,2.8361776,7.01205,105100
-0.067254774,0.36955193,2.9638824,2.8281672,6.9779267,81600
1.9306508,1.4584974,6.1658955,4.438961,5.110756,145900
0.9408026,2.2794855,0.80317295,2.5007353,7.268218,144990
10.592056,2.144897,0.82674307,2.906022,7.614613,360000
1.9241885,1.5022423,6.201473,4.4752016,4.9042883,133900
1.6683676,1.1903552,6.403298,4.037263,6.3201747,125350
11.423763,-1.7437967,0.51327235,4.7192307,7.169161,92000
-0.05714056,-0.270772,6.915684,3.433018,6.503588,115450
-0.14329478,-0.10103803,6.8619275,3.1644218,6.773684,100900
-0.18696065,-0.2907144,6.953604,3.286597,6.6643667,88900
-0.17421646,-0.32164723,6.955062,3.326194,6.61156,87900
-0.17692491,-0.11386152,6.8238764,3.1398678,6.777079,83900
0.6762817,3.1746619,0.30125484,3.2968154,7.015768,235000
2.1026173,2.0758803,1.2237327,2.1679652,7.5417824,228000
1.245841,2.8363929,0.8204473,4.0390306,7.7294335,395000
2.2219288,1.2562201,-2.5630302,3.0126274,5.4041195,115500
12.298903,-0.7936306,0.5261578,3.4323285,6.7669573,124900
12.1699915,-0.0976584,2.6046314,4.8178854,5.2175684,105000
10.655686,2.3487372,0.56199074,2.654462,6.669243,195000
0.13646942,0.5651994,-0.60907704,5.4134293,10.305118,220000
1.2105987,1.1427711,-2.1008482,2.3560884,5.9711423,85000
1.0206174,0.3076871,4.3682384,3.524023,6.4179378,76033
11.378193,-0.91978836,0.13551822,4.5649257,6.729799,99700
-1.0130075,-1.4907012,-0.3064803,3.1486976,10.18424,115000
1.0187792,0.3070255,4.3618035,3.5258906,6.4093556,102479
10.820005,1.5134093,-0.8191228,3.1355197,6.3735814,81000
0.91740346,0.37394398,4.1672,3.4734082,6.4466786,71499
-1.1092854,-1.1833656,-0.39291844,3.768791,10.081059,109900
11.447138,0.26101196,-0.83998835,3.226292,6.506368,89000
10.072561,2.3714676,0.93391514,4.434862,7.2795596,308000
12.161609,-0.09349017,2.5908663,4.799113,5.205952,105000
10.863542,1.5475777,-0.81785405,3.1437197,6.37678,63000
11.566605,1.1904337,1.6685865,2.9681103,4.3340554,69421
11.3805275,-0.9296999,0.11900872,4.560966,6.7390056,99700
11.226032,-1.5899805,0.76243114,5.0883145,8.055984,219000
10.396865,2.4149451,0.8532058,2.2459557,7.570081,330000
10.924348,1.5724525,-0.23287965,3.5245068,6.909381,130000
-1.5467057,-2.473638,0.15382014,3.208901,1.4488606,64170
-0.2937129,-0.33211026,-0.9516423,4.875149,9.415726,124000
11.311104,1.1844056,1.8445238,3.195082,4.5753403,115000
2.9767618,1.7331492,1.2125183,1.9707614,7.5799947,437000
0.19965874,3.580762,1.1989025,3.5885224,7.198732,103000
2.2104864,1.2445865,-2.5605402,3.0188253,5.414902,91500
-1.5187056,-2.4711185,0.18067257,3.2247345,1.4627196,69000
-0.47127697,0.37892008,1.1307259,3.2890048,-0.8105477,110000
-0.4796322,-0.2390138,5.582313,3.1010773,6.4826055,78000
-1.5231819,-1.193637,-0.69638276,3.4921877,10.446522,155500
11.431548,-1.6968517,0.63875926,4.608365,7.229577,94999
0.84070444,2.9058592,0.042193618,2.9218318,7.162353,129500
11.168246,-1.5642906,0.6684096,5.5255094,8.374739,158000
-0.38898283,0.23914428,-0.9653464,4.8006873,10.89084,156900
-0.53381443,-0.74616414,-0.80201524,4.3033757,9.76692,41000
10.692786,1.6052785,2.0821152,3.0352504,5.653747,105270
0.23055205,1.692112,-0.24263965,3.0101464,7.097646,204499
-1.3280183,-1.1996434,-0.9161376,3.3709226,10.92594,178999
-0.11559281,0.5167433,-2.2047586,5.826696,10.639911,96890
1.9054072,1.4900674,6.2693152,4.210632,5.9958186,199768
2.123819,1.2984749,6.7428184,4.274283,5.591795,131668
0.01818739,0.16583832,7.7729506,3.3528388,6.820471,106323
0.029392203,0.17231314,7.771737,3.3596506,6.8156266,108041
-0.3391064,-0.4649916,6.62995,3.3159618,6.3733478,97332
2.0370345,1.2811986,6.7227964,4.183284,5.8901463,133980
-0.14528792,0.021067498,7.5902953,3.2583425,6.8074107,96810
-0.41167548,-0.4806044,6.497513,3.26149,6.333862,89810
-0.39896607,-0.4062596,6.163213,3.237268,6.337022,102000
0.07442325,0.54835176,-1.5393367,5.725197,10.453223,202799
3.0060027,1.7259543,1.2283722,1.932634,7.5814924,510000
10.8882265,1.1338743,-0.62253517,3.4752002,6.367652,71000
10.6183605,2.3714907,0.09155266,3.3339498,5.931613,92999
2.940376,1.7271267,1.2390983,1.9387054,7.5851955,337000
2.4599624,2.0416267,1.3648474,2.3187745,7.6585484,591000
0.28918138,-1.7050254,1.8959882,4.697174,2.4036803,78500
-0.0058478494,-2.404766,1.3153895,4.281388,2.0213842,69500
1.5076873,1.4862564,-1.8758717,2.84437,5.789624,93000
0.17637211,0.19826321,3.7168467,3.1059422,6.6140685,122000
0.3409801,3.481496,1.1399498,3.6747608,7.3182726,180000
1.6833692,1.5372853,-2.610454,2.642047,5.0745144,76230
0.6020754,-0.75521344,1.7026914,4.5319486,2.3517165,162726
2.217051,2.037137,1.1569147,2.758762,7.6790605,412000
1.0020144,1.6238804,1.7293714,2.8666136,7.44943,264990
0.12843487,-1.3708906,1.6003753,4.2301874,2.334777,148400
0.7342094,-1.8566444,1.3577372,4.633653,2.2541034,109000
0.32092482,-1.1034049,1.458368,4.1816525,2.2722356,75150
10.634889,2.516168,1.1743463,3.0894341,7.1274548,300000
-0.5244498,-0.82867587,-1.1279589,4.382971,9.849268,101900
11.778785,0.42538062,1.6376108,4.1367955,7.2120867,80000
11.085608,-0.26604024,0.2745798,4.5298448,6.7410145,92800
0.76292664,2.4542446,0.5740934,2.3312025,7.0211926,241879
11.93584,-1.5273123,-0.0037970487,4.0623164,7.1451964,144900
2.1178281,2.2900405,1.4023974,3.4082856,7.8341947,677600
0.9940505,3.5330877,0.0519796,3.4016578,6.952086,230000
1.306714,1.7928165,1.3123351,4.25481,0.78009284,134000
1.065686,0.31245902,4.3456945,3.55198,6.3838854,137000
0.07008595,1.6182452,0.5739124,2.7604318,7.2191305,155000
-1.3363698,0.6925195,5.884061,2.9339013,7.0144987,129000
0.019853128,1.6668574,0.75073266,2.8731773,7.33969,95000
11.108835,-1.3772024,0.73610157,5.5562882,8.714729,230000
10.925308,-1.6388689,0.83564615,5.5704565,8.68419,259000
11.241563,1.1270843,1.6560632,3.221019,4.641517,76900
0.040792428,1.6126173,0.8527061,2.927791,7.414792,139500
11.242713,-0.41191477,1.6067681,4.163752,6.127813,247000
1.4539293,2.9652746,0.740174,3.9273157,7.84906,297660
1.161408,0.32323524,4.329221,3.610677,6.3255806,84500
10.935607,1.4736747,-0.8451241,3.1628182,6.337923,67000
10.905226,0.47051516,0.31769535,4.6772337,7.084912,287000
12.28081,-0.89126176,0.84337103,3.5028145,6.5799317,110000
12.042075,0.24375014,2.3540254,4.4862776,4.9198465,128500
1.2802063,1.1434029,-2.089614,2.4077747,5.945105,87000
1.5233237,1.3766133,-2.0171583,2.792346,5.7515736,93000
-1.7524719,-1.7198037,-1.1917337,4.457521,10.0986805,144900
-0.31669593,1.1979024,-0.25103775,5.028447,10.027618,181999
1.5603926,1.1735541,-1.264599,2.5174236,5.8537707,169999
-0.022510644,-2.3648753,1.353373,4.284143,2.0588095,69500
0.29542556,-1.7455591,1.989734,4.767204,2.4003322,78500
-1.8704555,-1.2574725,-1.0097989,2.0435536,9.752297,132000
-1.1281289,-1.3180721,-0.3731464,3.532697,10.148129,115000
11.2590475,1.6911639,1.7090977,2.791263,4.9347525,50000
11.85253,-0.07346199,2.2242405,4.708039,6.6691585,151250
0.7722857,2.3842483,0.6277693,4.1542697,8.139752,295000
0.5166021,-0.7856119,1.5763966,4.4535694,2.3647816,200000
12.675759,-0.8695695,1.1549304,3.183938,5.2059236,85000
0.75943226,2.4511464,0.5593799,2.3587787,7.016504,172000
0.4428144,-0.91739,1.4122416,4.2536697,2.228575,95900
1.1219248,1.7725273,1.6502656,2.995751,7.58341,286770
1.9531575,0.95248383,1.3161147,2.6049788,8.167891,220000
0.80172575,-1.8051856,1.3029401,4.625246,2.2327576,73500
-0.072005644,-2.1409185,1.4127477,4.209368,2.135386,105500
10.621614,2.3066704,0.58298784,2.7960336,6.5676055,172000
3.5427017,6.8767915,0.852965,3.282362,6.783175,255000
-0.9814463,0.572756,-2.1966665,6.0168924,10.222016,125000
-0.4670453,0.2996178,0.9119628,3.2756033,-0.20108421,76670
-0.9353165,0.5836331,-2.1877844,5.9780354,10.263417,124900
-2.55245,-1.3470769,-0.9564724,2.7263443,9.675719,49000
11.37037,0.09940236,-0.17525174,4.3021703,6.496081,155000
-0.2822562,-0.69276774,-0.9563713,4.552748,9.489633,79999
-0.11346251,0.6470094,-0.2750013,5.226823,9.906174,174900
-1.3359132,-1.0810674,-1.0494218,3.5206404,10.976522,120000
0.73960686,1.8608689,-1.1820077,2.5738146,6.334992,176800
10.286191,2.1389227,1.2327183,4.0635896,7.3430257,750000
12.12984,-1.0506748,0.8600402,2.762621,6.4116635,59000
-1.3438152,0.68747884,5.8994756,2.9338913,7.016128,85124
-0.014865824,1.0831072,-0.23961902,5.44018,9.93386,225888
3.370681,0.65090084,0.57302654,4.6526856,6.476873,270000
11.404268,0.14622077,-0.1649514,4.2786717,6.573378,179000
0.5864989,3.0322926,0.2844236,3.1996791,7.002451,130000
5.1955886,9.272891,2.1371143,9.737255,5.863905,185000
10.602519,2.195902,0.68775356,3.9612472,6.934742,225000
0.81484747,2.3995435,0.69047356,4.153058,8.106198,330000
0.6950427,2.411157,0.39976677,2.4035518,6.9288783,193000
2.2391498,1.246624,-2.5742567,3.016273,5.395914,81000
10.751911,2.2500858,-0.28374693,3.1464832,6.245862,155000
3.514168,6.579301,0.90523773,3.2390532,6.940909,309900
0.06675432,2.0453784,0.13178913,2.685621,6.927682,125900
11.437253,0.065514416,-0.19806638,4.2467585,6.561732,185000
-1.713633,-1.3329225,-0.9798916,2.1540375,9.884629,52000
2.0689313,1.2905194,6.7627234,4.205726,5.8497353,128099
-0.07123278,0.35587397,2.9549108,2.8173816,6.968788,74000
-0.34046927,0.1424143,-0.93322045,4.635566,10.82913,230000
2.0608563,1.2890189,6.7529655,4.199351,5.8594093,127270
2.0673556,1.2895412,6.755983,4.205216,5.844085,125620
2.0740962,1.2908334,6.7619047,4.2102885,5.8329806,125620
1.1537143,1.5684413,-1.9393623,2.4673014,5.4375224,104000
0.27589667,0.23310824,7.406897,3.4748948,6.674446,117769
2.2102203,1.2711847,6.9184427,4.256657,5.645046,115700
0.07286352,0.1828953,7.7084785,3.3781233,6.790017,101240
-1.1304005,0.38018918,-1.4782175,6.0870934,9.639887,94900
-0.35693958,0.36651227,-1.0057083,5.01686,10.890835,295000
-0.06727458,0.10384338,7.733371,3.2978086,6.8341203,96280
3.1731186,1.7819003,1.4577806,1.5893899,7.639516,359000
2.0181525,2.1584783,1.0471929,3.0667443,7.6718597,300000
0.17796543,0.14148065,3.858095,3.1312892,6.574417,142000
-2.9507642,-1.8468399,-1.2883039,4.0235195,10.288021,102000
11.972282,-0.5691035,1.6653216,3.5277846,4.5991964,64500
-0.09832797,0.08639956,7.6920085,3.2840848,6.830636,95040
-0.08282375,0.3501315,2.9820216,2.8248842,6.9797196,87000
-0.045334417,0.11805779,8.088891,3.2994716,6.928765,80992
10.609363,2.3522594,-0.25348294,3.2512004,6.00986,110400
10.765943,2.0491326,2.297234,2.3385499,5.9781237,72632
-0.06907749,0.11576352,8.238299,3.2801983,6.963643,76033
10.171404,2.7465808,0.5479018,3.9915428,6.8254647,216200
10.577912,2.368904,-0.268674,3.308101,6.1524153,128000
1.1683217,1.251399,-0.23501055,3.1246793,6.23411,165000
-2.6710129,-1.3066707,-0.87303346,2.6856904,9.702698,49000
0.09878586,0.50638616,-0.57737726,5.428526,10.3574915,155000
10.812966,2.068422,2.2284098,2.6243434,6.2507057,118755
12.442349,0.57933223,1.8675929,4.051828,5.679611,119000
12.094619,-0.73187447,0.85304517,3.5477455,6.653533,155000
0.09285668,-1.4809488,1.5506002,4.263661,2.357379,89000
-0.052748654,0.35307625,2.9509058,2.8309453,6.9744477,103310
-0.17595623,-0.38625923,-0.6860664,4.684388,9.5409155,137900
-1.0978531,-1.1949431,-1.3980813,3.2097018,10.691657,51000
11.922164,-0.87091637,0.926175,4.0479507,6.3776937,109000
-0.117214076,0.79815924,-1.6533388,5.87203,10.96249,118000
12.542868,0.67718554,1.9999906,4.18742,5.7620344,119000
-2.669487,-1.3112019,-0.877698,2.6894953,9.698213,49000
1.9156625,1.503901,6.073518,4.299709,5.786204,209000
11.719234,-1.4413282,0.24302614,4.294739,6.9700456,169000
-0.94685525,0.58335936,-2.191284,5.9990544,10.269518,104000
12.176865,-0.71561444,0.22422819,2.80957,6.60435,65000
11.140197,-1.7042342,0.6495392,5.4599805,8.046235,179000
2.1610684,1.2752035,6.8513436,4.246182,5.696424,118755
2.2164125,1.261018,6.9188623,4.2678,5.6607533,116391
0.016762141,0.15422219,7.8657265,3.3381634,6.8542833,93438
-0.077309184,0.11407359,8.263906,3.2749555,6.967623,76264
-0.040033896,0.13834456,8.145402,3.3149288,6.924518,74856
-0.06885728,0.11511734,8.252592,3.2787907,6.9700484,72632
0.058073163,0.5595969,2.457566,2.8013616,6.973005,134999
11.696659,0.967494,1.4560915,3.8781354,7.487881,139900
12.184773,0.264669,1.2929716,3.3954942,5.6992483,125000
10.923343,-1.6249281,0.81511015,5.6049733,8.690856,178000
1.5802362,1.3775235,-0.6549229,2.8531647,6.1503773,199000
10.756705,1.9407588,1.2177225,3.9868453,6.4807887,249000
-0.98346716,0.55764306,-2.1970193,6.0312223,10.198162,129700
-1.2811909,-1.193262,-1.9563091,3.5743463,11.188618,160000
0.6252769,0.17852765,4.34142,3.3718693,6.3910837,121252
0.6042769,0.1721023,4.338133,3.3552437,6.4130626,61775
11.162765,1.7750429,1.2199577,2.6108797,5.1687975,65000
0.29023388,3.5199883,1.1686344,3.642983,7.2759447,147000
-1.6454035,-1.344935,-0.66462255,3.7852106,10.276599,200000
2.239432,1.2415869,-2.5715895,3.0216622,5.404016,76230
1.4379919,1.425313,-2.2250485,2.942724,5.8311553,65250
12.086564,-0.7497547,0.8967334,3.5598662,6.6226377,169900
-0.061188262,-1.976507,1.4470118,4.2087092,2.1843407,74000
1.1494254,1.1710188,-2.0501096,2.28778,5.9615583,49000
0.31758606,0.20337583,1.9564954,2.7806382,6.930699,88000
2.6745162,2.234573,2.4959629,4.0146666,8.234795,307000
13.000912,-0.91426206,0.7695248,3.4665806,5.9284787,99500
11.999773,-0.2578841,2.3994389,4.6869044,5.094102,110000
12.045489,-1.6945637,1.0190961,2.860285,5.9835334,68000
-0.33730748,0.915895,-1.7441456,5.776644,11.205129,119000
-0.6871186,-0.057139643,1.1516188,3.4599013,-0.5194747,104000
-0.17784476,0.8257445,-0.3743292,5.280599,10.484647,135000
-1.0128983,-1.3403586,-2.4883063,3.5464544,11.039091,103000
10.645862,2.5315568,0.06519686,3.084947,6.245971,135000
12.8408785,0.6218031,2.4511764,4.625568,5.5602827,95000
11.615404,0.24078906,0.2863069,5.317281,8.404954,114000
11.843708,0.6023497,0.9184731,4.4105926,7.8850017,115000
12.145376,-0.7282993,0.45001647,2.772183,6.47849,65000
-0.26459992,-0.5137899,1.364484,3.905479,1.7435783,135000
1.2632476,-0.10547996,1.5089009,4.747272,1.7645735,240000
1.1770061,1.5757707,-1.9843644,2.4495378,5.4069633,75480
-1.2109013,-1.2606406,-0.47148436,3.263101,10.599521,116000
-1.4937724,-1.1357307,-0.63082623,3.4423487,10.400991,88000
0.8542737,1.8151487,-2.0378249,2.708637,5.6633368,65000
12.093754,-0.10280453,2.6559901,4.6151624,4.793892,124900
0.6133064,1.5369073,0.64718527,2.4207911,6.917142,85900
-2.1262357,-1.5344073,-1.3624947,3.949899,9.946067,64000
-0.4975289,1.3076881,-0.80034786,5.515154,9.883909,140000
-0.9548091,-1.5062933,-1.8247654,3.6467948,11.284318,95000
1.9350662,2.0861638,1.1402161,2.1315227,7.486651,235000
-1.3440499,-1.1088185,-1.0934106,3.4689486,10.980845,130000
11.123059,1.330018,1.8006604,3.1424284,4.528589,148000
11.652873,1.1669642,1.4462183,3.9115736,7.2149725,220000
1.0112271,3.100946,0.35098976,4.1585665,7.662663,550000
0.83342385,0.2811858,4.3857827,3.4743066,6.441662,101000
-1.4241326,-3.1480117,0.71800214,3.3423145,1.0383245,57800
0.4915961,-1.2145644,1.7951175,4.6323347,2.3755412,105000
10.502937,2.2518678,0.72725093,2.5697048,7.6997476,1320000
0.9265176,3.0988834,0.35182592,3.0182483,7.1908164,169900
-1.0068868,0.6758573,-2.152315,5.724988,10.5953,111900
11.337894,1.1697679,1.8901911,3.3571053,4.7239923,109990
1.9819391,2.0758402,1.1614252,2.122654,7.4957476,225000
10.815315,1.9433687,1.9525279,2.3114784,5.965083,72999
12.084351,-0.925051,-0.6961152,3.6627455,6.8312306,125000
10.886031,1.9210305,1.5162574,2.4457989,5.911188,113000
1.2244884,1.2590574,-2.3158455,2.6090643,5.9890065,55900
-2.2886267,-1.6474092,-1.4408616,4.2453237,9.95197,71499
9.653558,2.3430257,1.1802133,4.328911,7.697611,1000000
-1.3978106,-3.0862815,0.7053274,3.3503504,1.0627937,77500
11.326628,-0.606806,1.4914112,4.1691217,6.247202,80000
11.11765,-0.24811514,0.3696511,4.5322475,6.7984347,145000
-0.8992145,0.8703811,-2.1276674,5.5443225,10.816897,124900
10.666814,1.8210751,2.112598,2.9943035,5.540202,93100
1.8679624,1.3777709,6.063124,4.1045,6.428163,251000
0.09056188,0.038344912,6.9871225,3.3396559,6.6825433,132500
2.6807287,2.265227,2.485262,4.041579,8.229337,320500
1.8540322,1.3688762,6.142692,4.1120114,6.3741727,201140
1.8910012,1.4683067,6.1215615,4.2319555,5.9669485,175123
0.2345539,0.75178915,2.5445347,2.9510858,7.1716075,133100
0.24179728,0.75497246,2.5351536,2.954827,7.1707344,124300
0.39010686,0.43125844,1.9682803,2.8631868,7.0671515,122500
2.6850908,2.2680082,2.4866025,4.043738,8.230162,320500
2.663081,2.2344255,2.5094535,4.009003,8.243384,295500
2.5271223,1.8106349,2.6635275,3.7710526,8.412792,227500
1.9317969,1.4362423,5.9723673,4.1115823,6.553551,220000
-0.19187298,-0.3846115,-1.0366236,4.8882885,9.453329,196999
1.9305295,1.4328138,5.9808183,4.112442,6.5438266,217000
2.5309608,1.8046521,2.6561735,3.7719948,8.392428,194500
2.5561855,1.7960204,2.6716063,3.7751315,8.373787,192000
2.5529943,1.8106962,2.6599395,3.782231,8.3725815,188500
12.044365,-1.210477,0.22407967,3.8068342,7.068873,119000
2.5764244,1.810501,2.6504536,3.7937965,8.336864,177500
-1.8760265,-1.8837646,-2.4289541,2.609268,12.081309,108500
-1.128786,-0.90145767,-1.0882586,3.782182,10.918756,89500
0.2639692,0.7905013,2.5209632,2.9578865,7.2251263,175900
2.5670307,1.7513875,2.6937323,3.75378,8.347142,165500
2.5677154,1.7500337,2.694802,3.7529628,8.345758,164500
1.3670975,3.1537652,0.28833735,4.1162715,7.888797,375000
-0.101439916,0.57854563,0.22176962,3.1021557,-1.1833578,117800
11.438206,-0.96783054,0.5541115,5.3642635,8.460428,179900
-2.3628776,-1.4760761,-1.1548558,2.8545334,9.716243,47500
2.566387,1.7396691,2.6991842,3.7482393,8.343474,151500
11.562441,-1.0809897,1.1258125,4.15235,6.7581444,114000
0.47596067,0.27714482,2.403271,2.9599886,7.2594275,125000
0.34631592,-1.6498882,1.8565798,4.6712437,2.3931842,64900
0.17167504,-1.4812548,1.643406,4.322226,2.3624437,85100
0.35211506,-1.6743908,1.919994,4.7199173,2.3946803,64900
-0.01477903,-2.3344355,1.3896981,4.2973166,2.0828347,57800
11.897626,-0.67827636,0.07401296,3.8897045,6.857456,116500
10.957382,1.9043176,1.2943919,3.9862757,6.7214475,180000
0.101885326,0.53078556,2.842286,2.922422,7.2141857,119000
11.922205,0.10578636,2.1664712,4.5802565,6.7123356,99000
-0.78959364,-1.2810324,-0.2864406,3.4689224,10.067185,120000
-1.6617672,-1.5377265,-1.0549932,2.3120441,9.76221,59000
0.5650899,0.14510566,2.3037674,2.9581285,7.2189784,115500
10.718943,2.1746085,0.7515746,2.8109894,7.2944007,390000
2.173311,1.2762187,6.86616,4.2513714,5.671209,110500
0.36280808,0.07355232,2.2720106,2.852324,6.982722,107000
-0.32809043,-0.46186578,6.662286,3.3250225,6.381896,94400
0.012334752,0.14947961,7.902678,3.3314247,6.8675184,89450
-1.1397489,-0.8839688,-1.0344982,3.7337215,10.950304,240000
0.012714068,0.14836635,7.8945727,3.3316026,6.8651757,89102
3.3259895,0.6471325,0.55417955,4.632362,6.5164375,118000
-0.18768379,-0.3730529,6.7773175,3.400867,6.42864,88000
10.703381,1.9374524,2.0080085,2.869071,5.546763,83297
-0.015128759,0.13850653,8.108271,3.314892,6.904946,82000
0.9076495,3.066767,0.25431344,3.0102682,7.157734,149500
-0.06553476,0.11670001,8.2405405,3.2812579,6.9653854,76500
-2.4747376,-1.7208194,-1.3783873,3.2280638,9.839838,58450
12.360401,-0.4221616,0.56114185,2.9676716,6.770344,120000
10.626015,2.4519203,-0.028479306,3.1019468,5.814971,155000
-0.096008584,0.2837571,2.9065742,2.7840195,6.7915435,60900
2.0172713,1.4267565,6.1487823,4.56869,4.8131356,119835
-0.8511145,-0.8066168,6.421309,3.182458,5.925625,97521
-0.84236324,-0.79977536,6.4227366,3.1843433,5.9329343,91736
-0.81594586,-0.77385294,6.417678,3.1981795,5.959944,90909
11.444503,0.244424,-0.85539263,3.2457948,6.4960313,93000
-0.8301689,-0.78808415,6.4259906,3.1926956,5.946168,86777
-2.9370475,-1.8460417,-1.2807095,4.0039654,10.28101,78000
-0.8362909,-0.79340684,6.4233713,3.1885214,5.9398346,89256
0.018367004,0.52862895,-2.2292018,5.99154,10.562766,114500
1.1223685,1.6731973,1.6989675,2.9500375,7.484233,254600
10.5303,2.210974,0.89794433,2.2701735,7.5357447,220000
-0.7922156,-0.7502436,6.464851,3.2313194,5.984335,86775
-0.7468283,-0.71719146,6.441089,3.2234135,6.025372,73554
11.350885,-1.3352454,0.5725949,5.4552,8.306855,199000
10.657316,2.283507,0.9210076,3.8235886,6.936304,595000
1.0358455,1.6755178,1.6344244,2.9425275,7.356905,171600
12.149915,0.35139033,2.4198368,4.502362,4.857875,130000
10.84605,1.9531181,1.3953773,3.7336843,6.656888,165000
-0.8099277,-0.76886857,6.424672,3.2027712,5.965714,85124
-1.3415544,0.68592817,5.906016,2.9340305,7.0152316,93000
-0.7728938,-0.7408239,6.447985,3.2200537,6.0005207,73550
11.411031,-1.7101697,0.6127752,4.6931295,7.1968174,80000
11.990472,0.04990213,2.4944432,4.322515,4.7488008,125000
11.2032175,-1.7021149,0.60871,5.4666414,8.093522,168000
2.0424376,1.2981491,-2.5316849,2.9667864,5.4363847,115500
-0.08957427,2.0434945,0.2061354,2.964421,7.287119,265500
11.570066,0.795316,1.8359061,3.5601904,4.8524876,105000
10.000791,2.219588,1.2412372,4.1171923,7.4793124,675000
-1.3439393,-1.1528306,-0.352687,3.7247663,10.159516,87000
10.676185,1.9822732,2.016308,3.3070245,6.078018,160950
-1.1093056,-2.955396,0.8957855,3.4579127,1.3147222,74000
0.99667317,1.634749,1.714084,2.820692,7.4041038,176600
0.93520045,2.613146,0.380699,4.1838155,8.151248,319500
-1.3451332,0.6879952,5.8997784,2.9337013,7.0169873,73554
-0.56175554,0.10846615,6.922017,3.17172,6.7989554,112800
-0.018816259,-2.3346515,1.3686862,4.293578,2.0731726,67000
11.623262,1.5210862,1.21362,3.7982943,7.3661523,104900
10.718351,1.9362248,2.0247264,2.396265,5.8291783,127500
11.111807,1.5180616,1.3446983,2.1907156,6.5661836,127500
11.261613,1.6535666,1.636618,2.708454,4.8676534,66000
-0.9227588,0.68244684,-0.9904551,5.7992487,9.508529,145000
-0.07533875,-2.190597,1.3925896,4.2091236,2.1141362,74000
-1.4549624,-1.2100111,-2.1899014,3.4642508,11.424739,115000
10.385404,2.3947341,0.8353586,2.2253835,7.622203,220000
11.40326,-0.9599424,0.7395889,5.054248,8.28266,169900
-2.5107858,-1.3490783,-0.9817085,2.7493784,9.691752,49980
-0.9007395,-1.4069476,-0.1839731,3.3175707,10.092199,84000
-1.0266465,-0.8118095,1.1441149,3.646425,1.4413234,99900
-1.5037113,-2.5536978,0.24146287,3.2266052,1.3612689,68500
1.0105811,1.542031,1.5467496,4.119389,1.1644087,165900
-1.6159126,-1.6573082,-1.219143,4.2839184,10.164239,118000
11.72668,-1.4057529,0.42939234,4.19086,7.0923204,145000
-0.43250477,0.33591193,0.73057604,3.2002602,-0.2920685,110000
-1.4786804,-1.093988,-0.58186686,3.3837717,10.340751,88500
-0.46169102,0.29997268,0.90263915,3.269336,-0.22605172,91000
10.790103,-1.5485696,0.87091064,5.6413226,8.903886,800000
1.5565969,1.3929448,-2.1494958,2.810054,5.6709127,110000
-0.44034415,0.32915342,0.75257885,3.209964,-0.28803,119000
-0.23586431,0.9370831,-0.571742,5.69087,10.125291,134000
-1.3277545,-2.9391763,0.6942664,3.2948701,1.1547314,89900
12.164334,-1.4560189,0.9676051,2.8242521,5.9781137,142000
-2.1293802,-1.5269115,-1.364041,3.9489553,9.948112,63999
11.413563,0.31995773,0.1679439,4.9671392,7.774882,132000
-0.35917506,0.91273427,-1.633864,5.743749,11.246826,115000
-0.44886044,0.2876848,0.83821404,3.2471557,-0.20903604,145000
0.14506818,0.6245341,-0.30481282,5.639767,10.323352,129500
10.800883,2.3460546,0.35328487,2.5323083,6.741683,119900
-2.5582712,-1.7844839,-1.4373363,3.6001291,9.898661,83500
3.2787354,0.71377206,0.58216894,4.5976453,6.516669,295000
0.081242785,-1.509856,1.5553709,4.2638464,2.344025,82800
12.072247,-1.4559865,-0.41260266,3.9150717,7.0435514,94499
-2.4150693,-1.681741,-1.3696082,3.1241693,9.804404,59900
0.43958768,0.3057673,2.4065828,2.948863,7.2233276,139000
2.7670922,2.634414,2.179576,4.2685833,8.182125,1200000
11.192561,-1.615968,0.5771684,4.929529,7.2591357,85000
1.6240965,1.2998496,-0.638157,2.8975282,6.0977573,290400
0.09518719,0.28223446,2.926729,2.8963032,6.8439703,91610
10.5039,2.1773875,0.34949493,3.88807,6.7008405,116000
11.25712,1.7445748,1.736844,2.8200743,4.941486,103600
-0.19972461,-0.34255427,-0.71026945,4.713626,9.505144,135000
1.9139767,1.5002142,6.0695195,4.3068647,5.772807,209000
-1.0521251,-0.793511,1.1446685,3.6231534,1.4225384,114500
-1.1213953,0.34899682,-1.472378,6.091066,9.629937,116000
11.796057,-0.9120131,0.97133994,3.991417,6.3326383,105000
11.268384,1.7613442,1.7276111,2.7571733,4.940911,93780
-0.25130498,-0.25749636,6.874965,3.184188,6.670556,93400
-0.34269813,-0.72161067,-0.76602393,4.336968,9.4949875,94990
-0.45563772,-0.5948506,-1.0812207,4.906191,9.435266,93000
12.237211,-0.70681095,0.82083374,2.6902282,6.3027825,39500
1.9118882,1.5028459,6.073468,4.300198,5.7803345,146000
-1.5977806,-1.6566012,-1.2419782,4.160296,10.134004,69700
0.13029197,0.49275306,2.3416014,2.8190985,6.9981384,104200
-0.21389261,1.0621041,-0.49322546,5.649812,10.29092,129999
0.79303277,1.5712783,1.5789758,4.4320197,1.2082609,149000
10.230181,2.1994345,1.1609429,4.0306263,7.481406,195000
3.5167663,6.8755054,0.84183365,3.2996068,6.749358,124999
0.082481846,0.303095,2.971812,2.9053695,6.859227,87000
11.927949,0.1296422,2.1692386,4.557279,6.6816983,139800
-1.339978,0.683486,5.9018846,2.9386966,7.0123057,93000
0.19551595,0.4719913,2.790777,2.931317,7.262905,107875
11.754983,0.74852896,1.5920701,3.4795914,5.4373965,130000
2.5623336,1.8105346,2.681335,3.769668,8.393945,264022
1.9575462,1.4779425,6.239004,4.4980216,4.8745756,148700
1.6223413,1.9151244,5.7451463,4.2886834,5.64003,149000
-1.3579001,0.6929494,5.887826,2.9338722,7.0193677,85124
10.865962,2.0230908,2.1848395,2.7623804,6.4915414,175207
-0.32011485,0.119104914,8.525178,3.1600335,6.9054465,89102
1.2797359,1.821305,1.3609102,4.199843,0.769867,125000
1.90704,1.5003963,6.268153,4.214219,5.9857793,179940
1.9212718,1.5172434,6.24125,4.495466,4.8287263,122800
1.3018353,1.2242306,-1.187448,2.1318178,5.662302,139999
0.9291408,1.725172,1.5954443,2.9461076,7.72614,129000
-2.9604423,-1.8419818,-1.2823597,4.0122104,10.282748,67000
2.153565,1.2761039,6.743145,4.266892,5.557641,153720
1.9254913,1.4772738,6.3230143,4.21148,5.976481,209500
-0.3134488,0.116974324,8.515969,3.1634972,6.907392,86000
12.22149,0.9067428,0.7714722,4.354063,8.248337,89900
0.1870597,0.4015314,2.298529,2.8314643,6.9913287,116200
10.794856,2.0116417,2.0506887,2.3226273,5.9059963,73554
0.6145389,1.1411196,1.7074761,4.2418547,1.2132384,160000
0.0007609739,0.36841342,2.6509712,2.7794728,6.877287,87000
0.8508412,2.4113786,0.71610856,4.152657,8.063176,295000
2.2174528,1.2646642,6.9243236,4.2622766,5.662959,175206
-0.3020213,-0.3790064,6.9094906,3.2244017,6.590633,78581
1.6152991,1.9251356,5.7456255,4.283784,5.6572514,119835
1.9220669,1.2568899,6.04862,4.470043,5.2677226,122000
-1.3060025,-2.9530041,0.73211473,3.32109,1.135221,71499
-0.9027239,0.8716879,-2.1264188,5.542339,10.816425,124999
12.9397,0.72317713,2.4814265,4.614342,5.3616467,127000
2.2202554,1.2646224,6.9270263,4.261777,5.654294,181818
-1.3508275,0.6862498,5.90764,2.9382868,7.01309,89256
-0.47884876,-0.21021551,5.519903,3.0574872,6.5378113,65130
0.025508253,0.16661805,7.8519177,3.3466663,6.845031,88620
1.9709303,1.4617883,6.2411866,4.4907575,4.911137,110500
1.0092111,3.0881307,0.36581466,4.174618,7.656543,550000
-1.3439922,0.68722177,5.9027963,2.9333675,7.015915,73554
-0.6172326,0.12065051,1.136645,3.4079711,-0.31975165,98165
-0.6280614,0.37811026,1.4393883,3.2932813,-0.9596612,99500
0.014891588,1.2213547,-0.47180375,5.6712613,9.8553,210000
-0.9329559,-1.291041,-0.60765857,3.4441507,10.284495,123998
-0.30624664,-0.37699434,6.8903375,3.2262554,6.578591,71000
-1.6404818,-1.3623182,-0.7894317,3.663895,10.385236,235000
1.7131122,1.5219742,-2.3953233,2.8031068,5.340638,81900
10.845727,1.9507989,1.4329832,2.4927046,5.829813,79900
0.43249893,2.711569,-0.034015663,2.6857255,6.8957667,155000
11.0854225,-1.3938718,0.72968286,5.599752,8.76027,220000
11.521093,1.1487664,1.7097645,2.9701319,4.3768334,105000
1.621569,1.8927952,5.6489387,4.304148,5.635154,174999
-2.9524364,-1.8589289,-1.3004386,4.005478,10.277883,90000
11.255949,1.7498845,1.7126033,2.7383904,4.940701,88999
5.212377,9.237455,2.1039717,9.708332,5.9029174,126000
11.95274,0.7354509,0.83905506,4.4273934,7.9397097,134000
11.372805,-0.6745522,1.5609916,4.315275,6.301305,141000
0.18943137,0.07317553,4.079682,3.163019,6.496049,125500
0.46363822,0.33421886,1.4907348,2.8079417,6.5429277,106000
0.48140967,-1.0220433,1.4579881,4.3044972,2.2798033,69699
10.632608,2.4731789,1.2166258,3.1465693,7.126105,245000
11.510381,1.1572313,1.6696975,2.950909,4.426885,120000
11.464089,-0.83031213,0.5208368,5.3419704,8.4118805,405000
0.78196466,2.0464425,0.14733747,3.760919,7.805212,175000
-1.4984452,-2.4341567,0.16527069,3.253085,1.4772292,60825
0.09005274,0.2656222,2.9655657,2.9007869,6.8207808,104270
1.0197799,1.9350755,1.5291948,4.4758744,0.8089522,94800
-0.13175113,1.0893544,-0.41868636,5.6886306,10.232657,103000
0.97184795,-0.24144728,1.5825471,4.626918,1.9870845,152000
11.321233,1.5545797,1.4514968,3.21372,4.546067,61000
11.193463,1.4337707,1.7072711,2.7137194,4.2186313,69500
-1.5671418,-2.510593,0.1690814,3.2397392,1.4091522,64000
11.976537,-0.4874853,1.6613121,3.4482224,4.631469,55000
10.528938,2.1278515,0.8375511,2.9091818,7.696551,219000
-0.6408941,-0.7454365,-1.1125897,4.8687687,9.481636,77000
10.55456,2.3522608,-0.2964791,3.360019,6.1004076,94900
10.684288,1.6235808,2.0927541,3.0672672,5.6465163,153065
10.70279,1.5653948,2.0801272,3.0051758,5.720448,126167
11.268274,1.6243211,1.4314673,3.1950607,4.620935,81700
1.8648908,3.0986896,0.95486814,4.504614,8.266131,350000
11.328392,1.5568559,1.4376786,3.2093446,4.519415,70247
11.345748,-1.1509528,0.57612544,5.443416,8.474076,227000
-0.35557246,0.12516408,8.554614,3.1396084,6.8862624,87000
-0.18850443,-0.2982337,6.9526963,3.2966876,6.6429977,92625
-0.4425637,-0.23391461,5.48277,3.0387087,6.534559,77000
1.9786531,1.4499516,6.233837,4.503593,4.9015446,126140
1.9245284,1.4679031,6.154854,4.4336085,5.1385226,159750
-0.17861906,-0.29566467,6.9583735,3.2995253,6.6440744,86900
-1.5100244,-2.465388,0.18243657,3.2557216,1.4829313,58000
12.104908,-0.86213464,1.5229081,4.003458,5.220896,78900
11.915726,-0.08421159,2.3650138,4.741348,6.6467366,135000
12.915321,0.69979244,2.4649072,4.610498,5.432177,105000
0.019669477,1.8968965,0.35179046,2.9640334,7.4264526,180000
-1.0882723,-1.4317703,-0.33851823,3.0259051,10.232885,69950
10.997602,-1.6078018,0.65520775,5.221219,7.5376854,245000
10.839949,2.1781385,1.0241296,3.5370495,7.0348268,220000
-0.2905753,-0.38739923,1.4346162,3.9000142,1.7166342,91000
12.241573,-1.430019,0.9668566,2.7792623,5.915303,87000
-0.2638959,1.030839,-1.2831323,5.4115214,9.822092,289000
1.2791651,1.2350953,-0.25444645,3.053204,6.166133,239900
1.8613873,1.3525535,0.17442977,3.1270294,6.4606824,499000
10.586381,2.4813519,-0.21408497,3.2637732,6.1404805,109000
10.865525,2.0311391,2.1914053,2.7633731,6.475226,148760
1.6392196,1.8946718,5.74617,4.294445,5.632527,119835
-0.91111994,-1.605559,-2.9487753,3.3174498,11.073541,129900
-1.4473327,-1.2198913,-2.385549,3.2658038,10.870461,69500
0.5037094,-0.8437284,1.4433284,4.3069644,2.274661,135900
0.9930276,1.6181736,1.7377474,2.8632703,7.4494834,199650
2.8668633,2.6325357,2.2848394,4.3240004,8.217741,2990000
0.107592024,-1.4514705,1.5762663,4.257555,2.3545642,118000
0.64907706,-0.83408487,1.589404,4.481766,2.3323317,170000
0.20451467,-2.2151537,1.2795784,4.3669825,2.095591,77000
0.7361369,-1.8651235,1.3829852,4.6647563,2.2758353,111000
0.32111472,-1.0995274,1.4571438,4.180746,2.2708013,87750
1.9796778,1.449008,6.246487,4.4847507,4.9410853,190777
-0.22199544,-0.19515488,6.901116,3.1707442,6.7203703,173030
-1.8170575,-1.6653247,-1.7198207,2.3613336,10.166371,83000
11.940597,-0.793218,0.89128095,3.9371016,6.4048877,116000
1.1305957,2.1658714,0.7912659,2.7629967,7.142012,174900
2.151399,1.2449113,-2.547007,3.0168412,5.4597564,150000
-1.2901127,-1.1682191,-0.19777378,3.714939,10.137531,128000
-2.5091918,-1.8886571,-1.30987,3.5324621,9.949047,120000
-0.5474643,0.24724224,1.091749,3.362499,-0.23171835,119000
3.3551736,0.6553643,0.554065,4.628812,6.478683,299999
12.2202635,-0.24101001,2.6838913,4.791363,4.8553443,94900
-0.27291486,0.99297684,-1.3954041,5.4637537,9.77245,204900
11.757438,-1.5304254,0.37631494,4.1544003,7.3628635,150000
0.78148586,1.3186886,1.6546222,4.2620144,1.1990758,134127
2.7076485,2.4376993,2.423976,4.167914,8.176727,789000
-2.9502017,-1.8531996,-1.2903743,4.0045366,10.288697,90000
1.0865672,1.927466,1.4990735,4.420486,0.8109069,114708
0.025333224,0.5330908,-2.1857653,5.97683,10.517411,143500
0.3004172,0.52832425,-0.15683435,5.5579147,10.66041,139990
1.1013051,1.6234474,1.5060049,4.093034,1.175136,123900
0.10293428,0.72979635,-0.3160373,3.0622888,-0.57817835,83000
1.296985,1.8862727,-1.8243095,2.5515544,5.6432066,138999
10.923818,1.4139882,1.8010678,3.4667501,5.32911,295000
-0.33311906,0.29503617,-1.1390573,5.00106,10.645395,200000
-0.2599492,-0.6689155,-1.0107323,4.6310368,9.474305,124500
1.6832559,1.542488,-2.6214106,2.64424,5.0790987,81000
12.081514,-0.62048024,0.8067405,2.7803218,6.504312,68999
10.93783,1.4787539,-0.8475494,3.1517181,6.356036,67000
11.309078,-0.7942293,1.4500378,4.1080275,6.428018,32000
-1.4855292,-1.0871044,-0.6015855,3.4307854,10.386862,118000
11.933411,0.0046110433,2.3242383,4.6623,6.6443076,142000
11.869459,0.63552636,1.4699274,3.6111577,7.6521163,195000
1.306423,2.925106,0.15456235,4.1749687,8.000403,288500
1.0316393,2.4281347,1.016239,4.0098653,7.420551,254500
1.025106,2.4995177,0.96467465,4.043738,7.4896317,319500
9.704111,3.9034994,0.9104744,4.041244,6.644886,280000
0.63450134,3.131852,0.3126683,3.2386687,6.97279,235000
-0.35069767,-0.6562079,-0.6281778,4.225692,9.576578,94500
-2.011906,-1.3275856,-1.6134118,3.4510372,10.040757,79900
11.597992,1.3834032,1.2791432,2.6741753,5.4844646,199750
12.331179,-0.56068915,0.73516446,3.0214572,6.942043,124000
0.47511655,0.22394297,2.122832,2.9224186,7.105996,170000
1.2708602,2.8241565,0.14802396,4.248363,8.089806,409929
10.749391,1.6333398,-0.38208538,3.3552046,6.4582715,99900
0.051110998,1.9828552,0.21718039,2.707502,7.032376,159779
0.63037825,3.1359828,0.3356581,3.2674143,6.972589,215000
0.6152539,-0.6167492,1.7435406,4.5482597,2.253381,136263
1.3808793,1.8519381,1.6288791,3.0880008,7.5996137,410190
0.24131082,1.0573802,-0.88413644,5.472185,10.426713,225000
-0.30575922,0.40554422,0.46213996,3.1233046,-0.4042951,103000
11.5253105,1.0666457,1.445931,4.019794,7.4412556,234900
11.236201,-1.3025749,0.8604798,5.112959,8.16372,195000
10.614714,2.3674676,0.61029965,2.64087,6.617013,180000
1.3425483,2.9180515,0.7616021,3.9657042,7.73228,720000
1.506006,1.3540758,-1.927173,2.7181063,5.717264,149000
-1.2455539,-1.3941022,-0.5692233,3.246689,10.489374,210000
-0.94594187,-0.83539957,-0.52492994,3.787098,10.124631,92200
0.67988396,-0.16266751,1.6120762,4.4496036,2.0289412,169900
11.253067,-1.5225245,0.6001686,5.51873,8.303889,168000
0.19979177,0.06359489,4.1208057,3.1762311,6.4809146,85900
1.0239487,0.3072944,4.3647847,3.5270014,6.412423,96280
2.259185,2.1532557,2.1611016,4.069586,8.027815,209330
0.18631129,0.58618724,2.746107,2.9533381,7.2921643,126000
12.049096,-1.6892883,1.0192508,2.8619936,5.976944,36900
12.176811,0.25274858,1.3097945,3.3750353,5.630952,108000
11.437594,1.1646074,1.6428933,2.8281438,4.5212083,64500
-0.14502774,-0.3300977,-0.60469335,4.680459,9.387862,108000
0.77105254,-1.8067755,1.3048301,4.590619,2.2273526,75500
1.8981017,1.5366696,6.21159,4.234174,5.9323,235208
1.0225462,0.31879315,4.4043636,3.5159883,6.4621787,148760
1.1603903,0.3229471,4.3310356,3.6097383,6.3262596,89000
-1.9718878,-1.5778475,-1.2863423,2.714825,9.764099,39500
1.0125436,0.30585104,4.363795,3.5234566,6.4106154,80991
1.0172225,0.3128256,4.38714,3.519336,6.436233,73554
11.206482,0.53455114,0.33773234,5.1107492,7.932681,167000
0.99979347,0.30556673,4.3550344,3.5193875,6.4089866,73554
-0.04486431,0.9522761,-0.35972825,5.6865735,10.2455,130000
-2.9576786,-1.8605675,-1.3029336,4.0080543,10.277418,90000
0.9584208,0.2718304,4.3194184,3.4982545,6.377411,91736
0.9782446,0.2981989,4.349532,3.509906,6.40964,86777
1.2982535,2.9162135,0.15195292,4.200767,8.0306015,317700
11.707203,0.009329976,1.6385491,3.1591077,4.6637177,48500
-1.002137,0.6774924,-2.151902,5.724149,10.596563,112000
11.388882,-1.2316982,0.55384254,5.4381,8.31171,545000
1.6394179,1.8965154,5.7493668,4.301772,5.6190987,119835
-0.34706426,0.80976427,-1.6129694,5.3585863,10.63594,207700
12.111441,-0.7848485,0.79326206,2.6926007,6.522489,69500
11.888543,0.68575454,0.7689347,4.496339,7.9753323,118000
-1.7493483,-1.3390255,-0.90263456,2.296012,9.769257,80000
-2.2166789,-1.7995898,-1.4751557,3.6522565,9.647092,120000
10.575951,2.4200046,0.81430805,2.6260042,7.1862984,290000
1.0455538,1.6790668,-1.9702401,2.6040015,5.5484686,77500
-1.3404866,0.6833454,5.9038196,2.936906,7.012583,73554
-0.37695011,-0.33615553,5.9328966,3.241018,6.3367524,120000
-0.37618992,-0.33437312,5.9291153,3.2408686,6.3377385,115000
1.823049,1.5814217,5.8421664,4.454906,4.9231358,188000
-1.326211,0.6563106,5.9338017,2.964364,6.9840207,73553
2.1166296,1.2982756,6.7284584,4.270622,5.5945215,202479
0.089034185,0.35822394,3.0520613,2.9352286,6.9079995,103600
-0.20201926,0.09742876,8.465706,3.2157419,6.955529,71000
1.1457813,1.180804,-1.6193819,2.1822999,5.9869595,126999
1.3875915,2.5375874,0.73051775,3.2612169,7.7841024,338000
5.2101502,9.234422,2.101791,9.704193,5.905278,250000
12.637237,-0.84063274,1.1581194,3.1527243,5.2022777,87000
10.85992,1.7774695,0.72747785,2.792741,6.0015054,225000
2.233949,3.1217399,1.4451418,4.521556,8.110827,308000
-1.6582935,-1.4141753,-0.78775656,2.1869838,9.749614,62000
1.4810969,1.4074159,-2.252666,2.9540613,5.8205047,60000
12.08999,-1.4731938,-0.5081769,3.9217985,6.9892535,110000
1.3722248,2.5045528,0.7968399,3.3553355,7.8693824,295000
-1.4998921,-2.3321862,0.07804186,3.1170099,1.2928513,58900
-0.38592654,-0.6830234,-0.8183507,4.442373,9.631131,72000
11.186009,-1.6322304,0.62494445,5.4829645,8.167159,249990
1.6874725,1.553687,-2.6433399,2.6194916,5.0092163,76200
1.5816075,1.9715238,5.7320566,4.272415,5.693145,145900
1.4763653,1.4056939,-2.2460055,2.9417307,5.8160095,56500
-1.4786437,-2.3586988,0.1137951,3.1424615,1.307675,59000
0.24494267,0.12174045,2.4119027,2.8336506,6.9217196,119900
12.194968,0.9146768,0.75236887,4.347626,8.233787,104900
11.974179,-1.4347304,0.99613553,2.9654849,6.2884583,83500
12.232055,-0.95672786,0.37883112,3.4716208,6.90637,88000
-2.5100758,-1.7023567,-1.4174199,4.1548343,10.04798,72000
9.928584,2.264112,1.2334166,4.1494083,7.567478,360000
12.128543,0.3484998,1.3815476,3.6379557,5.6497436,101000
2.2321393,2.9059017,1.5638156,4.4025216,8.133079,235000
11.175604,-1.6935071,0.65210927,5.4174685,8.074339,131000
0.3824568,2.4007628,0.08841735,2.5710404,6.9211507,195200
-0.30253917,0.11504643,7.385165,3.2528696,6.8132386,84500
-0.31777328,-0.5033344,-1.0490522,4.9034486,9.384024,110000
0.23193656,0.046757217,4.2527776,3.2178614,6.443983,76000
11.874256,0.98001367,1.375391,3.7391481,7.5181537,99999
10.702418,1.444961,-0.33308458,3.6238809,6.46178,149900
9.699652,2.3460398,1.2007761,4.2944965,7.7157807,950000
11.967208,0.14290051,2.3464522,4.153297,4.795288,59900
11.980852,-0.4678716,1.6544839,3.442927,4.6615963,55000
11.549076,0.27876917,1.642397,2.989425,4.477004,46998
-1.5546557,-1.5342922,-0.8521716,2.0810375,9.720025,59999
0.8514067,1.7639481,1.6643558,2.884971,7.5061536,95000
1.0817353,1.6716242,-1.9961268,2.6650128,5.5987782,58000
2.0363727,1.4030193,6.1628413,4.5777154,4.81753,145000
-0.9526071,-1.3401769,-0.26629803,3.2585227,10.033006,180000
11.566215,-0.7803523,1.1054316,4.14764,6.2998548,100000
1.7001843,1.554986,-2.604823,2.6561,5.0990305,81000
2.037439,1.4004858,6.1787295,4.576448,4.8106537,119835
-0.9989613,0.56588167,-2.1884918,6.0243454,10.174087,128000
12.981325,-0.91226697,0.77249753,3.4684129,5.9450865,99490
10.558052,2.2903922,1.6623971,3.579199,6.1713963,130000
1.2892371,-0.18345697,1.4840811,4.7586055,1.7778062,112000
12.253478,-1.4367757,0.97327715,2.7820926,5.8946505,62500
-1.5431372,-2.4730172,0.15225811,3.2181213,1.4704918,69000
-0.82581204,-0.37853518,0.83201003,3.4243498,-0.8611332,61000
12.134662,-0.8604927,0.18260463,3.499568,6.9880114,103000
10.423167,2.3214128,0.56348896,4.059269,6.7620287,229000
-0.44972092,0.28717235,0.7631344,3.2323985,-0.2948394,120000
1.0420604,3.114508,0.5529423,4.0007734,7.508856,320000
-1.4392767,-1.4173414,-1.0998049,3.7113128,10.124281,130000
-1.0937226,0.6178298,-2.1006997,5.784868,10.395407,147990
-1.1779149,-1.2923646,-0.13416469,3.601445,10.109276,115000
10.68071,1.8595747,1.0049635,3.2509327,5.651133,149000
0.3013322,1.2672393,-0.2185695,5.024174,10.004925,415000
11.459132,0.1658508,-0.9457008,3.3430128,6.4098334,75000
-0.91889805,-1.2570386,-0.6664704,3.4901698,10.327992,109990
10.675969,1.8548954,0.98959047,3.2617579,5.65663,149000
-0.9421294,-1.2625155,-0.6761796,3.4760723,10.329305,109990
0.04816414,0.5328866,-2.1680055,5.9965568,10.483399,159999
10.984121,-1.6711669,0.7764018,5.545485,8.452344,225000
0.1591241,0.5389554,-0.3663634,5.4621406,10.3274145,145000
10.641754,2.4538069,-0.21679667,3.1883688,5.9548187,42000
11.236806,1.7512987,1.5391363,3.8893898,6.377221,151000
10.517503,2.0602431,1.2116935,4.0404344,7.193807,480000
1.6510673,1.8701681,5.7043223,4.3081145,5.5936456,119835
1.0146402,1.6718773,-1.2565895,2.9813833,6.2860885,169900
10.6801815,1.4181997,-0.45123768,3.575221,6.424464,149900
11.600115,0.53273547,0.65420234,4.6199026,7.694982,144000
-1.1775717,-1.2210225,-0.16342016,3.6337335,10.151679,109900
1.6107672,1.9307171,5.7512107,4.278076,5.6770306,123140
-0.7440999,-0.71857655,6.4534397,3.2223914,6.0287724,85124
10.547058,2.1628594,0.78994364,4.0100303,6.7144685,295000
-0.72212344,-0.6989904,6.46477,3.230906,6.0510654,85124
0.61534405,3.0765114,0.8158741,3.6851962,7.4688745,175000
-0.98988914,-1.4567984,-2.6357174,3.439817,11.142517,110000
-0.22561903,0.66904354,-1.5385758,5.4039326,10.584559,159999
1.4592462,1.409536,-2.2710557,2.9614587,5.8325057,181500
-0.77849686,0.64817595,-2.0134907,5.660717,10.496605,297999
10.868108,2.0323937,2.1929162,2.7696304,6.4804344,175207
1.1880807,2.7552993,0.8651723,4.082492,7.5116496,550000
0.7907521,2.3754892,0.59154874,2.3244574,7.044648,228000
0.3630242,1.2110006,0.03410068,4.7715816,9.748788,275000
2.0349877,2.9801369,1.3847101,4.367707,7.966757,599000
10.863541,2.1343126,0.88806623,2.6664479,5.989631,80000
1.2108251,1.2314975,-0.24212171,3.0659304,6.165712,263499
0.6647511,1.0757056,1.659309,4.319907,1.2706591,100000
10.870726,2.0263948,2.1902092,2.7711318,6.496172,148760
11.991859,0.07382195,2.2859428,4.578448,6.625173,119900
12.14986,0.3608832,2.411154,4.4620543,4.8363767,120000
11.902075,0.08151329,2.3000782,4.617449,6.681348,125000
11.088419,1.5722104,1.365804,2.2047546,6.499134,80000
0.19722708,1.4863448,0.7671743,2.7983587,7.594139,189000
12.108391,-0.1347847,2.6127868,4.732058,4.9904165,154990
0.5082402,2.6869318,0.056286637,2.7602377,7.002886,365000
1.2363217,1.4993608,-1.1590306,2.1739357,5.874472,165000
1.0041142,1.3053966,-1.6031327,2.2250621,6.075686,128000
-1.5737563,-1.4053205,-0.74900436,3.6301033,10.386373,239000
12.551498,-0.21870388,1.097618,2.9068668,5.9191957,69980
0.725458,2.7191443,0.5325558,4.1293836,7.777445,363000
-2.3057392,-1.8437629,-1.5602183,3.801221,9.601539,69000
10.937988,1.5789554,-0.5267847,3.212699,6.4533987,60000
11.548746,0.28013295,1.64249,2.9892201,4.4771485,46999
12.988361,-0.9127241,0.75509554,3.47392,5.948009,87999
12.280318,-0.37347957,0.9589849,2.9012353,6.8719773,107499
12.20556,-0.22421099,2.6859581,4.763407,4.8300533,78000
11.629362,1.5635277,1.2919216,4.0025015,7.4306474,188000
0.3219339,0.65684605,-0.13357058,5.3040648,10.440186,107000
-0.4087657,0.90977967,-1.7117819,5.760642,11.272583,143000
0.29926506,1.1915528,-0.5638515,5.323181,10.365986,240000
-0.27119407,0.99327517,-1.4035378,5.4722934,9.775139,204999
11.589682,0.26271182,0.31185678,5.3693304,8.462962,169900
10.943265,1.721304,-0.011086966,2.550321,7.1909866,256000
-0.25056717,0.988123,-0.35740945,5.3049116,10.624908,159000
12.513765,-0.16498698,1.1498058,2.9597292,5.845054,65000
-0.9085976,-1.7244606,-3.0429208,3.2270048,11.102241,93000
11.763864,-0.31238157,2.2458754,4.8140864,6.613802,173000
-1.0208874,-1.4028933,-2.5977309,3.485221,11.118638,115000
-0.24967042,-0.54829943,-1.0540488,4.787198,9.458583,162000
-0.2608533,-0.26154825,-0.73795027,4.7689815,9.5396,125000
11.45228,0.2585378,-0.86259294,3.2276502,6.5063963,95000
0.89535433,1.4395303,1.5925968,4.191912,1.2166593,248000
10.706671,1.9232551,1.2483149,3.9076471,6.344323,160000
1.2200172,2.9007595,0.13238807,4.318505,8.099838,360000
-0.88345575,0.67626053,-2.1673558,5.8332295,10.516088,124900
-1.7107815,-1.3322684,-0.72730976,2.2919102,9.785927,73000
0.13353357,1.1711172,-0.3738198,5.453425,10.265402,164000
-1.4289201,-1.4004253,-0.63858116,2.4709322,9.983399,57000
-0.73709124,-0.7098859,6.4613433,3.2294204,6.036696,73554
1.7804393,3.0379622,1.0602204,4.451492,8.263396,649999
0.72475505,2.7722108,0.5019585,4.1948204,7.723047,205000
11.169546,-1.7024916,0.656344,5.4094076,8.068285,195000
10.765729,2.2545738,0.95855224,3.644437,6.997768,298000
10.7213545,2.2132125,0.8717265,3.9430127,6.9368286,550000
10.08444,2.3065925,1.1337801,4.115729,7.4662056,385000
-0.74698985,-0.71566653,6.4551315,3.2273507,6.0283823,73554
1.5828133,1.3706312,-2.3975744,2.9367058,5.7445655,74850
1.0333178,1.6821195,-1.964415,2.586943,5.549227,69500
10.024432,2.6085148,0.80630517,3.9719782,7.2427473,374000
10.000297,2.5927837,0.8341283,4.023909,7.261656,374000
-1.5634892,-1.4642738,-0.8273188,2.0686443,9.751765,62000
13.049816,-0.9435174,0.8034321,3.4437683,5.8349633,72000
10.704673,1.9515847,1.8465505,3.3530364,6.342964,155000
0.50090456,2.9248729,0.21358426,2.9794178,7.0278025,159900
1.8666787,1.5280355,6.0733123,4.4072347,5.219916,175000
13.03597,-0.9398994,0.7829984,3.4603512,5.8873425,65000
11.835158,1.0369663,1.3503863,3.7526698,7.5075426,120000
10.904696,1.9162897,1.7826025,3.1547425,6.6644077,178000
-0.4615592,0.021157552,-1.0418324,4.720008,10.774631,118000
10.723152,1.8935852,1.7060694,3.4271252,6.5360875,165000
10.96725,1.948345,1.0850415,2.577762,5.536059,73000
11.199389,1.6238567,1.505107,3.1083927,4.802488,155000
-1.8446862,-1.7705567,-1.2290081,4.463945,10.034453,89900
-0.20547499,1.2229955,-0.5923607,5.7851744,9.903237,253000
12.362732,0.68380994,1.8253139,4.0082307,5.98695,143900
0.062077377,0.73659575,-0.3561277,5.7111144,10.31021,129900
13.01646,0.8039108,2.4361837,4.553033,5.301874,125000
0.08129623,2.079875,0.02181598,2.9493394,6.922557,294900
11.36991,-0.63963133,1.6062094,4.3501186,6.289176,124900
0.20528084,0.89880157,-0.42103347,5.240196,9.737269,280000
10.390223,2.4168155,0.86538756,2.2653222,7.5956435,400000
-0.097313255,-0.2343107,6.877994,3.2165668,6.800578,131250
11.922059,0.13326499,2.1571758,4.562105,6.708825,147000
0.27959636,-1.5816083,1.8337879,4.5964,2.4383664,72000
-0.040395662,-0.18303567,-0.43634856,4.800477,9.786898,133500
-0.29807737,0.5168856,0.41340652,3.1094627,-0.38637978,107500
-0.92943454,-1.6194603,-1.0038863,3.3261895,10.392129,54899
11.54739,-0.76142293,1.1176665,4.1633415,6.285792,105000
-2.3289819,-1.8153235,-1.607423,3.8262699,9.616646,74999
12.549834,-0.22100405,1.098734,2.906658,5.9222445,69990
12.34845,-0.30854884,1.4673882,3.1755493,4.7399874,59899
1.5693882,1.9836887,5.724247,4.2705855,5.6922665,115702
-1.2721817,0.5725209,5.989849,2.9976072,6.9314337,105500
-1.283292,0.66703373,6.00353,2.9446666,6.9988627,82616
0.10715426,0.6565884,-1.0303204,5.672014,10.499457,227000
-0.35240415,0.12555955,8.556273,3.1402707,6.8874316,117525
-1.3114529,-2.469892,0.3928351,3.1456046,1.3084533,78900
-0.63928765,-0.6356814,6.5020804,3.240378,6.1301427,89000
1.9187628,1.5194857,6.244655,4.494051,4.8290105,134000
0.8627148,0.2792705,4.316966,3.4627252,6.4223447,109445
0.8548206,0.2766507,4.3269863,3.4602919,6.4298325,103365
12.079383,-1.4639168,-0.50182194,3.9146216,7.0156455,95000
12.022974,0.76556027,0.9938957,4.288096,7.9173474,159990
0.8068337,2.7243214,0.503714,3.143938,7.2152257,365000
-0.6212628,0.109425865,1.1358293,3.4096954,-0.343342,103990
10.665091,1.8698549,0.9083104,3.3215017,5.6655054,55000
13.001766,0.7882778,2.417403,4.526312,5.2900023,105000
-0.4956276,0.37730187,1.0924256,3.3369093,-0.28579432,123000
11.375707,-0.75979584,1.4781623,4.314831,6.3728952,92000
10.516606,2.4954178,0.67126775,3.883352,6.8929033,269900
1.2563273,1.8648633,-1.7236305,2.4202912,5.6511183,130490
11.659069,-1.0976712,-0.57516235,4.233132,6.768204,94999
-1.8145142,-1.6560792,-1.6777165,2.3579154,10.129675,68500
-0.35328287,1.0526621,-0.40483359,5.3146887,10.675727,160000
-0.95336354,0.7991576,-2.132619,5.628756,10.732999,147000
11.989011,-0.30719256,2.4192367,4.679639,5.022117,115000
-0.38252842,-0.32880917,5.901848,3.2341962,6.344892,106000
-0.37276217,-0.33142868,5.916967,3.246942,6.3329325,138000
-0.0931698,2.010023,0.28584513,3.0398068,7.3678145,185600
0.75622183,2.3616111,0.6104933,4.1029816,8.222057,226800
0.0419254,1.9771091,0.36364907,2.9658272,7.40384,151111
0.35099015,1.1247386,-0.30881837,5.2632065,10.433387,189000
11.384731,-0.5075502,0.42512047,3.996493,6.4733377,105000
0.85114175,0.26879328,4.3345904,3.458298,6.419664,82492
12.264218,-0.76078916,0.8432538,2.669446,6.2884355,39500
-0.6284494,0.42311776,1.4973844,3.2169173,-1.1134393,55000
-1.3115199,-2.4839299,0.4107521,3.15952,1.3388824,73000
1.2031201,2.7636726,0.10938875,4.1340976,7.968219,79900
0.19878055,1.2054603,-0.4276495,5.392256,10.21788,248000
12.169709,-0.92393297,0.44529188,3.4307747,7.0019765,122500
11.734841,0.7262996,1.3167244,4.082275,7.570762,153000
10.831528,2.211802,0.99680316,3.461373,7.086312,359000
12.359417,-0.6012079,0.63141185,3.0010157,6.97734,90000
1.322016,2.4666257,0.12713766,3.6459744,7.5764437,365000
-0.6173052,1.1245077,-0.8730519,5.738067,9.78722,210000
11.385935,1.3926513,1.6438872,2.8787487,4.6976576,88400
1.3458672,1.8616602,1.3187088,4.1972246,0.7465814,137000
1.7587914,1.2349861,0.3104335,3.1579177,6.3626385,254800
0.099637836,0.72646964,-0.30878708,3.0609922,-0.59230417,83000
1.0612799,1.5951298,1.539829,4.1059012,1.19128,165900
-0.34851855,-0.48693746,-1.025365,4.839229,9.423319,205000
1.2156574,1.7282516,1.4300859,4.0478473,1.0794905,100500
11.189331,-1.6436508,0.6349688,5.3530607,7.9900103,195000
12.086513,-0.09276158,2.6506803,4.597105,4.785234,125000
-1.4624498,-1.1886804,-2.378812,3.283004,10.88252,69000
-1.4641786,-1.1918511,-2.3795037,3.2821107,10.897601,69000
-1.2462257,-1.2889023,-0.39337227,3.0534892,10.192133,119990
1.5389968,1.1127667,0.38816524,3.1507468,6.2546835,195000
-0.967223,-1.2333584,-0.5334615,3.4349751,10.30525,119990
1.8075459,1.3093108,6.284828,4.10066,6.283363,146750
2.5696507,1.8349888,2.6725614,3.7817202,8.387529,169100
0.5361497,0.16080621,2.3150823,2.9508111,7.207131,130300
11.206284,1.0668131,-0.57338256,3.1110291,6.597232,97000
-0.05934898,0.37089223,2.933749,2.8236437,6.9776835,100300
-0.05295739,0.35858887,2.9399972,2.829167,6.9746203,97800
0.25466475,-1.7075998,1.9174683,4.700542,2.3835766,113000
0.24606094,-1.7321708,1.950152,4.7313514,2.377205,88000
0.2089445,-2.2073777,1.2854017,4.3709292,2.0987537,64600
-0.2254497,0.7857962,-0.45900714,5.2885766,10.498159,120000
0.13398106,0.7739765,-0.05916771,3.0555196,-0.97989815,76725
2.662155,2.168505,2.5227718,3.969529,8.263906,235000
2.5220757,1.8082778,2.6542268,3.766774,8.405337,211500
1.9265138,1.4338084,5.9804077,4.1108894,6.546003,210000
2.5619404,1.876165,2.6291165,3.796219,8.36927,207500
2.558904,1.8222849,2.676453,3.7715244,8.398368,176000
2.5702066,1.7408834,2.7071145,3.7442675,8.339778,172000
0.14530462,0.552973,2.8118675,2.940702,7.2573605,134000
0.13998644,0.553438,2.8173723,2.9391608,7.2537017,132000
0.36158118,0.09175207,2.290273,2.859039,6.9999146,123000
0.065612026,0.50804174,2.87338,2.9047961,7.1715035,119000
-0.26209512,0.10541021,8.495147,3.1881378,6.9337983,81990
-0.20717116,0.09434202,8.483862,3.210115,6.954638,74990
1.9040532,1.4931543,6.043601,4.3310547,5.7337317,148760
-2.5646744,-1.3418138,-0.95040524,2.725846,9.665138,49000
0.70122635,1.1815406,1.6542099,4.3559456,1.2808452,174000
1.0723343,1.1285946,-1.777493,2.6520176,2.2371562,129900
-0.7848057,-0.753962,6.4378796,3.2185454,5.987483,85120
-0.7777999,-0.7443891,6.4453654,3.2192712,5.9960837,78510
0.4963869,0.29930216,1.3235102,2.8027956,6.327085,97632
0.64893275,1.7126316,-0.41834036,3.393505,7.07244,237160
-0.06334545,0.70449334,-0.13618919,2.9735804,-1.1625297,95500
12.061177,-1.1796992,0.2433951,3.7791088,7.055417,240000
12.134231,0.34377834,1.3700922,3.639164,5.6684666,120000
10.989074,1.9602064,1.3274517,3.9250581,6.7240815,449214
2.644638,2.2413502,2.4063122,3.9916217,8.20627,360000
1.4024287,1.2465731,-0.22620857,3.0573277,6.193181,256000
-0.9634687,-1.6145157,-1.3413433,3.3454914,10.551275,149500
1.6799508,1.5576006,-2.451518,2.769933,5.391444,96900
11.987659,0.05191922,2.4918988,4.31472,4.742771,125000
0.63895583,2.9729521,0.9581431,3.6270423,7.5814614,176000
10.974433,1.5353624,-0.58606833,2.606808,7.125862,169000
10.9774065,1.5389159,-0.58546776,2.5962446,7.1571646,147000
10.929669,1.4243684,-0.73251414,3.0691483,6.546108,71000
0.8444487,2.2607405,0.58070433,2.2932806,7.0548124,279000
11.95542,-0.8851584,0.89667636,4.0709887,6.376013,89000
11.1886215,1.4132079,1.7014804,2.6853464,4.196745,57440
-0.91049165,-1.5885657,-2.9307988,3.3326015,11.065965,129900
11.054617,1.8889257,1.1057425,2.5519626,5.1559834,44990
0.86301506,2.2509952,0.60080343,2.2856631,7.063399,289000
10.747166,1.5424454,2.0285654,3.3255873,5.454272,177500
10.087085,2.3416867,0.977866,4.33978,7.3181167,340000
11.35462,0.09042923,-0.1817951,4.317645,6.4714527,120000
0.9804028,1.6228492,1.7366744,2.8623414,7.4496503,204490
2.2974436,2.1951077,1.3865188,2.9096055,7.7712526,639000
0.12198147,-1.4018518,1.5991021,4.2293673,2.3380826,138000
1.0658432,-0.6880369,1.4008218,4.65461,2.0841355,141000
0.62012845,-0.81137776,1.6246452,4.482122,2.361499,153702
1.1087002,-0.61766815,1.4851466,4.709001,2.0643947,139000
2.4370968,2.019925,2.419894,3.9244583,8.204514,350000
-0.27633426,-0.37056628,6.8984776,3.2091649,6.6472754,68598
-0.48317194,-0.20227382,5.5195065,3.0591314,6.5413084,58658
0.12584408,0.21163115,3.1325014,2.937377,6.7790933,130000
11.31354,-0.6954593,0.580195,4.3524704,6.4752707,124000
-0.16919103,-0.17083743,-0.8197868,4.820016,9.535221,319000
-0.18267256,-0.13231431,-0.90702635,4.8676,9.5379095,365000
-1.4307158,-1.5146221,-0.7193677,3.7703922,10.21805,180000
-1.5745556,-1.5304934,-0.87155414,2.0966437,9.715409,59900
-1.0845537,-0.7837478,1.0814327,3.579947,1.3599205,114800
-0.95728207,-1.5363545,-1.800516,3.6228893,11.310789,89000
11.085104,1.6415088,1.2591417,2.2734716,6.3873253,189000
10.738528,-1.539888,0.89026576,5.6380396,8.94834,399000
0.99567217,3.5308723,0.0474915,3.4044528,6.952024,225000
1.8725073,2.1378326,0.9463329,3.5286748,7.8582187,429000
12.314998,-0.42836836,0.8381032,3.3656516,6.3436394,246500
2.0564406,2.0793424,1.2096038,2.1729298,7.547054,234900
2.0410845,2.0612493,1.1786184,2.1306212,7.506794,225000
0.25710064,1.2185459,-0.24825436,5.077561,10.077777,188499
0.30093253,0.5326465,-0.15489806,5.545035,10.655953,115000
12.181974,-0.23226738,2.683147,4.777314,4.8500957,94999
0.8480092,2.370184,0.68271697,4.113488,8.267077,289999
11.468279,-0.7172068,0.52513266,5.3017116,8.364701,299999
-1.3953608,-1.5405525,-0.7232228,3.75805,10.227478,192000
12.187348,-0.782247,0.57371503,3.2556393,7.0568705,125000
-0.97570395,-1.5831559,-0.515345,3.242206,10.159667,115000
11.703948,-1.4425567,0.29930693,4.2962465,6.9186387,129000
11.621038,1.6588032,1.287212,4.007589,7.433919,198000
-0.30623096,1.1018995,-1.0144014,5.3000765,9.81913,260000
10.600128,2.1005442,0.7553416,4.1088204,6.8985877,339500
0.9012795,2.780273,0.55246806,4.052732,7.867456,450000
0.48026887,1.4545687,-0.7263167,5.2407928,10.223812,380000
10.299998,2.151387,1.068685,4.2107124,7.1269207,790000
10.427281,2.1850488,0.6650299,2.7703924,7.794995,887999
-1.4550487,-1.2053206,-2.19488,3.468225,11.431095,82000
0.01751976,0.7406359,-1.3995502,5.7554736,10.628821,190000
11.657964,0.7559465,1.5371741,3.7105157,7.465113,173499
0.17836761,2.2157006,0.09432187,2.738399,7.0104213,364900
-1.3866489,-1.1770694,-2.0188735,3.4949145,11.295196,125000
-0.15182245,-0.36429524,-0.7277883,4.7195125,9.468518,190000
1.0461478,1.3047442,-1.5867015,2.1984835,6.050469,122000
12.272575,-0.4403703,0.9839363,2.9821386,6.854167,120000
-1.5373093,-1.0757958,-0.46171853,3.095135,10.174007,110000
10.908361,1.497072,-0.8322113,3.15972,6.345796,72500
10.650151,2.3123755,0.79628646,3.955565,6.9760013,550000
12.088115,-1.4904913,-0.4781341,3.9209142,7.033007,140000
0.8651251,0.36034453,4.1346283,3.4611294,6.4357786,139900
-1.1408777,0.57701457,-2.0594687,5.867054,10.259604,121000
10.794941,2.3085043,0.62728864,2.4181278,6.820282,172000
12.970168,0.7508567,2.4510639,4.576086,5.3494916,99000
10.910068,1.8902786,1.4299344,2.4533648,5.955482,29000
-1.1542687,-1.2466235,-0.5046821,3.1549473,10.286476,120000
10.649585,1.6068202,2.144273,3.1404862,5.42425,43000
-1.2919351,-2.9509249,0.7258107,3.3148062,1.1497269,67500
10.162073,2.361359,1.0052857,4.2206435,7.3476396,249000
0.053745948,2.1140141,0.2488801,2.9372487,7.2898545,159999
-1.1189548,-1.3008813,-0.38289982,3.4123964,10.046508,120000
-0.33787525,0.9697493,-0.43983173,5.242678,10.443985,149000
11.209341,1.3702197,1.706527,2.7129145,4.1904197,57438
11.869792,-0.06019847,2.2271495,4.7044187,6.658578,98000
0.8827748,1.7150364,1.6989903,2.8575277,7.47151,289190
0.08118882,-1.4137652,1.534606,4.2586775,2.34421,124000
1.100665,-1.4575497,1.1743649,4.667691,2.2026422,111000
-0.22928049,0.6601317,0.35230643,3.0971627,-0.8940039,106200
11.505083,-1.4843395,0.47412613,4.498166,6.8908544,229000
0.9717715,1.6347347,1.7481558,2.8632529,7.449217,182900
11.778376,-1.5966612,0.23506753,4.3195677,7.3277125,127000
-0.3328092,-0.70789903,-1.067424,4.6128263,9.538858,123000
-0.94560266,-1.107219,-0.9137466,3.6605272,10.437985,119900
-1.4033053,-1.1858006,-2.0444243,3.475811,11.310257,123000
-1.3236424,-1.1666762,-0.30233127,3.7144084,10.143462,63000
-1.0603812,-1.311958,-0.3263204,3.1473525,10.487727,83900
11.619755,0.2361218,0.28420067,5.329483,8.421694,114000
11.630044,0.54637885,0.7995711,4.5160437,7.578328,192500
0.5299945,0.4502182,1.0234021,2.845511,6.0076213,135000
10.7729025,2.027744,0.33948728,2.6702788,7.595297,352000
10.086028,3.6185858,1.1595492,4.0182276,6.5018005,43000
-1.8707318,-1.8786865,-2.423176,2.6146853,12.0763645,117500
0.12436936,-1.4414101,1.6217566,4.22614,2.3580964,103000
12.369787,-0.48580024,0.84904665,3.160647,6.615183,115000
11.299016,0.3457517,0.23508108,4.952077,7.663919,114000
1.205534,1.6296277,-1.3007364,2.195591,5.842621,75500
-0.9703642,-1.1493076,-1.1367327,4.6150565,9.786829,90000
-0.9576384,-1.5160489,-1.7973118,3.633685,11.285194,119000
-2.4866884,-1.3056734,-0.90786994,2.744974,9.653156,49000
-1.2630277,0.5643868,5.9706464,2.9924848,6.926407,105500
-0.05032188,-2.3739405,1.3459938,4.253141,2.0476604,63900
1.0409949,1.1046461,-1.7422826,2.6522923,2.1742294,104900
1.3072454,-0.22535306,1.4793514,4.769539,1.8051312,168735
-0.7574528,-0.24579988,0.97062004,3.4575582,-0.68549883,77900
1.2511202,1.8090372,1.4874625,4.3574758,1.4817705,322518
1.1693442,0.3233489,4.325223,3.6181684,6.3177342,71000
-0.25122723,1.095626,-0.8946307,5.2057695,9.878657,237900
-1.3343241,0.68293434,5.887104,2.9422333,7.008735,108295
-0.42385453,-0.22267081,5.4560027,3.049449,6.538381,76865
-1.0392146,-1.1171129,-1.4243256,3.4017823,10.675636,69000
12.170337,-0.08856861,2.6025968,4.8122683,5.218281,117000
-0.25991043,0.60677975,0.38022047,3.0996532,-0.917793,77000
-0.9530921,0.5865441,-2.1910403,5.9954977,10.27407,129500
10.99146,1.5848675,1.7417843,3.2178934,4.822993,69000
-0.21490063,1.0738647,-0.25422865,4.9317775,10.114371,339999
11.398285,0.8077558,1.7754961,3.2413762,4.5813394,89000
13.009339,0.79831755,2.4536042,4.576393,5.315122,120000
-1.1610262,-1.3847196,-0.5456829,3.0947812,10.555131,150000
-1.2590069,-2.8922455,0.7145093,3.1494358,1.2091067,104500
-0.48569128,-0.7609081,-0.8740178,4.354618,9.781311,144900
10.782257,1.9942461,1.987896,2.3617995,5.863417,114999
11.162882,-0.36292183,0.33276024,4.402381,6.5597916,149000
11.07768,1.3399849,-0.6872553,2.701757,6.98968,69500
-0.40765643,-0.4131036,6.18894,3.234085,6.334724,102000
-1.0672883,-2.6405349,0.75829107,3.39248,1.3710418,65000
12.937588,0.7189356,2.486339,4.6200027,5.362723,127000
11.714318,-0.68824905,1.7165074,4.0663304,5.0525784,79000
10.67496,2.3427637,0.96573526,3.7255075,6.989181,410000
-1.8495288,-1.7712569,-1.2315489,4.4575286,10.032992,88900
-1.0344796,0.6695542,-2.1386085,5.7373514,10.567144,103000
10.583401,2.4399338,0.73385924,3.7979453,6.932953,525000
12.223745,0.22234878,1.3535746,3.245196,5.7326636,109999
1.1468201,1.5911223,-1.9899555,2.4529088,5.409043,75480
11.070736,-0.15258801,0.31480122,4.5955873,6.8768735,104999
-1.2046845,-1.2169974,-0.523638,3.2741573,10.675416,116000
0.98875356,0.29916462,4.345882,3.5154953,6.402615,85124
-0.12471536,-0.36051005,6.9349494,3.4096508,6.512472,109005
-0.45196727,-0.23386863,5.5234814,3.0470073,6.546849,88700
-0.14968026,-0.33863223,6.9383407,3.3716104,6.552014,118470
-0.32424983,-0.39945608,1.4215392,3.887018,1.7129287,140000
-0.0043959212,0.660723,-0.13000818,2.9805617,-1.2465458,120000
0.32254466,0.26556793,1.7964854,2.7419927,6.874294,72900
11.195466,0.50783956,0.27215737,5.0813904,7.8344207,147900
12.176377,-0.5734646,-0.40538427,3.0614352,6.7325325,115000
-0.22136673,1.2415068,-0.5419317,5.6888227,9.945075,238000
0.40293616,2.5651076,0.026511021,2.6225424,6.9027243,259300
1.0843407,1.6766016,-2.008519,2.6646671,5.5766144,58000
0.8517899,2.7053676,-0.21331243,2.9184167,7.036281,133500
1.3170878,3.1679285,0.5344489,3.91465,7.7685275,382000
0.8274694,3.2863278,0.12157321,3.0985398,6.987342,81200
3.564716,6.930162,0.9856736,3.058136,6.8440795,158400
0.82163906,3.2699518,0.12364886,3.086644,6.9906516,79716
0.61044514,1.4004701,0.7111683,2.4050643,6.912004,159000
11.493557,-1.5124931,0.5043602,4.5036,6.8925257,130000
0.88142216,3.3032293,0.14017034,3.1728961,7.0374675,99162
1.2099789,1.6561565,-0.79843247,2.112177,6.1519866,139450
0.8196823,3.2776084,0.12342647,3.0889225,6.9899044,83300
-1.2275957,-1.1903836,-0.6879474,3.2919462,10.801358,110000
12.210523,0.24726038,1.3976568,3.2242546,5.687832,72900
0.2087739,3.5685692,1.1890569,3.5861714,7.2032204,105000
11.398082,-0.50758934,1.8256994,4.4108715,5.4725423,77990
12.185047,-0.78493947,0.9908141,3.5735185,6.7018943,105000
0.6988969,-0.13079436,1.6160936,4.4613667,2.014201,144900
12.795586,0.72972846,2.239285,4.388056,5.4866815,109900
12.949511,0.7339514,2.4774413,4.608995,5.354575,92900
-2.1596236,-1.1396167,-0.7768276,2.5692842,9.790653,94900
-1.8804541,-1.257084,-1.0179039,2.0376413,9.752038,98000
-0.9134002,-1.6568648,-2.9530122,3.2831955,11.090547,115000
-0.8181015,-1.1311709,-1.1674544,4.026201,10.330826,69000
0.98707634,2.4329162,0.9891426,4.0729837,7.5045376,188000
0.5549676,0.44919756,1.9565971,2.9483669,7.186129,199700
-0.30485758,-0.6303264,-0.75667113,4.4720087,9.575247,79900
1.1069379,1.6014068,-2.637903,2.249665,5.412687,44900
-0.18576686,-0.39204815,-0.7104803,4.696684,9.558053,145000
2.6712925,2.817638,1.9836612,4.405358,8.198912,1090000
-1.7481745,-1.6470917,-1.622965,2.423887,10.139215,125900
-0.26972923,-0.550359,-0.7621629,4.4925966,9.499021,79990
11.433243,-1.724991,0.6189858,4.6242676,7.155724,120000
11.036784,-1.4759904,0.8555008,5.3868895,8.674448,219900
1.2585866,1.8319738,1.5114278,4.4263415,1.5324532,155540
11.97424,-0.5204914,1.6610013,3.4864883,4.6254306,58000
0.0089037595,0.5381533,-2.215978,5.999503,10.52864,89899
12.08192,-0.89953154,0.7554766,3.5120158,6.8269415,85900
2.065294,3.093469,1.3371603,4.437465,8.125246,875000
13.036586,0.8231141,2.4522927,4.5702887,5.294957,124900
12.679342,-0.8489807,1.1613259,3.1871257,5.188873,107000
-1.5739924,-1.4048469,-0.9947525,2.482132,9.748283,42900
10.918305,1.8623317,1.3660151,2.4491103,6.0102735,116000
0.6635367,-0.08947495,1.6229603,4.46679,1.9334388,149000
5.245545,9.18367,2.0538263,9.656905,5.9548154,125000
-0.28049383,0.58557004,-2.1044595,5.6335793,10.683018,108000
-1.1267731,0.39728805,-1.4398991,6.063266,9.642095,90000
-1.099266,-1.3191789,-0.44702896,2.9621005,10.404725,107000
0.5385322,0.4698481,0.98568875,2.8527172,5.978287,135000
12.231868,-0.5785075,-0.4185667,2.956901,6.7170997,68000
-1.5584606,-2.5340166,0.20754623,3.2366421,1.3769536,67500
1.7554272,1.5282974,-2.3549678,2.8412457,5.320536,149900
-0.26758283,0.26050055,-0.7998,4.587534,10.8321495,220000
10.606913,2.1582894,0.9416141,3.3296058,7.5022326,450000
-1.8313841,-1.3358228,-1.031661,2.1412358,9.776707,98000
2.3143668,2.1263814,2.2341192,4.0415993,8.084031,205700
-0.95300436,-1.3207107,-0.6056081,3.4605138,10.288307,82000
11.081726,1.9209542,1.2116022,3.6090865,6.5513964,329000
-1.0822008,-0.7850417,1.0871269,3.5833507,1.3648459,120000
-0.06955278,0.59659904,-1.5409502,5.544063,10.464178,195000
1.705591,3.0078402,0.821964,4.477763,8.260996,545000
12.332176,-0.5063975,0.5924148,2.9682932,6.719426,96999
0.4997076,0.65480673,1.6952188,4.2808275,1.32445,100000
11.385337,-1.7363384,0.57622635,4.7123675,7.2466702,159000
-0.13707155,-0.22437474,6.8757315,3.215118,6.7614074,73554
11.693446,1.4183276,1.223332,3.7027137,7.3892565,115000
12.131238,0.28891206,1.3586136,3.4785066,5.562135,104900
11.764406,-1.9283731,0.31637368,4.0311904,7.090383,79999
-1.8772714,-1.6458888,-1.5985463,2.459197,9.971624,77999
-1.2781643,0.67002285,6.002878,2.9467866,6.9966135,89450
1.5709909,1.9874328,5.7128778,4.269772,5.706798,121900
1.8969485,1.1571748,5.974352,4.4349413,5.3696256,166900
1.2019632,1.8285702,-2.8173716,2.4455185,4.958959,89000
-1.3359716,0.6386493,5.936391,2.9840379,6.973071,140000
11.840799,0.48411205,1.4420482,3.0373888,4.8138375,25000
-0.35123092,-0.3646934,-0.8796025,4.8386273,9.478778,164900
-1.7620327,-1.1286086,-0.5709921,2.7293484,9.924756,79000
1.5628175,1.1780411,-1.2939742,2.5292282,5.86226,170000
1.5359421,1.3862501,-2.0879724,2.8090637,5.718772,111900
-0.1460007,-0.1392373,6.773512,3.149816,6.8149753,105000
-0.8307533,-1.1281192,-1.1642201,4.043284,10.308708,67000
1.485407,1.3876847,-2.1420443,2.795509,5.743331,84900
-0.89909965,0.84449077,-0.9998823,5.85651,9.595363,154991
0.06743894,0.68893653,-0.089838475,3.0310695,-1.1801192,120000
11.440586,0.19642669,-0.901769,3.3283794,6.43134,63500
12.287803,0.7706634,1.8187903,4.057067,6.1153855,209900
-1.0379277,-1.3358766,-0.30007514,3.1377678,10.430636,90000
1.5831801,1.9623526,5.7353897,4.273029,5.694558,116391
-1.4695482,-1.0819398,-0.7770122,3.4533722,10.590422,125000
10.691609,1.3175231,-0.5770225,3.6185174,6.402176,91000
0.57559425,0.16003025,4.3120604,3.3506885,6.3990083,85900
-1.1401559,0.46389118,5.768483,2.9631555,6.911888,79000
-1.1527573,0.48661968,5.764402,2.962348,6.9254265,74000
11.464048,0.19354917,-0.8700137,3.2622666,6.4947886,79000
1.8473387,1.3595939,6.161109,4.1092095,6.365209,193805
1.8906686,1.4545686,6.2538695,4.1963754,6.036261,179940
1.8244383,1.3271096,6.2500834,4.1058416,6.3008895,174190
1.7789195,1.2864957,6.3034325,4.087851,6.294498,165025
1.5388571,1.1033462,6.470191,3.9819689,6.3763766,154260
-0.049981803,-0.27233976,6.8888407,3.260503,6.8066607,89256
1.9332904,1.2861345,6.5689473,4.1480985,6.019696,147950
0.70627254,0.49404874,7.0307217,3.6328259,6.579374,133100
-1.3150269,0.6558575,5.899798,2.960922,6.993898,87000
0.70549417,0.4930205,7.02567,3.631838,6.5797195,131630
2.0281508,1.2780254,6.7136045,4.1769214,5.9044294,130200
0.11429506,0.8704592,-1.3120704,5.668665,10.514774,159999
0.67029595,0.46759796,7.0496707,3.616296,6.5906587,121335
0.66392416,0.46365494,7.0537915,3.6134412,6.5924597,118370
5.1941023,9.269127,2.1339087,9.733165,5.8671265,185000
-0.7709582,-0.99868876,-1.1118672,4.158325,10.226279,119900
-1.2690744,0.67826355,5.7441597,2.93835,7.0118837,82000
-0.8981728,-1.7464303,-3.081647,3.2084706,11.104678,62499
1.4080894,2.5665586,0.68189085,3.4913068,7.889738,179999
0.652792,0.45305797,7.051805,3.6099555,6.5916843,117805
2.0810368,2.1287918,1.1890912,3.034836,7.7216454,309990
1.0953953,1.5903428,-1.8575898,2.505237,5.5614023,118000
0.63833606,0.43884978,7.0433636,3.5925138,6.608756,117525
-0.1985035,0.020097943,7.8220186,3.209629,6.819922,106120
-1.3287038,0.6731574,5.8929725,2.948892,7.0028367,113750
-0.23016612,0.20894146,-0.57971746,5.1353116,9.96205,134000
9.599556,4.0247917,0.8505957,4.040262,6.663437,159000
-0.14635828,0.01567376,7.5513906,3.2594252,6.8074565,85820
-0.27234176,0.9911129,-1.3972398,5.464314,9.773951,205000
10.109145,3.596318,1.1741841,4.012951,6.4923153,60661
1.8510154,1.382422,6.140549,4.1245923,6.3254957,252195
10.802851,2.0056558,2.0190077,2.3170803,5.8440495,96333
1.8519667,1.385921,6.1509256,4.1322284,6.288325,234675
-0.37875843,-0.70698696,-0.8704457,4.460056,9.6398535,109800
1.8471303,1.3748453,6.1614504,4.1236515,6.310834,234150
1.9100088,1.5004793,6.0714874,4.3020225,5.7794523,161730
-0.31845057,-0.5038807,-1.067354,4.933379,9.336228,109000
1.9046574,1.5077432,6.180419,4.4388638,5.0065565,155100
1.9132282,1.4880757,6.0745945,4.307071,5.760851,150945
1.9139328,1.5158846,6.1901464,4.4631186,4.935032,142905
1.9256366,1.4901906,6.195786,4.481135,4.9107285,141306
11.281669,-0.7568108,1.4957681,4.052967,6.4656687,94500
0.9085851,2.4465566,0.77788115,4.115798,8.017923,695000
-0.12960842,0.52672946,-2.2048228,5.8051944,10.618768,134000
1.9156182,1.5105971,6.1877017,4.4714828,4.9031987,120420
10.79577,2.0193274,2.0293665,2.3405256,5.9143076,91626
1.917197,1.5145192,6.2150736,4.4818435,4.8699985,112347
-1.0559436,-1.1715608,-0.5363961,3.5583034,10.309641,79000
-0.14196295,-0.35014927,6.9408493,3.3895645,6.5282707,108660
-0.14370398,-0.3296945,6.939395,3.3697379,6.5584793,108600
-0.12557285,-0.34351376,6.9640923,3.4049237,6.5262885,106710
-0.14845516,-0.34782305,6.944124,3.380398,6.5387216,105270
-0.14227219,-0.351427,6.9549623,3.3876548,6.53691,104865
-0.46913734,-0.20952468,5.522843,3.0647845,6.5345354,73755
-0.48232898,-0.20845917,5.520515,3.0564904,6.540075,72510
-0.49113134,-0.20070024,5.529098,3.0705655,6.5288525,65130
-0.48545173,-0.20574717,5.526385,3.0657225,6.534156,64800
10.601854,1.9932907,2.1583939,3.2326512,5.738294,154721
10.664665,1.9745784,2.142164,3.221847,5.6624827,121117
10.654947,1.9759498,2.1463256,3.2286606,5.6443124,114034
1.9047135,1.2919381,6.504929,4.1448455,6.051783,161000
0.15772349,1.2492354,-0.34875673,5.3530693,10.684981,138000
-0.3416757,-0.46115017,6.6422877,3.3091245,6.3825946,91900
-0.1733271,0.6757906,0.21446306,3.0642514,-0.9666425,75500
-0.34094954,-0.466427,6.6606007,3.314531,6.383634,87900
-0.4484279,-0.23257956,5.491636,3.0380967,6.54111,70500
0.5151388,-0.7893657,1.4913985,4.3554344,2.2939308,225500
0.14068304,0.73483104,-0.371336,3.0349038,-0.46725434,95000
11.226014,-1.7184843,0.5978601,5.373157,7.996549,80000
1.5970715,1.8842404,-2.5152707,2.519377,5.26437,122000
0.05294567,2.0990505,0.03157545,2.9508877,6.92739,298500
-1.5607121,-2.468457,0.12994567,3.2300375,1.4811901,78650
-1.5488628,-2.4583771,0.1386687,3.2254717,1.4746412,83490
1.2121849,1.725371,1.4326407,4.0460215,1.1146501,121605
-0.30357602,-0.4574517,6.608962,3.3422916,6.3895397,91500
-0.35178855,0.88754225,-1.7275578,5.7596354,11.217622,134990
2.2079277,1.2717888,6.9134603,4.2566614,5.6471486,115702
0.704475,2.7378552,0.53209025,4.1730695,7.7299933,339500
12.060064,-0.07194738,2.6215086,4.5467353,4.7627172,125000
11.971851,-0.5670576,1.6666102,3.5273027,4.5972524,64500
11.930587,-0.05653437,2.376386,4.732699,6.6516128,124900
-0.97995865,-1.0546939,-0.9550393,3.7888362,10.427864,128999
0.12590298,0.795993,-0.027492212,3.0892208,-0.977185,99825
1.4015301,1.8337435,1.2668248,4.2442803,0.71611685,110744
-0.17889448,0.73892176,0.20562384,3.077902,-0.85886526,88017
12.091388,-1.1432608,0.22881883,3.7249744,7.0356107,145000
-0.036247488,0.7532375,-0.20630777,2.9985633,-1.1678833,86364
11.963811,-0.086105764,2.4400706,4.792169,6.589052,129990
-0.6314149,-0.57218784,1.3382652,3.803472,1.4767165,135000
-0.056639466,1.914744,0.2654469,2.9081094,7.4450746,103000
-1.2815905,0.6652598,6.004837,2.9467108,6.9965644,90074
10.542027,2.1777225,1.0396752,3.9639485,6.7832775,315000
1.659733,1.8516718,5.6945415,4.3071256,5.5906987,175900
11.746242,0.63676536,0.5658455,4.7064757,7.98085,80000
1.2891066,1.7890964,1.3817,4.121744,0.889646,144500
12.117113,-0.72931194,0.95865095,3.3539624,6.8290825,108000
12.079177,0.28513724,1.903539,4.244696,5.8171453,145000
-0.26560476,0.58742857,0.5235021,3.1255035,-1.0933844,106000
1.3226633,1.8347385,1.3435657,4.1735687,0.77682245,93900
-2.9580467,-1.8427302,-1.2837113,4.0135098,10.284556,67000
0.64641255,2.7154872,0.5091575,4.191416,7.727218,311265
-3.0415335,-1.8697623,-1.3632627,4.135626,10.266225,73000
-2.9637256,-1.8521903,-1.2842542,4.0155816,10.287221,75000
11.51841,1.4424696,1.5197684,2.7393944,5.0600166,129500
-1.5993196,-1.4692297,-0.79189503,2.1652727,9.739852,56900
-0.18645012,-0.19958949,6.8859553,3.1942968,6.7279396,92625
2.0811393,1.3149801,6.6333747,4.2978635,5.520793,128099
-0.80734736,0.11250746,5.648486,3.0149348,6.7202005,64800
-0.5603887,0.12695934,6.9562526,3.1810446,6.797053,104865
2.6623547,2.1700795,2.530082,3.970114,8.260694,235000
-0.16316524,0.011786744,7.532997,3.251994,6.8064504,87360
11.938802,0.6219635,1.4411738,3.7369049,7.657106,92500
10.671509,1.3365974,-0.5851105,3.6159465,6.377914,122000
11.42818,-1.6195823,0.57366985,4.6243734,7.104227,85000
0.5517334,0.16367848,2.3109682,2.956487,7.2199264,115500
-1.4284021,-1.208209,-2.1391482,3.4892752,11.389661,122000
1.8418013,1.3554764,6.1719937,4.109753,6.35218,197500
-0.43002525,-0.49213883,6.5011363,3.249447,6.323486,78582
0.20670748,0.6764762,2.7057517,2.9815836,7.3177433,175900
1.6197991,1.5213004,-2.527807,2.7394984,5.411247,67560
1.4940808,1.4451498,-2.199338,2.8370585,5.6770983,135240
0.9807474,1.621302,1.7371397,2.862392,7.4500513,183920
0.7256807,-1.8400409,1.34013,4.610285,2.2499275,75600
0.102246694,-1.4528707,1.6138266,4.260577,2.3684168,111000
0.7295433,-1.869715,1.3888842,4.665792,2.274656,94000
0.7350354,-1.8516028,1.3641415,4.6367993,2.2574923,107500
0.468735,-1.0593745,1.4638959,4.306645,2.2811313,103500
0.3552752,0.3930786,1.9530121,2.8156717,6.970831,114950
0.5639463,-0.8366614,1.5815558,4.430881,2.3265047,171273
-0.008890513,0.30514768,2.8542292,2.8218286,6.905532,86900
-0.037037175,0.26755694,2.8123896,2.790844,6.8153677,73900
0.01855095,2.1627557,0.06396094,3.0017622,6.9656954,174890
0.0132656,0.14805321,7.91069,3.3304808,6.8700233,86061
2.1566403,1.2786655,6.8391423,4.24929,5.6815476,114689
-0.1903855,0.098014146,8.455438,3.2213445,6.960706,70389
10.699396,1.8940597,1.8782997,2.870197,5.556372,110000
-1.3741802,-2.1450953,0.025087656,3.019369,1.1704794,89000
1.2110126,1.8095796,-1.594275,2.3512678,5.715328,75000
11.086296,-0.27415085,0.26961312,4.5253234,6.733829,92800
9.641678,3.9933004,0.8036062,3.9859054,6.6072636,165000
1.9560016,1.4883347,6.087711,4.5471473,4.818251,133058
-0.73581904,-0.7093445,6.4611187,3.2275598,6.0383186,73554
-0.34908795,-0.7228558,-1.0204141,4.5765676,9.54817,114000
0.57398736,0.49727052,0.9575785,2.8576167,6.027397,139000
0.8923658,-0.11911821,1.6410964,4.590527,1.9232082,132900
-0.21586135,-0.52567357,-0.91931504,4.6611886,9.256912,250000
12.062327,-0.8746804,0.78776205,3.515941,6.796562,89000
-0.9627067,0.83953977,-2.165658,5.5948114,10.767047,172900
1.2334598,1.7882326,-1.6073604,2.3388941,5.691749,135000
-0.9509975,-1.5599062,-2.8561041,3.3570497,11.111876,80000
0.44505692,2.9556794,-0.016471526,2.7395349,6.867147,215000
1.4972086,1.755088,-2.4600773,2.516722,5.2414675,75900
12.380099,-1.3892744,0.9877936,2.689882,5.7986927,49800
10.083035,2.2918773,1.017971,4.3953333,7.3041124,280000
-1.404881,-1.1855314,-2.0312026,3.4691448,11.307737,124000
10.694109,1.4932775,-0.22919519,3.6781769,6.5613275,195000
-0.434301,-0.44663975,1.1813083,3.7663846,1.8452139,83000
1.3960698,3.1144612,0.2398651,4.203311,7.9497943,610000
-1.0699277,0.62475866,-2.1009917,5.7724657,10.415001,137000
1.1753428,2.8278606,0.79479223,4.1005383,7.701099,519000
-0.105671145,0.6587753,-0.26748314,5.2261524,9.90472,174900
-0.21401657,0.989768,-0.65376127,5.620862,10.418608,125000
10.834909,1.9786375,0.08877036,2.707797,6.865385,249000
11.400611,1.3991777,1.5778273,2.9611864,4.5976853,165000
10.78246,1.9997114,1.2750323,4.0471873,6.8891363,570000
-0.81613296,-1.1383644,-0.59036237,3.6484706,10.227862,116000
1.1685556,0.3215139,4.3312225,3.6146066,6.321865,72632
11.158072,0.5241012,0.28483304,5.08647,7.825971,147900
-2.3356779,-1.8575045,-1.5868562,3.7859511,9.577202,65500
1.3258413,1.8294486,1.3377855,4.2541375,0.68532395,107380
-0.027201368,0.762201,-0.20950812,3.00725,-1.1409185,92960
11.462103,-1.0323031,0.5191031,5.3164716,8.392262,78500
-1.724337,-1.7475764,-2.2615128,2.7918184,11.864519,115000
-0.27590725,0.80656695,-1.4503253,5.64174,10.971505,139000
-1.7834067,-1.7389112,-1.1809999,4.483406,10.069529,99500
12.436242,-0.58397585,0.40643784,2.9490807,6.8523026,142000
-1.8245986,-1.833308,-2.3710709,2.6740825,12.009099,78000
11.907021,-1.5034469,1.0266588,2.968977,6.300838,100000
-0.050053116,0.73705,-1.8676463,6.012085,10.871016,115000
0.43284157,2.947206,-0.013178581,2.7340074,6.8663316,129500
-1.6794766,-1.3145068,-0.7641519,2.235777,9.77746,95000
1.1929135,1.1494589,-1.6293744,2.2186582,5.996998,125000
11.189084,-1.6742449,0.64678204,5.399178,8.057018,165000
-0.39330968,0.8659594,-1.6793078,5.5048823,10.799365,207777
1.3339678,1.9447958,-1.7391961,2.7286396,5.742218,185000
-0.44455755,-0.43569767,6.1449666,3.2259593,6.302015,85124
-0.44184792,-0.346569,-0.93657714,4.979828,9.4216,174999
1.3265623,2.922378,0.14313552,4.1557407,7.9559045,339999
0.649031,0.5169085,0.9719595,2.8712823,6.130608,169900
0.1691978,0.13615279,3.8433495,3.1142766,6.58009,117990
1.2831423,1.8549304,1.5000501,4.4262767,1.5033901,190000
1.1655267,1.7002184,1.6882364,2.9819975,7.5170226,338800
0.64190537,-0.72764254,1.7085148,4.551876,2.3662894,211000
-0.014889718,0.6839498,-0.14516307,2.97367,-1.2226373,99247
1.0806007,-1.4996614,1.1770649,4.6627097,2.201165,117000
0.38918507,-1.0535934,1.4711725,4.252746,2.2790773,114397
0.031424005,1.2693666,-0.37386507,5.68741,9.756862,231000
-0.9438176,-1.3525852,-0.25177363,3.3031132,10.0214405,180000
12.322993,-0.49412712,0.6825641,3.0135527,6.8061094,119000
-0.99533606,0.5701969,-2.1727328,6.027526,10.17395,143000
12.440101,-0.55815524,0.32446384,2.9015353,6.867453,133500
1.3063194,-0.22150765,1.480972,4.768174,1.8038605,93900
-1.0059648,-0.76084197,1.1178528,3.6253848,1.3954399,132193
-0.26896206,0.5894451,0.5171758,3.1257095,-1.083692,106000
-1.0929087,-1.288122,-1.819883,3.7235267,11.195068,122000
11.982696,-0.43430376,1.6434357,3.447705,4.7117815,42000
0.20395422,2.8085053,0.5995284,3.0927465,7.1409683,135000
-0.96663225,-0.73146266,1.1858057,3.668282,1.443272,105000
-0.26719365,0.6119392,0.49709606,3.1178002,-1.0404032,109000
11.570856,-1.1474712,1.0395267,4.1691914,6.79757,116000
2.1861596,2.0927215,1.3193995,2.3436913,7.633076,345000
-1.8947569,-1.1377705,-0.6307285,2.476341,9.788338,57500
-0.97405887,-1.3624812,-1.2223096,3.774296,10.474715,114900
11.803295,-1.8433311,0.3780011,3.8572676,7.054485,75000
11.856114,0.2490326,2.0769672,4.468178,6.7177277,189999
12.455663,0.008957887,1.1587503,3.0812306,5.8552823,74999
-0.22783276,1.2835661,-0.30684647,5.402763,9.918247,123999
10.101649,3.5521579,1.1674888,4.0380206,6.5252156,90909
10.493891,2.0601413,1.121074,2.691591,5.7514977,84000
9.594217,4.0276356,0.8568126,4.0377197,6.668462,158000
0.007683815,1.0778819,-0.21022545,5.413426,9.953187,225888
0.25221926,1.2667686,-0.407671,5.2451777,10.431908,161999
0.95085883,3.0826893,0.65059215,3.9064713,7.558817,315000
-0.90993583,-1.3969476,-0.19869001,3.3146458,10.097148,115000
-1.090423,-1.3230127,-0.16749051,3.5124006,10.096568,105000
11.316076,-1.401132,0.6115215,5.4302073,8.303845,220000
10.7480135,2.3157737,0.6619228,2.4280016,6.887279,308000
10.609409,2.021001,0.7655475,4.144183,6.9333086,279000
1.1208485,3.1269262,0.26475698,4.237357,7.7838573,315000
10.862092,2.1086335,0.8985529,2.6547544,5.960565,80000
11.043861,-1.5206199,0.74794894,5.5911503,8.663422,230000
11.661226,0.84535706,1.3670995,4.3048677,7.290094,287000
9.58846,4.0473332,0.84354365,4.0413456,6.6503816,350000
10.741083,1.9342047,1.1981363,4.0103154,6.451184,255000
11.703138,0.80778986,1.434424,4.2229834,7.3005157,268000
11.369688,-1.054552,0.7329402,5.228702,8.3167515,230000
11.964562,0.7770551,1.1698496,4.145182,7.791833,200000
11.926571,0.64571095,1.440168,3.777976,7.6511817,128000
10.566402,2.420845,0.8166698,2.5502603,7.192242,240000
10.937123,-1.589006,0.8161342,5.5964465,8.709724,200000
11.812623,0.72575474,1.1947812,4.268399,7.632508,185000
11.918098,0.6487394,1.2395277,4.142435,7.6788235,195000
-2.9484973,-1.8497524,-1.303338,4.007598,10.272675,90000
12.246044,-0.5343844,0.9887681,3.1836307,6.84028,125000
10.428875,2.3878837,0.83736193,2.3789072,7.6270046,650000
-2.9920619,-1.854927,-1.347044,4.102189,10.25875,69000
2.0154245,1.4355221,6.148352,4.5692663,4.806786,119835
-0.8345513,-0.79484236,6.42564,3.190527,5.9389167,95041
-0.8823757,-1.3967191,-0.18536192,3.2714133,10.122079,107900
11.670212,0.80599153,1.2983693,4.321556,7.3889804,335000
10.546439,2.363485,0.49256092,2.9810126,6.3316665,456096
10.468801,2.1434042,0.9855458,3.7855818,6.9691725,325000
10.512295,2.2855132,-0.09908209,3.4612603,6.028071,155000
1.5204297,1.3335062,-2.0884094,2.8093085,5.795368,74998
-2.5892193,-1.8578547,-1.3448337,3.5937314,9.979816,89900
3.511834,6.899152,0.8141781,3.3349354,6.7254124,234500
10.633076,1.4462638,-0.49249977,3.6543758,6.3128514,51500
0.22431447,0.85762054,-0.41277367,5.22649,9.7338085,255000
11.704452,-1.435337,0.2894559,4.2975287,6.937477,132000
-0.59150904,-0.8539412,-1.0485001,4.5104537,9.7774515,89000
11.403424,1.1402276,1.4168835,4.115544,7.417102,380000
1.988179,2.2252395,1.3356878,3.25591,7.755049,330000
10.953881,-1.5690056,0.7874674,5.6333737,8.737692,170000
10.598285,1.9252325,0.61994934,4.0950785,6.7015696,415000
11.184729,1.6117392,1.6084512,3.0388896,4.8752875,148999
-0.026626954,0.7344713,-1.8510991,6.023084,10.867742,129900
10.722032,1.8319501,1.7010006,2.8852193,5.554846,107500
11.462303,-0.5426552,0.5110388,3.901437,6.4296265,87000
0.2330379,0.52705175,-0.24439672,5.45077,10.340398,129500
-1.0641285,-1.1788195,-1.4438015,3.272579,10.695512,67000
-1.0644013,-1.1811904,-1.4598191,3.2528012,10.691338,85000
-0.30799818,-0.67198884,-1.0501616,4.636006,9.533356,109900
1.5107448,1.3935236,-2.099512,2.7958202,5.7106233,74999
-0.26907378,0.9968677,-1.3854398,5.458314,9.7783165,135000
11.033988,-0.009299672,0.39297983,4.3398404,6.4091673,129000
-0.31674072,-0.6944841,-0.81978166,4.494589,9.422361,238000
10.85576,2.063128,1.9889715,2.3043418,5.912643,86900
0.5653321,0.15091994,2.3070745,2.9583795,7.222773,123000
-0.21930651,0.56305116,0.43836513,3.11665,-1.2512133,140000
11.686867,-1.6006105,0.7698339,3.9193382,6.54732,39000
10.454689,2.2805684,0.76497984,2.4130628,7.7404623,400000
10.442696,2.2802982,0.7736064,2.4057333,7.766461,400000
1.5875473,1.9585782,5.664891,4.283236,5.67456,129600
0.0067277127,-2.318542,1.4056178,4.3176236,2.098044,62000
-0.95251846,-1.1368538,-1.1378447,4.621852,9.776849,65000
-1.5120102,-1.19959,-2.2949617,3.306897,11.092601,80000
12.174999,-0.5839403,-0.25479934,2.7727969,6.619187,52900
0.741374,1.7197915,-0.5279777,3.4042,6.9776416,190000
1.742867,1.2173237,0.35064968,3.1706347,6.3505545,254800
10.599821,2.1647844,0.93896383,3.3296847,7.501149,430000
-1.9462599,-1.692313,-1.2999854,4.519272,9.992163,73000
1.1956316,1.125846,-2.0507686,2.3220778,5.991605,50500
-0.20549706,0.09394746,8.48297,3.2116523,6.956028,75000
11.965568,-0.6192093,1.3019353,3.9091825,6.4026966,125000
-0.33793813,-0.46606445,6.6565967,3.3169425,6.3822985,87800
-0.3169643,0.60616773,-1.8338361,5.38751,10.678105,137000
11.9290285,0.12819603,2.1282396,4.557578,6.7253656,141900
-1.726027,-1.1573085,-0.6084164,2.562562,9.831984,67500
-1.4146221,-1.2114538,-2.39834,3.292434,10.87497,74990
11.864574,-0.07140591,2.2242355,4.709468,6.6588626,97500
1.3090295,3.3390534,0.33364892,3.6902957,7.545762,269000
-0.32106552,1.0303047,-0.37438136,5.289064,10.655413,160000
10.711274,1.8880188,2.0324109,2.7856843,5.537519,90000
0.1310002,1.8187847,-0.24822876,2.7276316,6.6683936,175000
1.1506453,3.1020691,0.2278451,4.221351,7.8350444,547000
0.014139926,0.62993324,-0.17854682,2.9380426,-1.246692,120000
-0.89824486,-1.7552269,-3.0910573,3.2007399,11.106679,125000
-0.9980668,-1.1554716,-1.1282661,4.616296,9.807892,145000
0.28449583,1.2207664,-0.21950302,5.064883,10.166264,229000
-0.21536385,-0.58315825,-1.045033,4.7487864,9.450921,134900
11.4999,-0.64858025,1.6929204,4.24076,5.370564,75000
-1.3161244,-1.9963646,0.0999356,3.035971,1.0882709,63000
-0.36553758,-0.72133243,-0.9792943,4.5195966,9.620633,90000
11.302814,-0.60738075,1.5286351,4.1812334,6.2721806,130000
1.4823675,1.4002516,-2.282561,2.9276612,5.7992067,51500
0.11710358,0.5722408,2.6489477,2.8944383,6.9668393,129954
0.15745927,0.6053006,2.5893037,2.9112008,6.9937034,141207
0.13125516,0.5576399,2.5649998,2.8858218,6.98411,135520
-0.054642193,1.9525126,0.30452,2.9951465,7.4378185,170000
-0.9281976,0.6800201,-0.9786119,5.789666,9.490956,145000
0.25041792,0.7009791,2.454424,2.9533067,7.130726,150766
10.687257,1.5732267,2.0653882,3.0568886,5.7238503,181137
0.29264596,0.79268837,2.4808073,2.9699936,7.1810913,214170
0.3363935,0.41430175,1.895748,2.8442662,7.036294,128623
0.1296502,0.5255184,2.540152,2.865439,6.9752827,90387
0.2298397,0.4162413,2.1764696,2.8333974,6.999553,145684
1.1259055,1.1899059,-2.114373,2.2958333,5.963084,55000
10.597844,2.0324883,1.0309365,3.9075108,6.734897,375000
11.352161,-1.1225603,0.6905527,5.2995524,8.366395,169000
12.079888,-1.4362987,-0.54923433,3.9125552,7.0371857,76000
10.498794,2.146849,0.88372064,3.9030712,6.937863,599000
-1.7382698,-1.6479013,-1.6270431,2.4303546,10.157644,120000
10.663311,2.3733888,-0.085875824,3.0491073,6.37404,178000
-0.21593593,1.1936678,-0.6926977,5.7181373,9.957617,315000
11.746202,-1.9488807,0.31968263,4.061288,7.089354,73000
2.3563395,2.1627777,1.4097528,2.6375067,7.7201843,395000
10.618648,2.4196217,0.043768313,3.2832024,5.9375577,92999
11.933407,0.27091137,2.2546144,4.0499024,4.798082,99000
-0.05473954,0.75510263,-1.8363636,6.00781,10.908289,95000
-1.4493921,-1.3999678,-0.6921769,3.470245,10.465697,192000
-1.1151539,-1.4165274,-0.4184112,3.5180638,10.180751,97800
10.442727,2.5127685,0.6465235,3.930197,6.842636,269900
11.423743,-1.7019929,0.60526264,4.654558,7.1287045,94000
10.582371,2.4319398,0.11468428,3.388809,6.06305,214900
10.430919,2.3617167,0.8459866,2.3134704,7.639238,640000
0.24908577,-1.6042148,1.8584123,4.6014977,2.4503417,55000
1.0564705,1.3492098,-2.4186835,2.6589453,6.0768266,52500
10.589592,1.9864119,0.7566981,4.111414,6.840107,550000
3.7992692,6.7410374,0.91986644,3.2234752,6.946046,407100
0.7805475,1.6897045,-1.3433087,2.7225356,6.175836,165000
0.0028786974,1.8956219,0.07754548,2.7012982,6.9109592,63000
-0.9368135,-1.5544921,-1.1638465,3.4168804,10.471101,107000
-1.8374972,-1.2097536,-1.4673443,3.9269688,10.338529,123000
10.512719,2.342349,-0.20483328,3.500656,6.0493107,188900
12.336007,-0.26749372,1.4772732,3.1801343,4.751122,39000
-0.4258578,0.09204782,-1.0339956,4.7778225,10.773627,160000
-0.83264714,-1.0017803,-1.1133609,4.3406897,10.090519,80000
10.740965,2.2464385,0.92811584,3.8572447,6.923193,550000
12.36904,-0.30362487,1.4563354,3.1564522,4.7381816,71900
3.4920018,0.57728744,0.59106255,4.678059,6.46738,144980
2.2224865,2.917385,1.5616199,4.4073315,8.1235,170000
0.033632874,0.70941454,-1.4341463,5.7595234,10.597617,130000
-1.6829501,-1.4346007,-0.8801107,2.2019079,9.766074,67500
13.030049,0.8146284,2.446226,4.5654173,5.3036165,124890
-1.1381984,-1.4287997,-0.41755697,3.5565417,10.16001,95800
-1.8785752,-1.263126,-1.0389303,2.0334601,9.759982,98000
-0.19567016,-0.13411587,6.767073,3.1429875,6.7521625,112000
-1.0173445,-1.2316355,-1.407787,3.889039,10.704999,169400
0.49961552,0.65084445,1.6929687,4.283318,1.3348252,100000
12.18784,-0.16853477,1.5316713,3.278593,4.9134064,64500
-1.7769994,-1.3764883,-0.8783972,2.1829138,9.754246,80000
10.765217,2.0487654,2.308854,2.334369,5.999559,76033
1.0130187,3.1082566,0.5974476,4.0038185,7.515162,315000
11.851561,0.44838268,1.4664899,3.0810554,4.939384,22000
-0.90168625,-1.390785,-0.16141081,3.2368894,10.137118,87000
1.1647409,0.3220852,4.3289833,3.6128063,6.3228254,82000
11.662408,-1.093784,-0.590423,4.227813,6.767342,92000
10.648867,2.392697,0.10472459,2.9628885,5.7785883,98000
12.0582485,-1.2079815,0.2311446,3.8111584,7.074563,225000
1.5455787,3.1864235,0.32145688,4.156039,7.9559755,630000
1.947314,3.121931,1.0386685,4.495864,8.250843,335000
12.36418,-0.55612695,-0.5814517,2.8193932,6.7286844,74800
-0.9163449,-1.2205826,-1.01483,3.6687346,10.441212,118000
12.443384,-0.5399864,0.20142671,2.8860402,6.7841344,75000
1.7748791,2.752014,0.7438256,4.0271235,7.991962,570000
2.2535007,3.162035,1.2498181,4.5380735,8.26713,720000
-0.32986307,-0.45349583,6.6302443,3.3160343,6.3877277,102300
1.7816812,1.2666194,6.331296,4.0809517,6.298495,147600
10.631375,1.9869752,2.1648824,3.2288358,5.6615176,121365
11.485414,0.18514396,-0.8701981,3.2407138,6.5088105,34990
3.444209,0.6010482,0.56989616,4.661521,6.4740305,83900
0.6266577,0.43625057,7.0662856,3.5973005,6.599212,132500
-1.0538248,-0.7937304,1.1196363,3.617144,1.4024465,120000
-1.3214321,-1.0730358,-0.9378952,3.441669,10.971444,86000
-0.87483454,-1.3067123,-0.1554043,3.198643,10.004137,116000
1.8016126,1.3796306,-2.490676,2.9076605,5.5176935,97000
-0.119238384,2.0273373,0.25066036,3.0638409,7.3119407,169999
0.099584445,1.7393172,-0.16703661,2.7292528,6.652207,132232
-0.33432716,0.43041834,0.48223683,3.1389832,-0.35023728,101862
-0.36106163,0.39459285,0.5521593,3.1593442,-0.32345593,101862
11.179477,0.5205065,0.28215674,5.075623,7.8313613,149999
11.437045,1.1632001,1.6389017,2.8320334,4.51486,73990
12.103066,-1.0328667,0.87031555,2.7593427,6.433797,40500
-0.20099741,-0.09856371,6.8522635,3.1375349,6.7953653,110000
11.401961,-1.066542,0.66683805,5.259642,8.297573,154000
0.37942082,2.54763,-0.18501095,2.7339382,6.835741,140000
11.932795,-0.044701137,2.370068,4.7216277,6.6522493,119900
-0.009546536,1.0236882,-0.26013362,5.5248313,9.972699,170000
1.7388676,1.5361329,-2.3338199,2.8368402,5.3122454,149900
13.022347,0.8129405,2.4336784,4.5515447,5.3005114,95000
-0.8804538,-1.4212089,-0.20488352,3.2661543,10.109443,125000
10.56891,2.1068747,1.0127016,4.0363054,6.7357454,315000
11.427381,1.1973934,1.6354024,2.8297424,4.597244,72800
-1.7958719,-1.0982476,-0.6170917,2.755839,9.973139,72000
12.054666,0.03441288,1.3358685,3.3379402,5.423133,79980
-1.2665886,-1.373383,-0.5953997,3.2901506,10.479734,197000
-0.24647525,1.0982583,-0.8835087,5.195355,9.861479,238000
10.737908,2.2799091,-0.18043281,3.0467665,6.2326035,95900
-0.71631837,-0.61273575,1.2862201,3.7632353,1.4630018,139990
-1.5985974,-1.3430243,-0.9179967,2.2709455,9.969343,62000
-1.1057197,-1.4783103,-0.35496914,3.4508483,10.147165,106000
0.20211491,0.17807133,3.8471057,3.1593058,6.5767164,115000
11.179684,-1.5090665,0.61405826,5.3417597,7.9717746,242000
10.822114,2.0851824,0.9478934,2.6351147,5.9541845,64500
-1.9855071,-1.0620575,-0.6410716,2.503397,9.761322,114900
-0.5979625,0.33027315,1.3652058,3.3002741,-0.9541926,106000
0.048704118,0.5806741,-1.7884465,5.70366,10.043014,158000
-1.6065422,-1.6716076,-1.039077,4.3246813,10.056411,146000
12.990512,-0.9109786,0.75101453,3.4780266,5.949489,88000
1.3596556,3.255546,0.5691527,3.6570969,7.649095,365000
12.548491,-0.030462788,1.1688242,2.962397,5.87832,89980
1.3058218,-0.23087631,1.4681361,4.76361,1.80312,180000
0.2369843,0.076235995,4.137316,3.1920726,6.4768295,100840
12.462204,0.6350141,1.9287513,4.110669,5.788857,116000
10.242829,2.1584349,1.0067729,4.218153,7.163878,529500
-0.5699931,0.22825442,1.1337923,3.3880365,-0.24151242,104000
-1.0935408,-0.82345015,1.1588995,3.6378045,1.4325749,120000
0.3309589,0.2729339,1.76864,2.7428994,6.85824,73000
10.705047,1.4346303,-0.48135692,3.6601539,6.337119,58000
12.077272,-1.4372032,-0.4828981,3.9065897,7.03149,109500
-0.3949472,1.0870209,-0.6638322,5.7623396,9.927758,160000
12.053185,-1.5197676,0.97854596,2.891556,6.114502,119000
0.18479906,0.10542805,3.969135,3.1291292,6.5393033,105000
11.007752,-1.6982579,0.824282,5.430106,8.471976,250000
11.808509,0.5559045,1.5385948,3.483848,7.5389667,129000
-1.5037079,-1.3633895,-0.66970754,3.8659837,10.246192,193000
12.086227,-0.090580866,2.6088314,4.671106,4.9506745,155000
10.615851,1.6698254,-0.112076946,3.871938,6.5370903,110000
12.542823,-0.025294667,1.17783,2.9753346,5.8840303,97000
11.398843,-0.9881427,0.71434754,5.177742,8.267031,218000
-1.8748605,-1.3516845,-1.0949119,2.0914972,9.770602,98000
-0.31236014,-0.35483396,6.7556286,3.2154331,6.5567155,119500
10.687857,1.4530094,-0.4589523,3.6616,6.281001,44000
-2.6075785,-1.8003716,-1.4064155,3.604737,9.941108,72500
1.450972,1.4085338,-2.2328773,2.9252675,5.8300433,66000
11.072022,1.6593096,1.2872826,2.3090973,6.279291,117000
1.4658799,1.3966564,-2.2153854,2.9226868,5.8308725,62000
0.18606533,1.2238588,-0.6396348,5.4159927,10.077517,364000
-0.21546145,-0.5797453,-1.0373104,4.751843,9.453471,167500
-1.1743594,-1.2465024,-1.2967844,3.1357124,10.692339,88000
10.797865,1.1987385,-0.51975733,3.6462173,6.3486032,41500
0.52682537,1.496791,-0.7067626,5.23258,10.221143,475000
10.94615,1.3632941,1.8691696,3.21682,4.5559335,81000
11.770865,-0.30527568,2.2527676,4.818881,6.6144137,175000
0.036891546,0.65775514,-0.15136604,2.975147,-1.220858,120000
-0.15510005,0.50341713,-0.37800446,5.168393,9.869763,170000
-1.2948548,-2.9964223,0.74621046,3.215595,1.1745505,62000
-1.3500501,-3.0565841,0.739272,3.2508914,1.1277577,62000
13.03557,0.81999147,2.445434,4.56379,5.2976108,125000
-2.948618,-1.8466787,-1.2783962,4.0087414,10.288441,99500
-2.1923218,-1.6635228,-1.4203595,4.122333,9.902052,70000
-0.33212537,0.4173151,0.5064779,3.1428828,-0.37341008,120000
-1.2841874,-2.9890633,0.75198656,3.2101471,1.1815165,62000
0.06470504,0.6160125,2.3433743,2.8011222,6.9895086,143500
2.1235135,1.7892827,1.4293969,3.3154385,7.8677635,374900
-0.06212996,1.9948883,0.28340206,3.028148,7.3641458,169500
-0.04776389,1.9402926,0.30182266,2.9641292,7.442745,114700
-0.021254705,1.9181305,0.36600575,2.9941468,7.4509983,168413
-1.2828283,0.5798202,5.986155,2.988524,6.9367123,87900
1.0526649,2.9981718,0.54318035,4.1128173,7.6196823,550000
1.6099199,1.9388046,5.7515764,4.2736316,5.701297,131900
0.10042585,0.5166575,-0.111790836,2.9247315,-0.906311,79000
-1.3162862,0.6112642,5.987633,3.0077457,6.946104,89900
-1.264186,0.56157506,5.979423,2.994112,6.9228745,85200
-1.1300929,0.4508305,5.7625103,2.969451,6.902301,67700
1.6525024,1.8743191,5.7908955,4.306084,5.578774,124000
1.5918806,1.9618087,5.736627,4.273422,5.6961746,115000
1.5862031,1.9675701,5.726802,4.275524,5.6902947,132000
-1.313261,-1.140472,-1.9589084,3.5239813,11.123761,160000
-1.2415097,0.54403204,5.9977875,3.0077589,6.909775,119000
-0.9375644,-1.2938156,-0.6313312,3.4573987,10.303528,124000
1.5916152,1.962719,5.7273364,4.2767653,5.6916394,146750
-1.3175054,0.6162339,5.9842725,3.0081167,6.947498,85900
-1.3115907,0.60775954,6.0014944,3.0142326,6.9430547,88900
1.3283217,1.8581111,1.3324713,4.1908274,0.74999624,100500
-0.33328387,0.42305854,0.50563216,3.1452477,-0.3550519,82500
0.57006294,0.21555175,2.3053668,2.9782865,7.234311,123000
10.001476,2.2654836,1.2055358,4.144545,7.5088496,384900
11.40268,1.2794316,1.8533612,3.3920455,4.932492,180000
0.5449922,0.19554009,2.2941535,2.9596505,7.2191997,115500
1.6308714,1.9093419,5.780278,4.2676864,5.72689,130000
-2.6652408,-1.3148923,-0.88476455,2.6936762,9.69482,68000
-0.79147243,0.5170481,1.6556286,3.5320163,-0.47375152,111900
0.015299264,1.0239658,0.1857718,3.423862,-1.3161232,88400
-0.5948914,0.3472093,1.384722,3.2993507,-0.95903444,106000
12.08974,-0.94843423,-0.67457503,3.6636608,6.8325553,125000
1.2752459,1.8566211,1.5028235,4.4258904,1.5210145,185000
-2.6642199,-1.3108846,-0.873287,2.6938884,9.704049,56000
0.51882696,0.8971577,0.5406518,4.0401793,9.202569,320000
11.419336,-1.6042894,0.55021834,4.6448708,7.066288,70000
1.3220325,1.8279588,1.3370781,4.1781926,0.76836276,97650
-0.99413735,-1.312164,-0.18464968,3.3953595,10.105224,110000
11.949409,-1.37424,1.0017052,2.9492257,6.3431087,57500
-1.3424294,0.6863518,5.8967843,2.9372075,7.013479,93018
-2.5871613,-1.3551854,-0.9617932,2.6983767,9.682404,54500
-0.3395329,-0.70241964,-1.0361066,4.6114974,9.524827,129990
-1.3183348,0.65121186,5.9187827,2.9545681,6.987954,97672
-1.2482547,0.54895854,5.9967766,3.0067742,6.913269,92900
1.6224062,1.8974936,5.76077,4.290977,5.6129293,134500
-0.41017747,0.2193021,-1.012155,4.854322,10.905525,199900
1.0513668,2.524958,0.94669974,4.047865,7.4880633,329990
-1.4648432,-2.4599824,0.23676747,3.2102294,1.4414823,53400
11.211231,1.7702177,1.5176836,3.902653,6.4409895,240000
-1.3405681,-3.00277,0.7104054,3.3298182,1.1286104,64125
-2.1616216,-1.1262369,-0.7007827,2.5454814,9.704103,89000
-1.0989373,-1.2404722,-0.58546007,3.903357,10.083893,109900
0.72107345,-1.8123283,1.376687,4.6243553,2.2615871,120000
1.2212487,1.3439201,-2.41608,2.7422862,5.9876995,46000
1.5124606,1.389613,-2.3333132,2.9281836,5.793699,54400
11.624222,0.18655263,0.31291127,5.268237,8.368985,130000
12.393847,-0.28746653,1.43207,3.1426935,4.8463697,55000
0.94623715,2.421933,0.82697546,4.0535493,7.9146175,329000
0.19718906,3.5783446,1.1945834,3.582466,7.195545,68925
11.08077,1.5331649,1.7552605,3.2006695,4.799097,99000
10.113101,3.5877323,1.1776037,4.014542,6.4980416,98500
-0.1827147,-0.41537642,-1.0498459,4.87782,9.464974,207777
0.23691191,0.13375013,4.042237,3.18841,6.5094867,125000
-1.5363388,-2.4847603,0.17424715,3.2158375,1.4267031,86031
1.4787382,1.4022862,-2.2662098,2.942711,5.8120337,60000
1.4316773,1.4494691,-2.2182062,2.9211614,5.798347,93800
-0.077996716,0.11283981,8.28193,3.2735343,6.975228,76472
-0.05811994,-2.0652483,1.4328506,4.2050986,2.1581905,116000
1.1421502,-0.64345086,1.4693197,4.724359,2.0610392,137000
1.0510947,-0.5692202,1.4236964,4.641655,2.0564396,155000
0.49725178,-1.0483636,1.4660593,4.3430123,2.283334,108500
0.35425696,-1.0929363,1.4645159,4.2148676,2.2762601,108150
1.4412647,-1.0258117,1.0803915,4.796735,2.310365,122900
10.66251,1.9901927,1.7992604,3.0034997,5.5807953,34999
2.5703633,2.0476353,2.3727422,3.8202746,8.25382,299999
2.5691087,2.0499659,2.402787,3.8369746,8.27234,374989
0.13356335,0.8064148,-0.022964355,3.0811813,-0.9378537,76001
-1.7279686,-1.7480073,-2.2616727,2.7887652,11.868379,115000
-0.26166585,-0.5704508,1.3532151,3.9109282,1.7502191,124000
0.9943034,1.7079616,-1.2894132,2.935431,6.2801647,304000
-0.0046218936,0.6757279,-0.19454458,2.9574962,-1.2442516,93500
0.38575158,2.6095865,0.052242436,2.6834204,6.912453,330000
-0.9635019,-1.5632209,-1.2157911,3.3653643,10.501473,220000
-0.45614636,-0.10475936,-1.0409868,4.6178184,10.68855,148500
-1.7656895,-1.7619457,-1.119153,4.5453696,10.0491085,107000
-0.94662815,-0.7301511,1.1955805,3.6801825,1.4455919,106000
1.3344712,1.6865458,-2.4938743,2.4090564,5.31661,55000
-1.7737299,-1.7492129,-1.1353673,4.5243387,10.056041,107000
3.5272067,6.8789387,0.8216864,3.330128,6.752615,260000
0.19846652,3.5999794,1.2076101,3.596861,7.192314,105000
-1.1155525,-1.0538554,0.94742787,3.5125484,1.4593334,92500
-1.33598,-2.3166857,0.37769952,3.337381,1.5071347,68500
-0.9911272,-0.82191837,1.165095,3.6795294,1.4625796,98000
1.3371282,-0.15444165,1.5430704,4.8301373,1.743683,122500
-1.1034096,-1.0293711,0.9621966,3.5217237,1.4588721,93500
1.0625677,-0.2440844,1.52952,4.6573877,1.9530472,144500
-1.1210389,-1.0567113,0.9432051,3.5085788,1.4590299,96500
-1.003035,-0.84147626,1.1192983,3.6579578,1.4522642,95500
-1.1273078,-1.078228,0.92544734,3.4966788,1.4606054,100500
0.3182888,0.21412376,1.955347,2.7832532,6.927254,102000
-1.6153673,-1.4756528,-0.83562094,2.123178,9.731949,65000
11.365278,-1.623718,0.70329463,4.6446466,7.336785,73000
-1.2406299,-1.0115598,-0.4736779,3.6431708,10.28619,134000
-0.05106033,-0.1858524,-0.4518302,4.7953234,9.7761965,129500
11.120227,-1.4003695,0.9094277,5.1455,8.616821,239999
11.3851,-1.7408613,0.53873426,4.772215,7.282646,125000
2.6421943,2.8381693,1.9523844,4.426436,8.197957,499000
-1.1886777,-1.3322914,-1.1021069,4.494822,9.907413,145000
0.41290748,2.6624954,0.052442394,2.6457257,6.894627,286000
11.675725,-0.69625396,1.7141622,4.123682,5.1226354,80000
11.6255455,0.21984662,0.29123148,5.315051,8.414441,115000
0.32605407,1.1855632,-0.3445313,5.246866,10.40725,129000
2.7183497,2.8026106,2.0333426,4.414584,8.188299,795000
11.980285,-1.3197918,0.98907703,2.9563632,6.320888,83500
12.071388,-0.6164573,0.8103496,2.7568395,6.5141234,34000
-1.4071339,-2.254752,0.100967154,3.0798192,1.2458289,62000
-0.29808092,1.2913622,-0.5907199,5.325992,10.068124,169000
1.8431861,2.2008336,0.90868384,3.1122215,7.6643443,245000
-1.5406977,-2.4585783,0.1480386,3.2244382,1.4694755,64170
1.2152526,1.7275535,1.4283301,4.041142,1.0953196,93465
11.427454,-1.7540015,0.5360915,4.7122083,7.1892824,155000
-1.1647197,-1.2232176,-0.5752195,3.200339,10.7238,120000
11.172436,0.4308118,0.27763313,5.0181875,7.721084,180000
-1.7892115,-1.6132089,-1.5624864,2.4715362,9.96923,77000
5.243981,9.184989,2.0550926,9.65816,5.953492,169000
-0.2264248,1.2395252,-0.32036832,5.3841715,9.994397,131900
2.7916982,1.8321782,1.3669317,1.7975824,7.589609,253000
-0.4557575,-0.11011029,-1.0398737,4.6198273,10.675256,249900
11.4593,-1.473993,0.5016236,4.546843,6.9109244,139000
11.45884,-1.6485491,0.5196354,4.593988,7.037363,109000
1.903689,2.9076765,1.0985146,4.0703387,8.112114,545000
-1.2880124,0.6586715,5.8382335,2.967391,6.981606,114180
-1.0936447,-1.3277442,-0.33843264,2.9600234,10.21214,72000
1.2371548,1.7804732,1.4579583,4.3016214,1.4168204,266545
0.37334394,1.073575,0.27153462,3.3745751,-0.5919242,146766
0.16295859,0.94831604,0.13003778,3.26387,-0.87902415,109251
11.349725,0.98224664,1.83036,3.196115,4.5390496,137298
0.2475903,0.9852425,0.17436506,3.2896075,-0.7661864,119958
0.19448896,0.474026,2.3807955,2.9175913,7.066666,138000
5.242574,9.187315,2.0572295,9.660437,5.9512444,89900
1.9086561,3.0078127,1.2511762,4.4616494,8.28243,475000
-2.1315181,-1.5220208,-1.602885,3.5743442,9.858879,89500
11.6524,1.1524326,1.4571794,3.9095223,7.2240376,254500
11.153167,-1.6719954,0.64010185,5.4382844,8.04829,240000
0.02640623,2.0972624,0.27966085,3.0809898,7.3617635,280000
-0.90313643,-1.067206,-1.0861511,4.357333,10.044132,125000
0.115619175,0.61644244,2.6440463,2.896631,6.9735847,118000
0.92306703,2.5200713,0.6923864,4.0491314,8.088665,338650
-0.45917535,1.3157898,-0.74760646,5.4469624,9.949228,189000
0.051217437,0.5774111,2.6317546,2.8362882,6.9847903,125000
-0.46413586,-0.12375609,-1.0364696,4.608581,10.663628,127500
-0.755763,-1.0231616,-1.1013157,4.1632648,10.19904,118708
11.900464,-1.638852,1.0255028,2.9939966,6.2563615,34800
11.470532,-0.6066262,1.7360846,4.3044953,5.415084,71000
10.829065,2.069703,2.1799316,2.7411253,6.33978,179000
10.815124,1.977576,1.9638681,2.32244,5.8824034,119000
10.826878,2.0704806,2.1751764,2.7221482,6.3088665,159000
-0.066571884,0.41279545,2.9504447,2.8292692,7.0165787,105100
0.23573202,0.5694033,2.7009742,2.9600275,7.321143,130300
12.10456,-0.9751427,0.6164774,3.5621114,6.9075856,79900
11.851943,-1.1504934,-0.49310768,4.0799704,6.903217,97900
12.240945,-1.446917,0.97348076,2.7868683,5.905061,56000
12.200474,-0.22827044,2.6974928,4.7836957,4.8403044,87000
11.661434,0.66847676,0.9488312,4.461289,7.5685616,150000
0.13672076,1.6700356,0.70900315,2.9491901,7.4866643,131500
0.16518061,0.24383892,2.5005162,2.83186,6.9138513,88400
11.613118,1.2934912,1.4780396,2.7383776,5.0819283,167000
-0.48076922,-0.20992091,5.5172577,3.0529974,6.5453596,60900
1.1611127,-0.69539165,1.4356338,4.7289124,2.098965,214000
0.28715837,-1.060736,1.4462973,4.2042155,2.2377143,116462
0.35782376,0.38372403,1.9396096,2.816153,6.954939,128260
-1.7387363,-1.3374957,-0.8653441,2.120503,9.7881,68500
10.800953,1.9948874,2.0261889,2.3055718,5.8884444,95900
3.468524,0.5879002,0.5817427,4.671986,6.4701653,149000
-1.0666281,-2.6386867,0.7566969,3.3975573,1.3756431,65000
2.3552852,2.1658258,1.4072222,2.6249428,7.7207856,395000
-0.04767952,0.11623184,7.7440677,3.310441,6.82603,99174
0.47006774,2.4885647,0.14485158,2.5375915,6.9107523,199900
3.5271978,6.8792696,0.82732534,3.3147156,6.752752,179000
-0.18105513,1.1060607,-0.39376926,5.569071,10.316235,159000
11.379291,-0.96374035,0.19612779,4.576981,6.777541,88000
1.2716777,2.8470473,0.15678072,4.211697,8.062825,265000
0.25851035,-1.7147162,1.9409249,4.720696,2.3806427,89500
10.970146,1.548657,-0.56724405,2.603962,7.1598887,165000
12.028612,-0.6191774,1.6492594,3.5398803,4.513394,70000
-1.7464224,-1.5594585,-1.3302212,2.3403044,9.949133,93000
-0.06596817,1.0871745,-0.35611507,5.7140584,10.143636,137000
11.378713,-0.48430634,1.7610344,4.393823,5.673273,145000
-1.2862839,-1.2052611,-0.15921678,3.69738,10.1685915,89000
-0.41261256,-0.7559497,-1.0957897,4.5797415,9.5595045,64500
-0.27707762,0.40749657,-0.9356539,4.9412565,10.764159,182899
2.1076505,1.2619232,-2.5805194,2.967343,5.40751,75000
1.4764881,1.404106,-2.2478747,2.9455547,5.822327,77430
2.9117174,2.6794002,2.2775793,4.3775363,8.22893,1500000
0.55725545,3.041008,0.21001528,3.0082943,6.991043,154999
0.6382055,-0.73184335,1.7090216,4.550154,2.3566246,127000
12.121504,-0.76475596,0.5294808,2.782772,6.4556394,49999
12.44104,-0.6280329,0.3911415,2.983482,6.861628,114900
-1.0221883,0.5506432,-2.1833596,6.0096884,10.190925,107000
12.131561,-0.84083825,0.93001634,3.5032852,6.7063794,89000
0.57568896,0.4328157,1.3037847,2.7867935,6.49992,220000
11.903692,-1.6602156,0.9990775,3.0397542,6.245883,27000
1.0891379,1.5440613,-1.7952546,2.4455771,5.5216208,104000
1.1019309,1.5274148,-1.745567,2.4180896,5.524302,123840
10.701083,1.5347137,-0.47761375,3.4836564,6.388631,127140
1.090256,1.6109232,-1.8288171,2.4894278,5.577544,75000
11.452551,-0.42997447,1.9235686,4.4493937,5.4108915,149000
11.595654,1.1209842,1.4818668,4.1043696,7.0879183,137000
-0.18295878,0.6961618,-0.46118727,5.2546887,10.449035,119900
-0.50308543,-0.7897481,-0.96163714,4.442511,9.678383,89000
-0.049955666,-2.3555915,1.3523182,4.254785,2.058266,63900
11.69311,1.2527783,1.3591974,2.6462126,5.405964,106000
-0.23415753,0.80054253,-0.42898375,5.235686,10.447285,125000
1.0814216,1.342088,-2.4346437,2.6664622,6.0673385,44000
2.8608277,1.8026018,1.3425001,1.837565,7.5941434,320000
11.106728,1.1548048,-0.79389584,2.8525252,6.789593,52000
3.0154881,1.7202822,1.2697737,1.88749,7.592611,352000
1.756498,1.5190151,-2.3433893,2.8422492,5.3138113,150000
1.6544002,2.8584168,1.1678897,4.314627,7.691468,875000
1.4828218,1.3991724,-2.2223647,2.9282882,5.8166184,65000
0.26145568,1.2386448,-0.22668304,5.0328894,10.152911,200000
0.1991857,3.5813756,1.1977321,3.5858092,7.1970115,54545
-0.82309353,-1.1636426,-0.12674938,3.062197,10.157883,84500
10.554192,2.205303,-0.2496356,3.5287366,6.083934,152999
12.044132,-0.048897624,2.6331024,4.531691,4.75282,94500
1.3110967,3.336621,0.33790633,3.6853817,7.5442367,249000
10.130241,3.530648,1.1771566,4.017499,6.525597,79338
1.5038896,1.3989009,-2.1510894,2.9017458,5.789861,77000
-2.0482504,-1.3596197,-1.5673252,3.5364168,9.987747,77000
1.115001,1.9118044,0.5911457,2.1114316,7.0252624,159061
10.711954,2.378329,-0.23241533,3.1495333,6.286228,129000
1.4638405,2.9829977,0.8186345,4.118991,7.7922673,590000
3.3402972,0.65601695,0.55962205,4.6296086,6.484363,235000
0.3982939,1.7304431,-0.14908305,3.3039603,7.2903233,215000
-0.16225186,0.73743784,-0.87145585,4.9681816,10.404655,174900
11.927534,-0.068054095,2.374895,4.736565,6.6543355,87000
1.5023097,2.7592907,0.30730468,3.90075,7.9118395,400000
-0.03610723,0.701892,-1.0552918,5.1422825,10.274995,335000
-0.28128275,0.23354776,-0.86929286,4.6260443,10.8651,169500
1.622156,2.9593167,0.7273146,4.525842,8.301423,210000
10.781855,0.04901284,1.1071455,4.2665663,6.0258756,288000
1.0740978,1.6710012,-1.9933453,2.6547327,5.5787945,77000
1.1442789,1.3556316,-2.402518,2.6857095,5.993078,55500
-0.2861126,0.23718826,-0.86280817,4.6275983,10.853853,215000
0.11030281,-1.612401,1.7392851,4.521115,2.365884,91000
-0.39891753,0.4170692,0.74847376,3.2331975,-0.8193971,97800
10.650629,0.20531675,0.83799434,4.267088,6.079281,89000
12.049676,-0.71167016,1.3244146,3.9089715,6.564596,98800
12.274601,-0.58120096,-0.4491013,2.9353588,6.7258825,84490
-0.07839666,0.80097425,0.20121667,3.1554027,-0.9022143,73500
-1.8477294,-1.1483533,-0.5905459,2.7378983,9.910987,75000
12.04768,-0.8848905,0.7388822,3.5153978,6.825291,116999
-1.044476,-1.4707339,-0.29641014,3.3233585,10.149532,92500
11.988946,-0.77153933,0.9769379,3.5207644,6.6346345,155000
1.0584705,1.6655025,-1.9665062,2.5733066,5.533203,74900
10.395213,2.4035187,0.8537943,2.257918,7.6082773,399999
11.400123,0.71728015,0.52653444,4.7573185,7.810808,160000
-0.37451625,0.47343245,-1.8811101,5.2516584,10.633155,114000
2.0561519,3.136251,1.1382657,4.486052,8.243426,1270000
1.0236233,3.0947776,0.3678156,4.151977,7.669089,549899
11.914024,0.6879235,1.4497224,3.6188815,7.630739,149999
2.1106496,3.1023352,1.2095232,4.453296,8.227173,1270000
11.939401,0.2539994,2.2609615,4.0598893,4.8019686,119900
11.377317,-0.9278218,0.12570731,4.5737314,6.7299914,83999
11.913641,-1.5456338,1.0251461,3.0053859,6.288452,83500
0.18550515,1.7126384,-0.27200824,2.9185538,6.950271,95868
0.14879912,1.6568748,-0.20209983,2.7156746,6.597525,143802
0.21421425,1.731077,-0.27109712,2.9471316,6.975147,133058
-1.3645476,-2.4414287,0.3296681,3.161158,1.3389229,67600
1.893128,1.1433367,5.96356,4.4316716,5.3879046,147600
1.5813652,1.9633701,5.7348957,4.272794,5.6949472,110500
0.32875648,-1.7786626,2.0641499,4.827515,2.4139845,92500
-0.9037802,-1.4688672,-0.19786124,3.3202186,10.091166,89000
1.9020487,1.1561038,5.9939985,4.4250264,5.3765445,128000
11.56142,-1.1093634,1.0764978,4.1376753,6.7829423,116000
11.88949,0.29297012,2.2607832,4.059896,4.7737055,127500
11.669748,0.40997463,0.7356102,4.5550466,7.6415777,79000
10.678562,1.8898829,2.0465589,2.9346418,5.520074,85600
11.829755,0.8078927,1.5338751,3.9943798,7.4434433,159000
1.7663106,1.7256579,5.9606414,4.243006,5.866264,156500
1.5624557,1.8168814,-2.4873614,2.5436385,5.255555,90000
-1.5929224,-1.5278414,-0.92248255,2.1679876,9.724827,59900
11.737238,-1.4943733,0.27952823,4.295163,6.9717712,137000
-1.3698509,-1.1762083,-1.0210137,3.4112284,11.00599,144900
0.443748,2.9675834,-0.024284761,2.7217348,6.861031,229900
1.3527619,3.2703938,0.31095526,3.8907008,7.699337,359900
0.42728892,2.9676256,-0.032272976,2.7198129,6.8494034,179900
2.308605,2.1566777,1.3861387,2.5567403,7.700482,329900
10.669983,1.8662642,0.9671784,3.2895756,5.648692,73999
-1.8211635,-1.8435373,-2.3724992,2.6722693,12.011826,119900
-1.7545133,-1.7662452,-2.2946093,2.7606852,11.907393,124900
-0.22809437,1.0655462,-0.8628688,5.188347,9.892986,238000
-1.748882,-1.5483001,-1.2263945,2.4217036,9.835041,74500
-0.9682957,-1.3023826,-0.2988663,3.323009,10.0515175,123900
0.8852596,1.4437569,-0.7765401,2.6216438,6.056987,264990
-0.09747521,0.5562243,-0.42431054,5.3235955,10.193812,139900
-0.056003973,0.7057509,-0.23851049,5.2204847,9.927773,170000
0.8215072,3.3380742,0.15964009,3.2130082,6.9693327,117500
3.502368,6.541484,0.9088934,3.2361042,6.957987,160000
11.668703,-1.0817195,-0.59228414,4.211951,6.7659383,92799
0.041178074,0.5098497,-2.2102604,5.992253,10.508651,118900
12.007316,0.96974075,0.7252582,4.1564755,8.050993,124900
11.126919,0.99694437,-0.84069335,3.0207844,6.6122003,44500
11.128123,1.0107747,-0.82947034,3.0174599,6.6228447,44500
10.662139,1.9279251,0.7836255,4.181411,6.949087,264999
-0.20662518,-0.37963936,-0.9998384,4.870449,9.448411,156900
-0.12849206,0.79936683,-1.6559308,5.8673553,10.961735,119000
0.6562345,2.3088992,0.5428088,4.012112,8.276709,150000
12.192635,-1.0033141,0.82431155,2.7109764,6.330459,80000
3.3822904,0.6382095,0.5695569,4.6550636,6.4761443,173000
-1.8176829,-1.666682,-1.7232553,2.3548741,10.164442,85000
12.048505,-0.7126535,1.3098074,3.9062898,6.56749,98900
-1.0359147,-1.2238727,-1.3940185,3.8937154,10.692971,235000
0.13064179,0.868911,-0.07015346,5.017225,10.067612,140000
10.785688,2.3475652,0.50927776,2.4614265,6.814495,187500
-0.920525,-1.4682347,-1.0808276,3.5080569,10.438163,178000
-1.4636266,-1.1879156,-2.3778853,3.2835128,10.886832,75000
-1.4531091,-1.1873013,-2.4027157,3.2858455,10.871062,75000
-1.9691286,-1.7797782,-1.3095914,4.2846565,9.952962,95989
-1.3590797,0.69162333,5.8804736,2.9273915,7.0260386,114180
-2.4795845,-1.8989809,-1.2783338,3.5038412,9.94102,119979
12.243851,0.92926055,0.78151643,4.372583,8.280077,125000
-1.4020373,-1.1495136,-1.0161817,3.4424882,10.987936,124000
-1.2066668,-1.2774644,-0.6200185,3.2765305,10.6386,145000
0.9671685,1.4988155,1.581336,4.130736,1.1883366,149000
12.254848,0.7721993,1.7585118,3.983716,6.209285,199000
10.624146,2.349823,0.5602221,2.704426,6.6353116,199900
0.1813516,0.81719923,-0.39206678,5.2232847,9.788318,230999
10.40277,2.419346,0.849245,2.2601602,7.5562844,170000
0.044678934,-1.6807303,1.7388412,4.508685,2.3555896,88000
-1.2908871,0.6958994,6.0131974,2.9167306,7.02653,74880
10.096349,2.2763672,1.2148161,4.1796346,7.408911,250000
-1.1790934,-1.2846859,-0.13353999,3.610292,10.109151,120000
5.1939125,9.269434,2.1341517,9.733459,5.8668604,184999
-0.9417553,-1.4540967,-0.27838925,3.2886593,10.130176,115000
-2.5185366,-1.8851291,-1.2927436,3.5233102,9.974715,119900
-1.2549458,0.65469384,6.0339456,2.9512758,6.9878764,78620
1.5898113,1.9586141,5.7390532,4.274316,5.6900153,122820
-1.3332615,-1.2139513,-0.43635058,3.1336591,10.204338,99999
11.986505,0.069443576,2.4727972,4.2924705,4.745891,104900
10.857199,2.0434418,2.1811626,2.7640855,6.4596653,165000
-2.055482,-1.6664246,-1.3652178,4.5128627,9.959069,74500
1.4998165,1.2923944,-0.34993032,3.0180469,6.201752,255000
0.7248219,3.1785402,0.22506544,3.0570247,6.986682,134000
1.659175,1.8759899,5.701109,4.325076,5.600781,121264
-1.2824095,0.5793395,5.9905,2.9905348,6.937925,85900
0.47504577,-0.91746575,1.4168787,4.270587,2.251276,130500
0.46273017,-0.92385834,1.3976588,4.25188,2.240138,124500
11.527765,1.3509727,1.7377931,3.337356,5.252337,198999
12.375924,-0.3474331,1.4483076,3.175024,4.733213,85990
10.369648,2.1911411,0.7975891,4.1386013,7.01725,449500
-2.3196871,-1.8607028,-1.5586678,3.7736707,9.565016,66990
-1.1407619,0.5214841,-1.3991507,5.99386,9.695418,134850
1.9285442,1.4821383,6.075629,4.319607,5.759831,195693
-1.2636884,-1.2127383,-0.19324628,3.7329137,10.129007,85000
1.7614219,1.73142,5.952581,4.2470284,5.8527803,184691
10.636761,2.34879,0.5710021,2.657481,6.6766343,179000
-1.4750466,-2.4744306,0.2170354,3.187669,1.4283866,56800
12.169909,0.22494538,1.3375541,3.2791493,5.7423625,93980
0.2302509,0.4909494,-0.2558809,5.4563727,10.300638,129500
-1.5513443,-1.5282322,-0.84842557,2.1002305,9.721144,35000
1.3135662,3.0045545,0.1328805,4.159863,7.9398518,523800
12.114809,-1.0581598,0.87845707,2.7892017,6.427908,41000
12.109518,-1.4015198,0.8343393,2.9581125,6.183035,36800
0.45781335,-1.085468,1.4750011,4.309595,2.2851834,119000
0.48988467,-0.9030362,1.4099922,4.27319,2.2496696,107000
0.46452433,-0.9274758,1.4182853,4.2674074,2.2513871,104500
0.46842676,-0.92488325,1.414626,4.266976,2.2495966,93000
10.765397,1.9607958,2.0190814,2.54615,5.7497516,83000
-1.1278561,0.44998056,5.761765,2.971246,6.9006047,73755
-0.27288178,-0.5423293,-1.0495123,4.8050137,9.441664,184000
-1.1448243,-0.9294186,-1.1039419,3.766289,10.924839,103700
1.6340507,2.8971236,1.0910712,4.3932886,8.288974,495000
11.595233,0.11162898,0.36320922,5.2068863,8.308506,99990
2.241016,3.1662145,1.2355374,4.537228,8.269917,625000
-0.23880892,-0.36603144,-0.9341637,4.8337836,9.418817,205000
11.869523,-1.630486,0.53558284,3.5489013,6.9759517,51000
1.1346906,1.1595227,-1.6740346,2.1847334,6.0214257,139200
1.3490139,3.019891,0.14865616,4.178181,7.961105,210000
1.5667719,1.8141505,-2.4869864,2.5453126,5.2562466,100000
-1.3106368,-1.0573441,-1.0129727,3.43931,11.030303,130000
-2.115156,-1.0923389,-0.6857624,2.5250955,9.719913,110000
0.9470077,1.4426522,-2.4536724,2.4965115,5.954918,50500
-0.15918101,0.6194706,-0.462956,5.362673,10.237177,134000
0.35523948,0.20064592,2.0317214,2.83125,6.9834714,127500
13.045492,0.83138853,2.4358258,4.5531187,5.2853193,125000
0.8380238,1.8397099,-2.0262043,2.735218,5.6957793,77480
11.992006,-0.6230058,0.97458273,3.479566,6.648474,130000
-1.8127091,-1.2548236,-0.8001352,2.2075224,9.817348,63000
12.086399,0.029951207,0.9925785,3.3900301,5.686061,130000
-0.31933486,-0.31915393,1.47577,3.8974752,1.6134605,100800
-1.2537434,0.54793036,6.0190706,3.01276,6.9064174,84900
0.9421172,1.4613359,-1.2509401,2.444423,5.8197436,175000
0.22060214,0.5247037,-0.26693144,5.441902,10.312788,135000
-1.2625519,0.46730545,-1.7408121,5.932328,9.921434,139900
-1.1482046,-1.2505391,-0.21436845,3.556856,10.145678,95000
0.8569743,1.7913277,-2.0352578,2.7041576,5.661674,64888
11.749398,0.7325925,1.3521805,4.2578173,7.4938173,126900
0.42697445,2.5440936,0.034348354,2.615133,6.9115167,202800
0.7667337,2.224033,1.6148897,4.856091,1.2392455,163000
0.2400429,0.9060317,1.1200025,2.8306444,7.574478,215000
-0.25905523,0.29220778,-0.7749347,4.5807385,10.838968,210000
-1.3149387,0.6071295,5.988913,3.0082757,6.943985,80500
0.070507795,0.5328197,-0.44109258,5.703607,10.411341,90000
12.287804,-0.46244943,0.9028419,2.9862812,6.9231215,85000
11.367254,0.3856782,0.20768201,5.012489,7.783681,119900
0.5527281,0.15963116,2.3190665,2.9584432,7.22496,123000
2.558508,1.8400915,2.655,3.7849863,8.380131,207000
12.085228,-1.4569725,-0.5147789,3.914829,7.0422864,84000
-0.06411387,0.69107836,-0.24936149,5.21841,9.911772,170000
0.20811135,1.2546774,-0.34793612,5.361838,10.675606,157000
11.554109,-0.802151,0.34859878,4.3817463,6.5402284,105000
-0.34875146,0.79006493,-1.6036986,5.2980742,10.614016,240000
-1.5272653,-1.4517901,-0.7919682,2.070305,9.784869,82400
2.2086256,2.2042394,1.3472358,3.1797726,7.73874,349800
10.885868,1.4878938,-0.7897962,3.1642864,6.3877964,119000
11.709382,-0.84434736,1.0221303,4.057214,6.327471,105000
-0.29514638,-0.58820546,-1.0773404,4.7910614,9.437478,130000
12.07129,-0.91918206,0.99379843,3.7092838,6.697126,75490
-1.2799964,-1.1966765,-0.20724383,3.7166798,10.14139,88979
0.15253858,0.5079169,2.649127,2.9174712,6.9420233,139500
1.1224581,1.9318241,0.5855541,2.112477,7.02903,169500
-0.19494566,0.8454471,-1.7303464,5.8836603,11.097804,130000
11.994253,-0.8675911,0.8190741,3.5295653,6.812722,120000
-0.5330032,0.4653807,1.5680988,3.542265,-0.21302977,100800
-0.07762358,0.6724683,-0.24932568,5.222866,9.910038,170000
10.979947,2.3757997,0.78221685,3.199869,6.2595415,130000
11.989899,0.049455713,2.4955432,4.3186646,4.7422433,125000
12.135982,-0.7349338,0.5666734,2.767676,6.4453797,59999
-0.772059,-0.6452372,-1.1232976,4.1983857,10.668902,130000
-1.3113881,0.64002633,5.936189,2.9683266,6.980063,84000
10.81376,2.0245585,2.0212026,2.3158326,5.8940463,95900
9.617071,3.9875493,0.7879714,3.980711,6.632063,162000
-0.21895278,1.065224,-0.85317296,5.1567154,9.889947,238000
11.767045,0.39831966,0.7644256,4.5776696,7.9108715,124999
-0.8375352,-0.41235897,0.76457494,3.397553,-0.9748484,119000
-1.6579707,-1.6778772,-1.226161,4.319757,10.142756,118000
1.8479869,1.4377452,6.1137033,4.1549935,6.2289143,279000
1.8794706,1.3887061,6.0634174,4.1090326,6.4449115,393129
-0.16437012,0.4798019,-0.38262123,5.1572585,9.865474,170000
-0.3274971,1.1570423,-0.2783884,5.0898595,10.109687,139800
11.576401,0.7715602,1.5723844,3.7732892,7.3938966,225800
1.9118266,1.4925236,6.0798254,4.2897177,5.815251,146000
12.975898,0.76958793,2.4477055,4.5763936,5.3611884,154990
-0.92995816,0.68258804,-0.9924479,5.8019314,9.5028515,145000
1.82437,1.6249615,6.0234256,4.251234,5.8547335,161730
-0.354272,0.12472955,8.554235,3.1401813,6.886929,90500
1.9404681,1.492849,6.2261252,4.477089,4.9016395,112950
-1.3097119,0.62293005,5.975355,2.986558,6.9635744,110000
0.61146903,1.3995068,-1.4053597,2.6023035,6.4128146,97500
-0.7630056,0.50666994,1.6416959,3.5298455,-0.43693015,106805
12.834947,0.63033843,2.4454553,4.6166368,5.5652084,105000
1.6353226,1.2742436,-0.80132675,2.818457,6.037647,240000
12.062463,-0.56793296,-0.31549326,3.2445796,6.712964,140000
10.963728,2.001255,0.9842773,2.490248,5.0609746,61990
11.40404,1.4829627,1.8041611,3.4163487,5.2049303,105000
1.8445228,1.4358662,6.117791,4.154244,6.225358,279000
-1.3070999,-1.1075807,-0.42398933,3.6790712,10.235615,163000
10.8015995,2.2457697,0.7538798,2.3324842,6.975355,234900
12.951156,0.73355716,2.4827194,4.616079,5.3520384,77999
1.3267587,1.8389355,1.3432314,4.1790156,0.78120244,100500
12.325109,0.60276103,1.6434022,3.758357,6.2426395,159000
0.75835526,1.2987951,1.6782955,4.2169085,1.215874,149989
1.4936044,3.389271,0.559326,3.6107895,7.821409,299900
-1.2651559,0.5676282,5.971408,2.9923713,6.933181,124000
0.4003614,0.2554781,2.094784,2.8746977,7.063135,163900
-0.05333607,0.7202263,-0.18422513,2.9689095,-1.1714017,82500
-0.6300679,0.42616045,1.5077964,3.2169602,-1.1178956,55000
1.0860554,1.345662,-2.455625,2.676466,6.0674067,53500
11.068954,0.24517354,0.27631274,4.747751,7.2271137,139000
1.8546205,1.4154637,6.109073,4.1462483,6.267154,234675
12.168558,-0.0927298,2.6017528,4.810598,5.2107472,105000
-1.0331439,-1.1865517,-1.1651311,4.643446,9.77044,81900
1.1158762,1.3512892,-2.461158,2.6926072,6.0440316,48500
0.025780367,0.6941107,-0.21308011,3.0035467,-1.2849268,120000
10.758194,1.3214061,-0.48310393,3.6148927,6.347984,68000
10.639209,2.3994603,0.7222769,2.5462554,6.9397635,258000
0.74052316,1.3183191,1.653716,4.2938585,1.1843852,132800
11.69834,-0.7194667,1.6960555,4.11081,5.138236,78999
3.3865323,0.6471638,0.5771255,4.6698976,6.4811883,345000
5.242845,9.186929,2.0568805,9.659963,5.951619,127000
11.221006,-1.5998436,0.72003615,5.200898,8.07745,129000
-1.5907631,-1.3920615,-0.96809036,2.4763255,9.714933,76000
0.49948424,0.3698146,1.4573901,2.791599,6.5773635,105000
-0.3719634,0.90869415,-1.6973784,5.76158,11.255664,135000
11.821353,-1.5373986,0.18698147,4.182379,7.038817,137000
1.6107942,3.1994896,0.36633027,4.1312017,7.9637885,649999
11.781996,0.66006243,1.0109032,4.3472633,7.7698984,235000
9.57145,4.0702763,0.84158725,4.0626864,6.6388955,350000
1.1724412,1.3291233,-2.4176002,2.7069767,6.026611,50750
0.4686027,1.0172359,1.7631607,4.187238,1.0695959,162726
0.047203954,0.79392093,-0.25283778,3.0719821,-0.9758215,69420
1.0093712,3.0862575,0.36667246,4.1671777,7.666005,548000
11.823598,-0.21369033,2.2806103,4.7964754,6.631369,169000
-1.3816307,-1.1882222,-1.0121017,3.4036384,10.991664,100000
11.267833,1.6556885,1.3956294,3.2217515,4.5944858,69421
10.819528,2.1365626,0.86649495,2.7547164,5.910128,132231
10.622906,1.9407405,1.3320538,2.60207,5.7289066,140000
10.799477,1.8903356,1.624106,3.3235402,6.708491,296500
11.901334,-1.4055142,0.3699832,3.9970603,7.076637,99800
-2.1310053,-1.1270094,-0.6890525,2.541911,9.709522,94000
-0.8608786,-0.45791495,0.82971334,3.4195735,-0.81529105,66000
0.5519556,0.16290721,2.3108115,2.9560893,7.2187963,115500
1.784594,1.2469678,0.28555542,3.15299,6.3728642,254800
10.625952,1.8450799,1.3975122,3.642245,6.7459416,220000
1.9290516,1.4346944,5.982492,4.113401,6.538389,220000
-1.3793049,-2.4312854,0.3103909,3.1608968,1.3465669,75000
2.5570495,1.799955,2.6603944,3.7745261,8.360689,192000
2.679803,2.2429457,2.5121317,4.02356,8.232664,307000
2.043224,1.3793396,6.225165,4.586412,4.7968683,138600
2.49861,1.8021156,2.6665401,3.7629585,8.438035,110000
-0.32436898,0.43863845,0.46936855,3.1359117,-0.35133907,115000
-2.9598684,-1.8535658,-1.2908294,4.011049,10.284292,76900
-0.05323296,0.7194068,-0.22844663,5.218202,9.911931,165000
13.034366,0.81783694,2.4370086,4.5524817,5.2867384,115000
-0.4296436,-0.16723517,-1.0369365,4.623351,10.567162,169000
0.28399667,0.5421301,2.618118,2.9577937,7.3121395,124000
0.37294245,0.102160804,2.247652,2.862361,7.0107822,107000
10.851736,1.7056844,-0.13034344,3.592149,6.807243,123500
0.31521982,-1.1347947,1.4864728,4.203099,2.290346,104772
1.1477617,-0.67709744,1.4409883,4.728809,2.084628,144000
1.4354172,-1.032549,1.0785179,4.793437,2.3048375,120900
0.1897689,-1.2814916,1.5428957,4.1808333,2.3182836,87500
1.3781736,-0.96793497,1.1315683,4.768229,2.324984,148500
11.735334,0.62360525,0.56602037,4.7142153,7.955269,164900
-0.2797888,0.7741109,-1.1643826,5.5203385,10.812601,235000
11.385107,0.83513415,1.8093886,3.2865343,4.6306486,79500
-0.35097244,-0.680991,-0.82720166,4.46562,9.60897,98000
-0.30328035,-0.6741274,-0.9505011,4.595961,9.452208,190000
1.2749068,-1.2045575,1.0682597,4.6865897,2.2350974,263500
0.8862137,-1.7142643,1.2544079,4.6303406,2.2144816,115000
-1.2460935,-2.9002266,0.7571301,3.3159988,1.1923544,66000
-1.1353451,0.34000915,-1.4828986,6.093227,9.622595,116000
-0.48542354,0.17770384,0.66390276,3.212169,-1.0562644,125000
10.745809,1.9390182,2.1123915,2.314478,5.8543344,105000
-0.39179465,-0.38245004,6.177587,3.2231872,6.3680887,127500
1.2983174,-0.19940606,1.4946809,4.7745743,1.7941983,134000
-0.9703382,-0.8170337,1.1377822,3.6722586,1.4599966,94000
-1.1203133,-1.0342329,0.95673287,3.5140767,1.4481426,88500
1.297163,-0.20033433,1.4947797,4.774625,1.791982,128000
12.19091,-0.23039594,2.6869953,4.7844043,4.8574133,127000
0.8118768,1.3539821,1.6527106,4.1983533,1.260868,167000
1.2968562,-0.20002124,1.5009979,4.7774754,1.7992424,127500
1.2973195,-0.20670635,1.4902883,4.7694616,1.7978665,105000
10.836614,1.9984739,1.8182328,3.0965142,6.565968,159000
-0.13810457,0.59375024,-0.45736185,5.3508635,10.19797,134000
-0.49920055,0.32962877,1.1924932,3.3110769,-0.7798401,145000
2.197786,2.9891162,1.5094911,4.4599085,8.06675,1180000
11.122114,1.058801,-0.8042524,3.0012283,6.643845,86000
0.3488516,0.2059511,2.0118034,2.822432,6.978014,127500
-1.8426791,-1.739022,-1.2082368,4.5170937,10.033919,67000
12.193939,-0.70481235,0.9091309,3.5944922,6.4943004,179999
12.191718,-0.22876824,2.6981456,4.784132,4.8460093,115000
-0.31073827,0.47114652,0.4382893,3.1170557,-0.29315147,94900
12.17732,-0.0746335,2.596124,4.8015504,5.221719,107000
10.965668,2.0021603,0.9846112,2.492344,5.0498796,108000
0.8333818,1.3657689,1.6418928,4.2240963,1.2170936,132900
10.823723,2.011178,1.0066478,2.945891,5.7106767,168500
11.758313,1.1042551,1.4726291,3.8581498,7.178058,230900
11.857692,0.65757513,1.5156035,3.6971474,7.537459,130000
-1.2102175,-1.3328454,-0.61976016,3.2094734,10.625489,119000
-0.43253335,-0.22243802,5.4667635,3.0700963,6.52543,85100
-1.1851547,-1.1519747,-0.561839,3.298633,10.715625,120000
-2.9485195,-1.859894,-1.307659,3.9901505,10.266311,110000
0.32053655,-1.1318877,1.4824058,4.2065096,2.2847137,102445
-1.2094594,-1.2660627,-0.6482381,3.2833474,10.711971,123900
-1.008031,-1.1720779,-1.1654983,4.651168,9.758697,70000
1.6168097,3.202801,0.80069697,3.9637759,7.9143596,490000
12.162758,-0.7309335,0.9664991,3.6011271,6.5196686,150000
1.3234489,1.2450064,-0.26201245,3.0642946,6.1844606,263500
10.087823,3.5025208,1.1319983,4.0535097,6.5611835,132000
-1.8599406,-1.8684725,-2.412624,2.6267033,12.063214,117500
-2.5118437,-1.8963912,-1.3056507,3.534418,9.950123,120000
1.9229745,1.464791,6.131577,4.427741,5.1659455,240000
-1.3081089,0.44028005,-1.5493951,5.9242587,9.789632,123000
-0.052848104,0.71049166,-0.16663192,2.9633932,-1.1711314,96500
-1.0183939,-1.1734627,-1.161841,4.6418757,9.76845,90000
12.865059,0.6576928,2.461975,4.6161976,5.535048,115900
10.110617,2.3327718,1.0678899,4.20241,7.403226,485000
-0.95297354,-1.4925685,-0.33291242,3.173273,10.156938,132000
12.145546,-0.6501974,0.89455235,3.5715308,6.525123,178900
11.090558,-1.515713,0.7065602,5.6020947,8.623724,235000
-0.3331151,0.3391674,-0.9649969,5.0812674,10.852375,360000
-2.7454016,-1.8307064,-1.3256384,3.7776933,10.149166,82998
-0.5831433,0.39053887,1.3609917,3.292758,-0.9601449,106000
10.551162,2.3648503,0.5742609,2.9423327,6.5037146,244990
0.96786153,1.4452028,-1.241632,2.4298863,5.8049707,175000
11.705681,0.7353958,1.3101622,4.3250937,7.4610486,369000
11.902404,-1.6700988,1.0208664,2.9981806,6.2456255,19000
10.579374,2.2563999,0.62327504,2.9282408,6.236287,290000
10.081403,2.531666,0.77065367,4.1495547,7.128171,299999
10.423008,2.4197478,0.86511165,2.3737123,7.602022,635000
10.483622,1.9446775,1.1293787,3.8503256,6.8396807,305000
0.5531096,0.40726686,1.3230774,2.7907388,6.488092,128000
0.26508445,1.2835449,-0.37136313,5.273599,10.475603,139000
11.448763,0.24825338,-0.850927,3.235051,6.503368,95000
-1.4531491,-1.5525906,-0.79369956,3.872059,10.205593,177000
11.062783,-0.18635577,0.2719484,4.51585,6.735956,108000
-0.2018188,-0.4469096,-1.0325512,4.845903,9.461894,142000
-0.23805155,-0.5667737,-1.0475898,4.7637267,9.461279,108000
0.6354822,2.4254544,0.31598863,2.4456682,6.9112687,145000
-2.940775,-1.8528489,-1.2775408,3.9895287,10.286568,111000
-2.3476663,-1.625037,-1.4116246,4.152436,10.019314,78500
-2.125108,-1.4954989,-1.6138967,3.5313966,9.866835,113800
10.911857,0.35092407,0.36750257,4.5661798,6.8863153,170000
-0.24486358,-0.66774344,-1.0774786,4.6859016,9.484316,135000
10.709507,2.3566337,0.6702625,2.3625064,6.946548,212000
-1.4610372,-1.2094579,-2.1848052,3.463083,11.427787,123000
-0.33326745,0.27033374,-0.93750465,4.756031,10.876615,197000
13.016252,0.8021513,2.406213,4.52313,5.275975,115000
-0.039526813,0.7377964,-1.8815392,6.023842,10.876747,115000
11.777923,0.90262777,1.4207205,3.9994454,7.5442677,99990
0.82337296,2.4168224,0.5679058,2.4963064,7.0264177,172000
11.705963,-0.69401467,1.7173293,4.087191,5.070892,86000
12.48232,0.67086136,1.9719784,4.1640387,5.879949,115000
-2.9254467,-1.8449057,-1.3000003,4.0019836,10.275124,68500
-1.051478,-1.3403103,-1.7894486,3.7123618,11.2071295,98500
-1.2670358,0.57090175,5.952858,2.9962144,6.928291,136000
-1.5725324,-1.491025,-0.8814654,2.1759114,9.724911,54000
1.6061873,1.8647732,-2.5196407,2.5338373,5.24134,122000
-0.10526564,1.0771933,-0.42382094,5.6896915,10.272223,74900
11.431549,1.6959845,1.2048631,3.5734446,7.2196894,119000
11.788206,0.6888957,0.6111067,4.6337433,7.977494,144900
11.401355,-1.0486656,0.55589676,5.4010434,8.47997,168000
11.094045,1.0524999,-0.8153129,3.0397732,6.590721,73000
1.2763088,3.2687764,0.29716882,3.8558424,7.6416435,210000
11.51679,0.11725799,-0.69995886,3.2782264,6.5130363,53000
10.81423,2.3269126,0.7035711,2.924843,6.534031,159000
1.0726866,1.5956397,1.5376422,4.0973544,1.2022786,125800
0.101841725,0.7307964,-0.30877838,3.061309,-0.6008257,83000
12.238812,-0.7096641,0.42540503,3.3801875,6.8329835,79900
-0.2277454,0.6131979,0.29215485,3.073264,-0.9635307,58000
1.4995793,1.1284041,0.37386414,3.1819334,6.1958103,335000
0.025864763,0.6812465,-0.076980785,3.0205204,-1.2032413,95000
-1.2822444,-2.9705222,0.7439345,3.3501785,1.1595727,64000
12.354855,-0.34202078,1.4613742,3.1888747,4.723765,59000
11.467971,1.1444156,1.6466928,2.8030467,4.3802404,61000
-1.3164324,0.63712,5.9230304,2.9820473,6.9729967,122000
10.7194605,0.24091443,0.6598759,4.2863503,6.2113247,139000
1.5471882,1.7871166,-2.51203,2.567926,5.2538147,86500
0.5174827,0.21842913,2.371046,2.9623077,7.250751,125000
2.2280889,1.265736,6.936473,4.2632513,5.6408877,128926
1.9198209,1.517452,6.2362266,4.490482,4.841691,134000
-0.356732,0.12539299,8.560108,3.139012,6.887041,88500
-0.18276404,-0.29945242,6.965677,3.3006454,6.6416364,86900
-0.19706121,0.09822491,8.461672,3.2191653,6.957463,73500
-0.13626398,-0.078455515,6.824446,3.1264818,6.80803,97900
-0.100659475,0.072547555,7.682119,3.28134,6.8282156,95041
0.01673403,0.15637115,7.834374,3.341552,6.8447475,88500
0.51010615,1.4817333,-0.7213742,5.2308936,10.238963,445000
10.697651,1.4621098,-0.28442484,3.659093,6.4894576,114890
11.067002,-1.4991437,0.72969204,5.5969343,8.671196,169999
1.4878207,1.4164093,-2.0827878,2.7917778,5.7070055,134899
11.895221,-1.3269916,0.34316802,3.9219267,7.2588105,142000
11.62226,0.23130995,0.2895818,5.3358626,8.430888,135000
11.634363,0.22210024,0.2928766,5.306374,8.408436,120000
12.090075,-1.4354408,-0.53187436,3.8997672,7.0393047,98000
11.845121,-1.1728158,1.0192454,3.067668,6.4784374,28500
2.1157236,1.2515198,-2.5596895,2.9989538,5.458496,72000
0.34056598,-1.113977,1.4731817,4.2145324,2.2828853,108990
1.3859773,-0.9607858,1.1357437,4.771433,2.3415937,192900
0.2229379,-1.2633752,1.5581263,4.1694045,2.301706,102000
1.463092,-1.052151,1.0613016,4.811445,2.2977936,88900
11.526864,1.4331962,1.2105981,4.010146,7.2706265,152000
10.786366,0.30891463,0.59059745,4.260638,6.248319,164900
11.980892,-0.585453,0.7941894,2.9350574,6.4654293,85000
-0.4946491,-0.79307115,-1.1009992,4.499753,9.641166,88000
-0.5913103,-0.77747273,-0.92417866,4.5304036,9.718439,125000
-0.21540207,-0.45444956,-0.9578419,4.8180947,9.448054,144990
-1.1176097,-1.0346246,0.95724773,3.5151122,1.4519005,87000
-1.1218655,-1.0658687,0.9374562,3.50538,1.4620045,101500
-1.1126832,-1.0347013,0.95814407,3.5188704,1.4552199,87500
3.341288,0.6583636,0.55658305,4.6275716,6.4811497,329000
3.338221,0.6566971,0.5674875,4.6302958,6.489683,158000
11.127002,1.5502576,1.3164592,2.3591464,6.2600174,110000
10.91886,1.4681591,-0.7531313,3.1758418,6.385085,70000
12.140909,-0.7463358,0.6563386,2.7563121,6.4250135,67500
11.393554,1.3999182,1.8313468,3.4265475,5.117101,99000
11.38095,-0.69884914,1.5483029,4.3213425,6.3355417,117000
10.53052,2.1000578,0.84847546,3.948023,6.5881286,149900
12.169831,-0.09001124,2.5917752,4.8031225,5.239832,117000
0.25630185,-1.0898056,1.4529338,4.1914763,2.2343612,112577
-0.2022457,0.82228893,-0.33362177,5.184191,10.022079,159000
2.433651,2.0252025,2.4059217,3.9369562,8.1931,349999
2.0850108,1.2939023,6.7690606,4.2239394,5.794308,152000
1.2747735,1.8204637,1.3690784,4.226145,0.782004,128000
11.737015,0.6408641,1.51289,3.025762,4.7951636,49000
11.549433,1.4161614,1.4934814,2.7170293,5.108414,120000
11.138792,1.049877,-0.8271116,2.9478784,6.687905,85800
11.309921,1.5649694,1.353272,3.5183346,7.1721306,99990
10.694026,2.3549514,0.6907351,2.3993902,6.9096003,179700
1.2815592,1.8516766,1.500719,4.4168143,1.524114,259000
-0.18210573,0.7289387,0.2333173,3.0742848,-0.7939055,95500
11.742403,0.66583794,1.6106547,3.802109,7.4185524,119900
11.0631485,0.043357592,0.3193905,4.3756714,6.4764633,198000
-0.36202928,-0.45203787,6.624451,3.2849762,6.386698,105706
2.1846867,3.1575086,1.1900027,4.5217247,8.262168,459999
10.40775,2.4283059,0.85375327,2.2864563,7.545281,242840
10.650886,2.278009,0.6816797,2.6118245,6.632834,142985
10.813469,2.2119286,0.75180095,2.378846,6.767759,93200
10.424979,2.4237974,0.8712697,2.3932192,7.58579,591000
12.060523,-1.2435254,0.26843163,3.791931,7.0710254,140000
0.7461549,2.3636632,0.5680008,4.1663203,8.273612,177000
10.693006,2.3091118,-0.009365311,2.9429684,6.062244,232000
0.84923184,2.664478,-0.2149111,2.9172182,7.0133977,126776
11.542772,0.18495496,0.6121168,5.0549455,8.1143875,154000
10.717869,2.0640314,1.0651373,3.5219839,7.1791563,489900
10.427591,2.5017674,0.5781178,3.975382,6.7984138,285000
-1.675006,-1.4145179,-0.80610985,2.1754055,9.751193,60800
-0.25693697,-0.41843933,6.712942,3.36459,6.4202657,94304
0.023365054,0.53119063,-0.46265846,5.382357,10.351486,123000
-0.9308652,-1.2809584,-0.5837253,3.430379,10.284967,124000
-1.5101042,-2.5031197,0.20984624,3.2125535,1.3570024,73900
1.3039918,3.2602124,0.3029019,3.916156,7.6711173,229000
11.858769,0.71437734,1.389289,4.140939,7.5679803,153999
11.72074,0.6057727,0.55108076,4.719756,7.935662,118000
11.528909,-0.6573589,1.6910429,4.23188,5.3588505,70000
11.158274,-1.7605615,0.6044124,5.5077457,8.086935,200000
11.085597,1.5050244,1.7122997,3.2027862,4.78203,98000
-1.1240394,-2.9569128,0.87650245,3.4652288,1.3081427,69500
11.153726,1.5597962,1.744883,3.1853957,4.8587847,92500
12.97583,-0.89889073,0.7364505,3.486931,5.964098,87990
11.397338,-1.686727,0.662021,4.6289167,7.2427807,218000
12.359085,0.14576907,1.3545595,3.2551224,5.8755884,97999
2.0902946,1.2960814,6.7791367,4.231057,5.8265,127273
-0.34539953,-0.4656579,6.6327467,3.307904,6.376708,92300
-1.0818568,-1.6330855,-0.40124726,3.1570446,10.234425,138000
10.973358,1.1596148,-0.775983,3.2223096,6.446162,57000
-0.4370377,0.33554602,-1.88447,5.0768948,10.630088,105000
11.168769,-1.73428,0.6265283,5.4848633,8.081736,125000
10.704332,2.6076856,0.10549155,3.3441339,6.1227283,144900
12.428918,-0.5269195,0.25857896,2.9054334,6.8260207,114900
-0.38540366,0.24485606,-0.99711883,4.815319,10.901437,170000
-1.2780336,-1.1780915,-0.18253255,3.7090218,10.140016,95000
-0.355826,0.2815799,-0.9856974,4.801329,10.888209,170000
0.23807244,0.57867473,2.6946373,2.9649982,7.3270326,123000
11.966616,-0.085701294,2.4246154,4.7862864,6.5581846,162000
1.9983037,1.3197144,-2.6285644,2.8648913,5.3078065,80990
-0.34668458,-0.6214607,1.273345,3.854613,1.4471844,124900
0.20064448,0.06894118,4.109003,3.1721506,6.486499,91900
2.6557198,2.1676612,2.5154228,3.9604821,8.255768,234500
11.078442,1.7110597,1.6537493,3.1553538,4.999692,179000
3.8227499,6.9839516,0.83821833,3.2464201,6.9717107,365000
11.71346,0.59292793,0.5586277,4.7245145,7.943517,118000
12.224026,0.90998423,0.76880306,4.368056,8.254117,89000
0.13772772,0.25585592,2.8314526,2.897329,6.828836,110000
-0.87603885,0.61694103,-1.128116,5.933465,9.663519,125000
-0.26350242,0.60528433,0.40716752,3.1293294,-0.95369244,80001
0.5646377,0.4421603,1.6310812,4.346764,1.4902787,115000
-0.28231516,-0.34276512,1.4669467,3.9221926,1.6983131,109000
-0.3011361,-0.40156683,1.4148321,3.8891609,1.7066681,79500
3.3400724,0.63835067,0.59034103,4.6528397,6.4356728,127050
-0.32105842,-0.40078622,1.4023588,3.878263,1.7215447,86000
-0.10356866,0.07932299,7.683329,3.2814715,6.828875,95041
0.3654452,0.0854626,2.2967,2.8613458,7.003446,124000
-0.035881832,0.13856937,8.129101,3.3171432,6.922683,73500
-0.03605619,0.51945305,-2.2381468,5.9259577,10.558269,138000
11.90178,-0.7835769,-0.52477676,3.7352874,6.7677627,123000
1.2085024,1.6062696,-1.9361566,2.5796807,5.5670476,130000
1.9070771,1.4975017,6.2667794,4.2146916,5.98524,156500
-1.4990647,-1.3685259,-0.6684124,3.8708282,10.242176,193000
0.0700673,0.539757,2.4241538,2.7977521,6.9787517,112000
-0.0015640425,1.1117065,-0.3716227,5.735673,10.201749,159000
10.454697,2.2611651,0.7324586,2.4559538,7.7688293,780000
0.25515482,1.2762748,-0.36661038,5.251753,10.453592,139000
10.845201,1.9694048,1.8028694,2.3682597,5.877673,102850
10.838137,1.9896724,1.8629925,2.3840034,5.810772,153230
0.26216027,1.2052534,1.1240149,2.707253,7.3526974,195000
2.6156902,2.130771,2.5574176,3.9256525,8.308676,234500
2.5633228,1.8012824,2.6689622,3.7772915,8.364335,191000
-0.10720618,1.0118818,-0.57116485,5.6726995,10.4191885,100000
-0.043445908,0.13829769,8.105567,3.3149924,6.91632,85000
-0.34401226,-0.47720918,6.6248693,3.3219206,6.3610263,94700
-0.45727637,-0.23239894,5.508152,3.042953,6.5402265,75900
-1.1957488,-1.4497358,-0.48952556,3.114157,10.534825,96500
12.104045,-0.7492272,0.86636984,3.5460217,6.709258,82000
2.158465,1.2449411,-2.535135,3.0339687,5.479768,167800
-0.24223475,-0.34480265,1.4734685,3.9515548,1.7148781,138000
0.69945925,-0.16128208,1.6171733,4.466251,2.0199358,169900
-1.2738273,-1.3995942,-0.5927191,3.3302972,10.483285,176000
0.20765527,3.5904484,1.202133,3.5984504,7.2021346,88999
0.48243907,0.36041844,1.4852027,2.797556,6.6115265,99000
0.8561254,2.2780077,0.52901363,2.335908,6.993082,119900
12.161037,0.24203473,1.3771542,3.2686388,5.6582284,124900
0.22422934,0.5146653,-0.25973,5.4584165,10.328797,170000
10.5838175,1.9724559,1.1895361,3.9531584,6.6141586,225000
-0.29735214,1.0696552,-0.39129293,5.365305,10.694419,119000
2.3566415,3.1536138,1.3710707,4.529455,8.255298,785000
2.9888854,1.7345825,1.215425,1.9583485,7.579153,352000
-1.0835186,0.2847726,-1.4539077,5.9950104,9.620705,73000
-0.3004284,0.110550635,8.461096,3.1766088,6.8958597,115000
11.729884,-0.33222395,2.1640184,4.7422266,6.578321,165000
11.353995,0.102237456,-0.21554773,4.341387,6.4870996,164900
11.725722,0.71593326,1.1981822,4.2909617,7.5683975,209900
10.703359,1.9104109,1.9297158,2.8654344,5.552114,115000
1.3753362,3.2532341,0.39193887,3.729425,7.6075754,269000
0.7479814,2.0813913,0.15703447,3.8474326,7.848667,230000
11.353015,0.7256007,0.5177142,4.765168,7.806293,214990
11.282986,-0.5094764,1.6284322,4.2237267,6.3018537,235000
1.7328361,1.5176122,-2.5857239,2.6840775,5.11925,81000
10.945739,2.38818,0.77527905,3.2050653,6.263167,123000
0.3229659,-1.1038114,1.4591916,4.1841135,2.2739294,72152
1.4349861,-1.0210625,1.0854471,4.7931013,2.310834,146900
1.0284458,1.0765688,-1.7481447,2.6075673,2.1420143,89900
1.0029022,3.513075,0.051642124,3.3990488,6.9723806,187500
10.52885,2.1137433,-0.12612522,3.662494,6.143037,109000
11.6134405,0.22461048,0.30429158,5.286198,8.385539,167000
11.383006,-0.015379563,-0.17467426,4.286185,6.5108457,120000
11.61837,0.20643073,0.30197108,5.2684765,8.36586,130000
-0.44456017,-0.42489326,1.1023091,3.7262094,1.9206374,210000
12.029034,-1.6931487,1.0183553,2.8890522,5.9995036,37500
-0.4409309,-0.42663565,1.1089526,3.7326133,1.9354066,210000
1.1607429,1.356562,-2.4426196,2.7132213,6.0095615,62900
12.933597,0.71271205,2.4978323,4.631811,5.3564205,95000
1.298579,-0.20186247,1.4945364,4.7747674,1.7965889,144500
1.2766008,-0.21219108,1.5008754,4.7658763,1.8207382,127500
1.5851537,1.1808021,-1.2492354,2.5497143,5.8632994,165000
12.2686405,-0.4259056,0.80556923,3.337179,6.4130197,239000
0.011599926,2.0868485,0.0042267344,2.968776,6.910221,329000
11.98282,-0.9064522,0.8305287,3.9744458,6.412651,194900
3.0540483,1.698063,1.2814764,1.8381841,7.599731,125000
0.07606306,0.6416301,-2.044112,6.046602,10.6274185,83000
-0.05883329,0.720195,-0.17070854,2.9717152,-1.1775246,76725
2.7730932,2.6308844,2.2006984,4.2774673,8.189758,1050000
11.715032,-1.4709799,0.2864244,4.300511,6.9589286,130000
0.3070764,0.62125176,-0.163656,5.443698,10.582972,117000
-1.4429013,-1.221826,-2.4023948,3.269999,10.8822365,86000
11.816641,0.9239972,1.4730054,3.80123,7.451497,159000
-2.3131151,-1.6047117,-1.3291124,3.0012035,9.748499,59900
11.377183,-0.5115559,0.41117105,4.0277886,6.4850016,115000
11.127149,1.0429498,-0.8207274,2.9887776,6.651008,86000
-1.1123765,0.6071294,-2.1013043,5.7984858,10.373945,148000
0.58866113,-0.8424418,1.5954272,4.449359,2.336856,165532
12.051687,0.6313444,1.5038407,3.2623353,5.547963,99000
1.0454595,-1.5451304,1.1839888,4.6558967,2.2017488,88500
-0.9291522,-1.5373876,-2.8617444,3.3719873,11.069862,90000
12.36344,-0.24819279,1.4652432,3.1397624,4.794961,76500
10.303706,2.1516569,1.135059,4.182703,7.212179,1200000
-0.2027938,-0.37475246,-0.9877462,4.8956976,9.423983,149000
11.935543,0.14361507,2.1587646,4.5627737,6.720447,119999
-0.9123513,-1.6371559,-2.9537506,3.3003433,11.100949,102900
-1.4821033,-1.2178546,-2.390134,3.253322,10.906269,81500
9.572717,2.3301926,1.1790669,4.3653994,7.708217,4235000
10.962296,1.541095,1.989083,3.3603976,5.0444317,120000
-2.4218845,-1.6881571,-1.3712566,3.1508,9.811592,59900
11.904185,-1.6300999,0.50836074,3.4973533,6.89231,50000
11.931727,0.11951984,2.1515749,4.5622253,6.712675,153000
-0.31473005,1.103964,-1.0033665,5.2988772,9.823928,260000
10.563789,1.4585845,0.33928072,4.278513,6.727361,230000
1.4089477,3.3070793,0.46826023,3.73599,7.8376527,315000
0.04432838,0.5660581,-1.7906935,5.7034883,10.057949,164950
11.102604,1.7071543,1.6413635,3.1338646,4.996065,179001
0.05024618,0.57047075,-1.7679226,5.7019496,10.084427,159950
-2.50963,-1.8831096,-1.2999661,3.5278332,9.963126,119980
-1.0201735,-1.2351865,-1.4050457,3.910358,10.672446,90000
12.152458,-1.5638499,0.9910064,2.8128762,5.9330688,38000
-0.9074871,-1.1702294,-1.0296345,3.7127016,10.471103,169000
-0.3152059,0.4112412,1.9269838,3.74217,0.29345366,140000
11.239907,0.55003285,0.34237108,5.0663004,7.887654,180000
11.171656,-1.7031045,0.6454299,5.440524,8.083216,195000
-0.9681046,-1.3249925,-1.2258469,3.800725,10.482059,73600
-0.603154,0.362619,1.3955052,3.287938,-0.98055685,149000
1.9048362,1.1473567,6.0032177,4.4201984,5.3961515,148606
-0.26017576,0.653742,-0.6691572,4.8189425,10.398693,425000
-0.325772,0.122759536,8.5346575,3.155895,6.904342,108990
2.1916778,1.2845325,6.8936744,4.256722,5.686351,157025
10.421147,2.626427,0.06860787,3.0742953,6.468782,189000
10.616149,2.4507203,-0.092263035,3.202488,6.1885343,185000
11.818387,0.49314082,1.4803475,3.0696704,4.8824368,25000
-0.17230691,-0.4141364,-0.6616636,4.575852,9.444654,115000
0.63849,3.015113,0.08618887,2.8791611,7.004028,169000
10.351704,2.1509411,1.0908031,4.1940565,7.1214137,790000
-0.9618536,-1.5366566,-1.7970902,3.6179156,11.310261,130000
0.80871874,1.6488229,-0.8935986,2.565225,6.246915,173000
0.016745584,0.15812269,7.840769,3.343104,6.8455667,89000
0.23007052,1.270266,-0.34581852,5.356232,10.663306,156000
-0.28135625,-0.6110379,-0.69114465,4.4181304,9.525582,118000
-1.2686187,-2.7008739,0.5802528,3.171123,1.24903,65000
12.7295265,-0.8700002,1.1650025,3.188349,5.1717734,107000
12.123735,-0.67774016,0.9518342,3.526861,6.659601,135900
12.445198,0.6793555,1.9388888,4.142608,5.927161,135000
10.708506,2.3433785,0.65921986,2.475053,6.7783213,174000
-0.21009661,0.81643903,-0.954393,5.5192075,10.730442,205000
-0.4016847,-0.4673413,6.548352,3.2597241,6.360016,123000
0.9898782,1.4322481,-1.5099547,2.5333402,5.812739,139000
0.22761357,0.619756,2.4136455,2.9515283,7.1280727,265000
0.2710326,1.2802223,-0.36423674,5.2906957,10.533577,186480
1.3384068,1.9729229,-1.8587242,2.5811505,5.631157,123395
9.775188,2.324392,1.2091211,4.287694,7.670792,669000
-1.307735,0.43205234,-1.5456861,5.9167657,9.787596,123000
1.8956351,1.1531793,5.9715004,4.43571,5.3708386,100000
11.405871,1.2516056,1.429061,4.058807,7.2627954,365000
11.591166,1.5753347,1.1941272,3.6878166,7.3275766,116000
12.053741,-0.72272074,1.3160853,3.9156566,6.588871,170000
-2.8119264,-1.834472,-1.3113172,3.859958,10.201005,98000
-1.2520208,-1.2270708,-1.9086155,3.6307654,11.240213,100000
-1.262127,-1.0184325,-0.86175543,3.427773,10.965048,119901
11.126107,-1.397218,0.7393795,5.5175276,8.697042,150000
0.41586804,1.3806235,-0.5855317,5.191451,10.309714,134000
10.8414135,1.9616766,1.7697114,3.129992,6.572161,109000
10.5540695,2.4081066,0.7929965,2.4442208,7.241997,225000
1.9220183,1.4678323,6.1580167,4.4301457,5.1439333,240000
12.945562,-0.902511,0.7276043,3.4840848,6.00041,95999
11.721145,0.5707288,0.5513726,4.7175345,7.9342046,125000
-1.4379641,-1.1818451,-2.310761,3.293689,10.8483095,99000
11.116844,1.4470364,1.8242651,3.2709222,4.8067026,171000
10.711416,-1.560481,0.9119147,5.6737194,8.979256,479000
1.5907041,1.963611,5.7235107,4.276919,5.690066,135480
0.15838072,-1.431007,1.6447062,4.2210836,2.3708158,115000
10.648625,2.3669662,0.64583445,2.4776196,6.801969,222000
10.858593,2.0420892,2.1896124,2.7642033,6.4652915,165000
11.977934,-0.6060264,1.6667855,3.5623438,4.587975,79000
10.822687,1.4378072,-0.5262457,3.4519975,6.377499,137000
11.723141,0.83196574,1.5403774,3.8683465,7.347732,165000
-1.0155647,-1.2607808,-0.4146483,3.331491,10.107146,147999
3.3703954,0.6555917,0.57351017,4.653751,6.471779,350000
-0.9613614,-1.3775403,-1.2189144,3.732616,10.464197,157000
-0.6462309,-0.5609036,1.34211,3.7740119,1.471779,140000
-1.8289729,-1.7845999,-1.2099503,4.483425,10.032597,75900
11.834268,0.47691336,1.4769177,3.0759287,4.8835816,11000
0.96750724,1.4634479,-1.2481993,2.4799032,5.839185,225000
0.833847,1.7247288,-1.2252653,2.718608,6.2291965,230000
10.759011,2.3086421,0.67696494,2.4144132,6.883407,187500
2.2002068,2.1132329,1.3226013,2.3707283,7.647641,330000
-1.7345929,-1.7485262,-2.2652996,2.780546,11.865353,100000
12.077476,-1.2055917,0.27363995,3.7653587,7.0486817,81999
0.79003966,1.8867525,0.24997585,3.9702492,8.068205,264900
0.78231645,2.445596,0.55392295,4.1348424,8.155347,339500
0.038257983,0.74434304,-1.3907411,5.7376976,10.599411,165000
-0.15430976,2.0203888,0.27988237,3.043737,7.3337255,285500
-1.268624,-1.5080707,-0.6277787,3.6230278,10.114257,205000
11.834325,-1.1339213,-0.51229703,4.0900946,6.8822317,132000
11.687894,-1.6212032,0.31503922,4.3764224,7.193322,135000
-1.2822443,-1.186138,-0.17162302,3.7128675,10.132275,102000
2.43597,1.7535229,2.7264464,3.6747923,8.572993,181262
0.06907125,0.95258385,-0.13759178,5.0407515,9.868236,225000
-0.8850809,0.8324785,-0.9883913,5.835765,9.588575,134990
-1.2544948,-1.1038531,-0.5712747,3.6711392,10.320034,178000
10.859564,2.0321436,2.1885076,2.7727602,6.4931517,165000
12.032011,-0.614828,1.6479527,3.5370135,4.5175185,73990
0.31260768,2.8699915,0.5478773,3.0831077,7.1078916,194500
11.186596,1.4207778,1.7025127,2.6838088,4.194196,69500
-0.18800306,-0.12455659,6.7656493,3.1390345,6.764976,119900
-2.125838,-1.4882466,-1.6060815,3.5733845,9.880248,79999
0.32816917,1.1562215,-0.3274708,5.2506957,10.397702,130000
11.183001,-1.6576796,0.63773656,5.4202194,8.062952,154990
-0.9417192,0.81170577,-2.1261914,5.615377,10.746689,149000
-1.7252394,-1.3791211,-0.96672183,2.300734,9.7715435,109000
11.813088,0.5602671,1.5340316,3.5067647,7.54298,125000
0.26062638,1.2224249,-0.31449193,5.137236,10.22737,198000
1.3433138,1.8305639,1.3147813,4.231557,0.7345663,110800
1.545849,1.4765621,-1.5468278,2.8405018,5.863325,167000
0.21590172,0.8449191,-0.35365665,5.175203,9.772392,231000
0.18538973,0.10360797,3.9900403,3.1318407,6.539326,105000
0.21490505,0.069003224,4.1293726,3.1832776,6.479386,100840
11.856403,-0.098411426,2.2371383,4.7282977,6.6491594,148000
-1.4595752,-1.1923798,-2.3938155,3.280792,10.878434,68500
-0.49306962,0.08503865,7.0406303,3.1998081,6.7833242,91750
-0.15192747,0.5287085,-0.38844422,5.1392593,10.017839,154999
-0.98210883,-1.3086865,-1.2426717,3.839517,10.503833,124900
-1.3126266,0.6083397,5.982813,3.0063899,6.944091,85200
11.4130945,-0.89853925,0.73960966,5.084978,8.278455,130000
11.172565,-1.2621436,0.5915233,5.276412,7.970746,229999
0.816367,2.0278916,0.33592713,3.9142416,7.953726,279999
-1.7363638,-1.4755566,-1.0926405,2.2599525,9.833681,57000
0.56008834,-1.9561912,1.2751132,4.5065184,2.1589444,82885
11.523243,1.3549336,1.7371804,3.3324335,5.265091,186999
1.0895777,1.3110847,-1.5265129,2.176882,6.018603,100409
1.6718769,1.3477691,-0.7965596,2.8411283,6.0441017,159053
-0.85713005,-1.3985419,-0.17072457,3.2383215,10.112822,78500
-1.2932892,0.60860586,5.9293723,2.9972916,6.951835,114800
0.77332413,1.318078,1.6505771,4.283596,1.2094486,177000
0.13056017,1.3017174,-0.41350472,5.2385907,10.423282,150000
10.984047,2.3651621,0.80438125,3.177212,6.2109694,32000
11.306829,-1.3893763,0.62108207,5.4454284,8.326978,328000
-0.13634019,-0.31494507,-0.5602792,4.702065,9.663153,121000
0.11651931,0.33446518,2.715027,2.8845017,6.9020395,68500
11.120221,0.980387,1.3690308,3.9644313,7.4226604,337500
10.889108,1.5213668,-0.8019952,3.1577187,6.351886,94000
-1.522722,-1.5616673,-0.846765,2.0761106,9.711849,62000
1.2014925,1.7795186,1.5420641,4.4634023,1.5420457,204300
11.459979,0.1649364,-0.928433,3.3375242,6.418511,99500
0.9693463,1.4499645,-1.1969143,2.4400647,5.8291283,190000
2.2105458,1.2710346,6.9167676,4.2579503,5.6476398,134000
10.546095,1.9564929,1.2012266,3.7567954,6.840207,470000
0.031887647,0.2542625,2.6963103,2.8008432,6.8126736,79000
0.020691,0.24257198,2.7177663,2.8039582,6.8236537,79000
1.8952502,1.5250312,6.1170835,4.4776006,4.888396,179000
0.06320798,0.2592846,2.7662199,2.8347716,6.8823385,106800
0.05217284,0.3213549,2.7959054,2.8614578,6.9297085,103600
11.380539,-0.92973894,0.12592268,4.5710425,6.730244,80000
0.7763449,1.8480694,0.23117279,4.0088706,8.102367,250000
1.9425857,1.4903511,6.2030826,4.464731,4.951963,161000
1.7340144,3.041207,1.0417807,4.4062476,8.258371,570000
1.9166148,1.4896942,6.2952137,4.2131796,5.9808526,205000
0.039856285,0.2865413,2.8039405,2.8371284,6.903165,103600
-0.011293336,0.26055816,2.7575085,2.7952778,6.8150487,74000
-0.041546058,0.13664544,8.137821,3.3135133,6.9241605,87500
0.010136456,0.2740493,2.7379973,2.803719,6.836907,74000
-0.2590294,0.10426732,8.495166,3.188448,6.934,92500
0.07671032,0.2586006,2.7179878,2.830079,6.878812,87000
-2.163262,-1.8223215,-1.4564507,3.9245007,9.697743,90000
0.022442458,0.53115904,-2.214012,6.0010486,10.548458,100000
11.02105,-1.553339,0.8287054,5.4524956,8.648826,495000
-0.25282562,0.4040759,-0.6343929,4.6378303,10.697108,186000
2.213469,1.2673919,6.9181285,4.2622533,5.6614804,155000
0.06288927,0.29096404,2.7463417,2.8371234,6.896791,106800
-1.8233805,-1.6454098,-1.5798941,2.3888865,10.022886,64999
1.9139918,1.4951628,6.285886,4.215718,5.974896,170000
-0.051076137,0.122946054,8.177154,3.2933826,6.944599,126000
-0.031704836,0.13902679,8.073578,3.3211415,6.913876,143000
-0.18728907,-0.13715656,6.8434763,3.1420994,6.773959,145000
-1.2941346,0.45116338,-1.5621883,5.932736,9.798014,95000
1.881612,1.5491314,6.105537,4.4578757,4.917963,179000
-0.2031274,0.09423875,8.482611,3.2122607,6.9563417,76500
-0.6943279,0.5796866,-2.2020366,6.0054593,10.329478,143990
1.9388162,1.4933133,6.234508,4.441556,5.006551,229000
-0.2580904,0.78608406,-0.45512,5.2518253,10.455914,129999
3.6969297,6.8574142,0.8245104,3.3043172,6.9277163,350000
0.6010177,2.7252963,0.09645215,2.791307,7.0512323,499999
2.043022,2.1390436,1.1074414,3.0075138,7.6973605,355000
3.5126302,6.874146,0.79249936,3.3537347,6.7222986,235000
11.307668,-1.4394004,0.58165467,5.484829,8.300677,265000
10.640617,1.9852133,2.1666703,3.2366886,5.648175,215000
-1.7876753,-1.3391074,-0.8706338,2.212803,9.762097,120000
1.1453491,2.0692482,0.74514073,2.153678,7.1818833,235000
3.6254978,6.809369,0.95830023,3.1593513,6.9026375,309000
11.29653,1.2585096,1.8171104,3.1401107,4.5748553,140000
10.386673,2.0878615,1.0967883,4.087133,6.9669833,360000
-0.96717334,-1.3212792,-0.21006818,3.3364482,10.054955,135000
11.802009,-1.0907958,0.9768318,4.0062733,6.7275586,84000
-0.8849263,-1.3442606,-0.44097298,3.378551,10.19431,98000
-0.9571782,-1.5538812,-2.836004,3.3591182,11.112449,105000
-0.32664976,0.25376448,-0.9199077,4.7159395,10.872087,345000
-1.4379023,-1.2029464,-2.388383,3.2959518,10.879737,82000
-0.15965095,0.8780633,-0.34466082,5.3228626,10.725203,104900
-0.90580654,-1.7827021,-3.0933514,3.1790173,11.097442,98888
5.2084208,9.235454,2.1026254,9.705939,5.9046907,210000
-0.85611856,-1.391171,-0.18189488,3.2614613,10.111748,89999
-0.8778308,-1.4245923,-0.20293647,3.2959092,10.121936,129999
-1.1432394,0.5268318,-1.4272141,6.0314317,9.70599,125000
-0.440448,0.79010415,-1.8014991,5.3905344,10.730759,197000
0.5260866,2.9998956,0.23371327,3.0179727,7.0282497,224000
-0.99152225,-1.4821955,-2.7287583,3.4232342,11.132392,79999
11.66015,0.7932141,1.1844882,4.398106,7.396924,134990
-0.91618633,-1.672816,-2.9831805,3.2694263,11.103274,125000
-0.98930526,0.5484806,-2.1827738,6.042993,10.169113,111990
12.220323,0.17381793,1.3343352,3.2386236,5.8132687,112500
0.8140034,1.3828802,1.6255159,4.3207583,1.0993851,147900
11.917111,-1.6124765,1.0042801,2.9888985,6.2569394,35000
-2.1400335,-1.5640885,-1.5664151,3.2046378,9.832923,68990
-0.35318553,1.3140973,-0.8322004,5.3560176,9.953672,332000
-0.9285729,0.85242575,-2.1361434,5.5649834,10.78446,130000
11.912815,0.27728924,2.2479818,4.0370336,4.7952294,138000
-0.39999264,0.56551784,-2.2097955,6.005602,10.403208,165000
0.10133248,0.5044622,-0.4747478,5.431314,10.357629,137000
-1.8385097,-1.1580563,-0.6335389,2.4762993,9.814835,77000
-0.02925297,0.8104362,-0.2951953,5.343285,10.483675,134999
-1.4895099,-1.5399238,-0.7804743,3.891585,10.215583,245999
10.592102,2.420453,0.121684074,3.3719046,6.0033493,155000
0.26340708,0.59379095,-0.20952025,5.41977,10.411152,89000
-0.15666792,0.8895108,-0.3596209,5.3454704,10.565047,124999
-1.4250418,-1.1918713,-2.377344,3.304142,10.86265,89900
-1.066095,-1.1964729,-1.4547198,3.2402828,10.693282,71000
-2.299237,-1.7948793,-1.5643997,3.7274578,9.627691,55000
11.443563,1.090181,1.7758418,3.4698837,4.8108597,165000
10.667392,1.8571956,0.9606727,3.2925406,5.6340823,95000
-1.8360556,-1.1850163,-0.6565437,2.4040768,9.786373,84999
-1.3874342,-1.1644922,-0.4203209,3.6731045,10.180933,108999
0.10276465,2.0617142,-0.096999004,2.921164,6.8389273,149990
-1.2532301,0.4708915,-1.6742616,5.95506,9.864072,69499
-0.89483076,0.58924305,-2.1921139,5.977945,10.284449,132990
-0.9230619,-1.6248986,-2.9402761,3.3060896,11.105852,106999
10.505875,2.3773491,-0.20930335,3.4850173,6.0684924,120000
0.04691377,0.7577039,-0.1693039,5.204531,10.17617,123499
0.21630773,0.51742226,-0.25960425,5.404476,10.347033,130000
-0.9559215,0.57209504,-2.1998143,6.0123677,10.235833,109990
11.349731,1.1489785,1.8965093,3.366868,4.738495,189990
-1.3285415,-1.1719735,-0.20380174,3.775938,10.138034,110000
-0.9797413,0.57886726,-2.186246,6.022632,10.1925955,109990
11.577529,-0.12029564,0.44513306,5.128421,8.24021,258000
11.900651,-1.6522456,1.020987,2.993515,6.2558694,27000
0.25080758,0.6299955,-0.22392295,5.4186826,10.444248,122000
0.24829887,0.6582689,-0.19382396,5.4160757,10.501842,145000
-1.1022879,0.6234079,-2.111815,5.7894936,10.4070015,125000
1.0785192,2.9419613,0.43331945,3.8836493,7.728872,297999
10.413105,2.13056,0.4898588,4.160768,6.8529787,269990
12.037862,-0.65066373,1.309535,3.8737428,6.4854927,150000
-0.95816445,-1.6138684,-1.359204,3.348512,10.622849,95999
0.019164229,0.54336464,-2.2269192,6.0109653,10.543501,104999
11.338491,1.1821831,1.8841898,3.3460662,4.724581,120999
12.045863,0.330859,2.3042424,4.2154384,4.8215566,110000
-1.1096765,0.6217117,-2.1097963,5.7782574,10.407461,136000
11.929813,-0.11276393,2.4049187,4.7916236,6.6081133,150000
12.153702,0.36815318,2.4198081,4.4896636,4.840565,139990
11.946588,0.2673669,2.2599998,4.0674863,4.803054,84990
10.723501,1.9101806,2.0960293,3.2954946,5.6261005,185000
-1.3700593,-1.0749196,-0.46871132,3.4242256,10.203926,95000
-0.8026578,-1.0620898,-1.1402097,4.161276,10.220546,136000
-1.1241319,0.6097703,-2.0957632,5.8124633,10.356825,114990
0.043350525,0.53511935,-2.2154326,6.0237656,10.539549,129000
-1.0075316,0.55769354,-2.1924975,6.0187993,10.199765,91990
10.557242,1.9835117,1.1851345,3.8303075,6.7818136,287000
0.33055556,1.1750991,-0.33197072,5.254635,10.404753,142000
-0.9890358,0.57665247,-2.1830716,6.0201516,10.183256,139000
-1.4499232,-1.2172759,-0.45561966,3.1474128,10.162677,135000
-0.87286603,-1.2959098,-0.17592236,3.2283223,10.030803,120000
11.44752,-1.896452,0.4771566,4.5674653,7.13208,54000
-1.4655635,-2.445429,0.22598521,3.2108197,1.4484092,74990
-0.02429671,0.83188343,-0.27473414,5.349704,10.548147,147000
-0.20064318,0.68598264,-1.4507669,5.4275427,10.53693,185000
2.0623832,2.0765712,1.2086781,2.1687958,7.542023,225000
-1.3329183,-1.2051929,-0.4434521,3.1722357,10.212625,100000
-1.005527,-1.5033872,-0.28584826,3.108127,10.17913,105000
0.7112427,2.2117279,0.57434267,3.953219,7.9928036,176000
-0.83211184,-1.0338155,-0.6967317,3.5450907,10.423102,75000
11.513308,1.0943751,1.510347,4.2243476,7.0184336,250000
0.38095555,0.9847544,0.32009792,4.4501777,9.41493,287000
0.72254115,2.3609397,0.58739233,4.1841264,8.234664,177000
-0.27295983,1.0992289,-0.9780316,5.2555175,9.827449,295000
-0.78207964,0.64823824,-2.0022163,5.6530466,10.494417,298000
-1.9914614,-1.6270536,-1.5925671,2.7197385,9.91552,81990
-0.9251835,0.5638403,-2.210062,6.0308623,10.226421,115990
-1.0849904,0.6167167,-2.1058595,5.792567,10.39294,147990
-0.16963911,0.84367335,-0.41708288,5.3098774,10.646371,179000
0.0026802185,1.2125425,-0.5123635,5.04552,10.418777,208000
-1.4590015,-1.1943828,-2.3883204,3.2858627,10.895292,68499
-1.729965,-1.5390736,-1.2697114,2.3179255,9.920906,100000
11.980856,-0.6197536,1.3043197,3.865135,6.381629,150000
0.81871957,1.7377903,-0.44936255,3.512766,7.0904465,164990
-1.5300325,-1.390651,-0.71307904,3.8930554,10.262236,193000
-2.1383836,-1.5304003,-1.6129062,3.5145063,9.844697,93990
11.244961,-1.6206858,0.6592916,5.248263,7.997507,125000
11.265609,-1.6904019,0.65719146,5.0720696,7.7540727,600000
-2.1490047,-1.532631,-1.589638,3.5142093,9.846819,87000
11.329401,-1.3807615,0.58509773,5.4730363,8.320671,210000
-0.89745635,-1.7817688,-3.111213,3.178659,11.101954,75999
-1.052085,-1.4083129,-0.33222768,2.9734697,10.220422,77000
-2.137627,-1.5512285,-1.6135551,3.5357816,9.822597,77000
11.232341,-1.3875148,0.66231114,5.2040954,8.070292,405000
11.288978,-1.4536438,0.58552486,5.5125136,8.337363,185000
-0.45724747,0.40095684,1.0783757,3.2749257,-0.84642905,126500
-1.125501,0.6139434,-2.108219,5.81319,10.370726,108990
-1.9636092,-1.6894001,-1.3130785,4.5009747,9.993051,90000
-1.8761991,-1.8842372,-2.4283419,2.6095214,12.081139,104999
-1.2215388,-0.92542547,-0.41113615,3.557572,10.204648,119999
-1.0632869,-1.0733491,-0.44349828,3.4072425,10.229059,129000
0.23945852,1.0427662,0.03408662,4.7903185,9.666889,250000
0.15108939,0.51795876,-0.3899435,5.4589605,10.323439,133000
-0.12264344,0.694395,-0.24798599,5.192176,9.887728,170000
-1.1141602,-1.5002809,-0.5580062,3.4426663,10.08209,197000
-1.0274,0.55124426,-2.1792905,6.01669,10.186849,98000
10.055946,2.3441784,1.0455271,4.2051353,7.364551,930000
11.725484,-1.4534334,0.273679,4.2822742,6.977836,159000
1.0260252,2.2613437,0.74610823,2.6271465,7.1747613,228690
-1.8493751,-1.2223041,-0.69056326,2.3710089,9.782866,75000
11.2487135,-1.3006548,0.87532574,5.066392,8.096625,220000
-0.87144226,-1.4515675,-0.21503519,3.2816935,10.089806,124000
12.339496,-0.3304065,1.0169296,2.95143,5.861155,38500
-0.98882616,-1.2872972,-1.7866656,3.8183887,11.074966,114000
11.071678,-1.5023901,0.7401948,5.5713353,8.643597,175000
-1.46943,-1.2059925,-2.384736,3.264631,10.899125,86500
0.30222446,3.5120993,1.1636705,3.672343,7.2922525,100000
-0.2604247,1.0008967,-1.3761257,5.445518,9.787437,209990
12.068719,0.012096089,1.056868,3.4028785,5.6020722,87990
-1.0099047,-1.391953,-0.18336032,3.4056149,10.088766,120000
-1.2050034,-1.2733756,-0.3807909,3.020593,10.211128,79899
-1.2321751,-1.0896248,-0.42623368,3.8151517,10.082732,68000
-0.81423587,-1.2837319,-0.14237024,3.187708,10.0724325,115000
-0.9367514,-1.6442202,-2.9600987,3.286803,11.124738,134999
0.44685173,0.31620142,2.4318006,2.9571118,7.253683,134500
-0.97845197,-1.2039106,-1.5290596,3.9082055,10.716143,137999
-0.114883795,0.8611383,-0.32108626,5.329182,10.670789,125000
-1.8773689,-1.1344559,-0.6195651,2.5048862,9.8013,65900
-0.7666934,-0.8030116,-0.6045928,3.5591671,10.47362,140000
0.9971315,1.0423691,-1.6928779,2.6601682,2.2026181,56600
11.885364,-1.6927449,0.9251768,3.2584662,6.241598,26500
0.16003738,0.552059,2.8032832,2.9405,7.251361,139000
11.881667,-0.06734509,2.2603693,4.7180324,6.646738,117500
10.105839,3.6019697,1.1738217,4.0179787,6.496168,65000
-1.104564,-1.2981921,-0.34734762,2.9986038,10.216898,115000
0.44408458,0.31241366,2.4515355,2.9525883,7.2405295,134500
0.0434779,0.5314033,-2.219682,6.0184646,10.535024,109000
-1.3837967,-2.169648,0.045238666,3.031374,1.1889812,69000
0.07499757,0.26304615,2.7316556,2.833069,6.8769865,103600
-1.4708352,-1.2115666,-2.388173,3.2586706,10.899359,69999
-0.054019067,0.86244905,-0.35075086,5.329552,10.345167,103000
-0.29602,1.0602543,-0.40913156,5.361983,10.677664,119000
0.43388104,0.33072042,2.4628465,2.9562464,7.253772,139000
-1.8261348,-1.7303479,-1.2014132,4.5224357,10.029221,67000
11.788481,-1.1146337,-0.564393,4.0937157,6.8415756,90000
-0.8989146,-1.7415507,-3.0694458,3.2121456,11.101209,88000
0.07795292,0.2457449,2.725772,2.829698,6.8679547,114180
0.27493286,0.65922457,-0.18088073,5.4190745,10.532736,110000
0.42773935,0.33707693,2.4536252,2.9537377,7.249723,134500
0.17251718,0.55971205,2.7904367,2.9470317,7.257889,134500
12.203857,-0.22401574,2.6815956,4.7618985,4.838321,79999
-0.35085052,1.0442424,-0.32157606,5.214148,10.262929,115000
11.959378,0.015675433,2.3429666,4.666571,6.6329656,129999
-1.8699611,-1.1692312,-0.6456917,2.5109441,9.81591,75000
-1.423871,-1.3568871,-0.6364716,2.3876429,9.949165,75000
-1.2139899,-1.2222008,-0.17165305,3.6445818,10.146343,100000
11.827481,-0.21104737,2.290369,4.802894,6.63486,175000
11.900484,0.28306288,2.238552,4.019215,4.7931323,127490
-1.5532498,-1.5304489,-0.8485706,2.089711,9.719,68000
12.17917,-0.2173212,2.6889884,4.7663193,4.8533373,114999
-0.8604034,-1.4369862,-0.18579924,3.2831554,10.092869,77000
-2.308895,-1.8579913,-1.5440204,3.7397697,9.58219,67999
-0.9862632,-1.3419764,-0.16132556,3.3907876,10.099177,82500
11.929828,-0.06947261,2.3725045,4.7362804,6.651641,131999
-1.5370196,-1.5054339,-0.8121179,2.067664,9.686668,49000
-1.8441633,-1.6476015,-1.6054819,2.3937247,10.006689,75900
-0.32446432,1.0491351,-0.36969692,5.2797203,10.654743,120000
-1.6277446,-1.4675763,-0.82950544,2.1229174,9.73511,65000
11.866921,-0.0597234,2.2246926,4.7078643,6.656591,100000
-1.5502235,-1.5383784,-0.86153626,2.097589,9.6808605,54000
-1.9235936,-1.1122375,-0.60103387,2.5096319,9.797077,56000
0.17171887,0.46912006,2.1730678,2.8236163,7.0158668,130000
0.0742258,0.59646183,2.581913,2.8340592,7.010561,75000
-0.36523035,1.1181021,-0.3862699,5.2418885,10.255119,120000
-0.36290982,1.0963815,-0.38461694,5.2440104,10.275999,120000
10.76719,1.755901,2.0399935,3.2944014,5.4300704,194000
0.2691469,1.0845487,-0.23798949,5.177171,10.303142,118000
0.0046176906,0.7737576,-0.184216,5.1915197,10.183105,110000
-1.1555496,-1.3132423,-0.10391501,3.609586,10.103668,115000
11.922885,-0.030661913,2.322973,4.710556,6.649019,115000
-0.3375218,1.2426931,-0.49750763,5.2724223,10.2092085,115000
-1.1131185,-1.2617049,-0.1442061,3.5166445,10.135678,119800
11.94509,-0.033608425,2.3765304,4.7206798,6.6415806,105000
11.945023,-0.03894081,2.3792114,4.736282,6.640718,125000
10.699427,1.9095601,2.0598025,2.8611526,5.5350657,120000
10.81341,1.9358218,1.9432342,2.3103042,6.025038,120000
10.704958,1.9208074,1.9892539,2.8861809,5.5396767,66000
-0.1923639,-0.13191551,6.7910314,3.1414053,6.7591867,114000
11.9804,-0.04903488,2.4424167,4.7925797,6.594608,108000
0.08106698,1.5870531,0.82338804,2.9261425,7.442172,105000
0.20981435,0.5188608,-0.28643003,5.4538045,10.310352,129800
10.708273,1.9054006,1.986237,2.8263211,5.559746,115000
-0.07250421,0.24999006,2.859883,2.762451,6.797078,95000
1.8679717,1.4903753,6.0753922,4.3996744,5.20232,175000
10.884622,1.6684678,1.4923965,2.8496096,5.4094067,110000
0.27415946,0.7480387,2.463953,2.977072,7.305515,292000
0.32263237,0.20549363,1.9423342,2.7808204,6.9284835,113000
-0.46317735,1.3133845,-0.75922704,5.4427676,9.94599,189000
10.726911,1.7687985,1.3971624,2.9040122,5.6422286,140000
-1.066838,-1.6169336,-0.39192715,3.1519625,10.241245,96500
0.48948058,1.049853,1.7600001,4.1865454,1.0954125,318000
-1.4578058,-1.3263619,-0.6059786,3.954006,10.179299,115000
-1.3499562,-1.0510777,-0.4533486,3.6502042,10.267755,163000
12.081704,-0.005251557,2.3592865,4.715702,6.205423,150000
-1.8138678,-1.3308024,-0.842607,2.2624538,9.757432,109500
-1.5426891,-1.0888306,-0.46528864,3.0642016,10.158846,120000
-0.29033923,1.0668409,-0.36327773,5.111136,10.08465,200000
-1.5499368,-1.118924,-0.45626962,3.0270734,10.143975,108000
0.17772758,0.56932837,-0.38624322,5.481607,10.362659,215000
0.6009722,1.3630252,0.72870946,2.4056106,6.920633,159000
11.820769,-1.6281463,0.5782364,3.6015966,7.0422506,55000
-1.113743,-1.5066326,-0.5321249,3.4071724,10.063739,176000
0.6192016,1.9375215,0.5999928,2.4640713,7.1535916,177000
0.8076092,1.9084859,0.26341197,3.9373834,8.0117,260000
0.30880204,0.6662608,-0.1462042,5.310203,10.445469,114000
-0.28171864,1.0004851,-0.3859082,5.2937512,10.5396,140000
0.008338806,0.5090927,-0.4406591,5.37307,10.340713,123000
11.327294,-1.3547826,0.624944,5.4117513,8.317299,158000
10.733518,1.849785,1.8976827,2.8079274,5.5267906,51672
10.699039,1.9303001,1.9311008,3.2763288,5.719814,116820
1.2847718,3.1802518,0.41857305,3.7018504,7.5911946,229000
1.0448871,2.9716454,0.4908599,3.8952334,7.7487836,410000
10.693942,1.9185332,1.8001536,2.9499786,5.5821204,69420
11.678933,-0.8334988,1.0785633,3.9967096,6.404401,78000
1.3631676,2.1864715,0.695756,3.0403674,7.5535097,197000
11.172821,0.5156921,0.29286405,5.097251,7.852367,210000
-0.8824922,-1.1939628,-0.97420305,3.6690013,10.433759,92900
-0.056538936,0.526673,-2.2209287,5.895138,10.587682,97000
2.0877936,2.0762389,1.222394,2.171209,7.545786,240000
5.21702,9.233863,2.1003234,9.705598,5.9066396,124900
2.097534,2.072668,1.2225349,2.1550333,7.5487432,228000
-0.89369637,0.8277384,-0.9913671,5.8447433,9.584999,135000
-0.3571499,0.6706081,-1.8989135,5.4508157,10.755038,137000
-0.13334431,-0.10137317,6.768741,3.1262012,6.814112,137000
-0.32780266,0.6472892,-1.896234,5.458846,10.723026,115000
-1.8944837,-1.1431165,-0.6201039,2.4784513,9.792648,51999
0.20839551,0.5528498,-0.3420782,5.4807305,10.438106,74999
11.842089,-1.6903495,0.92119247,3.3577588,6.2700877,47000
11.877916,-1.7145554,0.9233167,3.2798092,6.242865,24999
-1.6922739,-1.4369664,-0.9479407,2.2145944,9.81469,74000
11.193392,-1.6158016,0.68612725,5.3067966,8.0437,119999
-1.0959095,0.62283367,-2.1073978,5.790467,10.397142,112000
-2.3364906,-1.859274,-1.5872874,3.7855444,9.577024,61000
1.9489359,1.4895773,6.229336,4.500777,4.850162,117081
0.8950808,3.1054041,0.25460073,3.0588229,7.1356826,149500
1.516169,2.4714599,0.7672879,3.3268385,7.805828,345000
10.954604,1.5949916,1.7601544,3.2259958,4.7819,81990
-1.6421967,-1.3051196,-1.0305552,3.820664,10.467771,150000
1.3346347,1.9657229,-1.9430144,2.5793302,5.5937343,92500
-1.3888505,-3.068037,0.7071254,3.385893,1.0646169,57450
10.09823,2.2577941,1.1681724,4.1538105,7.4830246,730000
1.9402877,1.3604175,-2.593002,2.8547907,5.291188,81000
-0.12262991,1.2002798,-0.53436536,5.128992,10.435615,154000
12.135169,-0.8484919,0.9717746,3.4707947,6.6878877,88000
-0.797575,-1.2270955,-0.4130177,3.5484717,10.135689,77000
-0.7664687,0.63263214,-2.170159,5.941449,10.44346,137000
0.75367147,2.3820407,0.62127274,4.1933913,8.18107,177000
12.387285,-0.38841245,0.84634715,2.9915261,6.709168,95000
-0.514877,-0.17504,5.5401583,3.074835,6.544508,58520
0.06356669,0.59765095,2.5711455,2.8213246,7.0176234,100200
10.807915,2.020007,2.0083227,2.3386645,5.8760533,117000
11.373287,-0.47170138,1.8343343,4.429078,5.5138044,105000
0.2544787,-1.7213584,1.9376094,4.7192073,2.3791373,89500
1.9269199,1.5123699,6.2320805,4.4425955,4.969689,115840
-0.37619504,0.06587366,-0.9729325,4.6349044,10.795141,160000
0.08623664,0.57731473,-2.1238604,5.999982,10.542124,120000
10.792242,1.9787405,2.0559726,2.3016295,5.886136,137000
-1.3216377,0.6578896,5.9042764,2.9573817,6.996888,74000
-1.0936049,0.4106942,5.7404695,2.9657915,6.888118,88000
1.6091834,1.9403034,5.7507496,4.2736077,5.7027073,155100
11.316756,0.3263334,0.21838912,4.9571524,7.668598,182000
-0.047049623,0.5323442,-1.8430406,5.6459894,10.437901,137000
-0.8401868,-1.3741192,-0.17950828,3.2416723,10.113323,95000
0.22918084,-1.6817211,1.8793501,4.6602416,2.3779643,114000
-0.4540153,0.30156472,0.8709363,3.2616587,-0.21335976,138500
-0.20879196,0.7895114,0.41623282,3.4466815,-1.2102398,119000
-0.29433638,0.79027987,-1.3045285,5.572904,10.9101305,129000
0.9996641,1.6094584,1.5576739,4.205723,1.1197078,136990
12.431435,-0.5709998,-0.5687407,2.752126,6.7292376,105000
1.0998616,1.6689088,1.746858,3.2419553,7.2167554,176000
3.6490574,7.0150805,0.7469608,3.3637495,6.8391223,280000
-1.5603771,-2.5215695,0.19897573,3.2526724,1.3809295,64000
12.554238,-0.025097262,1.1775049,2.9746876,5.857088,85500
-0.20307525,1.2409478,-0.5992553,5.7812023,9.898647,253000
-0.1553969,0.69779104,0.061330926,3.01524,-1.0497224,93500
11.927485,-0.07515647,2.3836877,4.747855,6.6561804,131999
0.5524348,0.40998194,1.2931932,2.7969682,6.4301248,115000
11.636332,0.90327084,1.4887202,2.935759,4.66841,18000
-0.5975824,0.3532,1.4572922,3.3204713,-0.93086505,76680
-0.47941327,0.36430696,1.1778831,3.3043807,-0.781592,99000
-1.3230175,-3.0008156,0.71733993,3.3274238,1.1220572,64000
12.467426,-0.8667074,1.3142335,3.5553398,5.218432,73600
12.432563,-0.42182803,0.99860406,2.8394623,6.0105047,68500
0.4762606,0.342332,1.4867013,2.800487,6.5526576,105000
-0.30643395,0.23378825,-0.8962504,4.661657,10.86826,219000
-0.065492265,0.7725322,-1.8159035,6.0065184,10.944359,120000
-0.36014032,0.26345143,-0.9736327,4.793086,10.900121,230000
-1.8196207,-1.6719579,-1.7362437,2.3541882,10.177588,68500
10.439821,2.3011248,0.82090485,2.319223,7.678593,299900
10.851756,2.0074594,1.0290741,2.9043272,5.708479,155223
-0.3153378,-0.6397955,-0.8125281,4.4916263,9.554389,115000
11.3237915,1.5747108,1.427085,3.2086058,4.543007,67520
11.15849,-1.6694597,0.6374811,5.40034,8.003588,245000
11.3279505,1.5616753,1.4303546,3.217243,4.522851,69421
12.3717375,-0.7601387,0.4166601,3.1695595,6.9157586,113900
-0.33520868,0.90403414,-1.6786948,5.78066,11.235163,132500
0.46930033,0.89334947,0.51116335,4.10219,9.303218,320000
11.189939,1.4569938,1.6920567,2.7077754,4.304295,58700
11.996884,0.6112656,1.4223075,3.7283554,7.61706,214999
0.085156985,0.838503,0.07004512,3.1517599,-0.8922685,76700
0.077238254,0.24551377,2.7134528,2.8270876,6.8719735,65910
0.29875213,-1.7722257,2.0577815,4.810178,2.4129508,98000
0.6682314,-0.73345643,1.7040763,4.5486813,2.397797,123500
1.462741,-1.0517173,1.0624181,4.8119555,2.2973683,77400
1.2767318,-1.2664715,1.0443443,4.681242,2.237128,89900
-0.2800971,0.88954765,-1.7082891,5.8263173,11.1959915,134990
-1.4422852,-2.3142462,0.101471886,3.1111972,1.2334317,89500
11.428742,0.90457207,1.7912952,3.1329956,4.4622207,82990
11.96854,-0.48050645,1.6569352,3.4649706,4.646418,72900
12.451901,-0.08372375,1.2806594,3.079737,5.573301,58500
11.272473,1.6591176,1.3944918,3.2218595,4.584085,90000
10.643702,1.9480603,1.2820204,3.7222066,6.739292,220000
0.83975476,2.3864207,0.6728429,4.1385827,8.258851,320000
12.522715,-0.13385311,1.1877251,2.9839969,5.765394,70000
0.026251819,0.8257953,0.124131754,3.1580105,-0.89041847,75600
11.550362,1.6645216,1.1602558,3.6732981,7.282217,120000
-0.25333256,1.0618804,-0.42709252,5.5170746,10.396127,130000
11.667743,0.8398223,1.5009003,3.9555044,7.3988323,125000
-1.2282138,-1.2113613,-0.6438554,3.2723076,10.754394,135000
-0.9393977,-1.30534,-0.23803313,3.2759519,10.038813,146000
2.2182198,3.1753297,1.2079817,4.5514264,8.284677,719999
1.0322037,2.1410198,0.6933288,2.1902108,7.145492,174999
-0.29060653,0.9832536,-0.74232566,5.6638947,10.191148,135000
11.906643,0.72918105,1.4524547,3.633974,7.5766754,122000
12.467922,-0.41155088,0.8919085,3.2553482,6.2473736,170000
0.84236753,2.1559377,0.40219945,2.428335,6.758943,172000
11.834599,0.6309444,1.5211782,3.7360327,7.607884,150000
-0.5836365,-0.6145341,1.2449543,3.789406,1.5434644,86500
-1.4760084,-1.126844,-0.72546947,3.5460873,10.507744,119000
0.08386878,0.5103934,-0.082093805,2.9324684,-0.85302424,105230
0.10279997,0.51168627,-0.10742174,2.9239686,-0.89837503,74290
1.1920093,1.8845294,1.4311684,4.3004565,0.6731716,133365
1.215948,1.7775819,-1.131872,2.1852455,5.931552,190000
10.56852,2.4186003,1.1594214,3.2336192,7.198811,599000
-1.8573997,-1.6400307,-1.5941535,2.3971481,9.979104,71999
12.049379,-0.82702523,0.8566061,3.5480106,6.802268,122000
1.2378955,-0.15176253,1.5132674,4.740341,1.7846816,130000
11.155508,1.7387013,1.4941293,3.9884977,6.622159,285000
-0.14110588,0.94067293,0.38441077,3.4393497,-1.2515484,122580
-1.5166008,-2.4255013,0.15760809,3.2163348,1.444706,69000
10.773953,-1.5776178,0.88785446,5.6602516,8.91459,384900
2.7224245,1.8694149,1.3704337,1.8161389,7.5866156,259000
10.989895,-1.6682962,0.7740845,5.5271087,8.445397,595000
-0.82837284,-1.1729814,-1.1341646,4.018054,10.277047,113500
0.003152722,0.46120664,-0.4505602,5.27927,10.309327,99900
0.51762486,0.34920385,1.2679764,2.8229172,6.2869816,165000
0.87791353,2.5595279,0.70440334,4.041156,7.7669606,290000
0.88851666,2.5959244,0.71265906,4.047354,7.7532973,289900
0.047230124,2.1278105,0.2747319,3.0710523,7.326068,240000
-0.11593042,1.1130517,-0.4981047,5.0761833,10.134119,237000
11.469317,-1.6744778,0.66261077,4.5966463,7.163445,129900
-0.11873794,1.0845096,-0.41583836,5.636427,10.362615,125000
2.7157638,1.8470601,1.3281332,1.8791156,7.5816555,219000
-2.130942,-1.5752023,-1.5590156,3.1801448,9.81144,51000
-2.151264,-1.5472189,-1.6237985,3.4776978,9.816945,83000
-0.95950884,0.60108757,-2.1663828,5.9973707,10.173132,110000
-2.1538692,-1.5470579,-1.6205331,3.4776487,9.815153,75000
-2.1535158,-1.5532905,-1.6199219,3.4598482,9.816443,89000
11.936189,0.20497362,2.310635,4.10159,4.7752075,90000
-1.0268384,0.55001616,-2.172558,6.0044765,10.191519,97000
-1.9771422,-1.2976272,-1.6277783,3.4372313,10.050714,72000
11.189799,1.3500873,1.7213,2.7643387,4.223072,40000
-0.859285,-0.7681366,-1.1867195,3.967318,10.717634,126999
1.2687291,3.003514,0.15948461,4.257931,7.9809747,319999
0.48302647,2.9279013,0.21858357,2.9797661,7.01647,265595
0.06836464,0.5349011,-1.668637,5.7636237,10.455548,175000
-0.047678374,1.9497784,0.3105293,3.000365,7.4521084,169990
-0.047128372,-2.3653946,1.3502281,4.2590365,2.0557399,69500
1.5388767,1.3736166,-2.1270003,2.8291943,5.7296567,135000
11.940162,-1.699297,0.9925033,2.9916723,6.2070446,51900
0.3072627,-1.8062276,2.118458,4.8553953,2.3942616,106000
12.068349,-1.3913001,-0.58426857,3.905806,7.0595684,55900
-2.583607,-1.8523453,-1.3404589,3.5664158,9.981878,78980
12.117084,-0.69766676,0.91035485,3.5289457,6.731741,75200
0.746932,1.4077407,-1.7445606,2.6240892,6.3111134,135000
1.4840307,1.5074513,-1.8929051,2.8541338,5.8017645,102000
11.943829,0.68598425,1.4549648,3.769178,7.5826006,123000
1.2914134,2.9540505,0.1616803,4.2739787,8.0381155,359000
1.1085117,1.4891413,-1.7904724,2.4237676,5.582727,62990
1.9158169,1.4270304,6.068072,4.3294697,5.6932955,150945
0.20163952,0.0626189,4.127288,3.1792681,6.479306,98000
0.0188721,0.14834575,7.898016,3.333604,6.8675437,86604
11.835317,-1.1329435,-0.5126411,4.0857368,6.8817196,93500
-1.3460443,-2.1046693,-0.0012078478,2.988826,1.1454113,89000
-0.9883542,-1.2312989,-1.547676,3.8509333,10.817894,99000
10.99099,1.9410269,1.021179,2.516885,5.0397334,52500
10.2722225,2.1789813,1.0245464,4.2324877,7.215588,385000
-0.31928408,0.7778663,-1.2468039,5.448089,10.752788,226000
0.54542184,0.5072193,0.9422552,2.858354,5.9983063,94000
0.58548015,0.54640037,0.9198111,2.9241886,5.9083133,111000
1.5072542,1.31041,-1.8566843,2.7057934,5.755286,49000
11.539515,1.1876694,1.5445039,2.9254649,4.51441,68800
0.49062407,0.41301236,1.0521125,2.8059258,6.108231,68000
11.277914,1.6238735,1.5251577,2.6628668,4.842284,19000
0.5383671,0.46116218,0.99241406,2.8409107,6.0373254,67000
0.58540344,0.52612036,0.91863775,2.891624,5.9659433,89000
-0.6068741,0.3482162,1.426676,3.3028333,-0.9741793,95000
1.5836213,1.3773583,-0.6649636,2.8428156,6.143915,199000
11.853871,-1.6113265,0.16969018,4.1860394,7.2883005,149999
0.10848891,1.5647382,0.85377496,2.9222667,7.484745,115000
-2.0525448,-1.4222208,-1.4544759,4.430532,9.914838,100000
10.963658,1.5826167,1.7610008,3.224738,4.766226,81995
11.802298,1.1213502,1.2744222,3.7227387,7.44823,125000
10.949099,-1.6819193,0.8721688,5.417409,8.526364,165000
11.386612,1.4045413,1.5213995,4.107179,6.8245025,255000
0.71474695,1.9512011,-1.1696056,2.6480865,6.4257293,195000
1.3894131,1.7357962,-2.4789417,2.482607,5.273217,59000
-0.9184376,-1.5755243,-2.9189284,3.3389518,11.068694,132000
-1.0105349,-1.378375,-2.5524192,3.4997673,11.081058,140000
0.09276819,0.7761972,-0.02579101,3.1639936,-1.264817,95180
-0.9911941,-1.3900394,-0.18879241,3.396555,10.089668,120000
1.3196162,1.8495482,1.3392394,4.208822,0.7618291,121605
-0.66409504,1.0127965,-0.8519531,5.8490515,9.742803,135000
0.1220289,0.76749456,-0.016812962,3.0693145,-0.9619396,114950
10.692556,2.3877068,-0.25845325,3.1724536,6.246155,120000
1.733215,1.5227633,-2.4426684,2.8046556,5.339233,103900
10.884896,1.6265309,-0.7949644,3.135263,6.3501067,59990
11.36907,-1.235266,0.5803898,5.389252,8.291241,186999
1.2505468,1.8247063,1.5211158,4.4486957,1.5462434,166000
12.1560545,-0.7107222,0.84013426,2.669434,6.409213,63000
0.9840023,1.6148843,1.535567,4.3199573,0.9438193,118500
-1.2876267,-2.96283,0.7378207,3.310314,1.1441107,64000
-1.2487098,0.5413661,6.03085,3.008133,6.9074063,84900
12.002428,-0.7543378,1.1822476,3.747123,6.497623,125000
11.215319,-0.4503599,0.33377868,4.371908,6.5466943,149000
11.884399,0.7646116,1.4064418,3.6840715,7.5833535,125000
10.54749,2.223208,-0.21811232,3.5484297,6.096508,130000
12.030692,-0.8706985,0.9297875,3.9595354,6.371218,109000
12.717887,-0.8633385,1.1624138,3.1811488,5.17267,87000
10.765286,2.0569046,2.3199399,2.315653,5.982339,70394
12.195305,-0.22991432,2.708279,4.7799535,4.829509,92999
1.5807314,1.9714639,5.731148,4.275642,5.681368,112950
-0.2656444,0.9748798,-1.2424078,5.4140615,10.258625,135000
11.43193,1.1436332,1.6103399,2.78521,4.4242845,61000
-1.4661288,-1.1939763,-2.3758233,3.283393,10.903482,75000
-0.7370253,-0.69920635,6.483666,3.2635198,6.036748,85124
1.15442,1.979596,0.70025563,2.1211188,7.093735,166000
11.21482,-1.661853,0.62776595,5.356703,8.018247,119900
-0.12894975,0.74895847,-1.0039302,5.1092057,10.310706,298500
-0.34333292,0.16243702,-0.9283815,4.6414895,10.908294,230000
10.743952,1.9944012,2.2314038,2.3747008,5.888682,119000
11.373043,-0.6519454,1.5961643,4.353484,6.2873244,109000
11.344128,-0.60106015,1.5264963,4.2274303,6.135143,117000
-0.8961778,-1.7803278,-3.117545,3.179053,11.108739,72000
-0.8398833,-0.9650233,-1.233104,3.9642966,10.439621,52900
-1.2369719,-1.1970735,-0.19853322,3.7087455,10.122465,105000
0.90650624,1.9954075,0.32035306,3.7927678,7.911207,260000
0.10602264,0.5988751,-1.3932751,5.749835,10.497937,226900
1.0557902,1.5877682,1.5359677,4.111586,1.1849877,149990
0.88557625,-0.17840895,1.6135969,4.586058,1.9923636,141400
0.8841322,-0.1729758,1.6165751,4.5867305,1.98695,141400
11.628577,0.23288645,0.28569147,5.3280835,8.425115,114000
1.2096355,-0.1295891,1.523401,4.7261724,1.7798877,138000
0.5536483,0.18977235,2.2919114,2.9603655,7.2203293,115500
11.549271,0.27795827,1.6432405,2.9896567,4.475554,49990
-0.8859293,0.5847032,-2.199121,6.000653,10.2671,170000
0.8869993,-0.18683207,1.6190223,4.591089,1.9942534,136500
-0.52476984,-0.59868896,1.215294,3.780736,1.5546342,95000
-0.95715636,-1.49215,-1.82109,3.6508548,11.268659,117000
-0.8355273,-0.63050616,1.3007554,3.7583015,1.505198,89600
0.7789332,1.1628977,1.7660077,2.8689156,7.481759,120000
12.20817,0.09983148,1.1080284,3.2632082,5.755425,114000
11.223082,-1.3179848,0.86335766,5.129119,8.172816,195000
11.419412,0.30842847,-0.8642704,3.2313156,6.4956656,89000
12.728159,-0.88523906,1.1604663,3.1824596,5.1648,107000
10.718035,-1.4760556,0.8742722,5.70659,8.941193,272960
-2.1921988,-1.1023563,-0.7204692,2.5387487,9.681245,89000
-2.1616318,-1.1192666,-0.69791245,2.5400186,9.699058,89000
-0.21853974,-0.5571253,-1.0361991,4.7716703,9.44827,120000
0.25946555,1.279723,-0.3652212,5.2947955,10.53327,186530
-0.9087341,-1.3427973,-0.21601929,3.244887,10.032576,117000
-0.45163423,0.30799416,0.88483495,3.265161,-0.21912006,95900
0.2654497,1.2808781,-0.36699843,5.3006487,10.534802,186550
3.4870598,0.58257675,0.5852732,4.6738,6.4696302,144900
-0.20130563,1.086042,-0.2149605,4.917639,10.021676,245000
2.4512758,2.941743,1.7430402,4.491369,8.215519,585480
-1.2989936,-1.1775093,-0.3974915,3.4170325,10.442533,104940
11.54904,0.69808465,1.5059661,3.9143958,7.439111,245000
1.6111337,1.1684966,-1.2444925,2.558714,5.872992,164999
11.9746685,-0.5737177,1.6657041,3.5295143,4.596616,64850
-1.2840627,0.44684258,-1.6667075,5.929289,9.8655,84840
0.898711,-0.17656517,1.6101993,4.5920887,1.985855,132799
0.8593006,2.3559008,0.6603511,2.6047025,7.172599,215000
-1.0902779,0.35812342,-1.4465117,6.07516,9.644749,74890
-0.33710924,0.28354886,-0.9330972,4.766309,10.867152,235000
-1.5506873,-1.5360944,-0.8485885,2.09253,9.706084,42480
0.24518962,0.57158935,2.6765022,2.9618406,7.3173285,123000
-0.9242755,-1.6311088,-0.9938806,3.3063095,10.389927,54800
11.272304,1.200708,1.8591365,3.1602883,4.518114,93960
-0.916694,-1.6087781,-1.0469545,3.3714337,10.407951,74980
-0.98576057,-1.4377574,-2.6555128,3.4596395,11.09215,100000
11.712687,-0.70692486,1.718926,4.1445255,5.136956,78000
9.620789,4.0836225,0.79715025,4.0728984,6.6145887,350000
11.338526,1.1663254,1.8252571,3.1166852,4.534037,94998
-2.0226207,-1.3195703,-1.569593,3.4559462,9.991964,65000
-1.8439362,-1.7742605,-1.2212704,4.4423656,10.0234995,76890
12.015921,0.31632414,2.2938983,4.2193637,4.8240705,107000
-1.1210538,0.34023228,-1.4769427,6.054331,9.628759,70000
11.330626,1.5665463,1.42514,3.1890612,4.544729,69421
-0.95298785,-1.54261,-2.8244846,3.3787827,11.123178,81999
-1.1062119,0.61919594,-2.1089408,5.788103,10.402442,102999
0.09067165,0.698594,-0.33302477,5.697519,10.32147,165000
0.8860633,-0.1743754,1.6168703,4.587867,1.9884987,132799
-1.8469795,-1.1476988,-0.57026535,2.5102677,9.8291645,64900
12.094147,-0.93562895,-0.7103463,3.6534,6.828869,104999
11.417801,-1.7189605,0.6128575,4.631262,7.2374644,109900
-1.3604698,-1.2629571,-0.5424985,2.425078,9.833503,128000
-0.61506104,-0.7706116,-1.0889689,4.8239746,9.47822,77500
1.204591,-0.12754092,1.5257869,4.72407,1.7789592,129999
11.552259,0.9135369,1.5079154,3.5204785,7.46264,271900
-0.81792593,-1.200749,-0.12620294,3.0781305,9.933056,144400
-1.2588497,-1.3816128,-0.78438437,3.107331,10.746298,142000
-1.6293275,-1.3473722,-0.958453,3.7898338,10.439963,137000
-0.25861457,0.9728794,-0.5801982,5.769101,10.016435,155000
-0.6193954,-0.812796,-0.9562506,4.5184817,9.756931,124999
10.909672,1.8806231,1.3324481,2.4842901,5.997477,155000
0.070308335,2.0727177,0.07232625,2.6891165,6.924807,198000
0.8824975,-0.15275016,1.5832844,4.5769424,2.0035298,127999
1.2079005,1.5675849,-1.1713827,2.1601045,5.9094434,188000
11.218339,-1.6366545,0.63300943,5.358369,8.040601,159000
-1.5686432,-1.5897217,-1.1728958,4.322668,10.206477,145900
12.489121,0.6420837,1.9481864,4.139049,5.7858124,129900
0.5594605,0.47297013,0.9553468,2.8580234,5.979433,61000
11.176424,-1.7454865,0.6095378,5.502932,8.068234,175900
-0.5204057,-0.6080927,1.2168851,3.7940116,1.5768318,89499
10.925071,1.4938323,1.8171942,3.283939,4.7159905,103000
3.62345,6.959411,1.0216144,2.9913814,6.897362,194999
1.014991,1.0701934,-1.7379467,2.6233773,2.0831,83989
0.060630213,1.6248655,0.8020639,2.9304864,7.4161005,104990
12.549382,-0.01709586,1.1741481,2.9622908,5.882877,89989
11.9578905,-0.8498605,0.92049646,3.4778936,6.6990957,163000
10.6912155,1.9311229,1.3303186,3.711995,6.6402307,155000
-2.1456504,-1.5350989,-1.4553293,4.3913474,9.938302,100000
-1.792476,-1.3700565,-0.87816644,2.210923,9.751281,88900
11.952077,-1.6144857,1.0128472,2.9346719,6.18327,96999
10.592637,2.1276882,0.49761674,2.6085114,7.801608,588999
-1.8412534,-1.195876,-1.4911753,3.936296,10.345335,123000
-1.4529992,-1.3050998,-0.51401615,3.9223244,10.170958,89000
-0.8291976,-0.62424314,1.3069276,3.762371,1.507806,83999
0.7636757,1.3080812,1.6789155,4.2160754,1.1979798,149999
-1.0434092,-1.3226899,-1.2523829,3.8888335,10.48656,145000
10.975413,1.0832366,-0.7379683,3.3396642,6.3973885,55000
11.628863,0.7154622,0.47079748,4.6462345,7.880239,119000
11.204856,1.2494247,1.7156355,3.02936,7.2037797,197000
11.818178,0.68229765,0.6200056,4.642724,7.967908,137900
12.085956,-0.009545207,1.0520709,3.396745,5.6089745,90000
10.977607,-1.6640694,0.7684593,5.5123973,8.348721,293500
11.334946,-1.3735682,0.5805478,5.476753,8.320213,220000
1.2466954,2.9507194,0.13972007,4.3126836,8.05634,350000
-2.4736362,-1.7614311,-1.4251996,3.566205,9.893033,54970
0.11648071,0.995218,-0.12484201,4.996605,9.821453,225880
-0.278362,-0.58795637,-0.75650615,4.5302267,9.537599,295000
0.2858326,0.6353352,-0.17383079,5.431659,10.535794,109899
1.6605251,3.1835387,0.41988426,4.1562605,7.973711,676000
0.7746381,1.3183432,1.6727414,4.214181,1.2077527,149990
0.06561729,0.56105775,-2.1669288,6.0169854,10.538589,100000
1.4848207,3.0174966,0.71978307,4.0138006,7.850883,526000
-0.015863797,0.7214016,-0.14798672,2.9826975,-1.1421343,96500
0.057685755,0.7147246,-0.13651718,3.0131094,-1.2074739,82500
1.3028369,1.8387866,1.3513137,4.221578,0.7565357,100500
1.4842281,3.0095088,0.7274817,4.01481,7.850586,615000
1.5184681,2.945679,0.74504876,4.0096536,7.8651257,575000
0.8657925,1.6606692,-1.3537563,2.820438,6.2385187,249500
2.2774796,3.1855,1.2234207,4.5622363,8.295993,690000
-0.14989911,0.8984782,-0.33412647,5.3317895,10.710429,100000
1.4353737,1.4102684,-2.2061625,2.9195087,5.846871,68500
12.985092,-0.90899694,0.74955064,3.4762216,5.953078,87980
10.821424,1.8768221,1.2317805,3.0539474,5.480923,153000
12.559665,-0.21565157,1.0962509,2.907887,5.9248223,69979
-0.44138747,0.3093873,0.76162446,3.2222197,-0.28257158,119000
10.728156,2.101442,1.0172099,3.4070363,7.3729205,750300
0.9058867,1.7660797,-2.0036898,2.667988,5.6253242,77490
11.784031,0.742393,1.2411094,4.2434473,7.5990634,174900
-0.39720896,0.41289788,-0.6345589,5.309036,9.741108,139900
0.51056826,1.4838735,-0.72624123,5.233198,10.243964,445000
11.653304,1.0822582,1.498969,3.9368067,7.2466483,226900
-0.44481987,1.3097495,-0.81365424,5.461745,9.912509,254990
-2.1037805,-1.0893403,-0.6882821,2.5135615,9.719868,88900
0.8122412,1.1969094,1.7557955,2.879427,7.5057397,120000
10.963358,2.0023842,0.98336905,2.4903474,5.0606866,61999
11.966754,-0.56679547,1.6745092,3.521303,4.597412,63990
12.145958,-0.7571158,0.53497607,2.7602696,6.4379735,59998
2.0027642,1.315407,-2.6255407,2.8646913,5.3099794,80999
0.74442714,1.4134667,-1.7376475,2.6266162,6.3103642,124999
11.417267,0.9348293,1.4643189,4.144438,7.272024,179999
0.9290829,1.4596232,-1.1190225,2.5061948,5.8934436,119000
11.498891,1.1365782,1.7278681,2.9916446,4.3900814,93990
11.551098,0.27254897,1.6431309,2.9911108,4.474494,47000
11.293092,1.2071207,1.9027025,3.3732328,4.7345314,168980
10.669112,1.9583905,2.195495,3.1979175,5.6278706,249000
-0.0098612355,0.27442998,-1.4214181,5.4274583,10.163386,190000
-0.27439564,0.2511446,-0.8473125,4.616621,10.867408,330000
11.920145,-0.074117765,2.3636377,4.736238,6.654308,134999
0.3529505,0.31465408,1.9768701,2.8398325,6.9921145,125500
0.059329268,0.602514,-0.4127015,5.6987305,10.361955,135000
0.9181905,1.4515924,-2.5400171,2.4669259,5.920239,49888
-0.89782673,0.8726364,-2.1281493,5.541111,10.818133,124999
-0.56937164,1.2482204,-0.814367,5.6422606,9.8278885,166860
2.0763533,2.085198,1.2233402,2.1847274,7.555118,240000
-0.44255698,0.32987115,0.76250625,3.210011,-0.31613332,96930
-0.98639846,0.711159,-2.1440074,5.7036824,10.646857,148000
11.974506,-0.57752484,1.6677475,3.5312564,4.59259,63980
12.942802,0.7034709,2.5369995,4.6679373,5.320347,88890
-0.59585196,0.19920863,1.0535866,3.4042058,-0.2666925,153000
1.4579885,1.7635784,-2.4553223,2.503917,5.2544327,53900
10.879239,1.6288625,1.373809,3.5610363,6.938847,284000
0.6844887,-0.13572991,1.613934,4.4513106,2.021422,120000
2.0189278,2.244753,1.2933524,3.2293293,7.7520275,330000
0.7353702,2.2654514,0.785639,3.7838705,7.785075,365000
10.945225,2.0032086,1.299898,3.8567562,6.7649903,158000
0.85796845,2.205618,0.6918575,4.3938403,8.291853,369000
12.060544,-1.6813427,1.0191011,2.850324,5.9684415,31990
-1.1325873,0.45241857,5.771911,2.9715593,6.9010863,73755
0.3280647,2.021397,0.4473496,3.1726766,7.287769,199000
1.0617999,1.3483286,-2.411319,2.6637647,6.077762,53500
-1.0742422,-2.8966918,0.87564677,3.514755,1.3262134,62500
10.760993,-1.5625628,0.87654144,5.6926384,8.940392,198890
0.9355748,2.2903602,0.78825194,4.324148,8.26503,378000
-0.9488647,-1.5641431,-2.8459775,3.356675,11.109731,80000
-1.267429,0.43777454,-1.7321379,5.9122124,9.909116,139900
-3.0259037,-1.8657254,-1.3545797,4.1217375,10.266592,71900
1.7109886,1.5294992,-2.450553,2.7871003,5.353128,71500
0.17095932,1.928496,0.2696725,3.071855,7.291178,274500
11.067445,1.7050602,1.7202737,3.1113644,4.9453626,97990
11.3940525,0.819365,1.8006388,3.223542,4.5334444,90999
1.0817692,2.4062533,0.952302,4.12367,8.113863,345500
1.0716975,2.3992343,0.9475903,4.1206756,8.134381,312000
10.7788925,1.6756828,1.268884,2.946366,5.7249813,139900
-0.24912396,0.79203767,-0.4603067,5.2136574,10.435534,130000
1.2059366,1.1436082,-2.0955086,2.359365,5.9858136,54000
-0.30394843,1.1096227,-1.0120196,5.290939,9.821156,269000
1.2543249,2.8180468,0.1466795,4.26473,8.098346,205000
12.131969,-0.78236353,0.91059834,3.50867,6.692925,55000
0.7505868,1.7228501,-0.39809096,3.5826836,7.2009773,256000
-0.33790314,-0.7261234,-1.0053208,4.5594807,9.557928,90000
0.11417621,0.722538,-0.3380463,3.063822,-0.55770934,83000
0.8964671,-0.16832827,1.6240257,4.593699,1.9909177,122000
0.674908,0.47052965,7.049757,3.6180313,6.5907397,110000
1.3331771,2.995053,0.12461411,4.2077565,7.986402,260000
-0.6203886,-0.5808473,1.3186735,3.8014848,1.4809909,138500
-0.23869048,0.7127275,-0.46684662,5.2394013,10.452631,125000
1.6678896,1.233365,-1.0649719,2.7108078,5.933705,199000
0.34832644,0.21182571,2.0259588,2.8257859,6.9918656,131890
1.0880045,1.3474958,-2.4324768,2.6642451,6.0511513,49890
0.93574375,1.3931495,1.5134343,4.2868204,1.6540638,141000
11.529631,1.2028253,1.5474865,2.921227,4.4830117,62000
-1.5382808,-1.3956047,-0.7458427,3.5810242,10.428777,239000
1.016799,1.3138812,-1.6203265,2.217133,6.0613427,125000
-2.0183792,-1.7127897,-1.3485404,3.561093,9.690344,295000
-1.6361215,-1.4616164,-1.1067303,2.4313774,9.859078,80000
-0.1640255,0.98255646,-0.28881654,4.957326,10.01735,245000
-1.3039004,-2.9605649,0.73923916,3.3260791,1.132028,71500
-0.7150084,-0.3925547,1.4826527,3.7670186,1.3428969,110000
0.55954474,0.48972225,0.94688,2.8458316,6.0300713,73500
-0.61078316,0.33126524,1.7201072,3.5233717,-0.62003535,78800
11.376097,0.6943911,0.50593096,4.786874,7.8113647,155000
1.2040167,1.7185011,1.4349833,4.0358458,1.1099509,109500
1.4786037,1.5216051,-1.9662205,2.8550138,5.7640457,94500
11.671477,1.2937185,1.3949654,2.670168,5.3070865,68000
13.010173,0.7951029,2.45511,4.579443,5.3262296,118000
0.28064793,1.2749648,-0.3752335,5.2627025,10.43717,146900
-0.69958925,0.48066542,1.6604728,3.5284579,-0.5101496,64000
11.135233,1.3374012,1.7989709,3.0150595,4.4399056,58500
-0.44506952,0.24005976,0.64808154,3.1935472,-1.097669,103400
0.011491066,0.6425977,-0.16918528,2.9450858,-1.2528474,93300
12.371331,0.5172066,1.8037485,3.967715,5.6302934,100000
11.423331,0.8979619,1.7958295,3.1403375,4.461801,83000
0.07925447,0.7293969,-0.09060478,3.0478938,-1.1447145,99825
-1.401307,-1.1208425,-1.0340747,3.508721,10.971531,170000
-1.4290124,-1.111978,-1.043544,3.5007732,10.975142,170000
11.439452,1.2029343,1.8431716,3.4028199,4.8899226,117900
1.2291001,1.7420332,1.416085,4.061345,1.116447,163350
0.698042,2.6937559,0.5396255,4.1766243,7.7632184,314990
-0.012460694,2.1406655,0.07266919,3.0010624,6.9862494,213800
0.7007814,2.7309756,0.5265558,4.1894555,7.7442174,289477
1.1995667,1.7216123,1.4400448,4.044132,1.1051923,121605
-0.735228,-0.24482942,0.87665176,3.4141557,-0.6862132,104000
0.6390612,2.6813498,0.5160499,4.199207,7.714704,222000
11.618086,0.21699834,0.2930735,5.2745037,8.367054,179400
11.529985,1.3341064,1.7523445,3.3501365,5.2012644,115000
0.60071295,1.4006598,0.73141336,2.4167523,6.9159493,95000
0.7211722,2.3363268,0.59677404,4.1717463,8.250999,176999
-0.4581112,-0.20210774,5.490465,3.0548007,6.5429926,65145
0.6313651,-0.77218693,1.6675173,4.520236,2.3616145,132800
1.4650737,-1.0599732,1.0535488,4.810744,2.2975879,61900
0.9474329,3.5207539,0.05488613,3.352257,6.9163327,157800
1.0800219,1.1393268,-1.7915335,2.6418757,2.248307,124900
11.177566,-1.3493081,0.7631605,5.382262,8.620385,210000
11.43285,-1.85801,0.39761534,4.492491,7.070766,42000
11.80639,-1.3402742,0.48344526,4.0730977,6.983257,131500
0.7837618,2.3057017,0.81204677,3.8501494,7.8838015,297999
3.3727841,0.66057265,0.5776295,4.6562195,6.472484,349999
-0.29246688,0.9917754,-1.1906359,5.2954473,10.090953,374500
2.2206523,1.2380608,-2.54116,3.031997,5.4404745,68000
-0.23110417,-0.38443,-0.7860204,4.723577,9.501862,163999
-0.15884982,0.53395534,-2.1239185,5.731044,10.629808,116000
-2.152693,-1.5631907,-1.6159108,3.4709022,9.808979,105000
1.6291131,3.1888242,0.36408958,4.1483345,7.9674997,589990
2.2429905,3.147275,1.2653129,4.5338984,8.266561,899990
10.319646,2.355983,0.9356506,4.0961637,7.228217,595000
2.0242043,3.1381507,1.0757192,4.4297705,8.215413,585000
-2.274849,-1.6657504,-1.4610366,4.2161183,9.913241,71000
-0.93331504,0.85704744,-2.1459851,5.5672765,10.795459,130500
-1.9481126,-1.796175,-1.282946,4.3163342,9.957299,96000
-0.9122354,-1.6324623,-2.9406047,3.3024035,11.093511,119500
10.915425,1.4158683,-0.70223385,3.136542,6.4823074,102400
10.976721,1.413622,1.6664386,3.3238666,4.7985754,255254
10.971164,1.4130785,1.6574888,3.2759223,4.7574906,170035
10.975803,1.3391304,1.6705724,3.2350016,4.6575465,101401
11.92801,0.24168552,2.2642834,4.051559,4.796653,127500
-0.09666706,0.62479866,1.8140768,3.7453892,0.16923815,139000
2.0775983,2.1118848,1.1195563,2.9419835,7.6944327,309990
0.12742017,0.21029644,3.094049,2.9313529,6.7838664,139900
-1.5628668,-1.5304941,-0.8804401,2.124116,9.712314,38500
0.18823677,1.75405,-0.17810452,2.9785378,7.111451,199000
11.312109,-1.4128407,0.5958521,5.4793553,8.316358,195000
0.18911707,0.07614411,4.059699,3.1560106,6.5057654,80500
1.1590146,0.32218546,4.3313947,3.6095266,6.3263803,79781
11.497923,-1.5147265,0.49524668,4.501923,6.9081316,129900
0.1983268,0.06698831,4.1087217,3.1725335,6.4858274,85900
1.9439827,1.4888412,6.229135,4.4591208,4.958157,116900
11.52171,1.6666514,1.0857149,3.7721834,7.277082,229000
-0.06814364,-0.27491406,6.934133,3.4219759,6.5138044,100900
-0.9169434,-1.6057757,-1.0547848,3.3683462,10.413721,74988
-0.52075016,0.28185013,1.0855582,3.346496,-0.25536394,130000
1.1345941,1.1829387,-2.090372,2.2887442,5.9525194,54000
11.491536,1.4611942,1.5287049,2.7514987,5.02205,95000
10.963906,1.0729393,-0.7209061,3.387134,6.400592,57999
11.598848,1.3707957,1.4527304,2.6948743,5.1862807,76000
-0.31571,0.11787481,8.530349,3.1618795,6.910416,89102
1.2799056,-1.2669646,1.051758,4.689159,2.2388813,89900
11.879829,-1.165204,0.98175144,3.0837247,6.553717,89999
-0.26320687,-0.3857971,1.4714437,3.9494212,1.7269746,191000
10.8379345,1.9108462,0.14355601,2.662054,7.641906,199000
-0.27009946,-0.36380067,1.4698409,3.9416606,1.7083453,180000
-0.2975122,-0.37454677,6.9180536,3.2256596,6.599604,76264
0.98032856,-0.23016483,1.5534937,4.617615,1.9847077,139900
-0.3075788,-0.3895901,6.8859286,3.2312806,6.574569,74856
-0.3405589,-0.3783748,6.9071455,3.1875827,6.6066546,72632
0.9805571,3.0988328,0.42532775,4.0204525,7.644449,369050
-1.0684056,-0.79613835,1.0898596,3.5991607,1.3849022,134000
1.95352,1.4820058,6.2258716,4.498432,4.8664308,117500
1.9758246,1.4666471,6.252633,4.52126,4.83706,115500
-0.3256691,-0.4126928,6.8947005,3.2282965,6.5607615,73500
12.080636,-0.81998706,0.40089652,3.5581493,6.8102255,139000
10.934761,-1.5716352,0.79955626,5.639955,8.765975,180000
0.21872903,1.205512,-0.58461595,5.3206205,10.161538,344999
0.9575402,2.296536,0.711079,2.5669427,7.1349263,170000
-0.3139326,-0.38095096,6.8968544,3.220165,6.5820456,71000
12.02461,-0.64151317,1.624154,3.58502,4.6223917,50999
-0.23934361,-0.20378466,7.041925,3.212773,6.7009945,87234
0.33891505,0.95295566,-0.20020287,5.376443,10.598868,129000
11.14011,1.5291543,1.3044081,2.3349042,6.2946506,115000
1.5718192,1.9864783,5.718919,4.274062,5.6819324,121900
-1.1239926,0.44208822,5.767634,2.9712317,6.8961086,74000
-1.3268421,0.66530144,5.908315,2.954603,7.001666,84000
2.6590312,2.231174,2.5240405,4.008856,8.220439,290000
2.1708033,1.2745818,6.8697233,4.2449136,5.698513,112500
-0.21087034,-0.3973148,6.768955,3.3938916,6.4317203,85600
2.5690916,1.7465798,2.6989331,3.7511399,8.346657,161500
1.7914068,1.2888665,6.2967243,4.08886,6.303259,172200
0.36300778,0.2874894,1.6754099,2.754659,6.752356,65000
-0.03328852,2.084466,0.22233397,2.9660213,7.301987,275000
0.36454734,-1.7539968,1.8735502,4.719085,2.4713597,89500
1.5481675,1.8025508,-2.4806511,2.5331078,5.256908,75000
10.863677,2.234523,0.49706802,2.5470498,6.5266976,109500
11.3445835,1.1970484,1.8754826,3.3754969,4.7563634,109990
1.9579499,0.94671726,1.3185358,2.6038623,8.184412,195000
12.935279,-0.9002176,0.7139001,3.4932919,6.0131917,95990
12.040802,0.77751535,0.91316944,4.345285,7.972852,119450
-0.08921673,1.214241,-0.47109,5.742126,9.876468,227000
10.694443,2.3281403,0.7228285,2.4326975,6.8287044,161900
11.850859,0.25697473,2.0736246,4.4816017,6.7331176,176500
-0.3183429,0.117736526,8.513759,3.161968,6.902702,84500
-0.28531563,1.2586043,-0.7009423,5.2545614,10.092975,299999
10.303368,2.1590357,1.0490944,4.120705,7.202227,399000
1.1209918,1.1886462,-2.1494954,2.277516,5.934096,53800
2.1026855,1.2977133,6.745365,4.259227,5.6467156,130165
11.751461,-1.9485412,0.3188313,4.049834,7.0879946,61980
0.15221769,0.5289873,2.826288,2.9399366,7.166444,159000
-1.0006855,0.68579835,-2.1515975,5.731028,10.5966215,104900
0.040391244,0.57309157,2.6186543,2.8228436,7.0036077,107690
0.040875487,0.5726709,2.6272144,2.8254406,7.0114775,124630
0.035830867,0.30676976,2.7974885,2.8441408,6.854058,74000
1.9180167,1.4899267,6.0550756,4.3128138,5.7685323,175123
-1.7844545,-1.3752906,-0.8830858,2.1723697,9.757347,80000
0.917543,2.4572587,0.7356432,4.054413,7.94081,329999
-0.8133977,-1.0078896,-1.1141179,4.347765,10.064856,91000
10.891925,1.8919744,1.3801087,2.4469619,5.9937406,53500
1.9390473,1.4367505,0.30606303,3.1662633,6.602557,490000
0.34868306,0.21192946,2.0076904,2.8172505,6.9811587,119790
1.2407506,2.7807403,0.1403808,4.255037,8.095128,292000
-0.25330546,0.632808,-0.66292214,4.7866178,10.398612,425000
10.383457,2.335301,0.9175254,4.049058,7.164473,590000
0.9208375,1.4641229,-2.5432541,2.45658,5.8898573,43999
-0.8390624,-0.4158417,0.8315379,3.4239345,-0.82245135,80000
10.714341,2.619874,0.9146768,3.0457199,6.9512,265000
0.59546584,0.16674551,4.320307,3.3577797,6.396232,125500
0.20304509,0.06385002,4.1267567,3.1795816,6.4795485,85900
-0.7047895,-0.678725,6.4420667,3.241726,6.0690885,109900
0.6580413,1.002706,1.6421593,4.3088665,1.4242715,228000
11.402754,-0.912409,0.6852994,5.217459,8.362064,200000
0.091222264,0.5614401,-2.1755972,6.0479116,10.550402,97990
-1.0849687,0.35855636,-1.4418958,6.071319,9.645559,74740
2.208262,1.2694623,6.915582,4.257278,5.654612,123400
1.8804427,1.5514784,6.1839776,4.231131,5.938193,184691
2.2195506,1.2659557,6.9271445,4.261539,5.6513615,152892
10.488374,2.0877113,0.33308142,4.081855,6.672903,154990
10.660916,2.3245912,0.914838,3.8491483,6.989448,635000
-0.9839012,-1.2164186,-1.5351694,3.9064295,10.736802,139000
-1.8338866,-1.2393446,-0.6967052,2.3280544,9.787763,72900
-0.2030935,1.251533,-0.6213175,5.795983,9.885536,245000
11.804002,0.6119061,0.86764216,4.4773517,7.8793297,99900
10.737795,2.520259,0.9800829,3.2157955,7.0239577,278000
11.93492,-0.0014508434,2.3233306,4.6942563,6.656187,114999
10.729744,2.2890618,0.7629888,2.3159316,6.955802,228000
1.1571063,1.148587,-1.8170211,2.2686028,6.0120707,124000
-2.4899344,-1.6975523,-1.4188731,4.165389,10.042621,73850
10.630981,2.5572212,0.059216622,3.1114457,6.2496834,139000
0.015778637,0.54398894,2.6528983,2.812111,6.9688587,94380
0.023786187,0.5524963,2.6287446,2.8118348,6.975325,113740
0.32489732,0.21819462,1.943389,2.784464,6.9295917,101640
-1.4570425,-1.1921097,-2.3864634,3.2835116,10.882352,63000
12.482345,0.0016048884,1.2341324,3.009297,5.771447,64999
10.694986,2.2811015,1.1267151,3.5983355,6.9631257,295000
11.139221,1.5210108,1.3112478,2.2302556,6.475748,194900
12.171621,-0.2411936,2.6559541,4.7723613,4.8733854,119900
12.15017,0.3583243,2.4186175,4.4914103,4.8429685,124000
-0.1196273,1.0400926,-0.38103253,5.673253,10.222754,121000
11.6730585,0.8658335,0.4834632,4.4558806,7.8762975,110000
-0.2306006,0.76874685,-1.2657068,5.5311747,10.779041,184900
0.051805604,0.49581122,2.572075,2.8043444,6.9422817,96800
1.5840211,1.9724712,5.70769,4.2779264,5.68622,129000
1.0854015,1.6912944,-2.011175,2.6863077,5.6294174,104900
0.25036478,1.2300966,-0.17485769,5.0380416,10.119622,295000
-1.2455739,-1.4159186,-0.53585625,3.1949997,10.531793,116000
0.9259029,1.5046058,-2.4710433,2.520742,5.875848,49480
-1.1662278,-1.2704395,-0.39772728,3.2461672,10.543926,106000
11.869833,0.84143645,1.4831753,3.7355194,7.4952035,145000
-0.6714154,-0.5510235,-1.1232846,4.3367815,10.601139,68000
10.482368,2.0609229,0.31034568,4.095895,6.669408,252000
1.9033177,1.1956242,5.99413,4.431946,5.3598833,116900
-0.17457242,-0.34479454,-0.72095966,4.723342,9.499859,187000
-0.31772727,0.89370483,-1.6626046,5.7819424,11.206563,114900
3.6688058,7.032304,0.73590946,3.3691027,6.8656516,229000
-0.20032613,-0.111146286,6.952296,3.1455057,6.8110156,85600
11.006826,-1.5941638,0.6570041,5.2013245,7.4984145,245000
1.0851477,1.3434047,-2.444445,2.6773612,6.0713506,52400
0.21957433,1.2262739,-0.23309058,5.1444173,10.111591,200000
0.092959836,0.6741871,-1.3684493,5.7686186,10.566497,227000
-0.005389884,0.9200286,-0.3367949,5.6929536,10.23954,156000
-1.8444923,-1.2905015,-0.93971413,2.1143115,9.7862215,74700
1.8796165,3.0543108,1.0979344,4.2555084,8.148319,395000
0.038366787,0.6516736,2.4822583,2.7926166,6.9956603,103100
11.123674,1.0764453,-0.80964315,2.9428158,6.6935606,128000
11.60342,0.715226,1.5685946,3.9986806,7.4387784,165000
2.622867,2.1866474,2.429086,3.9781113,8.233272,361790
2.522068,1.9647577,2.4719408,3.8348746,8.269998,296450
10.823323,2.1512978,0.81886244,2.6873255,6.042851,160000
0.09203356,1.8031799,-0.023865372,2.7143793,6.735107,179900
-1.0370203,-1.3535162,-2.4915323,3.5365968,11.084416,100000
11.814863,0.6841304,1.5662217,3.7269077,7.430471,154000
11.407756,1.3931059,1.8152707,3.4056907,5.115509,120000
11.477636,0.19570303,-0.87198895,3.2417424,6.5047073,62900
12.216273,0.21562289,1.369907,3.215287,5.691922,74900
1.0689467,2.0984588,0.7204621,2.1551754,7.159953,160000
1.507994,1.4238594,-2.1106493,2.7798297,5.670512,120000
1.0689837,2.09545,0.7259271,2.1512256,7.1640577,165000
-0.2787062,0.90574676,-0.48390466,5.284167,10.420958,125000
1.4636116,2.4053771,0.7903997,3.2332351,7.776332,345000
1.0184246,-0.26192337,1.5339338,4.6356845,1.981209,133999
-1.0364282,-0.8394238,1.1344328,3.6460605,1.4410818,100499
11.264983,-1.3434604,0.8547454,5.044484,8.036823,198000
11.749982,-1.9405826,0.30315638,4.072836,7.101091,98999
10.809127,2.0127487,2.027629,2.3125505,5.8745217,94400
-1.8889536,-1.8953506,-2.4438303,2.5931313,12.09962,74990
11.691262,-0.66398615,1.7263834,4.0865107,5.085725,110000
1.5693414,1.1662555,-1.2357669,2.5224426,5.8558507,175000
10.648252,2.3820307,0.10203945,2.9970636,5.808939,113000
-0.29725254,0.6334372,-2.0150352,5.5352073,10.7119465,149000
12.954392,-0.9025334,0.7348118,3.4813673,5.9975157,99999
0.1409037,0.65310556,2.6610675,2.9093137,7.2120776,165770
0.1916267,0.66882557,2.6858733,2.9774582,7.339773,209330
0.18721762,0.64652354,2.6714857,2.950313,7.2926908,204490
0.478789,0.23141105,2.1801584,2.9336774,7.1750655,180290
10.086354,2.4541728,1.0167248,4.1894746,7.23807,258000
-2.173114,-1.1232969,-0.70443594,2.549693,9.693947,125000
-1.0532488,-1.1751916,-1.4516026,3.2906296,10.692096,65000
-0.97533166,-1.2584767,-1.6931336,3.8430324,10.950914,145000
-0.03577106,1.0347579,-0.41401523,5.7353477,10.257441,145000
0.023040533,0.62616533,-0.20011275,2.92539,-1.2703347,82500
-1.0722394,-2.9301941,0.89195514,3.5351667,1.3281322,67500
11.131967,1.3254128,1.8135592,3.1061347,4.5225563,95000
11.480449,-1.4269936,0.47816235,4.51168,6.8860226,132000
-1.1588931,0.47092447,5.826841,2.974199,6.9060946,77308
-0.050445016,0.75512457,-0.1926728,3.0042946,-1.160037,86350
0.7302197,2.3637064,0.56352174,4.1677737,8.248842,339000
11.734034,0.78162247,1.4487631,4.197078,7.4145846,169000
11.40608,-1.8357655,0.4991073,4.634977,7.1692834,60000
10.019509,2.3032286,1.1532414,4.224252,7.467356,798000
11.533958,1.1704086,1.7084224,2.9425359,4.370415,101990
11.989283,-0.42812717,0.86300266,2.7002852,6.499744,73000
11.313927,-0.47227946,1.712956,4.3138237,5.82177,108990
0.017727891,1.0271248,0.16657843,3.4149346,-1.299583,94350
11.268699,0.9097901,1.3700073,4.0772486,7.4159718,337000
0.100445844,0.51207596,-0.108997785,2.9236703,-0.89467484,88400
10.706215,2.598533,0.10366288,3.3472729,6.1131487,144900
0.58682334,1.3402219,1.1831144,2.8086274,7.2072606,131000
12.35187,-0.30559164,1.4678476,3.1736042,4.7389135,59889
11.952204,-0.0396628,2.4060886,4.7474256,6.644871,105000
10.785686,2.0249074,2.057889,2.3370972,5.891133,81447
-2.6135018,-1.8042227,-1.4041137,3.6047275,9.9435425,75000
-1.5741937,-1.0823501,-0.47295275,3.0560863,10.160435,120000
10.789785,2.021958,2.0397801,2.3536339,5.921876,97672
-1.3443222,0.6860671,5.8951473,2.9361403,7.0145645,81447
0.3399752,0.21841775,2.025845,2.8225346,6.9805946,121000
0.22891992,2.4172692,0.03937056,2.697628,6.9565706,190000
11.92642,0.25391945,2.2705045,4.064082,4.789118,128000
-1.5205108,-1.5675385,-0.8804366,2.0522294,9.710485,61990
-1.3354628,0.67377573,5.8996124,2.943877,7.0048146,91640
11.994285,-1.2945412,0.9416798,2.9720469,6.4071956,20000
10.722791,2.2765563,0.95138454,3.4872549,7.120802,360000
0.91560453,1.442477,1.5842748,4.127713,1.1671759,132900
10.66961,2.3271725,0.9817732,3.7521355,6.9845266,598999
-1.3721211,0.7129479,5.8750057,2.9229033,7.041748,91626
10.697666,2.1490924,0.8349391,2.963606,7.164036,277000
10.816237,1.3984442,-0.5656118,3.4382875,6.3836927,63500
-0.12233546,1.0988392,-0.33041096,5.684404,10.207917,129900
10.832922,2.069726,2.1952438,2.7113972,6.342376,140000
-0.17288509,-0.28901783,-0.706123,4.7651634,9.591013,174500
1.5818459,1.974076,5.7016406,4.277912,5.6861634,129000
10.779618,2.3582814,0.47708517,2.5186887,6.759266,175000
0.3137174,-1.8090401,2.1164267,4.859141,2.4038014,78500
-0.9109931,0.87451136,-2.134752,5.5458074,10.819194,124700
-1.4666467,-1.3643829,-0.6621444,2.357307,9.937813,86000
-0.8988385,0.87187225,-2.1280274,5.5419035,10.816285,124899
1.400406,1.4621034,-2.226143,2.8864512,5.7792583,134999
12.062265,-1.5119749,0.96901524,2.8874168,6.1125784,88000
2.2381194,3.0567832,1.4735645,4.463192,8.1855545,1750000
11.811808,0.8735661,1.327529,3.7292132,7.433028,110000
10.934082,1.8282887,1.2727057,2.7839255,6.0772552,265000
11.78176,0.5007726,1.6128495,4.1857195,7.2730784,84980
10.879769,1.9420254,1.1922569,2.2129202,6.983702,128000
11.453119,-0.42494932,1.9251941,4.4515014,5.408156,128500
-0.27698615,-0.41043392,1.4585896,3.9237845,1.7416687,125000
10.95445,1.5933338,1.7755312,3.2103794,4.768737,103600
11.98018,-0.46331552,1.6541704,3.4419482,4.661848,58990
10.756384,1.892033,1.9548383,2.7515223,5.5741415,130000
11.039875,1.6069486,1.5037696,2.2054389,6.409705,139999
11.0483,1.5580583,1.4676453,2.1721163,6.5103173,157000
0.03867639,0.532978,-2.2298126,6.026204,10.538111,142999
11.384871,1.2773902,1.7458525,3.0615826,4.689854,115000
13.03712,-0.9362168,0.8394449,3.4143102,5.7653236,80999
-0.30808672,1.0995148,-1.0058541,5.3014164,9.855298,268999
12.138699,-0.73819065,0.5700263,2.7675261,6.446718,60000
12.131434,-1.1639097,0.31586492,3.6391985,6.9965773,155000
1.1355164,1.6261445,-2.1145647,2.4136481,5.2857656,108500
-0.9511774,-1.5360111,-1.800549,3.6280372,11.311278,88999
0.5290582,-1.4567469,1.5441947,4.5210547,2.3118832,125000
12.071944,-0.1540161,2.4942687,4.7157836,5.0995255,115000
0.5848439,0.16241696,4.3143725,3.3526247,6.4008636,122000
12.007799,-0.70380795,1.6374182,3.6412184,4.6152825,77999
0.054460365,0.77382207,-0.33936688,5.7042594,10.270576,119900
-2.39845,-1.6632377,-1.4225515,4.1905923,10.023997,59500
10.866877,1.9329542,1.1800472,2.5284245,6.0031195,134500
1.2161365,1.648791,-2.0060902,2.6638615,5.593793,148000
0.5695454,0.48813817,0.95512134,2.8518176,6.0195193,61000
-0.04930352,0.74782294,-1.8494512,6.0127606,10.903189,119500
0.116905116,1.9897963,-0.013863146,2.6966615,6.7981486,124000
12.187536,-0.22829413,2.6976032,4.7820497,4.842381,115000
12.349242,-0.5463565,0.6638111,2.9485018,6.9613166,120000
1.26508,2.8313203,0.18295062,4.2255654,8.100642,280000
1.7687207,1.7153295,5.9581623,4.2471,5.860892,209000
-0.9434429,-0.81328416,1.1289556,3.6751719,1.4701623,113000
10.795246,1.9008001,2.066276,2.5036407,5.642239,85000
-0.6089456,0.27809507,1.5470676,3.4637356,-0.40453368,80000
-0.31999442,1.0456827,-0.41739738,5.3374662,10.685471,95500
11.364115,1.347958,1.8479598,3.396779,4.9798355,119000
11.269935,1.4371517,1.8346347,3.396616,5.0680976,97000
0.56395537,0.4835089,0.9576657,2.850881,6.014752,61000
11.387926,1.2996603,1.5900172,3.00317,4.548787,63000
11.203865,1.5889262,1.5804952,3.0192862,4.828669,89800
0.55218244,0.47317472,0.95899373,2.8492036,6.014025,73500
-0.2595151,-0.5348648,-1.0528928,4.82941,9.428339,185000
-1.0558696,-1.4413913,-1.7819862,3.6095228,11.279817,103000
11.922091,-0.08157212,2.3742518,4.7375317,6.653348,109000
11.265025,1.7564803,1.7190776,2.741371,4.945139,105800
-1.3106427,-1.1591171,-1.9344635,3.5927508,11.262539,92800
-1.8145647,-1.6072971,-1.4888496,2.3826897,9.964576,144900
11.257294,1.6363991,1.4186969,3.1855,4.645087,68900
11.959555,0.059420314,2.2847145,4.561647,6.604165,80000
-0.62887746,0.42842767,1.5083165,3.2155468,-1.1201922,55000
11.271292,1.651413,1.4013755,3.2212012,4.5863805,67000
0.97982657,1.2673622,-1.5299758,2.2167287,6.1245275,128000
-0.55028707,0.5326618,1.3439478,3.4594898,-0.6833968,119000
11.275876,1.6477517,1.3932765,3.227675,4.573715,69700
11.186789,1.4231476,1.7043713,2.6799142,4.187865,56920
11.832376,0.67951363,1.5996598,3.6692204,7.4111295,139900
-1.7769037,-1.757997,-1.1433048,4.527615,10.052922,107000
11.840764,0.6118648,1.5445538,3.5545597,7.5359716,155000
12.147771,-0.93651825,0.58535063,3.4992952,6.9115973,144900
10.102426,2.351017,1.1162486,4.185831,7.4566655,720000
-1.2053113,-1.4548358,-0.48720914,3.105245,10.522683,94850
-1.884738,-1.8915516,-2.438244,2.598218,12.094381,73500
-0.928488,0.6696871,-1.244558,6.008214,9.7264,175000
12.079072,-1.4642173,-0.48997766,3.9088197,7.015425,113000
2.0721622,3.0587857,1.1162711,4.3627286,8.259368,850000
11.3287525,-1.3512874,0.6117166,5.437747,8.326725,135000
12.26725,-0.58271116,0.8047141,3.1998296,6.779301,125000
-0.025696797,2.1061885,0.08380571,2.9803123,7.0245543,230000
12.370714,-0.29284367,1.4575325,3.148664,4.741369,55000
1.2812055,1.8551285,1.502185,4.4311213,1.5244771,185000
10.626357,2.0281098,1.031023,3.8568075,6.7051897,220000
11.271615,1.6501999,1.4049498,3.219439,4.5894637,69700
11.077694,-0.22986154,0.28019467,4.5095625,6.710855,91999
-0.23364994,0.34331644,-0.73407817,4.5747876,10.823538,220000
12.978157,0.77636385,2.4489956,4.578436,5.3602295,205000
11.099364,-1.366421,0.73645306,5.590475,8.747602,290000
11.223059,1.0576696,-0.6414875,3.014822,6.6670523,82000
12.021215,0.76175976,0.88482887,4.3691936,7.9631786,125000
11.227395,0.82549644,-0.8137148,3.0377662,6.6187925,70000
10.681025,1.9626155,2.1403723,3.2350085,5.6357493,220000
12.20495,-0.20283242,1.4699345,3.2610357,4.923329,39000
1.1109083,3.1184516,0.23828952,4.1883354,7.7948675,446585
1.1341931,3.11796,0.24038306,4.1936045,7.810169,508490
2.6108727,2.6845577,1.9799104,4.286118,8.116106,195900
1.4650263,-1.0542023,1.0602541,4.812498,2.2980266,91400
0.17780225,-1.286371,1.5377891,4.232201,2.3108976,86500
1.438598,-1.02827,1.0815691,4.796228,2.3078089,129900
1.0062952,3.5527978,0.0538946,3.4085865,6.947354,216200
0.97278565,-0.23687635,1.559674,4.6177764,1.9950742,104900
-1.3200754,-2.483127,0.39792374,3.159446,1.3414608,65000
-0.5524081,-0.8206063,-1.0235682,4.333106,9.885132,138000
0.14968869,0.5795081,-0.3938623,5.4297533,10.29299,175300
0.14850293,1.8292227,0.6552073,3.0095904,7.4217796,115900
1.3164569,-0.22030538,1.5184557,4.7988544,1.814993,110000
-1.3583969,-2.2774618,0.36610487,3.354179,1.5245135,71000
10.835254,2.0617228,2.158365,2.7504125,6.229403,118000
12.153063,0.1004191,1.2466723,3.1730568,5.9477425,100000
11.091096,-0.25046742,0.33417934,4.4863596,6.656719,150000
10.690401,2.4521747,0.11949152,3.0156598,6.1924214,70000
-0.2695704,0.9943377,-1.4029491,5.4693556,9.775849,200000
11.402424,-0.7386397,1.2968554,4.2563076,6.254424,40500
-0.2715791,0.88529474,-1.714049,5.835889,11.184698,134990
-1.8591477,-1.8667339,-2.410916,2.6271663,12.063514,117990
-0.11102692,1.0882655,-0.41311434,5.709598,10.24571,103000
11.523398,1.6771526,1.1656307,3.6084118,7.2878385,199000
1.4405606,-1.026231,1.0813345,4.797165,2.3077452,119900
0.63918036,-0.76239777,1.6847079,4.531751,2.3704772,120500
-0.21505369,0.47033495,-0.41805533,5.1735735,9.823258,165000
-0.09958975,0.65001494,-1.2750906,5.264318,10.351653,185000
-1.1794255,-1.2703954,-0.3997912,3.2274787,10.588523,110000
-1.2624003,0.56325084,5.9722357,2.993255,6.925081,105500
0.6482785,-0.7224314,1.7290529,4.56631,2.361195,127000
-0.5349184,-0.66212773,1.2455189,3.8101346,1.481226,79500
-0.5170366,-0.6008463,1.2778881,3.820006,1.5213461,114000
-0.24338014,-0.44293734,1.3901768,3.908292,1.76271,98700
12.192457,-0.33811426,0.84171546,3.471321,6.9562006,131999
12.161604,0.3651642,2.4206042,4.4897237,4.842126,149000
1.617962,1.9111689,5.7590175,4.289637,5.625903,124000
-1.5541587,-1.5298083,-0.8494522,2.0898318,9.718855,60800
0.36564288,1.8549366,0.45984855,2.9639113,7.675844,95000
-0.18972671,-0.41176787,-0.6829677,4.658127,9.539661,115000
10.816692,1.9128155,1.9236512,2.2558606,6.0852294,122210
-1.1090318,-1.3071126,-0.35063395,2.9787169,10.227586,114900
0.74715555,1.8708444,-1.1978891,2.6142797,6.3538513,249500
11.983882,-1.2900348,0.9083497,3.0232882,6.423094,74900
-0.041693438,0.43968663,2.8594754,2.821707,6.98889,136730
10.444745,2.5079217,0.63148844,3.9381273,6.828794,269000
1.4898862,1.2962323,-0.36483446,3.017608,6.20238,245000
1.4663976,1.2808486,-0.36298522,3.0175238,6.185015,245000
1.4783182,1.2844994,-0.36962706,3.015614,6.1884494,245000
0.9332517,2.196355,0.6840915,2.24097,7.1374817,210000
0.97172505,2.1003234,0.6302144,2.1810517,7.105285,174000
-0.22970237,-0.26235655,-0.6742468,4.698233,9.592865,120000
-1.4315016,-1.2213154,-2.3973293,3.285228,10.884552,64000
10.658016,2.311606,1.0831574,3.8279977,6.8660274,315000
-0.95632946,-1.5376717,-1.7993131,3.6223092,11.310882,119000
0.39999074,2.4869576,0.39750132,3.1019006,7.310084,650000
-1.4495311,-1.2044661,-2.1644204,3.4725688,11.3903885,97000
10.626177,1.8641784,0.2044196,3.5991464,6.0667057,120000
0.914773,2.2480135,0.7193977,2.2936497,7.2559896,175000
1.58045,1.9705671,5.7305617,4.2730083,5.6948137,115702
11.922965,-0.73328537,0.07915659,3.8416455,6.8381877,105000
2.5545325,1.7748549,2.6503866,3.7562382,8.337,256520
0.5614946,0.18621227,2.2604902,2.9559097,7.218164,200860
-0.1031742,-0.27561706,-0.53268254,4.7590346,9.691944,85000
11.097577,-1.5282524,0.79120743,5.420184,8.55393,310000
11.291479,-1.4552679,0.5830804,5.5298247,8.333743,200000
10.625652,2.4239612,-0.25945598,3.2366223,6.158972,150000
1.7318553,2.8798065,1.201075,4.3338785,7.733097,630000
-1.6337521,-1.3625231,-0.8226278,3.6893268,10.401137,245000
10.674415,1.9875196,2.0112948,3.3062446,6.0835915,160900
9.645282,2.3577383,1.1952648,4.263889,7.7525263,363000
0.5219507,0.18751791,2.2695785,2.9436693,7.194615,208120
10.45305,2.280465,0.7475511,2.3879426,7.755171,400000
10.447707,2.2887743,0.7709619,2.3967392,7.7326784,400000
10.539204,2.048565,1.194477,2.7112396,5.733133,135000
10.688775,1.4046955,-0.48453525,3.6739388,6.3137207,78000
1.4547068,1.4204487,-2.2156754,2.9374619,5.82726,77000
0.36905134,1.0702937,0.2684107,3.3712666,-0.5979014,123900
12.077045,-0.9399191,0.5161836,3.4308598,7.058724,188900
-0.39385536,0.8091458,-1.6426742,5.355525,10.729374,214000
12.098702,-0.9315313,-0.6995559,3.640194,6.8313727,113000
12.551651,-0.23035316,1.0930104,2.9032085,5.9170933,69999
0.015921637,0.53381366,-0.52260613,5.36199,10.383799,123000
3.429314,0.611504,0.57323873,4.6626844,6.4749246,75000
1.4335415,1.4169962,-2.139301,2.9299679,5.854441,150000
1.1154759,1.6700518,1.4749066,4.189189,0.94220746,177000
0.74154925,1.8778951,-1.1817331,2.6066227,6.359867,249500
0.0018261167,0.8322373,-0.33969757,5.3314805,10.303775,159000
12.162512,-0.0989739,2.6144276,4.8054643,5.1674304,78000
0.35832554,0.13901284,2.2610579,2.8669932,7.0122914,154880
10.124999,3.5742114,1.1786138,3.999061,6.5076885,130000
10.712334,2.3239875,0.5307769,3.2832856,6.077641,137000
0.31932214,0.19353469,2.1775963,2.8416157,6.984647,134310
0.31482127,-1.8110536,2.1261327,4.8635526,2.3959591,106000
0.033720337,-1.6894699,1.7521735,4.515884,2.3585842,89900
-0.7332766,0.51472765,1.6463097,3.5301826,-0.47456867,65000
-0.23955773,-0.25865036,-0.8411397,4.799547,9.487974,233000
-1.4044155,-1.1808269,-2.0159817,3.4745827,11.308029,113000
11.55512,1.2592568,1.4589947,3.798246,7.21887,274700
11.484083,-0.76497054,0.49405235,5.3487415,8.418616,241900
-1.4500761,-1.2118702,-2.1574063,3.4496627,11.403389,112990
-0.03735712,0.3397151,2.787813,2.7905948,6.8596225,110110
11.669285,1.3049711,1.3973277,2.6650739,5.3032064,69000
11.534989,1.2139215,1.5122916,2.8974128,4.497504,63000
11.120515,1.321336,1.8298417,3.123749,4.5085115,96000
-1.4921829,-2.4761567,0.21418242,3.1903625,1.4330257,73000
11.825531,0.68395543,1.6170756,3.7282274,7.388276,108700
10.989551,1.6643746,-0.3263933,2.6153934,6.983985,199000
1.019552,3.020308,0.4914427,3.895995,7.5119295,144900
3.5950983,6.883998,1.0058043,3.0507255,6.890133,145000
11.621391,0.22382005,0.29442212,5.2765827,8.372015,179400
0.052602217,0.5629996,-2.1069465,6.0082517,10.524671,138000
0.9417134,1.8227127,-1.2043041,2.895272,6.3551836,300000
1.405966,2.8547819,0.5635737,3.880585,7.812219,399000
10.400185,2.0853589,1.0692402,4.1566076,6.9701443,790000
10.573009,1.9450672,1.2617208,2.6329558,5.7365994,140000
-0.43202582,-0.02998462,-1.0284111,4.675423,10.688808,159500
11.942792,-1.4388928,-0.11626653,4.0535088,7.0939765,90500
11.613719,0.0047032833,0.442272,5.0845203,8.209951,139000
10.977226,2.3874755,0.78000385,3.2067306,6.2219057,130000
-0.84714067,0.74792147,-1.1581317,5.975686,9.751984,175000
-1.439833,-2.4637241,0.26008403,3.1823328,1.4183927,68500
1.7498635,1.2226858,0.31392193,3.1584134,6.346746,254800
12.374658,-0.30706733,1.4546111,3.152985,4.737169,67000
0.13679329,0.74764913,-0.059600208,3.0536492,-1.0056206,89850
0.0032102824,0.67146075,-0.20602742,2.953294,-1.252655,98000
0.33586526,0.37677047,1.8641334,2.80079,6.9232974,94000
11.4341345,1.4175617,1.4871113,3.018123,4.5248194,69700
-0.0880065,0.68233657,-0.20264065,2.907417,-1.1777475,106200
0.15664807,0.7938929,-0.05631232,3.074117,-0.9570724,89842
11.550892,1.2062697,1.5104598,2.9170327,4.511891,69210
11.544287,1.2156585,1.5094637,2.9138522,4.5178804,69395
-0.081173696,0.3781749,2.9526448,2.8181217,6.986613,94600
-0.17804164,1.0596771,-0.48334053,5.0739274,9.916095,284000
0.8635997,2.2334373,0.68944854,2.2653651,7.167772,226900
10.807094,2.3219118,0.6945041,2.7519631,6.2725034,103000
-1.3793828,-1.5393131,-0.71094495,3.7376835,10.1982,189500
-0.29034883,1.0813413,-0.9805373,5.26274,9.8768,235000
1.1370834,1.598263,-1.9830536,2.4390295,5.385733,117550
1.4648423,-1.0583491,1.0587549,4.8122926,2.2976391,88400
0.5489286,-0.82504076,1.6040449,4.4598293,2.290628,132800
0.9997947,1.0457021,-1.733844,2.614925,2.219034,66500
0.9519525,3.5206113,0.059206966,3.3604329,6.9273553,141600
0.11512395,-1.3123177,1.5183583,4.3494525,2.3605063,115571
0.7633627,1.4279889,-0.5565605,3.6726599,7.0284004,181380
-0.32200703,-0.36181062,6.901417,3.1789782,6.6064234,74312
11.95381,-0.038720313,2.3989582,4.746505,6.643734,123000
-0.12323717,0.80089235,-1.7161711,5.9077845,10.984399,136000
10.751183,2.2197328,0.7933187,3.9518785,6.990059,83000
10.476413,2.0172708,2.1099033,3.3522098,5.9078937,269000
11.845427,-1.6807746,0.5248649,3.611802,6.992986,53000
1.1087502,2.1578944,0.5782374,2.691192,7.0325656,170000
-0.92775244,-1.4988748,-1.1770747,3.4791574,10.513489,119000
1.4362764,-1.0181639,1.0889865,4.797076,2.3008544,120900
0.8551036,1.6754757,-1.7630807,2.6499362,5.7660236,157300
0.99473417,2.1490452,0.71423346,2.1977646,7.139758,255000
12.129988,-0.57449925,-0.3920739,3.1228755,6.730243,82000
12.008165,-0.9322062,0.72017294,3.5648494,6.87642,125000
9.914585,2.3198245,1.1491504,4.2589865,7.534825,800000
10.049219,2.2677867,1.1326526,4.186545,7.473127,595000
10.517879,1.9296085,1.2143683,3.7870934,6.8406725,470000
10.876097,-1.5793372,0.8375473,5.63995,8.823566,259000
11.391841,0.95296025,1.4693116,3.970135,7.469558,205000
11.007633,-0.01265869,0.41238752,4.364155,6.434222,179990
11.896538,-1.3311133,0.27099836,4.050448,7.07764,125000
11.480643,-1.9369017,0.45109046,4.487709,7.1077747,69500
12.184001,-0.7609686,0.49314827,2.763235,6.483055,81490
10.435025,2.4587586,0.5770868,3.9933941,6.7693577,302500
10.991492,-1.5680927,0.8464725,5.4260225,8.39352,180000
1.2432865,2.939205,0.14725581,4.27171,8.055838,470000
11.429775,-1.6933907,0.64965147,4.614866,7.2148433,94999
10.796512,1.9579002,0.2203575,2.6391213,7.632038,239900
10.59813,2.1268773,0.49769092,2.6039371,7.792176,499000
10.375184,2.4369218,0.85716516,2.2349384,7.579219,295000
11.034135,-1.5338142,0.74895936,5.6045036,8.678425,210000
11.288506,-0.4309291,1.5284692,4.066104,6.2161827,91000
1.5244013,3.168667,0.29040796,4.183996,7.9706154,399000
1.6130714,3.1943955,0.3584283,4.1170006,7.94789,620000
10.706033,-1.5594453,0.91429883,5.67384,8.982111,479000
1.6155205,3.1947393,0.3591498,4.1317577,7.951448,650000
0.44997835,2.6915581,-0.004715672,2.7276933,6.95444,340000
1.7574877,1.3309715,-2.4819496,2.9241135,5.6098285,63000
11.200848,0.5465993,0.3299076,5.116594,7.926478,179990
1.2150143,3.0896363,0.42308354,3.6275518,7.511059,229000
11.876329,0.5328662,1.5255041,3.347637,5.2511735,136000
-0.26436332,0.5677197,0.5216676,3.1316905,-1.1799254,115500
1.1049455,3.0193632,0.24338065,4.2374444,7.853228,150000
-0.24921608,1.099156,-0.95317256,5.2479925,9.809675,257000
2.3963008,3.0736613,1.5233495,4.4954553,8.21122,660000
2.3853939,3.0891197,1.4946434,4.499102,8.197626,660000
0.77698463,2.417654,0.5753875,2.32793,7.023559,150000
-0.32318458,-0.6168301,-0.89150256,4.5045614,9.59297,144900
-1.5667174,-1.5254085,-0.8963684,2.1566885,9.718542,35900
1.2657789,-1.2847856,1.0486466,4.6777844,2.2362103,77400
1.4553869,-1.0678469,1.0596403,4.807282,2.2938616,90400
0.98417705,1.035336,-1.6639347,2.6835976,2.2345862,109900
0.16153143,-1.3102658,1.5034416,4.2119346,2.3508313,91500
0.18339215,-1.2876219,1.5477314,4.175454,2.3136268,91800
1.0038171,1.0485634,-1.7232348,2.6265712,2.1473787,88900
0.91637963,3.4796963,0.06306188,3.307847,6.9173565,111400
0.77085686,1.4494733,-0.5370403,3.662761,7.055464,237160
0.235418,-1.5524217,1.7659585,4.5419326,2.4024606,110000
12.210819,-0.39422357,1.0059502,3.0406961,6.8224463,115000
11.849697,-0.10978165,2.2196887,4.743841,6.6528244,141000
11.909214,0.647758,1.529852,4.1076756,7.4573345,155000
-1.8533194,-1.6524903,-1.6138163,2.4216316,10.002147,65000
-1.0134653,-1.4219239,-2.631661,3.4685118,11.127865,85000
11.664402,-1.0900232,-0.5997499,4.2221055,6.7638316,92000
11.656866,-1.0708226,-0.5804654,4.220506,6.759717,92000
-0.9543768,-1.5483551,-2.8327255,3.3698814,11.115815,100000
-1.4651195,-1.1999966,-2.3567348,3.2671266,10.887178,69000
11.368785,0.35582602,0.17840897,5.0133557,7.7619925,130000
2.613258,2.7068799,1.9680747,4.3053455,8.130215,199900
2.2379355,3.1552732,1.2508183,4.5284696,8.263393,930000
11.391972,-0.7526043,1.377561,4.3127995,6.262377,46500
11.583556,1.3670825,1.4818969,2.7306247,5.112045,57500
10.426015,2.1903846,0.4415559,4.096089,6.7941923,258000
11.354303,-1.2569289,0.6136699,5.3282413,8.24512,215000
11.907251,0.6654187,1.4250534,3.6635675,7.632961,130000
12.217246,-0.7959015,0.49197188,3.4559488,6.809985,145000
-0.7364364,-0.5739416,1.3599441,3.8200965,1.5483098,125000
10.11355,2.3220332,1.0695858,4.206932,7.41201,485000
10.869933,1.9900411,1.2057627,3.9112716,6.7070107,186000
2.0312645,1.3922917,6.2257795,4.5590467,4.830964,114500
10.840369,2.127828,0.87953675,2.769917,5.890383,220000
2.0545907,1.3712529,6.2381883,4.581,4.8104367,119800
-0.33465987,-0.4547682,6.6612134,3.3084617,6.3963075,91800
1.9462706,1.4748056,6.231239,4.4440646,5.030896,140900
-0.34102923,-0.4531352,6.6632147,3.3025134,6.3976583,96000
10.627053,1.9653182,2.1087058,3.2635188,5.676993,117724
-0.3991895,-0.49331507,6.6112537,3.2724586,6.3444605,88000
-0.4609584,-0.22880147,5.500818,3.0411496,6.5413313,88700
-0.43803048,-0.24631514,5.476876,3.0212579,6.537025,70500
2.1508605,1.2783645,6.744431,4.2578793,5.5972743,153719
-0.42888355,-0.26807895,5.541711,3.116774,6.4791737,65130
1.9176464,1.524292,6.2399316,4.49351,4.825398,122800
-1.4656785,-1.2054693,-2.3808458,3.266636,10.889323,70000
-0.39295417,-0.3823326,6.057211,3.227522,6.3421926,110857
-0.39364323,-0.4792642,6.5342493,3.279074,6.3406305,78581
2.0516193,1.3708439,6.209023,4.587113,4.807665,125444
2.0531662,1.3615181,6.1994233,4.593944,4.791584,117081
-0.37594354,-0.4650092,6.5177336,3.27969,6.3542128,89809
0.015114948,0.40085813,2.9575953,2.8793445,7.093904,86128
0.095525295,0.499491,2.8985915,2.925243,7.220091,136010
0.3236407,0.16091937,2.2098737,2.8457503,6.984605,82500
-0.3877058,-0.48199365,6.6219387,3.2758508,6.362308,106480
0.08510356,0.52412724,2.855097,2.9138544,7.1963487,119000
11.396636,0.35316375,0.17888434,5.005981,7.7888412,125000
0.22710733,0.568663,2.7080982,2.957669,7.3068323,124000
0.010975636,0.2705931,2.7433684,2.8064258,6.8350897,61400
-0.062299635,0.2910292,2.8799157,2.7970467,6.83379,68100
-0.06381843,0.36175776,2.930291,2.8204727,6.9646335,94600
0.1645648,0.5530376,2.80023,2.944153,7.261174,130300
-0.45476925,-0.22522037,5.4696655,3.0284674,6.5508723,85305
-0.45380864,-0.23338285,5.4958878,3.0385666,6.5397997,107327
0.10497084,0.46494842,2.8937824,2.9162843,7.209106,123622
0.06154108,0.2250416,2.7629526,2.8245602,6.865638,77313
0.0053886557,0.39614472,2.9632897,2.8748755,7.0812683,96770
0.04250783,0.431155,2.9551117,2.898854,7.1442432,108172
0.106835976,0.4705707,2.895802,2.9185095,7.2124615,110026
0.04205778,0.42981076,2.960856,2.9000115,7.14638,102740
0.044368405,0.43058944,2.9649136,2.902571,7.1514397,96740
0.03973575,0.42792413,2.958696,2.8969724,7.1406846,102172
0.09661762,0.49077666,2.90233,2.9233737,7.215035,129118
-0.0691351,0.11260506,8.269715,3.27715,6.9786325,78616
-0.06970184,0.11434905,8.260724,3.2779827,6.9734607,76264
2.2235315,1.2689455,6.933296,4.2606583,5.6345243,122815
-0.4456256,-0.23716258,5.4901233,3.0402775,6.5370097,77000
-0.44317308,-0.25858933,5.5454583,3.102078,6.48996,89243
-0.034006808,0.37805885,2.9008756,2.8497567,6.99461,104600
0.16340856,0.5619917,2.8018975,2.9452431,7.268951,140300
-0.056385413,0.3579488,2.9319892,2.8264318,6.971582,88400
0.13056797,0.7580993,-0.12457703,5.208593,10.288725,126000
-0.1575765,-0.1907017,6.845268,3.1828542,6.775484,121700
-0.40045503,-0.4809506,6.584513,3.2683074,6.3471465,94200
0.25501218,0.33195585,2.0735426,2.7934604,6.9194603,80900
-0.41441366,-0.40912652,6.1082897,3.2331557,6.316003,101900
-0.38574544,-0.43116948,6.648953,3.2485526,6.4230723,105990
-0.40462598,-0.48116872,6.584956,3.2682538,6.349907,107000
0.24434152,0.39205855,2.0536368,2.8099027,6.962068,115900
0.46909103,0.3740867,1.5566181,2.7790563,6.740424,121000
0.27842447,0.3726357,2.0410123,2.818501,6.947074,124900
-0.41347602,-0.47697818,6.535297,3.256657,6.34647,127000
1.5777301,1.3965257,-2.2416763,2.8051891,5.6184645,77000
-1.1168858,-1.1689525,-0.37219056,3.4137576,10.099215,159900
-0.2753761,1.2741915,-0.57046014,5.2554526,10.163568,147900
-0.040387057,0.32735616,2.8971157,2.8193758,6.934662,98400
-0.062285762,0.3635635,2.932683,2.8229303,6.9697924,97800
0.108170755,0.4991726,2.8935378,2.9186623,7.23659,138400
12.034492,-1.2148498,0.8865299,2.9665701,6.4398894,35000
10.62044,2.0071933,0.7929201,3.9332435,6.5593286,399000
0.1403096,2.1540358,0.11095738,2.6779387,6.9841847,210000
10.704788,2.334805,-0.0032823277,3.0506172,6.061397,179000
10.406487,2.4484024,0.88708484,2.3242338,7.5584893,431000
11.971129,0.101982355,2.4279354,4.234327,4.757237,125000
-0.0455147,0.13431497,8.125882,3.3135595,6.9178987,103306
2.5586352,1.7440311,2.6769655,3.7432852,8.333898,152000
0.37769768,0.07376207,2.274775,2.8611526,7.006739,124000
0.6299655,3.1346226,0.32833767,3.2527773,6.970447,215000
12.145364,-0.633373,0.75742674,2.7447746,6.7530785,95000
0.8932177,1.7529016,-1.9525828,2.6896636,5.6874523,150040
1.1028205,1.6205976,-1.98601,2.4729538,5.4211574,113800
0.17075889,-1.2938192,1.5483435,4.2188745,2.3165824,86500
0.6212385,-0.79077303,1.6500598,4.50212,2.4004107,130000
1.4486859,-1.0832127,1.0572944,4.8032603,2.2925406,83400
0.944683,3.509876,0.064207025,3.3495357,6.9277225,140100
0.774545,1.4649454,-0.5246888,3.6524425,7.061013,236800
0.28802434,-1.5770466,1.8415015,4.607504,2.4423845,99000
1.3380666,1.9736611,-1.8518678,2.5850575,5.6390233,101000
-0.21388067,0.802566,-0.57806283,5.3186455,10.646621,200000
-2.6285782,-1.8496215,-1.3485905,3.6124163,10.000344,73000
-0.43102023,0.1821911,-1.0019057,4.812559,10.910863,149000
0.81176627,1.3622203,1.628427,4.2921886,1.1092007,108500
11.686332,0.9938306,1.361735,4.0679255,7.38916,229000
12.320392,-0.6549304,0.64354295,3.0737672,7.009323,119999
-0.32935774,-0.70774055,-0.71209174,4.3060575,9.50183,99000
0.9186861,2.2200778,0.6979739,2.268822,7.2125206,229000
12.102546,0.30929452,1.4177197,3.2919743,5.52367,147000
-0.6672323,-0.56836,1.3521719,3.7907178,1.4681344,116900
11.037652,1.4564025,1.9354346,3.422012,4.9737597,198000
2.280464,2.1404428,1.3691533,2.4916346,7.6851816,345000
-0.9645612,-1.3996222,-0.18900801,3.3728647,10.088294,115000
3.343843,0.65462565,0.5676793,4.6344876,6.490378,135000
10.674746,1.430786,-0.38154915,3.6101327,6.4266553,107000
11.151579,1.3372595,1.7773409,3.0025733,4.460838,117500
-0.31159702,0.5695462,-1.7626927,5.349123,10.64568,137000
-0.93537533,-1.561343,-2.9038703,3.3546813,11.076805,95000
-2.126624,-1.5439826,-1.6298865,3.5380201,9.826939,77000
-1.1876901,-1.2362623,-0.47062874,3.7511103,10.114202,118900
10.688041,2.4563658,0.091943845,3.0186846,6.1772757,48500
0.6184465,2.2931042,0.50990355,2.4949362,7.150558,85000
11.624077,0.22220008,0.2854023,5.336202,8.430287,107000
0.49545324,0.41521013,1.7988509,2.881253,6.9999895,180000
0.013417956,0.87823516,-0.5193631,5.258299,10.044398,155000
10.719603,1.7630382,1.1624552,3.0299835,5.8938065,160000
10.6659155,2.2275577,1.0362272,2.5695872,7.2036557,235000
0.7645652,-1.8212646,1.3282338,4.6188035,2.2405994,145000
1.963322,1.4724896,6.241116,4.5013924,4.873651,159000
-0.013948255,0.5344109,-2.2289393,5.981445,10.540295,125000
0.16166593,-1.4424144,1.5624927,4.2856193,2.4918194,179000
-0.39169675,-0.71792513,-1.0663805,4.6234226,9.530871,123000
-0.38275406,-0.7159618,-1.0829512,4.6342964,9.508166,109500
11.902696,-0.7378646,0.07529212,3.905391,6.8669024,114000
10.675629,1.430862,-0.6853293,3.3833716,6.355906,75600
1.5169077,1.4237643,-2.2998407,2.8976798,5.706821,108550
0.63283527,-0.7693398,1.6736455,4.524012,2.3711257,132800
1.0905598,1.150323,-1.79338,2.6666386,2.242588,98900
0.77240664,1.4600078,-0.5258694,3.6588492,7.062046,231880
10.846805,1.657506,0.19927077,3.7096019,6.986543,138000
0.28996432,-1.5596823,1.8388695,4.60879,2.4398484,105000
-2.30791,-1.8560692,-1.5548532,3.7550576,9.578157,95000
-1.3118343,0.43958703,-1.5565231,5.925451,9.793295,123000
-2.2632668,-1.8413181,-1.4808373,3.7114513,9.625704,120000
-0.3791422,0.661405,-0.9945515,5.732346,10.008631,129500
-2.0272515,-1.6512841,-1.3585707,4.499665,9.959829,75000
12.125801,-0.09655602,2.6111023,4.7444296,5.0761185,131500
-1.788314,-1.3961002,-0.8379218,2.204882,9.759832,80000
-1.7640132,-1.399816,-0.86145127,2.195074,9.754259,80000
-1.8511546,-1.650534,-1.6053292,2.410245,9.997127,65000
0.96355134,2.2397087,0.7106088,2.409471,7.1282415,215000
10.838147,-1.562429,0.87255275,5.6084065,8.868076,584000
12.072313,0.4347373,1.4010761,3.6775389,5.730272,168499
11.262795,-1.6556035,0.5660473,4.847748,7.1941657,67067
10.991705,-1.662286,0.78089833,5.507299,8.417694,190000
10.975793,1.5674734,-0.51465696,2.6489098,7.0638742,215000
0.9531951,-0.070182726,1.6081427,4.6069803,1.8431544,120000
0.9201931,0.056283083,1.604839,4.572972,1.7520207,108500
10.946952,1.5591744,1.9694657,3.3701024,5.0511756,159000
-0.5308991,0.44005337,1.3908527,3.4556968,-0.3031757,103600
-1.0079831,-2.9064994,0.9254265,3.6024508,1.368846,71600
-0.035785217,0.7488875,-0.22763103,2.9911897,-1.1854076,95000
1.1031027,1.6131886,-1.9859031,2.455265,5.407739,106550
0.2212337,-1.2346612,1.5113907,4.1437936,2.2867868,78800
11.391164,-1.6729723,0.5959725,4.655784,7.2038693,120000
11.335653,1.9243673,1.1189066,3.6518767,7.11522,169000
-1.2509521,-1.3866261,-0.7909782,3.0844717,10.737465,89900
-2.8491795,-1.7994856,-1.3520657,4.071747,10.206346,67000
11.738282,0.71211374,1.5914868,3.878885,7.42262,160000
-1.7956872,-1.2445856,-0.6990297,2.4236386,9.780458,55500
11.755638,0.9489484,1.4060888,4.0117507,7.5369015,145000
11.359306,1.0997337,1.3995245,4.1463094,7.4467587,296900
11.830883,1.052282,1.2869017,3.663496,7.461994,110000
12.03759,-0.9279837,0.70631653,3.5493915,6.9209642,130000
9.6118965,4.021056,0.8715475,4.0560412,6.6743526,159000
10.62749,2.4367843,-0.1898113,3.1943398,5.88292,70000
-1.1106646,-1.267832,-0.38966006,3.3934267,10.07446,165000
11.058794,-1.5455692,0.8524771,5.3602552,8.584632,490000
0.51913273,0.16016497,4.183548,3.3596032,6.361642,126500
-2.615429,-1.8386067,-1.3608342,3.5901732,9.993402,61499
1.1543604,1.7079526,1.7338777,3.1209457,7.3004093,285000
10.8808565,2.3362114,0.71842164,3.25139,6.142896,140000
10.484858,2.4077988,-0.2973849,3.4948575,6.12654,180000
9.952897,2.277348,1.1251866,4.2747793,7.4866476,650000
-0.35360527,0.41269153,0.60261935,3.175035,-1.227014,107164
12.341796,-0.48521262,0.6297456,3.0413678,6.7014713,119990
11.870094,0.46939245,1.4919046,3.2483718,5.2331123,100000
10.988152,-1.63384,0.779642,5.526998,8.456032,280000
1.3785313,1.775829,-2.4315581,2.4738564,5.2223783,81000
2.0024343,1.3138711,-2.6213906,2.8690438,5.316855,81000
1.3429503,1.8233558,-2.3800144,2.5203083,5.3101974,63000
10.060637,2.3116906,1.1465092,4.1073527,7.473284,1028849
-0.3502853,1.0361332,-0.4046335,5.260524,10.631821,163990
1.2441787,1.8517638,1.3351876,4.173489,0.68074715,93900
-1.1921517,-1.296162,-0.64296865,3.1398513,10.72706,120000
12.097275,0.060167186,1.1664795,3.3834481,5.484297,95000
1.2760042,1.7849892,1.4336214,4.1094494,0.96018577,135521
-0.7745518,0.507908,1.658323,3.5321124,-0.48009232,135000
-0.77735347,0.5087939,1.6564326,3.532187,-0.4711195,134000
2.0321589,3.1627367,1.0884962,4.530878,8.254126,685000
11.418305,-1.0238982,0.5347094,5.393107,8.459833,249900
2.0064464,3.1699557,1.055995,4.5401936,8.259144,685000
12.113219,-1.2908738,-0.36979932,3.7743585,6.995623,96900
0.88785505,1.8264855,1.5844908,4.5163465,0.99215037,132800
0.5100959,1.4819793,-0.72133934,5.2307043,10.243076,445000
-0.7768306,0.50902134,1.6606349,3.533119,-0.4777887,129000
0.85554034,2.7914484,-0.042840187,2.9073462,7.1305366,144500
-0.80924696,0.5385027,1.670629,3.539837,-0.46950072,127000
-0.21844763,1.1545436,-0.37829655,5.6418033,10.236084,158000
-0.8374145,0.5407594,1.6672934,3.53499,-0.4743382,123000
-0.8991953,-1.7546034,-3.0759025,3.201228,11.100358,84499
0.7455999,1.8512449,-1.184451,2.5767436,6.3310566,249000
-2.3157446,-1.8591553,-1.5504878,3.7500966,9.581899,72500
0.35704494,0.46876574,0.8649664,3.219245,8.984963,172900
0.80151534,1.3520566,1.6342986,4.343873,1.1045887,125500
-2.3005602,-1.8600217,-1.5448549,3.785478,9.582321,94000
3.3535626,0.65641457,0.57552946,4.637526,6.486098,140000
1.2866151,1.2441548,-1.1641151,2.2127411,5.643922,158000
10.426954,2.4594982,0.56813526,4.0052876,6.786007,295000
-1.5071454,-2.4518652,0.18197809,3.2403114,1.3500497,69900
1.5856932,2.9026816,0.8772017,4.3901224,8.290201,307000
0.9708241,1.6045413,1.7263658,2.8515902,7.449206,167000
-0.14378339,0.69017816,0.10474017,3.03221,-1.0069376,94000
-0.33612463,0.41390437,0.56592256,3.1613936,-1.2034123,98900
-2.1806731,-1.5507754,-1.3817462,4.026367,9.960537,94000
0.75045204,2.230693,1.6164894,4.864743,1.2431328,158462
1.6265352,1.1249256,0.43604705,3.1888874,6.2445073,182700
-0.73210347,-0.2955314,0.9468957,3.4850605,-0.6258319,111450
1.1539233,1.7345759,1.4474198,4.2189617,0.87992674,180000
10.989802,2.374507,0.79441285,3.2068253,6.228268,40000
-0.9827211,-1.2356528,-1.4254903,3.8343832,10.717303,73000
12.31202,-1.2598957,0.9700187,2.7501159,5.906362,64000
0.1461317,0.87899196,0.030515593,3.1673903,-0.8844166,75600
0.73193866,2.2148278,0.5984278,3.9573689,8.091393,103000
0.10182219,0.7408747,-0.24318922,3.0642314,-0.6601906,95000
0.31149617,-1.8107473,2.1212993,4.8597436,2.3960867,106000
0.8015298,2.2075996,1.60148,4.8404245,1.2782828,154900
0.68320596,1.1544838,1.6624877,4.3425765,1.2653289,153000
-0.9075941,-1.7772985,-3.098863,3.1820917,11.103808,105000
1.094914,-1.4990046,1.1546854,4.690725,2.2050223,98700
0.9995759,3.5542836,0.049293574,3.4052405,6.9356008,194600
0.78702,1.328197,1.6422589,4.346863,1.1198137,120000
0.652646,-0.73802835,1.6845955,4.5473266,2.386049,164000
0.0930376,-1.4501075,1.5374271,4.2327247,2.3289535,82800
0.49500245,0.2955404,1.3200376,2.8018277,6.3129416,97632
-1.3036715,-1.1783309,-0.20965274,3.7363417,10.143006,75000
-0.38807487,-0.47659042,6.5987363,3.2808692,6.357527,91500
0.8104368,1.3605787,1.6317874,4.3298435,1.0925227,155000
1.2479185,1.8300005,1.5216761,4.44899,1.5384449,204100
0.7716669,2.840637,-0.033143904,2.8823624,7.090107,144000
-0.0035017754,0.602854,-0.16475947,2.9044354,-1.2577987,117793
-0.052154608,0.65531874,-0.16242342,2.9292142,-1.1981118,128500
0.43835604,0.9602567,1.764367,4.184055,1.0553703,136263
0.7525971,2.2219312,1.6194043,4.8565836,1.2420481,170000
0.7233468,1.983564,1.6000078,4.687235,1.2938552,147600
-0.2494116,0.7479777,0.32422873,3.051137,-0.6143266,112893
1.2099509,1.7222537,1.4273877,4.0345654,1.1077794,133700
0.75091827,2.2316484,1.6181297,4.86621,1.2477828,156500
0.83152646,2.0079482,1.6007695,4.6805058,1.0780863,160000
-1.0202461,0.6771794,-2.126914,5.7239733,10.601876,120000
0.7148644,1.9930514,1.6019969,4.6984,1.2757243,149100
1.2453045,1.8246231,1.5221655,4.4458947,1.5359691,172000
10.766469,2.1966078,0.87956786,2.2932725,6.9080286,250000
-1.5743598,-2.5406363,0.17577206,3.2269704,1.3850584,69900
0.52999055,1.0808544,1.7478546,4.1970663,1.1098223,156566
-0.3190601,0.48233464,0.5818942,3.1505985,-1.2730981,69900
-0.8384726,-0.40978742,0.7845783,3.412841,-0.9348741,103500
-0.7220517,-0.58366185,1.3834575,3.838023,1.5532516,84579
0.8972167,0.15579003,1.5956953,4.5477076,1.6570883,121605
2.352173,3.1339936,1.3663651,4.5349174,8.254474,595000
1.2538155,1.8262638,1.5257356,4.4487433,1.5466589,176900
0.7479204,2.2113514,1.6179651,4.8513722,1.2424368,157800
-0.8366432,-0.4030926,0.7828814,3.4103715,-0.93612975,118800
-0.7718719,-0.31605434,0.74408793,3.3491526,-1.0149591,130000
0.8957478,1.8862963,1.58572,4.5596704,0.94810927,157900
11.35926,0.3821529,0.20567015,5.0130744,7.776859,112000
0.75114834,2.2376122,1.6181476,4.869253,1.2440487,156500
1.0037016,1.04859,-1.7230493,2.623243,2.1640677,83400
1.6330774,1.1262227,0.43574572,3.1875343,6.247177,240050
0.75603855,2.2317798,1.6163336,4.8645973,1.2426562,144450
1.176916,1.711377,1.4828339,4.2260957,1.3726131,169900
-0.79688233,-0.35674545,0.8707377,3.4396904,-0.7659778,77900
0.28624701,-1.5675353,1.8439375,4.607973,2.4467134,105000
12.436978,-0.5712859,-0.59375876,2.7421865,6.727876,117990
-1.3775282,-2.1517987,0.025132835,3.0205388,1.1780788,76400
0.74845237,2.2051966,1.6186655,4.844584,1.2295853,185900
0.10571986,0.5103131,-0.12731877,2.9168332,-0.920498,83000
-1.5316621,-2.4864142,0.1709483,3.2304544,1.4589812,68600
-1.554051,-2.543349,0.20556256,3.2569923,1.3743924,64070
12.414347,-0.538962,0.15088315,2.9595146,6.817767,92999
0.8122841,1.6670884,-1.7395964,2.652956,5.808538,113975
0.9968285,1.0440748,-1.6884959,2.6630704,2.2261436,84900
1.0081713,3.556916,0.050344437,3.414563,6.9473586,224300
0.76399845,1.4295291,-0.5450207,3.6787925,7.03295,180300
0.6304761,-0.7570444,1.6995397,4.5473084,2.3642845,160000
1.3250486,1.9551219,-1.811758,2.5944655,5.6617637,112000
0.23121026,-1.1926204,1.5225028,4.207626,2.290551,105000
1.9098814,1.5019742,6.0699086,4.3009043,5.783228,161729
1.8751103,1.5493242,6.2028317,4.4301414,4.9539423,120419
-0.47930428,-0.21827544,5.5382004,3.0735762,6.5230036,64800
12.110297,-0.12573713,2.6521895,4.657046,4.821788,118000
-1.7149421,-1.5755597,-1.5493095,2.5940294,9.943933,69990
-0.2619927,-0.36196274,-0.9492113,4.7703,9.607358,129990
11.928467,-1.612319,0.89630413,3.2454093,6.2762346,27500
-0.9787051,-1.2846401,-1.7460189,3.8052406,10.997602,129990
-0.31489623,0.73505855,-1.257867,5.473612,10.844635,155000
-1.3897302,-1.0502694,-0.5178775,3.511081,10.416755,115000
11.85331,-1.5959783,0.5533012,3.587931,7.033973,45000
-0.805947,-1.0459024,-1.0046746,4.0866437,10.210144,90000
11.413172,0.38279554,0.26517805,4.9645247,7.7963285,137500
-0.9331624,-1.5563117,-2.8836813,3.3533673,11.077978,82000
-0.33503914,-0.61218715,1.275239,3.8558452,1.4154106,115000
-0.07040734,1.0602833,-0.44689324,5.6882105,10.298497,159000
0.67850906,1.3210138,0.81111956,2.3781426,7.017737,149990
11.808151,-1.7159137,0.52550423,3.7116838,7.0249896,70000
0.9963901,1.0406232,-1.6991904,2.650113,2.1799555,90900
0.16193154,0.960981,-0.126213,5.015198,9.852659,249000
10.999269,1.0433363,-0.7517727,3.347856,6.40641,73900
-0.6303572,0.84585,-1.90574,5.5502067,10.808785,170000
1.097096,1.3265947,-1.1336005,2.382494,5.6567063,110000
-1.2586967,0.5578297,5.985278,2.9955544,6.9231005,103900
11.376079,-0.49073175,1.8400517,4.423909,5.51315,121500
-1.1257806,0.44656286,5.764896,2.970335,6.899604,73755
0.60854137,0.16994722,4.3252273,3.363896,6.3969846,125500
1.7663136,1.7170157,5.9625583,4.241103,5.874993,235208
0.8617087,-0.16330738,1.6273042,4.5763893,1.9790823,122000
-0.66570985,-0.5066077,1.3961412,3.8103387,1.4503237,109000
11.762788,-1.366624,0.2907078,4.1741138,7.0578966,158000
12.022075,-1.454089,-0.0073630004,3.929953,7.1120243,160000
1.9949698,2.1685648,1.0267706,3.111962,7.6798277,450000
11.421901,-1.7302978,0.5785819,4.672575,7.176552,80000
-0.2260567,2.0036838,0.24874564,3.0506344,7.314092,285000
-1.6721069,-1.4725178,-0.91060567,2.2245932,9.770497,78500
-0.9955046,-1.2270306,-1.497008,3.917275,10.698072,141000
0.6926423,-0.13716382,1.6091548,4.45503,2.0265193,130000
11.26849,1.621844,1.4680562,2.6511438,4.8642073,31800
0.31200436,2.1541471,0.10222082,3.0857146,6.9377847,235000
12.462129,-0.61488914,0.38649234,2.9749405,6.885727,179000
-1.3466178,-3.0433726,0.7300316,3.2535083,1.164068,40250
-0.8502522,0.7072102,-1.0958718,5.946652,9.709872,149999
-0.7199884,0.6613172,-2.1456826,5.9245534,10.501581,105000
1.1256287,2.9475663,0.50374806,3.0606215,7.331773,149999
-1.7385994,-1.74657,-2.274213,2.7846105,11.880627,105000
-1.161663,-1.611497,-1.7521657,3.339832,11.296059,95000
-0.036801495,0.74789387,-1.8328103,6.040401,10.958585,144000
-1.2526667,-1.3363631,-0.54597086,3.2694814,10.625183,115000
-1.4443569,-1.2096986,-2.187195,3.467808,11.408425,123000
11.173522,0.5176955,0.2855113,5.0943894,7.845963,165000
-1.8677146,-1.8740816,-2.418725,2.6171782,12.074315,84000
-1.4417052,-1.1338296,-1.043586,3.4864092,10.975778,145000
-1.4532291,-1.2037085,-2.1798525,3.471545,11.41631,114000
-2.5172257,-1.8927734,-1.3038117,3.5342577,9.956853,125000
-1.2306517,-1.6208197,-1.8378178,3.2822204,11.386195,110000
0.04216499,0.5373037,-2.2176013,6.031306,10.532776,90800
10.659839,1.5592846,-0.2583688,3.7352176,6.4805813,160000
1.5377287,1.4303002,-1.7496611,2.8082583,5.8029866,185000
11.617505,0.22203043,0.29173636,5.2737055,8.366745,117000
-1.892617,-1.901938,-2.4455955,2.5926042,12.099158,105000
1.5599416,1.2429029,-1.5277269,2.6162477,5.8076415,122000
0.17843096,1.8027571,-0.1922965,2.9063196,7.0514083,205000
-0.6331181,1.0423869,-0.8400945,5.8311014,9.769064,132000
-0.094927676,0.7477228,-1.8876137,6.0324616,10.886235,125000
1.494483,1.4094912,-2.1140804,2.8242173,5.737088,135000
0.066211194,1.6156546,0.5656994,2.757375,7.214054,155000
0.03764703,0.73174775,-1.434542,5.7567425,10.609201,134000
-0.26885742,0.8876472,-1.7526863,5.850766,11.181801,149000
0.7424263,1.8657798,-1.1862059,2.5722108,6.335267,176000
0.07008128,1.6200025,0.79633653,2.927353,7.419431,105000
11.706482,-1.1028022,-0.5917064,4.1806707,6.7931476,138000
11.365838,0.3813926,0.20103562,5.012366,7.775709,149000
1.5153095,1.3540033,-1.9579954,2.7585666,5.7215066,139000
-1.7515922,-1.7620379,-2.2924674,2.7655675,11.903784,125000
1.2280676,1.5124226,-1.1710678,2.1651397,5.868567,250000
-0.08388993,1.0557172,-0.36282218,5.713264,10.24824,121000
11.614761,0.191395,0.29461727,5.31291,8.403849,124900
-1.4270523,-1.1511184,-1.0403258,3.4770417,10.984868,120000
0.9770881,1.7131307,-1.2683078,2.9415944,6.3016815,304000
0.14566147,1.8369952,-0.22949576,2.753567,6.680087,250000
10.932032,1.6075644,-0.49461997,3.225935,6.448047,137000
2.287394,2.1201894,2.2092478,4.049666,8.054103,164950
10.972159,-1.6107001,0.8010661,5.6082206,8.705668,200000
11.720737,0.8630771,1.4876378,4.063751,7.2827573,263000
12.00602,-0.6846094,1.6393427,3.6388958,4.63429,57000
1.0494086,1.6976255,1.6497374,2.9554799,7.3448415,169400
12.847876,0.6317828,2.4611237,4.63141,5.5610595,117000
0.046889722,2.041041,0.04632056,2.732774,6.888293,229000
0.032713022,0.7475321,-1.3843212,5.750601,10.623268,203500
1.1146057,1.6335516,1.5105933,4.080509,1.1987728,125900
10.766805,2.0431356,2.276342,2.3316963,5.962509,76859
1.0479206,1.6976917,1.6529715,2.9639614,7.3256702,163350
1.315975,2.785314,0.20368882,4.179337,8.062776,300000
0.09925034,2.1361299,0.082893915,2.6615577,6.9644904,199000
-0.38210288,0.9105351,-1.7038773,5.756819,11.263903,137000
1.28812,2.827851,0.17367606,4.2189903,8.082381,290000
-1.0425149,-1.5878005,-0.3949097,3.0719626,10.232636,107000
11.231533,1.757793,1.5356531,3.8912168,6.404408,150000
1.0164475,-0.26508027,1.5332142,4.635012,1.9833033,134000
-0.581941,0.20342441,1.1137847,3.3965726,-0.26305598,155000
-1.0313922,-0.8404853,1.1343845,3.6469464,1.4400297,100500
10.766172,2.0531394,2.311509,2.3313053,5.9767003,72632
11.72497,0.9595154,1.4122277,3.9559455,7.488832,86500
0.35292998,0.2160328,2.0063274,2.8308275,6.989131,127500
0.027575674,0.53161705,-2.2243047,6.0144835,10.544178,119500
11.121282,1.4277579,1.9079294,3.3231986,4.9064198,141000
1.3153683,1.8526456,1.3467871,4.2029657,0.77862954,100500
0.0058776257,0.9846064,0.22253627,3.4298496,-1.348387,83000
0.5594973,0.48716855,0.93234354,2.8456943,6.01414,75000
0.4950927,0.3485954,1.4316635,2.7997806,6.5231276,61700
0.05933692,2.0296834,0.015155986,2.7419734,6.857566,329000
1.7052561,3.0094135,0.81684995,4.4728556,8.246805,545000
1.7617685,1.5016865,-2.3969939,2.807584,5.2598467,115500
11.04787,-1.448289,0.7832312,5.5337605,8.719051,240000
1.2127484,-1.4155738,1.1002074,4.6860976,2.2142425,88500
1.1498741,1.7205118,1.6922282,3.0711865,7.342479,308550
0.55561036,1.9237663,0.6250385,2.528687,7.2343245,179900
0.7952997,2.6986077,0.54687166,4.09722,7.853781,375200
0.425686,2.9591107,-0.02041687,2.7275121,6.8555007,117153
0.42397952,2.95401,-0.027224904,2.7145061,6.85255,137406
0.42870244,2.9493096,-0.027598022,2.720733,6.8560166,146308
-1.1324282,-2.981012,0.89340115,3.432215,1.2943032,68500
-0.91879326,-0.6588499,1.2581645,3.6923447,1.4893097,94999
1.0491904,1.6935734,1.6604561,2.9659472,7.3339534,157300
1.9505887,3.0312345,1.1380627,4.2992845,8.2039175,1150000
0.23009914,1.160306,-0.26364538,5.06741,10.048853,189000
-1.4142009,-1.154401,-1.0235802,3.4661062,10.969707,199000
2.2004445,3.0572276,1.4932632,4.486006,8.144712,1090000
10.150057,2.2371454,1.0254511,4.2048526,7.24928,800000
1.1677023,1.762396,1.68693,3.1106927,7.401659,338800
0.8429466,2.7563117,-0.15091492,2.9669225,7.0828733,186092
1.1235074,2.8085852,-0.020331107,3.450177,7.38432,258869
0.23086417,1.0773537,1.0319338,2.7764008,7.548619,209000
1.6918001,2.1920843,0.8752764,3.0109265,7.650739,550000
12.0036955,-0.64624065,1.6463946,3.596776,4.6094756,86000
11.186829,-1.7092626,0.62827665,5.429135,8.046615,160000
1.5346199,2.8044827,0.51471615,3.8496125,7.813595,1100000
-0.18944506,-0.3903828,-1.0372002,4.8845105,9.438644,169990
9.814902,2.3103316,1.1934993,4.2883267,7.6326632,785000
0.042581797,-1.6899499,1.7448874,4.514632,2.3562167,89900
0.23860739,0.77498823,-0.13084453,5.1962466,10.209739,270000
11.736223,0.7151086,1.4594512,4.237711,7.376139,179000
11.131881,-1.3613595,0.7136393,5.5697217,8.726351,310000
0.45568657,2.9588678,-0.0063381637,2.7502847,6.8775797,235000
11.221906,-1.6460843,0.6271715,5.3037844,7.953108,250000
11.440143,-1.7496096,0.6024925,4.685923,7.198818,80000
-0.01934504,0.27481508,-1.379362,5.384547,10.131792,229900
0.10107028,-1.4796622,1.585838,4.2484155,2.3463225,119000
-0.12971056,0.52234584,-0.8589712,5.0995936,10.548374,184000
11.608235,0.23734713,0.30144775,5.33702,8.429027,169900
-0.23734945,0.77999336,-0.4437656,5.2488275,10.431696,129999
1.1480418,1.7126741,1.7017682,3.0651345,7.351537,294000
11.93996,0.49611393,1.4127852,3.7332466,7.591294,142000
11.884717,0.6174221,1.4610099,3.551461,7.6468697,139000
0.56175107,-0.8206497,1.6719911,4.5146055,2.3019373,119000
11.337198,-1.3306849,0.5943191,5.4536433,8.342187,460000
1.0507243,-1.5476979,1.184463,4.658816,2.2008147,98700
1.7401992,3.047215,0.9770392,4.4645934,8.252413,471000
11.451592,-0.5771246,1.7668443,4.335417,5.419735,52980
0.1326218,-1.4490991,1.6333647,4.252829,2.3611112,103000
9.653249,4.036689,0.8516132,4.0249953,6.5980473,195000
11.358402,-1.1233506,0.57458025,5.4372187,8.498467,220000
-0.28389382,0.79924035,-1.3510975,5.591735,10.93007,130000
-0.29398498,1.1128999,-0.97128624,5.2669077,9.844168,249000
1.1079235,1.7235957,1.669085,3.030083,7.312781,171820
0.31336683,-1.8057286,2.114961,4.8548017,2.3948247,106000
1.2466112,1.8300457,1.5340809,4.4560876,1.5539188,204300
0.32082,-1.7889845,2.0704455,4.8344173,2.4097958,91000
-0.8978746,-1.7420925,-3.0780776,3.2124667,11.102703,87999
-1.216965,0.48846713,-1.4694368,5.9648633,9.738256,115990
0.30493468,0.5541789,0.8539484,3.1489475,8.716063,194900
-2.3208747,-1.6216977,-1.3349913,2.983525,9.75659,61500
0.8799103,1.9040276,1.594511,4.5878677,0.9534118,173200
-1.2329158,-1.2314408,-1.8860296,3.6546154,11.233721,105000
1.6308306,3.1972053,0.37982443,4.137912,7.9538865,680000
-1.059815,-1.1889622,-0.3659922,3.7663956,10.0738,122000
10.384293,2.353954,0.84678274,2.2720568,7.653744,369050
10.4769125,1.8037674,1.178981,3.9979224,7.311424,480000
2.3027446,3.1452017,1.318074,4.5274615,8.251899,600000
1.100037,1.706741,1.6884718,3.0278103,7.3257346,199650
0.083184816,1.5464423,0.7027404,2.740135,7.1628604,152000
1.1388575,1.9302754,0.6145188,2.1396382,7.0522203,248050
10.756727,1.3196663,-0.4649006,3.6197934,6.3399267,71000
9.584006,4.0289326,0.8531495,4.006457,6.665804,215000
1.0964645,1.7167143,1.6905862,3.0349002,7.320981,171820
1.2094378,1.5968791,-1.115579,2.1424768,5.9542675,172000
-0.43762362,0.63510936,-2.0317338,5.5728617,10.663407,137999
11.946584,0.6595962,1.4580635,3.7289414,7.6316223,123000
1.79504,1.3583115,-2.306177,2.839451,5.5262675,205000
1.161624,1.7172023,1.6886613,3.0732865,7.332898,264990
11.7536335,-1.9149778,0.32701492,4.0423107,7.0926733,69999
0.6851787,1.1751353,1.669347,4.333592,1.2452006,155000
0.76295173,2.2259605,1.6157254,4.8586273,1.233538,170400
1.6246771,1.122073,0.44102877,3.1906192,6.237369,231400
-1.349994,-1.1938144,-1.0406619,3.3974931,11.044801,139001
0.91017646,1.8977757,1.5778358,4.555606,0.9207794,143900
0.7515317,2.233672,1.6177574,4.866597,1.2444184,162800
11.102234,0.3651526,0.28369153,4.894861,7.491799,179900
0.87974787,1.8863323,1.5930533,4.5747004,0.96630454,162300
-1.5511451,-2.5106442,0.18390732,3.227355,1.4038332,70100
0.33845147,1.3365006,-0.7277216,5.2320805,10.207132,350000
1.2433621,1.8214186,1.5319599,4.456485,1.5576233,175000
0.90613544,1.8930718,1.5819145,4.5550847,0.9337849,155700
0.7636529,2.229385,1.6163845,4.861436,1.2345407,195500
-0.46976677,0.322237,0.7743941,3.2059593,-0.29905793,119000
11.456652,0.16266038,-0.9124201,3.332921,6.4277983,72000
1.1488949,1.7298964,1.4488654,4.2246156,0.88031024,125500
-0.04436787,0.74512994,-1.8719287,6.0333257,10.896262,119500
-1.3645756,-3.0497437,0.71973205,3.3502653,1.087345,68000
0.8973378,1.8868722,1.585124,4.559143,0.94452244,162800
1.2667508,1.8291192,1.5058305,4.416424,1.5082871,153440
12.042981,0.8119382,1.0075619,4.1809864,7.9138217,139000
-1.8814812,-1.2628591,-1.0271093,2.0454981,9.757527,98000
0.74493265,2.2434447,1.6217365,4.8762975,1.2474455,165250
12.185893,-0.58969736,-0.2259165,2.766716,6.614912,41900
0.8762673,1.8882459,1.5843033,4.567921,0.96507215,148800
0.74937856,2.2416081,1.6188662,4.875066,1.2463388,142900
1.5644493,1.0983593,0.45441967,3.177085,6.2309246,175300
-0.84237576,-0.44010308,0.7190276,3.375935,-1.043235,145050
2.3928273,1.9445901,2.4904692,3.8914444,8.224425,237000
0.7588519,2.2351198,1.6181192,4.867039,1.2383808,153400
-0.26924816,-0.35151753,1.449573,3.915686,1.7416743,255254
-0.29317757,-0.33253336,1.4583663,3.9072099,1.7346425,170035
-0.28966844,-0.33452222,1.4607853,3.9119005,1.7195594,238855
-0.57649416,-0.3840392,1.4709216,3.8223927,1.3383408,80900
-1.093811,-0.79985416,1.1297764,3.5910547,1.3862654,82500
-0.47403136,0.19368736,0.66728073,3.2021208,-1.0775304,86500
11.3914795,1.3998455,1.8248364,3.4158542,5.1059065,83500
1.5731932,1.1024443,0.446813,3.1791234,6.239959,198400
-2.275276,-1.8528,-1.467728,3.6813161,9.632183,120000
1.2388017,1.7969776,1.384239,4.153832,0.8294678,129000
0.55227655,0.46956334,0.96447915,2.843071,6.0106516,75000
0.8900632,1.3135483,1.5237049,4.28554,1.6567203,113000
10.7011,2.3970687,-0.24111342,3.1508064,6.285606,75000
11.922426,-0.073663004,2.3773494,4.743673,6.6523376,135000
11.389534,0.13142315,-0.1992171,4.2712374,6.526059,155000
0.76595455,2.2281446,1.6155812,4.8606195,1.241832,155000
-0.84566146,-0.42695272,0.7763543,3.4036565,-0.95054466,127300
-0.6847101,0.5571515,-2.2118852,6.0290575,10.296361,144000
0.4668838,2.9953036,0.015622473,2.7799113,6.8821406,93000
-0.69476914,-0.6001458,1.298899,3.773708,1.4708232,139999
-1.6083524,-1.4702207,-0.8257338,2.1281137,9.736885,60000
0.8552258,-0.16626522,1.62842,4.5728197,1.9793794,121999
-0.6788569,-0.5173562,1.3903176,3.8062136,1.4425045,111899
-0.6740901,-0.5156608,1.3904822,3.807436,1.4496186,108999
-0.67094326,-0.52351946,1.3808393,3.8043015,1.4433242,105999
-1.0428932,-2.4998422,0.6889101,3.3921137,1.4546244,66999
-1.0462886,-2.5122006,0.7086509,3.3951626,1.4346206,64999
-1.0136603,-2.4948606,0.73212117,3.4166777,1.4499762,60999
1.5935746,1.4620818,-2.46366,2.783424,5.4320283,90000
10.989614,-1.6068481,0.66019905,5.2192774,7.5209875,157000
11.779999,-1.4009652,0.40556508,4.2237244,6.900174,110000
1.3052604,3.2563002,0.4989501,3.5780363,7.7023764,259000
0.988829,1.0369555,-1.6860772,2.6557736,2.166568,84900
0.25736174,-1.1666118,1.5151167,4.197429,2.278343,85900
0.7763595,1.4608972,-0.529039,3.6525035,7.058073,284950
1.3481989,1.9894348,-1.8678502,2.5907123,5.632154,111000
0.3439663,-1.095337,1.4676945,4.2151103,2.2745621,118800
-2.6737256,-1.3121461,-0.87685525,2.692987,9.698971,54500
11.375066,1.2358922,1.6438763,2.7675564,4.301592,56900
-0.026276123,0.7382281,-0.19310361,2.9934402,-1.1615878,98000
-0.31622824,0.44912887,0.4564703,3.1329668,-0.34735858,95500
1.9103736,1.1853526,5.999753,4.4437776,5.338521,215000
-0.2838956,0.9603239,-1.1878684,5.289381,10.140576,375000
-0.24547204,-0.6460041,-1.033358,4.669267,9.470127,104999
3.3376234,0.66067517,0.5708411,4.629822,6.4886713,219000
-0.8030042,-0.5857244,1.3517172,3.7896779,1.5224872,114900
-0.45511043,-0.7940178,-1.1157266,4.4810314,9.698628,81000
3.337799,0.6599764,0.5662698,4.631197,6.4879956,249000
12.16157,0.370993,2.4119587,4.46864,4.8418307,120000
-0.31049883,-0.63551545,-0.76791793,4.4781137,9.575096,93000
3.3384416,0.67356366,0.5822295,4.6333055,6.4899635,239900
-0.24804394,-0.31384432,-0.8790198,4.7907715,9.461478,297900
-0.10167854,0.78524786,-1.8396382,6.021409,10.937872,119000
11.181345,-1.7219703,0.6195657,5.4657617,8.056597,279999
-0.9274037,-1.4728796,-0.3825796,3.2244976,10.165046,144000
0.45438334,0.3291623,1.4988776,2.8005855,6.5598135,75000
0.18225828,0.13103683,3.8929207,3.1320496,6.5603404,140000
-0.87242544,0.68972933,-1.2229257,6.0097857,9.765293,179000
-0.9211253,-1.5872446,-1.0148623,3.3869982,10.399745,75000
12.149777,0.8897188,0.75391334,4.352768,8.186561,143000
11.9148655,-1.4889305,1.0224327,2.9673686,6.308918,100000
1.212312,1.7179337,-1.3074462,2.2204928,5.849637,127000
0.41326404,2.6864045,-0.050332952,2.6759763,6.888294,210000
12.03982,-0.8152019,0.8843574,2.6762786,6.481014,69000
11.057971,-1.6769657,0.5936703,5.294799,7.5241094,233000
0.64204973,0.50864434,0.9654386,2.8717732,6.114611,169900
0.3584769,0.08626256,2.28909,2.8556986,6.989387,157000
11.438153,-0.7321737,1.2388798,4.2296767,6.249988,91000
0.054929253,2.1034002,0.0026264598,2.8154957,6.8734484,329000
1.8377106,3.0875523,0.9508144,4.5103416,8.268137,545000
0.98896444,1.0339651,-1.6766248,2.6716466,2.15325,74900
-2.480924,-1.296467,-0.8988027,2.719678,9.652759,88500
9.986322,2.24307,0.99127656,4.341096,7.34539,369000
10.963404,1.73318,-0.0830692,2.714876,7.513023,119500
12.2837925,-0.75755316,0.48608902,3.379233,6.8248463,119000
12.095063,-0.83831173,0.9082686,3.419925,6.7631903,115000
11.904174,-1.6697558,1.0239002,2.9821875,6.244238,33500
-0.9068691,-1.7792854,-3.0850844,3.1810887,11.09847,95000
11.742018,-0.320021,2.2000194,4.7302904,6.570796,134900
-0.2425333,-0.2758063,6.981528,3.262438,6.640935,86899
-1.2285683,-1.14009,-0.306838,3.7809546,10.090523,94000
-2.123428,-1.5157868,-1.6391058,3.5361397,9.840623,95000
1.0612072,-1.5354254,1.1826941,4.660464,2.2015502,98700
1.1573532,2.4278975,0.13481279,3.7526307,7.717146,340000
-0.40888494,0.9128528,-1.7128391,5.759118,11.264846,132500
11.4978285,1.3709052,1.7600981,3.3605194,5.2224417,95000
12.43565,-0.57195294,-0.5731742,2.7506585,6.730609,105000
11.244977,-0.49792558,1.5506835,4.0497737,6.4377832,105500
1.2007904,1.8091538,-2.796876,2.4658556,4.97945,80000
-1.0595078,-1.5002662,-1.771085,3.5498946,11.315663,89900
1.2140806,-1.4201866,1.0948366,4.684075,2.2120342,88500
11.198815,-0.4730667,0.37377962,4.786105,7.3734307,139000
-2.1043277,-1.095264,-0.6842109,2.5330403,9.725439,110000
1.3274025,1.815763,1.3381528,4.136398,0.8292714,134000
2.6805263,2.2532926,2.4559102,4.028133,8.2286005,343640
2.6843657,2.242391,2.4794986,4.027586,8.236938,332750
2.6882377,2.2582207,2.4683297,4.0381656,8.235812,332750
2.5667212,1.9509608,2.5324664,3.831022,8.297767,235950
-0.18961759,0.66390634,0.25611407,3.0565064,-0.74767995,111000
-2.0441587,-1.0642034,-0.6726048,2.475268,9.719719,125000
0.08816398,-1.4813626,1.5583354,4.2346954,2.324194,68500
10.60437,2.4696152,0.16920032,3.3477273,6.1152854,135000
3.4456418,0.5997974,0.5737501,4.6659093,6.475983,79990
1.5529137,1.3912972,-2.1141613,2.8235037,5.6938415,114900
11.514614,1.1615406,1.7145194,2.9734674,4.444871,115000
-0.98165685,-1.0830511,-1.2609237,3.9244342,10.667758,74900
-1.1190604,0.5874016,-2.076145,5.829517,10.314523,103990
1.3261808,1.9796076,-1.8794967,2.5734982,5.6293254,118500
0.98368895,-0.26251426,1.540806,4.6185937,2.0024204,125900
-1.3559936,-1.2687128,-0.43626988,2.9938498,10.17555,82000
-1.4813418,-1.3221961,-0.55697644,3.9465609,10.170416,97800
-1.8506899,-1.8578748,-2.4001667,2.6373036,12.049469,98500
12.922425,0.70217437,2.4907641,4.6309924,5.3838077,107000
2.2086794,2.1063032,1.3218023,2.36058,7.637486,345000
0.11048065,0.49997512,-0.12821282,2.9131212,-0.9150926,79000
0.6075133,1.4082882,0.700201,2.4024265,6.9207153,159000
-0.5761468,0.8157848,-1.9078928,5.4554043,10.752832,169999
0.09624299,0.5962058,-2.090367,6.0184617,10.531236,160000
2.6740668,2.2141602,2.4805517,4.004269,8.237506,332750
2.554032,1.8619803,2.6032388,3.7962563,8.340403,235950
-0.8636597,0.88119143,-1.0377156,5.8491797,9.652094,200000
11.444906,0.26882905,-0.8203156,3.2190385,6.516634,89000
-0.26254693,0.8775586,-1.7236284,5.8365283,11.161759,134000
0.4105409,2.7584155,-0.036579926,2.6799145,6.8832555,179000
0.1349339,0.88666713,0.074160956,3.1927419,-0.86600643,76700
0.33535823,0.32526153,1.631183,2.6994011,6.8949723,73000
0.5218262,1.0756215,1.7499305,4.1972923,1.1015551,136791
-1.8719573,-1.8809413,-2.4245522,2.6137235,12.07805,105000
11.452546,0.21175466,-0.842952,3.281042,6.481299,72000
2.7029705,2.7457824,2.0655956,4.355633,8.19022,1175000
1.4002943,1.8514911,1.2666521,4.215751,0.69389224,136640
1.3439817,1.9900029,-1.8692025,2.573276,5.633605,100000
0.31431788,0.28238636,1.9003489,2.7639902,6.898128,72900
1.2609106,1.832715,1.3725116,4.2605515,0.7843933,141000
-1.9126492,-1.9213064,-2.4662528,2.5724087,12.118867,105000
1.2116238,1.7267585,1.4209834,4.032973,1.1076975,155000
0.7364707,1.477596,1.7534444,2.892067,7.5519295,127050
12.196004,-0.9634848,0.8048163,2.696879,6.345999,80000
-0.21403657,0.646178,-1.5290575,5.4158916,10.582683,130000
0.30697525,1.3311102,-0.72696894,5.221412,10.210824,252000
-0.524304,0.05988042,6.969361,3.193342,6.759213,129000
0.3530615,0.21037574,2.0266323,2.8296187,6.9814873,127500
0.83117706,1.5958614,1.6947486,2.9234102,7.645704,176660
0.9135076,1.7766932,-2.0387967,2.678527,5.621399,65000
10.64317,2.351216,0.90999585,3.7384963,6.9899707,410000
1.9262491,1.5189154,6.25265,4.496479,4.824274,123250
12.93623,0.7127123,2.5016701,4.6372867,5.354811,115000
0.047660198,0.5329875,-1.5195305,5.678042,10.428626,189999
0.10184732,0.5068515,-0.109483555,2.920897,-0.8880093,94000
11.614305,-0.0442853,-0.66311735,3.2097383,6.538174,73000
12.291908,0.63860285,1.6683022,3.8028142,6.0968738,160000
-0.9144375,-1.6250421,-2.9598866,3.2977972,11.071203,105000
-0.61636156,0.826516,-1.92844,5.450032,10.764777,157500
0.20246536,3.570933,1.1913524,3.5818021,7.199655,90909
10.83052,2.0747318,2.2004871,2.7191236,6.333808,148700
11.764605,-0.31108448,2.240926,4.811587,6.6119823,170000
0.3364834,0.27589035,1.7371137,2.739037,6.8439956,73000
-0.047260955,-2.3454087,1.3604246,4.262619,2.064143,75500
10.94943,-1.7279854,0.8445438,5.4776273,8.506104,270000
1.082247,1.9515123,0.5803371,2.116191,7.027426,193000
1.9582565,2.2034633,0.9770372,3.1542337,7.6870346,380000
0.7548469,2.2307532,1.6156414,4.8645554,1.2467667,154910
1.27015,1.1990385,-0.11295354,3.104881,6.1376886,93000
10.969114,1.5265819,-0.61018854,2.5965807,7.1397257,245000
1.3039094,-0.20868927,1.4914747,4.7753997,1.7976491,122500
10.484407,2.0594997,1.3296459,3.8963323,7.234606,470000
10.773737,2.326347,0.5914691,2.3971956,6.890701,100000
-0.42404726,-0.35191858,-0.93844897,4.947216,9.442972,123000
1.6411515,2.4799187,0.65223366,3.864503,7.8972487,484500
0.15784766,3.6271658,1.2403497,3.6276176,7.156384,115000
0.10040625,1.8074814,-0.07899342,2.7381413,6.728108,331075
10.687911,1.5138451,-0.4091644,3.6442285,6.338871,137000
-1.827242,-1.6443194,-1.5917435,2.4058883,10.0111,70000
11.677847,-0.70146954,1.7154431,4.1210446,5.1099334,57000
-0.067868054,-2.1415892,1.4171189,4.212396,2.136383,61200
10.826028,2.1068947,0.987554,2.3134456,6.961001,115000
0.80141383,1.5690998,1.6879749,2.916281,7.6368465,164560
0.9174753,1.5012587,-2.4717433,2.5007586,5.8794093,49990
-0.86021525,0.6182797,-2.1849473,5.9390316,10.400114,138000
10.629434,1.6676373,2.1567428,3.1132917,5.4688497,61776
11.428186,-1.0057282,0.54575324,5.3799944,8.464347,225000
-0.7130682,0.85158366,-1.974219,5.575275,10.775443,170000
-0.8981895,0.8959823,-2.156422,5.529934,10.841141,129900
2.741163,2.6428032,2.1559737,4.2631416,8.178606,1999000
10.426469,2.2636287,0.39819664,4.082585,6.7816296,259000
12.0943365,-1.150854,0.23731436,3.724423,7.026989,135000
10.703287,1.7990915,2.1107564,3.2477238,5.5012317,198750
10.704793,1.9075437,2.010831,2.8381767,5.5429935,115900
-0.3958743,-0.2955857,5.698229,3.1006606,6.524559,87000
10.689551,1.8727446,2.0407395,2.9123068,5.4930887,186250
-0.73576343,-0.27335328,0.9196954,3.456828,-0.6639345,115000
10.71302,1.9003501,2.0072818,2.7878606,5.553674,77000
0.26217908,0.76661134,2.4818223,2.9509752,7.1698604,149600
1.0577635,1.6846765,-1.9952178,2.6682181,5.5986814,58000
11.613378,0.2421829,0.3070858,5.3285475,8.426014,138000
-1.7928998,-1.5754459,-1.4784901,2.3140333,10.045682,98000
1.0647355,1.6861767,-2.008444,2.676524,5.604293,82480
0.59575087,-0.8414954,1.7300247,4.567921,2.3777695,118700
-0.022969674,-2.372261,1.3458956,4.2771177,2.0518303,69500
0.9643568,1.384907,-2.710639,2.1960595,5.672897,48999
10.930537,0.2644528,0.009349968,4.2597966,6.562364,89000
11.056664,1.5226208,1.70843,3.0158405,4.630447,89900
10.816067,2.0728004,2.211559,2.7319071,6.318287,154000
10.986632,1.3451222,1.853979,3.2086167,4.5512667,82500
0.17435887,3.5878859,1.1985973,3.5571883,7.1736016,52892
2.7109582,2.6630514,2.1356368,4.2647433,8.181425,1999000
11.734656,-1.5236937,0.29322872,4.309624,6.99447,87900
11.460006,0.15951584,-0.9210179,3.3319285,6.426956,72000
0.9714675,1.6769332,1.5503341,4.381945,0.9550152,154052
11.642962,0.6932034,0.9644535,4.4718113,7.5451617,149900
0.09553026,-1.4467579,1.5644552,4.266789,2.3528914,82800
-1.2316858,-1.2521076,-0.6384035,3.2489443,10.773925,80000
10.956774,1.5994829,1.7284229,3.226544,4.7563777,99000
-0.52786523,0.295253,1.3422058,3.3828266,-0.60154545,66115
-1.3491161,0.68499684,5.9002113,2.9385393,7.0136266,91626
0.7416319,2.3395336,0.5970149,2.4575415,7.174745,169000
11.116538,1.333779,1.8367357,3.14563,4.5490346,119000
0.72705513,2.2573922,1.6230892,4.89049,1.267057,149572
12.093262,-0.71069276,0.8164292,2.6857772,6.58925,35000
0.76538724,2.2416224,1.6167698,4.8697934,1.2270795,153702
0.12345995,2.1754384,0.07795614,2.6788292,6.9628005,185000
10.766919,2.0516996,2.3074353,2.3393252,5.9965014,76264
10.657384,1.9071808,1.1226418,2.8838217,5.72053,159999
-1.2821691,0.6643243,6.0048194,2.9468086,6.9960012,93438
-0.35447094,0.9058168,-1.6988649,5.7728863,11.244903,125000
-0.8400542,-0.41544768,0.77582777,3.4055448,-0.9498418,86900
-0.3621242,1.1115818,-0.34394202,5.184344,10.254267,139900
0.74306625,2.2000742,1.6164747,4.8421435,1.2517773,154665
0.7239621,1.9729226,1.5959941,4.6791916,1.3027997,164570
-1.5404929,-1.0734648,-0.45997065,3.113242,10.170993,77999
-0.052908722,-2.358102,1.3555928,4.253212,2.0628297,57438
1.1268153,1.7355367,1.4634181,4.279511,0.8458114,139900
10.932224,-1.5644214,0.8024963,5.64475,8.78454,735000
-1.7503464,-1.7216349,-1.1392057,4.5517297,10.099349,101500
-0.03402736,-2.0172677,1.4937569,4.3070664,2.1940746,74500
0.755565,2.2474675,1.6187605,4.8771873,1.2458658,165532
-0.18193287,-0.10367289,6.828239,3.1288142,6.7970986,114000
12.080659,-0.0965433,2.654907,4.5922675,4.7742596,117500
12.4304695,-0.57371116,-0.57046634,2.7520564,6.727057,64900
11.323989,-1.3533881,0.61764884,5.4315224,8.332826,135000
11.831228,-1.6680448,0.5350466,3.6414309,7.0200505,69000
-2.2326953,-1.851462,-1.4887286,3.8103993,9.59445,83500
-0.23356862,0.9262589,-0.5547543,5.692859,10.103897,134000
-1.89552,-1.242944,-1.0108597,2.042034,9.7606535,73500
-0.49147955,0.35048693,1.1771079,3.302481,-0.79833883,106000
0.31347162,1.071368,0.16647069,4.6369195,9.585316,184000
0.8927096,1.4356571,1.5942008,4.1578794,1.1876013,155000
0.89512265,1.8711483,1.5880933,4.553041,0.94921577,128000
0.30779493,-1.8154478,2.127621,4.862809,2.3970673,106000
1.3115577,-0.21398054,1.496807,4.784286,1.804886,118500
-0.950402,-0.83467066,1.0981535,3.668958,1.4698473,124500
10.615737,1.9175383,1.3846248,3.6991968,6.6595297,283000
1.2663839,1.8349215,1.4996371,4.401384,1.5202842,190000
-1.0591313,-0.81149083,1.1296829,3.6217906,1.4155967,95500
-1.3601767,-2.3375216,0.3357542,3.3364918,1.5223979,58000
-0.19658132,0.77368814,0.25627896,3.108959,-0.8302595,79752
0.3256704,-1.7819766,2.0656483,4.8282437,2.4129322,98000
3.1625834,1.7756926,1.4299798,1.6337605,7.6301336,38000
11.923534,-0.7900972,1.6000252,4.092911,5.236005,73599
0.0021214723,2.0223904,0.0059178458,2.6813483,6.844664,199000
-1.0652527,-2.637033,0.75629365,3.3981318,1.3773639,70000
0.63840014,-0.7303273,1.7121216,4.5520205,2.3586268,127000
0.4396435,2.5999818,0.35949004,2.9687173,7.1956363,354000
11.91361,-1.51667,1.0247172,2.9719048,6.2987795,95000
-1.4577608,-1.4192213,-1.1909262,3.7451537,10.142363,105000
-1.0240577,-1.2754776,-1.8933865,3.7445614,11.011472,109900
-0.5394507,1.2989942,-0.8087476,5.5249066,9.865197,167000
-0.48674184,0.35034844,0.9595606,3.2876844,-0.29015526,157000
-2.2238913,-1.555358,-1.4073893,4.1263113,9.97904,69900
-0.5576759,1.2664341,-0.8216322,5.5588694,9.844651,167000
2.5702107,1.8508704,1.1856797,2.2107546,7.577841,240000
11.79438,-1.6107401,0.5927291,3.658887,7.080448,63000
-1.3472142,-2.460684,0.3593323,3.1714487,1.378586,73000
0.32481402,-1.7777581,2.0566175,4.8218493,2.4132342,92500
1.7138629,2.9457376,1.1250049,4.402154,8.281652,475000
-1.8901923,-1.6651471,-1.3425819,4.4038467,10.06881,84990
0.7288331,1.7127086,-0.47472954,3.4334173,7.021335,250000
-0.26949698,0.8281856,-0.41112706,5.184865,10.421379,144900
-0.8783741,-1.4148886,-0.19233303,3.2773273,10.114508,80000
11.368179,0.37351114,0.20353581,5.0062838,7.772288,104900
0.04086964,0.53206486,-2.2192843,6.0202055,10.541283,96500
-1.1291597,-1.5160407,-0.55479723,3.4191167,10.063722,175999
-1.4070224,-1.2522812,-0.4823072,3.848806,10.190841,99000
-1.4256494,-1.4190024,-1.1855656,3.7394273,10.166689,105000
-1.0343409,-1.5023657,-0.32557732,3.190062,10.1846075,94500
-1.4785912,-1.1689599,-1.0675036,3.5057797,10.975406,120000
0.9335374,1.4038681,1.5160034,4.292683,1.6485822,169999
1.9386044,2.9946058,1.3085862,4.376654,7.9686112,671000
-0.22322215,1.0147599,-0.9422583,5.166327,10.374404,365000
0.7162347,1.968107,1.5995336,4.6827626,1.3041095,144305
10.907453,0.28165317,0.067719944,4.274187,6.5465593,71500
0.09929326,0.72334486,-0.30478474,3.0572128,-0.5662057,83000
-0.6441156,1.0338371,-0.84024996,5.8410916,9.756604,135000
1.4585215,3.370624,0.5493069,3.6167295,7.801433,368000
11.145519,1.2867299,1.8477665,3.151024,4.47234,99000
11.458444,-0.9244811,0.5434285,5.352579,8.446141,215000
12.997609,0.7979017,2.427844,4.5464664,5.3087087,117500
0.9049758,3.2035925,0.30597758,2.9966261,7.1138015,220000
12.15268,-0.69595915,0.94828147,3.316835,6.8161736,108000
12.126648,-0.7309653,0.9314029,3.3363686,6.8143764,108000
0.99620074,1.0411052,-1.7034278,2.64423,2.1598194,84900
1.3287846,1.9333968,-1.7872018,2.6845322,5.6938415,139000
0.77213526,1.4566504,-0.527355,3.6594193,7.059312,230860
0.60444176,-0.8474876,1.7225728,4.570713,2.376782,150000
0.3555565,-1.0845292,1.4709105,4.1573873,2.3069863,88000
-0.46799707,-0.2715726,5.642969,3.148669,6.4372206,78000
-0.37624392,-0.33648753,5.9244547,3.2422478,6.337867,119999
-0.74202,-0.9948967,-1.1283195,4.111068,10.201068,155000
11.683335,1.2827637,1.370571,2.658594,5.3551345,85000
0.18686888,3.5974965,1.2092122,3.5919306,7.186879,105000
-0.006012014,0.70591265,-0.22022471,2.9738264,-1.2152938,104500
10.105467,3.6008995,1.1745638,4.018608,6.4969587,75000
1.2673283,2.8896747,0.12504363,4.231109,8.024737,375000
0.16869563,1.841006,0.6628826,3.018856,7.4303374,115900
1.2572752,1.7757524,1.4392596,4.0871,0.9980894,129000
0.39750212,2.4984553,0.08973128,2.6072202,6.9382067,156000
-0.14517595,0.68663025,-0.288284,5.224531,9.926889,165000
1.519125,1.3790486,-2.0180173,2.7744799,5.7087297,139999
1.3163099,-0.21119829,1.4716111,4.7663903,1.7914692,134000
11.509507,-0.80853814,0.49613455,5.317197,8.428798,233000
1.1546804,1.1454316,-1.6977123,2.2093754,6.023068,139200
11.989924,-0.69109684,1.6453893,3.6579726,4.6426134,80000
13.037884,-0.9339623,0.8417095,3.4162927,5.764982,81900
1.5837656,1.1698774,-1.2300235,2.5315573,5.859143,249999
11.630163,0.23200025,0.28715006,5.33158,8.42982,118000
11.710918,-0.8431236,1.0174385,4.0464334,6.3381,99000
0.33159816,1.1495495,-0.26768807,5.3455772,10.598347,175000
2.016927,1.4169439,6.2462797,4.539605,4.8456726,105840
-0.48238328,-0.20403114,5.5215063,3.0628889,6.53686,58000
-0.5365475,0.10773989,7.014049,3.1888938,6.7880754,104900
1.256476,1.8367234,1.3899658,4.266477,0.7989712,144000
11.929991,-1.493037,0.10382194,4.0351324,7.1672864,132000
10.979664,-1.6373805,0.78845304,5.548877,8.575693,195000
-1.8757603,-1.2529924,-1.0128825,2.038126,9.760175,80000
-0.39857087,0.26013672,-1.0157828,4.9073772,10.911641,132000
0.21430124,0.113363124,4.0148582,3.1361032,6.537079,62500
0.96556675,2.5160606,0.7703143,4.029984,7.87754,257500
0.18226062,0.10744855,3.95364,3.118144,6.5497537,78000
0.061050557,0.6684422,-0.28190202,3.0735805,-0.51884997,83000
-1.2744893,-2.3693612,0.4239771,3.2911065,1.4491537,83500
-1.110475,-0.7743018,1.1044053,3.5741549,1.3683548,89000
0.9974471,-0.2427626,1.5458561,4.626846,1.9855195,127500
1.2945404,-0.20051442,1.4893777,4.7669344,1.7934867,105000
10.76869,1.9961976,1.9409477,2.3590093,6.0840683,90000
-1.8575422,-1.2879354,-0.9615252,2.0717616,9.768749,79980
12.277618,0.14230932,1.3531172,3.289603,5.8864083,100000
1.2587923,1.4948671,-1.1418673,2.2038584,5.86663,250000
1.2983315,2.9114563,0.13136384,4.1686325,8.020738,249000
11.328096,-1.4216491,0.6191329,5.345445,8.227291,170000
-1.1981963,-1.6241317,-1.8038572,3.3005807,11.328931,96000
3.0263577,1.7257174,1.2607135,1.888198,7.588279,346000
-1.8831187,-1.2664939,-0.99421656,2.060211,9.759203,79999
-0.18850541,-0.3985697,-0.70691556,4.67392,9.521668,169000
12.028433,0.40883282,1.5062696,3.3710256,5.417751,139000
0.21462865,0.059616216,4.1941576,3.1924024,6.4686894,92000
1.8965873,1.1515118,5.974857,4.4314156,5.3772597,140000
0.47653794,0.28720945,2.394036,2.9600947,7.263051,168190
10.570374,2.4572504,-0.15754043,3.1919754,6.137036,36000
-1.2771858,-1.2088978,-1.9348718,3.6256843,11.241232,110000
-1.2906991,-1.1626925,-0.25314245,3.698237,10.160317,122000
1.9022609,1.1974393,5.9917717,4.431515,5.3687706,176182
-1.1283605,0.38157436,-1.4625001,6.064578,9.639251,93000
12.232949,-0.18356632,1.470043,3.2330258,4.9057074,87000
11.207173,0.54584384,0.3277686,5.116585,7.9317913,199900
11.288899,1.5259258,1.4602168,3.8135695,6.812338,292000
1.9059342,1.5196986,6.020145,4.4983115,4.875109,144628
-0.30066392,0.46185076,0.43986678,3.1353977,-0.36784318,95000
1.8774291,1.1272435,5.939782,4.4175625,5.385601,190986
-1.0807111,-1.540533,-1.7622889,3.4921334,11.329916,119900
11.694425,-0.82126087,1.0367337,4.0687723,6.3127503,99000
-1.833423,-1.1783767,-0.6564444,2.3980312,9.785843,85000
11.614403,-0.025824679,-0.45119715,3.2615497,6.431017,72000
-0.9490086,-1.3974075,-1.1833906,3.6896713,10.45205,114000
12.176665,-0.73769367,0.57865256,3.3216503,6.9467955,128000
11.429624,0.3164183,0.1846482,4.966102,7.7834764,117999
1.9600433,0.9815218,1.3036116,2.6068099,8.080429,245000
9.588319,2.293947,1.1517259,4.3410077,7.65909,950000
10.811189,2.0306652,2.0467703,2.314407,5.8999333,88900
0.95583147,2.045751,0.55602425,2.1747708,7.010763,149000
-1.1036081,-1.3058445,-0.44900286,2.9453065,10.439457,133000
-0.2608246,1.0842649,-0.7426922,5.695783,10.074066,350000
-0.5458217,0.4564058,1.5569187,3.5330377,-0.2351222,82999
1.4026957,3.0862403,0.47088292,3.1695123,7.8323727,185000
1.8947483,1.1580316,5.9670334,4.4366574,5.370157,110000
2.0503442,1.3758283,6.227713,4.594045,4.784613,167706
0.19673629,0.06508605,4.1161747,3.1736207,6.483849,100000
11.517085,-0.9056482,0.33984277,4.4377675,6.609746,85980
11.152084,0.4292507,0.28399688,4.997216,7.692451,135000
0.20739679,0.056947548,4.187643,3.189173,6.4696074,87000
2.568841,1.7543125,2.6928568,3.7555566,8.346301,167000
11.394309,-0.4988945,1.8251069,4.416966,5.5083966,118000
-0.34312865,1.0197465,-0.39765945,5.26475,10.631337,159000
1.6296731,2.966137,1.0189786,4.2206707,7.8332295,330000
-0.32986286,0.5237076,0.5490274,3.1709983,-0.8973653,86500
11.422748,-1.7542918,0.5471463,4.692793,7.1789722,103000
-1.8171829,-1.6671655,-1.7019393,2.3566678,10.137615,68699
0.32604966,0.26727748,1.7868143,2.7443995,6.852364,85900
-0.87882763,-1.1812627,-1.1578853,3.8451374,10.458052,158899
0.76911795,2.216095,1.6120211,4.8519063,1.2371054,135900
10.909099,1.6167568,-0.5036314,3.2255793,6.4378076,137000
1.6530882,1.8582131,5.675838,4.318275,5.5389795,124400
-1.0550357,-1.3192456,-1.8129565,3.7481554,11.195237,116500
0.8027487,1.9240808,0.26236317,3.935482,7.976953,257000
11.275862,-0.44174942,1.5897846,4.217551,6.0392814,263000
11.359671,0.08600502,-0.17253426,4.3217545,6.4728146,189000
11.360093,0.10527477,-0.17742972,4.310826,6.484865,155000
1.6204538,1.1225914,0.44548473,3.198247,6.21108,149900
0.9179643,1.8568772,1.5738055,4.520657,0.91958195,132800
0.93062615,-0.21087843,1.6426748,4.6267653,1.9695067,155000
10.75648,0.24919312,0.6079973,4.2830734,6.23727,104900
0.9985582,1.0455096,-1.6876855,2.6643033,2.2368596,89900
-0.8167,-0.40443978,0.7143978,3.3592029,-1.0476837,149000
10.653312,2.3702524,0.6670222,2.4977162,6.7541876,128490
11.798843,0.4827312,1.4787142,3.071072,4.9096713,18000
10.864767,2.0712948,0.9880075,2.2565963,6.900175,79900
1.3250686,2.7868907,0.6719792,4.0424495,7.9413295,434000
-2.280435,-1.8829511,-1.5101572,3.777889,9.568064,67990
10.874479,2.0578742,1.0003815,2.2422047,6.905002,79900
-0.26599398,0.57897925,-2.1188374,5.649853,10.67323,127000
11.754183,-1.9386476,0.32641783,4.0358815,7.082272,59800
1.570521,1.9863073,5.690412,4.2747693,5.6873794,129000
1.8930845,3.0468488,1.155152,4.395993,8.232695,532960
11.772439,-1.5916612,0.29669434,4.224765,7.340138,230000
10.821693,1.1942248,-0.56224227,3.5956035,6.35424,55000
1.0162939,1.0629798,-1.7368798,2.6235561,2.1575508,79000
0.400595,0.3834449,1.9763637,2.8707626,7.0720944,180000
0.003056328,1.9925538,0.13073741,2.7375522,7.1000633,180000
-0.19913112,0.6236175,-1.5231506,5.4115214,10.559321,116500
-0.74096733,-0.29571286,0.92985094,3.4713318,-0.6509818,95900
0.6825031,1.1713561,1.6557511,4.3519115,1.265065,211000
12.351038,-0.30048102,1.4618173,3.1717992,4.752956,58000
0.011006897,0.664736,-0.20866638,2.9538836,-1.2610173,89000
1.152303,1.1677061,-1.9172292,2.2567854,5.9761086,65900
0.071205705,0.47460964,-2.2496316,5.982666,10.490423,130000
10.971106,1.5460335,-0.5886146,2.5854104,7.1631107,165000
1.4485995,1.4256263,-2.2305758,2.950564,5.832163,72500
-0.1895254,1.2270601,-0.5833353,5.7852955,9.903767,255000
1.1420153,1.1861484,-2.0707364,2.2975106,5.9484463,48900
-0.47192204,0.20519972,0.6715334,3.202796,-1.0724934,91800
11.587586,1.0762134,1.5719984,4.020946,7.129741,230000
-0.2385464,2.0231028,0.23775613,3.0547683,7.280953,189000
0.937944,1.4472073,-2.4375415,2.4554863,5.9449987,49900
-0.81149065,-0.39328665,0.72027016,3.3594074,-1.0388778,159900
3.3306885,0.6628449,0.56803256,4.628395,6.49392,215000
0.93553305,2.2019253,0.7131458,2.2579994,7.1698365,215000
0.7766513,2.1872993,1.6112915,4.82771,1.2040293,199000
10.885349,1.8688068,0.12054041,2.709154,7.607646,125000
-2.75118,-1.8357941,-1.3325608,3.7740152,10.136311,84000
-0.6713447,-0.099864654,1.0946667,3.4555547,-0.59194535,115000
11.994343,-1.481777,0.98500735,2.9516637,6.2406683,73000
-0.45905367,-0.06418381,-1.0284082,4.6106515,10.7546215,169500
0.07861867,0.50867116,-2.2029088,6.026855,10.557886,136900
10.893534,1.7909352,1.679566,2.2147994,6.2383122,67000
0.74298227,2.4052448,0.57955056,2.4488175,7.1066732,259000
10.811121,1.9228522,1.9560769,2.325743,5.9638586,125000
12.1847515,-0.77172554,0.903308,3.447877,6.7571187,105000
1.2803041,1.2424016,-1.2137927,2.1369386,5.6572785,139990
1.856168,1.3737011,-0.06486596,3.0616806,6.3950634,310000
-0.9952636,0.55960244,-2.1896484,6.0286736,10.190052,89900
10.770522,-1.5654585,0.8746275,5.685119,8.927471,199000
11.931345,0.7348772,1.3719399,3.853834,7.6575265,229000
11.970585,-0.62005454,1.306055,3.8807824,6.388762,129897
11.479884,1.1368859,1.6434675,2.8351266,4.401446,57999
0.08941488,2.0531142,0.11559227,2.7373123,6.947073,185000
12.094733,-0.86638385,1.5251893,4.0118556,5.217888,73600
10.651186,2.5480797,0.054050926,3.152783,6.2237363,135000
-0.19616391,-0.28596774,-0.7616265,4.787027,9.557181,229000
10.705696,1.9626139,1.4563532,3.5243006,6.6639423,258611
0.7295295,2.7299004,0.12956642,2.847544,7.1002064,165000
-0.5698311,-0.6092009,1.279179,3.805663,1.5074811,115000
11.552686,1.3507708,1.7220638,3.315378,5.252962,149000
12.4217205,0.68433404,1.9279788,4.128221,5.931821,145000
11.139512,-1.7387705,0.67222565,5.4649944,8.107492,195000
11.254044,1.7554353,1.729643,2.773673,4.938302,117700
11.222575,1.1860315,1.9148446,3.3531494,4.6508675,128000
-1.1033717,0.31021854,-1.4631913,6.099249,9.5950575,93000
11.796184,-0.8913894,0.97956437,4.012194,6.3304467,103000
12.382741,0.27965158,1.4204155,3.3408546,5.9713497,116000
-1.2621462,-2.909746,0.7615203,3.317352,1.1759573,66000
-0.32610896,0.44105756,0.465364,3.1339355,-0.3465376,93500
10.710668,2.6194468,0.1073407,3.3269324,6.143,142000
11.145368,0.95695466,-0.81511635,3.0987716,6.5663843,83000
0.8583908,1.6482744,-1.3801056,2.8111954,6.2265773,235000
-1.6583263,-1.4706967,-0.9750126,2.2735548,9.757796,78000
0.22680192,0.8739477,-0.47228757,5.2296176,9.676202,250000
11.110356,1.5023682,1.3637731,2.1750183,6.6042666,127500
-1.374305,-2.8926077,0.6030929,3.2669241,1.2083509,68500
11.416591,-1.7622318,0.5544104,4.7028093,7.1810136,103700
-0.42426583,0.7503195,-1.8826423,5.425692,10.75545,89000
1.2292352,1.7893802,1.4145991,4.186469,0.8752872,127500
-0.19885898,0.86569464,-0.4081987,5.2906647,10.704051,189000
0.42207095,0.38182107,1.9468867,2.8746288,7.0806293,180000
1.005832,1.053585,-1.7293168,2.619153,2.1808884,77400
0.6577637,3.1018043,0.8783538,3.7892559,7.572791,175000
10.751187,0.2579868,0.62177116,4.282018,6.2358856,160000
-0.25831932,0.5103276,0.34158328,3.095892,-0.29417118,80000
12.417254,-0.561196,0.18684715,2.9583063,6.8437586,195000
1.0096276,1.0586076,-1.732847,2.6202428,2.193249,91400
11.245057,1.4416771,1.6647997,2.93021,4.806617,85900
11.426238,-0.9028738,0.70016664,5.13277,8.295675,128000
11.007483,1.513946,-0.49369293,2.744476,6.9062486,139000
-0.45091033,-0.77232313,-1.0948377,4.5746136,9.572617,95000
11.971439,-0.3142816,2.3854191,4.6780195,5.0538096,127000
-0.74143475,0.52445483,1.6711891,3.5446796,-0.47197965,176000
11.912724,-0.7345741,0.032154232,3.8587992,6.842868,105000
11.808885,-1.4515163,0.3474196,4.082648,7.261063,109800
-0.38118306,1.0794204,-0.35390463,5.2135563,10.302969,99000
0.32985058,2.2681541,-0.0020645629,3.085746,6.864579,160000
0.30731538,-1.8156338,2.1293476,4.8645983,2.3912709,106000
1.2318867,-1.4068617,1.0893012,4.6883683,2.2161028,88500
11.403547,0.24244007,-0.9092811,3.336951,6.4215646,72500
-0.6975255,-0.1991212,0.86673635,3.4094248,-0.62542415,115000
-0.4601569,0.3026585,0.9072461,3.2731006,-0.22069852,85900
0.12006932,0.62939113,-0.3625228,5.604357,10.294428,199000
0.7967022,1.3160475,1.613856,4.27546,1.3800248,322000
-0.6347765,-0.51742774,1.3753784,3.8085787,1.43833,106000
0.85153294,-0.15577234,1.6331797,4.5710983,1.9728416,122000
-0.010820171,0.25002632,-1.4234126,5.4110827,10.155716,139000
1.0712805,1.1268815,-1.7837092,2.6420667,2.2170506,120900
-1.2281402,-1.2513,-0.13535054,3.6620588,10.118925,105000
-1.3036171,-2.990236,0.7362777,3.347944,1.1404058,68000
-1.295784,-2.9794955,0.7363457,3.3316238,1.1481225,67500
-2.1839654,-1.6905957,-1.5300626,3.559495,9.708174,96000
0.6378885,-0.7140638,1.7157146,4.5512342,2.3523695,127000
-1.5091172,-2.4497354,0.17937334,3.209538,1.4523585,44900
-1.5206141,-2.4666173,0.17901398,3.2084455,1.4633641,44900
0.8915199,1.358564,1.5236895,4.2593107,1.6921389,141000
-0.6745306,-0.51515836,1.3897818,3.8068223,1.448356,111900
-0.668848,-0.52146375,1.3841373,3.8047454,1.4445454,106000
-1.0337673,-2.503604,0.7171474,3.3982635,1.4402093,65000
-1.0487875,-2.5255525,0.71341324,3.3946738,1.4288583,61000
-1.0905205,-2.5328183,0.6650502,3.3522186,1.416287,67000
11.968537,-0.47421718,1.6455758,3.4550514,4.6001406,57500
1.324168,3.3426092,0.32268208,3.6930323,7.5520997,197000
-1.6938425,-1.6856328,-1.2014611,4.4030023,10.134403,95000
-0.867618,0.85102075,-2.0778017,5.5595036,10.792284,337000
-1.9755937,-1.7798852,-1.306062,4.3033876,9.944845,89990
12.15312,0.36495632,2.4141042,4.463512,4.833895,119990
-2.1910598,-1.5668797,-1.4037365,4.158828,9.9849,71000
12.010282,-0.6437501,1.6441718,3.5905197,4.6006074,86500
1.1932017,1.6428514,-2.0690112,2.7709768,5.667311,107000
10.830463,2.1279476,0.8790786,2.7576528,5.9021664,132231
12.104938,0.058139477,1.0710008,3.355482,5.5850487,114000
10.227169,2.4338543,0.5256167,3.9618433,6.9462976,375000
-0.9465273,0.83507115,-2.1429563,5.593118,10.77174,170000
10.549575,2.4780726,-0.17898041,3.3272586,6.1181445,119000
10.833359,2.127974,0.883106,2.742575,5.905063,140495
-0.91305155,0.60114694,-2.169817,6.007928,10.232547,170000
12.227893,0.4432466,2.392692,4.441436,4.8781524,160000
12.044954,0.3283407,2.3173163,4.232999,4.8123364,82500
0.2826972,2.0880601,0.39220515,2.7955556,7.242568,195000
1.278245,1.8566396,1.5018401,4.4289064,1.5136029,189000
0.3394373,-1.7109289,1.9127088,4.7301145,2.4222395,98000
10.57295,1.9437069,1.2772535,2.6256523,5.7315817,140495
0.5563865,0.7071863,1.6715354,4.306183,1.3971591,228000
11.815015,-1.1262616,-0.5326183,4.1092587,6.8709846,130000
11.424931,0.3437273,0.14840856,5.0223384,7.8138404,113900
11.666867,-1.0819933,-0.5853152,4.214336,6.767843,110000
-1.5987859,-1.4058663,-0.89992714,4.024418,10.30721,170000
-0.9980508,0.5558191,-2.1961071,6.042602,10.178779,94900
1.3744168,2.5719473,0.7742951,3.3528163,7.8597283,315000
-0.32977545,1.0710683,-1.0552382,5.3312635,9.776398,277000
-2.1668315,-1.5727661,-1.6290982,3.5653808,9.802178,115000
11.162839,0.50506514,0.27449548,5.0730553,7.812714,187000
0.33024952,1.6478276,-0.39181665,3.078381,6.9849772,180300
-2.3805299,-1.2797744,-0.84016734,2.7131653,9.776299,55000
-0.98833275,0.5635612,-2.2035246,6.0246644,10.211057,137000
3.6712027,6.9692516,0.7859021,3.3277276,6.8616242,160000
1.443062,1.8827772,-2.3168414,2.5305827,5.358187,107000
-1.317219,-3.0046659,0.732509,3.3326797,1.1358944,67500
2.56281,2.9146018,1.8309531,4.462419,8.20485,800000
12.189008,-0.2261116,2.6881003,4.785854,4.8538823,90000
11.996543,-0.4032655,1.6302981,3.4287586,4.7471633,58500
1.6316153,1.1249633,0.43714774,3.1884322,6.241517,212200
-1.4532773,-1.2034689,-2.1723719,3.468272,11.413879,125000
-1.2442313,-1.3209535,-0.3654444,3.5959477,10.154763,64000
-2.156382,-1.0975462,-0.67946947,2.541131,9.690711,110000
12.091736,0.3412718,1.4974308,3.5070655,5.4417934,144999
-2.0998354,-1.5849223,-1.5975797,3.095766,9.851992,51000
-2.1393197,-1.5238059,-1.6167697,3.5208542,9.847428,89900
-0.900938,-1.446956,-1.0819223,3.53805,10.421571,178000
0.8645469,1.8877393,-0.336574,3.5810583,7.272047,174990
11.328567,1.5047718,1.6341094,3.0050576,4.8932424,115000
-2.9541454,-1.8502505,-1.2920322,4.022601,10.288381,84900
0.1925503,-1.6672021,1.8468102,4.6204066,2.3634968,91000
12.111507,0.3864831,2.3131654,4.248408,4.84751,89900
10.65209,1.7536659,2.132259,3.0359063,5.514465,80500
-1.3007815,-1.1432326,-0.20456904,3.719381,10.147817,104999
12.043592,-1.7025957,1.0214342,2.8542016,5.987447,30990
-2.300771,-1.6135211,-1.3437152,2.9774866,9.757278,61500
11.194935,-1.698388,0.61547047,5.4761744,8.116551,168000
-0.9361587,0.8191015,-2.1153648,5.618989,10.741213,147000
0.013089223,2.1074877,0.048572067,2.987135,6.958439,277000
0.21274522,1.9713053,0.0009327808,2.9819007,6.967423,303700
-0.041273747,-2.3723714,1.345003,4.2638974,2.049978,69500
0.6985558,2.7170713,0.5247922,4.1805987,7.749226,350000
-1.8559203,-1.8672705,-2.4072201,2.6343663,12.052916,97000
-0.36071768,-0.69927764,-1.0937144,4.6368566,9.479468,109500
0.9934013,1.0387164,-1.7246819,2.6168234,2.193798,61900
0.34163067,-1.7245332,1.9223739,4.738505,2.4417682,78500
-0.70280874,-1.1409818,-0.49105552,3.6242373,10.149165,129000
1.1885922,3.0465505,0.15169579,4.265473,7.8977475,423000
0.10152531,-1.4283869,1.5663242,4.2794414,2.3475997,98700
-0.29450136,-0.5805502,-1.0888165,4.7982216,9.433166,129990
1.1581368,1.0863893,-2.0440493,2.3395553,6.0533524,88000
1.1051724,1.1685871,-1.8166773,2.6495323,2.3033135,146900
0.07994818,-1.4835806,1.5489441,4.2475815,2.3303905,82800
-0.6555213,1.0369364,-0.8491284,5.843017,9.752551,145000
10.656775,1.7785454,2.1354573,3.1826959,5.5399613,128800
10.638493,1.9765888,2.1648967,3.1137588,5.653293,109000
1.5880859,1.7198013,-2.4732025,2.6398177,5.3108444,94000
1.5755851,1.37446,-2.3829782,2.9256098,5.7445164,75000
1.2994947,1.8520056,1.3604866,4.215466,0.7809946,100500
0.49547938,0.24326833,2.3767462,2.9578412,7.24088,139000
0.84229684,2.4147298,0.6546133,4.10019,8.244365,283000
2.564559,1.801915,2.6920962,3.764039,8.39508,172915
-2.3341804,-1.8609848,-1.5777875,3.7744617,9.57732,67500
1.171809,1.6467823,-2.046408,2.7023954,5.6022043,140000
0.06939276,0.24778657,2.7409184,2.8286371,6.8827353,114180
0.19932668,0.062623605,4.124335,3.1765656,6.4800673,84900
-0.25177628,-0.26736602,6.935432,3.2076778,6.664398,86900
0.7674293,1.4389522,-0.54433477,3.6750715,7.042585,216090
1.3539561,1.9731498,-1.8340096,2.5944335,5.645032,114000
0.21305862,-1.2050896,1.5171067,4.2083673,2.2883272,110900
0.3506173,-1.0822251,1.4630122,4.208824,2.2724714,117200
-0.173109,-0.11538282,6.8131948,3.1368377,6.7797227,80500
-0.9811308,-1.3517315,-0.50880164,3.436178,10.238909,125000
-0.1730953,0.73735523,0.20560922,3.0803897,-0.8736297,88000
0.0013211408,0.69326085,-0.21975431,2.9671526,-1.2567809,86363
11.234005,-1.4766634,0.6436452,5.5114245,8.389522,199000
0.841814,1.6863222,-1.1791573,2.7266154,6.271833,178900
-1.3333557,-2.467792,0.374283,3.1504526,1.3449893,69000
10.82787,1.9904643,1.8087614,3.1248462,6.5525618,95000
-0.121934235,1.1058623,-0.3515619,5.720868,10.209843,119900
-0.12947874,1.1022832,-0.35477105,5.6946836,10.192693,119900
1.2643834,2.858553,0.13358861,4.251849,8.072713,299000
10.965811,-1.6582303,0.85678685,5.445984,8.553677,310000
-0.7411738,-0.9892414,-1.1153845,4.2049294,10.17258,149900
11.166793,-1.721869,0.62824947,5.4916334,8.118366,200000
0.10403038,0.7072069,-0.21799357,3.0419452,-0.6465892,130000
0.11691931,0.70149094,-0.25185078,3.035612,-0.5965287,130000
-1.071075,-1.181068,-1.4410748,3.2513757,10.702908,66999
10.686861,2.3563364,0.6737779,2.4360008,6.8430343,229000
10.6219845,1.8820319,0.77661836,4.2270494,6.9755926,280000
1.2165565,1.553105,-1.156361,2.1568205,5.920232,188000
0.19172895,0.07526334,4.0763526,3.1619449,6.4999576,129999
-1.461597,-1.2191854,-2.1837957,3.4495282,11.428869,99800
10.681428,1.7846441,1.1010056,3.12648,5.810152,265000
10.4910965,2.3452208,0.85192263,4.0146933,7.08924,600000
1.2963877,3.3086133,0.38420135,3.6934037,7.555717,200000
-0.28629822,0.23973347,-0.8644313,4.6367345,10.870413,220000
11.467662,-1.6184375,0.52094275,4.5719295,6.999127,159500
1.2842985,3.3352852,0.38123572,3.6702657,7.5410466,205000
0.06774041,0.7517807,-0.17002569,5.230333,10.196339,122900
1.347305,1.9843268,-1.864373,2.5949113,5.62989,104000
2.005149,1.4215355,6.2509274,4.536265,4.849778,128066
0.746213,3.1408987,0.18406685,2.9948518,7.019072,153000
0.7725996,2.9855106,0.24691994,2.9217644,7.043615,155000
12.387624,-0.33147612,1.4462343,3.161062,4.7309184,57000
10.669051,1.8707719,0.91741616,3.3133698,5.6664677,159900
-1.1902621,-1.552844,-0.6178518,3.3658419,10.025526,176000
3.3878884,0.63727736,0.5704448,4.659823,6.4728775,99500
11.828777,-1.1325911,-0.53560275,4.0887194,6.875751,97800
0.95865095,1.7783211,-1.2214866,2.9419851,6.3463483,252000
2.2177317,2.0163717,1.2017342,2.1403942,7.492549,300000
-1.8648784,-1.8717549,-2.4171634,2.6205692,12.07058,86900
11.024607,-1.6426133,0.85444516,5.363723,8.475425,210000
0.15411115,2.1088848,0.1952114,2.6893685,7.056999,225000
11.3988495,-1.6582458,0.5615995,4.6672177,7.1203604,125000
10.629537,1.6684661,2.1559358,3.1071224,5.470382,61776
-0.06568685,-2.0368295,1.431773,4.2038627,2.1659846,69938
-0.32465723,0.1213477,8.534446,3.1569672,6.906134,102245
-2.2098005,-1.8468075,-1.4658333,3.8069828,9.549669,105000
0.0409667,-1.3153857,1.4709736,4.3292446,2.4623976,105000
10.714953,-1.552816,0.9123658,5.6519656,8.96706,611800
-1.865638,-1.8719906,-2.4167092,2.6197557,12.069869,109990
10.6376095,1.6490601,2.1442802,3.135109,5.4598455,84900
10.814348,2.075735,2.2210557,2.637341,6.262677,110500
-1.3656461,-2.3393528,0.3287761,3.3452556,1.5401621,59000
0.6116624,-0.70546216,1.7219353,4.5431414,2.3349924,131890
-1.0390142,-0.80386776,1.1528456,3.6458719,1.4310136,102000
0.58447194,0.16691034,4.3228583,3.3487685,6.405986,61775
-1.3773963,-2.3637283,0.31357723,3.33732,1.5344985,65000
11.977306,0.74304473,1.0546367,4.247406,7.841591,134999
1.0835755,1.3421273,-2.441803,2.6644056,6.0594893,46000
0.6386881,0.17691971,4.341016,3.3722477,6.405379,100927
-0.38771403,0.2399496,-0.9926688,4.856892,10.868843,290000
1.8730714,1.1187204,5.9301934,4.413508,5.3854327,137919
1.745461,1.5376805,-2.3834994,2.82557,5.3282933,140000
1.8799762,1.1159143,5.9412894,4.422619,5.3727036,190986
0.61938596,0.17374769,4.3321395,3.3670619,6.3984127,121252
0.078816056,-1.5003967,1.5618618,4.260617,2.3329792,89000
0.9023047,2.384206,0.6522806,2.4496481,7.092233,193000
1.8953114,1.387561,-2.5537682,2.8403172,5.2954903,80990
0.4767407,0.14442389,4.1772456,3.3411975,6.364242,125500
0.9298657,1.4697027,-2.4831138,2.4959075,5.9126444,36500
1.8162796,1.5930121,5.8218756,4.4526944,4.9203744,173000
-0.04610399,-1.9272286,1.4582762,4.2132597,2.1995993,75500
1.0679383,1.347285,-2.4218602,2.667106,6.07774,48900
0.7959047,1.6772276,-0.94490874,2.5535119,6.2297873,173000
1.8264633,1.5833644,5.841021,4.4563904,4.9208074,162000
1.5592688,1.9964623,5.6950192,4.268227,5.669716,120471
0.1338397,-1.4623264,1.6223472,4.3171844,2.379051,99500
-1.3463237,0.6408335,6.0119896,3.0371416,6.9771533,86900
-0.3059849,0.22227678,-0.8809532,4.646637,10.89183,235000
0.0907751,-1.4636906,1.5684103,4.2620544,2.345883,106000
2.1792061,2.0843885,1.2708439,2.2474506,7.581098,359899
-0.21097085,-0.11726723,7.043322,3.1606684,6.8062167,103305
11.52967,1.6942316,1.1564269,3.6778135,7.26061,109000
-0.923287,0.81829906,-2.115073,5.601883,10.756395,130000
0.5800355,-0.76537985,1.6718888,4.5282435,2.256244,169900
1.0619234,1.3572003,-2.452742,2.674394,6.0721135,49890
11.764583,-1.3925084,0.100662656,4.242575,6.9796085,85000
0.6504228,1.1581727,1.6064562,4.405086,1.3376232,350000
10.960353,1.5862725,1.7862754,3.2218926,4.781147,103000
-1.771885,-1.1822125,-1.537825,3.892762,10.4627695,130000
-0.7313365,0.5078816,1.663396,3.5341003,-0.47856674,175000
11.129455,0.856153,-0.8215336,3.230716,6.4588685,35000
0.22882585,2.1249316,0.22196725,2.8964229,7.081818,298500
10.794546,1.9992611,2.0141635,2.3222864,5.8766026,87900
1.0059882,1.0529352,-1.7271583,2.621037,2.181089,90400
0.8328398,1.3480827,1.5991932,4.2685237,1.4391392,350000
0.7683957,1.9748636,0.15397461,3.845036,7.7169514,258000
11.809654,-0.5215096,-0.007926873,3.8713224,6.777721,130000
10.5602455,2.4419084,0.9720424,2.7420135,7.2754188,359900
10.7489195,2.2967217,0.6734823,2.4357688,6.832066,195000
-1.2854131,0.66797876,6.003962,2.9440575,6.999471,78620
-0.79376,-0.3488542,0.87792677,3.437258,-0.75092596,134900
-1.3206804,0.5873574,6.0209575,3.0363686,6.9212093,85900
1.2752026,2.9022596,0.1379732,4.2865868,8.085554,269000
1.269082,2.9810028,0.5495077,3.8859637,7.798931,430000
10.506921,2.2955992,-0.107515715,3.470061,6.0060616,169000
10.534984,2.2129138,0.9127751,3.5839293,6.9584303,208000
10.49657,2.066072,1.1161273,2.6878939,5.742732,203280
-1.3181049,0.6173026,5.977715,2.9971924,6.9541335,110000
0.81157064,2.5468795,0.6283222,4.016726,8.070577,349999
10.398244,2.5127323,0.51549786,3.9625127,6.7670975,325000
10.857067,2.2206256,0.47686806,2.5775933,6.5418954,107500
0.33120242,1.6499207,-0.39022753,3.0791907,6.993862,181380
10.569585,2.1404333,0.51895136,2.6001515,7.805298,566500
1.3364358,2.787659,0.25015244,4.1692395,8.1060295,190000
0.9732784,1.7857976,-1.2421056,2.9087448,6.318713,309000
10.138712,2.3741488,1.0439603,4.163231,7.377092,240000
-2.4256926,-1.2529225,-0.82527447,2.6688852,9.754238,59500
0.4073678,2.7642405,-0.048420675,2.6959343,6.881564,179000
-0.25354922,0.6395236,-1.6305658,5.4070764,10.63606,127000
-0.24616398,1.1827486,-0.6666287,5.7607675,9.927746,225000
1.4708321,1.8727523,-2.2705057,2.5714083,5.3990912,124000
-1.1067387,-1.3486596,-0.43826512,2.9392202,10.455324,125000
0.19129284,0.9982201,-0.020975094,4.8927536,9.821174,185000
1.9021082,3.0092525,1.0958209,4.2196355,8.176365,550000
0.013049273,0.70153373,-0.42560214,5.7233763,10.289018,135000
0.26011246,2.2060177,-0.24263774,2.695243,6.8366723,235000
-1.3850509,-1.0738807,-1.0526516,3.5292988,10.900593,165000
0.85176474,2.8105395,-0.038079347,2.9367073,7.1360173,145000
-0.7275058,0.7407769,-2.0697896,5.8224535,10.580397,137000
10.712214,1.583293,-0.18342163,3.6570833,6.6442513,159800
10.678045,2.3523784,0.5920755,2.4326084,5.4946113,159600
-1.3379227,0.6787279,5.9115977,2.9390278,7.0093055,74000
-0.9431544,-1.1242226,-1.153063,4.6512613,9.746851,65000
0.96151066,3.4848802,0.020209273,3.3338246,6.9286623,149000
0.7627612,2.3650022,0.58116496,2.335561,7.030691,188000
2.0714521,2.0787747,1.2163732,2.1796536,7.550839,240000
-0.384515,1.0825052,-0.35553572,5.2131248,10.292437,116990
12.115614,0.04401117,1.2413437,3.342844,5.4045086,85000
0.93465483,1.8247911,-1.2128345,2.8992834,6.3581033,304000
11.771851,0.5589037,1.6662117,4.2362576,7.2322536,111900
10.896811,1.7804908,1.555846,2.3181546,6.631323,67000
-1.7766172,-1.3500619,-1.023068,2.2720077,9.766164,84900
10.753932,2.2961133,0.7061592,2.3622293,6.930196,249000
0.40452847,2.9284024,0.64271647,3.1640797,7.1312776,137000
-1.5561624,-1.3830576,-0.7953897,2.267237,9.8751,52000
1.2062998,2.799268,0.09040897,4.1594987,7.9734063,139999
-1.1727992,-0.900788,-1.0287137,3.7035618,10.964605,255500
10.9394655,1.5426953,-0.24979809,3.502157,6.9398775,125000
-1.0686038,-2.6426094,0.75433296,3.3973641,1.3762815,70000
-0.38440084,1.0980028,-0.3564764,5.202533,10.299473,105000
0.3486193,0.996159,0.28774872,4.4617968,9.538472,310000
-0.4208766,-0.0021404517,-1.0219539,4.619803,10.773012,199000
0.14155515,0.19166462,3.541523,3.0397153,6.6730437,144900
2.7518153,2.651111,2.1714535,4.2765045,8.182527,1050000
11.019707,1.9656036,1.3142337,3.900006,6.723818,395000
10.491775,2.4700456,0.3530715,2.9105904,6.491731,160000
2.011934,1.3096343,-2.6263273,2.8697875,5.312795,71148
10.676864,2.3570623,0.58948565,2.4219172,5.492743,138122
1.375495,3.1233883,0.6145675,3.9509487,7.825427,390000
10.720214,2.1702168,0.8313026,3.06664,7.2472544,579000
10.914228,-1.5664806,0.8188859,5.63439,8.803188,735000
-0.96108043,-1.3386678,-0.27500913,3.2906559,10.045512,146000
1.0115238,3.1453533,0.54515934,3.9940853,7.49614,356950
-1.023602,0.6782428,-2.1449351,5.729778,10.58814,124000
11.67799,-0.7046799,1.7029582,4.116212,5.126878,57000
11.781167,-1.9111824,0.25692025,4.073553,7.133902,99000
-0.18032163,0.6209014,0.45312044,3.1327755,-1.2095077,165900
-0.22396684,0.61516035,0.4908084,3.1118178,-1.2096633,118200
1.5676186,1.9908355,5.7172165,4.270335,5.694088,116900
10.414432,2.3446672,0.5546023,4.06081,6.786911,302500
12.34527,0.3454274,1.4536265,3.3841875,5.8959985,110000
12.116667,-1.4219495,0.9420782,2.8657188,6.102819,75000
-1.7868571,-1.1189866,-0.60421246,2.5064797,9.886527,58000
10.665237,2.100511,0.78034323,4.073446,6.9446588,269000
1.821514,1.312494,-2.4998171,2.955656,5.5834002,144000
1.1965784,3.0463743,0.16820638,4.24658,7.8991466,423000
-0.8983445,-1.7790527,-3.1120522,3.1816573,11.106812,64499
-1.3426566,0.6893014,5.886601,2.945171,7.0250444,100000
12.559722,-0.031471264,1.1638337,2.9557118,5.883408,89990
-1.1179107,0.52958477,-1.4027369,6.017522,9.697037,149900
1.1968766,3.0564015,0.15173618,4.2655644,7.9210033,480000
0.3598663,2.5965445,-0.14757852,2.7373264,6.856529,360000
10.867033,2.073408,0.13841186,2.5260518,6.8739195,170000
10.948757,1.4390498,-0.6966677,3.1925347,6.4152145,124999
0.9939451,1.5214516,1.5594213,4.119371,1.1896673,165900
1.0083956,3.088589,0.5567009,4.0389233,7.5353074,254100
0.17822117,0.12267091,3.8973515,3.1281312,6.5597844,128000
2.3424048,3.122406,1.3914603,4.523541,8.241188,850000
-0.5678217,0.116806336,6.966369,3.1850116,6.7896795,127500
11.23432,1.7149324,1.5280699,3.9492798,6.502461,167000
1.5317135,3.1854534,0.28242725,4.046332,7.871074,475000
2.281521,3.1483955,1.2822562,4.531723,8.2719,930000
2.363223,3.0821779,1.4555844,4.5021977,8.222544,998000
11.057175,1.5000678,1.894183,2.7970467,6.9987273,190000
1.2581751,3.0061445,0.13989297,4.273483,8.007964,445000
12.000642,-1.1178588,0.78034604,3.8554227,6.714516,115000
-1.4182588,-1.1471984,-0.5683075,3.7743354,10.297159,119999
10.116387,2.3721247,1.0760117,4.2057457,7.427987,485000
12.181577,-1.3942744,0.95866233,2.8114772,6.0272164,67000
10.521279,1.516097,0.012228145,3.8264856,6.5985847,95000
1.9258908,1.3867466,-2.5316665,2.863572,5.285986,115500
10.6885195,0.14761284,0.8825186,4.281446,6.1280293,169000
1.2236651,-1.4137478,1.0920892,4.6873193,2.2148077,73140
11.913233,0.67952806,1.4430261,3.7487767,7.6595273,159000
10.812597,2.0080724,1.9774783,2.3384154,5.866068,105500
-0.44390208,-0.18916678,-1.0366118,4.596993,10.563651,225000
1.6017603,1.8710312,-2.510849,2.5337675,5.248049,150000
11.465432,0.27737814,-0.84030765,3.1896036,6.54513,85000
-0.95437616,-1.5148076,-1.8111091,3.6430125,11.291632,91999
-2.3152788,-1.7912123,-1.6215581,3.819355,9.623424,91490
0.12618524,-1.4393518,1.6284742,4.2432494,2.360622,103000
1.5781125,1.9746766,5.7271647,4.2752895,5.6851716,118755
1.2732422,1.2457066,-1.2493027,2.1463993,5.659015,146990
11.419832,-0.9034027,0.68045944,5.188356,8.337494,235000
0.044761118,-1.6950475,1.7479999,4.5173016,2.3581262,89900
-0.21451068,2.0279894,0.21737663,3.0481994,7.261545,210000
10.771806,1.7785133,1.1606749,3.2471173,5.4438453,188999
1.2022187,1.7135795,1.4369383,4.025201,1.1261928,121605
-1.1319698,-2.950548,0.86824965,3.4525075,1.3051332,47900
11.785427,-1.5702254,0.23099636,4.341473,7.360812,93000
0.1587625,0.80534875,-0.03911052,3.0873415,-0.94489473,99825
10.564068,1.4878633,-0.07190097,3.767908,6.5786595,95000
-0.19033653,0.5474891,-2.0987463,5.6720986,10.642977,108000
12.140643,-0.8057395,0.15458603,3.4542503,6.935057,145000
-0.62869465,0.42740875,1.5016332,3.213793,-1.123737,55000
1.3460455,3.0307755,0.16983153,4.206231,7.9652896,395000
12.222536,0.9078231,0.7720305,4.368467,8.249408,90900
12.176784,-0.16725834,1.52042,3.2561326,4.887896,53000
1.6139687,1.879443,-2.532286,2.5416176,5.2635674,122000
-1.7355742,-1.7402918,-2.2703743,2.7907286,11.873545,107000
11.970917,-0.32041612,2.39923,4.6717353,5.021676,127000
11.538348,0.155177,-0.8236778,3.2110236,6.5476346,56000
2.1891243,2.14225,1.3451667,3.2411828,7.7808356,420000
11.965451,-0.32664165,2.392856,4.6855516,5.046273,127000
10.646381,1.871704,2.1506042,3.1893318,5.58443,145600
-0.2757462,0.59571546,0.512926,3.1266096,-1.0277536,106000
12.524773,-0.023678763,1.1564916,2.9683626,5.950283,85000
1.2688034,1.8641691,1.4991297,4.4203806,1.4641116,190000
1.6025883,1.9492536,5.7438064,4.2736745,5.6978374,142905
-0.23983622,0.76327944,0.31002623,3.0498655,-0.6212352,87900
1.6120731,1.9111688,5.758125,4.287821,5.6273837,134500
-1.4962709,-1.1950761,-2.3133008,3.318013,11.073477,81000
0.6753421,2.721124,0.5234725,4.1920953,7.726551,268622
12.3728695,0.6158513,1.9488974,4.187412,5.9130235,145000
11.545696,1.4145645,1.487756,2.71703,5.1259303,110000
0.5255531,-1.0610985,1.7776521,4.6012125,2.3942378,132000
0.3562203,0.21591642,2.005314,2.8276372,6.980164,127500
-0.5175342,0.093121305,7.0190935,3.19337,6.785239,112000
-0.3695612,0.3782905,0.5824891,3.1588054,-0.3567143,115800
9.867899,2.309667,1.1768625,4.2850184,7.593918,515000
12.437846,-0.5734249,-0.59458226,2.7422314,6.7275043,117990
12.842776,0.644232,2.4466991,4.613287,5.555411,177000
10.049945,2.3453448,0.9679074,4.4236784,7.3079042,308000
-1.0441462,-0.7750266,1.0957615,3.6166358,1.401433,114999
1.5373421,1.1057371,0.43138888,3.1525214,6.2612967,195000
11.440772,1.161325,1.6414977,2.8258576,4.4639883,64900
1.3044256,1.7965456,1.378906,4.106373,0.8826764,121500
0.49876383,0.3012402,1.3108492,2.8064368,6.3081603,120000
-0.31241384,0.9039601,-1.6444751,5.7816114,11.2257595,149500
12.817428,0.60995525,2.4371579,4.612661,5.5819426,117000
-0.16538823,0.6931211,0.10277352,3.0201235,-0.9954669,74250
-0.22931716,0.76748484,0.30199438,3.052765,-0.6396883,105000
-0.20024298,-0.40256393,-0.7192737,4.68397,9.530623,205000
11.470053,0.15224758,-0.9121617,3.325012,6.43161,81000
-0.6105034,0.23899163,1.5666277,3.4816818,-0.5074017,86500
0.6488071,-0.7165296,1.6740705,4.548905,2.3238084,169900
-0.40121093,0.25824428,-1.0171936,4.9174857,10.91585,230000
-3.0175188,-1.8606099,-1.3650898,4.136089,10.259062,69900
0.17756537,1.9813805,-0.012445843,2.9747987,6.9046874,213740
1.0773307,1.1362624,-1.7900349,2.6430144,2.245073,148500
-1.2605175,-2.914363,0.73134196,3.2801065,1.1726958,64100
1.1250881,1.6328164,1.5047584,4.0641646,1.1751344,125900
1.3447322,1.8425285,1.3300086,4.177169,0.7724189,98280
0.004728112,0.66810334,-0.20206186,2.9545035,-1.2558354,73780
-0.05998888,0.3643897,2.935465,2.8249116,6.970938,94600
10.905995,1.944427,1.2535807,2.4415717,5.729784,37500
1.3451525,1.7985886,-1.8145492,2.74075,5.66706,165000
10.668074,1.9138871,1.3584793,3.7000418,6.571148,231120
11.026876,1.7447888,1.3217597,2.9657314,5.257233,156500
1.1882396,2.3445194,1.1068375,4.158086,8.290495,250000
0.7617578,2.3586812,0.6171057,4.113357,8.261529,217000
2.0136638,1.3020221,-2.5948632,2.8742793,5.329574,58800
12.081653,0.07260432,1.3231834,3.2699494,5.170023,53000
0.76595,1.4358778,-0.5472025,3.6776412,7.0441084,243120
1.3417883,1.920742,-1.8069645,2.7002966,5.688247,139000
1.3476696,1.9789361,-1.8901392,2.5793524,5.617554,100000
0.580396,-0.84583056,1.5914872,4.4437184,2.3818095,156500
2.0191112,1.4125385,6.2392354,4.5558753,4.8656745,116900
1.3800926,1.8385327,1.2883611,4.234221,0.6939226,128925
1.3326279,1.8196658,1.3336728,4.252965,0.6902859,110743
1.7451571,1.4878324,-2.2759588,2.8531783,5.2526317,136900
0.53567034,0.5106217,1.6534561,4.327329,1.4721695,185000
10.642332,2.3258455,0.7292921,3.905276,6.94795,329999
0.3435817,1.1342162,-0.26823357,5.360051,10.603004,174999
11.849867,-0.08919373,2.217836,4.722205,6.6567287,141000
-0.3033833,-0.49937186,-1.0474765,4.8938932,9.397276,143000
1.7084239,1.5416204,-2.6227334,2.6525521,5.0697412,63000
-0.23201413,-0.28447068,-0.89589775,4.818734,9.533816,195000
1.290377,2.764665,0.90746444,4.091069,7.5470695,375000
-0.026231285,0.5483852,-2.0932527,5.9230275,10.349874,103999
12.138918,-0.8405018,0.4983774,3.5176246,6.8232007,147990
12.368649,-0.5528958,0.63515306,2.9472954,6.960855,119999
2.1316237,1.287664,6.764702,4.269816,5.6161933,133705
10.998436,1.3635095,-0.6600807,3.0808032,6.576295,70000
-1.4732548,-1.309231,-0.5366898,3.9337242,10.165523,115000
-0.43745023,-0.43352765,6.138889,3.259621,6.301476,102477
1.8128747,1.3150586,-2.4920065,2.9537995,5.583888,140000
1.2821964,1.8543737,-1.7429882,2.6453586,5.709281,204990
-0.08038128,0.69924355,-0.15370663,2.96262,-1.1851486,82500
11.855178,0.6871964,1.4847721,4.1219115,7.5502167,129999
0.74877775,2.4515874,0.56032866,2.3593452,7.0243897,169000
0.9334202,1.81757,-1.2076648,2.8959374,6.3555956,304000
-1.5268292,-1.2053634,-2.3032882,3.2640953,11.032682,86000
11.458126,0.16484043,-0.9181218,3.3326812,6.424416,81000
10.665552,1.77697,2.1389372,2.9619398,5.555799,105000
-0.2520847,0.9871747,-1.142333,5.2997947,9.808224,294900
-1.333278,-1.3248262,-0.9675851,3.2527146,10.895421,55000
-0.2603356,0.9998202,-1.1763384,5.325516,9.905115,295000
2.0106587,1.3125503,-2.626723,2.8732522,5.3137326,63000
0.25342214,1.2921102,-0.36582032,5.3291764,10.47079,143000
-0.53744876,-0.7531732,-1.0130262,4.38298,9.994276,93000
11.09811,-1.4095881,0.71163183,5.6100173,8.744324,210000
-0.010518044,-2.3728912,1.3382962,4.282654,2.0499437,69500
11.921802,-0.6682442,0.036029756,3.8809967,6.8979144,136000
0.32723805,-1.68224,1.8972497,4.704752,2.42945,98000
10.974496,2.3948214,0.7886971,3.219697,6.2405415,160000
10.089547,2.3649426,1.0744996,4.154447,7.4056106,930000
10.569107,1.9382944,1.2404242,3.7739642,6.7893953,287000
0.12144846,0.58167166,2.611289,2.8883781,6.954993,120000
-0.1849549,-0.29368904,-0.6993572,4.778644,9.579161,200000
-1.2400744,-0.9952197,-0.8339063,3.4373164,10.963258,119900
0.32270995,-1.6899637,1.8580263,4.6847277,2.4245636,92500
0.3162023,-1.6754082,1.9145583,4.7058997,2.436005,91000
10.547873,2.4314067,-0.07048286,3.429004,6.08056,165000
10.922294,2.0379775,1.1949941,3.4210203,7.0467577,111000
-0.051008154,-1.9450511,1.4513304,4.209168,2.1944664,74000
10.701327,2.0383127,0.2103879,2.8298967,6.6774426,178900
0.32996956,1.3069791,-0.5731178,5.245697,10.203686,349000
0.005952045,1.2047613,-0.34747913,5.6090555,9.84564,285000
11.751878,-1.4987669,0.28343952,4.28399,6.978048,149800
0.12163145,0.60360664,-2.1913154,6.115153,10.550749,125800
10.999993,-1.62269,0.6533793,5.2350616,7.555075,185000
-0.42296866,-0.032860775,-1.0158722,4.6269317,10.747734,165000
0.7729585,1.4530149,-0.5371163,3.6610713,7.060153,301750
0.6154563,-0.78786254,1.6440214,4.502109,2.3557935,181900
0.27839425,-1.0918459,1.4682771,4.2092757,2.2502909,104400
1.3531301,1.9893272,-1.8614558,2.5888088,5.633069,113000
0.7566234,-1.8464135,1.3298713,4.622572,2.240649,93500
0.5024936,0.36513674,1.430738,2.7971444,6.545339,116500
12.0785055,-1.4606478,-0.49786606,3.91304,7.0094028,105000
11.776379,0.5741434,1.3427038,3.0251899,4.867705,60000
11.872108,0.6291513,1.4346851,3.549811,7.5972104,113999
-1.4464916,-1.3789762,-0.65757704,2.363964,9.9394,39500
-0.42095324,-0.42272583,1.4095538,3.8648558,1.6678686,157000
11.877875,-1.6737331,0.9949111,3.0522478,6.3054333,39000
2.1137705,3.0561976,1.3734113,4.4447303,8.148264,768000
3.3205516,0.7187154,0.5943928,4.6353526,6.496195,789000
1.57973,2.6851087,0.6418205,3.77754,7.8272343,660000
1.445208,2.9937086,0.7071276,3.9349966,7.826604,583000
1.4876243,2.7877808,0.6016997,3.820313,7.800975,561000
0.57114077,2.4204628,0.3553445,2.6083941,6.91746,286000
2.982676,1.7337586,1.2130105,1.9709002,7.580974,453772
2.9438066,1.7215543,1.2924935,1.8758066,7.606904,273995
2.793577,1.8511816,1.39108,1.7861186,7.6033835,221482
2.9061735,1.7577692,1.3176817,1.8487564,7.600375,249804
2.835115,1.8113139,1.3584912,1.8136736,7.598345,242840
0.4816504,1.4578806,-0.7437572,5.241589,10.257992,350000
0.44916385,2.8999033,0.23475741,2.937728,7.017704,190000
0.48042226,2.921863,0.21214803,2.929415,7.006122,206850
0.46488845,2.8902082,0.23786445,2.9319904,7.0218897,232000
-0.20142134,-0.2691105,-0.7599909,4.765072,9.476699,250000
1.1245344,2.94506,0.5470083,3.86959,7.7990046,375000
3.790576,6.935648,0.86526483,3.225475,6.9681616,464000
3.5916023,6.7807255,0.83285886,3.3026774,6.8812957,319000
-0.35808387,-0.6760371,-0.633214,4.2938457,9.610946,130000
1.9458387,3.0576386,1.1898092,4.2496805,8.075888,534000
1.7502483,1.5239097,-2.3521242,2.8382716,5.321929,150000
0.76353216,2.2949302,0.62422556,2.413964,7.1623206,222000
0.76209056,2.2744155,0.6458716,2.422873,7.200106,222000
11.901258,0.36049598,1.471604,3.1783721,5.175219,96000
2.740962,1.8831065,1.3495097,1.8367501,7.57454,221482
-0.04855194,-1.2740924,1.3634509,4.0888457,2.1888375,79900
1.3329844,1.976499,-1.8307046,2.5818312,5.64677,101000
10.58309,2.242921,0.895366,3.3809292,7.0812707,365000
2.739076,1.8732158,1.4042875,1.7752641,7.5982933,223587
2.8619916,1.7764062,1.3467908,1.8250967,7.6071157,246857
2.951305,1.7033283,1.2877073,1.8794605,7.6132603,270643
9.753467,2.3248413,1.1799217,4.350133,7.6567016,238900
-1.7601404,-1.7687856,-2.2958143,2.7547576,11.91318,99900
3.689726,6.988809,0.7798564,3.3277113,6.868503,160000
0.47802767,2.8194895,0.25385875,2.9251354,7.0540442,280000
-0.29484364,0.7819668,-1.3089602,5.559108,10.898992,115000
0.9157383,1.9200768,0.5839153,2.268687,6.923302,290000
1.6877005,3.0291877,0.8942963,4.163341,7.940176,590000
1.634477,3.198983,0.34063002,4.1518764,7.9756184,720000
0.51567835,2.471202,0.3570325,2.6741054,6.9844136,308000
0.5053662,2.478121,0.3504755,2.6968412,6.998582,330000
1.5414598,2.8484862,0.6526973,3.8456557,7.8396993,572000
1.7410756,3.063241,1.0309532,4.454463,8.264025,790000
-2.2391987,-1.8627795,-1.4937994,3.7964306,9.575106,83500
11.746284,-1.3224097,0.46961415,4.058766,7.134229,90000
11.94512,-0.044758268,2.3911586,4.7382193,6.6504755,117000
10.737325,2.3947115,0.4829468,2.6385746,6.7100058,240000
0.0830833,-1.4788505,1.5683707,4.267906,2.3511078,97500
-0.5361647,-0.76712567,-0.8644243,4.3660154,9.76342,65000
0.95661443,1.6403354,1.7483287,2.8594096,7.453064,168000
10.670137,2.3606348,0.9648769,3.7542286,6.9822106,305000
10.852574,2.1662054,0.8869125,2.3301733,6.9425344,185000
10.85015,2.1676023,0.88457984,2.348006,6.944728,199800
-1.5668124,-1.5299172,-0.85856616,2.084628,9.71141,38000
0.9462784,1.6563858,1.7399968,2.8597782,7.4626064,171000
1.2862842,1.8210287,1.6305645,3.0507734,7.594328,373000
-0.314594,0.44641316,0.46245483,3.137765,-0.34769058,125000
0.07442903,-1.6929382,1.7690722,4.5401692,2.3674881,89900
11.926438,-1.5622218,0.8906925,3.2918837,6.2891555,25500
-0.08438515,0.7193842,-1.0179465,5.1246476,10.272776,293000
0.8802584,1.731264,1.7047174,2.8442106,7.471503,186000
12.12223,-0.5950478,0.11879921,3.4479132,6.793175,118900
2.261679,3.0738523,1.399187,4.5423,8.284161,790000
2.0174642,3.1724217,1.0935318,4.526073,8.247457,750000
0.40953943,2.7090242,-0.032766398,2.6655433,6.8857393,210000
0.23556323,0.51708436,-0.23720245,5.4272323,10.339653,129500
1.0810146,2.4005919,0.9596581,4.1481857,8.214255,320000
-1.2997737,-1.1726454,-0.22737682,3.7457554,10.139296,75000
10.837592,1.9536847,1.6171167,2.4458957,5.7790494,75000
0.065621965,0.5438582,-2.2222772,6.025043,10.556779,99000
9.751792,2.3299139,1.19786,4.327675,7.677644,749000
9.78809,2.2947025,1.2169724,4.3065996,7.636494,749000
2.4415562,3.023496,1.6079987,4.4924064,8.21145,890000
2.4534717,3.0000384,1.6242374,4.490239,8.193041,890000
-1.8053242,-1.3001451,-0.90575176,2.1215591,9.793809,75000
10.886364,1.9427888,1.3922763,2.4236522,5.7823973,39990
2.3098078,2.1714952,1.4398341,3.1106646,7.7936397,1300000
1.5376705,1.4576577,-1.0395505,2.8785152,6.06308,270000
11.398698,0.82779104,1.8069493,3.2203176,4.5265703,83000
-0.89352953,-1.7650373,-3.0995185,3.1989737,11.112012,105000
0.30837542,-1.5296005,1.8247327,4.6003647,2.4394703,115650
11.262624,1.6322908,1.5166991,2.6654308,4.8567653,41000
-0.27588767,-0.51912355,1.3538517,3.9020474,1.7797399,114000
0.9396163,-0.21934067,1.6535748,4.6367064,1.9576486,149000
-1.6552827,-1.5074583,-1.0762389,2.4207761,9.755105,67000
10.987598,1.4505382,1.8273114,3.2175617,4.6630645,106000
-0.15074468,0.0053691464,7.5287604,3.2579503,6.8025866,86100
2.012057,1.2829518,6.6846547,4.1725683,5.926573,123400
11.686187,-1.0831659,-0.5955049,4.191989,6.7748804,94900
-2.4602003,-1.2969273,-0.9009838,2.710047,9.657987,89000
0.25253415,0.752991,2.4869764,2.954455,7.1812167,292000
11.687801,0.14481246,0.6030246,4.859985,8.08364,140999
1.3497251,1.9900464,-1.911828,2.5752797,5.607661,99000
0.2736116,-1.5362364,1.82293,4.576711,2.4452133,77500
10.563545,1.9681469,2.1448205,3.2748275,5.7514973,224000
10.122903,3.554703,1.1518674,4.0016546,6.484713,104000
10.75571,1.3444484,-0.48152822,3.622307,6.362448,150000
0.9228551,-0.22779131,1.6395477,4.6229315,1.976994,149000
10.677322,1.4332557,-0.6018121,3.4691873,6.3520117,81000
2.251905,1.2680924,-2.5848365,3.0013673,5.3714175,115500
-1.8332244,-1.2165052,-0.6778495,2.3803084,9.792005,75000
-1.2382517,-1.2277398,-1.9001902,3.6502957,11.23786,117000
-0.13373186,0.9230075,0.35199383,3.415582,-1.2426157,85320
-1.3346236,-2.527828,0.40303025,3.1473923,1.3164403,75420
10.848162,2.196167,0.77176094,2.7158499,6.1122284,155000
0.86128074,1.915084,0.4629304,3.731459,7.8627667,260000
1.9701177,1.4583879,6.2581406,4.465115,4.9816637,118755
1.9431887,1.4910207,6.205405,4.4912376,4.870756,116391
1.9930048,1.4497517,6.2602167,4.523912,4.851606,122000
-0.4021279,-0.3988076,6.171464,3.2295027,6.3485703,102000
10.562457,1.2100004,0.19209258,4.230961,6.6623673,199650
-0.30591637,0.11247294,8.491656,3.170394,6.905428,84500
-1.8991947,-1.2237027,-1.0280381,1.998109,9.733534,138000
-0.16574945,-0.3590515,6.864521,3.3898404,6.487059,90000
1.9288555,1.4732832,6.185273,4.4411,5.0699425,129920
-0.17701426,-0.36560622,6.94393,3.3592772,6.5404797,79781
-0.46941078,-0.21203291,5.5139403,3.060446,6.5363503,70655
10.733615,1.831657,1.0952684,3.2537928,5.5021386,155223
-0.23188534,0.57302344,0.48400405,3.1325617,-1.2377613,110000
10.828376,2.0528655,2.0711224,2.8678744,6.405837,120000
0.6563421,1.1819675,1.6478394,2.7830863,7.46373,290000
1.3191712,1.9906105,-1.8764004,2.565121,5.6756907,72000
-0.08471883,-1.2320489,1.3148034,4.027849,2.131696,67900
11.612662,0.17683667,0.30813834,5.2693415,8.3596525,109999
10.5669365,2.3774164,0.5566035,2.8160899,6.531942,260000
-1.7310951,-1.7114896,-1.1622002,4.4154706,10.124972,99999
0.8115496,2.5493126,0.5725506,4.03663,7.9884725,345000
-1.0405837,-0.7303833,1.0329888,3.5681458,1.3079343,118500
1.7188753,3.0320597,1.0518996,4.4119306,8.239792,375000
11.131352,1.8034286,1.2143995,2.5977857,5.152614,59000
10.876904,1.8305712,1.5853022,2.5383306,6.892024,135000
1.3685603,1.8261049,1.2942489,4.2394247,0.7008798,133999
10.539315,2.188996,0.57673633,2.5557015,7.7478094,375000
-0.03391399,2.0923736,0.2176673,2.9747572,7.2487373,200000
11.039102,1.446756,1.7859482,3.3471723,4.956596,169900
0.12745742,-1.502577,1.5778764,4.2960577,2.374007,103000
1.6271585,1.4901886,-2.5242555,2.7784472,5.4493985,67500
-1.0731405,-1.6271482,-0.3853307,3.190539,10.227362,116500
12.9267025,0.7121138,2.4842775,4.610365,5.3368373,80000
10.943223,1.5281612,1.7453356,3.2888844,4.7666283,96000
-0.06455616,-2.0454702,1.4324064,4.205828,2.1656353,74000
10.43666,2.2486143,0.80154216,3.8784332,6.9167356,410000
10.665427,2.3987625,0.06472314,3.0845318,5.91572,129000
-0.25391105,1.1607914,-0.4039993,5.5870996,10.174501,119900
1.2576613,2.95511,0.14255342,4.311104,8.054232,350000
10.97962,2.3934655,0.7933245,3.222091,6.23848,159500
0.5928617,1.384296,0.7250915,2.4201524,6.92961,158900
10.58422,2.4058833,0.027011208,3.4354532,5.9745874,129000
-1.0403422,0.5354032,-1.3121701,6.004618,9.687661,120000
-0.9611898,-1.6251171,-1.3621043,3.329289,10.584635,129900
1.2877986,2.8955262,0.5841193,3.134767,7.4332705,225000
1.8198149,2.3072445,1.0634615,3.077465,7.6372633,220000
1.2897528,2.2492745,0.82250535,2.907644,7.156011,155000
1.2501825,2.951782,0.5496389,3.1837325,7.469434,240000
11.832644,-0.9579578,0.9550245,3.9656975,6.3164754,40000
1.3512822,2.245135,0.8447154,2.9317524,7.1722984,220000
1.2802252,2.2638733,0.8178086,2.9037137,7.1613655,175000
1.2934895,2.2428508,0.8295056,2.9099622,7.1562414,155000
11.528053,1.1448619,1.7109034,2.9787037,4.3477955,58500
1.3137163,2.241494,0.8382997,2.9074283,7.1606517,175000
1.3078389,2.2510471,0.8108733,2.9451218,7.175454,225000
12.37032,-0.28961337,1.4621104,3.1505356,4.737256,58000
11.693099,0.6870378,1.23636,4.363058,7.5129266,226000
12.103149,-0.59885895,0.11744145,3.496894,6.798081,135000
11.79654,0.79676056,1.4778793,3.9932456,7.5103474,179000
11.078145,1.6569039,1.42983,3.0285,5.2014174,250000
-0.31253037,0.8988978,-1.7056854,5.801449,11.220791,138000
10.545917,2.0780315,1.0631106,4.014935,6.774103,216000
12.090077,-0.6244483,0.075293005,3.5025148,6.7944756,135000
0.21249823,1.6821477,-0.28040367,2.9966707,7.0070176,118000
0.25811785,-1.1381036,1.4856316,4.218683,2.266377,180000
-0.4385566,0.28700614,0.8845702,3.2817242,-0.19571434,145000
0.53358006,0.35039046,1.3043122,2.8367252,6.3364134,133000
0.8294176,1.8123375,-0.48980784,2.4995868,6.4330235,224999
10.532138,2.0066552,1.0565867,3.9012914,6.7994933,454999
0.71794325,1.9708663,1.5987438,4.6830063,1.3186862,164900
11.369909,0.8368928,1.80579,3.2861266,4.6012344,136000
-0.6301711,0.42698377,1.5052114,3.214297,-1.120908,93000
11.398189,0.8221015,1.8109502,3.3180978,4.665011,94500
11.405087,-1.7656425,0.5465672,4.7119327,7.212589,103700
12.168441,-1.0086236,0.286745,3.5474946,6.920036,138900
11.051938,-1.6896471,0.7102022,5.571804,8.398038,199900
11.930882,0.7655451,1.1609293,2.6826184,6.0153437,173000
-0.8537901,0.7457915,-1.1660721,5.976622,9.749195,175000
2.0509524,2.076173,1.1992887,2.1386085,7.523356,228000
0.8423367,1.3921212,1.6536808,4.171726,1.1746154,160000
-2.0747583,-1.4336565,-1.5815233,3.608508,9.934021,90000
0.15818359,2.1621678,0.28698152,2.892747,7.274372,229000
-0.18896957,-0.36165902,1.4395384,3.9497335,1.7845767,250000
-0.27619788,-0.61557466,1.3106413,3.8844786,1.5149522,180000
3.4824107,6.5450773,0.89802235,3.2484276,6.9352694,160000
11.140337,1.3083769,1.8297004,3.1078317,4.5086765,58500
1.0701532,1.579204,1.4947143,4.2634873,1.5136964,220000
11.762084,-1.5141014,0.29129928,4.2687902,6.9762387,59990
-0.4313771,0.33057147,1.6139024,3.5485604,-0.18477318,112000
-0.25889158,-0.66326034,1.3052753,3.8968508,1.5422409,180000
-0.70673573,-0.49943358,1.4076598,3.804743,1.4129429,135000
-1.0641502,-2.9291885,0.89905375,3.5369496,1.3337628,57500
11.408097,-0.47099677,1.7529144,4.361746,5.7317142,150000
10.891044,2.0181863,1.2279083,3.8989658,6.7514253,359600
10.976083,1.5835776,1.7379754,3.2215981,4.803805,74000
10.893659,1.8523691,1.4841045,2.2437441,6.2961893,43000
12.359701,0.6000694,1.9336009,4.1681557,5.903941,150000
-1.0479838,-0.7811344,1.0922122,3.6026084,1.3825669,115000
0.07670419,0.7079012,-0.08771118,3.0516336,-1.1904572,93000
11.225657,-0.34549075,1.6537936,4.3436255,5.6928115,130000
-0.318363,-0.6163474,1.2799367,3.8643746,1.4138538,130000
11.839681,-1.1219646,-0.51468325,4.0781956,6.8807187,93499
10.933304,1.5611546,-0.2303759,3.5204196,6.9276495,138000
0.033691835,0.64802355,-0.16681781,2.9656236,-1.2321048,73220
-0.4927778,0.40791476,1.2115043,3.3001251,-0.85654217,124000
0.031466898,0.6505008,-0.18263397,2.9608827,-1.2478858,72660
12.089107,-0.09294232,2.6426892,4.6004148,4.778173,167500
-0.24020533,0.76235425,0.3093485,3.048933,-0.61153567,87500
-0.48242292,0.41638783,1.1608545,3.3021362,-0.85894716,140000
1.2073227,1.8097545,1.5355331,4.477026,1.5358193,240000
-1.6758449,-1.3292774,-0.77102274,3.6570306,10.368072,179999
11.171282,1.6189722,1.6034774,3.0912104,4.8615828,104900
0.22814469,-1.5568223,1.7860672,4.5436964,2.439506,76500
0.10270102,0.7952343,-0.06973185,3.0564137,-0.9710055,116765
-1.5568904,-2.4648054,0.1348093,3.2146616,1.4689618,83490
-1.5610101,-2.4442766,0.11547349,3.2551982,1.5053372,78650
-3.028585,-1.864404,-1.3577421,4.12991,10.265291,89999
12.199304,0.23269922,1.2984053,3.3188617,5.687027,138000
-0.2908212,-0.35629487,1.4367557,3.9018116,1.7401239,228690
0.8240601,1.8504984,-2.0249093,2.741718,5.719168,55500
1.0973856,1.2719858,-1.5326478,2.1617546,6.0240793,127000
1.6796998,3.2202632,0.38893032,4.10742,7.943685,750000
11.999373,-0.30008253,2.4376135,4.6909204,5.015215,124000
1.0035863,1.0486482,-1.7246,2.6252084,2.1467662,105043
0.99201643,1.0366063,-1.7133685,2.6223083,2.140655,104591
0.99864614,1.0422175,-1.718417,2.6233315,2.1490247,95346
1.0053546,1.0498015,-1.7267684,2.6227782,2.1433995,96568
1.0060773,1.0508165,-1.7276478,2.6235886,2.1536255,103100
1.1116883,1.1711771,-1.8233371,2.6342423,2.254193,154476
1.079388,1.139164,-1.7886407,2.6437821,2.2528102,115719
1.0225087,1.0659412,-1.7417722,2.6083171,2.1364145,95631
1.079217,1.138986,-1.7918373,2.6421952,2.2509015,154477
1.120238,1.1789935,-1.8406647,2.6238961,2.1854568,121000
1.3069332,-0.21757758,1.4915786,4.777038,1.8050221,136125
-1.5276966,-1.4907813,-0.7952946,3.898942,10.249719,248999
-2.094374,-1.4641306,-1.6051124,3.622187,9.89387,88500
0.9299606,1.444985,-2.507988,2.4868634,5.9420643,49900
-0.06270459,-0.20986462,-0.45611992,4.762247,9.750492,129500
1.2937255,1.8247137,1.357997,4.1791315,0.7878936,118500
-0.27593324,0.59895825,0.5173571,3.1254044,-1.0289359,109000
0.88123465,1.4759741,1.6057591,4.3245964,1.0400605,150000
10.965521,1.9999291,0.9865846,2.49295,5.0557284,61900
-1.8668438,-1.8742251,-2.4187653,2.6188097,12.072192,88000
0.024375914,0.5304626,-2.226224,6.0112114,10.540993,112000
-0.9059195,-0.5051466,0.8411319,3.417124,-0.8314412,72000
5.2412634,9.187771,2.0577855,9.660885,5.9507356,274500
-0.48753804,0.38408905,1.190426,3.3007388,-0.85394466,105000
-0.4847975,0.4003644,1.1945527,3.285068,-0.9060403,105000
1.5981103,1.8552564,-2.521446,2.538744,5.2439847,122000
0.3580953,0.2050757,2.0137777,2.8273232,6.981473,127500
1.3967019,2.5477788,0.7432229,3.4119473,7.8949776,245000
-1.054142,-0.8081888,1.1001468,3.6112902,1.3983301,111925
1.7904147,1.4186447,-2.5664794,2.8046713,5.2972918,63000
11.469474,-1.6349697,0.518427,4.562897,6.999812,120000
-1.7976257,-1.1090653,-0.6177797,2.7143555,9.966873,72000
10.698263,1.4583662,-0.30572683,3.6697025,6.476844,130000
-0.115633175,1.189877,-0.4857717,5.7513404,9.909415,169000
12.402872,-0.55012155,-0.5548892,2.7826922,6.7394557,100000
10.790731,1.853475,1.2360767,2.7593935,5.7647305,299900
11.200009,1.5295464,1.6491642,2.7634878,4.55975,49000
-0.20890805,1.1653903,-0.39649442,5.645235,10.168884,138900
10.875788,2.0037985,2.1655688,2.7872465,6.5120835,169900
11.225896,0.3798453,0.19931889,4.8516617,7.5253844,125000
12.324405,0.12547052,1.3294157,3.100167,5.57309,56000
11.736875,-0.3331384,2.1805108,4.7294364,6.572837,119500
-1.8240556,-1.1878638,-1.4906166,3.9310393,10.367348,113000
11.745733,-0.33653286,2.2314308,4.824696,6.620094,169000
11.38599,-1.7451819,0.58909225,4.7048607,7.287754,98000
12.062308,-0.03354722,0.97748274,3.4116864,5.6932063,119000
12.162948,-0.9029792,0.8152378,3.5184746,6.7058992,107999
11.624397,0.54805285,0.539674,4.7190466,7.8095365,124990
1.8859172,1.2643324,5.9702816,4.4104056,5.4072456,238000
12.283851,-0.39222592,0.95589554,2.9116673,6.893344,94800
12.015871,-0.62837225,1.6438624,3.5702806,4.586705,45000
1.2862276,1.7669895,-2.3936346,2.415687,5.2260823,120000
2.0223196,2.1402912,1.0942005,2.9876566,7.6840067,358000
-0.6072098,0.38072965,1.440404,3.2878315,-0.972464,64900
11.135232,1.382026,1.7757372,2.9601402,4.4582295,48700
1.125845,2.0376027,0.7166703,2.1256816,7.1358795,255000
11.930508,0.21886398,2.296974,4.0840816,4.7860427,119980
12.005758,-0.6905968,1.643154,3.6292994,4.6111183,79999
0.965145,2.8722513,0.60753125,4.0323496,7.629073,305000
11.156901,1.2394986,1.8698602,3.1762054,4.4684734,104000
11.23319,1.395692,1.6981573,2.8188882,4.47281,71000
1.6903586,1.5575708,-2.4895318,2.7549465,5.329506,69800
1.6982268,1.5489953,-2.4925969,2.7584138,5.333557,62400
0.93397874,-0.19826595,1.6455872,4.6285753,1.9632918,165900
-1.8111725,-1.6598191,-1.6822319,2.364784,10.134884,69500
-1.1514677,-1.2791282,-0.5248465,3.0924246,10.586739,79900
0.7146675,2.0696468,0.08076261,3.730247,7.533765,378730
10.539288,2.2018774,-0.07058429,3.574028,6.085405,130000
1.7846754,1.6974372,5.970432,4.253141,5.8514433,184000
0.83053416,1.8378489,1.5812747,4.5343194,1.0760897,169000
11.199562,1.3113232,1.7421577,2.7927175,4.2270684,59917
-1.2959564,0.4117498,-1.4779005,5.894116,9.770973,120000
2.136631,1.8342513,1.2879423,3.3357856,7.6753335,468000
10.635487,2.3454466,0.56252337,2.6619217,6.641886,205000
-0.20396873,-0.15360384,6.8095613,3.1459925,6.7477884,80000
11.826718,-0.9546126,0.9575767,3.944678,6.320331,46000
-0.26613727,-0.29592368,6.912721,3.2060177,6.646408,89450
-1.0225004,0.6815877,-2.1581352,5.727522,10.599056,98500
1.9060676,1.1915209,5.9874797,4.428245,5.3965845,143500
1.191285,1.2381449,-0.22662029,3.1092145,6.21574,155000
1.9174517,1.3073255,6.064829,4.437739,5.241387,140900
11.590976,0.0030740716,-0.6760971,3.2178912,6.5431333,89000
0.33375728,1.659466,-0.36871654,3.0980172,7.0134273,243120
-1.3047286,-2.9619818,0.7371373,3.3222342,1.1343809,71499
11.40038,1.2199588,1.8605431,3.3967617,4.877129,110000
11.742013,0.58473325,1.6306983,4.1626935,7.320316,149999
10.437737,2.2755497,0.84380955,2.2966938,7.6641574,299000
-1.2266771,-1.279616,-0.42063114,3.0713313,10.216351,120000
2.1656086,2.8879776,1.5136154,4.3915286,8.082466,249900
11.252829,1.762751,1.7162904,2.7321045,4.961638,88999
2.2383778,1.2362787,-2.5313137,3.0390508,5.442925,150000
-1.050539,-2.9220457,0.90494066,3.5507045,1.3448281,68500
11.665174,0.7756547,1.1654657,4.400329,7.434697,134990
-0.1903539,-0.3820653,-0.7023537,4.6954155,9.533546,152000
-0.296349,1.1290127,-0.98086095,5.275067,9.840844,285000
-0.073681414,-2.3052714,1.3732806,4.2345486,2.0769753,69900
-0.45599183,0.40036765,1.0822073,3.2733443,-0.864313,88500
0.2931944,-1.0892794,1.4658928,4.2108054,2.255458,118808
-2.6051538,-1.8044664,-1.4101906,3.6055331,9.93583,74900
-2.6868594,-1.3119265,-0.8770978,2.6885216,9.695254,54400
-1.0160216,-1.3868971,-2.5697653,3.4869554,11.054135,78000
1.2020338,1.721476,1.4369289,4.0491986,1.0968449,106650
11.541664,1.3170851,1.7454159,3.3208096,5.174274,95000
-1.0817803,-0.79199874,1.0910659,3.5931888,1.3773947,76725
0.7358496,-1.8493979,1.3868119,4.6639066,2.2768233,103000
0.7125193,-1.8699405,1.3959254,4.662401,2.2737257,100000
-1.0401009,0.54236156,-1.3059736,5.9739923,9.665593,180000
0.1626914,-1.3432257,1.5706279,4.1888914,2.3299868,103000
-1.3271611,-3.0210934,0.73386264,3.3330011,1.1239845,68500
-1.195376,-0.9205891,-0.9734426,3.6227295,10.971069,150000
-1.2865236,-2.951658,0.7323155,3.3138437,1.1512697,67500
0.0016310738,0.667007,-0.20195022,2.9559321,-1.2691482,99900
-0.47658962,0.38299412,1.1914427,3.3094993,-0.82365716,103000
0.12489137,0.73299104,-0.054455094,3.0500474,-1.0167308,89850
10.58777,2.3033962,0.9353748,2.8609526,7.308424,369000
-1.5618168,-2.4422388,0.12507746,3.213574,1.4815047,75140
-1.7283086,-1.1961087,-0.59291184,2.5740945,9.886464,75500
0.6095897,-0.79300153,1.722402,4.570858,2.3712642,176900
12.144729,0.35368496,2.419455,4.494507,4.844726,124000
11.3312025,-1.3318102,0.61557657,5.4378796,8.352127,135000
-0.57944304,0.26933092,1.5630636,3.4721622,-0.45133725,80000
-0.8747891,0.7048134,-1.2061379,5.9966636,9.747079,179999
-1.0511061,-1.1933287,-0.12313913,3.4677548,10.117468,115000
0.061964195,0.23187247,2.764639,2.8283257,6.87515,114180
-0.019032875,2.1098554,0.05900055,2.9835265,6.972495,174890
-0.109327935,2.0180244,0.29840794,3.0517454,7.3652825,185600
0.18372087,0.71923906,-0.5836655,5.1986957,9.6698265,250000
1.7456341,1.5869646,-2.2817144,2.8502479,5.311349,227490
-0.4331815,0.33383098,0.7299697,3.2007723,-0.29863748,82600
-0.46828473,0.29857597,0.91405714,3.2737906,-0.2263819,85900
-0.045978304,-1.248514,1.3516772,4.0832143,2.178898,78900
-0.32428366,0.40787178,1.9420323,3.7274973,0.25888368,95541
1.5086255,1.7756724,-2.4530976,2.5279553,5.2569375,100000
1.605677,1.8576715,-2.4535518,2.5612893,5.292408,100000
-0.101230934,0.68898374,-0.25072658,5.215248,9.902096,174900
11.988828,0.42064404,1.4706576,3.261091,5.330097,139000
1.9761996,0.9653685,1.317504,2.5919049,8.175253,220000
12.018841,-1.0411568,0.842692,2.8743045,6.4533515,92800
1.9065274,1.4968947,6.267357,4.213525,5.989554,189365
12.465367,-0.6128552,0.3722777,2.9489958,6.86537,120000
-0.18821521,0.09787273,8.44921,3.2228734,6.9588895,85910
0.29309914,-1.6180319,1.8178754,4.613943,2.4008648,133211
12.126521,-0.7299378,0.56113553,2.8086646,6.4524574,103900
0.27110645,-1.626729,1.8327179,4.6226,2.3899894,103792
0.8004926,2.5321114,0.5514311,4.038739,7.975205,298000
-1.2025539,-1.2916769,-1.2206497,3.0117435,10.617816,63000
0.79460144,2.5481262,0.5495149,4.0478673,7.9747844,230000
0.8062,2.5582619,0.5605475,4.049184,7.9841595,256000
10.789286,1.9117235,2.1116138,3.204718,5.514753,115000
-0.20752122,1.2376727,-0.6326709,5.7521334,9.883798,245000
1.6919863,3.0233226,1.0191799,4.4205613,8.239466,443000
12.20169,-1.0259178,0.37897822,3.5416038,6.876543,88000
0.40180287,0.39909205,1.9700913,2.8659565,7.067311,180000
0.7905538,2.5224032,0.5512436,4.0452933,7.9881935,280000
11.380591,-0.94235605,0.14907867,4.573046,6.732237,85000
2.7090807,2.8169024,2.0201833,4.4306536,8.200436,990000
1.1182548,3.130846,0.26508796,4.162679,7.7816544,300000
-1.5866383,-1.4005631,-0.8985099,3.9888706,10.31111,169900
1.6415386,2.4461722,0.62653446,3.871418,7.891378,365000
-0.08431955,0.2594836,2.9065194,2.7898011,6.783925,95000
0.7518327,1.830842,-1.2037228,2.5570834,6.313641,178900
11.380119,-0.9379298,0.14693329,4.572887,6.7318373,90000
-0.052203413,2.0891533,0.20047283,2.9820004,7.2533674,195000
-1.3241988,-1.3245678,-0.4674008,2.932339,10.177117,75999
0.6281713,-0.76937747,1.6523417,4.5145555,2.3568356,184900
0.23309097,-1.5355697,1.7760718,4.5294256,2.4248638,98900
2.61489,2.9040208,1.8873874,4.49238,8.194945,717000
0.18701977,2.2038844,0.027411053,2.608472,6.9449687,219000
2.5550823,2.919171,1.8333279,4.4866157,8.181738,649000
-0.31702086,0.9013844,-1.6811773,5.796477,11.226275,139000
-0.9883227,-1.2213851,-1.5583475,3.8914394,10.752077,139999
1.258205,1.8315437,1.5215954,4.4382544,1.540324,259000
11.324377,1.4453795,1.4617774,4.0807915,6.966531,349000
1.1733488,1.5983678,-1.2104018,2.1832535,5.9334087,175500
0.20353793,0.072536714,4.099914,3.1728458,6.4893966,125000
-0.96591634,-1.3941128,-0.30762634,3.088294,10.191381,84900
-0.93936306,-1.3905342,-0.17795222,3.3505352,10.092844,86000
-1.7256426,-1.445136,-1.0289973,2.2278733,9.827646,69000
2.52244,1.9359397,2.4589438,3.794689,8.252543,260000
10.7622795,2.2329185,-0.3177089,3.144511,6.261441,151500
-1.2101804,-1.298778,-1.1976211,3.016898,10.616836,57000
12.944018,-0.94682527,0.6548412,3.532936,6.0850797,115000
-1.1495539,0.4972217,-1.4424388,6.0282364,9.694854,124999
11.019908,1.5465591,1.6255403,3.1902833,4.7377872,103000
1.4838126,1.3975399,-2.212044,2.9219341,5.8140626,64995
0.094514064,0.73159367,-0.24439259,3.0563474,-0.6925572,111000
1.3514014,1.7972891,1.2972947,4.208304,0.73714083,144000
11.119149,1.7185926,1.2140366,3.5015287,7.282334,460000
3.362964,0.67562,0.582262,4.650856,6.4717646,875000
11.3713255,-0.76436466,1.3605348,4.317635,6.262172,81900
10.797308,1.9738953,0.25668606,2.6661355,7.6253366,175000
-1.7797887,-1.774171,-1.1583921,4.504714,10.043512,109000
-0.44934237,-0.2293448,5.488436,3.0400157,6.539597,77000
1.9122193,1.5008659,6.06902,4.309101,5.768354,209000
1.9089323,1.1777558,5.993422,4.4437113,5.3469896,230000
-2.0174735,-1.664261,-1.3559124,4.5018325,9.961993,75000
4.036924,7.110585,0.88438725,3.1304557,7.0573993,980800
-1.9760668,-1.630746,-1.5987082,2.69771,9.919544,77500
2.062153,1.7975067,1.3469343,3.3375883,7.8661537,320000
2.5346272,1.985521,2.4327826,3.7909265,8.288984,630000
-0.34676,0.26384503,-1.0336971,4.832741,10.737725,233000
-0.91385865,-1.666763,-2.9969888,3.2721322,11.1009865,99599
11.399192,-0.7329843,1.3313402,4.275513,6.24995,45000
0.59390384,-0.7172903,1.6921179,4.5515914,2.372368,389620
4.019337,7.1015315,0.8947179,3.1174483,7.052145,1020000
10.427236,1.9565223,0.3133481,4.156158,6.7245812,369000
0.21968217,-1.6824019,1.88052,4.6617994,2.375045,114000
0.97945344,1.719476,-1.3109826,2.9424903,6.286192,165000
0.59095246,-0.8267437,1.7036556,4.5729055,2.2567003,127050
1.1175325,1.9343575,0.59954715,2.1086252,7.0316334,169000
0.26593736,-1.7169578,1.9443082,4.7278137,2.3848517,89500
-0.5002907,0.3942276,1.2240541,3.3038144,-0.85948694,107500
0.99962044,3.559641,0.045725174,3.406734,6.9371166,184000
12.030888,-0.61608684,1.6477667,3.537523,4.518125,69900
1.6225023,1.9064485,5.7696605,4.2910304,5.6190724,180000
10.765889,2.0490465,2.2767396,2.341259,5.9568405,80991
0.042545706,0.5419185,-2.210401,6.0310245,10.5503845,118899
-0.31362098,1.275212,-0.8462072,5.3340673,9.999729,389000
-0.53634495,0.40089142,1.3004563,3.2554054,-0.9868922,165900
0.80304825,1.371621,1.6323984,4.3199816,1.1379231,180000
0.6560544,3.1242838,0.3061343,3.2431395,7.0265574,142000
1.2045916,1.7884182,1.5397562,4.464622,1.5426289,243900
10.782396,1.2362623,-0.6616078,3.4983258,6.4719324,42000
-0.16536482,-0.094767325,6.7920423,3.119224,6.80308,82320
-0.9686876,-1.3787332,-1.2013211,3.7491617,10.449203,129300
11.604754,1.3715088,1.3016171,2.6629212,5.4515147,199750
11.653105,0.25477016,0.26318538,5.357479,8.457149,107000
3.752187,7.00443,0.79861903,3.295056,6.9067845,398868
0.29934022,0.27092,1.8896658,2.7537434,6.87955,64000
-0.21004447,-0.10392915,6.989725,3.1414056,6.818599,91239
-0.21369681,-0.119185776,7.036984,3.1595056,6.8050838,103719
2.7390041,2.5284338,2.272303,4.220272,8.198965,890000
0.30421734,-1.7928436,2.1004407,4.8403964,2.3927271,84580
1.0480713,-1.552368,1.1959174,4.658292,2.2018237,98700
1.9965911,1.3077881,-2.5911036,2.8733988,5.3414464,81000
-1.0696402,-0.7986507,1.1219876,3.6086223,1.4054524,95000
0.53521717,0.4544579,0.99951327,2.8344665,6.053137,69800
10.759257,2.0431101,2.2747576,2.3704016,5.942471,65000
-1.1251223,-1.0371522,0.94051176,3.4994824,1.4339852,62000
11.248622,1.6678483,1.4565067,2.6340108,4.9029555,31900
11.111898,1.4416239,1.6253705,3.1744604,4.6671295,67180
11.385676,1.4001561,1.8182337,3.388528,5.0754147,83500
12.228169,-0.14989166,1.4559053,3.2157395,4.9519477,99500
0.69527507,-0.12955447,1.6138972,4.458973,2.025235,133500
10.007146,2.2400198,0.97992676,4.3167634,7.3215837,369000
-2.0568757,-1.4303826,-1.6020955,3.6418695,9.971384,130000
-1.0513778,-0.79842514,1.133356,3.6251667,1.4152558,87500
11.045189,1.8311688,1.6398652,2.613142,5.294269,93000
-1.3172038,0.648629,5.898333,2.976703,6.981844,114000
11.547917,1.1832795,1.5478642,2.916311,4.486413,69800
-1.0920385,-0.9069473,1.1503173,3.5861094,1.382966,88500
11.627252,1.29491,1.5010521,2.815582,5.107738,64900
-0.97045916,-0.95212674,1.2209774,3.7376938,1.5356227,93500
-2.111142,-1.4843743,-1.6338149,3.6036572,9.871677,72000
-0.97335273,-2.4287884,0.7576556,3.4367661,1.4868115,50000
11.206598,1.5579002,1.5999289,3.027459,4.7793765,89800
11.12646,1.4303647,1.6303412,3.147568,4.672032,69210
1.3048815,-0.19912551,1.49676,4.7794013,1.7936282,120400
1.7140788,3.004909,0.83502865,4.453839,8.26375,315000
-2.0880797,-1.4658579,-1.6012387,3.6327074,9.898115,88500
11.605958,0.23945616,0.30948234,5.3360095,8.42737,175000
-0.25875774,0.99679124,-1.3543987,5.5160146,9.829083,312000
-0.8071059,0.62084717,-2.1826298,5.9386344,10.421984,135000
-1.2318257,-1.2274697,-1.7775235,3.6231184,11.142413,139000
12.21624,0.09411784,1.0897217,3.250466,5.7476463,114900
-2.0364435,-1.399744,-1.6121287,3.682069,9.946805,114000
12.026444,-0.9529094,1.0061811,3.8297193,6.7013474,79500
0.5521887,0.4690341,0.96466285,2.844619,6.0214834,75000
11.607362,0.23483996,0.3052034,5.3393846,8.430888,175000
-2.1303833,-1.4904304,-1.5879556,3.629658,9.886244,94000
12.065197,-1.1955942,0.23411182,3.7068968,7.1088343,114900
0.362427,0.08051627,2.3025076,2.8599992,7.0000033,157000
11.665274,1.2845656,1.4231851,2.7093878,5.2518983,75000
12.291754,-0.38229316,0.9582062,2.9000993,6.889796,94900
-0.9944271,-1.2121276,-1.5700414,3.8830788,10.766366,141000
2.0623376,1.3034647,-2.5463097,2.9560626,5.406912,115500
0.085497685,1.7901616,-0.041720975,2.722146,6.726033,211500
11.299822,-0.5678818,1.5330157,4.1904783,6.2655983,114900
0.546214,0.5117771,0.94100016,2.8630588,5.9884815,75000
0.08484695,1.8304201,-0.05427245,2.716758,6.7372875,199750
12.249105,-0.44833228,1.5082576,3.3285112,4.7128587,69500
10.718914,2.1816719,0.81757176,2.871371,7.206478,469900
11.895549,-1.6604432,0.5042904,3.529525,6.924899,35000
0.9701416,1.502236,1.567043,4.1297116,1.1718392,155000
11.961078,-1.4193162,0.9863481,2.964451,6.3252873,27500
11.97302,-1.061008,0.75048006,3.2201166,6.6481957,63000
-0.2170792,0.9818822,-0.36793238,5.3325343,10.634646,135000
12.051775,-0.5640604,-0.28754324,3.262215,6.7049856,142000
1.0965625,1.5889055,-2.6648195,2.2338703,5.431413,45000
3.7555745,6.9153123,0.8740116,3.2232287,6.946967,456272
10.814982,2.0314062,2.024719,2.312929,5.873466,85200
11.616151,0.2017312,0.2925167,5.3178415,8.409671,124000
12.362409,-0.3972207,1.4519843,3.2135284,4.738825,57000
12.237961,-0.5598526,0.6917231,3.2242806,6.9807615,105999
3.2969885,0.7394318,0.5972277,4.6260495,6.5086856,395000
-0.9244855,-1.0775014,-0.8428959,3.645386,10.411119,134500
10.5164385,1.8395853,0.042989984,3.989456,6.5092454,252000
0.13447252,0.51711726,-0.43521416,5.4382243,10.365048,136999
10.681152,2.388266,-0.2819057,3.1953702,6.1953917,134999
10.823777,2.07397,2.213447,2.6873794,6.307283,128500
12.913573,0.69601965,2.5146563,4.648692,5.338407,115000
5.215213,9.245981,2.111711,9.716596,5.8944883,145000
-1.088711,-1.2610917,-0.47724926,3.780786,10.092023,115000
10.727593,1.5307913,-0.22479168,3.6533558,6.599462,195000
10.783685,1.9172875,2.1144311,3.1831546,5.5091143,115000
-2.5101697,-1.89417,-1.3081843,3.5295959,9.952945,120000
1.5904254,1.1054393,0.4532411,3.1658733,6.2543797,217300
11.428093,-1.7648356,0.54129523,4.695425,7.179356,103500
0.4555091,0.13982294,4.2004666,3.3282316,6.377931,121252
3.9008653,7.0324426,0.8958294,3.1389227,6.9981003,518892
0.9919385,2.4346976,1.0022476,4.082696,7.49242,190986
-0.5450539,0.39397222,1.2935756,3.2831066,-0.94667125,128260
11.441675,-1.7781936,0.53625566,4.6810117,7.174216,103000
10.781057,1.6456848,2.0278032,3.3373942,5.41593,137919
-1.0686545,-1.3193083,-0.34925553,3.3665905,10.047323,120000
1.4723189,1.4056536,-2.2497091,2.9450932,5.82434,68750
1.2176574,1.7493504,1.4290512,4.050632,1.0482064,139000
-0.19673455,0.64109045,-1.5006746,5.419571,10.576425,179999
1.9382654,1.3775204,-2.5096018,2.879891,5.3059216,130438
0.5055745,0.15348083,4.208539,3.3483746,6.370302,100927
3.442817,0.6080658,0.5705311,4.659276,6.4771,110000
-2.8386195,-1.8471737,-1.3246405,3.8794832,10.198443,96000
0.07408628,0.7622801,-0.004358305,3.1347046,-1.1903831,107500
10.535307,2.1209779,-0.11744417,3.6455576,6.123015,135000
12.073734,-0.9148508,-0.6807555,3.6699233,6.829234,114000
3.3808703,0.6494642,0.5724767,4.654276,6.4718394,299000
10.737302,1.9451264,1.2030555,4.004786,6.446785,249000
2.0148234,1.3047382,-2.6146774,2.8823016,5.3285084,98010
12.071692,-1.4076761,-0.5580908,3.9167137,7.039349,140000
1.9064423,1.2061124,6.0037684,4.434586,5.3350296,159750
10.962989,2.0019257,0.9849391,2.4890692,5.0572424,62999
12.241254,-0.867463,0.5181561,3.247872,7.034193,82000
2.016659,1.2990769,-2.6261153,2.885164,5.340576,76230
12.170995,-0.8627097,0.52973264,3.3770957,7.000031,99900
1.3175819,1.7917982,1.3347847,4.09417,0.878415,139000
11.461224,0.15627623,-0.9162703,3.359187,6.4107957,69000
-0.9501894,-0.83428186,1.1029415,3.6784887,1.4741666,138900
-1.0792576,-1.3731681,-0.3454109,2.9455812,10.231309,79900
0.52575207,0.39274028,1.4460504,2.770195,6.6190658,125000
-0.33404863,0.1659146,-0.96529955,4.725452,10.722954,225000
0.5631095,0.14770108,2.3118594,2.9585614,7.221231,120500
2.5639672,1.760417,2.6842563,3.7568567,8.345928,167000
2.2073612,2.0474603,1.2392336,2.1796935,7.535508,349900
1.0475692,1.6900731,1.5036868,4.354483,0.8549238,164000
11.535608,0.31860915,1.6466959,2.979407,4.454072,49000
-1.2851864,0.56431085,5.958924,2.9326878,6.924687,85900
12.027029,0.09389509,1.4076661,3.284918,5.444094,86900
1.7557192,1.7401949,5.942577,4.251196,5.840188,184691
10.769375,2.0506182,2.2801986,2.3479834,5.9852524,86400
11.089431,1.7098536,1.7167939,3.0838723,4.952678,97999
11.714249,-0.357404,2.1330419,4.7252254,6.5705214,139800
0.938714,1.7130235,1.6159233,2.9388638,7.6606746,145200
12.063855,-0.8260024,0.75412047,2.886909,6.5498896,59500
0.9634887,3.2115555,0.24549665,3.6046264,7.3116813,220000
-0.9086674,-1.3641627,-0.25530255,3.2359686,10.025713,140000
11.692485,0.82902664,1.5278556,3.706987,7.505362,199900
1.0975065,2.3891692,0.98339176,4.1430063,8.212036,296450
2.5748367,2.0757911,2.3845994,3.8530488,8.2492285,375000
2.123659,2.2172425,2.0013185,4.114812,8.012239,303500
-0.06588162,-2.269455,1.4099442,4.241548,2.1157641,68500
11.500737,-0.6450528,1.7075715,4.267496,5.382804,56950
11.143925,1.264121,1.8607255,3.1678998,4.4943943,96500
10.65423,2.4199193,-0.28687337,3.2008522,6.1583724,134900
0.20835328,1.906105,0.59978616,3.1399653,7.524611,224900
9.6085615,3.9785185,0.79004055,3.9714205,6.647092,285000
1.0768378,1.5517434,-2.3455372,2.2400563,5.6184278,61000
1.3003216,1.9884055,-1.8472629,2.550914,5.631383,82500
11.913848,0.22506113,2.0644038,4.456963,6.8251295,124900
-1.5531554,-2.464455,0.1373269,3.2368,1.4881393,80000
10.708518,1.9743454,2.2001948,2.3813272,5.807275,147000
10.627186,1.9697698,1.0121284,4.0983286,6.75163,189000
0.16308127,0.8685426,-0.063385844,3.1498299,-0.8667595,120000
0.39209533,0.18855517,2.0479803,2.8620143,7.0109954,127500
0.25092235,-1.4641863,1.7935576,4.5311084,2.4732366,99900
11.002412,1.9525546,1.3359525,3.937342,6.6949797,447512
0.15580408,0.93394464,0.10710809,3.2374973,-0.8770018,145000
-0.6207594,0.20658726,1.5742943,3.4873707,-0.54825693,92000
12.085434,-1.4224917,-0.5595812,3.9007204,7.030417,98000
-0.121013805,-0.08482153,6.8745017,3.120592,6.8279705,104000
11.572031,-0.78287166,1.1064302,4.155091,6.2821455,103000
11.333707,1.1785092,1.8153597,3.1167765,4.5300794,99825
11.230962,1.6865902,1.5956972,2.666319,4.9031935,89900
0.12210028,0.90470904,0.095331505,3.2170181,-0.9083717,132000
11.459799,-0.8446534,0.52309716,5.34081,8.407307,405000
10.866764,2.0951686,1.1607184,3.5727448,6.972772,224999
12.12127,-0.79801005,0.90028435,3.4053829,6.805872,87000
12.140018,0.34519196,1.3773961,3.6555738,5.6645794,120000
0.73332703,2.0158944,0.06523934,3.74881,7.553566,251000
1.0163622,1.9340518,1.5307463,4.479035,0.8157524,121605
10.703879,2.4219387,-0.070562884,3.0614645,6.412976,159900
1.9327722,1.4758432,6.19702,4.444307,5.0440125,119700
-0.47746742,0.19867948,0.68046427,3.2103078,-1.0523633,103400
3.0654929,1.8289373,1.454115,1.6660249,7.6401105,155000
11.2585535,1.7515502,1.7091464,2.732512,4.9393053,88999
-2.229868,-1.853429,-1.4823569,3.8024206,9.591621,85000
12.162878,-0.09433808,2.5983377,4.8141756,5.2325463,105000
10.617394,2.443223,-0.27304378,3.2447946,6.1631613,94900
11.150949,1.5315304,1.6600544,2.8446512,4.5905566,19000
1.3229958,1.8958421,1.4598523,4.3666635,1.4726157,259000
10.975711,1.6179285,1.745093,3.182952,4.8015265,84999
10.967906,1.3859069,1.842755,3.1870515,4.5794244,68500
11.981677,0.036452375,2.3072665,4.638659,6.614922,107000
1.2598332,1.8312867,1.3753422,4.2023807,0.7693574,137000
10.96605,1.5354124,1.9776242,3.3684142,5.040844,155000
-0.9128372,0.69076186,-1.2322592,6.0090876,9.737128,175000
12.166848,-0.09588069,2.6027784,4.810476,5.2041698,105000
5.2422905,9.214704,2.0786684,9.700123,5.9304276,124800
-1.5473906,-2.4105139,0.124553494,3.218519,1.4513409,69000
1.3007343,1.8512595,1.3580824,4.2117605,0.7771432,96500
-1.0267042,-0.8440767,1.14328,3.654839,1.4457138,95499
1.3059067,-0.2080515,1.4978249,4.7809796,1.8002434,115499
-1.0178766,-0.81996036,1.16321,3.6711974,1.4484998,92624
0.8573078,2.4197621,0.6932339,4.120227,8.2476425,283000
1.9033805,1.5131311,6.068995,4.2965117,5.789183,156500
1.959884,1.474519,6.231915,4.493331,4.8917713,110500
-0.34349465,-0.39290085,6.908078,3.1907828,6.5937057,71000
-0.4541842,-0.20809785,5.4931746,3.0510743,6.5433364,67609
0.7405767,2.4022665,0.5700713,2.4381182,7.0940757,260000
1.3231875,-0.15742435,1.4485704,4.739876,1.7407684,152900
0.91891414,-0.23320627,1.653053,4.6287675,1.9825214,155000
-0.18646188,-0.26780015,-0.9864407,4.881341,9.5378065,215000
1.3272333,1.8521267,1.333823,4.216415,0.7423105,122500
11.245535,1.7446519,1.5456289,3.8881967,6.367748,179000
-0.9274479,-1.0676731,-1.2038592,3.7663076,10.633927,150000
11.355113,0.92823684,1.7557658,3.2584696,4.5791473,82000
0.13447139,-1.5035735,1.5609689,4.317351,2.515206,189000
12.240182,-1.4419742,0.97355765,2.789088,5.903972,90000
10.756012,2.316995,0.6718004,2.3940942,6.8756223,258000
0.30119252,0.53908604,-0.15753363,5.5512986,10.654765,144990
-0.34482878,1.1628456,-0.295965,5.1011705,10.105676,139800
-1.1213561,0.34396657,-1.4743224,6.097538,9.630146,116000
-1.8783284,-1.7023005,-1.182448,4.562791,10.033495,67000
-0.40669197,-0.4886588,-1.0176084,4.8706155,9.464913,125000
12.094208,-0.933954,-0.7109526,3.6536694,6.8314357,93000
-0.52533275,0.4559081,1.5812765,3.5412536,-0.22505647,103600
0.7407491,0.2372554,4.2923694,3.4241557,6.403037,127500
0.008198926,0.5526088,-0.48109457,5.3248672,10.418507,98000
1.2903209,1.8247936,1.3542293,4.2251387,0.76260114,100500
-0.92441773,0.670619,-0.98716754,5.792675,9.4973545,145000
12.964592,0.7444952,2.4687574,4.5937767,5.3415675,90000
10.358414,2.2805574,0.88516796,4.0481143,7.0833015,590000
1.2173415,1.8376976,1.6166294,3.0511706,7.579269,424000
1.2245194,1.6828926,-2.1958125,2.4206905,5.330978,84900
1.5847505,1.6920495,-2.5171714,2.5767534,5.1690936,77500
1.2437233,1.7222383,-2.4124398,2.3938274,5.229724,69900
1.4051965,1.7335705,-2.4513335,2.4564998,5.072901,94900
0.23735261,-1.5448203,1.7847012,4.5405707,2.4264028,82900
-1.8234862,-1.221672,-0.68860805,2.378071,9.778684,69000
10.742122,1.4248701,2.2440403,1.7934178,6.9019575,115500
3.2799082,6.3115063,1.5776079,1.7153262,7.662485,96900
4.5242667,8.031247,1.45329,1.6377162,6.714052,83000
3.4510357,6.090305,1.7030296,1.9217485,7.723237,112000
3.365901,6.209681,1.489889,2.0973032,7.552888,199900
3.4652147,6.0843077,1.7106241,1.9410272,7.724977,134000
1.0071113,2.3336713,0.9691445,2.4488044,7.840406,219318
3.1185446,6.2162123,1.6964383,1.545369,7.833754,87500
3.2777524,6.0425177,1.5318028,2.0796046,7.635547,179900
4.5390086,8.054997,1.4383547,1.6080599,6.700314,125900
4.5003834,8.039984,1.4843193,1.7410668,6.70824,119000
4.3588037,7.6967,1.4431623,1.818351,6.8825316,101000
1.1812241,1.0106689,3.239969,2.860383,10.124031,149000
1.1778511,1.0015869,3.2180283,2.8652594,10.102986,172000
10.716234,2.199633,0.836235,2.9484344,7.1431875,490000
10.718141,2.3134768,0.6239527,2.5278971,6.7579575,210000
10.764688,2.300191,0.6769478,2.4076216,6.862579,270000
1.0373037,1.6960946,-2.227621,2.4061234,5.1851234,134800
1.1874487,1.6887667,-1.1429055,2.9808288,6.2365384,152000
1.2231576,1.6323453,-1.1290308,2.913265,6.194221,132000
3.1238718,6.1830015,1.7034817,1.5718309,7.8349214,94900
10.866754,1.1911207,-0.8226977,3.1439407,6.4434566,41200
3.31127,6.094926,1.5187147,2.0792208,7.6099906,209900
4.745207,8.473249,1.6406907,1.5863438,6.480408,161000
5.2153893,9.417834,2.2597446,9.886091,5.732357,96000
4.5996695,8.182159,1.4711955,1.5586421,6.6278534,116500
0.8354829,0.7071106,2.8828394,2.783335,10.081276,95000
4.588267,8.200253,1.5157633,1.646152,6.6242194,319000
3.3118486,6.1396117,1.5442002,1.9878206,7.6302137,190000
1.378353,1.7026813,-2.8099098,2.3857076,4.725553,63000
1.1214409,2.6696935,0.63832027,3.6371033,7.899068,450000
1.1629806,1.5855244,-2.4041574,2.3872921,4.7557063,81000
1.3892797,1.7037394,-2.809603,2.3888528,4.713209,81000
1.0089378,1.5179766,-2.8582096,2.1659462,5.4594717,41100
10.780051,1.3442246,-0.7853289,3.1436982,6.439694,61600
1.0719993,1.7505513,-2.3484182,2.4303625,5.190179,67400
0.507051,0.340722,4.276723,2.3446045,11.279055,105500
0.03223046,0.59368205,2.5496733,2.8067117,7.0014434,95000
0.27039808,0.3652792,2.1337516,2.8354654,7.0051813,106000
0.37943503,0.3955923,2.330553,2.9372427,7.2263646,121000
0.89025414,1.8267876,-2.1849928,2.629235,5.4683948,132300
1.0311208,2.1280959,0.71891147,2.169872,7.170568,165000
10.686213,1.4577099,-0.7559319,3.2191613,6.329916,106800
0.8428462,2.2770722,0.68747544,2.3135977,7.2108874,255000
3.1790273,1.7660353,1.425302,1.6255257,7.6279087,299000
3.219671,1.6272814,1.248532,1.7888553,7.5953393,259000
1.3968544,2.5559523,0.7256131,3.4930644,7.8722734,280000
1.4099984,2.4834538,0.78636414,3.262642,7.8243957,285000
5.239274,9.423695,2.2674055,9.891634,5.7254577,152000
0.7166786,3.0801663,0.16518402,3.1991928,7.117848,165000
1.7582909,1.2984208,2.956254,3.1988676,9.454151,261000
0.6948237,0.5841492,3.0395918,2.6843264,10.260791,85000
10.774247,1.3452636,-0.792222,3.1324112,6.4403543,51200
4.618051,8.250174,1.518609,1.5903467,6.59933,184000
10.56148,2.494628,0.13782385,3.426544,6.1349325,159900
3.2154052,6.01599,1.491353,2.1009033,7.6281867,214980
10.64157,1.4674889,-0.72065943,3.3065884,6.3368645,75000
10.682671,1.4739435,-0.7608744,3.170758,6.310241,74850
1.105308,1.6963993,-2.3379626,2.3658853,5.1704144,55700
0.72096586,0.6153156,2.8850691,2.7197285,10.138924,84000
1.919035,1.4295954,2.8896523,3.318768,9.25649,299000
-1.4317464,-3.1573977,0.71665126,3.3136642,1.0369477,67000
1.366598,1.6934258,-2.7686193,2.398478,4.7538595,97900
1.4356366,3.548315,0.30853203,2.956903,7.9843397,270000
1.0825481,1.7335439,-2.3629682,2.3910174,5.1848245,49830
3.3273115,6.116677,1.4834296,2.0935128,7.579129,230000
3.2710466,6.048641,1.5538468,2.0382383,7.658592,220000
10.856585,1.2295494,-0.82766193,3.1247942,6.4640346,33900
1.2362099,1.9779769,0.7872825,2.140137,7.105889,215000
4.4001822,7.7819934,1.4447163,1.7689105,6.8405104,101750
0.3573426,2.9132543,0.6509721,3.1602194,7.1567802,109998
0.31813034,2.9019365,0.62876827,3.125388,7.1380186,109641
4.3501215,7.7225943,1.4255328,1.8085321,6.8796744,130592
3.1626956,6.1363564,1.5986217,1.7259082,7.736573,145000
0.8512387,1.8592288,-2.072401,2.7367058,5.6642823,62000
0.32884535,2.8663626,0.5873705,3.0927064,7.1420975,123165
1.4384497,3.5516584,0.30679384,2.9525726,7.9854755,270000
-0.56451046,0.21878725,1.687678,3.5271978,-0.5379269,113100
0.53440106,0.5769289,0.9984752,3.202327,9.158874,166750
-1.3598719,-3.0806332,0.7460955,3.2635276,1.1454116,63000
1.228742,1.8036344,-2.927434,2.4014375,4.877397,86500
10.785319,2.0896633,0.9706457,2.2512612,7.020102,185000
9.732317,2.3411565,1.1945645,4.2874,7.692705,1490000
-0.50226754,0.26408908,0.9700113,3.307261,-0.2525256,80200
3.211799,6.1956215,1.6135657,1.708329,7.7230096,145000
10.70647,2.2145746,0.7210289,2.754704,7.4042606,309990
9.627936,3.9950294,0.8799166,4.0389543,6.6883097,369000
10.708433,2.2797728,0.8178039,2.4003844,6.880706,185000
10.969725,1.5365899,-0.60219014,2.590439,7.152261,130000
9.60761,4.014305,0.79966164,3.992209,6.6287284,299000
10.64667,1.4622422,2.6211221,1.5666915,6.6996474,115000
9.585328,4.0484204,0.84227216,4.0192823,6.6479535,245000
10.637354,1.0819646,1.7355018,3.0976477,6.9649,277000
12.207166,-0.87302464,0.81590974,3.454617,6.7744246,122900
10.973196,1.4612802,-0.3567714,3.384928,7.000524,275000
11.3751545,1.4901681,1.8086421,3.2915578,5.0706515,124000
12.214875,0.90682685,0.76597995,4.371779,8.246434,119500
10.652957,2.3487713,0.93634397,3.7366695,6.9710007,395000
10.6612,2.3322487,0.68442714,2.5298328,6.616439,330000
0.47559765,2.3936367,0.106610954,2.5323067,6.851361,170432
10.232969,2.391191,0.943489,4.147014,7.2754164,145000
11.690587,-0.2291743,1.3888619,2.8935516,7.275167,115000
10.729375,1.0945231,1.5602313,2.7926416,6.7365117,228000
0.6775992,1.4642363,-1.5843658,2.5711615,6.220527,110000
10.935031,0.5756174,1.6701931,3.4374294,7.2837634,365000
-0.19053826,-0.19459143,-0.29080215,4.2096457,9.850516,170000
1.0303612,1.66117,-3.1361904,2.174052,5.2476315,48900
3.8136497,7.012485,0.83309674,3.242377,6.9312415,365000
1.4747545,3.5439775,0.3393777,2.974904,8.01447,478000
-0.9176467,-1.5815127,-2.918287,3.3388352,11.081319,127000
10.413065,2.5253468,0.51611596,3.9258904,6.6878757,169900
0.89296424,0.7362173,3.1091316,2.7504697,10.192538,78100
0.994786,0.76303357,3.05784,2.811784,10.092516,84900
0.8933937,0.73670727,3.1177745,2.749949,10.198689,78100
0.96072423,0.7445031,3.0537434,2.8013225,10.112357,84900
4.5459247,8.068792,1.4314308,1.5810338,6.6958294,134900
10.706481,1.462095,-0.75518,3.1856923,6.3365574,66800
10.415063,2.525943,0.58424824,3.9418387,6.8055468,219900
10.439629,2.5213394,0.46643344,3.8598378,6.6220455,169900
1.1998171,1.7344439,1.4670881,4.2158155,1.3469243,155000
1.1380712,1.7512796,-2.8409941,2.357531,4.985593,71900
10.617344,1.7798502,2.5512757,1.8847067,6.3265824,64580
1.6780078,2.5515902,0.8727535,3.521152,7.8334475,364000
0.833315,2.2758095,0.66126543,2.3244157,7.182469,194000
3.21505,1.7282722,1.3868667,1.660133,7.597995,344000
0.5036706,0.3355168,4.2175646,2.505542,11.03784,119000
3.6775768,6.978531,1.0376067,2.9416623,6.9441204,215000
2.0908027,2.0557497,1.2077178,2.1158197,7.5213304,219500
10.730848,1.4100181,2.3298364,1.7131687,6.9007273,75570
0.7958644,2.2797978,0.6469346,2.368858,7.1876554,185000
1.3761356,1.0447394,3.3274715,2.9144151,10.062207,124300
10.660188,1.8607827,2.4810476,2.0201998,6.227184,113000
11.198395,1.539259,1.6514943,2.7368772,4.550796,67000
11.322803,1.5115732,1.6001432,2.996726,4.881749,82800
11.401407,1.220754,1.7683944,3.0449488,4.6557345,88500
11.334642,1.2695084,1.8714389,3.3806214,4.8421865,125000
0.9828454,2.8740888,0.70871896,3.9564557,7.690044,337000
0.8781714,2.2224634,0.67535084,2.2930598,7.1532035,189000
0.6869129,1.1433725,1.654851,4.342139,1.3262222,228000
10.38097,2.54173,0.554676,3.9698071,6.759867,219900
0.61804986,0.5811157,1.9844619,2.9085982,9.789411,142500
1.2060059,1.857254,1.4175917,4.290631,0.6535121,105000
0.023408452,1.0493981,0.17247924,3.4145975,-1.26089,87500
-1.6514368,-2.6167827,0.14272432,3.1291358,1.4176279,65000
-1.6070473,-2.6244738,0.19929905,3.1575844,1.3907042,58000
10.734131,1.4057126,2.3343182,1.7095368,6.909324,104180
10.773267,1.3753977,2.3262727,1.6998152,6.9019117,87000
-1.8406564,-1.6638384,-1.62295,2.429172,10.0157385,58000
3.2843833,1.6659079,1.2779486,1.7369387,7.574173,1598500
1.283563,1.756152,-3.0124753,2.3292747,4.8225408,65000
2.2570286,2.2891152,1.3863667,3.0973756,7.8113017,699000
2.2477872,2.1993656,1.4082259,3.184295,7.7982016,659000
3.2966366,1.6507739,1.2618532,1.7383157,7.5669703,869000
0.9716502,1.6354465,-3.2881734,2.0811317,5.323387,49900
1.1257275,1.6725676,-2.4017198,2.3369088,5.1484137,65900
4.5736685,8.116589,1.4513619,1.5871159,6.6628523,115000
-1.2435439,-2.7215993,0.615011,3.1545134,1.2437509,80000
1.38398,1.7018931,-2.808075,2.3850126,4.7165647,80900
1.3869318,3.5207026,0.285931,2.9171615,7.914716,169000
0.7996111,2.2867851,0.64202404,2.3734224,7.1712584,200000
-0.6324056,0.49008894,1.5191557,3.488258,-0.5778366,117000
1.1363022,0.88620996,3.3623662,2.7843637,10.2492695,102167
-1.5100538,-2.5192902,0.21771504,3.1488843,1.3791527,77000
2.9054792,1.7650174,1.3243865,1.8358823,7.600179,165000
0.96567374,1.6523674,-3.3195817,2.073989,5.3296266,48900
-0.016973617,0.93756944,0.03328417,3.254866,-1.1507303,102000
0.6181268,0.4390017,4.1824,2.2831461,11.2531595,68880
1.2662437,1.7726272,-2.9941735,2.3439493,4.862212,77450
0.10341222,1.7590053,0.25373313,2.9520478,7.675119,260000
0.52135944,0.35833496,4.1524544,2.5550296,10.939679,77000
1.2126954,3.314826,0.40090942,3.6305428,7.507898,260000
3.2992182,6.2177424,1.5779622,1.7719294,7.67242,172000
9.723516,2.346429,1.2045307,4.2718806,7.7145844,1495000
11.334128,1.4058772,1.840717,3.386578,5.0145626,122000
0.6677012,3.0436623,0.1621557,3.156236,7.0924215,158000
1.2151793,1.6903065,-2.693682,2.332899,5.042447,77900
1.2812222,1.8106992,-2.9734612,2.4066782,4.832564,68900
1.1055862,1.7173355,-2.3317595,2.377219,5.1763062,72200
0.47252947,-0.9167928,1.3869145,4.250249,2.2489579,165000
1.643826,1.1992311,4.089336,2.7822697,10.748475,114500
10.406181,1.2585839,3.0612717,1.3047575,6.976236,148700
0.7273468,1.6085955,-1.5169708,2.6441617,5.9577737,112000
2.1746902,3.1412683,1.19357,4.488361,8.2617,681000
3.5481582,6.90834,0.8191946,3.316052,6.7717705,260000
2.4258318,3.0328143,1.6229273,4.446001,8.231711,660000
0.48785254,1.0191858,1.7490953,4.2140865,1.0803056,100300
1.0420152,1.6682605,-3.211612,2.159142,5.2319303,49490
3.6419392,6.99063,0.7712279,3.3383718,6.834988,320000
4.3620577,7.7249446,1.4482051,1.855839,6.854349,164650
10.609944,2.4796722,-0.15237238,3.1958914,5.8319836,90500
10.607724,2.487409,-0.14698564,3.1988416,5.8285856,91000
4.5607395,8.1511345,1.503827,1.6642224,6.6579666,325000
1.8222792,1.3374256,0.027203385,3.0872254,6.389567,345000
10.576949,2.3710878,0.59937894,2.9111733,6.5307927,595000
2.0065765,2.235026,1.3801008,3.299049,7.7612743,330000
0.47233292,1.6269215,0.8622509,3.5117688,9.066474,297000
-0.5684986,0.302864,1.7358323,3.530244,-0.5678899,78500
3.9011636,7.0281825,0.9711209,3.0279374,7.034954,495000
0.7578802,0.6195182,2.999874,2.7113817,10.200018,68100
0.67334825,0.56287175,3.047211,2.6738408,10.281704,60900
0.6703021,0.5579745,3.0219471,2.6746252,10.264452,70200
12.156752,-0.8358657,0.8656354,3.4770586,6.750366,110000
0.4117158,0.24584669,4.430481,2.3151736,11.412595,108000
0.9467784,1.4186689,-2.7607155,2.1976337,5.6437607,48994
3.6346521,6.9588213,1.0301527,2.9757187,6.9110537,207500
1.691398,1.4748577,-1.0233644,2.8336012,5.8542476,209900
0.8682469,1.4821854,-2.787536,2.3075874,5.7684264,49880
10.557567,2.4887166,0.14155573,3.4449475,6.1500306,159900
0.6175484,0.43393838,4.263335,2.260264,11.317105,72632
2.6958137,1.7789804,1.1714656,2.1132655,7.5545564,265000
11.384272,1.4246813,1.8233688,3.4229841,5.144781,252000
9.552413,3.06298,1.3917735,3.1976058,7.3185425,269900
0.8399102,2.3007534,0.6809988,2.2817676,7.16317,210000
1.440961,2.209741,0.7536793,3.1177177,7.63919,295000
-0.45933038,0.29155746,0.7254985,3.1948788,-0.37303352,99000
-1.8729931,-1.7761527,-1.2424593,4.462454,10.022248,90000
11.002293,1.7554373,1.307352,2.3994231,6.0982637,129500
12.16495,0.34179142,2.4330497,4.492813,4.8322883,115000
-1.5184644,-2.4485319,0.14696841,3.240657,1.4364185,53390
-0.32614195,0.43495724,1.8805784,3.6901584,0.09850299,149000
11.641101,0.2382059,0.290633,5.3034425,8.407319,114000
-2.6801302,-1.3103352,-0.8755101,2.6878076,9.69728,49000
1.5262661,1.6481576,-2.374567,2.5777156,4.995768,129000
1.0410464,1.5879575,-2.8730032,2.2373917,5.2961493,72000
-2.8953016,-1.8799506,-1.3410424,3.940081,10.230295,90000
11.061398,1.6776452,1.2483131,2.314725,6.275383,189000
10.754189,-1.5603344,0.913892,5.613129,8.92355,399000
-0.09581792,0.8999328,0.26583797,3.2780662,-1.0622278,77000
-1.7440023,-1.7571418,-1.106786,4.550135,10.083289,107000
-1.3353778,-3.0634112,0.753565,3.2504413,1.1491989,67500
0.9068925,0.7414773,3.1104853,2.7561033,10.177072,86999
0.50011,0.59171796,0.93137765,3.295648,9.143107,195000
11.640548,-1.326124,0.8569195,3.697734,7.348315,69000
0.7987661,1.9775969,0.91122127,3.9378672,9.184174,250000
11.891276,0.0934793,2.2334943,4.3869925,6.5484643,115900
12.446396,-0.5688092,-0.623913,2.7276924,6.727839,117990
0.37988904,0.22929949,4.3940964,2.3660264,11.363107,76264
12.884761,0.7507907,2.3302598,4.4627433,5.3865285,115000
0.73346394,2.3007326,0.6495257,3.7331986,8.5841875,265000
2.799616,1.8524047,1.3864752,1.7852339,7.600531,150000
10.475758,2.1863697,0.9600722,3.424974,7.480064,720000
10.906424,2.1461585,1.2540538,3.6174057,6.9385867,152000
1.9699107,2.0622847,1.1443247,2.4948447,7.614675,344000
9.940345,2.1153827,1.3214095,4.047268,7.5073404,296500
-0.4543963,0.29461926,0.72625136,3.1963785,-0.3588353,113000
1.2838961,1.7826257,-2.9835725,2.3694046,4.8352356,64900
-0.58229995,0.28719282,1.7141159,3.5155733,-0.6104288,90990
-0.02313194,0.9909146,0.22524922,3.4108307,-1.3166484,76800
0.51849514,0.3938036,3.7060359,2.533584,10.814358,57960
1.230335,1.8121696,-2.938553,2.4165382,4.843132,89500
2.9161038,2.6688955,2.2965174,4.376178,8.231539,600000
3.6917973,6.8891344,0.9709478,3.083286,6.9694443,250000
10.097613,2.4928567,0.8979754,4.147749,7.191788,319900
-0.80880135,-0.3461826,0.85069716,3.443481,-0.84532005,104400
1.2124914,1.7957888,-2.9315937,2.393363,4.875302,66900
10.556211,2.3723035,0.5131874,2.8638852,6.4729514,220000
0.4057953,0.5026634,1.430793,3.0161567,9.681984,196000
10.8005495,1.3345706,-0.7996371,3.1547399,6.451303,57000
1.2219838,1.719363,-2.7467606,2.3016489,5.0079503,90900
3.204807,6.0015635,1.4642076,2.1308072,7.5989294,205841
10.412243,1.2628106,3.0493615,1.3133647,6.970089,230000
0.93749905,0.7349548,3.0653732,2.7866368,10.129922,96300
0.9613025,0.74279976,3.084953,2.794434,10.130449,93800
0.61115426,-1.8552054,1.5446332,4.7054095,2.3297372,120000
0.15028408,-1.5314676,1.691148,4.422015,2.3806753,138500
1.7930005,3.0489645,1.099216,4.4476414,8.254002,359900
10.726019,2.618815,0.9708821,3.0914385,6.9614162,204000
0.7638143,0.581603,3.8458035,2.5094645,10.840041,137000
1.2747866,1.8524588,1.508881,4.4373665,1.5322974,190000
-0.09102924,-2.173657,1.4140544,4.1996813,2.1345136,68500
2.090658,2.283034,1.3698614,3.388342,7.814138,360000
0.98878163,1.609567,-1.8111616,2.5831077,5.603397,116600
10.049465,2.4998386,0.900181,4.183605,7.211436,319900
3.8748305,7.0313606,0.98533106,2.9769175,7.0617843,319964
1.3975672,1.7144219,-2.7734373,2.4068413,4.7704663,115500
1.4199132,1.6848676,-2.894546,2.54891,5.025483,77900
1.2292539,1.7504971,-3.0816784,2.3033018,4.8904185,78000
1.0718828,1.7299217,-2.2828596,2.6365914,5.4206247,56900
0.5910181,2.0172946,0.6481256,3.727323,8.993769,471000
-0.49278122,0.30241755,1.758206,3.5644128,-0.30742618,93470
-1.552483,-2.7400343,0.3265821,3.1728156,1.3281873,67500
0.50996065,0.37877098,3.7666106,2.534397,10.842164,67700
12.447977,-0.5707968,-0.6145105,2.7201834,6.7207394,89300
0.8169641,1.5145482,-1.3711652,2.5473275,5.856153,169750
0.38842806,0.23251204,4.4269066,2.314065,11.428988,89600
0.39355934,0.23541473,4.4558096,2.2758594,11.468885,89600
1.3504941,1.7765723,-2.8827007,2.4021642,4.817708,105500
1.2055721,1.7819561,1.4144121,4.112158,0.9430857,135521
-1.423011,-2.4790788,0.2748531,3.135614,1.3963802,68600
10.599294,1.459632,2.7658808,1.4413364,6.694899,105500
11.6137705,-0.053908814,-0.574111,3.227106,6.5661187,99800
10.915307,1.7251937,1.4326401,2.139653,7.0520563,97000
10.982944,1.2247003,-0.68307877,2.9983423,6.7253385,84900
0.22689381,0.7197715,1.4983854,3.0321836,9.853637,85680
0.870008,1.8694987,-2.1785512,2.7121267,5.5428514,103603
0.21854521,0.7055718,1.4888921,3.028718,9.859044,86220
1.1314932,1.0175773,3.1402736,2.8711889,10.06338,186950
0.17696294,1.5554345,0.7596308,2.839223,7.528528,120400
0.30971915,0.69298816,-0.08234676,5.009093,10.274057,159999
10.42289,2.558436,1.3127744,3.087829,7.1334677,240000
0.6204689,0.43947634,4.111844,2.3999517,11.112166,80500
9.854172,2.5480595,1.2892239,3.6696687,7.3123846,499000
-1.241354,-1.3746051,-0.77362025,3.0977678,10.739407,140000
9.995836,2.2820592,1.1902782,4.2097006,7.528085,2300000
0.6276552,-1.8489013,1.4746513,4.6736956,2.337267,99900
1.5255412,1.6417774,-2.3997452,2.56815,4.9591594,115500
10.771221,1.7287536,1.7520651,2.2141848,6.919852,139800
12.231113,0.90487236,0.7692417,4.368617,8.258372,89900
2.554862,2.4592652,1.8990531,3.8895957,8.044297,1200000
-0.9763248,-1.3638284,-1.2235446,3.7853975,10.475094,75000
-1.014074,-0.60713696,0.010442207,3.099035,10.110083,50500
-0.5632156,0.24439041,1.5967407,3.4539926,-0.4778162,76680
1.2406247,1.8327727,-2.9204423,2.4072552,4.9125357,82500
0.87293285,1.8744338,-2.2666714,2.6692736,5.4622545,64988
2.724021,2.6546257,2.1358066,4.2610545,8.176843,1990000
1.2438164,1.8419027,-2.913821,2.417538,4.911882,82500
-0.22212252,2.0145595,0.24637765,3.0471594,7.30612,189000
0.18685205,1.3383886,0.738923,3.1103692,8.933696,150000
0.31968907,2.420707,0.36063483,2.8784575,7.236749,140000
1.3613034,2.6040702,0.9374041,2.8133194,8.184224,214999
11.416072,-0.9284005,0.6829368,5.193803,8.336023,215000
10.620921,2.3641417,0.7002569,2.470334,6.8001328,260000
2.453168,2.0522523,1.3753203,2.288252,7.655309,340000
11.419184,-0.46506187,1.896361,4.4382644,5.434724,127000
0.26937762,1.6539348,0.68587923,3.2425158,8.830393,140000
-0.5442891,0.22792913,1.5726807,3.4742074,-0.4648235,81000
10.927634,1.5324491,1.8271567,3.2592237,4.746492,103600
10.870262,1.1906949,1.9224339,2.1534207,6.9005566,132000
12.419109,-0.5555553,-0.5960871,2.7591066,6.7262244,97000
0.78582394,2.3048882,0.6310338,2.3709838,7.1898346,230000
0.7015976,0.54335946,3.622901,2.6906068,10.574191,77000
0.46645775,2.333036,0.37347573,2.6273649,7.1214256,174000
0.3583176,2.531889,0.029703207,2.6181147,6.9053216,189800
0.71297526,2.313968,0.5989611,2.4626832,7.17054,201500
3.7684472,6.9604955,0.84528303,3.2527697,6.940105,375000
0.8819083,1.8553524,-2.1680021,2.6930184,5.5324726,107107
0.44957766,0.32887152,3.8447828,2.5133114,10.918825,63525
0.9887751,1.5599976,-2.9887345,2.1674075,5.4301834,55900
10.83496,1.3631471,2.1379538,1.7927266,6.8899345,89000
1.1644895,1.8427323,-1.9459286,2.7281396,5.5923595,207500
9.875536,2.2570505,1.244792,4.184729,7.590339,890000
10.865079,2.1069891,0.89987314,2.3087175,6.8917813,113000
3.1511762,6.1719613,1.6736802,1.6198298,7.7997026,157000
3.2481835,5.955193,1.4695361,2.2013316,7.6035624,315000
3.1668406,1.650817,1.2526474,1.8126441,7.593292,205000
-0.5276193,0.23747413,1.7636422,3.5304997,-0.65166706,78500
0.24705194,0.74934435,1.3183532,3.1752276,9.806559,129420
1.547386,3.5445142,0.35135025,2.4343152,8.007507,135484
0.6842195,0.5107716,3.902537,2.4782245,10.863402,80500
0.4720366,2.6076367,0.39926463,2.8308918,7.1178064,223850
1.5437303,1.6382588,-2.3989625,2.5764642,4.957412,144000
1.1023108,1.635285,-2.3044434,2.3339312,5.1131744,99000
1.214831,1.6923231,-2.559185,2.4126916,4.977221,94500
1.5599049,3.595601,0.33143225,2.4091842,8.029706,132602
3.8045769,6.90548,0.93152314,3.1384614,7.039599,384900
2.247954,2.8666286,1.4452848,4.134658,8.075275,495000
10.828427,1.3794785,2.1334524,1.7947291,6.8905587,74000
10.809049,1.3742657,2.1802156,1.7809203,6.892665,105400
3.2224708,1.6859922,1.3044623,1.7329443,7.588416,419000
10.796282,1.3243445,-0.7854962,3.1324873,6.477872,48600
9.796074,3.1813164,-0.10101324,2.931838,7.2097616,107400
10.877855,1.2185094,-0.8261766,3.1319237,6.454313,76900
10.843286,1.7924949,1.434519,2.2720206,7.02351,113000
2.3651834,2.1640623,1.4062706,2.5902681,7.7211695,545000
2.5445712,1.879324,1.18392,2.3139446,7.6077733,456000
1.8986465,2.2728498,1.090805,3.064773,7.744778,525000
1.5640135,3.5927296,0.3381038,2.433723,8.031191,132602
10.803278,0.89958984,1.6783175,3.0746927,6.9233427,290000
10.691029,0.97197616,1.6706905,3.317392,7.138527,307000
2.2197251,2.933354,1.545031,4.417334,8.138346,206000
9.519628,3.2018278,1.3437274,2.913222,7.2301373,133000
12.165401,0.36847425,2.4165637,4.473658,4.8397026,206000
-0.90389735,-1.7814704,-3.1095037,3.179259,11.106895,71900
10.56891,2.480737,0.70436174,3.8165293,6.912709,269900
0.51636755,0.6599649,2.0513465,2.8570707,9.827302,82950
0.20254974,0.8469051,0.18914351,4.618683,10.348745,89900
-0.7418397,-0.24648705,0.8090543,3.3650296,-0.91313857,119000
10.670556,2.3605635,0.6197527,2.3896582,5.487096,173600
4.619249,8.261228,1.5358595,1.619626,6.595573,263500
0.91580456,1.5020498,-1.0694855,2.5038335,5.9522796,219000
3.8655987,6.999069,0.9579693,3.047241,7.035584,413000
0.95000064,1.6341763,1.740019,2.848197,7.454453,146500
1.1285905,1.8967395,0.6888065,2.1021414,7.006113,215350
-0.6428376,-0.2003528,0.3393581,2.8214512,10.161727,123000
12.350113,-0.53749794,-0.5447875,2.8201196,6.732997,125000
10.493206,1.9716218,1.1889111,2.6405344,5.8189783,167500
10.673172,2.3144407,0.680478,2.4210687,5.531483,123950
10.577703,1.947298,1.2004926,2.6305542,5.8153267,204350
10.555851,1.932815,1.1958302,2.6593595,5.790445,175875
10.679523,2.3527672,0.58701396,2.4318855,5.491606,127300
1.194268,1.8449562,-2.8400548,2.454816,4.9486947,77450
1.2734904,1.807815,-2.9515626,2.4307377,4.8682103,65000
2.2950335,2.9162066,1.657649,4.411375,8.274835,1750000
1.1572503,1.0739872,3.1425216,2.8913648,10.046985,274250
10.8097925,1.3868673,2.1887712,1.7582221,6.8719025,74000
1.0899183,1.6293736,-1.9852377,2.52117,5.454739,92400
10.793993,1.3274777,-0.80111605,3.1171768,6.4873548,40770
1.9302081,2.071853,1.0831901,2.6006925,7.6193504,344000
0.21011019,0.93318945,0.39247572,4.2248154,10.30786,132300
10.667512,1.2361236,1.4502425,3.0042815,6.3596935,132231
10.723715,2.6400125,0.9638606,3.0470557,6.9824615,204000
0.4114235,0.24631603,4.4257,2.3159146,11.410261,108000
1.1066661,1.6052552,-2.2724247,2.3247883,5.071418,91500
3.2451267,6.2285852,1.6010419,1.7285048,7.6972327,188000
11.5257435,-1.2814423,0.94508266,3.8586607,7.480958,135000
10.675476,2.3593404,0.6075488,2.4037306,5.4986725,115385
10.121473,2.280547,1.1791763,4.139877,7.4470997,730000
11.993335,-0.8019038,1.0015159,3.4606504,6.6180396,169000
-0.68140656,-0.8758392,-0.06441519,3.10866,9.970773,189500
1.6582241,1.2264764,4.084858,2.7902963,10.757974,159000
-1.0006948,-1.28212,-0.26343155,2.9428473,10.212405,89000
0.16210176,1.2082161,0.44486508,4.022002,10.150663,237000
0.21416189,1.1356313,0.45674202,4.0699463,10.18016,260000
0.9916045,1.7286222,1.6392144,2.9418235,7.6437025,239000
10.540097,2.514383,0.1248678,3.4793737,6.148712,169900
1.6511376,1.3133686,-0.69568807,2.8780408,6.0821824,245000
-0.21055193,0.50806487,1.9152807,3.8344758,0.508055,89600
1.4213611,2.9679458,0.6169714,3.9005616,7.8420486,485000
0.07274171,1.226527,-0.22920658,4.929878,10.3194685,234900
-1.3830688,-2.169451,0.043361936,3.0340486,1.1860331,86900
0.24322629,1.5779762,0.7184922,3.2433,8.942666,156000
1.0028595,1.6533256,-3.2522557,2.1201787,5.2839212,59900
0.75512916,1.5473722,-1.4292736,2.572531,5.9230933,116600
2.1906314,3.0517154,1.4460013,4.4145412,8.135911,599000
1.1800255,1.2800626,-1.1626884,2.298769,5.604476,117000
0.8484343,1.9204009,-1.2705415,2.821502,6.373895,271200
0.6917678,1.9884453,-1.1894529,2.6627204,6.453756,209500
1.295109,0.9439057,3.7424712,2.7773428,10.448479,185000
1.5779406,3.6171477,0.32837287,2.525455,8.058153,191876
10.993358,1.1251844,1.7894368,2.6720645,7.1365285,218800
0.99426913,3.3610926,0.1640681,3.5424404,7.177626,320000
4.580365,8.18131,1.5164186,1.6789393,6.6283197,362800
1.035614,1.143808,-1.7850995,2.6218734,2.7479107,109999
11.699293,0.23786488,0.67249316,4.7682824,8.01932,134900
11.992152,-0.3159531,1.6094543,3.4008894,4.8658824,42000
1.416381,1.0620584,3.2006843,2.9668288,9.927374,140400
1.5254996,1.6186578,-0.44735467,2.971506,6.5262804,335000
-0.16440843,0.830401,-0.9267226,5.582572,10.69208,199900
-0.5313591,-0.29130334,-0.021799043,3.3463585,10.427887,139000
1.355076,2.5687132,0.9424709,2.8134701,8.162266,230000
1.1332489,2.7421181,0.580711,3.9685245,7.9216566,330000
3.2388575,6.2812643,1.5769799,1.7195246,7.683215,115900
3.3267853,6.418142,1.577627,1.6823225,7.6378055,133200
10.413021,2.5451458,0.51302624,3.9110496,6.771695,379000
2.3045151,2.146601,1.3813736,2.4686186,7.6844482,345000
10.552376,1.969751,1.1433088,3.8443005,6.731818,375000
3.803906,6.9767995,1.0823647,2.813031,7.0743237,499900
-0.0017989993,0.8191862,0.6726945,3.0293453,9.270188,175000
2.0959194,2.2768536,1.3556076,3.3691475,7.805071,470000
11.323933,0.26452422,-0.11027238,4.309649,6.568577,269000
1.2219261,1.69023,-2.5735767,2.4117503,4.9858246,75000
0.92265,0.71431154,3.2151933,2.754537,10.235901,146000
0.6663597,0.49727938,3.9279416,2.621279,10.713839,141000
1.2947532,0.95004904,3.6961968,2.7833676,10.41705,171000
10.723219,1.4093965,2.3519092,1.7018464,6.908146,152000
10.667342,1.8280423,1.5366049,3.4542046,6.848715,550100
10.724085,2.197523,0.8545036,2.4376032,5.66317,150318
10.676796,2.3640587,0.5976486,2.4046366,5.494342,122031
12.211115,-0.64077324,0.95520645,3.3387492,6.730121,75490
10.610913,1.156485,1.6609849,3.1317601,6.921291,307800
10.459701,1.9589468,1.2137904,2.6269357,5.8080773,230400
10.63736,1.8746138,1.528783,3.429493,6.693506,378100
10.673404,2.3604398,0.61964685,2.3893867,5.4790835,161200
11.565949,-0.81995136,1.1678872,3.3233194,7.4346957,104000
9.507052,3.211174,1.3514355,2.9447992,7.24,198000
3.324041,6.1545525,1.482373,2.0974286,7.5668063,214900
0.9430918,1.6048326,-3.1919665,2.1455033,5.4338217,48900
1.2208298,1.8239822,-2.8972154,2.4098856,4.910859,82500
0.84905356,1.4837894,-2.360634,2.4549122,6.001862,135999
1.652201,1.2291716,4.074098,2.7946146,10.750852,159000
0.93041515,3.4460382,0.011351466,3.270827,6.91107,175000
10.583413,1.5933058,1.4104623,3.6109507,6.914553,395000
0.28986156,1.6429394,-0.38479635,3.0498576,6.963503,181380
10.603057,1.383779,1.5001011,3.3758433,6.722242,269000
1.2094526,1.8375273,-2.9123335,2.4074202,4.942735,57999
-0.38108066,0.79069114,-1.6848922,5.3424726,10.6934185,152990
10.062916,2.3194761,1.0822179,4.1765585,7.3491497,675000
10.986916,1.2723219,1.7294797,2.017333,6.9518194,120000
0.31296882,1.6436354,-0.40436497,3.0464134,6.9425406,181380
10.437806,2.3378294,0.93282384,3.977383,7.1344,600000
1.8774948,1.3676333,0.015130929,3.0778146,6.4266243,549000
3.1011784,1.6821759,1.2403005,1.8668312,7.5830574,250000
-1.3718078,-1.1076444,-1.0345917,3.4884124,10.996884,154900
3.8806267,7.0266585,0.8806008,3.1635897,6.9924717,390000
3.6070457,6.915285,1.0214545,3.0095966,6.9041543,155000
1.6819608,1.3516915,-0.7340784,2.8769603,6.0775065,208800
1.6570013,1.2284501,4.1684895,2.8297126,10.803726,114694
10.605613,1.4770734,2.7430694,1.4702735,6.677843,70394
1.0555344,1.1335397,-1.7800244,2.6315274,2.6381352,119900
0.712369,1.587404,-1.4522591,2.6224651,5.9435334,130800
1.0741388,1.1343876,-1.8057448,2.6202223,2.7353945,77400
0.50567555,0.33710423,4.2564697,2.45374,11.120332,68600
11.752288,1.0372581,1.356719,3.9755275,7.5084295,155000
-0.5551928,0.2348165,1.6242716,3.494327,-0.48668364,92500
10.602551,2.466413,1.2776169,3.100076,7.1137,204000
0.8699029,1.8662137,-2.1767943,2.7083192,5.5392876,101207
2.7267194,1.7835838,1.1870056,2.0972025,7.565186,265000
1.6527737,1.3671817,-0.8554035,2.7954307,5.996139,161263
1.3644952,3.4196546,0.36431766,3.107294,7.9231067,240000
3.2462595,1.6636138,1.2562906,1.7720237,7.569696,490000
1.6443157,3.8457775,0.17955674,1.9783094,8.115316,89908
1.6493875,3.8553457,0.17524493,1.9721911,8.120944,90826
1.1805751,1.2395965,-0.23877437,3.0663235,6.177938,176500
0.6952564,3.1057677,0.8686734,3.7941532,7.5764046,269000
11.456602,-1.4535002,0.84457564,4.226499,7.6702433,60000
0.08887417,1.2691371,0.34843096,4.073649,10.141586,244800
11.694242,-1.0719846,-0.6188478,4.171828,6.767572,94900
0.5216276,0.645711,2.015653,2.8564563,9.795251,89040
0.35895824,1.8695025,0.58894557,2.6914444,7.339491,110000
10.749812,1.7081344,1.75526,2.4166994,7.1002994,285800
10.768691,1.6976436,1.7601519,2.3296392,7.0460405,186500
2.299301,3.1675656,1.2787553,4.5489006,8.273709,595000
4.4025984,7.903423,1.442601,1.9412181,6.7516184,668000
2.2576525,2.7934632,1.5183232,4.1865582,8.204175,565000
10.766808,1.7653892,1.714769,2.3720043,7.0344024,186500
3.903248,7.036357,0.99891394,2.9611518,7.0518665,789000
0.096205026,0.7509575,-0.2935403,3.0765812,-0.6489559,83000
10.63707,1.1153468,1.4132946,2.886741,6.5048013,233350
10.672991,2.362649,0.6104924,2.3936093,5.4830933,186000
11.359773,1.3866118,1.8588184,3.302307,4.9272857,141980
2.3931274,3.06146,1.5474168,4.4827147,8.1959715,660000
3.0307455,1.6788005,1.2639823,1.8913573,7.593231,205000
3.033399,1.7070286,1.2262415,1.9233031,7.5792575,305000
0.31003523,1.4170345,0.278108,4.2445073,10.055632,350000
4.3783154,7.863602,1.4325244,1.9594941,6.772885,318000
10.712007,1.4136014,2.3977795,1.679903,6.873965,102990
-0.037438534,1.9210768,0.32580566,2.986214,7.5290365,197056
-1.0967895,-1.3662698,-0.35022923,2.9176927,10.238378,89000
-0.16826056,0.6707684,0.3391468,3.6651776,10.53302,87900
0.86373603,1.712822,1.6900438,2.8652763,7.5289345,135000
1.6530393,1.314655,-0.69543314,2.8783114,6.082362,240000
0.25458774,2.222722,-0.1267552,2.8726993,6.982253,269000
3.7559445,7.0028644,1.0317689,2.9304712,7.003733,330480
2.1762002,3.0225265,1.4307792,4.3445587,8.108812,595000
1.0606483,1.1351538,-1.7803032,2.6364083,2.5754478,146900
10.485112,1.9699465,1.1884118,2.6437206,5.8064437,194300
10.499644,1.9819481,1.1821392,2.6434796,5.793565,184250
10.676508,2.358721,0.61951876,2.3916397,5.4877825,181200
1.5890026,1.46926,-0.9416161,2.8518147,6.005807,182000
12.067752,-1.512118,-0.3480295,3.9511242,7.0798974,119999
10.623231,1.9339602,1.219464,2.6241663,5.8291526,234500
-0.29985252,0.89561206,-1.6959441,5.811561,11.213075,132000
0.7311029,2.2715151,1.6347404,4.900155,1.2554358,156500
9.482331,3.248135,1.3594263,2.9327276,7.2526193,99999
2.2756054,2.131983,2.2095945,4.0692453,8.063697,164900
3.5012004,6.88054,0.8604145,3.2853432,6.7277927,171200
1.0792965,1.134696,-1.8024728,2.6217222,2.7553601,125600
1.3028888,1.8279514,1.6365184,3.0680866,7.5992217,298000
1.2035933,1.2712811,-1.1656448,2.2854617,5.619371,117000
10.53821,2.375539,0.52593917,2.8665698,6.452927,400000
10.479787,2.2242048,0.9947605,3.7461631,7.084595,600000
10.484919,2.2026224,0.9883512,3.7341795,7.057931,530000
10.561162,2.2131999,0.9215541,3.56235,7.0080376,520000
9.773866,3.2224534,-0.16125432,2.8744333,7.225739,117559
1.0491859,1.317662,-1.5771087,2.1917565,6.0424104,130000
10.632939,2.3776197,0.9383321,3.7013433,6.9943504,395000
0.6963487,0.5797635,3.0039837,2.6875825,10.232609,70200
11.407901,-0.7751475,1.4352341,3.407465,7.0063725,89000
10.150045,3.488715,1.1778156,4.008869,6.5360603,79338
1.2023331,1.733075,1.5483867,4.5042806,1.5705503,270000
0.85245174,1.8236579,-2.2252002,2.726225,5.670183,118948
10.667061,1.4528494,2.600236,1.5950061,6.7007794,140000
1.3901669,2.5749855,0.9624067,2.7508738,8.125037,262500
0.4707241,2.9224677,0.23625419,3.0083256,7.0085154,279900
-0.8442487,-1.1562803,-0.6293589,3.5037212,10.325465,110000
3.2194772,6.166278,1.5930029,1.778635,7.702926,184000
2.287918,2.1659522,1.4307377,3.12575,7.795498,1320000
4.6762056,8.359296,1.5811414,1.6186376,6.540616,202000
11.037829,-0.34522235,1.8876383,3.4688582,7.3198156,130000
12.186241,-0.9608375,0.25597122,3.4754071,6.98788,94499
10.7543335,2.2529912,0.46790385,2.7612174,6.284154,350000
12.25244,0.44758132,2.41159,4.470295,4.8822937,115000
0.19332863,1.0600435,0.22530441,4.3370824,10.2530155,248000
10.82415,2.2119758,0.977042,3.465293,7.0927944,359000
10.923831,1.9900594,1.2108471,3.3051834,7.0428767,357170
10.985094,-0.36367223,1.9547046,3.4591608,7.342385,140000
10.128976,3.5163379,1.1807852,4.0248275,6.5258007,90909
0.8053633,2.104431,1.6022526,4.7513747,1.1252825,163000
0.18575062,0.67235935,1.4001997,3.0408828,9.850897,66000
-1.4597127,-1.2038187,-2.1799552,3.4652255,11.425136,123000
0.8075659,2.4862547,0.50510484,4.0038834,7.9631844,269000
0.8171913,2.0040927,0.29841313,3.891343,7.9121466,279999
10.677046,2.3609424,0.5941505,2.4150372,5.5088873,134033
10.6753845,2.3647962,0.6122707,2.3884125,5.4808726,155736
10.479909,2.076713,1.1077607,2.6969433,5.7732263,246250
10.685296,1.9476562,1.4736556,3.5139728,6.675881,310700
9.7387085,2.3146644,1.2102242,4.329268,7.678342,1620000
10.659962,1.8889772,1.5253643,3.443451,6.6936293,526700
10.466603,1.9792069,1.2018641,2.6425335,5.7710958,211800
-1.5964766,-1.5092857,-0.85000426,2.1273837,9.732988,60000
-0.7908311,-0.6384644,0.08533562,3.290528,10.170201,69500
4.6759496,8.364858,1.5871966,1.6302673,6.539186,179900
10.368701,2.4202147,0.8455147,2.2198439,7.581351,180000
3.1592715,1.6839995,1.242828,1.837401,7.5736275,450000
9.720697,2.3227885,1.1857672,4.3643513,7.6689615,794000
0.2553091,0.5017286,1.2508633,2.9936476,9.679931,209000
-0.23419881,1.1396779,-0.88444924,5.198446,9.890993,285000
1.4221866,3.5345025,0.3139917,2.9672499,7.976636,325000
-0.5447493,-0.35013282,0.63887614,2.5507185,10.158573,60000
-1.0708575,-1.6733378,-0.39426756,3.1714296,10.227879,94000
11.775284,0.6611999,0.75966525,4.5406847,7.887381,125000
11.740167,0.5971092,1.4836758,3.5209897,7.647129,249000
1.323856,1.0370675,3.2896793,2.904848,10.057647,145000
0.8798656,0.7308582,3.0528615,2.7738423,10.1567545,87000
9.871663,2.3236685,1.1875267,4.1030593,7.656967,1000000
-0.031097213,1.0249652,0.21702103,3.9910698,10.327188,315000
0.011904322,2.095209,0.19948366,2.995164,7.224815,197056
0.10945398,1.0278739,0.08361703,4.7284007,9.724225,340000
0.8736971,2.2462885,0.6224835,2.2592876,7.0803185,240000
1.222206,2.4978817,0.8578929,2.354585,7.8421617,170000
10.734326,2.3878987,0.5736975,2.4531236,6.907142,235000
10.628617,2.357687,0.70528215,2.4648829,6.798027,289000
10.938535,-0.29799575,1.976966,3.4476516,7.3453383,150000
0.63562673,2.1087687,0.6218957,3.6595142,8.771698,400000
0.6549307,0.47465307,4.104208,2.3886802,11.121011,105000
1.8625252,1.3665873,-0.04717093,3.0594385,6.3991423,609000
1.0911603,1.7017224,-3.2207289,2.1899264,5.1187077,49500
0.23659384,1.5702769,0.7088521,3.2421262,8.939553,190000
10.669366,2.3413587,0.6441667,2.4067154,5.5150642,154100
-0.1341145,-0.17882386,-0.57353777,4.750575,9.677692,225000
11.526891,0.632002,0.6012117,4.662901,7.7706337,134000
0.57445997,2.5852928,0.40035427,2.782723,7.154451,270000
10.891097,1.9756882,1.1202071,2.26189,6.97893,134000
0.7605228,2.9551158,0.25374928,2.8617642,7.178399,235000
0.88335705,1.667629,1.6412021,2.9319847,7.7124057,145000
0.27344507,1.6173475,0.6682233,3.265718,8.876668,235000
11.462901,-0.79870135,1.4065437,3.0715551,6.977668,35000
12.086229,-1.480691,-0.45885587,3.916584,7.0234466,145000
1.2192829,1.7508576,-3.057957,2.3108995,4.9017987,63000
10.964108,1.6912825,1.7722422,3.1418083,5.104635,85000
10.798052,1.7443275,1.3066964,3.0114436,5.5720415,139999
0.96103877,1.5839578,1.7196512,2.8333004,7.4602575,150000
-0.352158,0.3225121,2.0327303,3.7171807,0.31693113,55350
10.957537,1.460108,-0.6905522,2.6509795,7.0676303,126340
1.075696,1.1351658,-1.8012658,2.6226227,2.7282288,144400
11.246429,-1.2534386,0.9760193,4.832241,8.349413,115000
0.3536609,0.50135976,0.8882536,3.147088,8.849772,196000
2.8561373,2.686746,2.2319016,4.3580594,8.217726,2200000
3.4329555,6.3668594,1.494948,2.0495636,7.511076,125000
1.2340062,2.282648,0.57996494,3.1393747,7.5113425,230000
1.3968251,2.970819,0.6527399,3.903397,7.849771,700000
-0.55366594,-0.3452734,-0.0630697,3.399488,10.387948,87000
1.4462422,3.5371332,0.3185789,2.977364,8.005662,259900
0.23208568,2.028373,0.16850704,2.9114518,7.0254273,131600
10.4126215,2.5216284,0.56505686,3.9704711,6.7885146,285000
-1.0066595,-1.4733799,-2.7078722,3.40547,11.105332,72000
-0.005007126,1.085327,-0.6560928,5.1002183,10.466671,262000
0.49722612,2.968563,0.20510235,2.9843564,7.0109515,210500
10.711246,1.2221508,-0.49723032,3.6133661,6.40542,128000
11.355835,-0.6596255,1.4254644,3.274998,7.1311483,146900
11.107726,-0.23222874,0.3722033,4.575054,6.8645473,99000
0.62005115,0.4546023,3.9868565,2.4128418,10.9956455,105500
0.40201432,2.9074056,-0.029819215,2.6939418,6.846803,259300
10.763579,1.741155,1.7353983,2.3749366,7.0616107,186500
10.776918,1.6893001,1.7641206,2.1966054,6.9567246,139800
0.2797089,1.2393132,-0.3881396,5.184845,10.116999,335000
10.778916,2.259327,1.2117143,3.669586,6.9668975,190620
10.762158,1.7748944,1.7539773,2.230322,6.8250213,139800
10.532798,1.9458991,1.1837962,2.633102,5.8479757,174200
10.763829,1.7632642,1.7597709,2.2146406,6.832335,119800
11.62202,-0.47868398,1.2483253,3.0285258,7.249586,135000
-0.9018692,-0.5031838,0.063572034,3.09555,10.145977,62900
2.387817,3.053334,1.558827,4.4745917,8.189172,660000
1.9420949,0.9209545,1.3216991,2.602838,8.2102585,220000
1.5909255,1.2666018,3.9325275,2.8261752,10.609128,184000
0.849589,1.721738,1.6588905,2.845289,7.517532,115000
3.687946,6.872563,0.8609074,3.2482355,6.9270267,315000
3.6423733,6.7829647,0.9294179,3.1792917,6.9615173,349000
1.9567068,2.9519365,1.359987,4.4145746,7.9146013,514900
0.9170757,2.226712,0.70862865,2.253785,7.2148695,220000
2.3572545,2.1886783,1.4219774,2.7561815,7.7466035,1050000
-0.5572387,-0.31502873,-0.046675995,3.3627284,10.374537,168000
0.9562807,2.1117349,0.63449115,2.4279509,6.9953794,172500
0.22649756,1.0655289,0.41146958,4.172094,10.192801,284000
3.301889,6.111141,1.5142287,2.0647168,7.603696,185000
-0.47829947,-0.409245,0.3574447,3.1708775,10.133978,75000
0.095684975,0.82911026,-0.08441236,5.072634,10.179245,99900
-0.59819514,-0.30284983,0.52679396,2.6183276,10.175547,64000
9.494237,3.2376924,1.3568654,2.922269,7.2518263,130000
1.2093326,1.7594011,1.4983946,4.288694,1.4121809,168000
1.8912786,1.3788236,0.10979973,3.1099381,6.4710994,533500
2.7440012,2.6338234,2.1614215,4.254342,8.178185,1999000
1.0702432,1.1345161,-1.8008211,2.6226242,2.7240598,77000
1.0968652,1.4866539,-2.4295819,2.325997,4.390399,62400
0.92520386,1.4504353,-2.794882,2.2213316,5.6521864,33900
1.1970843,1.264591,-1.1523459,2.2766538,5.6029816,117000
2.3452613,3.0486636,1.3973464,4.407831,8.203865,783000
1.8623639,1.3598642,-0.0049353587,3.072609,6.409279,549000
1.4546057,3.5741968,0.23301499,2.942862,7.9390683,187500
-0.08751019,0.5880372,0.20535757,3.055026,-0.78026927,107000
10.575673,2.5180929,0.07923386,3.3998394,6.1229453,229000
0.29080418,1.6903731,0.674357,3.3149617,8.879122,255000
12.172776,-0.5833624,-0.25177306,2.770175,6.617272,41900
3.5897155,6.7505774,0.8836935,3.2516258,6.9170923,245000
2.2166016,3.069103,1.4426954,4.4312773,8.160752,750000
11.349019,0.10320209,-0.22134711,4.349578,6.4867697,210000
-1.5167187,-1.1987126,-2.2998383,3.2817655,11.0462885,44990
-1.5324078,-1.195449,-2.2324743,3.2877185,11.111854,74990
10.747656,2.0277758,0.95416504,2.957148,7.1830297,277000
4.3779836,7.8219485,1.441663,1.8999888,6.8024936,265000
-0.023487719,1.0384953,0.27562854,3.9507823,10.272568,195000
12.365248,-0.3883711,1.4465097,3.1976497,4.7474694,85000
11.689205,0.72937655,1.2344571,4.347674,7.4943643,340000
1.288925,1.0532225,3.264489,2.8974543,10.051155,162500
11.25923,0.30655685,1.5280906,2.5697873,6.9940042,174900
11.373119,0.9232661,1.8280598,3.213183,4.5430865,115000
0.8801632,0.35452056,4.1735945,3.4622226,6.4407954,71499
3.5627809,6.9225645,0.99880654,3.0533805,6.8477464,120000
-0.72677004,-0.2816246,-0.08547795,3.3148878,10.304561,170000
0.19348404,0.91746205,0.3518507,4.275151,10.322878,119900
0.81683433,2.4146187,0.44477478,3.9364734,7.9412446,194000
0.6723887,1.6813812,0.5643235,2.3841944,6.886463,93200
3.2698407,6.245369,1.5809319,1.7583679,7.671896,185000
1.3434123,3.370082,0.49391726,3.7337475,7.6027665,299000
1.0635514,2.3389955,0.9877684,2.4134674,7.848213,170000
4.488897,7.99305,1.466672,1.7210035,6.733891,217603
12.121139,-0.6866195,0.82778335,2.6842852,6.476679,60000
11.210563,0.5544107,0.34611213,5.09326,7.924985,167000
0.4527528,0.56889194,1.0087792,3.1848378,9.278777,263499
1.3515918,2.4831479,0.1882559,3.641434,7.5829945,365000
-1.1104448,-1.5351804,-0.514819,3.4056053,9.952508,159000
12.824165,0.7352344,2.2746987,4.414537,5.4404244,109900
12.053178,-1.4188658,-0.5458513,3.9251878,6.9903684,104990
2.1781871,2.0928526,1.3100762,2.3276007,7.6222844,345000
-1.3905512,-1.219284,-2.4032094,3.2938857,10.873936,74990
1.0272502,2.995417,0.5492389,4.0961585,7.6044073,550000
10.112086,3.5632002,1.1541808,3.9986703,6.5137253,98500
10.785523,-1.548443,0.87917274,5.6352267,8.900577,800000
-1.8595695,-1.507188,-1.2895328,3.7907016,9.981919,72500
1.4555697,3.571664,0.30362657,2.9173245,7.9874606,190000
10.018738,2.241849,1.3707443,3.6300778,7.3061576,590000
0.3750284,2.4619014,0.3859327,3.073538,7.2743387,650000
1.6033243,1.1937017,4.029323,2.7707825,10.701658,118755
11.062966,-1.5033398,0.7340619,5.594077,8.6673565,490000
4.7571764,8.453108,1.6177486,1.559948,6.461861,164000
4.303153,7.635127,1.4268873,1.8246967,6.9171743,150000
11.848026,0.7017913,1.5605536,4.1391115,7.3475924,103000
2.3600762,2.1561906,1.4026566,2.5734978,7.7103577,395000
10.891913,-1.6134148,0.8281138,5.6322527,8.761715,335000
2.604125,2.8669343,1.8717223,4.419033,8.196042,1000000
10.745245,2.1688526,0.85241693,2.805595,7.1530504,469900
-1.5882658,-2.589788,0.18811704,3.142435,1.3852667,77000
-0.58802235,-0.499145,-0.33317757,3.4728494,10.507769,150000
-0.6698942,-0.41653052,0.17421217,3.3165998,10.183188,105000
-0.9111531,-1.7201107,-3.0414834,3.2298465,11.102883,93000
11.813376,-1.0998421,-0.57375884,4.0463614,6.8602514,58000
1.0690988,3.4908519,0.15213524,3.4851658,7.0871816,293300
1.5441519,1.1022832,0.43317845,3.1585698,6.2654796,282900
2.4185994,2.9858096,1.6876354,4.4430437,8.235189,660000
4.3878827,7.8117547,1.4481093,1.8685915,6.808381,310000
11.040418,0.25906914,1.6858678,3.3195148,7.211839,235000
10.5992985,1.9225132,0.8420254,4.211689,7.009677,259000
0.80932987,2.4356177,0.60917693,4.086193,8.010506,359900
-0.6461523,-0.11715683,0.8893862,3.3911304,-0.6925797,90000
0.0027017342,2.0687025,0.12690791,2.985834,7.0998297,197056
-0.9087121,-1.7500775,-3.0749946,3.204896,11.104077,93900
1.4688743,3.137861,0.29498097,4.1917486,7.9637814,599000
10.616308,2.3756561,0.71722335,2.4355695,6.814294,279000
-0.18881123,0.81073165,-0.80088085,5.477997,10.718832,199900
-1.857494,-1.6439526,-1.5671682,2.425455,9.956802,52950
11.729012,0.5761626,1.5261157,3.4870193,7.5607414,110000
3.7940617,6.9499726,1.1533878,2.6660385,7.117729,375000
1.7892405,0.90663755,1.3070626,2.6856463,8.344952,260000
0.15865509,0.88755673,0.0050335885,4.9446135,10.118702,127000
10.6872425,2.3262045,0.08619604,2.8752189,6.091931,232000
3.6306736,6.8133087,0.86510324,3.2613287,6.905207,340000
10.617588,2.3982418,0.069447495,3.272071,5.949801,105000
0.8663038,0.6996657,3.2291565,2.7870371,10.302415,140000
10.823165,1.7793885,1.5241593,2.4940124,7.1315117,180000
0.8215544,2.1486268,0.41309068,2.412876,6.7839327,224000
10.387431,1.2458866,3.0839794,1.2899671,6.994096,184000
10.352329,2.3186328,0.9046138,4.085676,7.1834974,492000
2.855174,1.7916881,1.3313895,1.8376884,7.5938206,310000
10.584776,2.1095357,1.9911025,3.3741748,5.8469133,145000
10.593596,1.930166,1.2280784,2.6175997,5.825208,233500
1.5808877,1.285266,3.8687396,2.8103354,10.5624,300000
1.3925964,2.577707,0.7591072,3.410946,7.874292,392000
3.0567725,1.7054963,1.2425448,1.8950987,7.5828514,453000
10.135553,3.5264747,1.1424551,3.9759154,6.5343027,89800
2.1552079,3.0231373,1.4494973,4.4107027,8.063883,850000
0.42415544,0.2553456,4.4179673,2.3183115,11.394712,99000
-0.29496634,0.026130069,0.5461935,3.1087148,10.069219,145000
11.643889,0.23096837,0.29041916,5.3082376,8.414631,120000
10.84134,1.8552889,1.6737759,3.3018255,6.6134725,137000
3.0807474,1.6866783,1.23728,1.8844045,7.5814075,350000
9.515275,3.2010431,1.3310393,2.9139302,7.2158213,149000
10.384316,2.3651738,0.40944886,4.0989985,6.800185,255900
1.7916822,0.90280706,1.3077413,2.685638,8.342892,260000
9.593436,4.071971,0.85820055,4.0396004,6.643877,297000
10.0396,2.2351015,1.0039423,4.3113523,7.317211,635900
10.829048,1.4284878,-0.75492626,3.1333652,6.41172,66900
10.76227,1.2991537,-0.67912024,3.1033251,6.3577166,68000
2.7786977,2.6298325,2.260611,4.320933,8.206738,778000
1.0419548,1.4636755,1.7020336,2.940814,7.543738,247000
9.954141,2.9473062,-0.17058119,2.7798111,7.1774387,136100
0.9466016,1.5436516,1.7204005,2.827405,7.4786496,143000
0.7040512,1.8682905,-1.3347816,2.6504269,6.433519,180000
1.1938673,1.7769331,-1.4178611,2.2845457,5.818704,155100
-0.62624073,0.3917514,1.5339371,3.4740655,-0.49365944,85000
2.3643332,2.1767313,1.41239,2.6054575,7.728417,995000
2.6268828,1.8476053,1.177868,2.2567625,7.5962086,430000
1.3412391,3.3969634,0.3547593,3.6892292,7.5448356,225000
3.4557688,6.4956374,1.505384,1.9041728,7.512647,78900
-0.27011436,0.024297927,0.6126071,3.032693,10.015711,119000
-1.3514935,-1.116894,-1.125075,3.4503746,11.077189,90000
0.6171783,0.5733574,2.0047693,2.8978302,9.796715,128000
11.511952,0.009421275,1.4452803,2.9344554,6.4661255,105999
11.782477,-1.1061527,-0.4957662,4.0830965,6.83933,169000
10.48256,1.9440804,0.2126102,4.0736213,6.6262746,169900
12.349906,-0.4664049,0.60752356,2.9885755,6.753791,139000
11.8419695,-0.2477514,1.3430058,2.9570014,7.2194395,105000
11.624155,1.4376742,1.184836,3.8286476,7.3702145,140000
12.005926,-1.2712089,0.41182286,3.349307,6.7895555,57999
11.770279,0.6480719,0.9629398,4.4135866,7.716609,121800
-0.14591193,0.8201065,-1.5438759,5.5613203,9.833361,165000
11.154859,0.70611084,0.5070061,4.5672016,7.6276064,195000
11.053792,0.026625803,0.337877,4.339141,6.410558,129000
11.11237,-1.3593729,0.72951597,5.5756783,8.738521,388000
1.0154924,3.113875,0.34088588,4.210664,7.667712,547000
-0.90920746,-1.7255741,-3.0524943,3.227177,11.107418,99600
11.447097,0.29448628,0.1954721,4.95607,7.797788,159900
11.259247,-0.47279784,1.5435717,3.180106,7.1450057,146400
11.621679,-1.263876,0.90839154,3.6238704,7.3911815,49000
-0.31023717,1.2921721,-0.62314177,5.282163,10.100165,169000
11.775702,0.66869235,0.99539626,4.401353,7.7030773,137800
0.21888676,0.9419601,0.44938836,4.1095443,10.265556,245000
11.703363,-0.28813538,1.3534952,2.9616776,7.2695427,141990
10.676019,2.354894,0.05870201,2.9666035,5.871213,93000
0.49946943,0.65090775,1.9942503,2.8795266,9.833953,64500
0.27578172,1.2136158,0.52153206,4.030703,10.062949,329000
0.00835625,1.2299879,-0.4485513,5.0545745,10.471256,205000
3.5272653,6.8820148,0.8472581,3.2907853,6.7590227,234500
0.98864216,1.6118405,-0.2573458,3.470623,6.7568827,125000
-0.5973049,-0.24223907,0.26154462,3.3657627,10.131113,200000
12.086134,-0.59905946,1.0211847,3.21134,6.918783,116000
-0.62428623,0.20792025,1.4888799,3.4336874,-0.35170218,95000
11.595643,0.039758366,1.6305659,3.1229944,5.7201705,64500
11.631919,-0.17201884,1.390203,2.8410456,7.231692,144000
9.643485,2.302746,1.1470388,4.340196,7.643292,1000000
10.708738,2.3765795,-0.2567234,3.1633384,6.271325,112500
-0.36891246,0.79598147,0.22025834,3.520231,10.583859,103000
-0.9228379,-1.6207361,-2.9279308,3.310701,11.100397,78000
0.26875553,2.8873355,0.6259648,3.117882,7.1422334,135000
-0.34592894,-0.450358,-0.31955653,3.9776032,9.838576,58000
-0.20799768,0.8936143,0.22921742,3.7281225,10.466213,177000
10.761233,1.7278296,1.746328,2.3633773,7.0589666,186500
4.313148,7.675956,1.4373742,1.8768383,6.8847604,305000
11.259579,-0.5165315,0.36630842,4.3217263,6.5238843,89000
11.418564,-1.7682937,0.5557264,4.6935086,7.199228,103700
11.237028,-0.46693844,0.31348038,4.366033,6.566353,87000
2.2839785,3.1521268,1.2783381,4.5288982,8.266422,600000
0.40140146,2.6920843,-0.02269656,2.6631384,6.895286,209000
-0.17191371,0.39386117,-0.27406603,4.212545,10.639966,199900
0.47408533,2.6529903,0.008224409,2.7082114,6.960001,340000
10.675588,-1.5632013,0.92576313,5.7004075,9.014376,479000
1.2635934,1.241148,-1.2486255,2.1375124,5.6673503,172000
11.664084,-0.57874054,1.1787874,2.8168275,7.1700454,49999
11.249613,-1.5439793,0.8754398,4.783554,8.046967,129000
12.221454,0.91432446,0.7653619,4.3754478,8.256879,117000
-0.27119604,0.07829273,0.6205052,3.066812,10.015193,128000
11.469671,0.14832078,-0.9159365,3.3359156,6.422789,76000
0.24201271,1.0486102,0.18307078,4.676115,9.949363,199700
10.381542,1.7757496,1.344516,3.7956753,7.367599,498000
-0.3582638,0.9108978,-1.6586379,5.7426567,11.257596,132500
-0.36381003,0.9162282,-1.6552712,5.7524476,11.263773,132500
10.542713,2.017466,-0.0052191205,3.7190275,6.195988,139500
10.562489,2.3527815,-0.28291288,3.429282,6.066718,105000
10.413733,1.2592248,3.046169,1.3195915,6.9717546,177500
9.991767,2.3255768,1.1414025,4.210251,7.48275,600000
9.489596,3.1918335,1.3948876,3.0977929,7.2964687,170000
1.2587359,0.93672705,3.058121,2.93119,9.920643,156990
0.14293301,1.2379365,0.42030397,4.0396523,10.136934,253000
0.50667,2.6761155,0.06708382,2.7694352,7.016132,365000
12.692187,-0.86730367,1.1558696,3.1795113,5.1774244,107000
-0.55035007,-0.7317463,-0.71883583,4.186738,9.862795,80000
1.1401974,2.4887886,0.1076508,3.8698869,7.8280277,309000
-0.15519111,1.1073115,-0.061378136,4.713421,10.288987,105000
11.492504,0.2773676,1.5845866,3.1971955,7.437597,199000
1.516036,1.6583079,-2.4378371,2.5362256,4.951329,149970
11.145847,-0.6226158,1.5552901,3.9764724,6.66893,174900
11.850569,0.65477306,1.6187938,4.08434,7.3569655,178000
11.754684,-1.4878953,0.2814004,4.285756,6.9837613,149400
-1.7264463,-1.3382381,-0.7092487,2.2716715,9.834941,79000
3.865875,7.0133657,0.98575217,2.9993706,7.0305114,518892
0.53768975,1.713495,0.6975958,3.9142702,9.478556,322000
0.28173184,1.6526637,0.69927,3.2994747,8.922192,189000
0.6919572,2.288634,0.55769217,4.124975,8.40031,176800
0.6204757,0.54332703,1.9605441,2.9240484,9.800268,94000
-0.21199036,-0.20361756,-0.2857617,4.1881986,9.857496,152000
1.0559231,1.5249468,-1.893018,2.2729814,5.2459655,110000
-0.9489154,-1.2697988,-0.20653154,3.1544492,10.35971,89000
11.251244,-0.089693055,1.6081462,3.3502908,7.2262836,105000
12.229558,0.9097765,0.7691455,4.365727,8.258478,87000
10.688521,2.3110783,-0.013193895,3.4191618,6.5564885,184500
10.612677,2.4628766,-0.27516752,3.2376332,6.1643615,94900
10.97603,1.4684725,-0.6570254,2.643712,7.081896,79000
1.3228188,0.9840465,3.732558,2.7778995,10.450334,112950
11.185838,-1.4239417,0.72753924,5.455253,8.559149,135000
-1.0382648,-1.3593433,-2.4965327,3.5294714,11.094514,105000
0.16776936,0.90481853,-0.34793162,5.179914,9.852167,234900
0.78906107,2.0095909,0.4867801,2.38147,6.820339,172000
10.167985,2.0247164,0.6674481,4.283574,6.9960704,330000
0.9623558,1.5406204,-3.005653,2.197727,5.5022097,54999
0.087467365,1.2725154,0.345391,4.0779033,10.139183,240000
11.782913,-1.0531464,-0.57767606,4.0678377,6.849916,88000
2.4481666,2.9946487,1.6825688,4.4520288,8.2129,1180000
11.897196,0.64852905,0.8974405,4.3680487,7.8153234,78900
5.204651,9.233786,2.1023374,9.699561,5.9048777,265000
-0.018317401,1.1637435,-0.33603022,5.6821523,9.962681,188500
-0.5756313,-0.3483901,0.092739604,3.5007906,10.093687,116500
11.299145,-0.51550466,1.5051408,4.095324,6.341481,132000
0.7944037,2.428273,0.6138842,4.1570077,7.986674,330000
0.52313024,0.35413772,4.1835933,2.4847653,11.115399,87000
11.414675,-1.8109809,0.54468566,4.6894245,7.257222,85000
10.475484,2.111055,0.34349936,4.1013,6.724517,169900
11.132617,-1.2190243,0.6489458,5.5740595,8.64215,228000
-0.20011373,-0.22099453,-0.18674156,3.9760497,9.811107,170000
11.388621,0.8453112,1.8147937,3.2669659,4.6006722,79000
-0.24135876,-0.09385935,-0.7517773,4.8038893,9.622726,155000
0.3104959,1.283391,-0.12064698,4.8181868,10.19803,388000
12.061426,0.7939987,0.84165317,4.367643,8.016262,116900
0.1517252,0.85610515,-0.020720223,5.0016627,10.331985,119000
0.89976716,3.0936568,0.30847818,3.0469546,7.167343,159000
-0.2973162,1.2792681,-0.6701521,5.279657,10.084132,188000
-1.0454594,-1.1333643,-1.4201839,3.3849611,10.658877,54700
12.363802,0.21551271,1.3936716,3.3120205,5.9500384,99700
11.162977,-0.5454174,1.5765431,3.9409618,6.6140347,169000
-0.087472305,1.0642656,-0.02338309,4.677804,10.382695,135000
0.74824065,2.7986813,0.28259948,2.7876506,7.015093,199900
3.7428422,6.8922796,0.9484645,3.123144,7.0012593,340000
11.133339,1.8302376,1.3840901,3.77483,6.7521915,292000
10.587118,2.3535764,0.7499476,3.892214,6.9477715,179500
-0.3225082,-0.3942586,-0.96829534,4.704657,9.724054,110000
10.760761,-1.5076939,0.8711587,5.614208,8.923561,750000
0.8507069,1.8405327,0.6035926,2.302731,6.9256926,229000
0.29776064,1.3509285,0.29755005,4.2428184,10.083183,320000
11.249382,-1.4729364,0.6198132,5.5393105,8.378354,249000
-0.91745514,-1.6544336,-2.928696,3.2883408,11.083928,96000
11.445203,0.56884855,1.5558256,3.567238,7.4375906,195000
0.97053695,2.393743,0.830705,4.0585594,8.295358,624900
4.5281653,7.8857765,1.4901673,1.7287694,6.7677703,250000
0.00573814,1.0273012,0.19115704,3.42508,-1.3156117,124500
10.983949,1.0474174,-0.7274847,3.3765953,6.406526,74950
10.747308,0.9019469,1.7109883,3.1568322,6.982222,177000
0.77096033,2.380327,0.6270728,3.8017762,8.388512,181450
-0.5842374,-0.44550547,-0.1907445,3.414323,10.434467,112000
3.7782557,6.9057593,0.9400132,3.1223495,7.026031,380000
11.263031,0.2884427,1.6925423,3.1564703,6.261306,132500
-1.6599563,-1.3513803,-0.8821507,2.1503375,9.826475,57000
0.11965662,0.926709,0.12845147,4.6490993,10.308415,112000
-1.6066287,-2.5783868,0.16736872,3.1662164,1.427216,62000
-0.25300342,-0.21317999,-0.78237325,4.8046284,9.560325,113000
11.251364,-1.4927914,0.92214286,4.7215996,8.182265,215000
1.1508365,1.9880333,0.79064363,2.1461284,7.0657625,144000
2.683163,2.8494694,1.9728537,4.458195,8.208385,780000
0.5958261,2.0474732,0.66057855,3.6516726,8.860621,330000
-1.3111314,-3.0667825,0.7813458,3.260679,1.1850593,61150
11.077947,-1.678145,0.6523924,5.394169,7.913437,328000
-0.35549614,0.060280714,0.46377212,3.1331906,10.115586,247000
12.40458,-0.54527223,0.110702224,2.981646,6.836076,118000
-0.5709313,0.25698584,1.7230071,3.5284672,-0.55601233,75000
3.2375097,1.6641623,1.2559575,1.777569,7.5710807,470000
0.87262225,1.7136878,1.6899467,2.8708236,7.528979,189000
2.7553852,1.8428396,1.3587409,1.8222158,7.5825353,221482
9.795474,3.165301,-0.062351465,2.966307,7.2261534,119600
0.5241059,0.5700645,0.99744105,3.2046788,9.170505,212500
10.9823265,1.2182901,-0.71352464,3.0053082,6.702943,84900
10.837336,0.986353,1.4717613,2.9348314,6.948877,153900
10.953173,1.446663,-0.67640525,2.654679,7.0536013,124900
9.810126,3.1460989,-0.060650937,2.95058,7.233937,129700
10.806296,2.1175952,-0.33872634,3.1252944,6.2947016,75025
1.2065961,1.7928679,-1.4077082,2.2710104,5.822408,155100
1.4855573,2.1925185,-0.11575384,3.3952532,7.184856,452600
0.8724788,1.9198118,-1.205617,2.8625433,6.405801,271200
1.4799341,2.230198,-0.103920184,3.4262671,7.2113357,460100
5.2206736,9.439526,2.2822251,9.90782,5.7104955,119000
3.367879,6.2118945,1.4906288,2.0915825,7.5536027,164900
5.234657,9.399176,2.2448583,9.867007,5.7487445,119000
0.69952035,2.2269995,0.6508228,3.6834207,8.696914,375200
3.2146418,6.1396,1.5905249,1.8028506,7.705167,175000
9.788858,3.1742768,-0.07238448,2.9570327,7.2334075,175433
4.5363574,8.054101,1.4020202,1.5598985,6.7001624,117000
10.95216,1.3969556,-0.6412305,2.7712667,6.9679275,124900
0.71845764,1.618463,-1.5380594,2.6472106,5.9555364,115500
0.8548003,2.1391773,0.69776803,2.2386074,7.176925,185000
3.350252,6.185286,1.4940984,2.095391,7.564596,169900
0.86071754,2.1656132,0.42843014,2.4061544,6.7480226,140000
2.5249257,1.9614825,1.3551595,1.8884697,7.563944,141000
2.2949758,2.921254,1.6266675,4.4120054,8.275326,900000
0.06037482,2.0692344,-0.014965734,2.934804,6.851704,245000
2.5129542,1.9676713,1.3564448,1.8866478,7.56319,171000
5.2669783,9.376339,2.2214677,9.844761,5.7724113,119000
2.1721807,3.1428494,1.1819686,4.4935603,8.269386,567000
5.216047,9.230135,2.0972016,9.701234,5.9100914,119378
0.59489447,1.41019,-1.3937563,2.6068234,6.455575,79900
10.970838,1.3389674,-0.5679631,2.9361577,6.8828444,119900
3.2852118,6.302234,1.5711069,1.722433,7.6567526,139500
3.2782872,6.2335677,1.5557786,1.760259,7.664884,138000
10.964581,1.3507183,-0.39373553,3.0885303,6.9034123,159900
4.770205,8.495912,1.6586932,1.56777,6.4550486,152000
4.7467833,8.473521,1.6425188,1.5847901,6.4785147,153000
2.5207744,1.9708364,1.3584429,1.9227004,7.5752316,230000
1.0828387,2.9313557,0.59597206,3.8815367,7.853289,721000
0.6770532,0.54134953,2.1839566,2.875333,9.895285,84000
1.0764178,2.9291615,0.5956269,3.908211,7.8463135,649000
1.5619931,1.1577708,2.949764,3.1063902,9.614447,245000
1.2590224,1.3144268,-1.9554478,2.463414,4.1207323,135900
2.922279,2.6687593,2.303562,4.3800163,8.233927,799000
0.7018082,0.59110826,3.072046,2.6853807,10.284398,94000
0.81701064,2.291715,0.49113384,2.5330234,6.9215446,209900
0.3875851,2.5412757,0.3296661,2.8931901,7.16749,479000
1.0907494,2.9419217,0.6127152,3.877344,7.856629,620000
0.67397755,0.5912199,2.1286693,2.8872561,9.828532,101000
0.7101657,1.197069,1.6666206,4.264757,1.248197,252000
11.544537,-0.74783677,1.3536277,3.1793368,7.030521,113500
1.2172122,1.8779712,-1.7807544,2.7657247,5.7492547,170000
5.2220364,9.391327,2.242973,9.857584,5.7528973,152000
5.256828,9.413863,2.2573845,9.8821745,5.735638,152000
3.4511242,6.4905047,1.5126407,1.907447,7.5195994,76975
5.2749662,9.385848,2.2301126,9.854243,5.7633533,164338
4.7257915,8.427096,1.6240199,1.5681188,6.4943037,138000
3.2761266,6.301235,1.5678204,1.7292396,7.654937,108800
0.007963252,0.59824383,2.612098,2.775988,7.0290117,105000
0.1372779,0.66715515,2.64994,2.907512,7.197794,121000
3.3145669,6.305359,1.534875,1.7369499,7.635705,127900
-0.52887744,-0.3879789,-0.23775195,3.493899,10.498586,200000
0.40314272,2.6882615,0.35342962,2.944388,7.13897,214999
1.0980394,1.5497807,-1.8672061,2.3428304,5.357371,106000
1.275038,1.2400668,-1.2854382,2.1623783,5.6517034,98000
1.2770088,1.2410861,-1.2835732,2.1585515,5.651362,104000
-1.4575336,-1.2002401,-2.1770594,3.4696102,11.418841,124990
-0.21658899,0.6111882,-1.4950315,5.4094777,10.607186,124900
12.277739,0.46670255,2.4037237,4.4664345,4.907383,170000
-0.58336085,-0.16144916,0.38545644,2.778795,10.124436,88900
-0.67226416,0.009369627,1.2107686,3.4575844,-0.48203343,153000
-1.446474,-1.2051066,-2.1716228,3.4777966,11.417852,120000
-2.403447,-1.2649629,-0.8648227,2.6734133,9.661967,100000
-0.028938714,1.1303223,-0.12938513,5.0718327,10.050609,253000
0.88660836,1.4644322,-2.7991478,2.2644365,5.694757,49800
0.86513203,1.4587034,-2.7514591,2.3097117,5.8050117,49808
0.9287112,3.0425196,0.538626,3.942332,7.6731696,390000
-0.61611575,-0.29258573,0.2020463,3.349057,10.15292,100000
11.280995,-1.2252682,0.8129653,5.158842,8.116073,250000
11.032354,1.4027301,-0.38742173,3.1520264,6.3879733,75000
0.43725362,2.9108958,0.274808,3.0140238,7.0215955,290000
1.229263,2.9264157,0.13307242,4.2991853,8.065512,375000
10.837983,1.4389907,-0.5407929,3.334404,6.4180093,106000
-0.29952753,-0.00048957986,0.5708604,3.0314517,10.04233,107000
0.16119628,2.198061,0.18021134,2.700217,6.990537,174500
-1.4963194,-1.1615491,-0.45251596,3.0478854,10.162643,79900
11.529457,0.24977067,1.569432,3.2046976,7.4526367,139900
2.5676017,2.9016864,1.838184,4.443627,8.209053,1200000
-0.4082254,0.7700334,0.21815032,3.4689229,10.612184,89000
12.043752,0.64163524,1.5349082,3.9244344,7.2379317,130000
11.162877,0.6865427,1.5268153,2.9466913,6.8209205,244700
0.26685965,1.3585008,0.2682955,4.2354727,10.097761,365000
12.176293,-0.5830766,-0.21693717,2.7931788,6.6228375,51900
-0.6760114,-0.82012504,-1.0951922,4.7930636,9.52782,76000
11.387333,-1.7293696,0.642067,4.6525097,7.2527146,109000
-1.8986412,-1.2147422,-1.0091577,2.0265694,9.750869,84900
11.049266,-1.4724395,0.84226537,5.39794,8.6563835,289900
0.7277554,0.5584118,3.8907938,2.472588,10.705139,128500
-2.147933,-1.62629,-1.532097,3.6334915,9.773797,44900
-0.35604846,0.6219572,-1.7176253,5.298141,10.560552,169900
1.1119329,1.9296062,1.4738988,4.3896,0.728216,130000
12.244618,-0.36193573,0.9490612,2.8597567,6.899491,114800
-0.2060903,0.704934,-1.429652,5.3919125,10.52575,185000
11.397246,-1.7350897,0.5160233,4.584711,7.0686717,70000
12.139663,0.08593055,0.9738952,3.282078,5.7270823,110000
-0.9690565,-0.90070224,-0.41847175,3.276074,10.653161,178000
10.990089,1.7452811,1.6246675,3.1203003,5.131137,110000
0.09651145,0.88619035,-0.22610675,5.120863,9.96032,160000
10.02796,2.8922367,-0.03341907,2.7508616,7.1179285,210000
2.9400678,2.6823132,2.2541945,4.400037,8.231501,2500000
3.8080814,6.954848,1.1305132,2.7088306,7.1118817,499900
0.15598144,0.89484775,0.32474345,4.2448263,10.331769,119900
11.774087,0.725452,1.5972589,3.9614065,7.385626,160000
11.680289,-1.0284057,0.9461661,3.5621603,7.2792716,139800
-0.53755605,0.5959823,1.3302407,3.490105,-0.7169938,104000
-1.3292035,-1.133517,-1.9432577,3.5838072,11.258699,105990
10.6793995,2.3933725,1.2170924,3.2690833,7.0225644,256700
0.9893023,1.7241565,1.608817,2.9179387,7.694072,215000
11.364515,0.4893993,1.505227,3.0800889,5.2724357,102000
10.727976,2.6753688,0.96175647,3.0479155,6.953978,317700
4.551886,8.08769,1.4180012,1.5601325,6.6833715,133000
2.4994555,2.9684618,1.7640177,4.5121617,8.199251,650000
11.179032,0.17187233,1.6055119,3.4563198,7.32889,179000
11.287302,-1.4386871,0.8679566,4.686878,8.153275,520000
1.0437024,1.145595,-1.7791598,2.627075,2.7152202,91900
-0.10879682,0.6199375,0.21273567,3.0630438,-0.77759993,98700
11.110298,-1.390975,0.7240115,5.5824647,8.737806,350000
12.248832,-1.4436446,0.9741242,2.7848797,5.897066,65000
12.081173,-0.45674118,-0.42844373,2.9235444,6.6251197,69000
2.442577,2.9699879,1.7150669,4.513859,8.210439,650000
11.543675,-0.7756257,1.1705348,3.2989748,7.3754635,250000
-1.0830383,-1.4867866,-0.49341723,3.3940668,10.06526,175000
0.81187856,2.1417286,0.401352,2.441278,6.7990627,375000
-0.34000257,0.42201805,1.8440471,3.6522365,0.0075327395,96100
11.452636,-0.812701,0.51619434,5.3315744,8.38563,399999
-0.15681955,0.8194842,-0.96523494,5.582157,10.69547,250000
1.0646801,1.3497963,-1.4306296,2.1826582,5.6596923,189000
1.2044077,1.7920935,1.6525606,3.041797,7.569616,280000
-1.0231106,-1.3418752,-1.2180749,3.8422484,10.481426,148000
-0.40113473,0.25098085,-1.01514,4.8992133,10.919993,340000
-0.21038218,0.93362606,-1.0588616,5.2715173,10.027371,340000
-0.2526878,0.9646036,-0.39959717,5.322454,10.659656,157000
-1.681069,-1.0312307,-0.57773596,2.3578904,9.811958,93000
-0.3319856,1.2964619,-0.8325635,5.3449244,9.941187,284999
10.624857,1.5447613,1.3664478,2.9464936,5.964214,178500
0.6791146,-1.8797939,1.4515005,4.691776,2.2956965,120000
-0.9097766,0.8137488,-1.0291078,5.882177,9.60831,165000
10.849042,0.731589,1.7299886,3.2231386,7.1697054,265000
11.679577,-1.1049026,-0.5771158,4.208761,6.7775164,106000
-0.6129178,-0.36558455,-0.035973452,3.457837,10.256681,111000
-0.97847396,-1.1309569,-0.45171377,3.7245226,10.148379,111900
-0.21839647,-0.21857089,-0.39123103,4.3009076,9.806654,183900
-0.008219155,0.30645844,-1.4556684,5.443598,10.141243,199999
-0.12578085,-0.3044764,-0.6455005,4.761733,9.593009,162000
11.457318,-1.5775478,0.5140767,4.568606,6.9527874,137000
-0.29340076,-0.30794516,-0.45021373,4.257239,9.835915,88900
11.458028,-1.9574693,0.4442088,4.494732,7.107169,96000
10.979981,0.42904148,1.6998749,3.3096845,7.1928825,249000
10.107906,3.557583,1.1846695,4.036874,6.516925,130000
11.028785,1.6288788,1.8283057,3.2411027,5.106087,182000
1.2415456,1.8038403,-2.9626362,2.3992174,4.8484397,65250
11.196963,0.084973104,1.5069782,3.5894153,7.44856,188800
1.1815734,1.6952788,-2.508734,2.4115841,5.017364,81000
-0.008691131,1.898683,0.26621154,2.908706,7.4826746,99900
10.624104,1.9876629,1.1306536,4.0307794,6.614515,385000
11.340264,0.41406548,1.610013,3.2057598,7.3307347,247000
2.1637256,2.1362996,1.5172681,3.4122183,7.831139,219000
11.410572,-0.7570078,0.70456564,5.1645756,8.273865,544900
11.544905,-1.3653921,0.66349196,4.251579,7.5794883,89900
-0.700831,-0.92856556,-1.0767459,4.442391,9.905989,107000
2.6953511,2.3412752,2.3909588,4.0789256,8.258355,1550000
11.579705,0.09820955,1.500408,3.238359,7.3971314,115000
0.27048945,0.6688665,-0.17907916,5.396951,10.497955,130000
-0.2304277,0.9400568,-1.4317125,5.500174,9.803712,130000
-0.41922113,-0.3059326,5.879674,3.1985497,6.377102,125900
10.629684,1.0963055,1.726825,3.0970075,6.958432,330000
-1.0321242,-0.71692634,-0.28425354,3.4593523,10.230036,155000
12.209833,-0.6948045,0.90494776,3.5606008,6.526481,109000
11.487602,0.30953392,1.5797042,3.0321283,6.4930215,104000
1.1104698,1.6549127,-1.1813823,2.923604,6.220935,257000
1.2613436,1.8161651,-2.9539082,2.4199405,4.8569098,56500
11.196786,1.5514601,1.6401949,2.7424269,4.575687,74000
-0.4242387,-0.7096537,-0.7285505,4.343392,9.632483,125000
11.750556,0.6614428,0.57867914,4.6801896,7.947036,143000
0.011713509,0.5631784,-2.2041981,6.0182867,10.505351,143500
12.072704,-1.0233588,-0.5427816,3.7127192,6.8454103,99900
12.562783,0.6296396,2.078313,4.2468657,5.7476816,145000
11.762164,-1.5104684,0.30091146,4.2687187,6.968221,75000
-0.98705333,-1.634226,-1.4316651,3.2843943,10.594346,90000
11.256803,-1.5250115,0.9016951,4.7074895,8.146714,249990
11.172649,-1.7116864,0.64472616,5.4207435,8.04871,131000
11.285459,1.5486686,1.5954906,2.9177248,4.800265,78500
0.29815897,0.7091431,-0.06590114,5.08776,10.3725815,107000
11.2939205,-1.4625704,0.9199906,4.616364,8.118274,180000
2.274709,3.123096,1.2818551,4.4800644,8.2353115,1950000
-0.19160995,0.5238737,1.9054126,3.8490098,0.5400512,131250
0.68906003,1.1861893,1.6669407,4.350491,1.2678326,174000
-0.10950659,0.9312678,0.28282034,3.343297,-1.1917555,89747
-0.52709556,-0.49924833,0.27529338,3.1629467,10.199483,58000
0.08925074,1.2599367,0.36381698,4.055464,10.13663,225000
2.5581353,2.040674,2.4427547,3.7780626,8.429221,887999
0.8866124,1.4202563,-1.5608639,2.3596728,6.173075,129000
-0.29385138,-0.6111793,-0.51655316,4.2569904,9.479031,104900
-0.7468759,-0.9358323,-1.0881252,4.672991,9.671818,90000
0.273975,3.5538225,1.1831214,3.6410336,7.257818,135000
11.176988,0.13213018,1.558075,3.5228953,7.4133925,340000
0.5167868,0.5730628,1.0199265,3.2023633,9.2006035,200070
12.08521,-0.8607804,0.7859552,3.4949932,6.835879,85900
11.827702,0.6855352,0.98762596,4.3770843,7.7557955,195000
10.591954,2.271036,0.86594284,3.2904916,6.9598236,179999
-0.27103364,0.99420637,-1.4066261,5.4718676,9.774246,205000
-0.29155028,-0.278596,-0.80008847,4.80408,9.517194,164900
1.376004,3.0729952,0.5839847,3.929822,7.8505936,430000
3.5511084,6.899301,0.8235361,3.3097398,6.7778196,199000
12.366331,-0.35976267,1.450067,3.1904392,4.73793,80000
-1.0015411,-1.3781635,-0.45448685,3.387036,10.116618,135000
1.1066527,1.1750087,-1.8167527,2.3062894,6.0356317,124000
11.169684,-1.691377,0.644082,5.419502,8.046064,165000
11.507958,1.3226231,1.4106991,3.9801292,7.0043993,205000
12.064401,-0.057028856,2.6271408,4.5351715,4.7564354,124900
-0.5278158,-0.38423672,-0.12924685,3.4051995,10.457514,114900
-0.63610846,-0.17360924,0.30761734,2.8711038,10.159878,139900
3.5122547,6.893733,0.84385484,3.2972732,6.7457128,234500
0.94363886,1.636475,-3.340331,2.0539513,5.3469043,52499
11.393789,0.386868,1.6073918,3.2568173,7.3687387,199000
-0.6349703,0.1906121,0.0741779,3.2903843,10.412775,75000
1.0525403,1.6098254,-2.9634085,2.1441803,5.2824874,50500
0.9459385,1.4260641,-2.7750494,2.1880407,5.6104527,48908
0.95831263,1.6389408,-3.3131309,2.0735781,5.338308,52500
1.2372551,1.755464,-3.0502422,2.3163025,4.8813844,82480
11.157061,-0.47846675,1.6242194,3.9852648,6.645671,142000
11.667176,0.95245415,1.4928647,4.0743895,7.274805,345000
10.280733,2.1066458,1.0516696,4.1905646,7.13328,529500
12.504858,-0.9110095,1.0900775,3.0105524,5.5292115,49900
10.931825,1.5458599,-0.255893,3.5135899,6.916344,304000
-1.0039679,-1.5018086,-2.7842402,3.3988926,11.124114,76000
0.17744172,0.52423126,-0.37367705,5.3914504,10.355695,125000
11.255282,0.42490995,-0.01736321,4.318677,6.58798,179900
10.767641,1.7001934,1.7820282,2.1976495,6.9418054,119800
0.93055606,1.4807007,1.6168382,4.2153172,1.1301223,150000
1.539584,1.6458057,-2.4028537,2.5777307,4.975695,130500
11.777072,-0.9346737,0.7882534,3.4918847,7.234798,88000
11.199872,1.546572,1.6465509,2.7438886,4.56543,69500
1.9444609,0.92626673,1.3203429,2.6056507,8.205487,195000
2.0721357,3.040861,1.362188,4.3972206,8.134222,875000
10.754908,1.7621851,1.7148787,2.4338367,7.0970263,285800
-0.7083301,-0.22899531,0.90953404,3.4326463,-0.685887,130500
11.530354,-1.3505327,0.7238219,4.214171,7.6257515,205000
12.401194,-0.54359055,-0.57578325,2.7718053,6.7356668,115000
0.510235,1.0575056,1.7490865,4.20714,1.0990617,162726
11.412664,0.5349187,1.54207,3.1179345,5.151726,135000
13.050442,-0.94555026,0.8024302,3.4459114,5.843836,70000
12.145111,0.9044452,0.75658756,4.3271284,8.180331,115000
2.0650527,2.2187204,1.2263329,3.227351,7.7220225,290000
9.832508,2.2957575,1.2114096,4.2755423,7.6253676,995000
0.6478864,0.58250916,2.0567846,2.8944006,9.808365,152000
0.7387986,2.0450037,0.10235189,3.8112025,7.801961,230000
11.2705765,-1.2128533,0.8504501,5.098983,8.230491,450000
0.17051882,0.6499199,1.0490373,3.0306957,9.575697,210000
1.17114,1.3444465,-2.4365182,2.7171936,6.0173435,62900
1.4312489,3.517319,0.3266055,3.0309846,8.011098,315000
0.05377659,0.57481337,-1.7570332,5.700749,10.093293,159950
0.22550125,1.2591143,-0.34539267,5.3584595,10.659453,156000
-0.10642162,0.9138485,0.26160544,3.8715627,10.368177,128900
10.479234,1.9914037,1.1872197,2.6452396,5.7703257,211800
-0.16642405,1.0884293,-0.167459,4.867775,10.023613,238000
0.80493844,1.9007149,0.26669785,3.9492831,8.032648,264900
0.1738558,1.0231287,0.031443734,4.8439374,9.8751135,231000
10.977468,2.3404894,0.7965381,3.1830986,6.2678246,158970
-0.056297943,0.3199783,-0.04510155,4.1716137,10.236138,154999
0.7320706,0.5959158,3.0943594,2.6761565,10.290914,68500
0.07537285,0.5632803,-2.199925,6.0724926,10.504186,127500
12.172413,-0.46922395,0.8030335,3.4750934,6.895256,104900
4.484421,8.0027,1.4300853,1.6136717,6.7534637,102771
1.1184404,1.4912006,-2.4345706,2.3352606,4.444928,103900
3.1106858,6.181079,1.7208307,1.5490125,7.855899,129900
9.58987,3.930435,0.79871565,3.9233887,6.6968236,155000
11.434446,-0.589902,1.6064304,4.285294,5.7491446,87000
-0.64646083,-0.20829535,-0.037754364,3.1150463,10.336728,75000
11.27736,0.28019363,1.506686,2.5725775,7.0036955,197000
11.697551,0.8898496,1.3409911,4.0470257,7.489399,259000
11.055237,1.3958822,1.7987674,2.7191806,7.095542,197000
10.926212,1.2823607,1.9686356,2.3738327,7.0615697,197000
12.532643,-0.15707102,1.1693876,2.9889998,5.8346252,77500
11.024712,1.628395,1.8436296,3.2744052,5.1837325,177500
2.1197927,2.3465624,1.4128662,3.4935162,7.8299336,850000
0.7318071,1.3758513,1.6120567,2.7686172,8.029748,120000
10.665307,2.4020658,0.45667192,2.7034361,6.6518316,199500
1.2247577,2.8076575,0.11283379,4.2856326,8.097098,205000
10.35776,1.2382764,3.096186,1.3003718,7.018971,375000
11.266618,-1.467132,0.9095281,4.697759,8.222129,340000
11.539847,1.1541883,1.7137388,2.9845436,4.354833,95000
1.0130042,1.6346134,-3.178024,2.123559,5.2941074,57999
1.2229455,2.4753747,0.8782885,2.3640213,7.8623075,189000
10.64271,1.8563527,1.5360669,3.4113545,6.688253,308700
10.488666,2.020294,1.1840947,2.6508982,5.7474594,277000
0.06973071,0.5764414,-2.1361313,6.013347,10.535772,119990
10.469783,1.9830674,1.1917449,2.6472752,5.8052197,280500
0.67754877,1.086152,1.6523024,4.296489,1.3421786,228000
-0.17442718,1.0803366,-0.17811121,4.8991323,10.003158,210000
11.891461,-1.7217026,0.988491,3.104394,6.2088714,20000
12.136898,0.6267876,1.6461517,3.9846587,6.8905797,135000
0.7282835,3.1657732,0.17311732,2.9992957,7.005659,120000
1.0790315,1.1364855,-1.8128989,2.6164076,2.7401752,100000
10.768192,2.3613746,0.567835,2.4072325,6.9112363,165000
10.753113,2.3725822,0.5859916,2.390772,6.933005,160000
1.0533618,0.78506786,3.028512,2.8480866,10.030015,119900
-0.13701192,1.0994488,-0.17145911,4.886934,9.961333,284000
0.9752576,1.502079,-2.8917313,2.1933959,5.5191894,55000
11.200823,0.5634957,0.33586714,5.109549,7.9304056,180000
1.3861792,1.7055835,-2.8078778,2.3873801,4.723283,115500
0.7033951,1.6353506,-1.450241,2.6534626,6.109872,217700
11.0224905,1.4591305,1.9387891,3.4155138,4.943583,198000
10.834285,-1.5812001,0.90600026,5.5499907,8.824663,584000
10.251701,2.1788864,1.1145986,4.2259507,7.216893,350000
9.650656,3.9864266,0.79716223,3.9819052,6.599701,161000
0.20996056,0.7420953,-0.5514323,5.33302,9.882242,270000
1.2396612,1.827361,-2.8411944,2.443452,4.956091,50900
1.3822956,1.7063739,-2.8333871,2.381447,4.711101,63000
1.5252765,1.6353706,-2.3882399,2.5652783,4.9543157,115500
11.190547,-1.5781243,0.84183425,5.011076,8.126749,279999
1.1961827,1.8795897,1.4109685,4.2646356,0.67270666,149000
10.79347,-1.5686276,0.8906234,5.6275334,8.895182,450000
-0.502611,-0.44561532,-0.18261681,3.4054189,10.463655,85000
10.942731,1.628786,-0.4045051,3.0773118,6.496216,219997
0.5255473,0.35462347,1.2770523,2.8185267,6.317939,98857
1.2667205,2.4765985,0.8385503,2.328035,7.8322234,170000
9.789084,3.1747313,-0.06920433,2.9613833,7.2355976,259000
10.773215,1.3470212,-0.57654613,3.008971,6.5512695,132000
3.2218733,6.2516456,1.564428,1.7320204,7.671347,172500
11.998457,-0.87127507,0.8065227,2.9054227,6.6386247,59500
-0.49018994,0.29670846,1.1120518,3.3024054,-0.7344549,119900
-2.3338528,-1.8199914,-1.6030934,3.8065698,9.617543,84000
0.9571838,0.7747876,3.7692611,2.6406605,10.710111,115900
0.27099198,0.6686927,-0.17530136,5.4281282,10.570577,120000
1.4483535,1.2754214,-1.8935848,2.6602705,5.773465,180000
11.578714,0.09863271,1.6175593,3.1326535,5.580576,74800
-0.5491384,0.45526224,1.5659101,3.528207,-0.2794948,82999
11.455933,0.16373053,-0.87457716,3.3145866,6.45914,63000
12.125938,0.56945664,1.6146722,3.9531655,6.959304,107500
5.2395673,9.436439,2.2780836,9.904603,5.7140903,119000
0.7452168,2.068568,0.35971338,3.4295156,8.091366,175000
0.8998336,2.3188376,0.77846795,4.1018167,8.374621,322000
11.283514,1.6327356,1.5751349,2.6541963,4.8333073,63500
10.495684,2.1861634,0.75020176,2.887586,7.7062416,1800000
11.604087,1.1676904,1.4926811,3.9134011,7.214692,254000
-0.6092618,0.48923787,1.7091274,3.5488412,-0.42057455,175000
-0.2823895,-0.633316,-1.0406238,4.676072,9.50605,137700
1.2391952,1.8577924,1.3934462,4.2701116,0.66811216,103880
0.93007475,1.8961396,1.5515409,4.5360622,0.957559,173200
1.052758,1.1297077,-1.7886748,2.623619,2.6591253,88400
11.717185,0.73348135,1.1887207,4.305364,7.395522,183000
1.0414011,1.5727117,-2.9045603,2.1443346,5.3395844,48900
0.95908827,1.6433804,-3.3074071,2.0803914,5.337398,48900
0.9630937,1.6395259,-3.3061876,2.0784283,5.330743,49880
-0.22191782,2.0216322,0.24745275,3.051762,7.306327,210000
0.8614004,1.4711647,-2.7664607,2.3130536,5.7908435,49888
-0.24292456,2.0231853,0.24254823,3.0553415,7.3026905,189000
0.96711457,1.6300832,-3.2771566,2.0850887,5.3355513,49900
10.653581,2.1268184,0.9369447,3.2524416,7.4799457,1000000
10.813999,1.3615069,2.2303243,1.7386317,6.851464,139999
10.725094,1.4219325,2.428331,1.6478251,6.7775784,112000
-0.2244849,2.0199375,0.24953727,3.049176,7.309544,189000
0.97689205,1.6149577,-3.2031689,2.1101878,5.3520327,49900
-0.19079281,0.3966722,-0.4616597,4.38217,10.725403,230000
-0.23806377,2.020522,0.25109178,3.0537934,7.3127174,189000
11.8931675,-1.5772406,1.017158,3.0050342,6.3074107,37500
0.06929896,1.2909639,0.33235618,4.072727,10.130484,294900
-0.40996954,0.73822093,0.22992201,3.4572687,10.599077,112000
11.272579,1.3045915,1.766351,2.9804583,4.692696,114500
11.361549,0.4327385,1.6168218,3.2613766,7.404869,229000
10.87062,2.1176891,1.138806,3.5460422,7.00026,149000
-0.28916287,0.57949567,-2.0723376,5.6318603,10.701229,127000
12.111245,-0.6085222,0.07410634,3.4134731,6.8053265,118900
0.8947109,0.6978225,3.2629702,2.7598417,10.3623295,125000
11.165119,-1.7522098,0.61094874,5.4982243,8.0423,175900
-1.6154256,-1.5298042,-0.9773962,2.2361586,9.736902,59000
1.3950992,1.0391324,3.0983875,2.9819036,9.8595495,124000
0.31770787,1.6382726,-0.42043632,3.0443335,6.9286,180300
10.622994,2.3247745,0.6184775,2.784235,6.5888066,265000
10.842636,1.3871526,-0.5446889,3.3054879,6.4665513,130000
10.77713,1.5086243,-0.15141365,3.691594,6.7514663,185000
10.766098,1.5200183,-0.25064644,3.6544025,6.642006,165000
10.976751,0.8075752,1.5898087,3.6017277,7.311096,349000
10.700006,2.4341242,-0.009467661,3.0214014,6.4710693,180000
-0.48309913,-0.16115718,0.42006826,2.8311937,10.140072,77500
-1.7002581,-1.7085,-1.0976568,4.3732357,10.044204,110000
11.094078,-1.3845563,0.7239827,5.592865,8.744311,374500
1.7311243,3.0084116,0.8735215,4.42849,8.258205,309000
9.969404,2.3288867,1.0427577,4.3572364,7.4070807,376000
11.721963,0.62885624,0.76808596,4.5389366,7.8008337,149500
0.03528943,0.8523077,-0.33726525,5.2695885,10.199041,158980
2.3167613,2.939773,1.6387261,4.435114,8.2578335,890000
11.238065,-1.5358993,0.8995136,4.766538,8.159657,280000
-1.8830937,-1.2337146,-0.98013735,2.0547838,9.752632,73400
0.92319566,0.73693824,3.1494632,2.742226,10.194482,66066
0.74347854,1.602135,1.5126302,2.765741,8.07204,105000
1.4293884,1.7378575,-2.7471974,2.4535632,4.79234,159000
1.0555018,1.1287701,-1.7844896,2.6299334,2.6196456,120900
0.99678767,2.4440222,0.24511133,3.9128554,8.156371,474999
12.137901,-1.3652284,0.8887944,2.83575,6.0114293,88000
0.022885757,1.209951,-0.4998544,5.100911,10.492515,145000
12.056654,-0.6374666,0.861313,3.0535748,7.185541,128000
0.10639263,1.2035027,-0.15287371,4.850666,10.395677,143000
-1.4689752,-1.2818177,-0.587485,3.7983491,10.244294,193000
1.9656603,3.1149411,1.0602297,4.4344096,8.236236,395000
10.709043,1.4023483,-0.7414417,3.2019877,6.359075,58000
0.3208154,1.6264743,-0.42652613,3.0576599,6.915445,181380
11.388968,0.24049363,1.6316408,3.0254939,6.3327303,124000
0.4469953,0.33590448,3.766725,2.483876,10.9258175,58660
0.8119587,1.660915,-0.40528482,3.4482818,6.938531,301750
12.278626,-0.57200134,0.8931464,3.2277765,6.746973,113500
11.04603,1.6988676,1.2277732,2.3433826,6.267563,190000
11.122261,0.81976336,1.5233645,3.809975,7.4025497,370000
10.793197,2.2177594,1.0479295,3.3961692,7.071687,500000
10.753678,2.1459234,1.0472727,2.636293,7.1229415,220000
0.73541224,1.7138807,-0.46254954,3.444082,7.023938,230860
12.031034,0.55109626,1.5389396,3.9497163,7.2039165,92000
0.73583007,2.2443755,0.618237,3.67265,8.651075,222000
-0.039059564,0.49445304,-0.54038155,5.2310057,10.467304,119000
2.4764671,2.9659626,1.7447963,4.473878,8.247065,550000
11.351876,0.10376482,-0.2420184,4.3595595,6.5077786,175000
0.3128538,1.637606,-0.41313687,3.0534663,6.94183,181380
11.570829,-1.4637736,0.6723846,4.209853,7.535372,109000
-0.03990025,0.9594123,0.09989284,3.2972846,-1.2132285,89460
0.33341616,1.6381385,-0.4227915,3.022128,6.8878207,180300
0.7630152,1.7167326,-0.45630392,3.466212,7.03174,236800
0.31090948,1.6308771,-0.40560648,3.0578175,6.958731,181380
-0.23840971,-0.23733011,-0.40175655,4.284093,9.819083,130000
0.9844215,1.0337373,-1.6386822,2.6898234,2.337595,95000
2.1409557,3.0237837,1.3997327,4.399639,8.143315,520000
10.640415,2.330276,0.5412355,2.6505327,6.684634,425000
-0.6552107,-0.82869726,-0.07689755,3.1298003,10.024688,205000
10.707667,2.3760726,0.6742838,2.4079628,6.93529,385000
11.294303,-0.8775073,1.4486544,3.9499328,6.7214303,26000
0.9120455,0.7370442,3.1772332,2.743236,10.222368,113000
-1.9155269,-1.4850398,-1.2218937,3.8389404,9.96959,80000
11.815426,-1.5559511,0.19841799,4.212611,7.0840235,145000
1.2095916,1.7905369,-2.8506105,2.3968875,4.8591156,110000
3.1052248,6.1846013,1.6969385,1.5583755,7.8389416,138000
3.143822,6.15882,1.7348028,1.591275,7.8643446,98000
-1.3052438,-2.4748564,0.41135743,3.1505766,1.3054564,77999
11.617546,1.6635779,1.2822577,4.005554,7.430699,188000
12.949805,0.7306157,2.48154,4.6127634,5.3513494,78000
0.8331224,1.8611763,-2.1379828,2.7393386,5.657176,218000
1.214012,1.8291494,-2.838791,2.4558969,4.952036,64999
0.687944,0.57358056,3.0441504,2.6805952,10.269785,74000
0.37664753,0.6848306,1.8020438,2.9411578,9.865318,118000
0.040071703,1.1799008,-0.580581,5.1012683,10.4802685,262000
11.946599,-0.07031613,2.4239435,4.7682757,6.6238446,116000
10.242324,2.0075345,0.60725623,4.257947,6.9421344,158000
11.289195,-1.4334657,0.8045824,4.7678266,8.062133,300000
-2.3342652,-1.8560507,-1.5739666,3.7657962,9.582227,61000
11.742741,0.6498478,0.9017959,4.4655914,7.7321506,138000
10.851013,2.2375855,0.7452493,2.7932057,6.2292657,226000
11.531827,1.1711984,1.6935183,2.9636176,4.5087767,129500
10.658049,2.5065036,0.09274639,3.117344,6.184306,204980
3.2760227,6.292577,1.5756042,1.7200764,7.6657677,155000
3.1617537,1.7697016,1.4253178,1.632715,7.627011,354000
10.227134,2.1806924,1.1028656,4.219906,7.1573887,370000
0.65787244,1.5798032,1.4461174,2.7049563,8.01896,107000
0.6144452,1.6194445,1.3354185,2.6685326,7.942947,88000
0.61136675,1.6114271,1.3282017,2.667472,7.9299755,86000
9.546232,3.1739926,1.3395915,2.9075618,7.2482147,135920
0.4286301,1.6362954,0.5887412,3.8544247,9.452145,215000
12.17025,-0.9338966,0.36604583,3.4324934,7.025074,90000
0.26467708,2.1910238,-0.31248945,2.8575351,6.8533535,165000
10.632114,1.941831,0.87109464,3.2269204,5.8449817,228000
0.96797264,1.85789,1.436243,2.9765933,7.8866324,159000
3.4392188,6.0766816,1.6639061,2.004781,7.699234,186000
3.2939186,6.004172,1.5675395,2.1483147,7.658856,216000
11.381384,-0.9194286,0.13245244,4.5729165,6.739651,85000
1.0573132,1.6507835,-1.9546759,2.587622,5.5366817,131499
12.045966,-1.4113681,-0.542593,3.9383159,6.9559565,99900
10.832855,2.1874785,1.0412086,3.5008047,7.0623674,350000
0.83973366,3.3668594,0.1522261,3.258124,6.963652,98900
10.634571,2.129963,0.9055357,3.1424568,7.512857,750000
-0.2221556,2.022422,0.24661599,3.0488083,7.3059554,189000
11.824046,0.61775637,0.8503935,4.4799137,7.9041314,115000
11.053526,1.8573475,1.3425384,3.9703074,6.771516,235000
1.0898892,1.4970467,-2.4382799,2.3178067,4.4540973,96900
-0.9660554,-1.6235008,-1.2375325,3.3061345,10.530331,125000
9.558207,4.009754,0.8784487,3.9783366,6.709455,297000
11.482342,0.30774516,1.5799925,3.2091277,7.423263,189500
1.1793853,1.2588171,-1.3606354,2.1103547,5.743961,127000
13.02181,-0.92705804,0.7798308,3.4578202,5.9073687,69900
12.178114,-0.90983164,0.3807687,3.408114,7.0274916,89000
0.9616971,3.049967,0.36609557,4.1976595,7.6715302,499900
10.558604,1.803221,0.043720223,3.9400828,6.5818024,175000
0.09981052,1.3154992,0.38815713,4.013169,10.071935,268900
-0.06805601,0.9038814,0.22692518,3.2649105,-1.0439519,92500
3.286164,6.0032434,1.5609854,2.1372814,7.6569552,221000
3.4501398,6.078367,1.7008258,1.9392165,7.722641,132000
3.4546988,6.077077,1.7081515,1.927827,7.7275352,119000
3.4593072,6.086477,1.7077945,1.9324461,7.7240043,116000
0.6128518,0.43883052,3.9857385,2.5678682,10.9016695,154500
1.2247685,1.8451223,-2.9318488,2.4057539,4.8473945,65000
0.27334887,2.9031754,0.63998425,3.1366665,7.146143,127000
0.9661571,1.6492865,-3.3238635,2.0746272,5.3180056,49500
2.1340177,2.1168072,1.3844502,3.1845815,7.7957883,350000
1.530335,1.1148815,4.012957,2.801637,10.683304,110000
0.041339807,0.5557344,-2.2301028,6.062833,10.512872,123000
-1.8369998,-1.6507429,-1.6135855,2.3889942,10.0102005,72000
2.3369894,2.1777487,1.5188421,3.2209868,7.829115,695000
2.140775,3.0420349,1.4091228,4.4876637,8.216559,2600000
11.656076,0.54994893,0.56052905,4.680568,7.8199925,138000
11.396356,-0.022622762,1.4852085,2.87472,7.110546,239000
10.7214155,1.3842853,-0.5924919,2.866526,6.699635,149900
1.1858728,0.99984515,3.2345486,2.8625534,10.11341,166000
1.3558227,2.5466037,0.9543848,2.7839718,8.08839,197000
11.581921,0.9263443,1.4452492,3.9364388,7.519256,165000
10.714037,2.368057,0.48948145,2.6424916,6.696404,184000
10.645259,2.317527,0.99586,3.7767143,6.997209,599000
-0.10829945,1.0360218,0.03904872,4.5289297,10.3514595,87000
1.3490729,1.765345,-2.871862,2.389438,4.8179665,105000
10.690905,1.7909583,1.2458928,2.7674506,5.808173,253000
3.4341474,6.3142104,1.5087744,1.9531269,7.537281,175000
11.379725,0.7262956,0.53323555,4.699648,7.780547,215000
-0.3267971,0.6419303,-2.008718,5.5229416,10.751367,135000
11.4242525,0.8843028,1.8011798,3.1327648,4.4564514,90990
11.881015,0.71437,0.64122975,4.6147056,8.029238,105000
1.4932733,3.0904694,0.6901452,4.0351887,7.865157,450000
2.5446188,1.8704811,1.1879374,2.2247756,7.5832834,259900
11.904856,0.1764969,2.2295744,3.9818807,4.9104905,77999
11.429346,0.35359493,1.5995305,3.1858191,7.343604,279000
0.6074519,0.4428139,3.9850562,2.4647055,10.938934,85900
3.1781874,1.6973906,1.3187494,1.745781,7.5939794,530000
11.128827,-1.4499539,0.95234185,5.0023575,8.522285,214000
9.95862,2.3189516,1.1222866,4.275132,7.512363,790000
1.8490329,1.3867099,1.1601827,3.1451516,7.7700543,270000
-0.6190628,0.0076721963,0.8183741,3.287468,-0.93167293,130000
-0.21095921,0.8303372,-0.49917793,5.3327537,10.665654,159000
1.6724012,1.3510473,-0.772481,2.8612216,6.053646,241700
1.6517105,1.3865318,-0.8148643,2.8751767,6.058273,229375
0.2307118,1.0363706,0.44435817,4.145313,10.228204,185000
10.729987,-1.5598209,0.91681576,5.6468306,8.960562,650000
3.7168393,6.9743156,1.020851,2.9498086,6.9812045,220000
-0.23787273,1.1061325,-0.4233033,5.5898647,10.357305,129999
0.9747099,1.4323258,-1.266332,2.435884,5.7575603,190250
0.4576189,0.34578356,3.7479913,2.4935772,10.90317,64800
0.7280264,1.5701362,-1.4481499,2.5995924,5.9279284,148525
10.738822,0.90288305,1.2741424,2.8957765,6.3033752,199000
12.027865,-0.654472,0.8630349,3.5931206,6.796115,84000
0.2667528,1.7067982,0.6432256,3.241578,8.716414,475200
11.117934,1.7254893,1.1990873,3.5255017,7.295219,449900
11.474213,-0.23346217,1.3736411,3.0157428,6.441157,82000
10.931885,1.431984,-0.7001216,2.7804215,6.9397717,104000
0.21241474,1.4257753,0.7613002,3.1466925,8.920961,119000
1.664938,1.2313899,4.182062,2.8298202,10.8126745,118755
11.228346,-0.81622094,1.5064903,3.7935154,6.998022,95000
0.479891,1.6269196,0.8754586,3.5151625,9.07923,313050
0.46834007,1.6278415,0.8774139,3.4954376,9.061851,213700
1.6395078,1.4033433,-0.85189295,2.8740172,6.043732,194800
1.5501325,3.5838852,0.3357257,2.458137,8.025055,132602
10.73331,2.317585,-0.22774048,3.1382706,6.128781,180000
-1.3399658,-2.4877648,0.3758587,3.1483264,1.3346032,67600
0.97201735,1.2622972,-0.3853834,2.8212306,6.041505,143802
-0.2917178,0.59808403,0.48385438,3.163926,-0.9193275,101862
-0.2980458,0.59644073,0.49174055,3.1707885,-0.9278086,101862
0.5442322,1.4471055,-0.9828316,2.7037184,6.5206494,95868
0.5117519,0.56582093,0.999936,3.1986637,9.187193,175500
3.6141756,6.9492917,1.0165483,3.0055559,6.899615,195425
11.3529215,-1.3853618,0.605243,5.316668,8.207543,158000
0.854848,1.3929434,1.6220669,4.1948514,1.2271186,160000
11.306457,-0.50478154,0.28764325,4.3181696,6.586286,98500
3.331641,6.41247,1.5642937,1.7234249,7.624772,140700
3.3570247,6.431009,1.5903538,1.7011819,7.65192,139100
3.3150895,6.409191,1.5708829,1.7079005,7.6389804,129200
1.5345141,3.4167058,0.6303714,3.808666,7.754516,178500
-0.035131693,0.97872645,0.21709628,3.350767,-1.1553414,105000
10.775511,1.1019758,-0.444264,3.751428,6.3524733,62900
10.853839,2.1571724,0.8048009,2.6939595,6.045486,160000
10.439137,2.3296726,0.8273685,2.3298626,7.671115,169500
0.12587523,0.6342726,0.41391623,3.9385474,10.428122,129000
0.18471876,1.2225637,-0.14260441,4.8916006,10.394675,129500
0.36579496,0.21267094,4.428568,2.3646705,11.379798,129500
0.6075173,0.42728874,4.1376386,2.395704,11.131155,127500
1.5948241,3.671061,0.29607016,2.4195848,8.067946,185000
1.598862,3.678039,0.29663593,2.4115086,8.07153,185000
12.149678,-0.2649577,0.9656697,2.7577486,6.834358,139000
3.4187734,6.3234353,1.473913,2.0952249,7.5073586,229900
12.075699,-0.49613205,0.93235725,2.6976624,6.7290397,128000
10.796002,1.7830949,1.5615335,2.5113769,7.0979433,162000
1.2043513,1.0187522,3.2068195,2.8794792,10.077536,107900
0.03297602,1.8813279,0.3316693,2.9208374,7.5712867,100000
11.129377,-1.4502558,0.9260983,5.062163,8.535322,235000
-0.38911986,-0.015845936,0.41540873,3.1823578,10.116692,239900
10.969159,1.5272236,-0.5885157,2.614524,7.1182976,148000
2.1278536,3.0127187,1.4409221,4.45577,8.205262,3000000
10.798575,2.310477,0.4449405,2.5405972,6.6792865,289000
0.36365792,0.21441047,4.4152417,2.3695018,11.370901,76264
11.429103,-0.48108092,1.7456878,4.36219,5.733036,129900
0.7875031,1.5441,-0.48304746,3.5402412,7.0263457,310534
11.97458,0.7564248,1.1392531,4.191503,7.787646,190000
3.7011883,6.898691,0.98067224,3.0567143,6.9781175,280000
3.6227875,6.9454722,1.0145828,3.007878,6.9004483,169000
2.063859,3.0623455,1.3397318,4.417167,8.144836,720000
10.576973,2.7005603,0.051757537,3.1845982,6.2376266,145000
10.54442,2.2963707,-0.2439005,3.4947805,6.0697637,144000
10.687789,1.8162758,1.4792924,3.2692857,7.0518703,146650
11.249606,0.7770448,1.5476618,3.7868721,7.461918,235000
-0.6684353,-0.35480702,0.1568652,3.3047,10.171659,106000
0.6862388,1.4005811,1.5511284,2.7372417,8.187447,123000
0.7273532,1.6023709,1.5125548,2.7770555,8.083035,104000
0.70671946,1.5603541,1.5083399,2.748965,8.164565,112000
0.6842729,1.439728,1.5180731,2.724903,8.209216,92500
10.681149,2.3867342,0.59048706,2.615532,6.8349977,229000
10.685533,1.3853631,-0.78514326,3.2101452,6.3753104,89000
0.95041764,1.2624266,-0.39705667,2.7963703,6.0234694,158000
3.7055793,6.8380976,0.95874894,3.1249611,7.0011454,333160
1.1516638,1.6634881,-2.596026,2.2869747,5.0821023,63000
0.6956889,1.5165428,1.5115131,2.6955552,8.143515,86000
0.6803729,1.5162714,1.4974086,2.6823921,8.182755,78000
0.65596294,1.4090911,1.5335779,2.7090359,8.24193,89085
0.6815822,1.475439,1.5263555,2.6971867,8.179235,82000
0.4424761,0.33130446,3.7725105,2.5018337,10.904665,63525
9.5736685,4.0688286,0.86817825,4.0523186,6.658542,315000
-0.5685706,-0.5439501,-0.3276166,3.4088829,10.527431,69000
-0.11726183,0.1595803,0.6828916,2.9133399,9.721433,135000
2.622974,2.7298877,2.0246048,4.132522,8.160389,499000
2.6358674,2.6642792,2.0786817,4.1739097,8.173548,495000
3.2840905,5.995968,1.562753,2.141317,7.6593757,244000
3.28198,6.0027175,1.5626811,2.1279738,7.6599956,206000
11.444262,-0.57689023,1.7406963,4.4363165,6.2305737,139800
11.5173,1.6709237,1.0690511,3.769282,7.266903,189000
3.4107256,6.30056,1.4758728,2.1016388,7.516505,159900
2.0627239,2.0540788,1.1910228,2.1185026,7.5092325,235000
3.4187179,6.0786304,1.6536103,2.0047386,7.688707,192000
10.462196,2.5127397,0.58631104,3.9317038,6.808119,184500
9.390567,3.3420122,1.4037435,3.0273216,7.2889504,123500
1.2732352,0.937959,3.0269022,2.935915,9.905226,104999
5.253878,9.415103,2.2587621,9.883389,5.734388,169000
12.018615,-1.3474954,0.9752115,2.9030402,6.27296,75000
1.3175833,0.9760597,3.0431068,2.9591167,9.875938,99999
-1.8546267,-1.8597492,-2.4001708,2.6324842,12.054615,108500
1.091551,2.418226,1.0468794,2.4558992,7.8935156,144000
1.3621829,2.5651069,0.94381833,2.8071878,8.13435,238000
11.44256,1.406356,1.4318812,3.020309,4.5581183,140000
0.24356326,1.1857667,-0.14733002,4.9519286,10.11703,179800
11.236514,0.61552113,0.44333845,4.614803,7.6661077,210000
11.607812,1.243968,1.3929393,3.8985376,6.9646606,167000
11.757569,-0.5626985,1.1309452,2.7800956,7.1084213,58000
0.76970077,2.3282175,0.51305854,2.3487034,7.1208453,230000
0.85555995,2.1887999,0.6157754,2.2550929,7.1602287,205000
0.8200911,2.239646,0.59560955,2.276313,7.148903,205000
10.738954,1.9758874,1.0954431,2.5620117,5.9379706,201000
12.181914,0.0045171324,2.429644,4.7525716,6.021234,114990
10.343401,2.461889,0.878787,2.5586352,6.596658,169587
10.054163,2.303885,1.105725,4.1740494,7.401206,720000
10.842407,2.1896343,0.776203,2.6922395,6.0930643,130000
4.488183,8.07024,1.3848246,1.5386252,6.7276425,117000
10.687325,1.0307262,1.5685967,2.9990697,6.799614,249000
9.750396,2.3081315,1.192396,4.3491144,7.6724935,749000
12.303096,-0.56830376,0.72253686,2.964064,7.064776,75000
1.6482333,1.3019648,-0.6602549,2.886731,6.0929594,255000
0.9665062,1.5429103,-2.9833815,2.2007468,5.486787,49900
5.2389216,9.433592,2.275385,9.901791,5.716927,106000
12.153955,-0.5818349,-0.4183354,3.1013248,6.7302766,106800
1.5001856,2.5565162,0.78417265,3.4646838,7.8535857,326326
0.7976616,2.3313413,0.6433516,2.3328373,7.174267,242412
2.3650498,2.1837316,1.4155667,2.62142,7.7319393,567244
2.2109222,2.1166513,1.2760737,2.885578,7.7480397,427130
3.1871262,1.7561866,1.4171398,1.6305702,7.623835,494500
3.2526245,1.6531724,1.2708042,1.7490698,7.5834,493350
1.7217789,2.618048,0.8839477,3.614703,7.84964,268796
12.190235,0.013978182,2.414931,4.744481,6.041504,105000
5.249942,9.414493,2.2585702,9.882613,5.7346416,161000
10.976194,0.43714088,1.6876166,3.3335323,7.2066603,269000
-0.6488432,0.14691052,0.06053805,3.2737627,10.412305,97500
1.4418025,2.9626408,0.74663407,3.9986215,7.834048,778800
4.352813,7.742896,1.4393715,1.8639157,6.8522663,127500
4.528929,8.055013,1.4590108,1.6335799,6.7079806,116000
0.7996135,2.1647391,0.6219501,2.2291734,7.1831784,272250
9.9280405,2.2994847,1.153081,4.26045,7.5361357,1750000
1.68368,1.3429292,-2.432417,2.9401703,5.6811943,124000
0.83903354,0.7200772,3.0433738,2.7492523,10.168358,109000
12.540612,-0.17885439,1.1380115,2.938023,5.851355,80000
11.279256,-1.44824,0.8118258,4.7778454,8.073584,405000
0.073982365,0.619268,0.2322747,4.0633726,10.404439,84000
1.3038737,2.8228397,0.901598,4.1367373,7.6410823,595000
-0.20681676,0.8094607,-0.5309529,5.3397007,10.650476,155000
9.459221,3.267031,1.3778707,2.9593806,7.279719,146000
12.081314,0.7890618,0.9187687,4.3247952,8.009946,115000
10.996206,-1.5678449,0.9236019,5.2674313,8.596994,380000
10.829449,2.1424801,1.0603001,3.513735,7.0538325,186000
3.2064683,6.1471257,1.5675159,1.8231095,7.6845813,150000
1.5026648,2.5085697,0.77232826,3.3635132,7.8306284,196000
0.76397854,2.2604501,0.6783603,2.3356056,7.1998835,159000
3.924346,7.0579033,0.97346514,3.0052094,7.0394974,652080
3.836005,6.975,0.94869524,3.0883431,7.010826,364188
3.6135287,6.946569,1.0177387,3.0061371,6.8917623,227000
3.7484598,7.0165234,1.1623574,2.6527023,7.0267143,155100
3.87456,7.01229,0.9798633,3.0346396,7.0356236,447080
3.808498,7.0198917,1.0490818,2.8961263,7.027886,252119
3.7615986,6.9909024,1.1895894,2.6009595,7.073215,164505
1.0445992,2.6778646,0.65440685,3.5261323,8.449332,630000
0.23183855,1.0019041,0.44076997,4.1568236,10.254427,174900
1.7710575,3.1350257,1.0521532,4.295064,8.079342,385000
0.47111452,2.5376348,0.39127174,2.7989514,7.1247754,250000
11.271227,-1.4545289,0.878743,4.7291217,8.298364,240000
0.39259607,2.4653285,0.38663676,3.0804973,7.2869635,650000
11.077199,-1.557606,0.91416776,5.166883,8.481447,170000
0.7989559,2.4825037,0.5569449,3.9504106,8.044937,293400
4.6562324,8.311005,1.5669272,1.6244478,6.564246,129558
11.0253,1.1944247,1.7162145,2.0578084,6.975367,128500
10.451246,1.9908398,1.1945,2.6567903,5.771532,185000
0.13711976,0.6099869,-2.1243486,6.0576024,10.571011,85000
10.573995,1.9449462,1.1841493,2.6405962,5.8643103,364900
1.1256416,1.9033077,0.6890921,2.1090305,7.0132627,175000
1.1078342,1.9057806,0.6743186,2.1153998,7.003219,175000
1.1673568,1.9704623,0.72234476,2.120136,7.1186166,175000
1.6686355,1.2594609,-1.0277089,2.7398086,5.9515247,240000
12.099577,-0.5875633,-0.4458932,3.1825178,6.7232146,136500
10.290057,2.3466141,0.9540489,4.119729,7.2593293,600000
-1.2695714,0.4643708,-1.5062726,5.9378386,9.765559,110000
11.344212,0.7384755,1.5619928,3.6511958,7.375226,270000
12.237892,-0.67889863,0.88166755,3.5375931,6.5003176,124000
2.1153915,3.0002437,1.4441252,4.4112163,7.965714,1150000
0.6681438,3.024666,0.87940377,3.7890024,7.6482234,158000
3.7570984,6.9567633,1.259757,2.448153,7.136859,230000
10.38831,2.3794954,0.41147438,4.0894227,6.787144,255900
3.0817304,6.125098,1.6697198,1.5970713,7.828451,119999
1.8625646,2.1257083,1.037957,2.8397236,7.592668,240000
0.81034887,0.69591767,3.054778,2.7367008,10.199199,103000
0.8306512,0.6949851,2.96423,2.767023,10.130546,99000
12.003041,-0.72914785,0.21183787,3.4184537,6.713782,105000
9.415146,3.303302,1.4028715,3.0512433,7.297336,190000
1.3652489,3.0220087,0.64354753,3.664827,7.762666,245000
0.98037225,0.90413463,3.0152318,2.8111374,10.016725,163500
2.3419037,2.1914132,1.5418459,3.3127313,7.846748,1054000
11.303285,0.37275475,1.6006361,3.3377361,7.419538,198000
0.9796163,1.6404173,-3.2839074,2.0884178,5.308883,44000
0.83590746,2.1611593,0.41615593,2.4413466,6.7754936,219318
0.7634793,2.4470408,0.57181424,2.3503547,7.030941,219318
0.7452318,2.508938,0.54057497,2.348145,6.983021,225600
2.1242118,2.1826615,1.2770602,3.201407,7.7841525,740222
2.0444548,2.170046,1.2449055,3.1013112,7.8118625,740222
2.1378562,2.134845,1.2816436,3.2143035,7.772498,740222
10.58476,2.1426442,0.84447676,2.9756858,7.5834165,773913
10.758726,2.3024344,0.66928697,2.4183905,6.855397,330000
1.5873404,1.226206,0.086227715,3.1129498,6.26863,205700
10.637663,2.0867844,0.44872087,2.570885,7.7527337,229500
10.737412,1.9917028,0.3225387,2.6195345,7.6835403,156600
10.81561,1.9018303,0.21266815,2.5930202,7.539638,166750
10.606487,2.4323463,0.73199725,2.5708404,7.0329947,250000
1.4575051,2.5336397,0.7718847,3.4366753,7.8567576,202639
0.7180351,2.45971,0.5445376,2.364948,7.025472,189900
0.9383217,3.0505195,0.51893514,3.9450517,7.665278,350000
1.1257342,2.4507298,1.0310194,2.540001,7.9603434,194000
1.0922453,2.446862,1.0580634,2.4807966,7.923625,153000
1.0161626,2.3405478,1.1080785,2.4632676,7.895946,124000
2.0488997,1.9931685,1.3539742,3.2431977,7.924215,260000
1.0307969,2.3354185,1.091339,2.4516556,7.8861985,131000
2.3324704,2.7419333,1.5209197,4.005564,8.057851,614000
2.3217368,2.7899506,1.5318493,4.0699625,8.0691595,595500
2.278114,2.7846715,1.4716136,4.0320206,8.052268,520500
2.2637892,2.7507334,1.4637449,3.988997,8.034378,501200
1.3819451,2.556921,0.7177421,3.4928505,7.874459,310000
-0.2964673,0.7375483,0.30474502,3.5400012,10.545614,107000
1.7345454,2.3473246,0.7600803,3.6735697,7.8921595,365000
9.584264,2.3518753,1.1772285,4.352645,7.738227,950000
0.37853086,2.5123465,0.3617488,3.0251398,7.24042,465456
0.30774075,2.4765875,-0.030958537,2.7014358,6.9198046,385184
1.1729927,1.9661702,0.78911614,2.1401172,7.082778,144000
11.698447,0.48824272,1.6290985,3.7116969,7.3746624,110000
2.9088914,2.6667047,2.2970734,4.3732176,8.230856,575000
10.599992,2.1202915,0.48797148,2.5898173,7.787184,239250
10.6704035,2.0632107,0.41149214,2.5948634,7.727092,221000
10.964137,-1.6097851,0.66869634,5.261941,7.566063,199910
-0.15797311,0.8442087,-0.3503093,4.964391,10.074252,124990
0.8629969,0.72656,3.0573354,2.756602,10.160862,120000
1.2291605,2.9370646,0.1186954,4.3046846,8.062099,460000
3.1792147,1.7509655,1.4043556,1.6490922,7.618043,595000
3.1924345,1.787849,1.4567734,1.5858039,7.6421356,315000
0.8260973,2.2684662,0.6691156,2.3223636,7.167029,188900
0.5114678,2.517088,0.39500472,2.7574697,7.0927024,390000
10.610676,1.4590648,2.7411544,1.4565586,6.6903577,105270
10.404506,1.257237,3.063176,1.3026584,6.97871,138825
0.7193671,1.423166,-1.6200279,2.554768,6.265377,82500
1.0208454,1.0688344,-1.7406074,2.625944,2.160223,96000
1.0626978,1.1182084,-1.777337,2.639593,2.21413,116000
9.924114,2.2865202,1.197153,4.16225,7.55115,780000
11.391756,0.8352452,1.8042252,3.2322567,4.548605,99500
0.79343015,2.311603,0.63273555,2.3356557,7.1210585,162000
0.7671383,2.439402,0.57786894,2.3521087,7.0433316,156000
0.7484889,2.4518223,0.5605376,2.3587284,7.023375,188000
0.74520373,2.4438753,0.58290404,2.347862,7.0534215,184000
1.0440116,1.1178334,-1.780598,2.6228743,2.624895,77400
9.637547,3.013753,1.3605248,3.1217213,7.28113,244990
3.2300153,6.313514,1.5943929,1.7429701,7.689885,104500
4.3589354,7.7085247,1.4392396,1.7962562,6.882668,98771
10.869929,2.0953953,0.94112855,2.2697794,6.8635793,89250
3.166731,6.1156125,1.5905849,1.7557963,7.7283196,180000
3.335278,6.405547,1.5482789,1.7614135,7.6103687,149970
5.2356215,9.431874,2.273533,9.900131,5.718574,106000
0.83796257,3.390319,0.13277331,3.2501755,6.941009,105000
10.801507,1.3242545,0.52496046,4.026585,7.324404,285000
2.1856196,2.2860568,1.3689493,3.2049067,7.807397,367425
2.0539122,2.1394079,1.1296396,3.007178,7.7059426,285944
1.0892857,1.1412563,-1.8130879,2.6156538,2.7986522,216600
11.899172,0.1435251,2.1162689,4.507143,6.741579,135000
1.6990035,2.3737624,0.9216099,3.199393,7.776402,325288
0.6669063,1.6206857,-1.3678848,2.6277432,6.258298,154900
1.4511555,2.984141,0.7005577,3.9264746,7.839914,383000
0.63413805,2.4520218,0.4816006,2.5142117,7.0497375,218900
-0.14282098,-0.12859541,-0.17920889,4.150073,9.799168,349999
10.676697,1.5386024,-0.7446344,3.2158275,6.3171234,79716
11.612887,0.87434685,1.3890586,4.0749903,7.4143405,287000
1.2673508,1.8230364,1.4976593,4.3880153,1.5103412,214000
-0.27800846,0.45198387,1.9480722,3.7643416,0.25208974,63335
0.24740629,1.0663415,-0.003239048,4.824327,10.380757,139000
2.3212163,2.8176572,1.518124,4.1009064,8.077241,750000
2.1056461,2.5274634,1.2691578,3.6298532,7.9052424,520000
1.4471186,2.9753299,0.73278385,3.9222522,7.828223,420000
0.73158765,2.3797238,0.6149802,2.3710759,7.1315804,265000
10.952306,1.4518783,-0.70322275,2.667873,7.0510397,127140
3.2119286,1.6407684,1.2577178,1.7855338,7.594614,295000
0.70911855,2.2778327,0.3957703,2.5186071,6.849544,240000
-0.5457633,-0.42539394,-0.22022626,3.4273195,10.485268,100000
3.768022,6.969991,1.1967425,2.5876591,7.1010633,244629
3.7573516,6.931472,1.2145884,2.550591,7.133553,305777
3.7721415,6.95383,1.206349,2.5650268,7.122,304896
3.7556877,6.974393,1.2154242,2.5493531,7.097551,249876
3.7767596,6.955552,1.2157712,2.544963,7.1261168,312332
10.718378,2.2030294,0.8270847,2.9359062,7.127459,490000
1.2748641,0.97390074,2.8146932,2.999604,9.776804,212000
0.8180953,0.66772777,2.8705418,2.8040433,10.070974,111000
0.89248866,0.7525284,3.0788276,2.7650945,10.162504,105000
0.87970906,0.70615685,2.971955,2.7661898,10.097062,109000
0.68047726,0.5724968,3.059808,2.672629,10.289218,86000
-1.8263804,-1.7894496,-1.2032927,4.4810176,10.027947,76900
5.2454877,9.429612,2.2715883,9.897865,5.720829,119000
10.396959,1.2496357,3.071365,1.2991215,6.9874625,128080
5.2374344,9.430653,2.272359,9.898857,5.7198095,96000
0.2637444,0.3221554,2.1638942,2.8336694,6.990465,95000
5.22154,9.314589,2.1719353,9.783571,5.8288317,96000
5.2466617,9.434423,2.27602,9.902602,5.716205,119000
1.1871693,1.023356,3.196374,2.8846967,10.073209,149000
0.41152003,2.5938292,0.38940135,3.015346,7.2236695,461241
1.4455445,2.9985273,0.7292776,3.9899416,7.8541627,596756
-0.46739525,-0.1267958,-1.0504335,4.6423116,10.636005,125000
3.2479239,5.95324,1.4670594,2.207365,7.6019773,298000
10.395658,1.9641163,0.47887594,4.196697,6.774931,268000
3.335865,6.0599847,1.5840268,2.0530722,7.6725845,195000
2.773118,2.599654,2.2708278,4.291563,8.211093,880000
0.96910596,2.1910498,0.71231467,2.236736,7.156054,365873
1.5928292,2.641437,0.65551865,3.8261635,7.8664546,550000
0.49280563,1.4671732,-0.71320355,5.2295094,10.242691,445000
0.8440037,2.1592343,0.4177878,2.434357,6.778857,161500
0.5931841,1.4337796,0.7120569,2.4368336,6.92172,149530
10.4308605,2.3175533,0.30850115,4.0471725,6.7504735,166700
5.2480154,9.429624,2.2716904,9.897845,5.720802,119000
5.249566,9.4158535,2.2595112,9.884055,5.7335386,169000
3.8019276,6.9925303,1.0225717,2.95281,7.0203815,273634
0.865967,2.7083604,-0.19414811,2.957776,7.0542393,165604
10.959463,1.1227797,-0.8358831,3.122323,6.504533,54300
1.016793,1.715588,-1.2982419,2.9473708,6.267184,133400
9.993949,2.8892288,-0.18292086,2.7705948,7.168783,138200
2.827732,2.679921,2.2176113,4.3513556,8.21645,975000
2.8284366,1.8149683,1.354397,1.8155258,7.5949574,242840
1.0943885,2.8889806,0.6610205,3.8654728,7.855558,325000
10.802261,1.3673418,-0.27971035,3.3746567,6.553454,399000
5.242384,9.433031,2.2749941,9.901155,5.7174015,119000
4.571736,8.120164,1.4709829,1.6316832,6.656556,165000
4.5630646,8.098166,1.4248123,1.559612,6.6751704,133000
0.9918327,1.0348394,-1.803343,2.584571,2.4768758,71900
0.52245873,0.5692897,0.99729455,3.202766,9.171147,131950
3.2976253,6.024423,1.4863576,2.1463966,7.5717616,325000
3.224107,6.167827,1.5809271,1.7686131,7.6953955,170000
1.4127347,1.0735648,3.778553,2.800833,10.496032,145000
9.458202,3.2666912,1.3748006,2.9519503,7.2619634,115000
11.3861885,0.8344377,1.8045353,3.2389278,4.554956,57000
0.8750897,0.6801372,3.2993095,2.7324882,10.331504,99500
10.58854,1.4647754,1.4762096,3.4551733,6.7783628,321000
10.704864,1.6688938,1.2797078,2.9695866,5.914812,218000
0.9161777,0.75019306,3.149517,2.7443829,10.216157,84900
4.603515,8.1857605,1.4713938,1.5561544,6.628327,89000
1.193413,1.2731822,-1.1635545,2.286178,5.605333,117000
0.58947885,0.5751623,1.9519393,2.9026754,9.785077,119000
9.544667,3.937136,0.90021896,3.9019177,6.757028,350000
2.7211456,1.8554578,1.350772,1.8337777,7.5804777,270000
2.4899833,1.9998106,1.3318388,2.2403743,7.63053,591000
1.5645971,3.583995,0.34364954,2.5680847,8.037637,180075
1.066492,1.141127,-1.7835137,2.6322196,2.70593,120900
1.0717787,1.1341883,-1.804024,2.6201162,2.7134688,90400
1.0775044,1.1357136,-1.80767,2.6192472,2.7456987,89900
1.0856057,1.1175791,-1.8121562,2.63378,2.665125,88400
0.21073459,1.2824302,-0.4064553,5.259186,10.544994,178500
10.822459,1.371293,2.1669674,1.7607753,6.888369,79000
0.78560936,1.8849362,-1.3182503,2.762149,6.405411,271200
1.5146947,1.1257312,3.122065,3.0338833,9.785218,144500
1.5751972,1.1618057,3.0935986,3.0705729,9.717101,143500
10.71921,1.4099282,2.4046605,1.674395,6.8557835,108420
0.7011154,2.0128763,-1.1382899,2.670807,6.469392,209500
3.2447634,5.9521737,1.4698112,2.2002065,7.60798,369127
0.93592453,0.7232545,3.1576695,2.7737257,10.202275,84900
-1.738179,-1.7437959,-2.2669115,2.7754912,11.868109,124900
-1.463072,-1.1824131,-2.3541842,3.2916956,10.848963,69500
1.081755,1.1300715,-1.8178972,2.6131196,2.698886,61900
11.185842,-0.19408573,1.419787,3.8074338,7.609865,405000
10.784366,1.7967794,1.603134,2.5276136,7.0955267,152000
-1.7781469,-1.7930213,-2.3166444,2.7270215,11.939831,119900
0.70252806,2.2721584,1.6567184,4.9073267,1.277702,185900
-0.8263939,-0.37266847,0.8456401,3.4533513,-0.8527321,129300
-0.8233638,-0.37059096,0.81703943,3.4357295,-0.8975494,118800
-0.83063793,-0.35570467,0.85033315,3.4693573,-0.8856941,117200
-1.3895339,-2.1944559,0.066876106,3.0487256,1.194915,88000
10.737193,1.4039937,2.325298,1.7215211,6.9179435,84000
11.22325,-1.6342736,0.6126061,5.29506,7.912028,65000
3.2266996,5.92487,1.4660776,2.2147079,7.6205206,331500
3.2207878,5.93505,1.465205,2.1996446,7.618724,331500
11.886596,-1.0241264,1.0217587,2.899202,6.647403,110000
11.232312,1.7307147,1.7249295,2.7972844,4.933761,94500
11.708248,1.1072189,1.3538706,3.9646068,7.4250655,136000
11.005396,1.3125403,-0.69395566,3.0174646,6.66271,139000
11.664495,-0.435783,1.2601155,2.7040682,7.12949,90000
11.633449,1.3526187,1.6953858,3.4142542,5.487081,195000
11.221708,1.7143763,1.4982756,3.9495428,6.600194,210000
11.678603,1.1156125,1.4976525,3.8514068,7.259236,249000
10.4283495,2.3051505,0.8080641,2.3064187,7.727467,450000
10.625084,2.291618,0.3254024,3.696403,6.7311654,164000
12.302921,-0.73586816,0.55894095,3.1740289,6.979104,74900
12.445799,-0.5691676,-0.6180219,2.730342,6.7298646,99900
10.644105,1.0375961,1.3692796,2.889878,6.444026,64800
10.989025,1.5426289,-0.5680712,2.6209278,7.115709,115000
10.656044,2.5259902,0.09520348,3.123501,6.1913533,179900
12.309553,-0.55696154,0.66385996,3.0543666,7.0091014,115000
11.874424,-1.7573361,0.17508425,3.9191177,7.099965,49999
11.388594,0.13088354,-0.19613081,4.2760215,6.5332217,255000
10.706727,2.3810098,-0.26597738,3.1638048,6.26477,99000
10.7363205,2.2509627,-0.29064742,3.2015455,6.28616,128600
0.4217915,2.8405707,-0.033173885,2.7084146,6.872199,129500
12.070663,-0.61300814,0.8671287,2.8070178,6.9257865,83000
0.99166715,1.847055,-2.1128635,2.7352085,5.5727644,104314
0.9907986,1.507214,-2.8767235,2.1666796,5.5001926,30300
1.2157376,1.7209221,-2.7935266,2.2803004,4.9927325,71925
0.32121965,2.9021685,0.6293636,3.123917,7.1442013,110964
0.318773,2.9050522,0.625299,3.1196313,7.1373844,118230
1.497437,3.611371,0.2799421,2.7184439,8.021729,158000
1.0971467,0.979462,3.18786,2.832435,10.104734,187950
0.43695232,1.5013628,1.2324661,2.9438987,8.532988,151500
1.5223744,3.551431,0.36301088,2.6627412,8.058,333100
1.4868819,3.5957427,0.29558802,2.8104334,8.019771,325000
1.6838628,3.0738513,1.045475,4.369678,8.189637,295000
-1.2061217,-1.1627998,-1.7706001,3.372522,10.725377,135000
10.395136,2.3221817,0.79902273,2.4045212,7.7133174,299999
1.5353751,1.8097343,-2.4599586,2.5809927,5.300383,96500
10.968737,1.4396985,-0.7057545,3.1799805,6.404911,87000
3.6279671,7.0096197,1.0459223,2.9354808,6.891653,155000
11.326794,-0.117426984,1.4681228,3.475856,7.4780507,153000
-0.17558777,0.53584176,1.9007624,3.8575966,0.5555161,108000
10.88434,1.7350543,1.3717248,2.4965696,7.2637186,240600
9.990061,2.2570121,1.2130855,4.1322513,7.5118613,384900
1.792075,1.3588004,-0.47113508,2.9508848,6.181133,278000
0.10742384,1.2538558,0.37129176,4.0550475,10.136679,238000
0.7242061,0.6026572,2.9682698,2.7054403,10.194152,61400
0.18807918,0.8443456,0.2795432,4.36944,10.360243,126000
-0.28431508,0.58431655,-2.0949957,5.6224313,10.678347,127000
1.2416244,1.8266647,1.5327617,4.4461703,1.5529937,153440
12.448693,-0.58237195,0.4488226,2.9478734,6.890476,120000
0.3004866,1.6947036,0.68301064,3.3370907,8.911901,210000
1.2206687,2.9269183,0.09503739,4.306264,8.075707,450000
0.43150285,0.2660786,4.4004264,2.3215518,11.38891,112000
-0.1923339,0.5230339,1.9058669,3.8490515,0.5408989,112000
0.24025868,0.83593136,1.819166,4.078956,0.8925256,159000
10.674823,2.2373226,1.0744697,3.573811,6.9621487,598001
9.965615,2.2673502,1.1754137,4.173707,7.52484,675000
0.91508555,0.74388885,3.1187727,2.754135,10.183891,114180
4.404539,7.904019,1.4477376,1.927255,6.755645,326000
-0.5235195,0.15908046,0.74095714,3.2221,-0.93284684,86500
1.2589372,1.2346447,-1.2263302,2.1543121,5.7095513,166900
11.504274,-1.314721,0.9607857,3.8608458,7.4967546,100000
11.156537,0.6273235,1.5397383,2.7964487,6.655584,157999
-0.19855282,0.518693,1.907821,3.8449442,0.53223807,91240
0.40613276,0.24398422,4.4247055,2.3122478,11.419098,91240
2.7475045,2.723439,2.1118684,4.343685,8.196301,1500000
0.022211002,1.0427095,0.16167744,3.405944,-1.2632447,99247
-0.14161733,0.8920783,0.3839041,3.3522005,-1.169978,89947
0.0027291744,1.0241089,0.19145676,3.3866355,-1.2139325,89747
-0.101294704,0.974684,0.30609533,3.4056895,-1.2561195,86650
-0.0073864996,1.9190831,0.24638814,2.9278176,7.482585,196077
-0.3483359,-0.26373243,0.369278,3.1895266,10.1828575,135000
2.1859024,2.9752417,1.5213014,4.465995,8.275366,790000
10.869744,1.7732866,1.3387862,2.5627813,7.2633915,152000
10.863143,1.8379421,1.3434169,2.2324119,7.0029736,93500
10.892204,1.96388,1.1413429,2.227404,6.960697,100000
10.853315,1.7988929,1.4265753,2.2650032,7.039497,128500
12.184351,-0.73968107,0.5895647,3.270682,6.9357295,144900
12.156702,-0.5766778,-0.4139829,3.087949,6.729019,108000
0.7695559,3.07047,0.21700585,2.9628108,7.0391893,155000
-0.26632923,0.46108672,1.9749494,3.7769876,0.27961066,82500
1.0419127,2.8340979,0.7310498,4.057721,7.565476,412000
-0.30532014,0.41947028,1.9730018,3.748728,0.29230967,78000
0.632886,0.44882616,4.245775,2.263787,11.299134,74871
1.9249927,2.9356337,1.3242974,4.4122286,7.908873,780000
0.9119921,0.7253367,3.116682,2.757479,10.179135,63895
10.591039,2.2895498,0.14483592,3.4371064,6.0283594,235000
10.584638,2.447923,1.1328623,3.134397,7.198853,650000
10.394728,1.2480612,3.0720053,1.2936071,6.9880376,230000
10.11098,3.596719,1.1735318,4.010698,6.4971533,104900
0.8235662,3.1220796,0.2120251,2.980424,7.1043487,140000
10.380224,1.2383424,3.09382,1.2823783,7.001113,209000
1.9026228,1.3531184,2.9667654,3.2486658,9.3692,254376
2.1015277,3.1003478,1.3536662,4.455396,8.15455,1370000
10.71326,1.4063866,2.3646219,1.7119011,6.924841,126500
1.8649156,1.326941,2.9887674,3.221855,9.420568,193146
1.8693761,1.3275334,2.9860446,3.2238472,9.41635,193627
10.710736,1.4040293,2.371784,1.7070221,6.926202,127500
1.880728,1.3361676,2.9804296,3.2318578,9.4002,194342
1.8879775,1.3447893,2.9703343,3.2398305,9.384968,282638
10.738399,1.41729,2.3288107,1.7236794,6.9109406,104530
10.749081,1.8888341,1.3092769,3.4938033,7.0766425,395000
0.9593221,0.88239133,3.0034559,2.8150065,10.057355,188050
-0.11003008,0.94588274,0.30443665,3.3647718,-1.204927,87500
0.85118484,1.4637426,-2.543525,2.4053419,5.9331574,97960
1.1005176,1.5423837,-1.8153741,2.345202,5.4328766,133480
10.655904,1.3456208,-0.4678805,3.2150583,6.3858833,160600
1.6465615,1.3613604,-0.82859284,2.798554,6.014906,159053
1.5719414,3.616024,0.32814416,2.4259665,8.0406885,119541
1.6128899,3.703546,0.28951284,2.3860981,8.086069,118349
1.6506524,3.853672,0.17844029,1.9895693,8.123042,91284
1.6422678,3.8446245,0.18184905,1.9835614,8.114589,108257
1.5749645,3.5984857,0.34120852,2.5549705,8.053398,159244
1.6000403,3.6696627,0.30626372,2.4093118,8.070955,118807
1.6355935,3.7423847,0.26608518,2.3557734,8.112201,119266
1.6502175,3.8608754,0.17242788,1.9652879,8.1223345,100917
1.6589243,3.8767762,0.16296506,1.9483894,8.131943,99083
10.608159,2.4830449,-0.15311182,3.2009273,5.835054,91500
10.5134325,2.336297,-0.20410928,3.4931595,6.0380683,162500
10.60625,2.4776096,-0.14033325,3.189738,5.825289,118500
10.608163,2.474148,-0.13256735,3.1866336,5.827207,108500
10.599918,2.473702,-0.165054,3.172025,5.801989,104500
10.791081,1.3042209,-0.7825186,3.1173658,6.497612,49830
1.0383539,1.8073567,-2.40511,2.4816566,5.205341,54000
3.1620028,6.1666365,1.675753,1.6134534,7.801078,119900
1.1828147,1.7415122,-2.3987195,2.37963,5.208922,48630
0.21324956,0.72491765,1.2815355,3.1592102,9.816086,105120
0.22892688,0.70237637,1.4961002,3.0281882,9.859918,115583
0.22479816,0.7060089,1.4844171,3.0352495,9.858705,119520
9.852437,3.1110258,-0.09218611,2.8941672,7.2064247,119700
0.51993513,0.568124,1.000141,3.1992428,9.1802225,159500
0.98384017,1.526909,-2.9087093,2.1771152,5.4865313,33900
0.5355288,0.5733475,1.0048599,3.2018955,9.1687565,156600
0.21635868,0.7129468,1.5075216,3.0232377,9.870412,85320
0.18596895,0.6869782,1.3798727,3.058492,9.8414345,90180
0.21879028,1.9844464,-0.3590178,2.8491595,6.765376,145000
0.55560344,0.589385,1.004381,3.2072175,9.141738,229500
10.902005,1.1779735,-0.84567827,3.0996177,6.499835,32910
1.2252917,1.7205155,-2.773285,2.2932198,5.005091,75600
1.3711113,1.5330732,-2.3780847,2.5009725,4.6636972,136900
10.684096,-1.5487186,0.92250633,5.665488,8.985471,430000
3.1154277,6.200092,1.7103435,1.5483308,7.844428,77600
0.9718507,1.3898549,-2.6673675,2.2042878,5.6766233,105124
11.024663,-1.5988573,0.9312017,5.221884,8.482307,180000
0.2502546,0.7676015,1.3083665,3.2003818,9.820222,132600
1.2843714,1.5268422,-2.402182,2.4380982,4.5605335,132900
-0.17904995,0.41847235,-0.48720798,4.394232,10.747603,220000
9.793611,3.1650052,-0.061948158,2.9688098,7.2299075,129300
10.985824,1.4298948,-0.5907163,3.0954268,6.554719,154000
0.33597675,2.9407408,0.6549735,3.1716883,7.149884,119574
5.261161,9.415264,2.2585502,9.883541,5.7344294,152000
0.30180773,2.9021823,0.6211241,3.121828,7.1357427,106890
11.364359,-1.7044617,0.544279,4.8479934,7.395495,69900
9.799011,3.1791415,-0.10033648,2.9252403,7.2114186,108900
9.516813,3.2140486,1.351003,2.915465,7.254996,130000
9.5404825,3.1175365,1.3884746,3.121153,7.3028283,229900
10.917982,1.4455152,-0.5332225,3.1702096,6.4766235,100000
0.72378445,1.6307164,-1.5435264,2.6508017,5.959225,110500
0.3146148,2.9552429,0.62273693,3.1400168,7.1171136,106890
1.177309,1.2803171,-1.1489706,2.3048966,5.612335,117000
1.1783117,1.2774667,-1.1621264,2.291066,5.6021466,117000
3.6796758,6.9993777,0.7711026,3.3356395,6.859544,179900
5.245899,9.440165,2.281076,9.908235,5.7107863,119000
10.507179,2.354122,0.91862655,2.4399843,7.4776216,185000
0.6826283,2.0023038,-1.1872114,2.6600118,6.4721413,150900
0.75430447,1.9400369,-1.2176216,2.6058483,6.3732696,180000
0.6885449,1.8598604,-1.3447431,2.667338,6.4473324,150900
1.4777633,2.2525747,-0.0933516,3.4329247,7.214607,452600
1.4731108,2.2522032,-0.09758584,3.4321012,7.218333,460100
1.2000577,1.8056209,-1.3983011,2.30402,5.8414273,182200
1.2150832,1.8012676,-1.437671,2.2872956,5.7882986,182200
0.69119,1.8753479,-1.3378692,2.672345,6.4438167,209500
10.681309,-1.5419589,0.9241091,5.6612287,8.981976,1200000
1.1895293,1.6967998,-2.8224697,2.2604609,5.035215,58275
10.626813,2.3811934,-0.24310093,3.2055604,6.1094584,75000
10.6855345,1.951717,1.1380188,2.5631282,5.9808564,101500
1.1951898,1.7050272,-2.822849,2.2679274,5.020136,58275
1.2778959,1.773156,-3.0052722,2.3524184,4.8365006,58800
9.800432,3.1762645,-0.11708653,2.9074676,7.217454,117800
0.22290033,0.70670027,1.506606,3.0236974,9.865538,86220
0.22612141,0.7139515,1.4903437,3.0359533,9.8559475,103673
5.231319,9.434295,2.2767417,9.902353,5.71572,119000
11.002998,1.1027917,1.7868885,2.6930983,7.145004,218800
1.2601275,1.3252053,-1.9581978,2.455078,4.193868,98900
1.0208062,1.4695743,-2.326469,2.2785482,4.529284,115000
1.2471945,1.3581655,-2.0442674,2.4420047,4.2327247,101900
9.83897,3.11635,-0.0011259784,2.9862723,7.170613,190971
0.029855784,0.78445,0.16544807,4.1618066,10.421609,149800
2.5530598,1.9525983,1.3590827,1.8695244,7.5662174,177000
1.0118657,1.4593244,-2.306143,2.2684379,4.565091,115000
0.528518,0.57012916,1.0019605,3.2046561,9.1698,229500
0.75766814,2.2730112,0.61197865,3.783659,8.38794,265000
-0.027011022,1.9388508,0.31496456,2.9741507,7.505665,176000
3.3439362,6.419745,1.5375062,1.781876,7.600255,115500
1.2652463,1.5274041,-2.4201245,2.4354138,4.503639,101900
4.784885,8.455528,1.609241,1.5292405,6.42838,95800
10.358957,2.1812334,0.6646993,4.1657176,6.9367785,160000
9.809377,3.163241,-0.117392376,2.899627,7.2181764,114700
10.684109,-1.5608144,0.92740893,5.6810474,9.006982,205000
-0.5827786,0.27896127,1.5440674,3.4652288,-0.46593308,82800
2.5203338,1.9627758,1.3535817,1.890137,7.564645,175000
1.4637077,3.5628285,0.28452688,2.964079,7.9746237,291300
10.992702,1.2999253,1.7098563,2.0538125,6.96581,125200
1.367959,1.0082705,3.6832075,2.814061,10.390244,300000
1.2578771,1.3258964,-1.9692513,2.4551477,4.1737294,101900
2.5351567,1.9414437,1.3380383,1.8907444,7.5587854,174000
10.99922,1.4715097,-0.620159,2.6648636,7.05896,135000
0.780777,3.1312127,0.909394,3.8074763,7.591789,299000
4.7871666,8.457748,1.6097852,1.5273908,6.426099,97280
1.1628919,1.0633705,3.1814895,2.8833182,10.08708,274250
4.7776575,8.450138,1.6074071,1.5348523,6.436303,127000
1.2095692,1.5106186,-2.41362,2.3914382,4.4764285,106900
5.2353907,9.438004,2.2798214,9.906215,5.7125125,96000
5.2305136,9.4424305,2.283915,9.910619,5.7082586,96000
9.882732,2.1695392,1.1849048,4.4490104,7.552613,275000
0.5981134,1.4070848,0.70911735,2.4113634,6.9017215,120400
3.1102433,6.2200365,1.6971368,1.5335739,7.8368587,95800
11.05849,1.0232701,-0.8134389,3.1485198,6.494843,60000
5.243138,9.434155,2.2757325,9.902321,5.7165627,119000
1.4527818,3.5637107,0.26477304,2.963037,7.955283,216200
1.2551963,1.3283558,-1.9432373,2.4495316,4.2542973,92900
1.0094261,1.466025,-2.308797,2.26988,4.543356,115000
2.9578874,1.707096,1.209885,1.9613113,7.570942,197000
0.063979946,2.0689878,-0.024823911,2.944505,6.8473353,296000
3.3134863,6.3197346,1.560682,1.733511,7.6406965,138000
4.537879,8.075288,1.4043864,1.540403,6.697913,133000
4.621022,8.030202,1.4093536,1.6059176,6.6368504,141000
4.5480456,8.0935335,1.4178383,1.5547612,6.685373,140000
4.546877,8.085821,1.4198989,1.5604148,6.6891828,138000
4.559151,8.095241,1.4247059,1.5612788,6.6772313,140000
4.554505,8.074297,1.4084808,1.5567939,6.6825595,140000
4.5529957,8.074931,1.4211825,1.5790092,6.682293,137000
1.4127696,1.6504173,-1.5261363,2.7052937,5.6741524,138901
-1.294254,-2.9209213,0.7120074,3.1935747,1.1669456,68000
-0.32094046,0.4274081,1.9096164,3.7040749,0.11153743,96000
-1.4014488,-3.136994,0.73433244,3.2898784,1.0666807,69500
5.245307,9.430339,2.2721217,9.89851,5.7203064,119000
0.6390139,0.47237194,3.9565506,2.614526,10.743409,150000
2.833178,1.7779751,1.1932405,2.0846896,7.587207,273000
11.052474,1.1208274,-0.7621995,3.0469391,6.572624,115000
2.6948235,2.319404,2.5559516,4.094431,8.175448,525000
2.708346,2.3386059,2.5712438,4.1108627,8.170822,551000
1.4728235,1.0979943,3.339091,2.9579675,9.99919,451000
1.5201771,1.134464,3.302047,2.99046,9.936174,599000
4.0373526,7.1023836,0.88712704,3.1349616,7.0585723,1680000
1.7500399,3.0602403,1.0628563,4.4372406,8.246161,550000
0.9813918,1.6153679,1.532177,4.327404,0.91119486,119000
5.2552304,9.398646,2.2418153,9.8666525,5.751009,152000
3.298438,6.2566905,1.5440599,1.7545383,7.6429076,157600
1.2635571,1.322511,-1.9571956,2.456706,4.1799755,94900
10.948021,1.1326085,-0.80943125,3.146865,6.4833193,64326
10.9715605,1.1068772,-0.82599056,3.1363108,6.4978013,67355
0.8425204,1.850354,-2.2004864,2.7326598,5.6002245,90000
10.673846,2.369791,0.6155392,2.3806775,5.465612,49980
4.5702972,8.089402,1.4523513,1.600549,6.6730103,116000
-1.2792308,-2.9102635,0.7004899,3.1794963,1.1820048,68000
3.187527,6.158532,1.5961919,1.7251022,7.7257776,93750
3.3677175,6.4451594,1.5421925,1.7750773,7.589367,139900
2.8488326,1.7691126,1.186773,2.0887618,7.5887628,295000
3.2271204,6.216368,1.594073,1.7293739,7.70265,112300
2.8056982,2.6767662,2.215073,4.3470054,8.212765,799000
1.3259724,3.0185828,0.57883525,2.4399092,7.8659205,189000
0.7559425,1.2860767,1.6520058,4.2793202,1.218201,127000
2.9304774,1.7358731,1.200046,2.0151277,7.5801563,225000
3.3148804,6.3346934,1.5487901,1.7546917,7.6356993,111000
9.799764,3.1617413,-0.07170982,2.94867,7.22957,129800
3.091357,6.0832553,1.5875733,1.7459332,7.741203,123700
0.9530745,0.86517084,2.9979446,2.8113635,10.056456,143500
4.792446,8.462099,1.6096481,1.5190507,6.421545,84700
4.77705,8.448002,1.6063604,1.5345467,6.4367943,111320
9.827918,2.2699127,1.2412927,4.219868,7.6392145,1240000
10.739615,2.36935,0.8335058,2.996527,7.14854,199000
0.9549247,1.677348,-3.319185,2.0626168,5.3782463,111400
3.325798,6.3352847,1.5410436,1.7713606,7.626693,124900
1.533413,3.5635266,0.35306767,2.6438208,8.049477,300000
10.779244,2.3670406,0.24640061,2.6898031,6.6690173,195000
0.6985587,0.58928055,3.0661488,2.686021,10.279834,78000
1.0268465,1.481032,-2.1714995,2.2798538,4.7745266,85500
4.5350776,8.047631,1.3951491,1.5585995,6.696855,117000
-0.65142477,0.50397253,1.5519246,3.5055275,-0.59240806,97500
5.2334085,9.411526,2.2571146,9.879256,5.7367115,152000
3.3002386,6.303812,1.5543336,1.7480545,7.6470084,117900
0.84039235,1.8570881,-2.244801,2.722613,5.5851502,100000
4.718129,8.394012,1.613801,1.5882338,6.5000525,320000
1.3934199,1.0304706,3.593056,2.8510668,10.293046,379000
3.8931437,7.017903,0.9903424,2.9892774,7.0574074,546400
10.972431,1.5294975,-0.5816025,2.631963,7.1071787,178000
10.064634,3.5718434,1.1354682,4.0451345,6.54361,111250
3.68897,6.861208,0.8661927,3.2678268,6.9024153,430000
3.7618494,6.9261303,0.872234,3.2259755,6.93867,439000
0.70144475,3.1341124,0.8844477,3.7912912,7.5610905,234000
4.556647,8.093482,1.4252485,1.5623789,6.680618,145000
4.551757,8.086646,1.4312824,1.5794414,6.684052,141000
1.4663597,3.5894978,0.24198678,2.925309,7.958316,184000
11.060445,1.1148777,-0.7785943,3.0368562,6.5869765,109000
1.2609013,1.3425412,-1.9491134,2.4523253,4.338622,96900
0.75174886,3.1305652,0.9186057,3.8018727,7.582946,230000
1.6138716,3.7101505,0.28618878,2.3879008,8.09001,179100
10.127187,3.5541744,1.1653436,3.9979007,6.506335,63750
3.082311,6.052364,1.5799444,1.7485423,7.7512255,155000
4.593349,8.139367,1.4823217,1.6230739,6.6446,196000
4.5850325,8.129303,1.48935,1.6381876,6.6545606,215000
0.6089076,0.45210606,3.8886282,2.593848,10.75841,85000
-0.52901274,0.25998273,1.6897653,3.522889,-0.41844347,89500
0.1977919,1.2288197,0.8800013,2.808034,7.650138,189000
2.5399065,1.9589072,1.3605248,1.8788598,7.56747,190000
2.542843,1.9592757,1.3624285,1.8762791,7.568027,185000
2.8421736,1.757183,1.2019008,2.037299,7.5748124,184000
2.8154795,1.7702461,1.2104945,2.02826,7.5744157,186000
4.566418,8.148659,1.4756246,1.6276603,6.65441,194000
-0.40250447,-0.31714982,0.26510662,3.1852183,10.253432,100000
10.379634,1.2412926,3.0910068,1.2864375,7.0010266,165000
10.402461,1.2536706,3.0616014,1.3084155,6.981877,155000
1.4571395,3.572622,0.17724743,2.9008796,7.897654,139600
4.012276,7.0982466,0.89073825,3.1298501,7.0465927,850000
4.0077143,7.0934615,0.88618857,3.1412015,7.0448704,850000
10.399219,1.2542636,3.071172,1.2972273,6.9830537,175000
3.2459555,6.0415344,1.4847437,2.1149142,7.6113925,205841
1.4566606,3.5535176,0.12594979,2.8575633,7.8544054,155300
12.111754,-0.8762769,0.24308287,3.4700544,7.0121527,86500
1.1437956,1.5838487,-2.1622226,2.2892277,5.143476,99900
11.307522,0.52935916,1.4623201,3.0572376,5.2979116,89000
11.45327,-0.24240452,1.3665498,2.9964006,6.4736323,72000
0.018900475,0.7301744,-1.4542968,5.765248,10.604895,108900
-1.22037,-1.317055,-0.7034626,3.119564,10.763005,65000
0.06827599,1.61387,-0.0060959877,2.9414835,7.4451394,43000
11.332645,-0.469851,1.7949752,4.367112,5.6974797,93900
0.88802296,2.1219432,0.67559606,2.2036283,7.1402574,185000
1.2989945,1.7734567,-2.974538,2.36384,4.819531,68900
0.879312,1.3600876,-2.0659819,2.6469018,6.2463646,83000
1.6310844,1.3754475,-0.8938635,2.7732043,5.9624023,155000
1.2437489,1.3041383,-1.3999219,2.2105343,5.6021905,113000
0.69223875,1.6982934,-1.6371324,2.6599774,5.915984,108000
0.68413496,1.7340081,-1.6811537,2.6696463,5.9133067,105000
0.68909264,1.707351,-1.64424,2.6655262,5.9202714,105000
4.3550744,7.692954,1.4435189,1.820075,6.880914,140000
4.591082,8.149675,1.4811772,1.6242261,6.6471906,190000
0.8799566,1.4363848,1.6526622,4.2270536,1.1778266,149999
10.715141,2.296755,0.6895667,2.4111745,5.417051,62999
12.07858,-0.07725108,2.641303,4.5723047,4.77406,124988
1.6235673,1.4140812,-0.8658997,2.888359,6.071458,330000
0.2828836,1.6792161,0.6955746,3.2770216,8.872123,190000
12.282029,0.48570344,2.4019015,4.4597597,4.9133883,113000
12.187317,-0.55326027,-0.18102738,3.2053485,6.652408,85000
11.625148,-0.41750702,1.294723,2.690697,7.1056995,81500
-0.59645844,0.4187736,1.5397395,3.452862,-0.6353731,79086
11.266205,-1.4665087,0.9135126,4.6969976,8.217621,162000
11.157521,-0.7469322,1.5959008,3.8394055,7.0258904,130000
1.6327689,1.1917627,4.1012545,2.793567,10.754685,122000
10.651688,1.4690075,2.6164498,1.5716858,6.6792665,110000
1.625517,1.2257662,4.1059256,2.829756,10.754356,163000
-0.61736834,0.9857947,-0.8485817,5.846471,9.807639,174000
11.362649,-0.5585516,1.4123291,3.9970133,6.4049807,99990
-0.30782855,0.74658847,-1.2841848,5.489684,10.849381,155000
0.9968984,2.7524686,0.72649896,4.004811,7.6687403,399000
11.369731,-1.7691685,0.55675244,4.7678385,7.305827,125000
-0.37681842,0.47403675,-1.8361204,5.22558,10.614387,113700
2.6944325,2.8284407,2.0026915,4.4382095,8.20446,950000
12.303998,-0.41176552,0.67927635,2.9652905,6.7812634,135000
11.109902,-0.5533297,1.6242813,3.9940364,6.664379,204900
12.14426,-0.08487121,1.1943024,3.0168574,6.369201,68000
0.89150965,1.5792613,1.5938629,2.7796586,7.612828,171600
1.6919354,1.40672,-2.4505827,2.863899,5.505969,125000
11.454886,-1.5993356,0.5179039,4.574903,6.994171,210000
0.87152666,1.4834032,-2.827438,2.2839975,5.7428656,53718
1.1979033,2.4749224,0.8845937,3.1040938,8.25441,288500
0.859831,1.4721525,-2.7516456,2.3145137,5.8020134,41238
11.64042,0.26716736,1.5258089,3.046543,6.388656,81000
1.0554798,1.5266362,-2.1159542,2.2770417,4.981181,104000
-0.61371166,0.26494384,1.5137912,3.4523215,-0.36441272,95000
11.456445,0.16160464,1.564461,2.9675255,6.242278,79000
-0.7165624,-0.25747642,0.16841508,2.9769416,10.215275,84999
11.266911,-0.5127371,1.528914,3.195687,7.133293,138000
12.086747,-0.95827806,0.84802413,2.7212708,6.446089,79500
0.12919539,0.6466578,1.2529504,3.0597684,9.817852,110000
0.7279169,0.57097584,3.8724792,2.4798195,10.907769,124990
-0.5825157,-0.32359767,0.57260966,2.5814824,10.176568,56000
0.9266214,1.809378,-1.2194438,2.9038622,6.3571,235000
-1.817978,-1.4467956,-0.844202,3.6391003,10.397161,245000
4.523994,7.8114715,1.496255,1.7465007,6.8009324,261300
9.898153,2.2483091,1.2233615,4.1505976,7.56001,1265000
10.495999,2.1794894,0.94026357,3.830612,6.966277,610000
-1.7986579,-1.7569736,-1.206356,4.483822,10.065839,89990
9.311109,3.4340491,1.4051561,3.031418,7.289553,162000
-2.4298828,-1.2835352,-0.88756216,2.6828647,9.66145,99999
12.236662,-1.396215,0.94742256,2.7774177,5.9605737,44000
11.980784,-0.44815245,-0.40498352,3.0858536,6.635392,54900
10.733633,0.39440066,0.7124611,4.1888924,6.1542315,173554
0.2271969,0.5042004,-0.25266382,5.453829,10.308363,85000
-2.2991564,-1.6728256,-1.4617068,4.2380185,9.926059,72000
-0.7726864,-1.2039374,-0.065018624,3.1491835,10.065614,120000
1.3839164,1.1001233,3.732688,2.7993531,10.487925,174999
2.515704,2.9681659,1.7694533,4.516586,8.196785,850000
0.23738381,1.1050004,0.44795394,4.115252,10.187616,243000
0.23626654,1.0027236,0.4629733,4.1331935,10.241163,152000
11.979484,-0.5654871,1.6586651,3.528341,4.61389,67000
-0.11214723,-0.2787672,-0.56587213,4.780274,9.655802,129500
-1.4200487,-1.2204411,-0.4488372,3.1073794,10.176774,89000
10.535428,2.1722376,0.92485404,3.6534312,6.933803,399000
0.394528,1.7100115,0.7553993,2.6803927,7.5792675,177000
12.177497,-0.0814956,2.5976272,4.803182,5.216521,107000
1.0371624,1.4749718,-2.3572319,2.2857542,4.5188193,90000
12.546168,-0.02627675,1.1924837,2.9784718,5.8385005,89000
0.8826039,1.918619,0.56633073,2.3009868,6.8874197,300000
-0.47447008,1.332284,-0.7763509,5.4890356,9.912146,139900
11.377069,-0.9511619,1.3442241,3.9420378,6.835807,44500
10.94234,1.9512467,1.3186718,3.9274366,6.700129,194000
-1.516753,-1.1907253,-2.271972,3.2955775,11.069691,66000
0.6328968,2.0102146,-1.1285772,2.6664038,6.487016,217000
0.58496195,1.4709557,-1.2726249,2.6315684,6.4886937,174900
0.023965979,0.53872806,-0.50526893,5.3710766,10.407352,123000
11.881285,-0.7551289,-0.48316038,3.7240198,6.759559,93000
2.0129356,2.259006,1.433793,3.3335135,7.779672,320000
0.8684204,3.0889843,0.7274541,3.787406,7.614103,315000
11.13744,0.89801896,-0.83343977,3.154435,6.5113883,76000
-1.3485911,-2.465969,0.35337436,3.1395679,1.3474827,60500
0.07860077,1.0553777,0.10664653,3.4106271,-1.3069592,82000
0.032050252,0.58388335,0.041900158,3.0139122,-0.84939444,109000
-0.8260083,0.5828412,-1.12148,5.923294,9.682123,96500
0.95633227,2.5341551,0.67752546,3.6417584,8.55115,620000
3.6849957,7.0062723,0.7647133,3.3401873,6.86163,178500
-0.65811664,-0.34554023,0.18377599,3.3946607,10.111686,95000
0.14493273,1.0609324,0.4007654,4.0853767,10.250599,164000
11.44349,-1.3484095,0.4691097,4.513632,6.8969016,132000
10.63183,2.2579148,0.73653346,2.4950054,5.612958,118000
11.777315,-1.5131884,0.26796037,4.26905,6.9606886,88000
11.998452,-0.48264372,1.1516714,3.0638542,7.000609,89999
0.97805315,1.8854778,-1.6001767,2.8335795,6.066147,275000
11.277963,-0.8763689,1.4775093,3.8779902,6.722944,67000
11.407526,-0.45799047,1.8963093,4.4516573,5.4900146,129000
1.9525107,1.0432181,1.3093405,2.6654966,8.129488,450000
1.9623487,3.247469,1.1402117,4.153005,7.983654,374000
0.9203272,1.3040215,-0.38756683,2.8232944,6.059581,180600
11.147663,-0.5292121,1.6154387,3.9770074,6.622622,189999
-0.011340667,0.84097105,-0.37439582,5.39308,10.402942,145000
9.816959,3.1062458,0.03147986,3.0346212,7.227528,228000
11.797489,-0.9407522,1.0824116,3.3542738,6.9004936,97000
-0.009457323,2.107349,0.1801328,2.9829452,7.1378946,219000
12.014689,-0.42867035,-0.37880212,2.9104376,6.5803056,69000
1.3912339,3.516443,0.30076563,2.9435253,7.9264026,165000
12.183618,0.0033294708,1.3166837,3.3603227,5.9714537,98900
11.825266,-0.76186484,1.0569466,3.4273152,6.8337007,180000
11.704349,-1.4290208,0.2699622,4.284562,6.979635,170000
11.276393,-1.431023,0.8789462,4.7527795,8.200738,125000
10.598836,1.4599291,2.7693648,1.4459078,6.688446,85000
-0.700853,0.47511142,1.6026409,3.5102015,-0.5330398,106000
0.058474824,1.2499926,0.3289456,4.0773077,10.168939,245000
-0.9496651,-1.533715,-1.1123626,3.5033891,10.428314,129000
10.711684,1.4149065,2.4071798,1.6732155,6.8690286,101990
1.1120518,1.8479154,1.4607447,4.3900547,0.842131,130000
2.2686546,2.7255056,1.4773707,3.9680598,8.0176325,1350000
1.0250273,1.468488,-2.348087,2.2784734,4.527203,114999
5.2335095,9.234165,2.1005616,9.704265,5.9053564,198000
-1.6218433,-1.5011979,-1.0371499,2.4037068,9.737982,69000
0.12880024,0.647013,0.40398428,3.9655728,10.440454,145000
3.5536392,6.5834317,1.4364356,2.0936253,7.403015,197760
3.5531578,6.6311917,1.4744265,1.9633365,7.4253144,150960
-0.37199798,0.69983673,-1.964161,5.49284,10.775234,134999
-1.8450655,-1.3020244,-0.77595174,2.2696745,9.794449,86000
0.008790603,1.0067866,0.12721373,3.3467484,-1.2008917,112500
0.87403315,0.70102453,3.02914,2.7608666,10.140266,99900
11.187437,-0.78993654,1.5328829,3.8427296,6.949777,135000
11.429061,-0.039599698,1.4584231,2.781849,7.085554,196800
-0.86149454,-1.2383742,-0.18168998,3.2007434,10.009648,116000
0.18437576,3.554489,1.1694583,3.5458436,7.1767464,54545
11.752299,0.50135875,1.5324893,3.4631443,7.571345,125000
11.7779,-1.0875441,-0.600641,4.085817,6.827608,121990
0.103077866,0.617418,0.39209855,3.9202101,10.456557,145000
-0.8953899,-1.2442911,-1.0659373,3.6427014,10.462657,75000
-2.389048,-1.3115792,-0.9315597,2.6873782,9.664323,91900
11.498059,-0.6374026,1.6544881,4.1843343,5.404017,68000
2.628638,1.8983082,1.3419629,1.8612909,7.5681677,225000
10.969984,-1.6630894,0.85504144,5.445987,8.537443,298000
11.667108,-0.017822573,-0.7031143,3.137554,6.5547233,65000
0.12043397,0.6444158,0.4248398,3.9220352,10.44667,141500
-0.015078716,0.9265815,0.17411375,4.183299,10.377123,136000
1.5290428,3.330968,0.6841871,3.8113024,7.763773,250000
10.607684,2.4977853,-0.1621003,3.2002332,5.8401904,75000
11.938387,-0.89942974,0.8842131,4.103581,6.3843527,105000
11.501993,-1.2607827,0.9808514,3.859045,7.417405,69900
4.6754103,8.361106,1.5876681,1.6272025,6.54065,395000
11.3768635,0.37652147,1.6064202,3.2845802,7.3951907,187000
11.638928,0.64151984,1.5239718,3.497224,7.551026,172900
11.712482,0.9110402,1.3286408,4.0429764,7.4937677,259000
1.123978,2.8508153,0.7906133,4.0518847,7.5188565,423000
12.050404,-0.4049352,1.1562704,3.0405602,6.9994707,115000
0.49757585,1.732413,1.0238756,2.6274905,7.6964445,129000
10.933207,-0.27169874,1.9739838,3.4404862,7.344585,134900
11.303469,-1.4056581,0.8366288,4.701246,8.130613,399999
12.1897335,0.93847203,0.7330035,4.324239,8.224349,167000
0.3202879,1.3599013,0.33660042,4.2086787,10.037387,548900
-0.7780547,-0.96856236,-1.1563383,4.179698,10.258265,112000
0.266888,1.6514183,0.69863915,3.26591,8.893142,197056
10.469787,2.3007948,0.30304438,3.9655573,6.763474,319900
2.2601252,2.3834074,1.3120985,3.1180253,7.871618,599000
12.083033,-1.0308992,-0.5641176,3.7065444,6.8521132,139500
11.696089,-0.4518991,1.2867676,2.7517548,7.122144,62000
11.407212,0.859214,1.823286,3.288756,4.645144,125000
-0.18619181,1.0936023,-0.17927575,4.8962684,10.009157,265000
11.396267,0.2317624,1.6201422,3.0190566,6.3482895,109000
1.2947332,2.912144,0.63815725,3.877139,7.8288145,410000
12.349113,-0.44862708,0.64625865,2.978452,6.722338,71500
11.442812,-1.0403545,1.1355033,3.7752302,7.2294955,90000
0.26396877,1.6489407,0.6924592,3.2553568,8.869021,216000
11.250054,-0.4717532,1.5769665,4.082842,6.3143306,160000
-1.2839915,-1.0597826,-0.42377418,3.6346395,10.223993,97000
10.9151745,2.0639794,1.2005273,3.4084902,7.0153217,507000
-1.1487949,0.5081928,-1.4225333,6.021226,9.690411,95000
-1.1390597,0.5128115,-1.4202584,6.021168,9.694766,95000
1.6346539,2.9905438,0.9759433,4.2729673,8.268907,359900
11.501227,-0.68400437,1.4177636,4.2558103,5.9360223,96000
0.16625763,0.9732482,0.35348085,4.235394,10.297412,119900
11.50947,-0.7967679,1.3796151,3.0209274,6.915517,88000
-0.9377297,-1.7016333,-3.0182369,3.2449086,11.084004,99900
11.30869,-1.4213027,0.5915613,5.4878354,8.314412,195000
-0.62714845,-0.344553,0.061578218,3.4085276,10.234778,114000
12.287295,-1.4016496,0.9806218,2.7734773,5.862632,65000
3.2743568,6.190458,1.5894768,1.749857,7.6887274,159900
11.571803,1.2708421,1.444017,3.9652398,7.1026325,245000
11.272378,1.7520376,1.7234743,2.7498205,4.937401,98500
0.5355593,1.0947616,1.7407258,4.2157145,1.0992677,108000
2.676531,2.2639918,2.4727995,4.032793,8.250309,320500
2.666728,2.238077,2.4986653,4.0100293,8.262275,295500
-1.0922126,-1.2971764,-1.7898834,3.5802696,11.112331,107500
-0.2801242,-0.28775343,-0.78508544,4.773864,9.542501,135000
0.26255995,1.1135192,0.46900105,4.0855236,10.173928,244000
0.0944902,1.7469708,0.5144974,2.934569,7.741459,170000
12.029809,-1.0010387,0.37215757,3.6963928,6.9239426,159500
10.758099,1.4162673,-0.4800036,3.5418038,6.3830647,137000
10.602413,2.4904644,1.2938579,3.1147656,7.1195226,245700
10.631738,2.507818,1.2311565,3.1242583,7.1177926,245700
10.734489,2.6939583,0.9573844,3.0280282,6.9344735,245700
10.725338,2.6895082,0.95887846,3.0309796,6.9532166,245700
10.72157,2.6868408,0.96465456,3.0444636,6.973322,256700
10.744754,2.6296556,0.9529274,3.1077123,6.9242716,256700
12.502035,-0.15820162,1.2173249,3.0083752,5.6897316,77000
-2.94559,-1.8396245,-1.2643919,3.9947941,10.290143,87000
10.6026325,2.4755976,1.2984631,3.1110635,7.1222734,256700
10.600202,2.4881966,1.2829744,3.089185,7.127953,220200
-0.29905942,0.64323974,-1.6792917,5.354741,10.645148,186999
10.721443,2.6580482,0.98552465,3.0466006,6.9861097,220200
10.747799,2.6775274,0.9624966,3.0388136,6.9554753,220200
10.625336,2.5066485,1.2321205,3.114982,7.1218357,317700
10.612788,2.3762887,1.31054,3.2097435,7.06482,317700
1.3387512,1.0018408,3.0965343,2.961701,9.901571,175000
10.724875,2.6946976,0.95874625,3.0238614,6.969082,317700
10.700444,2.4049475,1.2311128,3.2801492,7.0324035,204000
10.964318,1.3449987,-0.65922725,3.0612864,6.6366715,111000
11.927379,0.7106119,1.5746711,3.6852381,7.368739,128000
10.724822,0.9011064,1.6777858,3.166043,6.9486885,277000
-1.17954,-1.2355576,-0.6105596,3.2587347,10.710499,123500
12.083324,-1.0415676,0.32858127,3.638541,6.897405,85000
0.03351627,1.2761393,0.29274333,4.141512,10.138164,179000
11.52507,-0.8189749,1.3730431,3.0307744,6.9171076,68000
10.994992,-0.3341939,1.9387553,3.4401233,7.3434005,145000
10.981749,2.0132341,1.3352388,3.5686967,6.944848,220000
0.7407894,2.2919102,0.5277849,4.105496,7.987046,220000
0.123753995,0.927069,0.10003578,4.6953397,10.297483,97000
0.83707273,3.3896272,0.1360881,3.253601,6.943326,93900
-0.9688462,-1.5785904,-2.866298,3.3344972,11.123097,82000
-1.8204341,-1.6671554,-1.6966494,2.3540308,10.125053,57990
0.14274558,0.6475349,0.44622052,3.935332,10.425523,145000
-1.5693383,-1.3909768,-0.9070416,3.628692,10.003736,70000
11.272831,-1.5129079,0.91673875,4.6461787,8.124389,120000
-1.3366859,-1.0713425,-0.45674607,2.4129343,9.889283,109000
-0.05874073,0.5253136,-2.2637734,5.951975,10.550828,110000
10.840275,1.3885342,1.5286012,2.3391597,6.8711376,172000
1.4712251,1.7317016,-0.56913924,2.9722,6.5188384,250000
11.272599,-1.4212327,0.88859737,4.756608,8.204894,135000
11.063298,1.3287549,1.8554275,3.1828575,4.568269,123000
-1.5849125,-1.4042345,-0.8921947,3.99453,10.306973,170000
-1.1850435,-0.9897862,-0.7373783,3.3822556,10.910131,155000
11.377039,-1.6638234,0.5162447,4.63548,7.036363,120000
3.0667312,6.049211,1.5822932,1.7446605,7.7583475,155000
12.916246,-0.82335883,0.8008759,3.4408133,5.9903536,115500
12.261668,-0.9060336,0.3888238,3.3540041,6.977584,139000
12.190236,0.15125409,0.7881662,3.2252743,6.16419,125000
3.261362,6.216639,1.5701596,1.7399682,7.6786194,215000
3.1018674,6.1748962,1.7180378,1.5483555,7.857698,145000
4.447077,7.957045,1.4782422,1.8832725,6.715862,590000
0.84605294,0.6848132,3.2667267,2.7630682,10.35312,139900
10.69728,1.2785017,-0.5108293,3.684871,6.331999,139900
12.48939,0.6308448,1.9405894,4.124493,5.7414455,125000
11.592024,0.92716575,1.5560843,3.8026347,7.3339,250000
-0.27054542,0.091156386,0.61213744,3.0649002,10.003829,204000
-0.27521878,0.9447059,-1.3301051,5.569484,9.879078,209990
0.87325174,1.6462831,-2.4512033,2.5635052,5.742162,76955
1.4561632,3.1280942,0.26586625,4.199905,7.9784837,610000
1.5204701,3.1690397,0.31913853,4.194463,7.9836664,399000
10.934915,-0.28028893,1.9782251,3.4493604,7.3450627,145000
1.0430248,2.6903214,0.62761754,3.5516417,8.516566,649999
-2.2227252,-1.575434,-1.4760587,3.6716604,9.891733,44900
11.274928,0.052598923,-0.03352765,4.3482785,6.4836884,129000
1.6001655,3.2045207,0.38100317,4.0928435,7.9386396,620000
0.28759065,1.3970174,0.2567675,4.242667,10.080191,350000
1.6248071,3.1967804,0.3647896,4.144348,7.957231,680000
0.47781602,2.6431587,-0.008063268,2.6351051,6.929094,209000
2.020386,3.1551764,1.0848246,4.5270886,8.26099,685000
1.8149269,3.0704317,1.0810924,4.4668336,8.251195,685000
1.1369549,2.8576496,0.58721507,3.458925,8.452804,590000
11.748059,-0.25486508,2.1497927,4.7320633,6.59677,144900
-0.94032955,0.6614575,-1.2678612,6.0242944,9.731265,170000
1.2444047,-0.4967801,1.4653518,4.7476106,1.9531496,167000
-1.857836,-1.8633271,-2.403773,2.6268373,12.060122,84500
11.136158,-0.51395285,1.6268418,3.982413,6.6506157,150000
10.907869,1.1369733,1.8822588,2.2636428,6.9123573,160000
0.8789601,1.645918,-2.4467492,2.5553467,5.732165,76955
-1.2799731,-2.9479063,0.7318489,3.199972,1.1768284,64000
0.032816675,2.03425,0.031668894,2.7437692,6.882832,179000
0.19947918,0.88741606,0.3393181,4.2912526,10.346873,139999
1.2255902,2.4837482,0.87648714,2.3661408,7.860212,170000
0.9040755,1.7936879,-2.2142038,2.7094479,5.7017083,118948
11.75945,-1.1047031,-0.6104416,4.1218667,6.8211536,75000
11.599927,1.092566,1.5528337,4.014325,7.1481185,249000
0.082668446,0.5703905,-2.2134895,6.0697713,10.536203,118000
11.26482,0.6522353,-0.8472934,3.168133,6.5278363,78000
-0.64785004,-0.37705493,-0.15640111,3.3727462,10.561471,119900
11.500544,-1.8630278,0.524205,4.6239223,7.2258625,104000
-1.2503756,-1.1729213,-0.4501054,3.4893527,10.056169,120000
-1.3293285,-2.48532,0.38726828,3.1501539,1.3355758,60500
-1.5855818,-2.6260467,0.2244819,3.1573248,1.4017067,77000
1.1998459,1.8251472,1.4183344,4.231623,0.7710542,112500
12.385059,0.67968965,1.8266687,4.0105805,6.063044,134900
0.52322537,2.590082,0.41023934,2.8019316,7.157753,209330
0.08496378,1.2886455,0.34979656,4.0589404,10.118886,260000
12.953127,-0.868166,0.7745124,3.4519486,5.978753,65000
-0.5214363,-0.6432707,-0.5707711,4.1144085,9.872047,88900
-0.2873277,-0.33659092,-0.6258501,4.4962163,9.690846,125000
0.24113639,1.0257012,0.07822253,4.7026176,10.379735,115000
0.16721492,1.4629793,0.79227954,2.7254577,7.2121124,225000
1.1894544,1.7018347,-1.3382899,2.2321174,5.8348117,135000
-0.32144254,0.4070924,1.9611778,3.7320461,0.27266395,98900
-0.2499601,0.7662674,0.32798097,3.0653093,-0.6495977,88500
10.843348,1.1794618,-0.6437592,3.1066492,6.387112,74800
10.930961,1.2490941,1.6677574,2.2100446,6.9474425,83000
0.9398448,1.6218545,1.6787276,2.829443,7.483323,108500
3.6665952,7.0111256,0.756777,3.353108,6.850662,280000
-0.008875279,0.6115803,0.08782546,3.0478396,-0.7886155,95000
0.2591549,1.1536849,0.4665488,4.1036654,10.153884,247000
0.919576,2.413533,0.6862652,4.0636272,8.2422495,360000
1.2958461,2.9436724,0.59508944,2.4187727,7.8191557,91990
0.77597517,2.3041651,0.3699849,3.9643404,7.995029,239900
11.452152,0.44892204,1.5106877,3.090537,5.2890162,104900
1.3926821,2.5493677,0.96821815,2.7818298,8.129196,254900
11.459445,0.15768611,1.5308548,2.9217417,6.3721414,126000
11.753473,0.4710387,1.4695754,3.4663532,7.622809,227000
-1.0759265,-1.3036053,-0.3304485,2.9789991,10.208537,116000
0.71350104,1.415863,-1.6670717,2.5588,6.305078,134998
-1.0113076,-1.3641497,-0.29255196,3.3867695,10.110857,105000
3.1684299,6.1833167,1.6636882,1.6335973,7.785226,115000
-0.539095,1.0244695,-0.8015252,5.7843966,9.83674,119000
-0.17067656,1.1353792,-0.3594262,5.65903,10.166796,119000
11.34754,-0.16494831,1.4250891,3.4773934,7.5163665,115000
11.447792,-0.95814383,0.5364915,5.360945,8.471576,194000
1.052748,3.0825381,0.23423772,4.205356,7.7309813,420000
12.152123,-0.7044907,0.9055739,3.577969,6.5722947,110000
2.2116497,2.91686,1.5371001,4.4037066,8.1292305,240000
10.710122,2.129371,0.5822269,2.761378,7.476858,395000
11.5784645,-0.91490656,1.0665538,3.472683,7.274889,139000
-0.002110993,1.2322191,-0.12600756,4.791643,10.0264635,350000
11.434419,-0.97237617,0.55840397,5.3378286,8.442266,235000
0.37913454,2.671637,-0.025233692,2.64321,6.8888063,209990
11.122641,0.70557654,1.5006938,3.5463893,7.431782,475000
10.574293,2.007684,0.0943088,3.5820584,6.0071874,65000
9.90053,2.273559,1.1968783,4.2206,7.5606375,790000
11.152257,0.6794935,1.5324706,3.6191726,7.456411,400000
10.665329,1.7735215,1.4286224,3.5864995,6.9173865,360000
11.826845,0.73966473,1.1890516,4.2608347,7.6431456,185000
11.838308,1.1753916,1.2647535,3.6857822,7.504353,120000
-0.5604954,-0.35634652,0.62076867,2.5504375,10.158217,65000
-0.9222749,0.8066347,-1.0444411,5.879886,9.60729,165000
10.669445,2.2265322,0.8947914,2.1978364,7.199838,72000
-0.94606614,-0.93330127,-1.2482013,3.9820533,10.760251,120000
1.57757,1.4267373,-0.6406149,2.855319,6.222322,199000
1.0589782,1.1449376,-1.7698455,2.6373959,2.6861315,100000
11.830273,0.68650675,0.61393756,4.6495414,7.99551,135000
1.0465202,1.1478525,-1.7775602,2.6296573,2.706839,89000
1.1861082,1.5989392,-1.1622512,2.1854203,5.944622,350000
-1.445509,-1.0403577,-0.61042964,3.4979222,10.475386,117500
10.603464,1.4374791,-0.6289993,3.4346924,6.308303,59000
12.202271,0.0314659,2.3674784,4.7097406,6.087029,93990
-0.6319748,0.47090495,1.5242679,3.4903996,-0.45196736,121900
11.390393,0.3527375,0.391974,4.575659,7.683806,135000
-0.22647661,-0.41383815,-1.026236,4.867982,9.509385,149900
1.1363047,2.5348735,0.9900896,2.5008583,7.754961,179500
12.234073,-0.6405582,0.9620071,3.3609276,6.7252116,124500
1.119627,1.0642313,3.096172,2.9059486,10.049762,265000
10.994574,1.9341722,1.019726,2.523239,5.053705,99900
-0.96391743,-1.6271828,-1.3923072,3.349601,10.638006,95900
-0.11831816,0.55192345,-2.2099915,5.9662533,10.512776,142900
1.0780748,1.5609081,-2.303169,2.3621247,4.7641945,137490
-0.91643506,-1.6486757,-2.960963,3.2900767,11.10022,124990
-1.8500316,-1.6628187,-1.6383762,2.4255402,10.017164,69900
11.925419,-0.78020245,-0.014418972,3.7692926,6.8192544,104900
11.720112,-1.0946313,-0.6123683,4.157325,6.7960815,138990
-1.0044845,-1.4500965,-2.666446,3.4479067,11.131362,137900
-0.9463107,-1.6042467,-2.9056897,3.318073,11.121213,134900
-1.0595565,-1.3463004,-2.5019476,3.5375328,11.10493,121900
-0.28180447,0.5865137,-2.093971,5.6318035,10.679374,138900
0.9536282,1.4295241,-2.4130476,2.3735847,5.908003,149900
11.424059,0.3336628,0.19313806,4.9387956,7.7784953,148900
-0.43121606,0.802356,-1.7485529,5.3654075,10.717685,159900
10.699716,1.6021143,-0.121529885,3.873265,6.6655517,188900
0.08652212,0.57376736,-2.2029092,6.0630417,10.54727,157900
0.12197962,1.113709,-0.02091865,5.0002337,9.9478855,248000
10.411336,2.0683186,1.0946386,2.6420348,5.870957,170000
11.039587,-0.3024026,1.8888547,3.4037044,7.3451138,156000
1.5231404,3.6190605,0.2564999,2.5824249,8.007042,184990
11.743114,-0.40594685,-0.029440284,4.0035486,6.7506375,210000
0.021689437,0.65086305,0.09990035,4.154161,10.453657,200000
-0.85878265,-1.1568816,-0.43778032,3.3370538,10.211959,179000
10.620603,1.4873828,2.7044802,1.5128394,6.6656966,59000
-2.2439814,-1.5594304,-1.445866,3.7208602,9.917036,76000
11.9971895,-0.8532121,0.15172203,3.6986558,6.896033,210000
10.579038,1.793821,-0.1566534,3.7502682,6.2574425,155000
10.560778,1.8155154,-0.14075226,3.8010645,6.3046875,255000
10.411669,2.369718,0.877168,2.473154,6.6698794,144999
11.825087,-0.7939995,1.0305487,3.4102635,6.9082117,187000
-1.0806055,-1.4961466,-0.5259512,3.404484,10.076784,174800
-0.07774243,1.2494762,-0.45050007,4.9774814,10.208998,299800
10.884781,0.7298144,1.1451402,2.9067268,6.017633,115000
-0.20782872,1.1009839,-0.20556812,4.905788,10.017777,265000
11.363902,0.4875066,1.603196,3.2611094,7.360819,247000
-0.62483305,1.0308447,-0.8390998,5.8436427,9.776621,165000
10.663643,2.1292014,0.75264233,2.9833038,7.132059,570000
11.674513,-0.79744476,1.0850885,3.2760537,7.399067,119000
11.801219,-0.8653383,0.6135172,4.2132607,6.4323378,155000
1.4645468,1.1023743,3.964458,2.7548287,10.673384,169000
10.195137,2.0241458,1.3390784,3.6354806,7.1082625,379999
-0.28822356,0.8022861,0.27035344,3.5830202,10.535867,125000
12.385347,-0.5533589,0.8936775,3.303316,6.509033,119900
-0.19212145,-0.1846336,-0.2984277,4.217059,9.82289,227000
0.41671944,0.54559785,1.2526908,3.1404147,9.630066,299000
11.6865835,0.43759632,1.5581236,3.3665957,7.5045066,119000
11.62547,0.026638418,0.46220574,5.0742707,8.210162,160000
4.390896,7.80141,1.4569324,1.864421,6.817031,245000
10.383337,1.8620816,0.6043533,4.212173,6.8405614,339900
1.6694808,1.8255302,5.662676,4.33399,5.4380207,163000
-0.71603984,-0.24041307,0.2842049,2.8256567,10.166657,93000
0.21598099,1.146256,-0.043797154,4.821819,10.382703,164000
-0.83547664,-0.99467105,-1.1224583,4.095293,10.284938,129000
11.665787,-0.046238303,1.6441296,3.2095587,5.6081324,68800
0.89318043,2.393015,0.51641446,3.7473845,8.172801,199000
11.211828,-1.5778834,0.83763033,4.9574323,8.074253,115000
9.829836,2.268844,1.2357394,4.227008,7.629861,1180000
12.980162,-0.92704606,0.7624462,3.4705238,5.957381,97000
-0.4511863,-0.3905682,0.12315234,3.2323244,10.357228,159000
11.900904,-1.6582752,0.50578743,3.5203018,6.9042997,67000
-0.8626636,0.61574274,-1.109315,5.9250083,9.658648,111000
12.136395,-1.0474492,0.85392594,2.767291,6.3884883,75950
-1.8540853,-1.8610346,-2.4030108,2.6335618,12.053863,84500
12.325813,-0.5303982,-0.5255829,2.8378997,6.7322817,124999
12.373978,-0.5478558,-0.57203,2.7989323,6.7267914,106999
-0.43131438,-0.26943147,-0.90829575,5.0025787,9.43364,145000
12.091032,-0.9334259,-0.7035888,3.6488366,6.8276234,97999
10.950589,0.32522196,0.318154,4.5568223,6.8422446,215000
-0.20957015,-0.1990955,-0.46552536,4.3870773,9.76949,300000
-0.4228198,-0.74574906,-0.8786681,4.4017105,9.71287,177990
-0.516204,-0.68546426,-0.7309978,4.241862,9.859577,152000
-0.93524235,-1.5216119,-1.7790282,3.643015,11.263038,125000
11.3995695,-1.8186523,0.4365086,4.5705037,7.098133,66000
-0.57777494,-0.32808354,0.57514167,2.5811849,10.172055,83000
-0.6176658,-0.48610008,0.3338387,2.7873409,10.133807,54999
9.60044,4.0627046,0.858806,4.0361366,6.640178,224900
5.241687,9.313695,2.1780846,9.779097,5.822387,185000
5.2369084,9.203273,2.0721493,9.674378,5.93537,172000
-0.24349736,-0.28209025,-0.23364964,4.0169234,9.880154,133900
-0.2799713,-0.33441228,-0.24469613,3.9697104,9.886693,98500
-0.47365248,-0.60359395,-0.5406415,4.088922,9.860028,79000
11.473891,-1.5173674,0.5117451,4.538225,6.9474554,128990
10.785045,1.9704254,0.22208494,2.6408026,7.672593,330000
11.186538,-0.54656065,1.5761915,3.9327247,6.63929,107000
1.2686858,1.2285541,-1.2622228,2.1429079,5.667439,165000
3.1902168,5.987306,1.4682536,2.083382,7.622088,289000
3.7883153,6.9572935,1.1782501,2.6207936,7.1171002,395000
10.002326,3.551586,1.0835757,4.058763,6.6176763,140000
0.19621854,3.5844433,1.1981727,3.5839713,7.1943913,80991
3.2456887,6.303795,1.527752,1.7066716,7.625966,179500
-1.3492236,-1.3193874,-0.5174789,3.6538484,10.192354,110000
1.5343511,1.64185,-2.393489,2.577902,4.964142,115500
0.474543,0.31837055,4.2049026,2.588126,10.919686,73550
1.1981452,2.472178,0.87740976,2.3544006,7.8431225,149990
11.330957,-0.6612728,1.5389673,4.1356497,6.3380632,85000
1.1646614,2.8240774,0.7920443,4.0263705,7.713312,802169
0.6773677,-1.9014102,1.4457566,4.693435,2.2913358,120000
11.644778,0.16526645,1.4977577,3.2054248,7.4127145,120000
11.636876,0.026411507,0.4752412,5.0366783,8.185848,124900
11.995446,-0.6815488,0.9555818,2.7155826,6.78342,85000
11.1430645,-1.3776436,0.71318096,5.558249,8.710873,290000
-0.9058278,-1.1589257,-0.5396123,3.4357867,10.2975855,129000
11.438138,1.3120346,1.4208546,2.8208292,4.746101,145000
10.608139,1.8247136,2.5138412,1.9335916,6.3136086,113000
11.701616,-0.35762087,1.3170071,2.7840116,7.1929536,59900
12.182116,-0.2178998,2.6922238,4.7736077,4.8450646,105000
12.1148405,-0.6675387,0.09663682,3.5342283,6.8381286,91990
10.896234,2.047033,1.2652371,3.517227,6.9775014,250000
11.571906,-0.7914887,1.1691124,3.3067718,7.439604,119999
11.79978,-1.8982953,0.23404095,4.0441017,7.111273,99000
10.650653,2.3346317,0.99498796,3.7711418,6.9820237,609899
12.156806,-0.8161204,0.5711906,3.2766013,7.109412,154999
11.183792,1.072154,1.5697852,3.5293217,7.2092032,260000
10.845965,2.207542,1.0076283,3.454578,7.09255,345000
11.9833,0.6853774,1.1933213,4.0424848,7.7284927,195000
12.169224,-0.57758576,-0.25388935,2.7780936,6.616221,58000
10.925862,1.2966858,1.944713,1.9055096,6.926371,105000
-0.92959315,-1.3502727,-1.2862002,3.7714262,10.528587,134000
9.859342,3.0236218,0.13986082,3.126049,7.243163,260000
12.059843,-1.4746227,-0.37205455,3.930794,7.0383067,99700
11.386045,0.45751277,1.5135231,3.0810552,5.329223,84500
0.6697251,0.58743745,2.1142418,2.8883479,9.823195,133000
-0.99364835,-1.2220781,-1.3837769,3.8886132,10.672889,135000
12.183696,0.008779242,2.4228065,4.7481823,6.015025,123500
11.708512,-0.21371703,1.4189835,2.942333,7.3114595,105000
-0.22640924,0.49504945,1.9093424,3.8240037,0.49022803,91360
0.5766195,0.39802936,4.2145863,2.3651943,11.19928,117000
11.186692,0.5569383,0.3182396,5.1160107,7.9135475,147900
1.0605676,1.4732842,-1.7980996,2.279614,5.2984166,169900
11.272855,0.22535606,1.624679,3.254326,7.321925,198500
-0.95317894,-1.5319508,-1.80272,3.6293697,11.304019,116900
10.680905,2.3535523,0.08332125,2.9554424,5.846708,93000
0.042345736,1.036205,0.13661774,3.399071,-1.284005,89000
1.1279066,1.6466402,1.4969637,4.0628276,1.1820718,134000
-0.13271855,0.9477624,0.354451,3.384183,-1.2006814,96500
10.658392,2.3590925,0.62589216,2.7696295,6.5610223,200000
-0.37663022,-0.70952153,-0.7308712,4.3411856,9.641181,119900
0.68448347,0.587369,2.1367638,2.8846185,9.825739,133000
10.362583,2.0596778,0.47397667,4.1643248,6.8191013,330000
10.546201,2.3679705,0.79888666,2.480022,7.4175777,330000
11.155519,1.7295517,1.7515423,2.8657866,4.994585,109000
-1.4622333,-1.1907496,-2.3866208,3.28274,10.892985,79900
-0.5744135,-0.33214295,0.5857312,2.5784073,10.171446,83000
-1.0122141,0.6155794,-1.3670895,6.0577383,9.74147,136500
11.4644785,0.15635318,-0.92752546,3.3351996,6.418408,69000
0.15670344,1.0333773,0.034548372,4.844527,9.878051,242900
-1.7531672,-1.3652376,-0.81218666,2.2436619,9.755322,55000
12.020295,-0.8832274,0.90553623,3.9392989,6.3832045,109000
11.442835,0.31856054,0.1904894,4.9856057,7.816291,105000
0.1215995,0.6298051,-0.35757133,5.39161,10.341217,95000
11.846696,-0.2348376,1.3450304,2.9629974,7.2279816,101500
1.1259754,2.5098865,0.9214333,4.1513686,8.003766,432000
12.212532,0.90704775,0.7636667,4.3639693,8.24221,134900
2.1434293,2.0609875,1.2325126,2.1320608,7.536651,228000
-0.058940183,0.97959965,0.17906213,3.9530878,10.367003,150000
-1.0203266,-1.5374085,-0.33347276,3.158276,10.188663,115000
10.686583,1.4064467,2.3967068,1.6961461,6.9172144,126500
11.356446,1.2579932,1.8832762,3.3939838,4.8446846,198000
1.3100841,1.6983318,-2.6677074,2.4276454,4.9087,76230
10.950049,1.478929,-0.6317865,2.6481829,7.0746245,229000
12.081043,-1.038269,0.18527357,3.6655006,7.007167,144900
10.671469,2.370751,0.18934345,2.81201,5.8970175,200000
1.3280612,2.5925686,0.75491995,3.3764327,7.8529963,290400
0.9912533,2.7132914,0.67691153,3.695162,7.9144726,297660
12.259121,-0.69103694,0.17794986,3.297177,6.91153,119000
0.6611422,2.1372755,0.6197867,3.6450322,8.734047,249900
-1.7428113,-1.7168834,-1.1852969,4.4559374,10.103375,144900
0.15808278,1.4082724,0.40376145,3.9841638,9.898181,181999
12.742665,-0.8914335,1.1643146,3.1838198,5.1495085,90000
10.867379,1.3826171,1.7562555,2.1315207,6.9512234,75000
11.166245,-0.23348323,1.5357118,3.8423605,6.4558144,160000
12.046806,-1.4762071,-0.324404,3.9457219,7.043468,265000
11.879791,-0.8330148,1.0138273,3.4162993,6.8035536,85000
-0.2798942,0.81063336,0.27724046,3.5860655,10.522633,124900
1.0670022,-1.5168676,1.1843474,4.6607227,2.2044494,88000
-0.33608338,1.0154996,-0.39925763,5.283241,10.669587,92000
4.5337844,7.701778,1.5262351,1.7272084,6.8735485,160000
11.942764,-0.6591245,1.0050973,2.743374,6.829307,52000
10.741469,2.065067,0.207293,3.6582246,6.7957125,130000
-0.2485585,0.9609145,-1.4065862,5.5284266,9.8482685,128900
5.18907,9.267605,2.133282,9.728885,5.867621,185000
0.8236696,2.1723053,0.4086788,2.3935122,6.8107743,193000
-1.011214,0.5444459,-2.1654189,6.0480723,10.144791,94900
1.1726158,1.248345,-0.22437988,3.13944,6.238281,165000
0.0841713,0.49623486,-0.53302604,5.3949766,10.365254,155000
12.188709,-0.7092202,0.29314774,2.8119214,6.709884,65000
3.155128,1.7789247,1.4355214,1.6238445,7.6302485,359000
11.376029,-1.739582,0.5873369,4.762905,7.2971067,225000
2.867619,1.7703809,1.1491247,2.1388097,7.5800548,453772
10.929094,-1.6447445,0.80281866,5.6136317,8.661914,178000
-0.31995016,0.7531486,0.29474503,3.5283735,10.558377,129700
11.425519,-1.8925725,0.46639398,4.612502,7.1579075,79900
-0.64701974,-0.68217736,-0.32547516,3.4028802,10.4088125,120000
-0.21909347,0.93440676,-0.2698285,5.0475345,10.450687,135000
-1.5040636,-1.1591893,-0.6269166,3.4777963,10.376493,88000
11.737773,1.006072,1.3971219,3.9674501,7.4950347,170000
10.956036,1.4755391,-0.3408053,3.3799193,6.963972,318000
-0.6654863,-0.92137295,-1.0594362,4.4271626,9.890813,120000
11.993325,0.78493243,1.0912465,4.21713,7.818409,152000
0.32904837,1.646125,-0.41215762,3.0250216,6.8889136,79000
-2.2302203,-1.6630583,-1.4258142,4.275927,9.948051,71499
12.272548,-0.49591514,0.7971245,2.917779,7.0189614,120000
11.265357,-1.4572867,0.93281364,4.663267,8.163821,179900
12.359281,-0.5572517,0.8825108,3.2117484,6.7329335,127000
12.162631,-0.56773865,-0.26118317,2.7991996,6.626956,73500
-1.353792,-1.0124182,-0.36212403,3.6047852,10.166568,85000
0.48836717,1.8866248,0.62811685,3.6826475,9.083113,150000
10.522247,2.4974525,-0.2304382,3.370625,6.1072016,149500
11.499279,0.26321533,1.5629113,3.18476,7.4148054,220000
0.8756128,1.5051681,1.6162316,2.7654045,7.644071,176600
0.47285184,0.48311403,0.922488,3.0985835,8.814436,220000
10.897314,1.1911794,1.8641864,2.1612165,6.926893,127500
10.568345,2.2216873,0.90906644,3.5723155,6.9272885,295000
-1.5130775,-1.4404565,-1.1765774,3.7526593,10.118694,69700
1.6152058,1.1901236,4.0466914,2.7753663,10.713885,230000
1.6656091,1.2159814,4.11643,2.7912438,10.770805,122800
11.437249,-0.9920908,0.54904664,5.3592186,8.455215,199000
0.9012452,1.6796216,1.6380725,2.9264345,7.70547,129000
0.9790872,1.6014701,-1.7548137,2.5574796,5.6221466,125000
-0.32388306,0.9973891,-1.130394,5.303217,10.011913,165000
10.722414,0.94727635,1.6784785,3.1588576,6.962748,295000
-0.41618022,0.7542369,0.22403038,3.4532351,10.614012,120000
-0.39653,0.07387922,0.37864372,3.1958416,10.136372,235000
11.194487,1.7102016,1.7337168,2.7472532,4.992195,73900
11.219535,-0.81381726,1.5128472,3.8703575,6.881286,79900
11.528324,-1.2784753,0.94612,3.830598,7.4738913,64000
11.301413,-0.28033024,1.6005851,3.9174669,6.8422456,110000
0.2477145,-1.1736649,1.5237088,4.220497,2.291107,153000
-0.7494687,-0.8268946,0.08099003,3.0936325,10.163875,69950
12.337877,0.12237828,1.217254,3.213246,5.805444,124888
11.215385,1.3425957,1.7187768,2.9716709,4.737395,114900
12.244691,-0.23872957,2.6485717,4.767596,4.884182,89900
10.846861,1.3979607,1.4337311,2.3437757,6.8461547,119000
10.70332,1.4194951,2.4453146,1.6498585,6.8256516,148000
-1.5558925,-1.2712538,-0.5595501,3.8297136,10.206692,200000
-0.5469861,-0.33991745,0.6353034,2.5572762,10.158709,68999
12.075905,-1.4352798,-0.5082545,3.908799,6.999107,95000
1.2347524,2.8473833,0.86927956,4.1114383,7.582039,395000
-0.30475104,-0.6221431,-0.5207567,4.2300744,9.470641,195000
-0.66547793,-0.05508046,0.07477604,3.0776012,10.309659,79000
-0.1708333,0.18487453,0.7650388,3.0461755,9.953613,147000
0.61506945,3.1358542,0.3362338,3.245422,6.967461,215000
3.7726488,7.0082026,1.0285921,2.9323947,7.0091615,349000
9.560821,3.0948384,1.3636765,3.1010504,7.277297,275000
11.226228,-1.334219,0.95027024,4.8630214,8.165061,168000
1.1433895,2.5151963,1.0396411,2.4554114,7.8388667,180000
11.185666,-1.5250812,0.6581844,5.54369,8.418823,209900
11.434766,-0.74695736,0.68442214,5.173536,8.309811,545000
10.9656725,1.4619848,1.6018114,3.2764122,4.8020105,225000
-0.57830995,-0.33294603,0.5759065,2.587086,10.174486,62000
12.454401,-0.31396502,0.9568124,3.1118112,6.488668,99900
0.9277003,2.4127188,0.7568163,4.0525284,8.319824,359900
9.46776,3.2266452,1.3973505,3.0749078,7.2951193,270000
11.759765,1.2452527,1.2721071,3.772395,7.441968,99999
11.671683,-0.36807433,1.2792181,2.7242694,7.111665,76000
1.1938264,1.1405375,-1.6074854,2.1557908,5.9032693,127000
1.5372539,1.1015829,4.0081286,2.762494,10.674668,145000
-0.29072776,0.019909825,0.57542276,3.0550537,10.0473175,153000
11.811151,-0.97434133,1.0562859,3.3578875,6.888533,99490
10.303632,2.4208808,0.84626263,2.1962767,7.611791,122000
11.247896,-0.5278043,0.35816845,4.365308,6.560684,103000
12.290421,-1.4100198,0.9800462,2.7661865,5.855342,61500
-0.40618357,0.7461699,0.23095274,3.4628859,10.602914,147990
10.607165,2.4772413,-0.1633418,3.2099004,5.8474774,42000
10.488805,2.038326,1.2646462,4.03693,7.2458463,480000
1.0097699,1.7078441,-1.2863672,2.9537575,6.279692,169900
0.4652292,0.31149998,4.19512,2.5983646,10.904083,85124
-1.0015118,-1.4631512,-2.7007272,3.4194388,11.118598,110000
-0.62450695,-0.33931795,0.21854024,3.345762,10.135233,109900
-1.0395356,-1.3731685,-2.5303483,3.5164094,11.107639,123000
0.018469676,-1.2896663,1.4708831,4.30962,2.4143043,105000
11.608659,-1.4975007,0.57757884,4.289299,7.3686457,108000
1.0846951,1.6362913,-2.017348,2.4676235,5.396204,106000
0.30500805,0.5136501,-0.15109016,5.572962,10.679485,115000
0.71060354,2.2553325,0.6471566,3.769415,8.604179,363000
0.119426265,0.7149837,0.21555267,4.193457,10.420549,190000
-0.9624647,-1.5091832,-0.9719886,3.423707,10.378911,124500
11.597071,1.62212,1.2846037,4.025276,7.40648,188000
12.936216,0.7147506,2.4991007,4.631503,5.3499184,114990
11.02228,-1.5482537,0.9184749,5.2710705,8.588233,175000
11.855853,-0.7594347,-0.48580533,3.7330794,6.756868,123000
11.447549,0.28136232,-0.8636712,3.2102342,6.5154676,95000
0.77841777,1.325963,1.6340083,4.280551,1.2910552,248000
4.7037845,8.395385,1.6151499,1.6275955,6.512344,395000
0.47413912,0.32077226,4.180047,2.6040707,10.889749,73554
10.063891,2.2826703,1.1827368,4.0690207,7.5434546,385000
10.663162,2.310897,0.96855956,3.7071483,6.9735904,550000
11.278748,0.66222876,0.43815598,4.989067,7.9475555,164990
0.3029533,1.2327796,-0.24092434,4.961103,10.282393,250000
-0.5398615,-0.34035394,0.64678305,2.5541196,10.155215,62000
11.277711,-0.44069967,1.533437,4.0297146,6.4527435,110000
11.995001,0.65344447,1.4570003,3.710715,7.669692,129900
0.82804024,2.7029707,0.53348666,3.1743712,7.2579503,365000
11.624745,-0.77463347,0.9605518,3.3640425,7.2405086,129900
-1.7911448,-1.7456753,-1.2076055,4.4739103,10.060559,84900
-1.7938509,-1.7515911,-1.202822,4.4790325,10.069985,84900
0.48746803,0.34442937,1.4154929,2.803533,6.507488,106000
0.12938379,0.6507848,0.40098682,3.9655395,10.434969,145000
11.945619,0.7130003,0.8242517,4.434793,7.9395604,136000
-1.2910494,-1.399888,-0.8165588,3.0928457,10.75564,78980
12.154572,0.36275774,2.4082932,4.4879384,4.8615527,149000
11.575814,-0.8478813,1.1186296,3.3796356,7.400218,122500
-0.9545146,-1.1369826,-1.1165125,4.5506086,9.846304,110000
2.09516,1.7826302,1.3930805,3.336603,7.8636537,254800
11.47052,0.3123713,1.5941854,3.1616583,7.336089,209000
12.241413,-0.7330966,0.79731184,2.6776972,6.2878757,38000
0.8561301,0.7179977,3.1374092,2.8003802,10.293077,130000
11.5065,-0.7806406,1.3872062,2.9988267,6.919158,105000
11.727897,0.51161796,1.6225533,3.7361827,7.3820634,99000
11.42096,0.27353886,1.6012975,3.0180364,6.426501,124900
-1.479253,-1.199282,-2.379909,3.2633832,10.904388,60156
12.082981,-0.06518415,2.6196911,4.5582604,4.794757,125000
0.28726244,0.64310515,-0.17812386,5.4433193,10.5543585,115000
-1.4604625,-1.2038944,-2.1802306,3.4688542,11.428129,82000
11.848448,-0.5915349,0.91488427,3.1190434,7.117468,91700
12.073063,-1.4579225,-0.48791814,3.919859,6.9994655,140000
-0.28139767,0.57781,-2.117064,5.638825,10.682393,133998
11.101587,-1.3892951,0.72718555,5.590222,8.746149,167000
11.376106,0.22803354,1.6736935,3.204771,6.1742115,99000
-0.35276473,0.96782666,-0.42409518,5.208693,10.34618,149000
12.348573,-0.61742157,0.68826365,3.059971,6.989118,75000
11.179967,0.51186913,0.27971306,5.0727253,7.825,147900
0.74908155,1.5847931,1.5112534,2.7300334,8.076061,182900
12.214285,-0.60665673,0.98196435,3.3789628,6.7180552,98000
4.646047,8.248606,1.5406129,1.6368589,6.581763,237000
-0.54388267,-0.36869746,-0.120072044,3.4042065,10.438304,119900
3.6596506,6.9732733,1.0360261,2.9535756,6.9306526,195000
11.811229,-1.8096824,0.21252468,4.079829,7.1161003,135000
0.6813349,0.5094653,3.997404,2.466847,10.989951,119998
0.5281872,0.35725358,4.2009606,2.4738846,11.069193,102000
-0.43580142,0.96456504,-1.0483154,5.41388,9.91037,107000
12.703101,-0.8846674,1.1628977,3.2176673,5.180776,90000
9.781214,2.35844,1.1644937,4.280078,7.6370006,349000
11.567824,0.9534461,1.5577546,3.9216075,7.257149,160000
11.217001,-0.239886,1.5034013,3.816494,6.3630943,190000
-0.17367062,1.0930542,-0.18284634,4.8832,10.002996,237900
10.572047,2.1887872,0.96568644,3.5221477,7.1663923,525000
10.99949,-0.34238252,1.9411781,3.4457722,7.33526,151250
-2.0148325,-1.1839641,-0.6839823,2.6029394,9.791575,49000
11.582827,1.1703322,1.527636,2.856908,4.5190754,156900
-1.7945973,-1.7565023,-1.2023059,4.4857497,10.070186,88900
-0.33744323,-0.20678423,0.2164662,3.2965634,10.395586,150000
11.336328,1.4845028,1.5858961,2.9121354,4.8606825,104500
10.80247,2.3455884,0.38548565,2.508865,6.7637053,119000
11.414958,-0.4738592,1.8880696,4.441603,5.4535317,127000
9.868481,2.4993865,1.3342292,3.4960005,7.316974,590000
1.9588765,3.0756958,1.2054449,4.2154093,8.067723,545000
-0.92461514,-0.8409711,-1.2055082,4.0060787,10.770717,99000
12.2719345,-0.7508837,0.4973639,3.3938866,6.8229957,125000
9.714886,2.811129,1.3807652,3.229326,7.2777057,525000
-1.0495484,-0.7513219,-0.026303919,3.3769033,10.127875,63000
2.1110694,3.035658,1.4084216,4.4254794,8.133515,875000
0.017103363,2.1745508,0.047752105,2.6970122,6.983508,199000
11.288507,-1.1783812,0.42085186,4.643364,6.870737,160000
-1.5108665,-1.3441948,-0.6342705,3.8590195,10.237963,180000
0.26759145,2.1715004,0.27846575,2.8836768,7.1220956,339000
-0.33155242,0.90453017,-1.679079,5.783366,11.240069,139000
12.279275,-0.54172313,0.7487795,3.0020854,7.006017,123998
0.04660291,-1.2841821,1.4644706,4.3155737,2.4241724,105000
11.9140215,-1.6533598,0.98916763,3.0214937,6.265675,81900
11.234818,-0.48198083,0.3275025,4.370541,6.5579696,122000
11.276254,-1.5042031,0.9167976,4.65165,8.127037,178000
-1.4608508,-1.1910369,-2.3914979,3.2825253,10.888123,90000
11.22605,-1.4943856,0.6270682,5.543742,8.40079,178000
1.0064588,1.2867689,-1.6216782,2.2297828,6.0906024,128000
0.12781823,0.9339404,0.18748462,4.370357,10.349198,134000
-1.4466397,-1.1890382,-2.3795269,3.2928326,10.899572,74990
-0.27546126,0.57809,-2.1075792,5.629652,10.680879,139000
13.010254,0.80131227,2.4318335,4.5484176,5.303305,125000
10.054811,2.1386752,0.83334017,4.296262,7.172907,480000
-1.4794937,-1.3154063,-0.6236763,3.8369424,10.248099,185000
13.010794,0.79608625,2.4368074,4.5549793,5.3120084,124900
12.706019,-0.85775274,1.1586896,3.188916,5.185214,107000
10.850337,1.8893632,1.2715431,2.4833028,5.972471,116000
1.9155674,3.1219668,1.1457137,4.41675,8.236158,700000
11.5525875,0.062241543,1.6357831,3.1374006,5.736055,31000
0.50004697,0.6210486,1.9861451,2.8564837,9.817253,78960
-0.062305663,0.5303065,-2.2290285,5.916579,10.576048,130000
13.015094,0.8024228,2.4365392,4.5547395,5.3092675,125000
11.782745,-1.5098116,0.3904931,4.0981627,7.3690643,80000
0.49721152,0.65803486,2.0009751,2.8795967,9.838193,131610
11.827012,-1.126713,-0.5293474,4.0867414,6.881724,93500
0.052625667,2.1180117,0.0453813,2.7202218,6.9570694,179000
11.709522,0.62498146,0.7707843,4.5224795,7.7814116,108000
12.999086,0.79072434,2.4379609,4.5550027,5.3026032,125000
-0.2422335,0.9620165,-1.0843709,5.298275,10.081146,339900
0.50846493,0.66407406,1.9143586,2.911657,9.782868,177840
10.444017,1.8437133,0.34267378,4.190973,6.710668,149000
11.525332,-0.7519489,1.3049077,3.2813597,7.0626965,118000
-0.28487295,-0.5573683,-0.49855256,4.2936616,9.682883,78000
9.987389,2.2056594,0.92519295,4.351465,7.2702413,350000
11.041732,-0.31538633,1.8869387,3.4533386,7.3216558,95000
0.21705018,0.8452508,0.32445213,4.335127,10.361185,119900
0.7657968,-1.8679281,1.328605,4.6190114,2.2344284,120000
12.553489,-0.118231125,1.1555899,2.968998,5.970494,83000
0.44464958,0.483689,1.8782881,2.8368165,9.869968,72900
0.47297266,0.8907405,1.8300213,2.872793,7.2397604,162500
11.500647,-1.9166011,0.5168589,4.661527,7.258458,68000
11.922963,0.8196507,1.1182772,4.2033987,7.802259,159999
-0.4357926,-0.44194198,-0.3543013,3.8419085,10.149583,119900
0.35511532,0.47350857,2.571132,2.9573069,7.350751,162500
-0.32916462,-0.6232344,1.2515674,3.8451447,1.3533943,129900
0.46804857,0.6740434,1.9630566,2.895859,9.846099,166870
-0.0476378,0.6266458,-0.332562,5.290432,10.195634,139900
10.987869,1.5277221,-0.5830322,2.6171248,7.116899,120000
10.109737,3.5906663,1.1699017,4.0088425,6.4983664,60661
1.1892868,1.3071975,-1.294343,2.2197082,5.6918836,178000
0.4470341,0.69992197,1.9655995,2.8796303,9.859252,144730
10.659139,1.9451711,1.0789173,2.593077,5.9033484,120000
0.043188363,1.0397499,0.12237301,3.3677554,-1.1884648,86364
10.594524,1.4592721,2.7694645,1.4329892,6.694784,122000
0.09953431,2.057163,-0.03515461,2.9244344,6.807957,296000
1.2660706,2.7585573,0.21000372,4.2075834,8.096769,360000
1.7111524,3.0571473,1.0279279,4.4614606,8.264082,790000
-0.16752686,0.44176784,-0.40711072,4.341643,10.724917,230000
0.81644124,2.5950232,0.59947526,4.066751,7.9481797,315000
0.3399516,0.4840604,1.336942,3.0365083,9.725765,194900
1.1964884,3.2793384,0.4578697,3.818585,7.578888,184500
1.8772802,3.1012833,1.1134049,4.1947136,8.037205,585000
10.702528,1.4021238,-0.74166405,3.1558638,6.336909,99900
-0.13173994,0.93618196,0.36907676,3.388095,-1.2150656,106000
11.894186,0.57756126,1.4562944,3.6714106,7.623223,92500
12.367056,-0.34664965,1.4560347,3.1814795,4.7228494,59500
11.202152,-0.3925102,0.3596534,4.48783,6.819267,122000
0.25300545,0.71143436,-0.17997727,5.415276,10.559439,140000
-1.9444293,-1.1186049,-0.59831876,2.491713,9.761307,57500
-1.309354,-1.0316226,-1.9120786,3.485242,11.207439,124000
0.34169662,0.47774297,2.282249,2.962493,7.277828,150000
2.9430523,1.7495494,1.2079614,1.9801228,7.577279,400000
-0.39495388,0.7502644,0.22901122,3.4773948,10.593001,137000
-1.6517581,-1.3820105,-0.6730797,3.942948,10.18426,200000
1.4732189,1.5966016,-2.819262,2.5561738,5.036881,79500
1.3319008,1.6549815,-2.8646607,2.4468048,4.929067,59500
-0.2383074,0.5780267,-1.6122391,5.3832693,10.60012,139000
11.892993,-1.6672056,0.5056353,3.5346699,6.914376,67000
0.29968402,1.2647722,-0.4427712,5.22321,10.192824,293000
0.39788297,0.2221334,4.253987,2.4638782,11.178193,117990
-0.18937065,0.39610276,-0.43577302,4.3571,10.7152605,160000
-0.07312631,0.26521865,0.9710505,3.0099902,9.948821,130000
12.392449,-1.3876534,0.98777914,2.6840153,5.788373,49000
12.182434,-0.4417303,0.8589046,2.9959445,6.933186,119000
-1.0621953,-1.318234,-1.8030572,3.730423,11.197748,122000
12.233541,0.059047658,2.387642,4.7171836,6.0488224,109500
11.610986,-1.344177,0.8408687,3.784088,7.3870554,75000
-0.30420515,1.0403429,-0.3077224,5.2145643,10.558337,160000
0.4255274,0.2718322,4.3106375,2.5187278,11.085926,85124
-0.7576875,-0.9306647,-1.100187,4.7029967,9.6609535,69000
-0.3646379,0.68590707,-1.9109797,5.460466,10.764724,134999
-0.36051992,0.6563955,-1.9880813,5.507113,10.754595,149000
4.673951,8.357343,1.5810888,1.6264733,6.542458,175000
11.404086,1.1721232,1.6543456,2.8384707,4.610953,72900
0.08511215,0.602944,-1.857457,5.8725843,10.487544,175000
-2.2550595,-1.8562696,-1.4872969,3.7663174,9.603461,89900
2.935864,2.6720731,2.2975974,4.388601,8.233883,4500000
10.771412,1.8898762,1.58272,3.383929,6.7495112,290000
12.29026,-0.74243635,0.8276564,3.5317156,6.477579,109900
0.73297375,2.239965,0.67278355,3.9344592,8.265359,129600
11.359382,0.20476419,-0.30608353,4.037469,6.466465,130000
-1.4812281,-1.1862017,-2.2695527,3.3216975,11.061823,80000
10.86096,1.9231067,1.1410265,2.5412061,5.691015,219636
11.533341,-0.7653165,1.337522,3.2216122,7.041558,116000
10.883883,1.7628398,1.3558123,2.477459,7.255878,240600
11.661325,1.1401668,1.3650331,4.0020747,7.457334,160000
10.755444,1.7391661,1.7414863,2.4177337,7.086707,285800
10.756037,1.7336981,1.7378976,2.4229746,7.0989394,285800
10.792105,1.7547644,1.6496347,2.4388452,7.0928607,196300
10.768838,1.7490156,1.7046206,2.4504118,7.111324,196300
11.526077,-0.8310743,1.3643584,3.0321617,6.943162,25500
11.962656,-0.6063116,1.3073815,3.8820164,6.4041433,125000
11.284511,0.54495513,0.52394336,4.55892,7.6788754,149999
10.886327,1.6341702,1.501341,2.1752183,7.0754895,171200
12.989509,0.7709705,2.4489155,4.572104,5.336559,84000
-0.48801294,0.28196016,0.9633999,3.2992072,-0.23254745,79500
-0.56496096,-0.35382906,0.29642975,3.236738,10.1382,120000
10.972733,-1.5460294,0.7839304,5.6203384,8.745264,269936
12.147467,-0.014537855,2.374861,4.73206,6.080803,98000
12.2143135,0.9066412,0.76904035,4.3679104,8.242395,134900
1.2318659,2.9365788,0.12745635,4.301549,8.061821,375000
0.8508326,1.4660779,-2.7211928,2.3298652,5.8340955,52444
11.4050255,0.24721459,1.649905,3.1215727,6.0124254,99000
-1.0796428,-1.3405137,-0.25908256,3.4740572,10.14151,97800
10.759326,1.7244084,1.77094,2.2109492,6.9461346,161900
10.780919,1.6801504,1.7389547,2.2083445,6.949412,161900
11.440374,1.5120475,1.5502977,2.772489,5.000899,135000
0.9832778,1.6545563,-3.3125196,2.0866807,5.2938933,52500
-1.7161852,-1.2921718,-1.1643804,3.8769214,10.398631,123000
10.916155,1.6912972,1.45212,2.1467493,7.0701957,160200
10.924371,1.5992095,1.5260074,2.1198046,7.04227,160200
-0.6212932,-0.6066178,-0.33561006,3.4333384,10.46078,114899
11.512289,0.11246697,1.6334971,3.0916486,5.8204694,84990
0.13450731,0.6193099,0.17908849,4.245686,10.429915,130000
0.9181791,1.8122756,-2.2180865,2.626734,5.4484024,65000
-1.0381892,-1.363512,-2.5203667,3.5104303,11.106231,98000
0.9415459,2.0411932,0.53606236,2.1699197,6.987653,299000
11.541065,1.6308755,1.0921708,3.7805128,7.3025155,229000
1.880511,3.0516675,0.91463536,4.3683705,8.197674,395000
-0.44775718,-0.33700186,0.12813337,3.2530687,10.414929,133900
3.7688673,6.941057,0.8966785,3.1794255,6.9590054,420000
0.9548109,1.7924483,-2.2455423,2.5508218,5.3476086,77444
-0.38951007,0.9123924,-1.6986067,5.7490683,11.2659025,124990
11.389178,0.13541861,-0.20014349,4.267909,6.536142,155000
10.770567,1.6942518,1.7775064,2.1847382,6.9414105,139800
-1.7772213,-1.3705572,-0.83353615,2.1991026,9.768734,80000
11.227439,-0.47889465,0.33362696,4.3749847,6.5596833,97500
11.229629,-0.4684864,0.33283302,4.3710465,6.5511928,125000
12.425951,-0.5666443,0.5058516,2.9174488,6.928252,113000
11.241211,-0.47602302,0.32449377,4.3642473,6.5589066,116500
4.460523,7.9841714,1.4697354,1.8142526,6.728061,229000
10.985767,0.18019995,0.3546049,4.29681,6.3639684,98000
0.6133952,1.8743478,0.6541319,3.947644,9.377308,335000
11.777119,-0.61130124,1.2036496,2.7896752,6.9915786,49500
0.22028336,1.5689687,0.6804566,3.2561936,8.941305,169999
12.180137,-0.9011844,0.5311073,3.438162,6.9476814,86000
11.469901,0.22688821,-0.85713094,3.2243273,6.5233293,40990
10.93368,1.3707136,-0.6127905,2.84007,6.8692055,139000
0.3950048,2.5659256,-0.19610947,2.715602,6.834336,140000
10.395301,2.4115825,0.8665732,2.2264168,7.5792503,400000
-0.7356496,-0.22876267,0.20068173,2.9334266,10.196414,114900
11.397888,1.179085,1.6546758,2.854621,4.625637,72800
-0.19152887,1.0692921,-0.1789312,4.879831,10.0306425,238000
9.651289,2.9385138,1.3737357,3.1616647,7.2524347,315000
12.558447,-0.031359013,1.1852046,2.9666398,5.8451085,89980
-0.22025998,0.4753012,1.8897959,3.8287935,0.5170162,100840
0.115730494,0.792593,-0.07275699,5.081479,10.20137,100000
-0.22142102,1.0291381,-0.19150688,4.9093246,10.370796,120000
11.783855,0.7056075,1.5952994,3.9710824,7.4401803,117000
1.419343,3.1079242,0.61240727,3.979969,7.85795,690000
11.203581,0.5598358,0.3258056,5.1016846,7.918606,147900
12.069885,-1.4357015,-0.49958315,3.9165337,7.0289903,109500
-0.22953126,1.1909337,-0.48033032,5.66736,10.051195,160000
0.4563224,1.515039,0.9178823,3.4971259,9.166388,266000
-0.23546927,0.4504591,1.8813546,3.8241315,0.5378363,105000
-0.5068633,-0.1964035,0.44665343,2.7644563,10.127609,98000
11.741824,-1.4362361,0.2824792,4.2502365,7.0136657,149000
10.40502,1.256797,3.0579364,1.3101975,6.977604,178000
-1.6517357,-1.6762401,-1.0583644,4.307074,10.057968,145000
0.2853196,1.317441,0.2738534,4.2577596,10.115767,364000
-1.0843545,-1.1935282,-1.4129168,3.2404897,10.684336,88000
0.57995206,0.41758612,1.3065274,2.782485,6.548732,73000
0.84731716,2.1444874,0.70253503,2.2424839,7.182013,199900
10.777006,2.5416114,0.63681775,2.845493,6.558918,174000
11.87935,-0.76574284,1.0317819,3.4626575,6.7506533,230000
10.603131,2.3761861,0.76612604,2.3456573,7.19472,169900
-0.5468879,-0.29390714,-0.0033106692,3.3356943,10.392656,160000
2.7307384,2.5182977,2.1473813,4.1006613,8.135781,1550000
11.8287945,-1.1325026,-0.5127447,4.093071,6.88921,93500
-1.1315715,0.5417616,-1.4640805,6.0258126,9.725569,74900
-0.9919532,-1.4670249,-2.710072,3.4404712,11.138065,75000
11.7556925,0.64726174,0.7486178,4.5541916,7.829051,133000
12.04468,-0.39689484,1.1566455,3.045469,6.99351,110000
2.297021,3.1366005,1.3459163,4.515464,8.23555,649000
2.382659,3.042655,1.5277164,4.4712033,8.19409,998000
1.5970906,3.1929996,0.41436225,4.104886,7.9360456,749000
1.3228694,3.026094,0.14351241,4.1792274,7.947154,395000
3.5606422,6.7978864,0.9750867,3.1171176,6.894311,163000
11.324286,1.1607531,1.8398945,3.135134,4.5829973,73780
0.007665169,0.5443297,0.07026457,3.0065804,-0.84466285,71470
0.18980432,3.5437882,1.1593759,3.5422564,7.1785865,68925
9.659058,3.009847,1.3833649,3.1160583,7.2798634,199000
-1.7291361,-1.7413352,-2.2601771,2.7875931,11.860812,115000
10.925562,1.7861421,2.0566487,3.2407303,5.321111,160000
12.015668,-1.6898565,1.0468113,2.9281797,5.9534206,37000
9.605566,3.9645698,0.8511799,4.048516,6.6985292,435000
10.824396,1.3332967,1.6145326,2.3365057,6.8529572,184000
-1.027011,-1.2670461,-1.9462843,3.73324,11.00624,110000
10.670579,1.3935596,-0.7976759,3.2050836,6.3669486,92500
4.3702736,7.858129,1.4378291,1.894034,6.7840815,310000
12.18807,-0.73398083,0.77227885,2.740103,6.365809,34000
10.777441,2.4475758,0.5042157,2.7545474,6.514646,230000
11.456961,0.14259654,-0.78678644,3.3587089,6.4381056,69900
11.439623,0.77201056,1.6009768,3.5514746,7.37291,254500
10.97826,1.0541525,-0.75537694,3.3492982,6.4145713,55000
11.657325,-1.3006074,0.86746615,3.6180093,7.344908,46000
12.043482,-1.7002707,1.02151,2.8619146,5.978618,58000
10.994526,0.43483236,1.6949676,3.2929206,7.139394,269000
0.0065960796,0.54989946,-2.221062,6.0261745,10.518065,159998
1.0974473,1.3287029,-1.4142653,2.1460588,5.6877675,115000
2.3699768,2.14765,1.3985014,2.5797577,7.710284,395000
-0.90303916,-1.7990848,-3.1232324,3.1606507,11.105168,72000
2.3685176,2.1650817,1.408852,2.5926533,7.7171245,395000
11.929834,-0.33813182,1.6397226,3.3921683,4.8043,74800
-0.30689064,0.41934577,1.9629453,3.7476213,0.30493152,109000
10.02649,2.2923408,1.1773076,4.178418,7.5057774,790000
10.93406,1.5320352,1.5718454,2.1054332,7.033118,133300
11.160698,0.23146315,1.6615977,3.2467916,7.2576313,225800
10.916676,1.701556,1.4484614,2.1404989,7.0703416,133300
11.384614,-0.93774146,0.2227892,4.512475,6.759772,88000
10.922977,1.6504029,1.4856923,2.1250725,7.056671,133300
10.768284,1.7266318,1.7613229,2.2030911,6.9238887,119800
0.8164012,2.5460935,0.5818555,4.004736,7.9993925,265000
-2.182982,-1.6206163,-1.5767413,3.616626,9.76656,91490
0.1751432,0.8761227,0.003556119,4.971288,10.121837,137000
10.445015,2.033181,1.0861202,4.1657352,7.0573606,365000
1.274463,3.337192,0.3854095,3.6495523,7.525186,200000
-0.06604747,1.9475855,0.29273868,3.0038679,7.436615,169999
0.924241,1.8460531,-1.266186,2.8900309,6.3394113,304000
11.077651,0.33739042,1.6487253,3.370455,7.236224,160000
1.368287,3.386989,0.4173658,2.8314977,7.9388623,249000
-1.9680151,-1.2496896,-1.5134121,3.4922953,10.021768,77000
10.751503,2.3689845,0.57989025,2.4265676,6.907639,179700
1.2576312,2.5630229,0.8782999,2.9780867,8.281546,400000
3.082698,5.9619017,1.5319726,1.8271871,7.698072,180000
10.88434,1.7833995,1.3264065,2.5156164,7.276305,284800
1.1887815,1.862669,-2.9001315,2.398425,4.9104667,77000
-0.28821522,0.4759713,0.42437062,3.1432166,-0.381474,75500
1.1551048,1.262573,-1.4021975,2.120743,5.74444,139200
1.007197,3.0917802,0.3275137,4.205425,7.6757545,549899
11.766872,0.65458226,1.4830039,3.5117157,7.603109,149999
1.0433704,1.5791876,-2.9141703,2.149043,5.343453,51990
1.274877,0.9339076,3.7148342,2.7750075,10.435318,175000
9.444298,3.2809334,1.4136015,2.9440749,7.3149686,175000
10.67175,1.9805636,2.0329719,3.2750976,6.0664864,288000
10.633107,1.4618887,2.6997144,1.4883797,6.686536,77900
-0.21457288,1.0840119,-0.20804733,4.9133806,10.0352335,238000
0.899837,0.7465532,3.0921555,2.7595708,10.170728,120000
11.475411,0.13985488,-0.91521364,3.3328958,6.424078,69000
3.5845659,6.948972,1.0310005,2.9874094,6.8725905,160000
-0.22440347,-0.24291824,-0.24500845,4.0882587,9.837067,173000
11.788896,-0.9839198,-0.53748417,4.0427523,6.884117,114999
-0.6425994,-0.30667895,0.028172426,3.3166678,10.255054,235000
-0.39756727,-0.7200477,-0.75832736,4.339991,9.642703,124000
-0.342041,1.3066373,-0.62868035,5.2910714,10.114444,188900
11.814896,-0.5429643,1.2740587,3.0336502,7.0439034,55000
-0.08953579,0.7552743,-1.8568255,6.022134,10.8924465,119500
11.788105,-1.0847427,-0.5656497,4.070814,6.832238,96900
-0.053663414,1.1590092,-0.6118153,5.0285096,10.343323,390000
-0.8547874,-1.2394747,-0.13128999,3.111434,10.211557,119899
11.737536,-0.7195779,1.1523323,3.3442492,6.968314,73200
10.96216,1.4881244,-0.3350736,3.3976974,6.980041,165000
-1.4753481,-1.3319563,-0.5998486,3.9337654,10.186261,85000
11.89142,0.6896701,1.605448,4.005076,7.360582,140000
10.876177,1.7939783,1.3133365,2.5242648,7.301547,240600
2.0067601,3.0758615,1.3075078,4.421896,8.089944,625000
0.98237026,3.0719457,0.43438473,3.9948924,7.6764803,200000
-2.1307864,-1.0894785,-0.6744311,2.532421,9.693386,109000
10.468132,1.7771531,1.301672,3.8198698,6.974836,307000
-0.62104094,-0.4276307,-0.21772823,3.3840435,10.416606,126000
0.9269548,1.303489,-0.4607695,2.768106,6.046139,175000
0.5949791,0.4191474,4.172706,2.349011,11.187397,80500
12.206242,-0.7836238,0.9021236,3.6402276,6.456755,130000
-2.1071496,-1.5292364,-1.3543177,3.9204252,9.941407,75000
11.57594,-0.8140375,1.1646932,3.3080592,7.458225,155000
0.06974791,0.56127375,-0.4402764,5.7221794,10.4002695,90000
11.708529,-0.26410866,1.3998859,2.9251466,7.289601,85000
-0.6262105,0.19067949,0.082665116,3.292469,10.412594,79000
9.980031,2.6982105,0.76126194,3.9424918,7.2102537,374000
1.2291111,1.445887,-1.196251,2.1553535,5.8413715,250000
11.277932,1.4052541,1.3918809,3.904534,7.3457036,349000
10.050255,2.50104,0.8862387,4.1520514,7.241501,374000
-0.3669128,0.78015256,-1.6169308,5.308024,10.641971,240000
3.5248685,6.9208355,0.8203834,3.32338,6.7350364,179000
10.787999,1.7679226,1.6710621,2.4795747,7.101611,196300
10.484499,1.8128059,0.34401292,4.165096,6.6330366,220000
-0.918324,-1.6103808,-2.9364223,3.3159838,11.08726,126000
-0.18429436,1.090045,-0.17452368,4.8893175,10.004052,238000
0.8657869,1.8273615,-2.0626416,2.7210567,5.6506643,139900
11.390622,0.8160074,1.5910298,3.6239655,7.292722,238000
11.893699,0.08619373,2.2217212,4.4084578,6.534797,105000
-0.6225804,-0.2957149,0.11929703,3.3607538,10.214121,163000
1.46061,3.5370748,0.3526029,3.0747507,7.976494,299900
-1.019145,-1.416994,-2.6374578,3.4479778,11.103091,74500
-1.0939832,-1.2236264,-1.1761066,4.637353,9.781842,80900
1.0563898,1.4865822,-2.3755853,2.3039055,4.4919233,100000
11.067342,1.9192601,1.3535887,3.888848,6.702049,249000
1.0825273,1.3364232,-1.4558529,2.1600037,5.593605,150000
10.684814,2.1611133,-0.39403465,3.2152467,6.268721,139600
10.652397,2.1768305,0.90859705,2.4199843,6.922154,258000
11.867083,0.6527806,1.4821422,3.7061076,7.608863,123000
0.8642462,2.260892,0.5633544,2.2778661,7.037122,119900
10.62598,2.2907746,0.7240428,2.4490216,5.617456,117999
11.21772,-1.3777139,0.960365,4.823809,8.367507,169000
12.39336,-0.5502007,-0.56093633,2.7904928,6.7302556,99000
10.4269495,2.289602,0.8067424,2.32461,7.703576,299900
11.662829,0.23662052,0.34735382,5.2282243,8.367416,132000
1.1773754,1.716788,1.45195,4.059538,1.1113937,100500
12.4410715,-0.58264756,-0.6192838,2.738102,6.73654,99600
12.130394,-0.5773659,-0.4117653,3.123381,6.7291465,122000
1.0594723,1.4917918,-2.388514,2.3025937,4.4857674,134000
10.936969,1.475413,-0.6269598,3.2171383,6.424545,140000
10.9653635,1.1292254,-0.7770796,3.2586515,6.4340067,75000
10.698605,0.9739629,1.6546161,3.1870034,6.9118147,220000
10.801421,0.77950686,1.0893077,2.888793,6.077249,81700
10.9008465,1.8913578,1.5259331,2.4048784,5.9676704,129500
1.6674645,2.9660108,0.89973664,4.4047346,8.3108,350000
11.737123,-1.4922607,0.44060656,4.137596,7.399448,150000
11.400525,0.7918484,1.8500082,3.3283448,4.6506047,79500
4.35454,7.7050104,1.4418323,1.8142555,6.8789134,141000
10.533089,2.3157487,-0.13942087,3.3997924,6.1411376,148500
10.430357,2.268081,0.63532835,3.8274658,6.8871307,220000
0.042956647,1.0421588,0.1400803,3.4064136,-1.2944013,88500
11.416444,-0.4738622,1.8905606,4.438678,5.444434,127000
-0.26226684,-0.26946908,-0.75902003,4.78134,9.545711,134000
-1.8027691,-1.7469109,-1.1690114,4.520869,10.047521,107000
-0.8027455,-1.0047784,-1.0999829,4.643985,9.712545,65000
11.619268,-0.82856745,1.1846737,3.32846,7.0766377,64500
12.093434,-0.92753327,0.47636646,3.5454655,6.685469,97000
10.305826,2.5329251,0.37524906,3.9937778,6.8001814,209000
0.12954168,1.2093347,-0.11173409,4.827232,10.387511,139000
-0.6479155,0.17209046,1.5523113,3.4845045,-0.5796406,120000
3.1457627,5.877772,1.4659919,2.025367,7.6219993,202000
1.17042,2.546843,0.95945805,2.5528293,7.735078,199000
10.619223,1.1674037,1.6709834,3.1038127,6.9144974,160000
10.969019,-0.36044332,1.9703937,3.4642,7.343869,115000
13.023633,-0.9302725,0.78529286,3.4565446,5.8794928,70000
11.73571,-0.9610765,0.8619625,3.5317569,7.18909,139000
11.945307,-1.072835,0.86080194,3.223764,6.678133,79900
11.556188,1.4455888,1.2069106,3.9765255,7.2756515,152000
-0.67512655,-0.5524901,-1.1298631,4.3266606,10.609551,108000
-0.95172054,-1.5266984,-1.1402262,3.466169,10.457787,112999
-0.33988833,0.30539647,-0.98099726,4.793486,10.862743,204999
-0.4611203,-0.09798457,-1.0405807,4.612606,10.714383,114999
-0.49941283,-0.37386778,-0.022220341,3.3360703,10.428837,124999
-0.91819227,-1.6698352,-2.986216,3.2644992,11.1286955,92999
11.4033375,-0.77147585,1.3750724,3.3465846,7.2891226,92500
-1.4385139,-1.2266024,-2.4018466,3.2769792,10.874248,69500
3.3151155,6.324585,1.6190794,1.6645733,7.635985,115000
3.21624,6.19553,1.6121306,1.7076969,7.7192416,120000
10.968546,1.518951,-0.6168054,2.6054003,7.1334763,169999
11.62188,1.2346681,1.4436045,3.8388066,7.2103105,247900
-0.33060294,0.084756605,0.5029902,3.1150796,10.086047,239000
2.1407497,3.15845,1.1650165,4.515231,8.256781,459999
12.0259075,-1.3249177,-0.44691297,3.9246583,6.993804,134500
-0.95624,-1.4839076,-0.31706688,3.2391663,10.055857,117000
12.3754015,-0.47488198,0.8373147,3.152681,6.5945873,138000
11.63384,-0.17240477,1.2684634,3.0245101,7.311008,108900
12.215781,0.8855137,0.787203,4.3198385,8.2245655,120000
11.7828,-0.33223858,1.328541,2.9523451,7.1919804,119000
0.570321,0.39330345,4.1806073,2.4493332,11.097378,125000
12.042025,-0.9641404,0.29887232,3.700272,6.908762,115000
0.19457132,0.87876296,-0.32921365,5.169849,9.822263,240000
12.3862505,0.1750233,1.1392198,2.8693268,5.9924345,120000
11.67108,-1.0951823,-0.6109007,4.2105823,6.7652946,92800
-0.15838183,0.18099593,0.8209792,3.0557764,9.968759,195000
-1.0845352,-1.5075034,-0.5420484,3.4328558,10.061734,176000
-0.31875792,1.0737245,-0.40023068,5.3675747,10.698009,119000
0.65939444,3.052787,0.88283646,3.7971897,7.622786,138000
10.961528,1.4817625,-0.32793745,3.4091072,6.9893637,365000
10.881241,1.4056213,-0.6019892,2.7978642,6.8658834,140000
12.190498,-0.2399876,2.697579,4.791228,4.848747,95000
0.9420458,1.7379102,-2.237721,2.4483278,5.220694,134800
1.020533,1.726774,-2.3035722,2.4356036,5.176362,129900
0.095639884,0.59237075,-2.1270373,6.0376034,10.549552,83000
0.70670265,1.4857695,-1.6815844,2.5767527,6.3086658,124999
12.096666,-0.78887016,0.6310551,2.807386,6.4525366,69000
-0.4006966,0.36411723,1.880102,3.644419,-0.014568396,67000
0.5338413,1.0802952,1.734842,4.23049,1.0977582,102000
5.2089577,9.264661,2.1293845,9.732038,5.874133,117000
0.54264987,1.0902271,1.7243636,4.2407207,1.0944158,108100
-0.11474356,0.6053179,1.8206589,3.7338905,0.1650624,145500
11.046632,-1.6285846,0.9030925,5.2139897,8.41935,150000
12.040529,-0.69844306,1.307597,3.843739,6.5088377,139999
12.056466,-0.78610826,0.9938334,3.5465953,6.6224775,149999
-0.14110933,0.58932817,1.8171275,3.721564,0.1295913,112800
-0.19871429,0.5463783,1.8234702,3.7001493,0.07911745,86000
-0.9132078,-1.6281165,-2.9095926,3.303352,11.080638,119500
0.13789073,0.874676,0.22556244,4.3267694,10.167837,164950
10.90343,1.7530842,1.4223602,2.1889973,7.03665,171200
-0.6125888,-0.6309358,-0.38854963,3.463824,10.4688635,169000
-0.3641906,0.3944438,1.8980745,3.6821167,0.1696402,140000
10.975181,-1.5819925,0.69070834,5.223978,7.5736175,82900
10.818647,1.4198924,-0.77410924,3.1192453,6.428781,73000
1.0469075,1.4031334,-1.6309112,2.206111,5.45818,139000
1.5763029,1.1645908,3.9939127,2.7853713,10.669428,157900
11.699836,-1.0825675,-0.6137533,4.1734424,6.7790203,105000
10.765774,1.7485749,1.779815,2.2131264,6.867996,161900
12.370935,0.67303073,1.806342,3.9854658,6.126799,143000
-0.20679915,1.099314,-0.19410805,4.8787665,10.018086,238000
11.873304,0.72184813,1.4425993,4.064003,7.577334,134000
-1.4663899,-1.3413647,-0.60715467,3.8769627,10.210008,120000
10.623809,1.0781628,1.9808981,2.7488945,6.9751616,169000
-0.95069796,-1.3713982,-1.1751825,3.7071273,10.43696,157000
-0.2824144,0.25767562,-0.84033674,4.610145,10.864676,298000
0.08622541,0.5959795,0.36934608,3.9129653,10.454914,227000
-1.0482652,-1.1352171,-1.4046632,3.3150532,10.664905,76000
11.638499,-1.1006387,-0.6537313,4.2332273,6.7240534,92800
10.12425,2.1777442,1.2738168,3.9121335,7.4242864,447000
0.5603333,0.5071668,3.2123623,2.645773,10.472707,69900
0.61260724,2.061296,0.621943,3.6754563,8.840036,339500
-0.24230723,0.051837914,0.596548,3.0207453,10.025404,205000
11.621136,-1.5582222,0.5198731,4.328397,7.271365,135000
12.3376,0.03268047,1.1240535,3.207162,5.8445754,93500
0.26841977,1.0537034,0.02205696,4.8125587,10.368842,130000
10.797082,1.1802372,1.6478899,2.4232523,6.766145,105000
-0.63817024,-0.5954241,-0.3171359,3.4205077,10.458663,124900
11.363318,-1.1517861,0.67682576,5.2929807,8.303057,130000
-0.6435902,-0.46832398,0.44051203,2.603881,10.126232,57000
10.677641,2.3590248,0.6083596,2.4014587,5.4997454,115763
10.68346,2.3417897,0.654886,2.3822992,5.498688,115637
12.067807,-0.72307396,0.8525936,2.6734858,6.6049733,68500
-0.9786821,-1.394337,-1.808966,3.7327151,11.184278,99900
11.677842,-1.0905817,-0.6152748,4.1957583,6.770742,92800
-0.5635401,0.32225257,1.3158354,3.4664855,-0.16181023,114800
-0.2911216,0.012047678,0.5804377,3.043985,10.038182,141900
12.058828,-1.4231282,-0.5497321,3.9192975,7.0133142,109900
1.2114879,1.8306153,-2.9017258,2.4300973,4.9146914,82499
0.2234526,1.1789167,0.48520857,4.0469475,10.152357,225000
11.280256,1.5330367,1.5554907,3.0035322,4.8886533,105000
10.613895,1.3689946,-0.3356589,3.4065492,6.43714,167800
1.1277239,1.650999,-2.3651276,2.3325753,5.1216817,48990
12.062168,-1.4352545,-0.52369034,3.9213915,6.9797916,92800
12.073592,0.79299736,0.87675416,4.35755,8.018736,90799
11.412309,0.1043695,-0.19062047,4.260187,6.5517235,185000
2.3388178,2.1712337,1.5530621,3.3156269,7.843689,1200000
-0.9125144,-1.221663,-0.5176667,3.4215546,10.274329,124000
11.121016,1.314366,1.7381111,2.8750265,7.1775274,197000
11.276849,-0.48340258,1.5427977,3.1734884,7.1317244,140000
-0.07240708,0.5446055,-2.221999,5.9982285,10.494361,124900
10.729275,1.4247414,2.4277496,1.640795,6.7769704,120000
12.095113,-0.93630713,-0.6983325,3.650578,6.8306913,123000
10.706351,2.3938262,-0.2053094,3.153492,6.3112235,105000
10.676905,1.7550703,1.0021267,3.2039704,5.92998,119000
10.407643,1.7759805,0.57516944,4.247869,6.8381968,340000
-0.44817033,-0.14703238,0.33072236,2.9137914,10.236208,71999
11.614975,1.2283244,1.7011442,3.258173,5.1661577,139000
11.374367,-1.4723643,0.88414997,4.3728967,7.594451,94000
0.75673324,2.9849837,0.48133296,3.456992,7.0837765,265595
10.690026,2.318671,0.69980043,2.3760042,5.5309486,128000
0.8683384,1.8662541,-2.252971,2.6646094,5.4704533,53488
11.939107,-1.7388266,1.005406,3.0263915,6.1358066,51900
-0.079212666,0.67786914,-0.31457663,5.2747006,10.062182,175000
0.9482202,1.6491216,-3.331997,2.0671012,5.338317,48500
0.4136119,0.24826446,4.4236164,2.3149767,11.408777,108000
10.9054,1.8180226,1.3267374,2.1827877,7.028077,160200
-0.14267513,0.8698698,-0.29950476,5.1737313,10.545573,134000
11.401078,0.10165236,1.4344987,2.56507,7.022964,108000
-0.5423878,0.20728071,1.0804939,3.3168213,-0.79955494,91800
10.734951,2.3987947,-0.03623466,3.0163748,6.4907765,129000
0.94800043,2.0239587,0.330379,3.7546923,7.8873816,260000
11.863562,0.65295875,1.490049,3.7049932,7.629662,125000
-0.21973093,0.5006663,1.9083819,3.8302011,0.50525445,110000
9.752592,2.9841273,1.2464542,2.7686827,7.241649,174999
11.230485,-1.2936506,0.90849805,5.01977,8.15144,195000
11.248834,-0.8411801,1.438433,3.7676163,7.074208,139500
4.380892,7.9700823,1.4414828,1.9067098,6.730811,229000
-0.58405864,-0.23466362,0.13576466,3.3035924,10.23539,163000
1.2066059,1.3079644,-1.3102305,2.1235714,5.7061405,188000
11.866669,0.694048,0.6820122,4.5510087,7.962716,144990
10.775876,1.9724618,0.29405218,2.645455,7.6619253,255000
-0.2925106,0.32732943,-0.6292019,4.5532827,10.708963,140000
-1.2541964,0.46251664,-1.635506,5.951846,9.839441,138000
10.756661,2.3829813,0.5420528,2.4560595,6.890919,175000
10.9112835,1.7876354,1.3610095,2.160907,7.033826,133300
10.827717,2.007981,0.96860087,3.1888669,7.4002514,325000
-0.27585295,0.46773773,1.8186948,3.7807684,0.42877042,108000
-0.54998183,-0.3688983,-0.11715376,3.4061728,10.436616,145000
0.2851894,0.6490774,-0.20000364,5.4354444,10.521506,115000
11.054293,1.2698625,-0.6902345,3.084436,6.589895,131499
0.20144962,1.1428694,0.46824828,4.044727,10.178863,225880
0.09192659,0.5783143,-2.154442,6.0414596,10.535732,100000
10.770368,1.9076562,1.2241302,2.9645846,5.531412,153000
10.699624,2.1089263,0.9888703,3.3724167,7.4014645,750300
0.51297724,1.4836255,-0.7175427,5.2291303,10.241303,445000
0.9076853,1.8473617,-2.2216833,2.6260073,5.400166,77498
11.265902,-1.4543587,0.9100174,4.7146626,8.239003,168000
12.244605,-0.5291015,0.692554,3.2932694,6.937367,108000
0.33330035,0.9392801,-0.1888152,5.355134,10.576966,129000
12.170639,0.005127373,2.4088738,4.744834,6.0586243,134999
-0.2754737,0.22699863,-0.8506024,4.593749,10.861755,259000
10.979944,1.9821512,1.3123616,3.8971035,6.737193,158000
0.8298006,2.1735933,0.40385947,2.4270792,6.768954,215000
11.1725445,-0.41236183,1.6073542,4.0418,6.5767245,148000
1.0869179,1.4942669,-2.429995,2.3190634,4.4204073,71500
10.541827,1.8268619,1.3803446,3.6057327,6.981985,233000
11.078899,-0.5226625,1.5811694,3.9946613,6.6188793,179000
11.5228195,1.1612077,1.697717,2.9577005,4.367968,155000
11.408163,1.2354273,1.8611249,3.3677845,4.840074,225000
11.968842,-1.2351376,0.9677362,2.8942587,6.4230714,94500
-0.7439353,-0.8202756,0.056863237,3.0690296,10.189354,115000
-0.0043917713,0.5804492,0.09390237,4.1130214,10.424853,125000
1.6703862,1.2214336,-1.0820222,2.689229,5.9237266,199000
0.48402545,1.0335121,1.7521049,4.2262645,1.0564996,102500
-0.38261217,0.381631,1.8682241,3.646543,-0.0043418314,96300
-0.37764975,0.38507396,1.8726134,3.6505198,0.012415728,86000
-0.3766727,0.37621266,1.876188,3.6505435,0.034304526,71700
-0.2616673,0.103007175,0.629464,3.0587661,9.99982,239000
11.302945,-1.4777172,0.88523084,4.6256914,8.193576,219000
11.43994,0.6783209,0.519164,4.7734513,7.836269,155000
1.9392393,0.96034193,1.3109648,2.6249688,8.1772585,245000
-1.420212,-3.136837,0.7354565,3.3191693,1.0243185,58500
11.56367,-0.049489178,1.422111,2.7426937,7.1674404,180000
0.07456343,1.0905997,0.15706097,3.3807743,-1.1401403,89842
-0.86383724,-0.54183185,-0.35086703,3.3945847,10.71449,170000
0.73358774,2.2247825,0.5324467,3.7323525,8.402236,222000
10.99054,-1.654354,0.81951326,5.469704,8.48028,210000
0.28380182,1.4250658,0.27115878,4.2266226,10.062551,349999
0.0783189,0.8056644,0.21478747,4.139359,10.388881,116000
-0.34519047,0.8319355,0.17268455,3.5960338,10.570334,130500
10.922777,2.000556,1.0002553,2.2390463,6.803639,67500
12.010895,-1.3217416,0.9352755,2.9598746,6.316302,89000
11.31803,0.010459638,1.6219976,3.3741333,7.4241257,133000
0.8374137,1.6936128,1.5508282,2.8881457,7.9191966,125000
10.819184,1.9383991,0.17192663,2.645943,7.6453214,199000
10.6152315,1.9209276,1.2640172,2.5994716,5.810465,89000
-1.7348015,-1.7401376,-2.269236,2.7899888,11.872755,98500
1.1510906,2.8606203,0.81412077,4.062128,7.5195866,369050
-1.3922266,-3.1298256,0.75014275,3.301812,1.0675211,58470
9.575854,3.0782378,1.3866978,3.1103227,7.2932086,200000
9.594349,3.0522208,1.3778478,3.1060498,7.2815385,200000
-0.39523157,0.3621236,1.86583,3.6399424,0.007846535,82900
1.1428508,1.6650597,-2.0249128,2.7555954,5.6448464,104900
-0.06074454,2.0867968,0.19797954,2.9923763,7.2513247,275000
10.765969,2.2872033,0.93999183,3.6026824,7.0950627,500000
0.05866731,0.5385251,-2.2012043,6.035079,10.53841,96990
1.943547,0.93133795,1.31829,2.6059785,8.196467,195000
0.010068757,1.1916605,-0.63781923,5.042615,10.4221525,360000
11.56973,-1.3053162,0.90900075,3.7839992,7.431623,61980
10.460722,1.9783134,1.1874005,2.6493602,5.7955585,227750
10.487806,2.0218823,1.1827694,2.6584923,5.75405,270500
-1.305943,-1.0426158,-0.9570422,3.4658687,10.974176,91000
10.437486,1.9933854,1.2055086,2.6506186,5.752402,275100
10.459365,1.9799222,1.1924511,2.6560757,5.7794228,270050
10.793626,1.2874551,2.3521032,1.6926897,6.8186426,123000
11.92573,-1.7176815,1.007788,3.0138147,6.167956,19000
10.74135,1.4184906,2.3826618,1.66039,6.80857,97000
11.841527,0.69739604,0.6162969,4.647645,8.009767,114900
0.21296915,1.1319371,0.21823727,4.3676786,10.218166,200000
0.10357626,0.5665511,0.3809747,3.9101615,10.452192,227000
-0.33027998,-0.43814886,1.3844559,3.8740556,1.7049735,126500
11.332632,-0.4713602,1.7975122,4.370268,5.694216,94900
-1.8149697,-1.2932307,-0.9060842,2.1070905,9.790326,74700
0.13507529,2.1067104,0.09592049,2.8507178,6.94117,195000
11.22,-0.56354374,1.5474122,3.9016223,6.5641637,74000
4.498043,7.737866,1.4888822,1.7635349,6.841675,152000
12.694576,-0.76487744,1.1526334,3.1600327,5.2840443,71500
0.77701265,1.351395,1.6312823,4.3240104,1.1083783,143500
10.066281,2.5218697,1.0027764,4.1607075,7.226258,258000
11.383556,0.3963586,0.35753855,4.6488748,7.700999,112000
-1.2485232,-1.1566801,-0.120918065,3.6959338,10.11349,109900
11.982621,-0.4452151,1.6454326,3.4444232,4.7040915,55000
12.417129,-1.3819611,0.99646115,2.6599035,5.763807,49000
11.358772,0.281708,1.6701039,3.1328843,6.074138,128000
0.049230803,0.5477394,-2.2228036,6.038598,10.569062,142999
13.040634,-0.9325809,0.838997,3.414278,5.7669926,80990
-2.2549293,-1.6395844,-1.4380487,4.2912087,9.951888,59500
12.284548,0.46968773,2.4112985,4.472266,4.900404,128500
0.95507604,1.626157,-3.307439,2.0701373,5.342142,49900
10.801811,1.5193269,-0.25123116,3.6337976,6.703381,168000
-0.6242908,0.2980153,1.5423875,3.4553676,-0.38593316,80000
11.613436,0.20673461,0.2935917,5.2709413,8.3545685,95000
10.773168,0.8120724,1.0503426,2.8907158,6.1300225,69700
-1.8568249,-1.8626422,-2.4032652,2.6277304,12.059094,70000
-0.17667755,1.231274,-0.53646266,5.749081,9.929599,253000
-0.79627866,0.5094802,1.6583055,3.5292084,-0.46112105,118000
11.915136,-0.7088997,1.031824,2.7775881,6.822992,69500
9.861635,2.9679465,0.23043329,3.2123759,7.26791,279000
11.639686,0.22393535,0.28624955,5.3080864,8.407616,114000
1.0338538,2.945835,0.55450684,3.879173,7.907465,446585
11.206286,1.7165133,1.2896422,2.6326265,5.0688453,97000
-0.13388649,0.59898394,-1.6058533,5.520411,10.538592,140000
-0.5222253,-0.6946853,-0.6873607,4.186478,9.8565235,125000
0.15422374,0.5316411,-0.393708,5.441033,10.3475065,175100
0.865722,0.69668794,3.7738576,2.5944757,10.75327,115900
12.384553,-0.52342683,0.83046895,3.1119912,6.6918564,114900
11.67348,-0.8224794,1.0319883,3.4072049,7.0438766,150000
-0.27007285,0.9966966,-1.4101285,5.4803386,9.784444,200000
10.434084,2.5119371,0.6325651,3.901128,6.8335843,302500
11.304495,-1.3902234,0.85847914,4.6761603,8.184737,300000
-0.54647505,-0.34843558,0.64375734,2.546381,10.156161,60800
0.6789035,1.8752748,-1.3484726,2.6803925,6.4638376,249500
1.4890375,1.2859812,-0.3912425,3.0012763,6.1819243,245000
1.4841313,1.563235,-0.46773565,2.9433038,6.57093,245000
1.2037896,2.4017484,0.9237572,2.3684607,7.838019,174000
0.98049605,2.035654,0.57704055,2.159474,7.0077868,174000
10.142302,2.2586808,1.4472715,3.3099396,6.961895,315000
11.943309,-0.80868477,0.08793503,3.7554207,6.8460617,105000
10.123376,2.1930702,1.2249545,4.0927196,7.491484,169000
-1.451257,-1.1824049,-2.1286805,3.4554613,11.3825655,112990
2.0024338,2.1683378,1.216455,3.0611103,7.832747,299990
10.422581,1.2709227,3.0264866,1.3373967,6.9553695,160900
0.34700206,1.0478806,0.2379507,3.3461003,-0.62860763,123900
1.8334789,0.965945,1.2821642,2.71115,8.189625,400000
1.5567244,1.644334,-2.397598,2.5837476,4.9563737,115500
1.3809631,1.6842844,-2.7764845,2.3945544,4.7132006,62900
-0.11853706,0.55152625,-2.2007477,5.951993,10.512682,167000
-0.5401417,-0.15302584,0.48391917,2.7279987,10.086531,50000
-0.17352644,0.42049462,-0.30016243,4.2371125,10.662483,220000
11.857636,-1.5346979,0.14202178,4.1413155,7.101495,153000
-0.43703613,-0.36659065,0.15564023,3.2220998,10.351099,97000
10.980853,1.0974443,-0.7830838,3.237521,6.461194,64000
11.601386,-0.029036282,-0.6675324,3.2176604,6.534796,67500
-0.40577483,0.7347193,0.22796385,3.4636388,10.591744,148000
12.170749,-0.090632156,2.6025226,4.812825,5.218504,165000
-0.9574621,-1.5332215,-2.8463745,3.3611238,11.0866375,82000
2.4904258,1.9904666,2.2317607,3.6969838,8.1406145,630000
2.511943,2.0090187,2.506194,3.7862477,8.441248,630000
2.5072162,1.9948161,2.2710595,3.7189322,8.16378,630000
2.512218,2.0233114,2.4853868,3.7898653,8.426128,630000
0.9050736,1.3310997,-1.6388386,2.3568668,6.1175203,120000
-0.5788928,-0.80072856,-1.0203451,4.316255,10.03753,169000
10.383682,2.0745568,1.0893191,4.1458693,7.006039,790000
2.0018864,2.1704175,1.0295988,3.1061187,7.6800256,310000
3.6688285,6.8129253,0.9512766,3.1379097,6.9772305,389000
0.03889823,1.2662557,0.34724537,4.0474114,10.145823,235000
10.831697,1.3795985,1.5787265,2.3297718,6.8680873,240000
3.811018,6.9354215,0.97730494,3.0734866,7.0628476,260000
1.1087462,1.6355388,-2.3289657,2.3284302,5.0906353,62900
9.922747,2.1605477,1.3237596,4.070276,7.5319757,270000
9.683648,2.8727162,1.3986244,3.2011108,7.206147,315000
12.209512,-0.95993626,0.8394056,2.7058218,6.3399754,78000
-0.79362196,-0.63356495,0.090250745,3.2776368,10.162836,69500
11.015832,1.1843989,1.7575254,2.07658,7.0047626,129800
11.847711,0.61107635,1.4841278,3.5835245,7.66517,174500
11.090042,0.24479516,1.6895211,3.30844,7.207816,197000
-0.96922225,-1.3376653,-1.2167611,3.7861426,10.481037,135000
0.7337001,0.6293903,2.842699,2.735059,10.097454,103000
1.1591042,3.041692,0.45889592,3.6203487,7.50874,229000
0.91492176,2.8761997,0.46048576,4.1550446,7.7218423,150000
1.5017732,1.0727291,4.0114374,2.7063005,10.68173,160000
9.819288,3.1713705,-0.12847124,2.8801925,7.17648,199000
10.895844,1.3571697,-0.62326664,3.019669,6.556015,119000
0.6160902,0.4320708,4.2597623,2.2716095,11.296766,76264
0.5997807,0.4230837,4.136336,2.3607006,11.155032,121700
0.474177,0.30725908,4.2646227,2.5106938,11.050586,94200
0.53714156,0.64187944,2.0608187,2.8426998,9.802932,80900
0.60955465,0.46691665,4.135967,2.5607195,10.933617,101900
0.50909424,0.34014723,4.2316623,2.4729962,11.083707,105990
0.48968533,0.3223799,4.2483325,2.4759045,11.090301,107000
-0.0024828014,0.35152927,1.0378659,2.9987047,9.858491,115900
0.63493943,0.57438445,1.9766629,2.8953054,9.760798,121000
0.55777407,0.6144363,2.03055,2.873274,9.816309,124900
-0.37993157,-0.017925464,0.4644243,3.1219618,10.092155,159900
0.055115845,1.2615943,-0.016496178,4.6170573,10.324128,147900
12.041889,0.7629329,0.8825141,4.356536,7.9859366,135900
12.27428,-0.6687079,0.68977255,3.1170766,7.0551705,119999
1.0393336,1.6458955,-3.0010376,2.196602,5.289392,45000
11.834948,0.6819231,0.6158956,4.6525297,7.99504,137000
11.883797,0.67496765,1.5491072,4.141546,7.4213943,155000
10.969688,1.5233704,-0.56233644,2.691951,7.044877,215000
12.206892,-0.56450677,0.80290556,2.9023602,7.08683,120000
1.0791719,1.8881963,0.66809475,2.1474774,6.973269,258000
1.2618269,1.2461797,-1.2429794,2.1233857,5.68275,158000
0.989392,1.8144501,-2.3639717,2.519503,5.245209,134750
-0.58351934,-0.42982295,-0.25422478,3.4452395,10.497593,119900
1.5680498,1.2413667,3.9073808,2.8004003,10.583043,278000
1.6942208,1.4805931,-1.033533,2.8342662,5.844548,184900
1.6849829,1.4700593,-1.0093322,2.8359325,5.86868,209999
1.0065957,1.7234629,-2.2845073,2.4217317,5.182019,132950
12.40301,-0.43491802,0.89588827,3.1657689,6.5555005,114000
10.869535,0.7839141,0.64034975,2.9647076,6.1680675,73900
-0.37490594,-0.38866243,-0.27887464,4.0088644,9.940439,117000
0.23757452,1.0572107,0.431249,4.1531177,10.215852,249000
10.846757,1.3324448,2.1663969,1.7610936,6.867715,131000
0.44303983,0.3350793,3.7464335,2.4780223,10.928313,73755
10.602864,1.4550308,2.756422,1.4459742,6.7014666,95900
11.671357,-1.1550481,0.87164354,3.7020667,7.304188,92450
2.0030534,2.1673617,1.0274106,3.108625,7.676419,450000
0.105212614,1.1079956,-0.014407113,4.985118,9.9592705,227000
1.0713599,1.1327019,-1.8069075,2.618712,2.7092545,99000
0.2681976,1.767625,0.5965371,3.2179465,8.578278,475200
0.71347666,1.73713,0.60899305,2.3826723,6.951928,179900
0.7041238,2.248643,0.65091854,3.7112124,8.647718,375200
-0.23128136,0.96197057,-0.24639803,5.026489,10.416805,129999
11.8200035,0.485359,1.4893143,3.4118378,7.598407,139000
-0.6999057,-0.6107682,1.2868457,3.7667882,1.4634087,139999
0.40205452,0.24862634,4.430914,2.3299983,11.411383,87360
-0.18826349,-0.17497166,-0.2733038,4.190152,9.836876,245000
10.462496,2.165402,0.28790095,4.0448523,6.6724343,159000
-2.118205,-1.5338457,-1.3618405,3.919336,9.929227,63500
0.15255597,1.0349958,0.39858496,4.091226,10.268874,159999
-0.70536965,0.6129727,-2.203421,5.989539,10.444467,119500
-0.5362287,0.22601247,1.6642181,3.504682,-0.47744817,89500
-1.7727387,-1.1347482,-0.56479317,2.7209945,9.925082,65000
12.209713,0.9055836,0.75726575,4.378441,8.248284,119500
1.0473135,2.2385,0.69483125,2.5507538,7.0904264,176900
-1.7362695,-1.737294,-2.2670157,2.7873075,11.856357,139900
10.943945,1.7470194,1.7180904,3.056745,5.230733,139900
12.248903,0.45473158,2.4064255,4.466322,4.889041,149000
11.60741,-1.1948243,0.9541213,3.5756795,7.416392,45000
-0.57566917,-0.13838822,0.22875455,3.2893665,10.169439,115000
1.6945596,1.4876478,-1.0544002,2.8245094,5.820137,184900
12.415504,-0.531554,0.26278806,2.9008899,6.7924967,149500
12.164848,-0.091902725,2.6079383,4.815475,5.21025,78000
1.6947671,1.4880353,-1.0505024,2.8272252,5.826486,209900
12.5371685,-0.19778082,1.139519,2.943904,5.8132625,69000
11.455162,0.16633068,-0.92762613,3.331215,6.4231725,72000
11.629984,-0.92230886,1.0449088,3.466526,7.2966475,119000
11.934477,-0.0023773687,2.3492758,4.696595,6.631425,142000
-1.2005582,-1.2520787,-0.6414337,4.005392,10.080978,94000
11.067978,-0.35504535,1.8698673,3.4386554,7.3504114,220000
12.2137165,-0.64253944,0.17493391,2.793019,6.619643,105000
-0.6122235,-0.86694217,-1.0673285,4.40937,9.897163,210000
10.91883,1.817492,1.2808841,2.8925653,7.1712866,99000
11.221845,-1.5389032,0.8486593,4.927567,8.102851,154990
-0.23925824,0.17319214,0.49685115,3.1318665,10.079607,109900
0.12906316,1.1083976,0.37928003,4.0829134,10.246938,198000
-0.5274682,-0.46835205,1.4040526,3.854273,1.617512,97900
1.6569257,1.3730094,-2.452231,2.9179149,5.6186953,118500
-0.3873215,0.7372179,0.25333518,3.47507,10.5866,103990
10.78837,1.4520622,-0.316675,3.475089,6.5648813,160000
0.9891718,1.7363493,-2.2899024,2.4352949,5.1683426,134895
2.2064776,2.0574913,1.2520883,2.1793213,7.5480266,345000
0.02016017,0.98753256,0.18095763,3.3420794,-1.1320376,76700
4.0973406,7.3766975,1.40782,1.9480771,7.026219,194999
10.752201,1.3651975,2.415859,1.6287724,6.7880335,130000
0.41942567,0.2470683,4.272123,2.4492557,11.183581,129000
0.045366455,0.5798822,-1.7826279,5.7035236,10.042539,165000
-0.9092638,-1.7517779,-3.0768158,3.2038445,11.1042185,97500
11.574177,-0.79894716,1.3120221,3.6099887,6.8562512,78000
0.26118463,1.2557718,-0.5585959,5.2735343,10.063895,367999
11.374731,0.3917364,1.6088152,3.3137386,7.424324,210000
0.5051863,0.5617186,1.0087775,3.182772,9.2071085,327000
0.10424625,0.53711843,-0.3954288,5.3631186,10.402832,137000
-0.30632392,0.31997126,-0.91034883,4.7849026,10.832068,299999
-0.47750017,0.7975226,-1.8444675,5.402494,10.739099,165000
10.765258,0.87254465,1.1865724,2.8966792,6.242906,294900
-0.078080125,0.5240019,-2.2282832,5.8953843,10.586137,138000
1.5565443,1.105515,4.0500317,2.7413542,10.712543,114500
0.47376364,0.31179807,4.3346853,2.3299253,11.3397455,76472
1.6529716,1.2145157,4.1195555,2.8028586,10.769983,110500
-0.43124086,0.7888913,-1.7726152,5.3815675,10.72711,196997
12.242499,-0.5367723,-0.39689127,2.9845262,6.7085476,104998
12.176549,-0.97146547,0.4095624,3.4724343,6.9814167,189000
-2.4874313,-1.6894548,-1.4238933,4.1550407,10.037692,67000
11.324065,-1.3577968,0.7635037,4.6811924,7.987385,139000
0.17069153,3.576589,1.1892372,3.5391982,7.165838,52892
-0.62270373,-0.3358621,0.1729455,3.365306,10.168825,120000
2.7270834,2.6662211,2.1362462,4.268814,8.181495,1999000
11.399012,-0.6662081,1.3776944,4.029081,6.308926,71800
10.981551,1.520918,-0.5935143,2.6273193,7.110646,165000
10.755026,1.8051763,1.7307445,2.2421632,6.7424583,160000
10.5921755,1.5203154,2.7632034,1.4541183,6.6331472,76264
-0.081122376,0.969811,0.08642125,4.0004177,10.41881,125000
1.1110766,1.1906955,-1.6998461,2.2014756,5.9794636,125000
-0.87637526,0.8620904,-0.99180055,5.8338294,9.609921,135000
11.694428,-0.37697122,1.24735,2.957361,7.1702476,71990
-1.7765647,-1.3638244,-0.81151575,2.2368984,9.777847,80000
0.10069388,0.7256959,-0.3007799,3.0564802,-0.56879926,83000
10.95381,-1.6116675,0.6773946,5.2942157,7.6394067,409000
11.907998,0.9061442,1.2587838,2.6739213,5.7266054,139000
0.8423787,2.609704,0.60591847,4.0266895,7.990636,375000
0.75407845,1.4040505,-1.7718862,2.6153772,6.305113,135000
1.1993196,1.7148509,-1.7915511,3.0125847,6.0157638,252000
0.30219048,2.433914,0.36340773,2.8952355,7.2499638,162500
1.971031,2.1631248,1.0472718,3.4076772,7.831066,349000
11.4708185,1.1964327,1.8338372,3.4451916,4.9812903,190000
12.326732,0.4186348,1.8443241,3.9465003,5.5110164,126000
1.228437,2.2819524,0.5861809,3.1977053,7.5411344,249000
10.842546,1.2620779,-0.34274182,3.1884503,6.4123197,137000
11.445219,0.14869754,1.5767134,2.989128,6.2400303,87000
-1.0171596,-1.4363301,-2.6572995,3.4619875,11.136604,132999
1.01667,1.7055197,-1.318256,2.9529061,6.2633157,304000
1.5297658,3.497536,0.37854597,2.674293,8.022183,185000
11.526183,-1.875091,0.50963384,4.6043015,7.2476077,103000
12.362808,-0.7432163,0.3836399,3.1577308,6.9217467,110000
0.5954534,1.3848416,0.7419584,2.4133983,6.9039626,85900
0.26461443,1.3262087,0.56661314,3.9358606,9.941115,257000
10.616795,1.8676827,1.2098414,2.7398314,5.7682033,159999
2.8997424,1.767644,1.2597699,2.021045,7.602983,1000000
0.91154855,1.8476775,-1.252028,2.8719902,6.3492556,304000
4.660271,8.330704,1.5660349,1.6280777,6.557047,189000
-0.74747986,-0.2956433,0.95024514,3.4797328,-0.6504085,95900
11.370366,0.8037108,1.594913,3.6724467,7.2654233,230000
-0.7470186,-0.29781115,0.9445488,3.4790127,-0.6469923,93900
11.85084,0.6209642,1.5107546,3.735134,7.6479764,125000
0.8015183,1.6482466,-1.4521322,2.7665596,6.1737447,229000
1.9933287,2.3024027,1.2177439,3.1390479,7.7614837,330000
10.5829935,2.106807,-0.29910392,3.5294714,6.104462,71000
-0.0728365,0.5312707,-2.2273388,5.902007,10.577635,104900
11.898013,-1.5675238,0.11729054,4.1285033,7.2339807,124900
12.148113,-0.8637453,0.21470934,3.4746287,6.9903708,90000
9.601103,3.1209676,1.2898016,2.857539,7.172497,162000
-0.46154866,-0.118386485,-1.0394899,4.6050124,10.679506,245000
0.20064214,-1.5029091,1.7214848,4.460923,2.4078085,106000
10.649193,2.3921034,0.8436905,3.75512,6.9700294,184900
0.33467492,1.665015,-0.37733972,3.0345342,6.9016824,180300
-1.1057565,-0.79656774,-0.48695743,3.4984293,10.590294,84900
-1.7775582,-1.7896711,-2.3169322,2.7293808,11.93913,95000
1.0926218,1.6702887,-2.0021477,2.6433542,5.5691185,140000
-1.3460243,-2.4658797,0.3543893,3.139975,1.3508173,69000
3.177976,5.94211,1.4568717,2.1638966,7.623921,200000
10.59453,2.1271272,0.48983234,2.588628,7.796848,490000
10.982774,-1.6211891,0.91274357,5.327393,8.536218,310000
0.03331381,2.0571868,-0.04020566,2.903891,6.7912636,130000
11.402474,0.2520646,1.607858,3.0231328,6.34829,105000
-1.7926552,-1.7866552,-1.1691333,4.5090294,10.039537,119000
10.725475,-1.5565426,0.9251313,5.6260934,8.952158,611800
11.081431,0.3241986,1.6411438,3.4146788,7.286242,159000
11.488926,0.44737166,1.4896563,3.0550344,5.2362924,63500
-0.76628095,-0.5089489,0.0895287,3.3670294,10.142349,76000
11.960122,0.7291347,1.0396796,4.266575,7.831136,134999
-1.2122309,0.5091367,-1.4315655,5.9434648,9.723893,89000
0.90239936,0.7252263,3.0842822,2.7612424,10.164021,87000
0.67131644,0.5530387,3.0088248,2.6719704,10.258869,74000
0.2868749,2.2252555,0.3097,2.8555074,7.141951,298500
1.0550201,1.1286066,-1.7911195,2.6241412,2.6598818,91400
0.7729955,2.3962781,0.6495722,3.8881009,8.378315,349999
12.213989,-0.46656638,0.8699638,2.9047563,7.037676,158000
-0.23173338,0.6064203,-1.6960695,5.466473,10.657197,127000
1.5387217,3.3327029,0.70725846,3.876136,7.7883387,340000
2.067738,3.0955656,1.3203516,4.4423857,8.144037,1270000
10.704627,1.611087,-0.124580026,3.6788137,6.664094,159800
1.2306111,2.5140164,0.86930877,2.3767416,7.870863,175900
3.1455872,1.7794471,1.4321367,1.6299405,7.6294236,230000
9.539839,4.020582,0.79368234,3.9635735,6.659761,195000
1.9815519,2.126193,1.2193477,2.2589757,7.619649,240000
10.441225,1.5839496,1.54967,3.2912226,6.991937,395000
11.517615,0.12822203,1.5115405,2.981273,6.227299,90000
-0.3604919,-0.1579566,0.27392355,3.1353428,10.317325,64499
0.69797885,1.5397866,-1.3501298,2.574328,6.212056,176900
1.0726631,1.1292744,-1.7841725,2.6410267,2.5196743,146900
0.79417217,1.6913087,-1.1076733,2.623507,6.232924,176900
0.89048284,1.917126,1.0222453,2.4280434,7.569317,162600
10.699533,1.7863715,1.3610171,2.7941012,5.694885,109900
-1.2815738,-1.1186537,-0.43868494,3.5756812,10.127643,84900
10.895071,1.1544256,-0.17942496,3.1928654,6.4604177,173000
10.656594,2.157773,0.73594207,3.3947628,6.017419,395000
11.144872,0.18874922,1.4736869,3.595534,7.403639,149900
1.2118542,1.567283,-1.2178341,2.1685305,5.8627467,86500
10.776218,1.3179584,-0.57678026,3.0895903,6.3840613,124999
0.57421446,0.16231263,4.2938404,3.3518784,6.41003,127500
1.0533592,1.6182768,-2.9813938,2.1452866,5.268325,48900
11.881743,-0.89121443,0.8682977,3.5469372,6.975844,155000
0.97958803,1.6444864,-3.3037338,2.087262,5.3078938,49900
10.544233,2.4371514,0.9154939,2.657632,7.320062,349000
0.9647478,1.6417307,-3.2948792,2.0816488,5.3325877,49890
0.9842495,1.6173383,-3.201261,2.097333,5.334542,49899
0.9505163,1.4579848,-2.7970018,2.2035787,5.612156,49808
0.9216503,1.4465004,-2.8007653,2.2197998,5.6635995,49900
-0.9748664,-1.4202989,-2.4791543,3.535386,11.12487,88000
11.210459,1.6230426,1.5159545,3.1228316,4.7499447,155000
12.22472,0.9093076,0.76227444,4.3723865,8.258111,91000
11.023423,1.3860657,-0.7167176,2.6522255,7.036104,129600
12.44197,-0.56716186,-0.6189034,2.7363048,6.7274756,105000
11.360002,-1.7615541,0.55376107,4.7563834,7.2610526,93000
-0.23588556,2.016212,0.24750583,3.0527017,7.307704,189000
0.6945055,0.5860699,2.146839,2.8822012,9.824342,127500
-2.5582407,-1.3473643,-0.9589842,2.7144442,9.6712885,54500
10.049798,2.3453078,0.9657556,4.4151597,7.3060007,308000
11.036954,0.2522088,1.6720909,3.3253608,7.2005577,181700
1.1866542,1.8320798,1.354132,4.1636806,0.6349722,121500
1.1744928,1.2881925,-1.3233478,2.1253753,5.7212477,172000
-1.2766595,-2.929276,0.71570325,3.1749854,1.1863539,64100
11.301459,0.49468946,1.6115618,3.2833467,7.3849835,220000
10.9816885,-0.35927722,1.9622428,3.4579139,7.3442583,140000
1.0669675,1.6545007,-2.2356515,2.3560092,5.1625686,63000
12.296973,-0.49223873,0.7390276,2.9590416,7.008476,119999
11.536046,1.1645889,1.7006834,2.9677835,4.3666687,120000
10.604733,1.513469,1.3441211,2.9353914,6.064713,89999
12.5114565,-0.009612093,1.1553982,2.954636,5.9415336,73000
10.007393,2.3193843,1.1903076,4.181528,7.489523,930000
10.961988,2.1386833,1.206463,3.6632936,6.927809,175000
12.411654,-0.506155,0.556459,2.9012923,6.8057356,107000
3.240682,6.220158,1.603385,1.7264075,7.6993594,145000
9.835939,2.3042264,1.2030976,4.2509665,7.630891,450000
3.0489156,1.7123032,1.2217994,1.9218453,7.5779624,453772
10.929014,1.4802696,0.01584355,3.7190588,7.0326877,185000
10.598414,2.2955542,0.8650474,3.3624604,7.0677667,365000
0.9219184,2.2451913,0.7101096,2.258766,7.237228,290000
1.4510847,2.8955598,0.70849705,3.8622553,7.8300953,572000
11.950619,-0.043048862,2.4108727,4.739452,6.6498003,117000
-0.9903068,-0.60981005,0.016320046,3.1275747,10.120049,65000
12.198304,0.66897494,1.7347815,4.0822616,6.6425676,140000
10.445872,1.6836944,1.5285063,3.405078,6.940275,305000
5.206867,9.235842,2.1030307,9.706356,5.9043674,225000
3.0377607,5.7623386,1.4645586,1.962755,7.6513214,145000
10.77288,2.4968832,0.5951701,2.8338783,6.52186,259000
0.391771,1.5807812,-0.5352555,2.9802938,6.819993,213000
-0.2982504,0.22354697,-0.879003,4.6275225,10.877374,420000
11.587121,0.8271183,1.512459,3.6228297,7.5288997,260000
11.553901,0.31096497,1.5585518,3.0470011,6.4946604,115000
2.2077243,2.961234,1.4255427,4.280677,8.120078,1369000
1.5356715,2.9858391,0.795495,4.0089846,7.867319,1290000
3.1773007,1.7501048,1.3993596,1.6530632,7.6181283,420000
-0.45358858,-0.1419517,-1.035154,4.608258,10.627536,159900
10.664438,2.367534,0.6515802,2.4493253,6.8447638,222000
0.7141718,1.9335579,-1.2295996,2.6485822,6.4202075,195000
-1.2651343,-1.220063,-1.9356887,3.6289656,11.244874,117000
10.672268,2.3173592,0.20616528,3.5233617,6.6589465,159900
-1.8030145,-1.2291296,-0.674752,2.389724,9.793519,59500
10.780424,0.60663533,1.766138,3.2971222,7.114942,276500
10.414708,1.2669907,3.0470703,1.3125055,6.963813,117000
10.57013,2.3658135,0.55024976,2.8162575,6.527846,260000
10.660485,2.332954,1.3233688,3.0240083,7.127512,298000
12.197282,-0.41176924,1.0687389,2.9499648,7.021186,93000
11.930617,0.2169214,2.254376,4.034097,4.8394423,80000
0.6174702,1.4119295,0.70955384,2.4032655,6.9133935,158900
2.3211172,2.1740518,1.4237894,3.0590594,7.7850513,1300000
3.2857456,1.659802,1.2710644,1.7341272,7.570705,1950000
-0.69688183,-0.115616396,1.1296862,3.4728992,-0.5425572,180000
0.8319032,1.8145498,-0.52982986,2.4895914,6.419863,224999
10.446432,1.656852,1.4786302,3.482169,6.942305,454999
3.1524448,6.2499394,1.6754272,1.5726734,7.8024597,166270
0.19610874,2.2008607,0.2931016,2.879852,7.2354374,229000
-0.97630155,-1.2742747,-1.7430279,3.8277423,11.005201,99000
11.431681,0.34518746,1.5948255,3.0508175,6.693914,138000
-1.8411814,-1.2889878,-0.76903766,2.304849,9.754535,42900
9.674017,3.9552803,0.7720762,3.9588883,6.5848937,115900
-2.199974,-1.1147212,-0.7052606,2.5336502,9.679231,103000
9.35592,3.383787,1.4164294,3.058476,7.3012743,149000
9.622031,3.9985993,0.7854016,3.9773405,6.618521,195000
0.91977,0.7435992,3.15633,2.7412412,10.205067,63000
10.06659,2.2733066,1.0153288,4.3946576,7.30096,280000
10.7511425,1.7288625,1.7391952,2.4323509,7.1087475,118800
0.9004063,0.7313157,3.1588242,2.7388582,10.224776,63895
10.679869,1.4096882,-0.5689225,3.5646331,6.353485,130000
11.588648,0.534143,0.51326776,4.7197056,7.791862,124990
11.498421,0.02184342,1.5622356,3.0577853,6.071474,45000
2.0178177,2.1495316,1.0734051,2.956061,7.6896086,358000
-0.9095528,-1.7694038,-3.0871298,3.1857617,11.098874,89000
1.5909119,1.2677937,3.929525,2.8248937,10.6087675,184000
0.7771775,1.9010817,-1.9516425,2.753878,5.8249407,150000
1.1400906,1.2619146,-0.2209325,3.1421194,6.2598357,155000
11.595461,-0.4203326,1.3187999,2.7465901,7.0874877,92800
12.194083,-1.032834,0.29169977,3.5309017,6.94847,124000
11.641436,-0.38329852,1.2856716,2.6894505,7.097216,103900
11.825776,-1.1083655,-0.53301436,4.0848503,6.8857975,97800
0.75193065,1.8433194,-1.2001469,2.5558987,6.3173923,178900
0.13601016,2.166531,0.26406392,2.898858,7.238111,219000
11.352191,0.107511654,-0.23174287,4.3545036,6.497908,164900
0.932364,1.8385091,-2.3399987,2.5558763,5.2975674,128900
11.508776,-0.86101884,1.2059429,3.3686833,7.44822,88000
10.796507,2.160607,-0.33536157,3.1226902,6.2947173,151500
10.972808,1.3617878,1.6255285,2.1425118,7.019171,299962
0.6789914,0.58348715,2.1266022,2.884736,9.824276,112000
0.84632504,1.8490244,-2.0535724,2.754371,5.6748405,125000
-1.3756975,-1.1829156,-1.7762815,3.469005,11.25749,135000
10.791214,1.3907582,2.288409,1.684847,6.8325458,99900
2.5131683,2.0159369,2.4932234,3.7904632,8.429696,630000
12.027968,-1.367553,-0.5651539,3.9259005,6.996805,64990
12.24085,-0.58246624,-0.4347402,2.9579673,6.7193785,84999
0.13034394,1.2505107,-0.22861926,4.8981757,10.318525,223500
11.263449,1.6816075,1.6533674,2.6663392,4.843125,75000
1.0190201,1.2491666,-1.6867855,2.2572656,6.0646234,120000
-0.027506946,2.118177,0.07195182,2.9958105,7.011366,230000
9.632047,3.9952996,0.7836461,3.9757767,6.6105075,179000
-0.91778696,-1.6596478,-2.9689844,3.282146,11.097432,99599
1.1242487,1.9054816,0.6909916,2.105044,7.0157824,169000
12.444526,-0.57244474,-0.6122917,2.7278755,6.7225237,64900
11.535509,-0.83509,1.3668606,3.014138,6.9160366,69500
0.02664591,0.5441733,-2.223947,6.0280867,10.531627,118899
10.510908,2.0629535,1.1379099,2.6979625,5.7650003,128000
11.4368925,-0.4752394,1.7071702,4.3428364,5.7865663,135000
10.5408945,1.5045196,1.5927391,3.2960634,6.9151974,375200
10.711928,1.3015474,-0.5449043,3.0887444,6.4001627,140000
3.6771505,7.0107903,0.7562408,3.3529658,6.85949,398868
-0.92751676,-1.6369786,-2.9447849,3.2965956,11.112045,109900
-0.55796367,-0.31422508,-0.025218705,3.376285,10.365757,141000
-0.038947046,0.47119808,0.8359362,3.0382009,9.685117,199750
11.693773,-0.9184377,0.9174853,3.4549336,7.2177253,139000
11.090878,-1.5001723,0.9220103,5.117188,8.555694,550000
9.578571,4.0639324,0.8410169,4.026582,6.6453166,215000
11.909691,-0.6680294,0.04891384,3.876566,6.865304,114500
-1.3405879,-1.1538093,-1.2418573,3.4326367,11.137654,92000
12.4654,0.0049717817,1.1274272,2.9665866,6.061101,119990
-0.5646725,0.63496107,-2.0170226,5.57741,10.595422,135000
11.492601,-1.859812,0.5220013,4.6276803,7.234533,103000
3.8391252,6.9952016,0.8860543,3.1593745,6.9879293,518892
-0.26568088,0.98952967,-1.4089212,5.476782,9.779317,178000
11.617469,-1.0148985,1.02747,3.5028448,7.3456492,82000
9.794702,3.197902,-0.13663614,2.884316,7.197222,144668
-0.95942086,-1.5003889,-1.8138521,3.6526675,11.2800455,92000
11.546774,0.28127143,1.6432447,2.985656,4.466608,49000
-0.15993881,0.3983272,-0.33094272,4.2856073,10.654332,225000
10.729692,2.5723248,0.13109343,3.2778454,6.198303,142000
10.914897,1.6855097,1.3850567,2.6262596,7.262674,121000
11.487117,0.18131852,1.5514834,3.006553,6.1171055,86900
-0.32887253,-0.22462805,0.39228767,3.1633503,10.188432,139999
0.74225485,1.8526261,-1.2249637,2.548348,6.321872,178900
-1.8032681,-1.809981,-2.3417344,2.703452,11.968344,96999
11.972687,-0.46303025,1.6625735,3.4435077,4.6672726,55000
0.25334552,0.8459079,1.8155643,4.084609,0.9023127,164000
1.677438,1.2529507,4.0964007,2.8158245,10.776924,164000
11.496567,0.41891435,0.5546247,4.6988387,7.6300344,214000
9.589036,4.0452104,0.84936124,4.045892,6.6558185,350000
11.6122055,-0.7233601,1.3454454,3.1117387,7.0276456,87000
1.2259159,1.8278747,-2.9314132,2.39507,4.911999,72999
10.519808,2.2510045,-0.23152956,3.573504,6.0686073,159900
-0.8270634,-1.2535601,-0.097688414,3.2250042,10.037518,85000
10.004973,2.287561,1.0227838,4.3859825,7.35366,349999
2.9328325,2.675955,2.2841866,4.3832817,8.231375,400000
1.8431993,2.9666927,1.2411733,4.4533076,8.277533,445440
11.258344,-0.51562166,0.37039825,4.3259745,6.525646,119900
12.373816,0.04165602,1.149584,3.1602464,5.824386,75000
9.873241,2.252525,1.2515916,4.1690507,7.594178,499000
10.119568,2.163504,1.2604733,4.077355,7.455842,475000
1.1429925,0.8916281,3.3711264,2.785694,10.258057,102167
1.098645,2.4011686,1.0246388,2.4254618,7.8686194,220000
-1.6389903,-2.615986,0.1559646,3.132836,1.4010532,58000
10.998866,1.1934214,1.6972488,2.0988147,6.997908,125000
11.848707,-1.2133911,1.0455382,3.0912724,6.5712857,78000
12.141899,-0.4488502,0.8654957,3.534644,6.8967266,78000
11.573243,-1.3663938,0.57663584,4.296325,7.5055017,170000
1.0351193,1.8822262,0.66092116,2.1673286,6.960089,260000
11.597088,-0.8358273,1.2985524,2.9622972,6.9381776,70000
11.396197,0.77250695,1.5494553,3.426833,7.4730477,309000
11.428182,-1.7663718,0.53724277,4.6941643,7.1846232,79500
11.544258,-0.85883313,1.3498335,3.044152,6.912777,67500
10.38251,2.4029865,0.4082551,4.075931,6.799009,255900
11.453235,-0.7211838,1.3672867,3.2583416,7.075034,156500
12.113632,-0.89985764,0.4234265,2.9337058,6.6494884,80000
4.4969897,7.746822,1.4883659,1.7678531,6.8359237,220000
12.178101,0.8956107,0.75327456,4.36992,8.217237,123000
11.16794,-1.7082319,0.6391206,5.4450917,8.061872,220000
2.782718,2.6303725,2.210655,4.2810583,8.193024,890000
-0.2772875,1.1250827,-0.27804998,5.0159183,10.086679,205000
-0.44269836,0.76515317,-1.8739198,5.420289,10.760636,89000
0.20262021,3.574288,1.1921351,3.5790918,7.195516,132338
1.520042,1.1930578,-1.2680799,2.4580064,5.786954,129900
11.11045,-1.4731631,0.9416869,5.0393114,8.535148,310000
11.77482,-0.6566197,1.2050546,2.8226826,6.9733043,53990
-0.5546236,0.24700798,1.61508,3.490077,-0.47112316,86000
10.982924,-0.37033507,1.9567347,3.463047,7.3401775,125000
-0.25877297,1.0696751,-0.36595967,5.404182,10.408999,99000
10.683422,2.3389776,0.06357521,2.875312,6.0947914,170000
11.409632,-1.7607734,0.57231694,4.6965065,7.185369,103700
0.56754273,0.39155632,4.201682,2.378912,11.1823845,115000
12.565782,-0.16099672,1.1415502,2.9542859,5.873688,89900
12.046171,-1.3935543,-0.5310163,3.9213576,6.9752297,138999
10.774616,1.4180708,-0.7631139,3.152239,6.3874693,63499
-0.13773097,1.0810425,-0.026031453,4.664074,10.365394,105000
0.12707694,1.0706679,0.39358276,4.0983896,10.26538,120000
0.2474955,1.05303,0.028769705,4.7933974,10.37822,99999
-0.06025956,1.12351,-0.40088573,5.7100115,9.991155,159000
-0.44921866,-0.2640294,5.576048,3.108429,6.4884133,70400
-1.4982146,-1.1925155,-0.68067384,2.239551,9.8020115,65000
0.74551463,1.8379372,-1.1997079,2.5516129,6.3200436,176900
11.28263,-0.8473194,1.4699316,3.9821036,6.619034,70000
11.246079,-1.5293933,0.90803033,4.744445,8.155958,165000
-0.37423885,0.9265031,-1.610456,5.7155333,11.264836,138900
-0.20412305,-0.19776565,-0.34218687,4.254891,9.81001,268000
11.902407,0.68143535,0.93933403,4.3659706,7.8200855,78000
1.6036348,1.1949877,4.0288715,2.7729528,10.701628,148700
2.7521882,2.6250055,2.1862206,4.266619,8.184538,1999989
12.348928,0.26687422,1.4121568,3.2922065,5.810939,119500
-0.55293816,0.23197164,1.5991542,3.4844134,-0.46505642,114400
-0.7901303,-0.642997,0.08878037,3.291572,10.169262,71900
-0.8880037,-1.4943535,-0.31423813,3.2319775,10.093636,114900
10.711296,1.4153419,2.3633375,1.7127727,6.9188237,113800
0.022759411,1.0541655,0.15634486,3.4090917,-1.2597576,76725
-1.1772653,-1.4917674,-0.4705744,3.1086721,10.475672,82000
10.721282,2.3444605,-0.3096232,3.1805596,6.2493343,179000
11.707501,0.67620933,0.5347761,4.7128825,7.9536967,149000
1.5664079,1.1552228,3.089929,3.0670688,9.723875,181262
0.22466418,1.4963186,0.7622047,3.2021472,8.995254,161398
12.557598,-0.8154735,1.2581465,3.5043979,5.290063,123000
1.2146326,1.8574195,1.3830091,4.2312837,0.63948196,100500
0.9456982,0.7663414,3.1734223,2.7320702,10.216965,65975
-1.7155448,-1.1256313,-0.53512216,2.8163426,9.99173,58500
11.103797,1.7337716,1.7387224,3.016982,4.9993086,109000
10.751795,-1.5490401,0.9094975,5.606878,8.926144,649900
11.107082,1.7363421,1.7394284,2.9708116,4.953368,133500
12.305333,0.7180193,1.7668669,3.962854,6.1408424,170000
11.456913,0.7994081,1.6058367,3.5756848,7.393785,255000
3.111974,5.893891,1.4983896,1.9339662,7.658972,180000
-0.37968555,-0.7531407,-0.74792445,4.3399415,9.670655,129500
3.1735399,1.7887106,1.4565101,1.592879,7.633495,386000
0.4520344,1.8307232,0.65223056,3.6383038,9.082821,176800
-0.011094823,0.9831776,0.2268344,4.0903144,10.328024,255000
12.4370575,-0.6062672,0.40735114,2.9438965,6.8664403,118000
0.8130946,3.3436334,0.15866669,3.2102253,6.959682,117500
-0.48465738,-0.1895362,0.34291926,2.8839593,10.200114,72900
11.398608,0.22390257,1.6232876,3.0161557,6.335343,109000
-0.20647828,-0.2735107,-0.7283912,4.7586517,9.500928,159000
1.0499469,1.679502,-3.199758,2.1717622,5.2200665,49500
1.1811353,1.7359742,-2.3978689,2.3706114,5.2115736,57999
1.1712891,1.1274077,-1.8341359,2.2703323,6.0025134,137900
0.29588082,0.65630937,-0.16703233,5.445057,10.566861,115000
12.160438,-1.4609172,0.9536617,2.8337796,6.011463,58000
11.943,-1.3816341,1.0096682,2.9231553,6.3355,56900
0.9051442,-0.46593934,1.6047401,4.6289144,2.0884356,167000
11.769264,-1.3990256,0.2293658,4.208498,7.020426,158000
0.5136092,0.3461861,4.2276397,2.4780996,11.07729,117000
12.130922,-0.7690675,0.16265741,3.4358883,6.9277987,135000
0.5208895,1.4656801,-1.109285,2.6759138,6.643361,149999
11.600172,-0.041603047,-0.6406372,3.2329195,6.549369,83000
0.72465104,1.7942646,-1.482082,2.585126,6.3680763,115000
11.930402,0.2164705,2.262406,4.0422826,4.813725,61980
-0.17458712,0.39656675,-0.28643546,4.220915,10.644129,255500
11.434221,0.32821697,1.5922959,3.2163239,7.380815,229000
11.463037,0.44977438,1.4822712,3.0639641,5.27951,80000
11.514619,-0.8360458,1.3660551,3.0453594,6.935532,25500
3.6499166,6.9036093,0.8275054,3.2948189,6.8675237,334000
-0.907718,-1.2943769,-1.0756483,3.6113024,10.4635315,79900
-1.000917,-0.6815034,-0.26218644,3.4792278,10.238057,165000
12.247166,-1.4137837,0.96144915,2.7724097,5.9289203,68000
-0.51244074,-0.6885268,-0.6778709,4.210255,9.831372,118900
11.6221285,-1.4567766,0.6397211,4.1160846,7.5164537,60000
11.786718,-1.1053733,-0.59928477,4.0867777,6.837153,97499
4.6895437,8.378552,1.5906945,1.6063966,6.5285816,245000
-0.88278466,-0.90223104,0.017700547,3.3325076,10.138124,113500
0.69466484,1.4256802,-1.6723667,2.5769243,6.311815,124000
4.654843,8.321093,1.5673854,1.6260626,6.5625453,245000
-1.2484815,-1.3381354,-0.41775903,2.9390523,10.192509,75999
12.24701,-1.4356536,0.96983683,2.7823234,5.9002795,87000
2.5098145,2.9456737,1.7568944,4.44796,8.219106,890000
2.374346,2.9397113,1.694312,4.454912,8.283309,890000
-2.2279227,-1.6776463,-1.629563,3.7191477,9.694411,110000
12.433349,-0.5607662,-0.5672785,2.7563925,6.743334,112000
12.696763,-0.87889045,1.1596947,3.2038302,5.185159,99500
1.2622102,0.9662906,2.8408015,2.9875548,9.799862,187900
-0.11373134,0.1268151,0.8779709,2.9959,10.027044,130000
12.294948,-0.6009222,0.5448951,3.1880746,6.970606,159000
2.7509246,2.7898436,2.0680177,4.4145994,8.206786,1550000
11.9019575,-1.6165681,0.49520916,3.5452874,6.94048,85000
11.916948,0.83666724,1.4093825,3.6770773,7.574794,128900
11.29781,0.32180008,0.27984545,4.9475403,7.664877,217000
2.277623,2.7765098,1.4790834,4.0203223,8.045262,750000
-0.9408049,-1.4823059,-0.30843067,3.2524865,10.081936,149000
2.2607453,2.77656,1.466484,4.0170817,8.039377,750000
0.05038335,1.2175168,-0.3223361,4.9316144,10.370336,245000
1.4508588,2.8541014,0.99317706,4.1825414,7.691489,590000
0.41941074,0.2550577,4.410219,2.3198564,11.396502,112000
2.2914073,2.787075,1.4956276,4.040433,8.0542755,800000
-0.32688576,-0.25727528,7.04591,3.2111268,6.667487,112000
-0.2632573,-0.24002029,6.993931,3.2217162,6.6833553,112000
-0.9202556,-1.6697551,-2.9808223,3.2721372,11.106011,104000
1.51086,3.1980581,0.7159402,3.8749628,7.789439,600000
0.742778,1.8364737,-1.2082582,2.535485,6.315048,176000
10.873467,1.2909151,-0.646639,3.3606708,6.449781,85000
1.9870173,1.4465805,6.1814127,4.5035553,4.901898,159000
11.389861,0.8512092,1.8074901,3.2147713,4.5325522,83000
11.713404,-0.22915062,1.4052216,2.914861,7.2783966,97500
2.298992,2.9079463,1.6578068,4.468105,8.277818,390000
2.8541799,2.5555592,2.3353925,4.291153,8.237489,550000
12.205611,-0.9157349,0.8040938,2.746671,6.358431,62000
-2.422414,-1.4324205,-1.0913427,2.8061628,9.691896,64000
11.962597,-1.5486988,-0.16763037,3.9280446,7.0552306,105000
11.898638,-1.6667274,0.5016854,3.510506,6.9139047,35000
11.208066,-0.118985265,1.6354738,3.4843018,7.4343324,150000
10.659551,2.3430061,0.67921567,2.5316706,6.6372304,320000
2.9695206,2.6730394,2.3482833,4.409602,8.249472,2000000
-0.9213979,-1.3954424,-1.0020852,3.5209196,10.427398,182000
11.966872,0.6283137,1.3646406,3.8499212,7.7422338,260000
12.090803,-0.593929,0.86659646,2.9776795,7.1349688,149000
-0.31396872,0.619972,-1.851214,5.4216,10.702333,97000
3.8743067,7.013126,0.9806469,3.0080419,7.033097,670000
0.27612668,1.0324243,0.034630854,4.815589,10.381047,120000
4.402466,7.901289,1.4385029,1.9591101,6.7467623,668000
11.286558,-1.3694966,0.8421806,4.831043,8.331577,128000
1.3302823,3.277002,0.3208494,3.8563495,7.6599746,359900
-0.52095276,0.26071972,1.7001686,3.5277367,-0.38298008,88888
11.878646,-0.3708844,1.2888637,2.941863,7.1399364,74000
11.144312,-1.414125,0.94069964,5.0149226,8.567069,197000
12.303573,-0.6084967,0.85848415,3.1301987,6.806442,118500
10.080701,2.2809906,1.1701771,4.108717,7.4753504,850000
0.83087,1.8552108,-1.9908736,2.7518876,5.7241054,197000
12.121608,-0.90356576,0.5333562,3.535551,6.6111665,97000
11.465365,0.14935803,1.558782,2.9670296,6.227263,99000
12.193595,-0.35712403,0.98707944,2.8810718,7.025863,75000
0.1774887,0.40048108,0.8547341,3.0347295,9.435395,149999
0.31021303,1.6741209,-0.35972258,3.0188386,6.907721,180300
-0.3068742,0.009329436,0.54162127,3.1269703,10.064003,144900
11.373999,1.3941174,1.8390337,3.4073343,5.052482,143500
-1.6379095,-1.6712291,-1.047279,4.307521,10.061875,144900
10.959556,-1.615818,0.66841894,5.2765083,7.5848365,197000
11.793528,0.67130744,1.5558249,4.258157,7.2845774,105000
11.77472,0.6753157,1.5814096,4.227848,7.305987,105000
2.0048895,2.1610558,1.1899446,3.053988,7.788385,1390000
-0.4421492,-0.25180522,0.75539744,2.5876548,10.104024,63900
12.053516,-1.4267997,-0.5441619,3.9277153,6.977458,134900
-0.6988607,-0.43142688,-0.21597363,3.389312,10.604742,170000
3.5230334,6.8817143,0.8499007,3.2924051,6.754069,225000
-0.092153676,0.9926366,0.31001937,3.4200513,-1.2665861,76725
11.069643,-0.4551353,1.8149322,3.5835254,7.2434287,130000
10.810801,0.7777904,1.1073012,2.8894207,6.0746903,69421
12.360431,-0.4716616,0.8779913,3.1409302,6.616813,99800
1.0773492,1.4906226,-1.7577381,2.299287,5.354819,204990
1.0868341,1.6958098,-1.274496,2.8861659,6.174362,187000
0.59488094,0.47300974,1.2984958,2.7574196,6.5334454,116000
0.03219746,0.54953194,-2.2209404,6.028892,10.534994,141900
-0.2506564,1.0034839,-0.278524,5.0067234,10.290487,165000
10.954455,1.4563153,-0.70742446,2.6375818,7.0725226,93900
-0.34480074,1.0344645,-0.4119283,5.2541595,10.652285,159000
0.2786244,0.6981285,-0.13573231,5.339694,10.417731,121900
10.581123,2.5206954,0.07376535,3.4190407,6.109565,114900
11.878039,-1.4869666,0.105132535,4.128428,7.0602,154500
10.942754,-1.5843394,0.7719075,5.6560745,8.744793,129999
12.008312,-1.3169056,0.52195615,3.306065,6.673854,95000
-0.6111106,-0.3280204,0.14859003,3.3442004,10.1727495,114000
11.374288,-1.0568,0.72485507,5.20699,8.24752,137000
11.5032015,0.6687967,0.6647545,4.6227183,7.718078,156900
1.391559,3.4865322,0.3804004,2.9298284,7.97613,279999
10.960895,-0.32210547,1.9426335,3.4732893,7.328949,157000
0.1359454,0.931031,-0.23532657,5.101836,9.985107,155000
0.811134,1.8628995,-2.1563785,2.755935,5.7248473,134000
3.7267296,6.8820243,0.93438995,3.1456733,6.9822917,299900
-1.2556047,-1.2301999,-1.9154865,3.6404412,11.225526,105000
0.1816213,1.0093122,0.068949,4.7722054,9.947598,280000
0.92147046,2.3402328,0.69665,2.620135,7.1861787,215000
-1.7486141,-1.2928795,-0.6862538,2.3039622,9.848313,69900
1.0777733,1.219313,-1.7767857,2.227007,5.9726877,137500
-0.9056511,-1.7783871,-3.1050785,3.1824205,11.103648,112000
0.62184715,0.44086024,4.106613,2.4104483,11.095386,89950
4.3143163,7.660685,1.437806,1.8390337,6.899711,127500
0.16666475,0.87264806,0.025810238,4.921514,10.084576,129900
1.4094019,3.5897095,0.32090986,2.9061177,8.02397,259000
-0.20766465,-0.38656688,-1.011969,4.864595,9.4819765,137000
-0.98588836,-1.4701991,-2.7350874,3.4157445,11.107985,138000
11.380207,-1.7823718,0.5409192,4.7192974,7.2230988,115000
11.763726,0.46568793,0.81501,4.584965,7.94654,115000
11.517237,-1.2909261,0.94602966,3.8683915,7.4970236,90000
10.313633,2.0529175,0.61777663,4.198816,6.892503,369900
9.610548,4.047319,0.8795558,4.0733967,6.640768,350000
11.454311,-1.9191313,0.44589746,4.5087667,7.101576,125000
-0.27085057,0.06769344,0.5302059,3.0834224,10.058407,92000
-0.6826658,-0.23702423,0.11550183,2.9947855,10.261179,95000
11.106868,-1.4960029,0.9311798,5.0470357,8.527988,480000
11.042029,0.2080615,1.7272828,3.3500679,7.246194,139000
-1.2991548,-1.0362982,-0.916722,3.4449875,10.99801,105999
2.1008086,3.1216083,1.1652205,4.490892,8.264038,430000
10.464435,2.1162279,0.3692151,4.0955095,6.720343,255000
10.671818,1.3124964,-0.5505981,3.6675477,6.3518033,134400
11.85098,-0.7715627,-0.43471673,3.7749634,6.779273,100000
10.745307,1.8623375,1.5915197,3.4081419,6.740417,200000
-0.5156043,-0.7929515,-1.0390135,4.3567376,9.899241,85000
11.548177,-0.82603854,1.1782534,3.3502712,7.4654584,114900
-0.13449316,0.53982484,-2.207162,5.858087,10.578951,146900
0.7420667,1.7133148,-0.46798795,3.4496572,7.020822,284950
0.77371347,2.3717024,0.6645502,3.8697248,8.420115,329990
1.071005,1.476114,-2.4292297,2.3052306,4.3680816,79500
-0.5287569,-0.20564471,0.44883576,2.7388365,10.131476,80500
12.322338,-0.80900925,0.44243056,3.2246568,6.987135,149000
11.380369,-1.5702951,0.79403716,4.525867,7.6330624,119900
0.68003625,2.4848497,0.027012538,2.843694,7.0256953,196000
9.822023,2.2454739,1.222076,4.2634096,7.6246343,515000
0.5077683,0.34218386,4.208977,2.4550617,11.134201,76000
11.522141,1.1631249,1.7040025,2.97317,4.376696,115000
11.647165,0.9398173,1.768864,3.492624,5.0724187,75000
11.013006,-0.33062014,1.9250691,3.4341462,7.3498063,124900
12.111807,-0.6495442,0.72998637,3.3346083,6.962719,79500
12.478972,-0.56375575,-0.6471206,2.701723,6.753909,117500
11.395296,0.4042581,0.24692811,4.963622,7.776153,95500
-0.5134533,-0.41370606,-0.2172275,3.5243723,10.394074,129500
-0.0075190575,0.7133831,-0.27958754,5.2961855,10.208292,124500
-1.0048544,-1.4610529,-2.6965835,3.418856,11.116767,94950
10.8314085,2.038773,-0.37150353,3.1524029,6.3454204,173000
9.633108,3.9931276,0.7842485,3.9747298,6.607144,195000
0.0712911,1.6036394,0.57049376,2.7568188,7.2223887,155000
10.555514,2.2264438,0.75751346,2.6952596,7.608944,669990
10.754333,1.2999746,-0.6780083,3.1026146,6.402466,102400
3.223622,6.1750484,1.5978758,1.7660741,7.7045827,129990
0.03877825,0.68030083,0.16872813,4.102924,10.437569,125000
1.0137074,1.3734697,-2.320663,2.6637442,6.121024,71500
2.0230234,2.142582,1.0609648,3.0965567,7.672637,379000
10.480532,2.549224,-0.28292778,3.4355643,6.148563,74000
1.3918946,3.058613,0.60778445,3.9326777,7.8773103,359900
12.27485,-0.39673057,0.94297904,3.0389402,6.7516913,94900
1.9893894,2.9887304,1.3582085,4.3966436,7.9758334,720000
1.9829613,3.0348382,1.2150894,4.2190924,8.063812,585000
0.33308032,1.6629611,-0.38709444,3.0392377,6.9016075,180300
0.8451997,2.3776152,0.6558772,3.5268044,8.622668,310000
10.419814,2.4478726,0.8722265,2.3546484,7.559255,315000
0.68580586,1.4123851,-1.6441953,2.5646012,6.3246784,135999
0.06502889,0.56026113,-2.2191162,6.057422,10.535989,90800
10.952654,1.3180187,-0.64653325,3.0093071,6.6520767,140000
-0.8801701,-0.98620564,-0.88395035,3.6653872,10.490008,115000
-0.38640398,1.0150255,-0.42567196,5.2454147,10.675345,94950
0.9455192,1.4146084,-2.7563717,2.1962593,5.6480913,48988
1.5588725,2.853313,1.0992069,4.2687526,7.7039213,429800
-0.26380953,0.578434,-2.1093364,5.644389,10.664603,130000
0.8583993,1.8376312,-2.0685158,2.7264774,5.6526337,190000
-1.3352498,-1.1062651,-1.073214,3.438092,11.056875,95000
0.0425378,1.0655231,0.21130452,3.4236465,-1.1844567,76725
11.182952,0.5097411,0.27681744,5.07113,7.82483,149500
-0.16374746,0.43761808,-0.26401526,4.2088637,10.650395,120000
10.540722,2.3606858,0.57051516,3.9316866,6.8695393,300000
0.026750833,1.0624847,0.1722339,3.4051178,-1.212552,68740
12.443466,0.68150294,1.9385229,4.1426773,5.9296107,135000
10.654312,1.7858604,1.5140654,3.4613373,6.947031,338650
-0.7089604,-0.93246895,-0.10124244,3.1205695,9.991997,190000
11.575656,1.6109836,1.2722535,4.023281,7.392013,145000
-1.100272,-1.5320431,-1.7592725,3.479464,11.335716,122000
-0.22517744,0.63021034,-1.5824777,5.4094596,10.607206,115000
2.1220908,3.1229122,1.3779318,4.4622054,8.109607,950000
11.74917,0.6093014,0.8707928,4.4985127,7.779194,115000
-0.93189657,-1.4716673,-0.29469413,3.2316308,10.070311,116000
1.1980373,1.8662473,-2.9080036,2.4336548,4.9353604,82500
1.2170542,1.7484597,-3.031464,2.3022814,4.914627,57998
11.857938,-0.7687595,-0.50993836,3.7607448,6.747372,95000
-0.4073238,0.7283043,-1.4602044,5.262767,10.741112,249000
-1.2360106,-1.4457195,-0.5290806,3.1262054,10.545204,94900
1.9691484,3.07082,1.2574558,4.442671,8.179778,850000
1.5099126,1.4077898,-2.0942445,2.8434396,5.7525797,135000
10.754229,1.8041456,1.7328368,2.242378,6.747827,130000
3.1072023,6.2013535,1.7074878,1.5385066,7.846822,95900
11.452856,0.7493583,1.6023209,3.50327,7.349206,259000
10.761155,1.855475,1.2108849,2.8004227,5.7512465,159900
11.174409,-1.4167519,0.88788927,5.05859,8.516092,135000
-0.2220603,-0.28783336,-0.7925543,4.789421,9.489254,225000
-0.92192763,0.6600313,-0.98488516,5.781569,9.493318,144900
1.3061358,2.9626997,0.6177374,3.9421866,7.8559957,620000
3.5690374,6.894252,0.9533985,3.1251116,6.8395195,225000
0.4500175,0.27327472,4.23794,2.4502075,11.165278,91750
2.0299084,3.073978,1.2663678,4.2960644,8.056398,440000
3.9590557,7.116513,0.9901771,2.9513683,7.0143647,340000
10.974967,1.4057938,-0.67462444,2.655045,7.048877,126900
10.652938,2.340472,0.75349224,2.993765,6.982111,209999
0.38341492,0.91917056,0.41416883,4.25243,9.4219055,310000
10.930081,0.22196715,1.7769687,3.3071055,7.151738,215000
10.798187,1.7330915,1.5566556,2.9447517,5.425006,120000
-1.0692333,-1.3374106,-2.4528885,3.53451,11.106293,112000
12.429284,0.6791036,1.9351794,4.13991,5.927659,132000
1.4571853,3.0260985,0.65138865,4.0343833,7.8760595,550000
-0.26417574,0.059786394,0.6186507,3.0382707,10.02496,189500
3.284548,1.6594256,1.2725137,1.7332923,7.5720954,1290000
11.9667,-0.3301237,2.395353,4.6833777,5.0383983,106000
1.3462055,2.818131,0.59727067,3.812543,7.8308315,360000
0.5131356,2.9957945,0.21437415,3.015101,7.019392,180400
4.335633,7.6691513,1.4429682,1.820342,6.895621,151998
-0.6128937,1.0520737,-0.8340925,5.8410006,9.782999,132000
10.657914,1.481152,2.6264305,1.5744245,6.6859875,129000
-0.67774916,-0.39597577,-0.17310314,3.3714058,10.587013,119900
-0.30685413,-0.19587617,-0.7443895,4.8211746,9.602917,140000
-0.26509556,-0.004686765,0.5296929,3.0920944,10.059142,96000
-1.7354503,-1.7423866,-2.265274,2.7826746,11.861118,125000
-0.19317266,0.9043624,-0.2589526,4.8795533,10.139781,139000
10.483454,1.6791794,1.3925465,3.7107074,7.039896,570000
0.10223841,0.5836819,-2.2121174,6.0699844,10.565739,93700
0.655043,2.147433,0.6429948,3.6854272,8.78621,470000
9.62061,4.0068355,0.79005975,3.9847834,6.6185064,265000
1.1945206,1.7285908,1.4699622,4.2036157,1.3302227,180000
11.3864765,0.23608886,1.6319836,3.0297143,6.3590198,115000
1.1859286,1.7151495,1.4490091,4.052536,1.1317903,112500
-0.06065747,0.5373706,-0.6220875,5.278492,10.381926,135000
11.975994,0.690518,1.4545408,3.734318,7.5086417,105000
10.45099,2.0929868,1.1205761,2.6219966,6.0243387,135900
0.12887077,0.8657338,0.25561392,4.1978707,10.341753,129000
11.982605,-0.5120522,-0.3070955,3.205667,6.6484065,75000
11.698056,-0.21131502,1.4245037,2.9470646,7.315444,105000
1.666205,1.2386094,4.1764536,2.8341691,10.8089285,110500
-0.41611204,0.7514957,0.2287651,3.4519572,10.609934,124900
1.0774404,0.8779708,3.3430192,2.8407874,10.360997,208000
0.68452716,0.5840431,2.136853,2.8835945,9.827886,113000
0.8582224,0.7144246,3.1364803,2.7669415,10.236876,123000
11.94673,-1.5436462,0.8817152,3.2236466,6.312027,30000
1.2294347,1.779284,-2.9573355,2.3630443,4.830179,72800
0.9977232,1.6398777,-3.21836,2.105708,5.3025084,49000
11.445667,0.33860978,0.22182882,4.948414,7.7958717,117999
11.73455,-0.41709948,1.2811013,2.9449303,7.1767235,79000
9.487806,3.2304757,1.3663958,2.9437826,7.250101,239000
12.152027,-0.052212413,1.1448437,3.3143346,5.503116,39000
9.699648,3.9206994,0.74236023,3.9353485,6.5697603,115000
0.23912573,1.1807741,0.47760049,4.0500846,10.127428,265000
3.8881454,6.951695,0.9058968,3.1475093,7.091862,515000
11.3749275,0.85788,1.5991658,3.6495938,7.270407,245000
-0.15286033,0.46974358,-0.3423214,4.2955384,10.691182,250000
-0.6065486,0.28772166,0.101857305,3.3148658,10.454564,60000
11.741725,-1.0851442,0.8456847,3.634419,7.232003,130000
12.1611185,-0.8379131,0.48435563,3.4945016,6.834869,130000
11.792421,0.6460837,0.61568606,4.6774497,7.985296,139900
10.943639,2.0296001,0.9556725,2.4811475,5.093374,110000
0.08253332,0.7175163,0.21270235,4.1606336,10.407596,98000
2.081426,2.1320305,1.2690283,2.344772,7.6585345,345000
11.558493,-1.1424863,0.9831636,3.6666489,7.499747,123000
1.1733292,1.8044868,1.6018717,3.0147853,7.6062264,285000
11.498169,-0.83210015,1.358589,3.0546906,6.9604335,62000
11.023067,-0.3350926,1.9021384,3.4557502,7.331127,108000
-0.83966213,-1.2227755,-0.18827027,3.1489086,10.120111,84900
9.852925,2.9934542,0.19934958,3.190919,7.254006,395000
9.797313,3.194847,-0.13827896,2.8838,7.199984,175000
0.4868579,2.6331747,0.32561228,2.8624141,7.149944,350000
11.691121,-0.2525183,1.3920193,2.897279,7.289562,115000
11.634364,-0.4144978,1.3062133,2.7197235,7.1150002,78500
1.175959,1.8174593,-2.740218,2.436688,4.989774,77450
-0.07443621,0.5467941,-2.2289796,6.002107,10.506459,109000
-1.4902163,-1.3128351,-0.6013461,3.8379128,10.237164,193000
11.663103,-1.3655537,0.480761,4.206037,7.2438793,159000
11.241858,-1.2763278,0.9148071,5.033413,8.0998955,220000
-0.58787555,-0.32544467,0.17080885,3.2991338,10.176604,129000
10.901666,-0.16463403,1.966471,3.4292948,7.3384132,170000
11.329027,-1.3538193,0.82262933,4.6695995,8.143098,258000
11.220238,-1.7023416,0.64176375,5.2674994,7.896566,600000
0.4415917,2.6012127,0.38320515,2.9803898,7.212016,382280
0.36521047,0.98284346,0.2685573,4.513902,9.421563,287000
11.227772,-1.6323576,0.6350063,5.340585,8.028891,125000
0.27038214,1.4294524,0.5267081,3.9368455,9.845824,177000
0.17207994,1.2485523,0.44093215,4.027976,10.113171,295000
0.24323244,1.1026851,0.47939253,4.088605,10.188146,250000
11.506411,1.0644696,1.5145448,4.2367787,7.0575876,250000
0.123128414,0.6399231,0.41707456,3.9396162,10.438414,133000
-0.5045089,-0.22045523,0.37946188,2.8340383,10.177449,100000
-0.70727634,-0.94213057,-0.08414446,3.107477,9.946669,197000
11.316615,-0.60281914,1.4595482,3.255799,7.1246343,150000
10.009291,2.3275409,1.1216807,4.1716037,7.4477644,930000
1.212161,1.8212763,-2.8824036,2.4332738,4.9362507,82500
-0.30363706,0.8520617,-1.4904226,5.6774163,11.063846,122000
-1.2701098,-1.2243229,-1.9455295,3.623478,11.275851,105000
0.5451747,0.37374857,4.2845497,2.4277081,11.146047,76860
1.2123976,1.8252256,-2.9588795,2.3676016,4.862812,82500
11.664772,1.1401746,1.4905235,3.9653015,7.238873,245000
10.923531,-1.6486231,0.89216703,5.4514556,8.626839,430000
11.3428545,-1.3319577,0.59691685,5.4265227,8.30082,285000
11.484875,-0.7630761,1.3885413,3.2271276,7.036336,89000
11.456825,0.23225991,1.5602775,3.1907752,7.3882413,203500
0.021964319,1.0148053,0.18206671,3.4217503,-1.331047,125800
10.849028,1.3670254,-0.60238534,3.3805926,6.411889,135000
1.0164864,1.4650577,-2.305581,2.2733264,4.5541806,120000
4.4336534,7.9642572,1.4559562,1.8957905,6.7266684,734999
-0.83662,-1.1611207,-0.21716872,3.1495323,10.072745,119999
-0.7844241,-0.32350776,0.90107137,3.4558308,-0.7420109,85900
11.453578,0.22192867,-0.8343543,3.264852,6.493497,91900
0.9047924,1.7954458,1.5888785,4.505963,0.91905093,130000
0.13352726,1.259606,-0.2382444,4.8910317,10.377344,235000
1.3847878,1.6830646,-2.7850602,2.4024026,4.749205,62950
-1.3482085,-1.1293145,-1.137143,3.4368591,11.095131,99000
1.2221129,2.9164805,0.1331011,4.3024774,8.071229,375000
11.300681,-0.5650426,1.4569969,3.8639479,6.532135,63000
0.18850617,0.57160074,-0.24091978,5.2107644,10.366247,74999
-1.5877546,-1.3860521,-0.80117345,2.2097201,9.821658,74000
11.839313,-1.6999577,0.9395276,3.3361502,6.2504606,47000
11.883918,-1.7150277,0.9367131,3.237968,6.230999,24999
11.218184,-1.5461483,0.81687814,4.991299,8.072712,119999
11.492898,-1.5504757,0.4890656,4.5356855,6.9389844,145000
0.23450072,1.9292877,-0.40076467,2.744527,6.6585603,134900
0.2226021,1.128229,-0.115948476,4.975234,10.105839,153990
-2.308372,-1.8525193,-1.5570229,3.736385,9.574394,63500
-0.6420918,0.17594787,0.06418936,3.2911415,10.432949,59990
1.0897564,2.9471118,0.5152723,3.9049575,7.826493,629999
-1.7452651,-1.3665625,-0.8690712,2.2093766,9.771361,132000
0.24296786,1.9169463,-0.42979097,2.747177,6.644329,134900
12.972577,0.7557843,2.4789743,4.595751,5.338621,130000
11.730147,0.9115634,0.81038266,3.1856973,6.137155,134900
11.411177,-1.4913203,0.8664633,4.29554,7.6038055,59999
0.22208041,0.71731853,1.5028865,3.02797,9.863372,111999
0.8309851,1.8341303,-2.233512,2.7289677,5.6720395,124743
-0.2643371,0.6420369,0.44117793,3.161627,-0.9214481,87500
10.977426,1.7301639,1.684441,3.1335475,5.1160364,135000
0.5011343,0.5658918,0.994347,3.2090988,9.196525,191000
0.9380299,1.8525065,-2.352694,2.5971808,5.341374,71660
0.8518428,1.4724292,-2.7111478,2.3370812,5.8399715,56630
11.54902,-0.978051,1.0966252,3.5293753,7.3517766,134000
11.224825,-1.7244172,0.6015397,5.3430376,7.942216,128000
10.903617,1.4124762,-0.75738084,2.687405,7.019761,95000
12.047882,0.8126338,1.0571293,4.145324,7.8828382,203500
11.385225,1.1904087,1.4307449,4.092015,7.3431354,250000
11.427421,-0.47353527,1.9078698,4.4483237,5.412355,87000
0.22577177,1.0362688,0.40974218,4.171463,10.217276,172000
-2.1170616,-1.1417533,-0.68684256,2.5548143,9.730379,67900
11.853371,-0.63440543,1.1378531,2.7441225,6.9324746,41000
1.2230961,1.5331099,-2.5688422,2.3914664,4.6224046,117000
2.2839978,2.1729004,1.4991431,3.277209,7.822356,700000
11.544875,-1.0326236,1.0737436,3.6083293,7.3207035,129000
9.600226,4.028118,0.86433905,4.054576,6.669495,350000
11.152758,0.6591538,1.5805572,3.671888,7.4040627,150000
0.25838843,1.0420424,0.023207068,4.813078,10.367806,143000
11.561342,0.07088927,1.636533,3.117426,5.7188215,83000
12.223823,0.91343004,0.7611046,4.3710337,8.257047,90000
10.8952875,1.4288868,-0.65072984,3.1218736,6.564006,67500
10.918588,1.3954757,-0.6704913,3.067837,6.573408,55000
10.89873,1.4118711,-0.71251523,3.0777254,6.6286464,67500
10.917899,1.4823672,-0.3758765,3.3999178,6.8393555,96250
1.2132511,2.8460195,0.08283895,4.2998824,8.130798,355000
11.539936,1.4080784,1.5085967,2.7492013,5.070432,115000
4.514722,7.7323914,1.4922799,1.756186,6.844876,180000
-1.1338421,-0.88803005,-1.0775255,3.7688267,10.934521,150000
1.0434715,2.3805315,0.7605195,2.8573053,7.217673,320000
10.800618,0.5372786,1.7622955,3.3352134,7.1710906,289000
11.302653,-0.7218022,1.4508156,3.4305315,7.2264147,141500
10.680007,2.2600644,-0.28025872,3.1757064,6.2200127,125000
10.51673,2.2811887,-0.21881856,3.5449617,6.072381,105000
-0.50341046,-0.19059761,0.46674716,2.7528045,10.120523,79990
0.042060852,1.2331544,-0.33112448,4.938196,10.397911,175000
-1.5005133,-1.1194488,-0.5952664,2.2797332,9.834178,79990
11.106128,1.5662832,1.3162731,2.2569842,6.426228,190000
10.677769,2.312639,0.9861286,3.7829213,6.892488,395000
-0.9047405,-1.7747533,-3.1026692,3.185354,11.104629,110000
1.234039,1.8092072,-2.9182675,2.3931394,4.874268,109999
10.609509,2.0455723,0.9429563,4.03521,6.772369,194990
0.26013887,2.701977,0.454124,2.929824,7.0586996,129500
-1.7474625,-1.1918628,-0.6070669,2.596368,9.880072,24500
0.4670449,2.7891767,0.027040228,2.7414234,6.9107823,245000
10.394821,2.0877826,1.1025074,4.0755544,6.957766,275000
-1.0631609,-1.5848919,-0.48168817,3.084518,10.254677,89000
-0.61416477,-0.648283,0.18720327,3.0514908,10.187332,89000
-0.49444777,-0.39505816,-0.20331843,3.5231297,10.400506,124900
10.665376,0.99330103,1.3915887,2.9057035,6.5053425,249000
-0.43838114,-0.34559947,0.22313589,3.3445158,10.124566,86500
11.428509,-1.7158549,0.6081932,4.6527185,7.1822248,80000
10.93834,-1.5572511,0.8179783,5.5961695,8.782544,367000
10.51344,2.076146,1.0664456,2.712678,5.7559934,70000
11.410015,-0.9119867,0.7016268,5.1839023,8.320772,259000
-0.28591156,0.60737294,0.48134792,3.1661909,-0.9296057,107164
0.8957498,0.73475724,3.073297,2.7642882,10.160814,81000
-0.5806084,0.28348684,1.7207457,3.51814,-0.60844105,92500
0.8771148,1.4691947,1.567634,4.2954526,1.3858974,126850
-1.8521439,-1.2419645,-0.691319,2.2984865,9.763497,77000
-0.3798349,0.9129263,-1.6776386,5.7412496,11.264381,105000
-0.38188484,0.9103449,-1.6772499,5.7405334,11.265534,105000
-0.3785508,0.91503435,-1.682845,5.75331,11.269905,105000
-0.37464747,0.9188291,-1.6607466,5.7493176,11.269511,105000
12.386566,-0.5397393,0.8828724,3.2083042,6.555787,100000
10.410013,2.4517207,0.87634826,2.3729067,7.5550246,155000
0.5097354,0.36943033,3.8242118,2.5523725,10.856774,88700
-1.8483971,-1.2579267,-0.71984375,2.3175569,9.778152,75000
10.427687,2.4851193,0.6981706,3.9393363,6.9352794,250000
0.11756393,1.0548434,0.0055235275,4.8472347,9.880165,259900
0.16191322,0.90979475,0.032024246,4.857563,10.362935,110000
3.7899,6.9988723,1.0344372,2.9233212,7.0219154,456272
-0.55689067,-0.5051819,-0.28798327,3.4472377,10.504671,69900
10.343111,2.0080047,1.030406,4.0605273,6.9061384,495000
11.991226,-1.205174,0.7438046,3.1780126,6.572927,70000
12.037444,-0.91157174,-0.17026736,3.7120616,6.8884926,97000
10.358032,1.2422132,3.1170616,1.2430507,7.02793,136500
11.208479,-0.60185784,1.6566348,3.411986,7.196838,85000
11.140023,-0.5712094,1.6035343,3.917518,6.649545,105000
12.186561,-0.58068734,-0.41291112,3.0390923,6.728604,80000
0.48457432,0.63623,1.9448539,2.8730943,9.822897,70000
11.544105,1.6465694,1.0981034,3.7647264,7.3041115,229000
3.5912268,6.7635155,0.89089066,3.2400525,6.901428,323000
1.9155785,0.9177136,1.3168287,2.625814,8.21776,299000
10.842081,2.1654794,0.8160583,2.6998239,6.0161004,175000
11.919806,-0.026291756,2.3336842,4.6553884,6.726814,107000
1.4977669,1.4928467,-1.9090377,2.8566313,5.794001,175000
0.45578563,0.34400716,3.7609675,2.4873703,10.916557,69472
11.129289,-1.413078,0.98748875,4.916115,8.455039,340000
-1.2377579,-1.2107979,-0.86704284,3.3549848,10.819101,178000
12.167449,-0.573802,-0.25552884,2.7859485,6.6219535,63700
3.1242633,6.2291536,1.6951299,1.5460707,7.829946,115000
0.72099483,2.2642503,1.6365492,4.8984394,1.2639667,156500
11.701532,0.8772864,1.5127997,4.0136175,7.3506947,261200
10.605367,2.3871517,0.21854645,3.3027618,6.1848173,230000
-1.3092879,-1.3303062,-0.46558654,3.6021497,10.177146,107000
10.949674,-0.23066373,1.960125,3.5044355,7.357127,159000
0.38572207,2.0602083,0.5318203,3.3029726,7.4535184,278000
-0.20761703,0.5107523,1.9115589,3.8341453,0.49822834,89600
0.41176897,0.29130012,3.9517853,2.4511318,11.055481,70000
-0.25549218,-0.46465424,-1.0812824,4.869096,9.473589,208000
11.771228,-0.49430016,1.2225106,2.9634752,7.1162577,90000
-0.010436941,0.5718584,-0.44669092,5.3841834,10.289917,99500
3.6704657,6.8215275,0.9127458,3.2056172,6.9203696,390000
-1.0684052,-1.4325387,-0.3799828,3.452265,10.1583,114999
10.460299,2.5323753,0.5578744,3.9297771,6.7886596,389000
10.728729,2.3746052,0.5189874,2.5250773,6.78488,148500
1.3349291,2.9882035,0.17841266,4.30406,8.058131,365000
-0.26301992,0.08870357,0.6231162,3.0501466,10.0038185,239000
12.039822,-1.0984147,0.88033175,2.856775,6.38316,69500
11.780531,0.72548676,1.3903579,4.2444563,7.523479,125000
10.63965,1.4589492,2.6483638,1.5394773,6.7091465,121999
10.783685,2.3066044,0.66849464,2.327646,6.947857,166000
11.88805,-1.7180296,0.92354095,3.254141,6.232049,25000
10.775257,2.4490945,0.4903563,2.8438098,6.418424,169000
11.184348,-0.3303451,1.577907,4.271429,5.8821874,310000
1.6839429,1.3480698,-0.74232006,2.8734188,6.0715113,294000
0.059666697,1.2726129,0.061353147,4.496768,10.276127,150000
12.172731,-0.013706421,2.3968892,4.738844,6.039806,99000
-0.8001011,-0.34865883,0.8133944,3.3925984,-0.8971185,98650
0.43664232,2.5826464,0.38101923,2.8649173,7.1541743,365000
0.27345282,0.9027854,0.11928338,4.776081,9.971313,235000
1.1264149,1.6792527,-1.3834909,2.2706707,5.7906084,167000
0.942989,1.9682087,0.5951074,2.2517514,6.951543,229000
11.434969,1.3839778,1.8101555,3.37229,5.0888176,153000
12.416368,-0.54849243,-0.42943528,2.8010378,6.7613163,110000
3.4515214,6.091477,1.7016,1.9271775,7.7211676,135000
3.4360235,6.130641,1.6360766,1.9923502,7.665549,166000
11.217344,-0.25062776,1.4378538,3.7161787,7.5661893,176500
-0.5553079,-0.28785586,0.3100849,3.2914,10.102222,107000
1.7093385,2.8981104,1.1796479,4.3085475,7.783892,599900
10.668793,2.0687976,1.1681471,2.6215851,7.241297,189000
0.23898396,0.6996939,-0.18887942,5.4086146,10.533673,125000
1.9033782,2.2114837,1.2029489,3.1187744,7.678469,299500
-0.22462364,0.8633064,-0.43193927,5.298097,10.628684,89900
11.996732,-0.44655082,-0.3933392,3.083888,6.6538606,69500
-1.623119,-2.645492,0.19682571,3.1483693,1.3898057,53400
-1.6569926,-2.6730592,0.1905292,3.1294672,1.3721355,58000
11.54992,-1.3586043,0.68312085,4.1900725,7.556767,94900
10.739685,2.3929772,0.5642668,2.5184324,6.8593736,209000
10.887534,1.5733445,1.3369596,2.8015149,5.584033,115000
10.742028,2.3496027,0.7709248,2.8881888,7.182058,248000
0.8466897,1.82484,-2.2653015,2.7206614,5.648765,123615
-0.025355492,0.9563708,0.14101394,4.3006363,10.377868,105000
0.23178595,0.82700926,0.35213235,4.304699,10.362214,100000
1.3959583,3.4987538,0.3613057,2.9047036,7.979001,269000
11.800562,-1.8814698,0.23454417,4.056588,7.125809,89000
1.2473836,1.700903,-2.5808303,2.4222112,4.987927,63000
10.443998,1.7373748,0.40623444,4.2631507,6.7953253,255000
11.374,0.24576534,1.6371707,3.0435653,6.3355665,98000
10.6381855,2.3256218,0.9884799,3.8008301,6.9894032,599000
-1.3180445,-1.3754686,-0.53107697,3.5744712,10.187119,97500
11.895878,0.65265757,1.4727007,3.6183982,7.6400547,160000
0.3152357,1.1333966,-0.37887716,5.2736607,10.388217,159500
-0.52270657,0.1550802,0.93170434,3.3013284,-0.7769388,86500
10.715177,2.2895536,0.77888155,2.2879996,7.0538034,260000
12.436334,-0.35493097,0.94054013,3.120207,6.5177755,124000
10.376468,2.1788678,0.78031075,4.1232233,6.994181,449500
11.250758,-0.5116432,0.35826984,4.341007,6.536134,126500
9.593215,4.0798793,0.86118734,4.0526123,6.647169,189000
-0.3005823,-0.2678479,-0.79845256,4.8433867,9.519574,134000
-0.66522807,-0.7403729,0.15681842,3.0455508,10.165675,96000
1.670349,3.053336,0.98078597,4.402775,8.229606,401700
-0.19409594,-0.16799854,-0.8746781,4.8435864,9.553677,339500
-1.9479563,-1.6427565,-1.6229732,2.6508675,9.942219,73000
0.06484667,1.2489264,-0.32992417,5.6082673,9.748577,300000
0.23037678,1.0764018,0.35907057,4.295427,10.152033,300000
0.058649343,1.2407146,-0.36040398,5.6205645,9.762295,300000
0.19751751,1.0753189,0.11349271,4.7769957,9.968878,300000
10.961527,1.4853884,-0.34811744,3.381201,6.9577656,329000
0.06038602,1.2739824,0.30878934,4.114801,10.068924,137000
11.237202,-1.2516878,0.97389406,4.841334,8.058256,218300
-0.024435623,1.9685612,0.31121188,2.9892602,7.452144,197056
1.8300653,2.992322,1.1955236,4.442184,8.280622,445440
9.550441,3.1841052,1.333206,2.8805735,7.253106,150000
3.8127356,7.0115848,1.0154048,2.9690835,7.008285,335000
10.517806,2.293337,-0.22111623,3.532351,6.0557714,149000
10.731067,1.4038259,2.340013,1.7104316,6.915823,94000
10.671343,1.4374485,2.549706,1.5851179,6.7612185,107000
9.786775,2.2510622,1.2489579,4.278771,7.6741285,550000
0.78555423,1.606863,-1.9932388,2.5751033,6.2746615,126000
11.80751,-0.848606,-0.49936578,3.8858528,6.7730465,87000
10.806396,0.7694276,1.0954643,2.8901076,6.0770493,60000
11.765851,-0.8689971,0.84065455,3.410813,7.2498026,90000
1.0829628,1.2867485,-1.3384,2.1981137,5.7103796,154617
3.0829568,1.8188814,1.471509,1.6099174,7.636434,386000
11.911239,-1.5377643,1.0150467,2.964838,6.276708,135000
-1.5978451,-1.388806,-0.9087009,3.9977798,10.321465,115000
1.2186842,1.738,-3.0887575,2.2841835,4.8849344,72900
0.13584162,1.2044582,-0.116845705,4.8363757,10.397148,139000
0.07250567,1.2407966,-0.127225,4.7778306,10.377911,150000
12.514101,-0.0066705057,1.1623118,2.9709287,5.9442825,105000
-0.14019984,0.895699,-0.32755026,5.327231,10.706695,100000
-1.6462888,-2.696167,0.2145436,3.1377978,1.3749137,80000
12.407167,0.33336022,1.4656031,3.4139934,6.090165,124000
1.2179909,1.8539326,1.3745841,4.2106223,0.6551516,93900
-0.21252023,0.9858974,-0.2809663,5.041763,10.388032,125000
11.820277,0.68443435,0.6209274,4.6395197,7.9598217,143000
10.977979,-1.6440588,0.8908024,5.3911104,8.544958,335000
1.2097276,1.7907104,-2.8187199,2.374276,4.9538984,105000
11.801551,-1.841913,0.23255762,4.0913887,7.1576977,99000
0.70190895,1.7976509,-1.4916984,2.6253357,6.4029536,115000
11.797653,0.37723237,1.4706694,3.288321,7.523359,114000
1.5642086,1.1725273,-1.2563533,2.5064104,5.8369827,175000
1.1222937,1.6009893,-1.2601992,2.2392259,5.9075127,175000
0.09771361,1.5014472,0.71091104,2.7598686,7.270284,153000
0.8286239,1.7989703,-0.5648283,2.5004957,6.3986926,170000
0.761203,1.8357506,-1.2101183,2.517422,6.2967205,169500
10.861197,2.0669045,1.0332414,2.5161095,7.0806584,209500
12.168592,-0.5785257,-0.26163986,2.7722273,6.6156955,63500
1.0472021,1.4835271,-2.3724306,2.2935536,4.498219,107500
-0.4070555,0.73592526,0.23642036,3.4583535,10.597567,89000
10.9583845,1.474885,-0.6788228,2.6169412,7.098112,188000
11.6970625,0.6414944,0.52757025,4.7310796,7.9542336,124900
10.637689,1.2836761,1.6209621,3.262799,7.076295,399000
11.241612,-1.1881436,1.0538994,4.597618,8.005675,169900
0.37773243,0.22634149,4.4150147,2.353435,11.390223,76264
10.592221,2.1328669,0.9131362,2.2802486,7.473127,210000
11.681368,0.26751432,1.4921482,3.2627423,7.4547296,105000
11.517549,-0.806202,1.3654081,3.0706677,6.910927,83900
-1.633244,-2.5881085,0.13801637,3.130321,1.4088004,71000
11.116535,-0.31935108,1.7476673,3.6011777,7.2586064,80000
-0.2491918,0.8151825,0.28376397,3.6305175,10.497733,133000
-1.0257444,-1.4119751,-2.6101637,3.4808204,11.132708,83000
1.04838,1.6058859,-2.9690623,2.1397111,5.278937,52000
1.4383538,3.1332815,0.6078613,3.9760578,7.866811,375000
-0.15644364,0.46063617,-0.35050803,4.3002143,10.696649,270000
-1.2633878,-2.8768284,0.72764534,3.1831255,1.1691357,81900
11.030567,-0.3070104,1.8877524,3.449793,7.3261127,108000
0.10605297,1.6623296,-0.01984058,2.9571881,7.424537,115000
0.6237479,0.43883762,4.2699914,2.2523522,11.321605,76033
-0.6048832,0.35269752,1.702812,3.5254226,-0.60557437,84000
0.00034264056,0.53393435,-2.2303698,5.987973,10.544753,114500
-0.7937372,0.5161951,1.6665312,3.5340588,-0.467657,135000
10.390916,1.243165,3.079467,1.2945895,6.9911118,250000
10.644866,2.4313376,-0.28827804,3.2153428,6.1919966,85000
0.86844987,2.114546,0.46422204,2.30344,6.8809566,168464
4.503752,7.758584,1.4878716,1.7674582,6.8284802,330000
-1.9990042,-1.6786424,-1.3348393,4.533146,9.976829,74500
0.53447056,0.36309502,4.1851573,2.4886606,11.095089,90000
0.73777366,2.5411592,-0.3634854,2.8205676,6.889612,189800
1.5141022,1.0807734,4.034016,2.786315,10.701713,113000
-0.76554507,-0.30470964,0.8524341,3.4086092,-0.79762596,109000
9.528496,3.190826,1.3544036,2.9256263,7.258872,175000
10.6056385,2.113097,0.4761054,2.621783,7.803834,499000
10.773604,1.9252971,0.15595125,2.6091557,7.687554,235000
11.264471,0.29918143,1.5167158,2.572391,7.0000854,130000
0.4348222,0.26162457,4.2673483,2.4376154,11.18972,137000
11.825187,-0.8244266,-0.5254075,3.8394647,6.7600765,123000
3.1782331,6.14659,1.6281284,1.6859783,7.7482986,139999
1.1058737,2.8055227,0.60134035,3.4682746,8.48258,1499010
0.7418002,1.8619604,-1.1986091,2.5620503,6.336477,170000
12.304122,-0.12140678,0.9025991,2.9971542,6.5952263,105000
0.18592542,1.8102026,0.41567913,2.9898345,7.854667,364900
1.42457,3.082021,0.6700652,3.8387108,7.7605953,385000
0.61938244,3.1111238,0.91085654,3.7782674,7.568849,127000
10.409869,2.171753,0.4021304,4.1358957,6.799071,180000
0.53228635,1.0869853,1.7474545,4.1995087,1.1039457,136791
0.5866571,0.40766197,4.2380037,2.3190432,11.259962,85200
10.689606,2.3512437,0.6021448,2.4258845,5.5229006,98516
0.74065685,1.7185832,-0.4574509,3.4524772,7.031501,230860
11.394088,-1.0115557,0.6452205,5.3122616,8.427625,186000
12.203455,-0.40350416,0.819623,3.4303806,6.944373,90000
0.16527711,0.9175038,0.26915777,4.301222,10.331407,114800
1.0397823,1.6693361,-3.1998694,2.1647499,5.234592,49500
1.2414788,1.7989573,-2.942557,2.3974159,4.871466,60000
0.98287714,1.6294252,-3.2332323,2.1089156,5.3313403,44000
0.7210288,1.6952356,-0.45281142,3.4290624,7.0027676,237160
-0.6904341,-1.0988021,-0.009003792,3.1166697,9.960519,195000
0.6332043,2.1326287,0.65364754,3.6674767,8.798853,375000
1.210361,1.7346781,-2.946986,2.2542086,4.9174013,61999
0.9595504,1.6327733,-3.3084276,2.0713692,5.335133,46500
0.96010876,1.637418,-3.3131747,2.0703769,5.3317213,45000
1.2540766,1.819579,-2.9443045,2.4243553,4.8741527,59000
1.2455474,1.8283212,-2.9212976,2.4342237,4.887123,53500
1.293868,1.8158737,-2.9912145,2.418803,4.8173823,60000
0.9629959,1.6443268,-3.3195176,2.0731726,5.322677,44000
1.3402214,2.9758387,0.62581664,3.9445076,7.855567,680000
0.7423523,0.5675743,3.899372,2.5158415,10.882678,115900
1.6551485,1.2153884,-1.2191246,2.6500776,5.867584,219900
12.159447,-0.56901187,-0.42286122,3.0780947,6.7306886,119000
1.0533236,2.6979725,0.05315479,3.5283248,7.4260073,180000
12.324223,0.23111986,1.3831542,3.2368212,5.766358,95000
1.0267928,1.6067162,-3.0451171,2.1230733,5.308412,48500
11.2142515,-1.5180092,0.9699466,4.6943393,7.899296,149900
-0.7231276,-0.87830263,-1.1072861,4.748754,9.5837345,66000
-0.9068066,-1.7547411,-3.0819533,3.2022483,11.103622,105000
10.385771,2.0251224,1.120124,4.0605,7.199227,550000
0.18587174,1.1583827,0.43297985,4.107056,10.199865,259900
0.22267509,2.071342,0.38650048,2.82387,7.302784,195000
11.596075,0.06218396,0.391393,5.1302743,8.225396,119990
0.10400625,0.6957885,0.22373159,4.140946,10.42071,150000
-1.0003028,-1.501912,-2.7809882,3.390873,11.137396,137000
-0.19101387,0.69067067,-1.4450532,5.4340205,10.539794,185000
-0.14107868,1.116344,-0.016408337,4.651892,10.329777,130000
-0.26638886,-0.28966537,-0.79518455,4.8761024,9.436267,110000
12.080013,-1.4642252,-0.48569837,3.9153924,7.003001,107000
12.089164,-0.94227666,-0.69067043,3.6704044,6.834167,103000
10.738434,1.8814007,1.6245697,3.3896596,6.698271,203000
1.4951922,1.0815709,3.9839857,2.7684042,10.65988,147600
0.5208464,0.35163692,4.18947,2.4865968,11.103472,89000
12.060777,-0.055844724,2.6149812,4.5331235,4.778514,122000
10.9213295,1.4818068,-0.50354517,3.2301767,6.4972434,134900
10.565368,1.42677,2.8243234,1.4114358,6.736499,104585
1.513313,1.098106,3.9977093,2.7903013,10.673995,110000
3.2924037,1.6579474,1.2733754,1.7276429,7.5712466,1289000
10.62983,1.0028241,1.7334921,3.1230605,6.9413943,450000
0.050998166,0.5633448,-2.220315,6.0645204,10.522617,123000
9.658031,3.9630256,0.74985373,3.9393165,6.583972,325000
0.6418657,0.46115404,4.1920996,2.3544552,11.213264,93400
1.6141292,1.1968414,4.0448337,2.7732987,10.714139,123250
0.6346411,0.45295975,4.207337,2.3411896,11.235455,93400
12.021401,-0.24227412,1.5594248,3.3945508,4.9608564,69500
1.4400581,3.5588038,0.31393355,2.9296792,7.992668,255000
9.579554,3.092868,1.3829372,3.0802333,7.2913604,199000
0.21156284,0.53681916,-0.26207358,5.381584,10.271422,166998
11.301345,-1.3382745,0.88805515,4.640942,8.185027,267000
11.692892,-0.9633619,0.90181464,3.5364823,7.24644,125000
11.963842,-1.4906617,-0.029479694,4.01929,7.113321,149000
2.5321245,1.9408021,1.341693,1.8813244,7.556843,215000
0.67270297,0.49949428,4.045275,2.4675627,11.01419,86900
10.0032015,3.0252275,0.58211005,3.9092216,6.793986,216200
0.12132614,0.56510264,-0.45652243,5.417734,10.286891,140000
12.06882,-0.9657378,0.18133357,3.6296377,6.9669013,106000
11.55765,-0.83993334,1.2344649,3.3221734,7.0788107,130000
9.505574,3.8395112,0.97676456,3.7736146,6.8540883,339000
10.734201,2.4094143,-0.03040072,3.002791,6.467253,91000
10.73493,2.423958,-0.016486563,2.9977117,6.445516,91000
-0.65222013,-0.20837489,0.31825897,2.836753,10.166941,123000
11.389233,0.37970242,0.20920277,4.994961,7.7827287,114000
1.4138216,1.051972,2.97605,3.0230656,9.765156,215000
11.476699,-0.8913811,0.52574104,5.347606,8.447995,233000
1.5827564,1.1854454,4.0018053,2.817171,10.682038,128900
0.42038846,0.26334408,4.372267,2.359634,11.345095,80992
1.9437628,3.1997275,1.1499504,4.1862454,7.9932137,374800
10.981469,-1.6479442,0.78011984,5.491721,8.342388,224000
0.10075205,0.5706092,-2.2200582,6.0740395,10.53409,88999
3.0918446,6.061546,1.577034,1.7714628,7.7388844,175000
12.051977,-0.82629657,0.89095235,2.704055,6.563488,94500
11.481581,-1.4479816,0.7915508,4.24633,7.6477494,195000
-0.45472783,0.3450477,1.8083259,3.5941164,-0.22422774,64900
-2.1471329,-1.1236228,-0.6960708,2.546734,9.708772,108000
11.711911,-1.055353,0.7782966,3.6603293,7.29111,119000
0.021378122,2.1192057,0.2094246,2.950657,7.230121,199000
10.869729,1.9859179,1.3262345,3.464776,6.9721975,360000
0.582931,0.4033229,4.2160807,2.3586812,11.2011595,87360
11.426325,-1.8301274,0.48488936,4.591691,7.131984,44900
0.4327754,2.962258,-0.026296105,2.7261615,6.8585205,179900
1.2973479,2.8441722,0.83730704,4.0566907,7.7142906,530000
-0.69383615,0.65085,-2.1389713,5.9502096,10.481751,99000
-0.32813942,0.0022829794,0.5198972,3.0997908,10.077837,165000
1.2261543,3.3282437,0.37193048,3.5815198,7.4972234,235000
11.633881,1.5366352,1.2119387,3.8147037,7.382103,106800
0.098232396,0.6859857,0.19234596,4.1768103,10.431453,150000
0.4460441,0.2869995,4.34888,2.3572738,11.328431,100800
12.17581,-0.21310546,2.6881902,4.7743073,4.8747125,92500
0.48821312,0.32230365,4.236767,2.494505,11.063154,78582
10.318207,2.1278188,0.70949507,4.1820693,6.9481635,420000
1.2279944,2.4979105,0.8737101,2.3708205,7.8696065,185000
11.59295,1.1278362,1.5178216,3.9489064,7.2078876,328000
-0.5570453,-0.29528168,0.28256366,3.3076787,10.114251,119800
11.728754,0.72323614,1.175594,4.2871585,7.5865483,209900
-1.4063563,-1.211573,-2.164725,3.4875617,11.374522,120000
11.57554,0.8866191,1.5527196,3.9312932,7.292061,125000
11.860399,-1.5629123,0.1596183,4.1550636,7.200777,94999
10.666566,1.441687,-0.52010596,3.6199656,6.3188686,124900
11.833443,0.11780986,1.412416,3.1037605,5.8965735,84700
1.0854633,3.2901328,0.35433406,3.5864582,7.3264313,169000
-0.35618863,0.28134716,-0.993968,4.805731,10.879714,295000
-0.06911117,0.62955135,0.17538498,3.0655692,-0.7570534,98970
11.550845,-1.8613207,0.49751386,4.5558505,7.2329154,127000
11.429404,0.32137153,0.17753312,4.9953775,7.810535,116000
11.316141,0.20311296,1.5043303,2.6344488,7.030701,239000
0.90103644,1.7551178,1.5421407,3.0273867,7.67225,212000
-0.32735878,0.4038439,1.953206,3.7245524,0.25291365,114000
9.518436,3.1518981,1.3760524,3.1044436,7.2891865,229000
0.8395656,1.3898232,1.5819218,4.2892985,1.4233085,126850
11.527987,0.077420406,1.6186969,3.0950322,5.8363547,41500
10.676408,2.444412,0.12851794,3.0491176,6.0442634,92999
0.38394883,0.23062436,4.4091535,2.364323,11.364335,89102
9.934385,2.1324346,1.3186687,4.056802,7.514459,450000
0.25115106,1.1218406,1.1263461,2.716255,7.372233,175000
1.6604488,1.2291678,4.1696467,2.8306937,10.804864,118755
1.9798669,2.2193615,1.1309731,2.9997292,7.753344,330000
3.543286,6.942379,0.9045421,3.2012694,6.780853,175000
11.758433,0.37168464,1.5041791,3.3026116,7.5241113,120000
10.737027,1.7157257,1.6474932,2.8876774,5.5458393,135000
11.075266,1.6741766,1.236983,2.2697277,6.4400554,115000
1.0599911,1.3660408,-1.455995,2.1817281,5.655526,125000
0.94251937,1.4247621,-2.7385972,2.2147803,5.640431,57000
-1.0529752,-1.3405982,-2.47023,3.5391757,11.097119,95000
0.76737976,1.7414614,-0.44613367,3.4890535,7.064167,256120
12.0656805,-1.4192855,-0.56229633,3.9179554,7.025953,94900
-1.4201716,-3.1559641,0.7273581,3.3082159,1.0453911,69938
-0.5598892,0.2785502,1.7106417,3.508228,-0.64415526,84579
11.532911,-0.7933092,0.47509122,5.3286266,8.444752,233000
12.365924,-0.576366,0.88417286,3.1344287,6.8387847,93000
9.403989,3.3220367,1.4033182,3.002082,7.3050303,168000
-0.7249478,0.64891905,-2.1527557,5.938971,10.481887,105000
0.45831764,1.5851688,0.90717787,3.4903414,9.103222,155000
0.6093555,0.42706475,4.228,2.3193824,11.257628,85200
-0.57499325,0.30188003,1.7075908,3.5136487,-0.62265474,78529
1.2570469,1.3038695,-1.9438034,2.471036,4.0585966,153900
10.049919,2.363212,1.0813167,4.144159,7.4718804,770000
10.554036,2.4279022,1.1365453,3.1329331,7.2397966,800000
9.825731,2.2867723,1.2332339,4.2079763,7.6399884,2500000
4.0457377,7.115289,0.8831865,3.1323109,7.0580263,2500000
0.2021836,2.028364,0.11911426,2.9401634,7.0085826,285000
0.49619183,0.33145466,4.213443,2.5121326,11.027276,78582
11.908943,-1.7193841,0.97742194,3.1132653,6.1886954,25500
1.3695562,1.0378938,3.1136189,2.969641,9.88213,125000
11.371789,1.2165072,1.7989154,3.089024,4.567196,99000
0.5964038,0.41717678,4.2279124,2.3203309,11.252199,85200
-0.26403937,0.0018939966,0.5306036,3.0974853,10.048879,96000
11.350029,-1.521709,0.87947345,4.4850926,7.9199595,169000
-1.063018,-0.9261519,-0.508789,3.3180354,10.75061,75000
11.030807,-1.5769979,0.9191919,5.2444015,8.4781065,192000
10.78653,-1.5856313,0.9408779,5.536392,8.866989,360000
11.923091,-0.071608655,2.384706,4.73411,6.6772285,124900
11.361947,0.3495539,1.6110368,3.24975,7.3900204,187800
0.64769953,3.0667887,0.88773525,3.7996986,7.620686,159580
-1.4617666,-1.2002665,-2.1775794,3.4733925,11.4261875,87000
11.449735,1.4614687,1.3222803,3.7393584,7.1030684,240000
11.365706,0.2931702,1.6411216,3.0662823,6.3506923,149000
0.65727013,3.1033583,0.8940721,3.795906,7.5914845,161175
11.9331665,-0.71837884,0.024069572,3.8613658,6.898871,136000
0.21748185,-1.5139879,1.7704039,4.4713454,2.4182715,100000
10.546542,2.4936395,0.3370752,2.858693,6.4617543,230000
10.892841,1.7225617,-0.19451517,2.9156132,6.8843064,249000
3.209825,6.0217867,1.5376686,1.9729313,7.658711,215000
10.417396,2.222169,0.36345166,4.10455,6.76788,249000
3.3183217,6.36855,1.5579368,1.7452706,7.6321263,125000
11.61906,1.6583284,1.2843726,4.006707,7.433058,187000
0.551253,1.9095458,0.73423827,3.5889375,8.941365,327999
-1.4325106,-1.5020852,-0.69562674,3.7560837,10.217223,185000
11.427192,0.30736673,0.16290906,4.991033,7.793298,123900
0.6213666,0.5816254,2.069225,2.8912172,9.832681,89900
10.082553,2.3209646,0.8624929,4.3127656,7.2214274,365000
12.255849,0.11681746,0.8691251,3.152418,6.0792036,109990
-0.4667899,-0.65323883,-0.7202951,4.270159,9.820856,155000
-0.45583954,-0.37125197,0.09396909,3.253676,10.423154,89000
12.154345,0.023580039,2.3696148,4.703633,6.0982556,100000
0.47316027,0.3599894,3.747327,2.4871247,10.905818,64800
0.077698305,0.53169924,-0.44356462,5.4458795,10.312293,135000
10.605152,1.4565942,2.7523937,1.4479536,6.6997643,85900
-0.75827456,-0.84721327,0.061073147,3.092143,10.156235,125000
11.390795,0.84506583,1.8185968,3.2295017,4.516127,83000
-0.5383241,0.23976558,1.5907873,3.4708784,-0.4100884,114000
12.056628,-0.92915785,0.13410667,3.6699514,6.9604225,114000
0.808552,1.922742,0.26584324,3.9422686,8.010584,264999
11.513783,0.15419854,-0.85018015,3.2278638,6.526157,65300
1.2164794,1.8356544,-2.9518447,2.4108894,4.8802314,76500
-0.6222233,-0.17873965,-0.15411411,3.232916,10.329447,145000
3.7193105,6.8401513,1.2491448,2.491649,7.1935916,256000
1.3619344,2.5545394,0.7552035,3.3628566,7.8575735,295000
11.862562,0.68039244,0.7185365,4.5561285,7.9842114,115000
11.418673,0.3015806,1.621462,3.0636091,6.500425,120000
0.39319402,0.23827894,4.387334,2.4088607,11.287863,80992
0.40827948,0.25547746,4.395926,2.3721383,11.336096,95041
-1.9466729,-1.7609624,-1.2872292,4.2954435,9.9578085,95990
11.984682,-1.5052673,-0.12246844,4.0090623,7.1151986,129000
11.173596,-1.6056391,0.8508509,5.0308723,8.142974,200000
0.36222288,1.0625476,0.2470985,3.3570182,-0.6128356,134127
0.3883899,0.23391026,4.4108076,2.3585918,11.373554,93000
1.6518288,1.2166644,4.1562557,2.822002,10.794913,115702
3.7637599,7.0344653,1.0337579,2.9080427,7.003237,304425
0.4124712,0.25887766,4.3820744,2.370961,11.345429,76033
12.004783,0.740827,1.4389193,3.9007363,7.4081435,107500
3.3696368,6.21784,1.4877354,2.1009936,7.548167,240000
-1.8138363,-1.6730292,-1.6139625,2.3775227,10.019556,57500
10.669399,1.9658535,0.808262,4.145802,6.986909,263000
10.510455,1.4048,1.6068522,3.2620754,6.9462814,469000
12.26264,-0.51079935,0.79718596,2.905362,7.0147786,119900
10.552344,2.2260168,0.52864015,3.7788448,6.8083587,230000
11.642558,0.2362526,0.30107716,5.274229,8.381214,112000
12.343801,-0.40997356,0.9152614,2.9734945,6.78702,119000
-0.9185217,-1.5808926,-2.9165049,3.3340628,11.072817,92500
1.6196539,1.196424,4.0484324,2.77199,10.71561,148700
1.2224536,1.7479974,-3.0718884,2.307456,4.897208,73000
9.581766,4.083254,0.8115765,3.9987497,6.597121,359000
10.592355,2.4374266,0.7996456,2.5720448,7.1252947,190000
9.590415,4.0398793,0.84074116,4.0087595,6.6465507,299000
9.610856,4.0358953,0.84397346,4.014043,6.631477,299000
10.8200865,0.8593191,1.6630114,3.0075974,6.9744773,155000
2.6416645,2.4607444,2.2506151,4.1886053,8.184982,334900
0.48199818,0.3168275,4.2986827,2.3670566,11.275265,92975
11.443997,0.9032436,1.7983797,3.131544,4.4441404,82990
0.5027007,2.4565904,0.36661184,2.7004313,7.121464,185000
9.621842,3.9553592,0.8670644,4.0383725,6.694739,459900
0.07896019,1.3085873,0.3828135,4.0282493,10.110849,279450
11.510211,-0.84019107,1.3725698,3.058656,6.932913,25500
10.947805,-1.5618649,0.8241637,5.5635467,8.721109,250000
-1.4158057,-1.1737641,-2.026196,3.4686956,11.291663,124500
10.695737,2.6087432,0.07969294,3.3514817,6.0606,47500
11.790607,-0.9635956,1.0489836,3.403436,6.9559507,94800
10.760913,1.0490375,1.6521502,3.1508868,7.0225105,485000
11.435224,1.3739231,1.7984496,3.37234,5.077605,95000
1.562496,1.1626053,3.98756,2.7908957,10.663622,128900
1.451877,3.5379753,0.33122513,3.01618,7.998778,368000
11.176616,0.68270856,1.5382495,3.6347518,7.4606547,369000
0.46511024,0.35195416,3.7509036,2.4920368,10.903282,64800
1.1721197,1.8314395,1.4459968,4.3020163,0.6680671,93900
-0.059620135,0.984632,0.21233806,3.3534172,-1.2352118,76700
10.666182,1.9015995,0.9935484,4.094095,6.7536726,165000
0.7956432,2.2727637,0.6621602,2.381722,7.189754,165000
11.835358,0.6899171,1.5506793,4.1121106,7.444538,115000
11.443451,-1.086499,0.52462333,5.306223,8.386821,145000
11.4958935,1.0996782,1.6305649,2.8425248,4.5457478,73000
-0.7746301,-0.5161104,-0.27505273,3.3786228,10.652922,154900
-0.98178464,-1.4721904,-0.35906112,3.273061,10.079843,118000
-0.15602867,-0.25208092,-1.040778,4.9470716,9.661619,200000
-1.0773978,-1.628751,-0.38814253,3.1875803,10.228039,115000
1.2905093,1.8245289,-2.9580874,2.4353263,4.8385873,77450
10.720557,1.869709,1.6046463,3.4106452,6.7146707,188000
11.7635765,0.4060927,0.7560683,4.5916142,7.922696,125000
-1.3219205,-1.2081602,-1.9894505,3.5244203,11.225442,129500
11.547326,-0.9040598,1.1449958,3.4342577,7.371055,92900
-2.1875494,-1.4944919,-1.4051054,4.174656,9.990579,128800
0.66156775,0.47861063,4.204691,2.3178592,11.25811,102899
0.8476266,1.3719095,1.5916998,4.3019104,1.5237277,261735
0.6189136,0.43482283,4.2648826,2.2590892,11.317681,92000
0.9495417,1.8392469,-1.1218373,2.920519,6.420466,299000
0.4234589,0.49993417,1.5001463,2.9872167,9.71796,154000
4.5646596,8.188632,1.5562007,1.7558271,6.638217,315000
10.859725,2.1408277,0.9164362,2.3192625,6.9552946,159000
11.722401,0.4246416,1.5378696,3.3165853,7.502163,141000
-0.5161386,-0.390223,-0.20554154,3.4814942,10.480817,175000
9.507128,3.2167928,1.3507243,2.922057,7.224897,124650
12.515354,-0.8316551,1.2927028,3.4970636,5.1967497,70900
11.615738,0.66165334,1.5533357,3.8926923,7.3852873,130000
5.243517,9.188087,2.0577352,9.661127,5.9507613,210000
0.39997688,0.24000937,4.4335155,2.30285,11.435949,91240
-1.815191,-1.3216094,-0.810284,2.2223403,9.75745,74900
0.6800076,0.5878184,2.1207616,2.8879197,9.821803,157000
10.673166,2.2795208,0.74539363,2.9483507,7.056376,189900
-2.3273637,-1.8207792,-1.6060035,3.822339,9.611726,77000
11.58824,0.8350785,1.5897952,4.2599964,7.163033,188500
-1.4188547,-1.3608375,-0.68705446,2.2870772,9.943349,70000
10.72015,1.4443419,-0.7975995,3.172979,6.3396955,65000
5.23008,9.225397,2.0933356,9.693157,5.9129686,158800
10.638697,2.2587566,0.7872447,2.438917,5.8666325,85000
11.353027,0.9552512,1.8477609,3.1983554,4.5099516,137298
0.3455107,1.0480512,0.24296756,3.349805,-0.6261881,146766
0.23738976,0.9454087,0.14879103,3.258671,-0.7585395,109251
0.23756613,0.93972635,0.16197306,3.259325,-0.74499655,119958
12.090723,-0.23076665,1.1270924,2.9389093,6.8225684,86500
11.636088,0.2340943,0.28032455,5.3073525,8.401366,107000
10.217824,2.3461618,0.97899854,4.163505,7.2870307,540010
11.702551,0.38661635,1.5255182,3.38258,7.519261,119000
-1.0020403,-0.6792752,-0.2581819,3.4762402,10.235786,160000
-0.1060073,0.985881,0.26698616,3.8107016,10.406946,170000
0.009707013,1.9189231,0.36596784,3.0151916,7.501593,177000
11.385735,-1.1988522,0.56661105,5.392461,8.285825,405000
11.517689,-1.369975,0.73839056,4.2201533,7.6457386,184900
5.243166,9.268417,2.1298592,9.737963,5.8732095,195000
0.63604766,2.5061328,0.13250943,2.7637606,7.0324407,170000
10.733154,2.3953207,0.5660226,2.469919,6.9091477,215000
-2.032216,-1.5097296,-1.3165522,3.8731112,9.95218,70000
-1.0974367,-1.4976045,-0.3643807,3.403771,10.15902,78000
3.111293,6.162103,1.7280104,1.5691832,7.857845,81100
1.1633313,1.8607023,-2.8389468,2.4453049,4.966477,84500
10.596532,2.2604039,0.25283003,3.3798885,6.0253534,129000
1.1543813,0.95208824,3.434633,2.8623278,10.442514,250000
10.700237,2.3974526,-0.28947744,3.1309025,6.2696314,130000
1.050593,2.1604257,0.7623757,2.2112393,7.259523,349000
11.250421,-1.4592838,0.9141833,4.739323,8.272983,170000
10.715831,1.4190902,-0.8168563,3.153761,6.368454,99900
-1.2851417,-1.3414859,-1.157931,2.8946486,10.553121,139000
0.058358923,1.7162627,0.051887374,2.918517,7.431306,59000
-0.44231218,0.24035722,-1.0634694,5.000895,10.951534,245000
-0.4557047,0.13687968,-1.0319461,4.788354,10.914237,175000
11.309076,-1.3812495,0.8537368,4.6711235,8.174631,330000
-0.62065744,-0.20644291,0.22405672,2.946716,10.209385,115000
10.587405,1.4534645,2.7917826,1.4264053,6.699487,85600
11.594302,1.2603462,1.3884618,3.8868418,7.0568776,249000
12.072315,-1.4619799,-0.47281343,3.919418,7.007586,107000
9.837675,3.1525269,-0.12749568,2.8630095,7.15987,129500
-2.419881,-1.3288414,-0.94509435,2.699041,9.673563,105000
11.792395,-0.6294652,1.1853846,2.746411,6.955865,68000
10.719503,2.3148696,0.9056885,3.704488,6.986235,295000
11.216422,0.7241188,1.5698416,3.7740679,7.4516335,149999
-0.64638394,-0.19004656,0.019181948,3.1038733,10.3113575,76000
11.610225,-0.4531323,1.2418869,2.6673844,7.078603,79900
10.088784,2.2627714,1.0298643,4.275957,7.3311696,485000
10.8014965,1.9578698,0.21568482,2.6555545,7.652719,240000
3.2760563,6.0093846,1.4444152,2.2166185,7.5632377,260000
2.0094063,2.0824528,1.1441773,2.176966,7.4521923,255000
0.80188096,2.4361355,0.5217776,3.9226713,8.028162,280000
0.20838617,1.4137601,0.26707613,4.1955314,10.070858,320000
9.7168045,2.3368573,1.167335,4.3669457,7.717237,238900
1.2173288,1.836448,-2.891536,2.448717,4.91731,77450
1.3574619,1.7495334,-2.9209743,2.5535023,4.9827237,64999
1.7257152,3.0208423,0.9995388,4.393262,8.27055,443000
-0.43993518,-0.056561694,-1.0201675,4.6422796,10.679906,157000
11.416625,0.34346566,0.22953233,4.9204893,7.783685,120000
11.79953,0.8768057,1.4099996,4.045733,7.5566177,95000
-1.5080172,-1.3779206,-0.6782126,3.9163363,10.224879,94000
-0.18475917,0.5342636,1.8966757,3.8547702,0.5497776,95371
10.71919,2.380266,-0.00027703977,2.9563005,6.448643,73498
11.660379,1.2583131,1.3230244,3.9780035,7.426927,159000
-0.26931074,-0.30202737,-0.56987274,4.4591546,9.716315,130000
-0.92463744,-1.4680673,-0.29250756,3.2417824,10.067097,119000
1.4002725,1.69056,-2.7797534,2.3852735,4.6793137,76230
0.8445528,1.9456542,1.5922779,4.619886,1.002731,160000
0.6434777,0.4631635,4.20725,2.3312786,11.237139,104865
0.7367427,1.8034536,-1.5152038,2.5742543,6.346945,108999
12.190427,0.8992043,0.7412083,4.3570433,8.221993,131900
0.66197985,0.48536003,4.020639,2.4392219,11.019442,95000
10.658448,1.4303452,2.5761428,1.566578,6.7661686,136000
11.747604,0.743056,1.5473603,4.0786066,7.454391,161999
1.527162,1.1135684,0.42159587,3.1901689,6.1710935,335000
10.634696,2.474077,-0.070239924,3.1182928,6.2490864,200000
-1.8497878,-1.5596696,-1.4756942,2.3124394,9.905907,86000
10.964501,1.490584,-0.3373224,3.3768868,6.978633,325000
1.7957056,1.3520658,-0.4223637,2.9650898,6.2112055,368800
1.8002411,1.3474575,-0.39563066,2.9771485,6.2223463,368800
1.6722226,1.3532356,-0.76759243,2.868262,6.0604215,241700
1.6620609,1.3863059,-0.8132922,2.8722656,6.048039,233625
1.6567217,1.3840833,-0.80330527,2.8782425,6.0611863,233625
1.6597599,1.378258,-0.82627666,2.8665116,6.0356145,229375
-0.49714455,0.28484082,0.99613667,3.309711,-0.23126142,105800
12.066271,-0.73359144,0.73032093,2.8108082,6.526742,52000
0.21845789,1.3423299,0.22567347,4.211636,10.128184,300000
-0.5739511,-0.3963794,0.31430414,3.2169201,10.119527,120000
-0.70080763,-0.9307647,-0.075489305,3.1100101,9.98027,204900
0.40195784,0.30057397,3.738322,2.497005,10.912315,77000
0.5984842,0.47490522,3.6982453,2.467323,10.863965,64800
11.140144,0.8372368,-0.83206326,3.2139666,6.4691935,35000
10.451385,1.2872936,2.9685326,1.3563262,6.964828,135000
11.771065,-0.2555646,1.3820932,2.8851023,7.246464,87000
1.0102979,1.565152,-1.7131879,2.5096068,5.564497,190250
0.70443857,1.5869039,-1.4598079,2.62979,5.973522,172625
0.7047548,1.5864954,-1.438289,2.6456087,5.9876776,172625
0.81570786,1.508272,-1.3614602,2.5355854,5.8908215,169750
0.7213698,1.5658114,-1.4422909,2.595052,5.9282813,149125
0.7307917,1.5682834,-1.4432571,2.6010883,5.929614,149125
0.73681253,1.5656595,-1.4426173,2.5944097,5.931906,148525
10.761916,2.3872044,0.54117304,2.4348834,6.890282,159999
11.464584,0.06719204,1.5378661,3.0102923,6.1972265,125000
12.3823,-0.25709864,0.86280143,3.0042188,6.5418143,99990
0.06643649,0.5643296,-2.2129288,6.056779,10.542881,119800
11.556167,-0.3114136,0.41579357,5.307014,8.402611,210000
-0.8062667,-0.7700596,-0.23093553,3.24396,10.554481,85000
1.831281,2.9451451,1.2854835,4.368115,7.8526063,790000
-1.8944016,-1.2377834,-1.0221735,2.0148854,9.742571,86000
11.892091,-0.7600391,0.89035094,3.1894577,7.3027086,109800
0.68578464,1.6798416,-1.4717609,2.6633441,6.047676,178999
0.41898248,2.942841,-0.036183972,2.709327,6.846853,125000
11.44149,-0.49051884,0.3777723,3.9376423,6.49767,109000
12.164565,-0.3802285,0.9358714,3.0454783,6.713524,94500
3.0864232,6.10851,1.6614276,1.6133138,7.8170767,124999
10.583328,2.5623963,-0.009300143,3.1369033,6.262571,159900
-0.2111975,-0.11219262,7.039827,3.160553,6.8112674,89600
0.77879214,0.65407443,3.1190324,2.7401495,10.28744,74000
1.7758362,1.3475071,-0.4955375,2.948427,6.177616,265900
1.8020395,1.3387147,-0.4331531,2.9627886,6.1972976,265900
1.6945248,1.3522655,-0.7240249,2.8827763,6.077834,208800
10.630716,2.3376584,0.35047272,3.3067088,6.0896397,229000
0.7681928,0.75653356,2.752472,2.8130224,10.059505,145000
0.2256071,1.0060836,0.41231558,4.191245,10.255451,169750
10.977757,1.2391806,1.7903942,2.09196,6.998213,148370
12.553053,-0.16469422,1.1340723,2.951033,5.8950634,86500
-0.18467088,0.42785954,-0.5367556,4.437964,10.77175,225000
0.51791054,2.63781,-0.19948888,2.7686114,6.8746614,182900
11.387392,1.199365,1.7236733,2.9806,4.571603,78500
11.557132,-1.277764,0.9223034,3.7838585,7.474649,85000
0.9767054,2.530135,0.69173235,3.623248,8.598691,629000
-0.69174296,0.008699144,-0.025970444,3.3131454,10.491015,79500
11.165136,-1.7514347,0.62295794,5.4868536,8.06738,199900
11.871899,0.71119446,0.63240236,4.6292114,8.02934,130000
3.6483872,6.8355412,0.87256575,3.2605507,6.887523,299000
10.96154,0.46226087,1.7058123,3.3067315,7.1648417,249000
-1.1076126,0.53409696,-1.3747704,6.0109186,9.683789,98000
12.188454,-0.66556937,0.20192033,3.4058387,6.8653812,93000
0.19947824,1.9668801,0.55226,3.0615494,7.415345,316500
0.8464953,1.8527272,-2.14613,2.750904,5.696718,166000
0.2394371,0.8567853,0.13496037,4.7255054,10.395241,120000
10.736899,2.2414465,0.0638662,2.880429,6.433849,189800
1.2001991,2.9756641,0.5800188,3.8397949,7.846671,550000
11.4568,0.15402797,-0.84390193,3.3121097,6.4681106,61999
1.458034,1.057596,3.8946857,2.8173492,10.610478,199500
12.200239,-0.37110752,0.86600447,2.9623873,6.865967,90000
12.016535,-1.4828112,-0.1584542,3.958847,7.0781674,168000
11.216656,-1.0199933,1.1319658,4.4864,8.0380125,299900
-0.9350144,0.6737872,-0.9942777,5.7970862,9.495543,144900
12.0738,-0.68592334,0.9443817,3.5746133,6.5438404,192900
0.22589341,1.3922096,0.27733505,4.182464,10.0683775,335000
-1.0323147,-1.4302872,-2.6228364,3.4601371,11.158348,90900
11.181253,-0.5848809,1.6700561,3.471505,7.2155685,73000
-0.10625728,1.0395247,0.07551647,4.4745684,10.329256,105000
10.766593,-1.5733821,0.8904456,5.6661167,8.931309,790000
-1.0008719,-1.1830359,-1.1131175,4.517436,9.877793,83900
1.6458098,1.405499,-0.8561453,2.8741727,6.0354853,194800
0.66300535,1.0202029,1.6483502,4.2969513,1.3846245,228000
-0.9404699,-1.4843441,-0.30546138,3.2499983,10.078139,118000
2.1450758,1.7629294,1.5531977,3.3452902,7.912576,369000
2.8717473,1.8169353,1.3363003,1.9751904,7.631789,410441
2.9733078,1.7295785,1.3728318,1.8938305,7.659792,269182
2.8676605,1.7844596,1.374933,1.8020859,7.6285214,187801
-0.98816687,-0.633172,-0.23322372,3.465133,10.23382,176999
9.569134,3.1616566,1.3161312,2.8649204,7.2750998,149875
12.952321,-0.8777933,0.77337456,3.4517767,5.981633,79000
9.977096,2.2364376,1.2748998,4.0174994,7.4970264,850000
0.71172655,0.5986205,3.0582433,2.6874156,10.265664,83000
-0.08897177,0.9914249,0.29905793,3.4164774,-1.2718009,93847
1.0389935,1.8712962,-2.4157941,2.5145512,5.209357,129000
12.33828,-0.2635922,0.92800397,2.8694246,6.709106,188000
0.2775425,1.3541561,0.14715403,4.470235,10.051615,364900
-0.18071398,1.0733404,-0.17141707,4.86103,10.019373,265000
10.627049,1.753607,-0.67650265,3.2391987,6.29692,92500
1.5863672,1.4568431,-0.9142733,2.8797345,6.0328007,182000
0.9966424,1.5748432,-1.7225056,2.520807,5.5788636,164100
1.0156605,1.4403837,-1.4571949,2.4481523,5.6319833,140400
0.87496996,0.7247392,3.059658,2.7591946,10.159796,84000
0.4053488,0.24189778,4.431131,2.3087573,11.423751,89600
11.321523,-0.8693731,1.3339446,3.7419848,7.0710483,133000
1.912095,2.2881064,1.0896311,3.0854113,7.7412076,330000
11.284137,0.33769098,1.5272688,2.714142,6.7236986,58000
-0.24447699,0.2969743,-0.72043896,4.538604,10.799081,222998
1.1296086,2.9244041,0.5585693,3.7029119,7.541846,229000
10.578296,2.2440765,0.07286288,3.2240055,6.324479,175000
0.57093227,2.5081465,0.23164819,2.7751286,7.0864925,158000
9.688538,3.9504488,0.8732107,3.9851942,6.589254,150000
0.36471608,0.2126021,4.430038,2.364789,11.379841,90074
-0.2086991,-0.2705553,-0.7609549,4.769573,9.491345,148000
0.6389252,3.102886,0.18563402,2.9902928,7.0015125,215000
3.1510677,6.185206,1.6908493,1.6073548,7.8138113,108000
0.2374206,1.2996422,-0.36768073,5.28225,10.461238,188000
10.66855,1.4856206,-0.24922572,3.6973474,6.5192437,340000
-1.3156643,-1.1154139,-0.48477596,3.6869082,10.283551,129998
11.848999,-1.0227525,0.7450971,3.5405414,7.2308087,155000
-1.3298906,-1.0952291,-1.0793731,3.4536154,11.03438,97990
-1.7759228,-1.3411978,-0.81119436,2.2121217,9.751657,62500
-1.1517416,0.5602298,-1.4054463,5.9939876,9.719074,74900
11.595478,1.1041992,1.5562414,4.014545,7.130941,249000
13.022094,-0.9209673,0.7779163,3.4604156,5.915618,68500
-1.8923699,-1.4923971,-1.2676337,3.8147285,9.983568,78000
12.694143,-0.87651014,1.1627343,3.1930828,5.177843,65500
1.4865742,3.0662117,0.6772215,4.0351887,7.8628955,179000
-0.013188682,0.55671144,-1.4942704,5.553409,10.373338,214000
12.093668,-0.9372304,-0.71283954,3.6593022,6.831683,100000
-1.3991295,-1.1252364,-1.0380476,3.4655097,11.002782,154900
1.1228799,1.3193374,-1.1923128,2.34757,5.5955095,118400
-0.06336084,0.5493288,-0.7561276,5.3439965,10.487457,119900
1.462371,1.1899242,3.9183166,2.856529,10.61451,186375
1.4558413,1.1865084,3.908987,2.8572285,10.606983,186375
-1.381316,-1.1236874,-1.0677298,3.45964,11.021533,130000
11.751245,-0.29211286,1.3519619,2.8941603,7.213924,97000
1.2425915,1.8132812,-2.93197,2.426671,4.8552523,83000
9.6027355,4.007042,0.798667,3.9865758,6.638925,280000
10.95795,1.7392449,1.7218463,3.10995,5.1664886,129000
10.977171,-1.6128532,0.6597868,5.243519,7.5433292,249000
1.0199391,2.3639958,0.7368564,2.8285427,7.2168026,224500
1.1349835,2.5269716,0.9994338,2.4910488,7.779726,143000
-0.36663094,0.67221946,-1.9665834,5.487153,10.778109,124500
10.825335,1.2014661,1.5497373,3.428736,7.0188603,267000
9.579621,4.0669117,0.87042964,4.056078,6.6643624,318000
1.6058351,1.1813304,3.0524602,3.0968266,9.663496,150000
1.4404086,1.0602514,3.0723376,3.0085309,9.808147,123000
1.0338366,-0.5527306,1.5181742,4.6729536,2.065526,165900
0.43258962,0.25075138,4.2312427,2.4711502,11.143165,104865
1.5456563,1.1061369,4.026612,2.744019,10.691517,126140
1.8324257,3.0546057,1.1566352,4.479251,8.266077,790000
11.808877,0.72151047,1.5647963,4.166081,7.32575,139200
-0.23870826,1.030319,-0.23926137,4.969759,10.374465,233000
10.9932575,-0.35227895,1.9347128,3.4544384,7.3349633,137000
11.396178,1.00133,1.805131,3.0992868,4.482329,99500
11.211729,0.7365573,1.5689088,3.7761958,7.445666,149500
0.19620939,0.8968105,0.32634372,4.3251476,10.338537,137900
11.829768,0.59757394,1.4862323,3.6052256,7.588238,121900
12.0575695,-0.052165836,2.6235836,4.552662,4.7957797,99900
10.768111,-1.5831033,0.8929988,5.6738033,8.926814,200000
11.155681,-0.75674,1.6019866,3.793659,7.10933,107900
10.955933,1.4540386,-0.70196056,2.637147,7.0740347,93900
0.91730165,-0.44912612,1.6006099,4.6313148,2.0787203,165900
-0.9911986,-1.4950521,-2.7595563,3.388007,11.122148,245000
10.888493,1.2253577,-0.26860085,3.165163,6.51428,156000
10.676749,1.399336,0.6864027,4.1213984,7.434624,233000
1.5559088,1.1147418,4.0405407,2.7457166,10.705543,111157
0.7599834,2.2930162,0.6179903,2.398867,7.1768317,260000
1.148578,1.7861233,-2.8069315,2.5011272,4.9264913,82999
0.68829507,2.169083,0.3894396,2.5204568,6.908524,260000
0.55752766,0.38374874,4.2059927,2.4288466,11.117417,87360
1.3969095,1.0336275,3.7983315,2.7805142,10.508997,105840
11.610435,-1.3017547,0.8955153,3.6686249,7.4095063,49900
-0.3321188,-0.47714427,-0.37586972,4.034427,9.787512,60000
1.1713839,1.6519766,-2.5339613,2.2955,5.117529,48999
0.6186286,0.4336303,4.2579308,2.292364,11.289474,74000
0.6222161,0.43837252,4.2218266,2.3151631,11.256124,70000
10.36167,1.2149844,3.0986545,1.2676151,7.0057364,108000
0.61947,0.43574038,4.2299924,2.306136,11.265965,80500
10.9386015,1.4695791,-0.6291857,3.1353734,6.6396604,134900
13.038354,-0.9379501,0.7883879,3.455053,5.862366,69900
-0.43785587,-0.051443234,0.38140965,3.1799808,10.12059,148000
1.1081703,1.5145874,-2.4729943,2.327085,4.433166,79800
11.094105,-1.584256,0.9297195,5.0749125,8.358707,145000
-0.55648047,-0.2340425,0.45992348,2.7041452,10.138018,108000
11.401682,0.1258512,-0.1904606,4.270477,6.5488195,189000
2.2383611,2.9305348,1.5517447,4.4203615,8.147341,206600
0.13874023,1.9205242,0.349394,2.9032264,7.570144,168000
1.1128817,3.1280615,0.24711977,4.1852703,7.787911,305000
1.1492172,1.6564033,1.3286372,4.06018,1.0828354,129000
3.3431797,6.3310895,1.5505003,1.7904652,7.6138673,109000
0.8127063,2.4336162,0.5034812,3.9423008,8.000222,267000
10.860329,1.8699411,1.6438922,2.7970288,6.995101,290000
0.9605039,3.4778638,0.0005626292,3.3132718,6.911935,163000
11.456568,0.91429245,1.8216785,3.4876812,4.7639365,93000
4.4822745,7.726195,1.4795084,1.7771705,6.847257,176500
10.861287,1.4428658,0.2546612,3.8730037,7.1471357,160000
-0.6787326,0.70266294,-2.0967536,5.90642,10.5590925,143000
-0.075366594,0.76146364,-0.81015545,5.241148,10.158585,305000
0.3924958,0.23847589,4.3610992,2.457751,11.204617,93612
12.132521,-0.88086164,0.5396557,3.337419,7.0954413,165000
0.25950825,1.1264251,1.1143539,2.7126734,7.3755193,140000
0.26954716,1.0874742,1.102991,2.7175708,7.404792,149000
0.26950994,1.087989,1.1014858,2.7165284,7.403255,153000
0.25594565,1.2120012,1.0943693,2.7041583,7.3235307,177900
11.820404,0.68990713,0.6100228,4.656319,8.0008545,192500
0.20906463,1.2400479,1.0693604,2.711626,7.2856045,172700
1.0699229,1.5129652,-2.3607311,2.3195817,4.538734,240000
1.0971056,1.5195779,-2.4753532,2.3217525,4.4647985,96500
1.0927312,1.5066073,-2.4525301,2.3207538,4.448526,98500
1.6447481,1.3268253,3.9384413,2.8595617,10.607807,184691
1.2288895,0.9903877,3.3222284,2.8547108,10.159012,126500
11.079571,1.8663316,1.309365,3.9502616,6.8223553,260000
-0.93579286,-1.5617932,-1.0383102,3.3577862,10.409023,107000
1.6060493,1.1500821,4.08687,2.7686343,10.739297,122000
11.691905,0.410304,1.5570108,3.2796738,7.4974146,156000
-0.2530754,0.56823665,-2.14097,5.6686263,10.670553,106000
-1.4857173,-1.3976892,-0.7016502,2.2845213,9.889824,63750
1.2107353,0.9994731,3.275229,2.8591273,10.134374,124000
1.5684719,1.1039485,4.0721073,2.743708,10.730917,122000
10.203715,3.370804,1.1723876,3.96643,6.571292,175800
0.299659,0.5358429,-0.16670467,5.5616646,10.65207,139990
10.757145,-1.5674744,0.928912,5.5935297,8.907589,565600
2.7657907,2.612436,2.2195168,4.273184,8.195226,1264990
1.107077,1.8369179,-1.8307294,2.8958955,5.887126,297000
11.893962,-0.7787837,-0.51316756,3.7208176,6.764094,124990
0.5105265,0.3436445,4.271637,2.3470798,11.272173,84900
10.695006,1.0151298,1.7029945,3.0927322,6.9669757,159000
10.975757,1.5049738,-0.6246705,2.6148212,7.1218343,165000
1.1524363,1.3057331,-1.3574479,2.1214077,5.7486577,188000
1.3117597,1.7820919,-3.0152943,2.3551917,4.8268943,65000
1.2677139,1.7882432,-2.958135,2.364196,4.876749,77450
1.8954211,0.9218971,1.3089582,2.6427011,8.220212,249000
12.192619,-0.3633707,0.90822977,2.9301863,6.9232864,144300
2.0307925,3.063326,1.2894123,4.288561,8.078318,545000
10.773461,2.0113466,1.1750631,3.8852851,6.7155976,269000
12.178829,0.0028294437,2.4403918,4.7573514,5.994085,124990
0.32098138,0.8984688,1.8022236,4.1191216,0.95750856,159000
-0.16974473,0.54073405,1.9024792,3.8623545,0.5599579,125000
1.0394008,2.2953894,0.7341976,2.7216294,7.1671386,299000
0.70698005,2.336927,0.56998754,4.030822,8.28161,235880
2.8409133,1.827318,1.3817044,1.7900287,7.607938,225000
0.063795894,1.8628182,0.3880956,2.9995022,7.4195447,182822
0.9728848,1.652002,-3.315771,2.0800774,5.31431,49900
10.604756,2.2893162,0.87515134,2.4155173,7.0806317,164000
0.59072584,0.41436762,4.182275,2.4168944,11.11264,129500
0.50248015,0.32284635,4.216768,2.4706793,11.08724,129500
11.634947,-0.42256784,1.2626413,2.6910458,7.1286297,145000
11.383869,-1.51589,0.84623456,4.430502,7.7501187,149000
10.729422,1.8818959,2.1265068,2.2315896,5.924569,105000
1.0160564,2.126725,0.75409406,2.586805,7.0847044,245000
0.15390773,0.64438653,0.18548514,4.289179,10.41232,115000
11.007455,0.8492716,1.6341412,2.9694507,7.0055985,549000
12.322429,0.7331215,1.8020834,4.0109773,6.091952,200000
11.135349,1.6990068,1.1984279,3.4851232,7.2821803,335000
1.4468005,1.1780064,3.9186692,2.854751,10.614851,132500
10.088016,2.2593114,1.171027,4.143998,7.482886,750000
11.296394,-1.385991,0.8705089,4.671811,8.192915,405000
0.6173424,0.43691528,4.120345,2.3851743,11.128275,85900
-0.32737824,0.7129546,-1.8904358,5.424329,10.785397,125000
10.716822,1.3985047,2.3408034,1.8011667,6.9171085,205000
3.0251675,6.0277996,1.5857122,1.7018994,7.782935,175000
1.2095845,1.2674247,-1.3110318,2.1218853,5.704853,188000
3.6847465,6.847005,0.85511565,3.2490144,6.9595766,260000
-0.59398437,-0.2558227,0.20393278,3.351258,10.154117,115000
10.869055,1.4717155,-0.2548568,3.59626,6.802832,118000
10.956646,1.1159172,-0.83751184,3.1054058,6.501568,85000
10.589355,1.357692,-0.28182936,3.4583092,6.5088835,250800
12.043356,-1.4662131,-0.28972456,3.9436398,7.061038,178000
10.81518,2.2945845,0.3355775,2.6063864,6.6116037,308999
1.2778993,3.0377772,0.5984413,3.8361297,7.861066,430000
11.2330675,-1.2543104,0.96956116,4.8897905,8.3997965,175000
11.13115,-1.4208026,0.94138056,5.065326,8.497858,119000
0.087212324,-2.2438304,1.3017659,4.305697,2.0851176,45000
11.041282,1.213914,-0.7874186,2.8866594,6.7605243,99000
10.767141,2.3697462,0.5538913,2.4029071,6.891301,250000
3.3405123,6.0474057,1.4816684,2.3185842,7.5694356,355000
1.4848658,1.0820339,3.9441142,2.8066006,10.636554,128000
10.98604,1.0952067,-0.8189209,3.1526496,6.471034,49500
10.817987,1.7297046,1.5221547,2.2813263,6.9864683,134000
10.856845,1.7755436,1.3592305,2.547682,7.246438,180000
10.865124,1.7863239,1.3230251,2.5687323,7.284836,162000
10.881796,1.9449482,1.1840471,2.2500007,7.0038743,130500
0.23547259,1.0598221,0.41489702,4.1619034,10.187073,284000
9.98168,2.2986155,1.1712471,4.231741,7.5225954,532620
10.301652,2.358307,0.93873614,4.123271,7.245881,369490
11.2570095,-1.4175886,0.9924196,4.630106,8.131649,155000
2.7462742,2.5537448,2.264676,4.235819,8.203954,1300000
1.2195815,3.216916,0.46534348,3.7654135,7.644568,195000
1.0757383,3.220544,0.26294252,2.864165,7.527847,155000
11.2049265,0.5513162,0.32235178,5.1198354,7.9345975,154000
11.060953,1.0829268,-0.8331943,3.0247521,6.6021895,94500
11.77589,0.44935897,1.4401159,3.4251127,7.650422,225000
11.608115,0.040874593,0.42276004,5.1174264,8.233651,110000
-2.16266,-1.6257374,-1.4185578,4.366927,9.950719,77000
10.581125,2.5072656,-0.048767455,3.2598574,6.2166624,125000
10.465562,1.9832443,1.1932001,2.6453025,5.783371,179900
1.9505956,0.9239731,1.3203483,2.6007955,8.203243,330000
11.922177,-0.72429436,-0.5138776,3.600346,6.7430525,126000
-0.43660715,1.3121592,-0.80502874,5.447945,9.91851,250000
-0.41629037,0.75429845,0.22604097,3.4522312,10.613217,110000
11.511305,1.6054058,1.2030882,3.7981756,7.3072433,110000
11.381821,0.36298075,0.17364289,5.0207534,7.780747,99000
10.763389,2.3553274,0.5166133,2.5302384,6.78353,170000
11.639633,-0.41294086,1.2829405,2.6777778,7.122049,116000
10.841396,1.3592552,-0.50530636,3.2105427,6.4102497,153000
11.660416,-0.47801483,1.2447022,2.7256598,7.1394186,77000
1.544082,1.1591924,3.9597218,2.7804642,10.650531,136363
10.619261,1.7893159,-0.65984476,3.249873,6.2808437,94900
11.47703,0.16373907,1.5515441,3.1889358,7.4129987,84500
0.21498375,1.3815862,0.15482986,4.339131,10.100616,345000
0.26188293,1.3889863,0.26201972,4.224383,10.087115,345000
-0.433713,0.7588847,-1.8760304,5.4209747,10.761875,119500
0.6104115,0.4364685,4.165304,2.3187053,11.189669,85900
1.9191368,3.0400922,1.1840324,4.420649,8.285325,599000
11.332803,-1.074932,0.7208924,5.3026705,8.466772,315000
10.323699,2.0813806,1.0898527,4.1627674,7.1071863,550000
5.234893,9.434113,2.2761178,9.9022,5.716432,96000
3.281666,6.24848,1.5566654,1.7602848,7.6634316,159900
-1.615477,-1.4331439,-0.8242616,2.2212799,9.801187,75000
-0.9277364,-1.537517,-1.1949931,3.4409735,10.489491,194999
0.67942125,0.50711626,4.0391917,2.4736075,11.002832,86500
11.527546,0.77407616,1.5838768,3.6101387,7.4168477,231000
1.0414537,0.79313004,3.0268483,2.845594,10.049021,82500
1.0129648,2.5310345,0.5294714,3.7513118,7.979006,295000
1.472583,3.4244714,0.35874048,2.365878,7.9452615,180000
1.5288482,3.4232445,0.6139639,3.7819862,7.7436666,178544
0.302222,0.7756315,1.3378358,3.2876775,9.773066,162000
-0.5565336,0.24243326,1.6653384,3.5111198,-0.49953508,91000
1.2278395,2.8896635,0.124330595,4.3053493,8.092466,269000
-2.7296867,-1.8235995,-1.3247107,3.7649424,10.160511,82998
11.647578,-0.46555668,1.2733008,2.7210581,7.132971,59900
0.75416595,1.3998926,-1.7655461,2.6408153,6.3156605,168354
0.6906454,-1.8675652,1.4484736,4.694082,2.2905903,99900
11.935927,0.1872492,2.2543905,4.025982,4.8260474,80244
10.331054,2.1622205,1.1053824,4.1835165,7.150788,790000
0.304432,1.171635,-0.29873857,5.319222,10.565418,160000
1.2135203,1.7838039,-2.9551888,2.3673987,4.8671494,73000
2.2755706,3.147649,1.2810602,4.5264792,8.264849,845000
3.7005992,6.9193177,1.0119916,3.02709,6.966926,249000
10.3721285,2.2247705,0.53614366,4.155347,6.8873825,165000
10.528234,2.1514885,0.8266897,2.9333038,7.6832504,250000
-1.719864,-1.7230436,-2.25441,2.8129084,11.853733,121000
12.185658,0.0006407833,2.442027,4.754196,5.9774613,120000
10.45789,2.2123103,0.86011106,2.4078305,7.663807,470000
9.49183,3.2018704,1.3689855,2.9973524,7.261281,190000
-0.5500828,-0.35183358,0.6499391,2.5333648,10.163286,38000
11.037925,1.3541234,-0.7407111,2.6795073,6.999398,73900
11.889425,-0.44383746,1.2612556,2.950152,7.1008177,64000
11.31368,0.80008894,1.6196084,3.566441,7.2607083,295000
-0.2532815,0.65311587,-1.6086427,5.394217,10.613148,118900
-0.77552354,0.6399797,-2.1722178,5.9389906,10.457515,104000
0.017161766,0.5414712,-2.2221727,6.0250154,10.524386,129800
1.1935844,1.7324834,1.4798133,4.2510986,1.3924441,203000
0.015625946,1.0266694,0.18249345,3.4265285,-1.3278147,93700
10.642472,2.3258264,0.7560477,2.9926426,6.9903135,259500
3.280853,6.2985144,1.5670804,1.7231361,7.6543307,134000
-1.8819969,-1.7647402,-1.2789181,4.414124,10.017602,110000
11.490423,0.20110051,0.30096236,4.973246,7.9093227,87000
11.241047,-1.295194,0.9248645,4.9518633,8.398148,169000
9.9374895,2.1244223,1.314872,4.054132,7.504987,296500
3.683398,6.932719,1.0166584,2.9975283,6.9627485,195000
12.202928,-0.98486763,0.8177877,2.7062266,6.3327723,59000
3.7008636,6.931088,0.99837714,3.0287235,6.9687977,269900
-0.15726234,-0.29559138,-1.0089453,4.9272847,9.631226,215000
3.6380067,6.9433465,1.014928,3.0051575,6.9135637,179000
10.939939,-0.24645813,1.9497539,3.4366672,7.332748,210000
12.192499,0.21061994,1.3441477,3.2442458,5.8142185,71000
11.430867,1.4789062,1.6110765,2.974113,4.9643154,104000
0.85018516,2.4576652,0.48881775,3.9418786,7.979572,269000
10.625635,2.356755,0.6007227,2.6228812,6.7666306,260000
12.216008,-0.5766891,0.708194,3.377383,6.8762574,119900
10.384032,2.4098558,0.86147124,2.2599149,7.627099,435000
0.96595496,1.473026,-1.168863,2.443122,5.8493433,149990
0.24545614,1.1051029,0.4614139,4.1100507,10.168671,280000
3.5060582,6.8876333,0.82756853,3.3175814,6.723636,119000
10.809933,1.7436376,1.5536324,2.2350218,6.9712753,66430
11.024812,-0.23704797,0.39254797,4.623605,6.868959,215000
1.5950149,3.7343462,0.23113725,2.112336,8.067144,104900
1.5344803,3.5654328,0.31838787,2.3303928,8.004795,147000
11.514298,0.48579857,1.4697076,4.0861464,7.4366226,130000
0.6401321,2.105832,0.5713862,3.655829,8.681849,190000
0.7560905,1.6438293,-0.5668872,3.3883414,6.9172883,249900
0.6041428,-0.82297057,1.6639212,4.5442214,2.294543,120000
-1.8587404,-1.6477767,-1.5979017,2.4138625,9.980302,54900
1.1162769,1.7040915,-3.175071,2.2102957,5.0816884,49500
9.793789,2.2831736,1.2188141,4.280682,7.6515183,700000
10.70472,2.3862379,-0.2544354,3.1618047,6.2702117,139000
1.3141654,3.271918,0.4800702,3.6218603,7.6274886,230000
11.675017,0.2887258,1.5533992,3.2625868,7.47262,94900
0.7599557,2.4677637,0.5997783,2.3533897,7.0644403,215000
2.9205627,1.7594968,1.2437081,1.9822395,7.5928307,467000
12.010391,0.7708655,1.0898303,4.1812105,7.8310947,190000
11.685172,-0.025190907,1.6439039,3.1699717,5.2281117,31000
0.9151815,2.7073267,0.6556697,4.1127625,7.785485,320000
-0.23772319,-0.23889823,-0.45495218,4.3509164,9.782591,154999
2.5892758,2.868003,1.8873476,4.4241242,8.206874,1200000
0.046702582,0.6634074,0.1578197,4.1350737,10.426679,115000
1.0624326,1.5417746,-2.3499377,2.350749,4.646059,124000
9.442198,3.2808142,1.4002972,2.9690187,7.280464,99999
1.3502252,2.5545883,0.9485256,2.756796,8.135836,250000
-0.5621422,0.26193956,1.7090327,3.5179381,-0.5642932,80000
11.510225,-0.31951892,1.3867818,2.9551992,7.1505837,159000
11.407401,0.056719393,1.6487701,3.3490474,7.4099874,112000
0.71263325,0.6049994,2.9391384,2.706737,10.173043,70200
3.6380994,6.980491,0.7694272,3.3448975,6.835432,325000
11.220179,1.6495379,1.4137156,3.1226494,4.767443,125000
10.80173,0.9800506,0.58498466,2.9972239,6.2389083,142000
-0.42733294,-0.091993086,-0.9945998,4.615602,10.544826,405000
1.0345842,1.4621418,-1.8833722,2.2465003,5.1623464,119000
1.0642016,1.3344132,-1.4418317,2.1651218,5.6218867,119000
10.986586,-1.5649612,0.8803063,5.3866086,8.639076,365000
3.7205412,6.862001,0.9663295,3.1012294,7.0042763,362478
3.6118634,6.8752294,1.0222126,3.0399365,6.929695,174345
-1.4204684,-3.1446552,0.72014874,3.3050508,1.0355337,71600
11.714615,-0.34970477,2.1428146,4.725517,6.5550504,149950
10.459158,2.129913,0.30706534,4.0863414,6.7004924,219000
11.342959,0.1097255,-0.23382868,4.356612,6.49925,185000
10.941455,-1.615847,0.7013295,5.3311377,7.750578,250000
10.819917,1.7744815,1.5291014,2.4559567,7.1314263,120000
11.4690275,0.635691,0.5844201,4.656064,7.768247,165000
11.018188,-0.3489973,1.9162905,3.454545,7.335358,126000
-0.42773017,0.22237463,0.28193527,3.269964,10.261183,97000
0.696564,0.5927679,2.1509006,2.884652,9.825603,127500
0.547916,0.3764901,4.245535,2.3236897,11.27012,85900
9.821899,3.1358256,-0.052659675,2.9856787,7.1958437,259000
10.979088,-0.3645793,1.9614547,3.4644608,7.345439,112900
1.0424724,2.3660944,1.0509591,2.4529562,7.8307934,135000
11.930907,0.18710272,2.2624693,4.039364,4.838909,79999
-1.668995,-1.4786814,-0.89158547,2.125491,9.729277,65000
0.48473004,1.6601729,0.62976974,3.9338667,9.575808,399000
1.017985,3.106579,0.4327964,4.007969,7.6260457,305000
12.331988,-0.35292825,0.915823,2.8815405,6.778397,117500
0.5189937,3.0145733,0.16879004,2.93301,6.963586,142000
-1.7221968,-1.507404,-1.1637119,2.315135,9.902252,107000
10.71886,1.43664,2.300779,1.7635885,6.907967,177000
11.435166,-0.658318,1.3361686,4.291277,5.920876,118000
11.6864805,-0.9829632,0.9468573,3.5261385,7.232649,230000
1.3487958,2.5574205,0.9471033,2.7901537,8.143783,195000
10.611823,2.1779594,0.2243812,3.4200346,6.044929,200000
-1.7634063,-1.1411711,-0.566647,2.7310405,9.934823,54000
0.658727,0.48518252,4.1674824,2.4923933,11.028058,88466
9.756694,2.2321618,1.278938,4.2956347,7.700309,749000
-2.626895,-1.8116927,-1.3981827,3.6100543,9.949859,75000
2.9251232,1.7493012,1.2699475,1.898542,7.5874214,273995
-0.37694,0.95565355,-0.535419,5.23015,10.402699,146000
0.16529953,0.5271272,-0.35353518,5.3883495,10.383198,137000
10.510595,2.108565,1.1437587,3.8806498,7.2331257,245000
10.770496,2.2447875,1.1908696,3.6170514,6.9405456,199500
10.903424,-1.6120741,0.8231258,5.6235824,8.743812,475000
0.8901218,2.0097697,0.5259653,2.3205225,6.853309,165000
-0.07362727,0.28617617,0.6800256,3.0406275,9.742425,115000
-0.6559318,-0.32424137,0.16119611,3.375415,10.138097,120000
0.6945314,0.56581426,3.03134,2.6721342,10.260749,70200
12.255248,-0.3515922,0.95289177,2.8478036,6.8909345,116000
1.6538126,1.2301911,4.1640105,2.8324018,10.800041,117082
11.301107,-1.3956008,0.8518431,4.68503,8.133935,405000
10.97305,1.4928735,-0.64660126,2.6123147,7.110877,165000
0.82572305,1.9514558,0.50912625,2.353266,6.8672647,225000
-0.9621516,-1.3531506,-0.7075238,3.4652631,10.308036,82500
10.827978,1.3701104,-0.617736,3.404421,6.4777594,94500
10.601716,2.3565621,1.0164257,2.8025706,7.2410383,274500
3.3738456,6.073278,1.6155987,2.024737,7.6737385,166000
10.670939,2.1798427,0.77787507,2.8126452,7.4393115,350000
9.341669,3.4097838,1.4159784,3.11823,7.3212457,190000
-1.7353039,-1.7409333,-2.260822,2.7890236,11.86832,107900
11.118508,-0.23924065,1.8032297,3.5137522,7.405772,123000
10.694135,1.9683437,1.0989957,2.581767,5.9304557,185000
10.204974,1.9614651,1.2686061,3.865589,7.1022654,595000
10.312548,1.8367288,1.3646396,3.6685882,7.020614,610000
10.3434105,1.8300365,1.3763427,3.6613455,6.9983716,475000
0.9358449,1.262766,-0.40287733,2.797108,6.0199265,158000
10.635921,1.0826833,1.5913917,3.276516,6.798683,395000
10.632158,1.1034592,1.5977178,3.2665617,6.807171,447000
10.78039,2.174526,1.2677764,3.5545156,6.900373,320000
-0.90273917,-1.5031165,-0.30133376,3.2624004,10.058915,148500
0.91076154,0.73755366,3.7920814,2.6172836,10.746321,115900
11.321402,0.7506891,1.538183,3.8006604,7.4752674,189000
11.667389,-1.0956707,0.9258827,3.62145,7.2972255,105000
11.368051,1.5094485,1.8066283,3.270879,5.057664,135000
1.0995035,1.9323729,1.4105012,3.0547721,7.7575817,322000
11.215252,0.7394475,1.5532061,3.7775338,7.456696,230000
1.3096111,3.364122,0.36856806,3.6368272,7.521187,310000
3.4449136,6.089134,1.7010125,1.9175587,7.7236495,127000
3.4667513,6.124559,1.6717919,1.9772578,7.68151,199000
0.85445154,1.4657485,-2.7357259,2.326464,5.8207965,87000
10.739031,1.8407251,1.6228251,2.3163755,6.674749,179990
0.44875666,0.33777744,3.763757,2.4849412,10.922249,57440
-0.5587279,0.23392347,1.6501662,3.498896,-0.51079106,78500
3.429593,6.096172,1.6525463,2.0008523,7.684999,166000
10.737989,2.3792698,0.5763711,2.5172858,6.9215264,210000
9.51076,2.3125002,1.192615,4.408442,7.739521,667000
3.4574447,6.0909276,1.7034457,1.9310541,7.721223,116000
9.372152,3.360456,1.4161317,3.0730314,7.30821,159900
0.507905,0.33920357,4.2274933,2.4784515,11.079642,73140
0.9108723,0.7460869,3.1528103,2.7419126,10.213973,91200
1.2301884,0.91627795,3.0514815,2.9182253,9.939613,100000
0.716112,1.25992,1.6672117,4.2671986,1.1828018,108500
3.2857833,6.269224,1.5882956,1.7350452,7.669145,155000
11.265512,0.5613014,1.6101259,3.2738352,7.347782,365000
12.832467,-0.84614325,1.0377696,3.2547476,5.4373164,82500
10.496608,2.0419252,1.1634743,2.6684728,5.7967496,135000
9.507783,3.2172842,1.3494186,2.9140587,7.222952,130000
11.424244,0.4579045,1.4950931,3.0655828,5.2560654,71500
11.43497,0.25788364,1.5967866,3.2043173,7.419535,155000
1.0402588,1.1528195,-1.7936412,2.6162713,2.745525,89000
2.2199786,1.6232976,2.8191223,3.5520515,8.8535185,110000
0.80165315,2.5404224,0.5874511,3.93505,8.009272,269000
12.434452,-0.57783973,0.38590565,2.9129894,6.8889704,129500
-0.02943357,1.9071401,0.26041755,2.8984256,7.460566,131707
3.2771173,1.6614366,1.2736189,1.736552,7.572653,774000
0.13826312,0.8637531,0.28776658,4.241553,10.363826,129000
11.7177305,1.014781,1.5260845,3.8672426,7.258276,150000
11.65313,-1.2591165,0.75886136,3.8284655,7.4116683,110000
11.811169,-0.64885086,1.1709683,2.7897797,6.9543586,63500
11.189232,-1.3753457,0.91734797,5.0421085,8.226631,164980
3.5043635,6.8642206,0.84412104,3.297829,6.74659,188000
11.229305,1.4196478,1.6830937,2.7898662,4.4704022,65500
10.730766,1.4769092,-0.7044503,3.196651,6.364738,73000
9.619412,3.9102132,0.78547716,3.9323466,6.6577144,152000
1.4388695,3.559707,0.30402672,2.9512658,7.984831,298000
11.452839,0.32962576,1.6077384,3.0761378,6.7544613,170000
0.11020017,0.5267704,-0.40787426,5.399286,10.338733,144999
10.962564,1.6786036,-0.24246821,2.6941948,7.3883243,82500
11.129162,-1.4132993,0.96050394,5.0154247,8.505736,185000
10.722937,2.3941567,0.03765069,3.125076,6.545917,125500
1.0047519,2.5430596,0.8902808,4.06651,7.607752,284400
3.3640459,0.6505272,0.57123494,4.6505885,6.479342,259000
11.073451,-1.4953737,0.74194765,5.5699115,8.654168,175000
10.800104,2.1314926,0.95067984,2.5992777,7.009832,199990
11.775113,-0.3762083,0.8656479,2.9618337,6.8643193,110000
-1.6948237,-1.5089318,-1.1334754,2.3140585,9.874463,80000
0.9111234,0.74312925,3.139432,2.7431016,10.204796,97800
0.32749724,2.3003075,0.25711116,2.813451,7.169319,95000
10.670592,2.3802376,0.23570707,2.758526,5.808786,155000
11.7232685,-1.5250455,0.43516222,4.17277,7.4146748,230000
1.5505108,1.1587892,3.9807897,2.7920716,10.661654,159970
1.6807243,1.2163131,4.117497,2.7773478,10.767892,141000
10.628448,2.370685,0.4337996,2.7448528,6.432606,281000
11.142525,-0.49300593,1.6297551,3.9823954,6.639747,128999
10.593056,1.4541811,2.7757912,1.4298366,6.701226,101450
0.4438369,0.26702914,4.227277,2.4594524,11.148439,92970
1.5742911,1.1608804,4.030829,2.7807214,10.701488,116900
0.8536372,2.1718354,0.41929552,2.418723,6.7385745,182000
0.26301542,0.649541,-0.18329193,5.3829703,10.462263,122000
11.269397,0.29236233,1.5218127,2.5970094,6.97933,108000
12.055445,-1.2498517,0.26725996,3.7863374,7.0735455,67000
11.269433,-1.4472849,0.8143018,4.8138537,8.0798435,405000
10.984043,-1.6775272,0.78930664,5.5086236,8.454247,594900
11.611312,-0.8327655,1.1144476,3.315656,7.4687943,119000
10.347592,2.1213768,1.1444587,3.851883,7.4207153,517000
-0.4975332,-0.19767118,0.4748468,2.7504878,10.1199045,99000
10.591022,1.4533085,2.77535,1.4306704,6.7026296,135000
12.122133,-0.68353045,0.69082373,2.7574415,6.442761,67000
-1.4788646,-1.3564746,-0.6877299,3.9964292,10.203139,94900
11.424034,-1.7444066,0.58319145,4.6623564,7.1566033,60000
0.40933478,2.6398177,0.40144825,2.9890318,7.192942,345000
12.404889,-0.5528626,-0.59316283,2.774179,6.7312107,119000
11.373639,1.0881065,1.8866059,3.3824484,4.7219944,144900
11.895412,-0.048545994,2.2528844,4.7053266,6.596162,150000
-0.0097423615,0.7444686,0.67500186,3.037858,9.3517885,86500
-0.3778024,0.760343,0.2460304,3.491467,10.591226,124900
11.960145,0.06945176,2.2866411,4.56718,6.603584,133000
11.886491,0.044093348,1.3338183,3.0778055,7.344116,88000
-0.7357449,-0.30355263,0.18928126,3.0908008,10.166154,73000
10.049556,2.3621206,0.9488221,4.420612,7.305051,308000
11.325134,1.5655073,1.4430146,3.230155,4.53067,61000
11.359791,-1.5159193,0.880698,4.4624476,7.914325,92000
11.538288,0.6762562,1.4721334,3.9293082,7.4794273,180000
1.0934002,1.140994,-1.8149719,2.615323,2.8103075,192800
0.62824625,2.0946875,0.63562983,3.6613703,8.808532,400000
2.3081236,2.066389,1.3413231,2.2960136,7.6377664,580000
0.21371074,0.8395764,0.32075956,4.3469977,10.362808,120900
3.2598202,6.255711,1.5620359,1.7145323,7.677827,179000
4.640847,8.301676,1.5616009,1.6514536,6.5708013,225000
0.7005975,2.5719466,-0.3182598,2.8164022,6.9008594,189800
10.754724,1.7027304,1.7256674,2.4925199,7.1131682,158000
-0.5618982,0.26818058,1.7484274,3.5240223,-0.6296124,75206
-0.5908646,0.26446444,1.6912148,3.5093007,-0.599083,80991
1.0396006,1.4811505,-2.3711808,2.290658,4.473734,134000
1.0523955,1.4815636,-2.3970098,2.2958353,4.4418344,81000
10.754856,2.2876546,0.6453956,2.448545,6.762119,185000
-0.40839636,-0.42506728,1.1939241,3.7733488,1.8698155,220000
1.3211269,1.8746029,-1.8173999,2.733892,5.683464,225000
11.386032,1.393727,1.8325202,3.411944,5.08119,116000
10.778775,2.325213,1.2054731,3.6692781,6.8740697,178690
10.948675,1.5074085,-0.28087837,3.4547102,6.968968,192500
11.4829,-0.90839756,0.5345114,5.3141146,8.415496,225000
1.0240315,1.4701146,-2.3309896,2.2797058,4.531578,137300
12.032289,-0.7056614,1.2813113,3.8554897,6.5278006,139900
10.756046,1.2919434,-0.72936845,3.089174,6.392608,78500
11.8293085,0.8855436,1.4132063,4.0018654,7.554843,103000
2.9154432,2.6683528,2.2951825,4.3752565,8.230585,410000
2.2842765,3.1747582,1.2507749,4.5549583,8.283678,720000
0.52499247,2.7512002,0.22916143,3.181501,6.945489,200000
11.349733,0.10703801,-0.22946452,4.353621,6.4895744,214000
0.7321092,1.2462103,1.6568743,4.2917457,1.2070022,104958
-0.6126366,0.4467454,1.5045004,3.4629617,-0.6006927,80578
-0.6236696,0.4717473,1.5158101,3.4771085,-0.61433107,85123
9.852868,3.1338372,-0.11331676,2.8671277,7.1275806,96000
11.264351,-1.4985892,0.9256954,4.6815424,8.156281,185000
9.637396,3.0740666,1.312744,2.8779726,7.240808,219500
0.640284,2.4955041,-0.04549731,2.8176613,6.9878564,189800
1.6687592,1.1963127,4.1327343,2.7700348,10.786307,123400
0.74811864,3.1735604,0.17229968,3.0110464,7.0216665,130000
11.92266,-1.1730176,0.9465229,3.089611,6.5463233,74000
0.5182524,1.9295233,0.6585108,3.6510348,9.01369,334172
0.9314618,2.449178,0.4856082,3.818988,7.997381,265000
1.2656562,1.2311072,-1.252657,2.1232727,5.668021,160000
0.22484072,0.87241703,0.113186516,4.723775,10.337814,125000
4.514721,8.11936,1.4058799,1.5410817,6.6913033,117000
11.146625,-1.4239181,0.94653064,5.000154,8.520048,160000
3.243815,6.0403566,1.4832392,2.1145086,7.6103396,210000
3.025749,5.998038,1.5603465,1.7678478,7.7559233,175000
12.091586,-0.6937254,0.835063,2.6687238,6.6210685,57000
-0.53371435,-0.68294775,-0.6224543,4.1181965,9.863844,56000
10.711937,2.6112914,0.09034088,3.3487046,6.087982,145000
0.851992,3.4055116,0.13065639,3.2674413,6.9430337,110000
11.862751,-0.8975232,0.92400986,3.437756,6.925235,100000
0.7279185,1.9549055,-1.1090903,2.6210365,6.4154625,245000
3.4648988,6.8514647,0.7635757,3.3848968,6.676176,65000
11.385516,0.39086208,0.2251279,4.9773464,7.7632413,108000
10.956796,-1.6810421,0.8896351,5.408172,8.540883,249999
3.635586,6.8225975,0.9386135,3.176887,6.9034414,314000
11.106232,-1.3902106,0.7185843,5.5921783,8.736219,229000
1.9730663,3.0606718,1.2711982,4.39332,8.13128,450000
0.21683647,1.763439,0.43493035,3.008361,7.920012,205000
3.0435858,1.7117084,1.2199185,1.9280199,7.578014,453772
2.089093,2.1208498,1.1184735,2.949564,7.6944714,550000
1.5291456,1.0975382,4.0299945,2.7350042,10.701707,120420
1.6500227,1.2035786,4.0954657,2.7857087,10.754465,118755
10.407174,1.2590072,3.0596716,1.3031132,6.975053,102493
10.590564,1.4546,2.7804143,1.4272013,6.7002854,87037
10.679377,2.250725,0.10830251,3.5877712,6.659123,119900
0.6665625,0.48753887,4.1437335,2.5230558,10.992953,84180
11.369771,-1.3716718,0.7741654,4.5859594,7.975201,119900
-0.26993465,0.79274017,-1.3919579,5.3539133,10.447775,240000
0.44560698,0.33457053,3.7638636,2.4897904,10.916913,61774
12.033827,-0.86118627,0.9535478,3.9660676,6.361842,72000
10.779227,1.0515168,-0.4118882,3.8048868,6.3618507,79990
10.803492,2.504328,0.43372196,2.7292762,6.5363,174900
10.895183,2.010151,1.0790329,2.4487743,7.097713,112000
1.2515512,1.2384002,-1.2468022,2.1406045,5.6625533,191000
10.41573,2.4612525,0.5907407,4.0113254,6.789073,250000
-0.9391549,-1.6378738,-2.9215307,3.2938125,11.1179285,102900
0.28930786,2.0646315,0.34765115,3.0698712,7.2653437,230000
10.399349,2.315546,0.3815778,4.0985026,6.771822,220000
0.83367157,3.3841922,0.13795921,3.2519875,6.943292,119500
12.289635,-0.5301099,0.90323937,3.1621566,6.752236,89000
0.6869539,3.1268954,0.12909296,2.952969,6.996193,219000
1.6115034,1.1901766,4.0401998,2.7760038,10.708828,120471
0.6454331,0.46577898,4.080515,2.4109612,11.083356,84180
10.940658,0.5364328,1.7007487,3.2387896,6.974513,260000
2.2441783,3.1234426,1.3386858,4.472083,8.215437,620675
4.5236597,7.7312145,1.5056374,1.7506247,6.840581,165000
1.1590203,2.7743614,0.7807267,3.940574,7.6551085,520000
11.225878,-1.2347053,1.0334339,4.6826553,8.1453085,179000
10.766354,1.970341,0.9275901,3.305447,7.547926,360000
1.0634731,0.8519108,3.3372228,2.8250446,10.184269,129000
-0.005782722,0.9367024,0.1405631,4.3592906,10.38824,125500
11.164077,-0.3617937,0.31279364,4.5305204,6.809481,107900
11.057169,1.3110521,-0.762094,2.6981025,6.9675546,69900
0.81845635,2.299877,0.641278,2.304115,7.1183825,255000
0.63798225,1.4683781,-1.024104,2.618818,6.404989,173000
1.2580037,1.8409973,-2.829311,2.4404385,4.9588757,64999
10.467695,2.005981,1.1722764,2.6574187,5.7676206,230000
10.895827,-0.16747434,1.9745096,3.4016213,7.3222165,99000
11.619094,0.21974526,0.28542218,5.2843733,8.367818,113700
11.735934,-0.33179587,2.247851,4.6915193,6.6101117,130000
1.2797326,1.8672736,-2.9093297,2.4596634,4.953229,64999
11.39472,-1.1587491,1.0894754,3.967689,7.1991696,81000
11.113817,1.7092501,1.2084007,3.5072374,7.331598,349000
12.178701,-1.4054993,0.938795,2.8318338,6.048132,39900
11.794173,-1.0738597,1.0882157,3.099461,6.6590743,39900
11.552526,-0.8423679,1.3480768,3.0421574,6.9309387,39900
11.877999,0.7055645,0.6919056,4.5633636,8.007928,128500
10.36316,2.06394,0.478691,4.1456485,6.8239493,258000
11.555098,-0.8446852,1.1680033,3.3422024,7.4578104,90000
0.8870309,1.6777062,1.63674,2.9338503,7.706009,151000
0.88042605,1.6618212,1.660459,2.9252236,7.6924515,145000
10.71461,2.2602322,1.0700257,3.6175094,7.0078325,520000
0.8250165,1.6131611,1.701491,2.9070687,7.6547027,139000
9.612959,4.008977,0.8661619,4.047743,6.6701794,345840
10.428253,2.2907102,0.806084,4.063383,7.1067195,225000
10.780319,2.1420372,-0.31281692,3.115421,6.27101,155000
5.2476544,9.422,2.2648182,9.890273,5.7281475,108706
11.473641,0.07817564,1.6108881,3.2630453,7.4296927,110000
11.299841,0.24848683,0.29987577,4.9225626,7.622761,132000
-1.7341677,-1.7425894,-2.2635634,2.7887673,11.867932,119000
11.42606,0.23556045,1.5884978,3.017907,6.349557,120000
11.629649,1.3349206,1.3009754,3.97413,7.395423,103000
-0.23108721,-0.13617167,-0.7839942,4.741661,9.569698,178000
1.2551436,1.6969723,-1.9169177,2.9699643,5.913131,148760
10.447512,2.2887661,0.7652171,2.437422,7.741104,819980
10.606551,1.8722785,1.518605,3.5112655,6.7724137,290000
-0.7579952,-0.36185968,-0.091382965,3.3404346,10.250906,220000
11.010096,-1.6433976,0.8930919,5.3134756,8.479633,135000
11.835077,-0.6325824,1.1447117,2.7496638,6.9293036,59500
11.506824,-1.3998816,0.75705975,4.2192483,7.62689,92000
11.960868,-1.4241487,0.16017121,3.9676764,7.1929502,125000
11.494119,0.6728993,1.4414384,3.9946754,7.4704437,145000
9.885919,3.0787623,-0.023156395,2.9878945,7.1177807,147000
12.356847,0.20587748,1.3812131,3.295351,5.9169292,100000
10.645319,1.1025265,1.5947968,3.2763164,6.8274393,330000
3.170104,1.7470607,1.3852166,1.6765585,7.6160994,423000
3.3896983,6.277465,1.5347762,2.0675347,7.5517206,140900
10.745376,1.7134571,0.19541179,3.768615,6.9536347,225000
3.6765995,6.8527184,0.87865037,3.2407253,6.9115157,545800
0.7103838,0.60342765,2.9141834,2.707912,10.165636,62500
11.426377,-1.666786,0.6789063,4.564999,7.3386903,107000
11.795792,-1.5448172,0.2613457,4.264994,7.014277,149400
2.3222163,3.0337126,1.5794873,4.4958906,8.168575,1080000
2.3809254,2.992161,1.6496238,4.4886546,8.190284,1080000
2.3279467,2.916682,1.6513445,4.4664307,8.3092985,1080000
11.034107,1.1434215,-0.7412071,3.0409226,6.605132,136000
-0.13131279,1.0766627,-0.04340842,4.6712537,10.399421,144900
3.3008451,6.106334,1.5156921,2.0411396,7.6135917,244999
1.2116773,0.9807727,3.3162603,2.8488686,10.166312,126500
-0.66903496,0.17401296,0.042098116,3.259888,10.376625,105000
11.63283,0.23928136,0.29128495,5.3034773,8.401457,115000
10.701852,0.83519256,1.700496,3.3623307,7.099078,600000
1.4457592,3.5541036,0.30942652,2.910548,7.98412,235000
-0.7551219,-0.9903129,-1.1207554,4.1985164,10.185464,139500
10.596077,1.9196893,1.2995765,2.6083734,5.778842,144000
-0.05712309,2.1077836,0.08980455,2.9934108,7.027432,270000
0.3819831,1.6883537,0.6119037,3.719127,9.332089,177000
1.4320259,3.552868,0.31883585,2.9317129,7.9777794,275000
10.594922,2.3009555,0.15020664,3.421654,6.0211205,215000
1.0532876,1.1281347,-1.7903765,2.62385,2.659628,77000
10.852245,1.7831421,1.5428097,3.388983,6.7615743,289000
11.256288,0.30375475,1.51781,2.5873902,7.0009537,177000
-1.3267801,-1.541574,-0.7313938,3.7434745,10.202876,219999
11.87625,0.6095849,1.49387,3.5867517,7.5981064,122000
3.4136157,6.2767515,1.5472302,1.9643949,7.585012,264000
1.569463,1.1796315,3.9912343,2.7480588,10.6590805,118755
-1.0008272,-1.4702388,-2.708194,3.4304814,11.133271,127000
11.272896,-1.1421983,1.0333558,4.742844,8.344849,269000
0.04598492,1.2754637,-0.13961448,4.7626176,10.355358,165000
0.36245385,2.0389931,0.017415032,3.0566201,6.9956365,145000
-0.5765805,-0.81361765,-0.99216586,4.3180523,9.994,135000
4.5164933,7.7106366,1.5017611,1.7402638,6.854259,135000
12.029246,-0.66665834,0.91582215,3.2636943,7.0003657,124500
10.993787,1.0317329,-0.7268984,3.390569,6.4005837,76950
0.9351276,1.4103703,1.5188047,4.297661,1.6610886,130000
10.901913,1.92099,1.2106788,2.4646997,5.7467704,167000
-0.87195164,0.8391629,-0.9873178,5.8357396,9.599482,144900
10.452747,1.9133782,1.2007236,2.6938145,5.884578,220000
1.086107,1.90101,0.668154,2.1251595,6.9871087,224000
12.605246,-0.16127057,1.1039932,2.907407,5.939223,76000
-0.77944875,-0.852507,0.04279338,3.1631544,10.164892,81900
1.0692137,1.8394806,-1.955762,2.8420045,5.782078,166000
1.9995892,3.10518,1.2673341,4.4116135,8.11498,428500
0.98915255,3.0859327,0.43466213,3.9998424,7.6662235,242000
11.619514,-0.2337559,1.2711099,2.6444678,7.0680685,45000
12.47076,0.038351655,1.1926345,2.994155,5.930807,86000
9.602368,4.153185,0.9152346,4.1160173,6.654672,319000
3.20826,5.982235,1.4810493,2.1248636,7.627429,229000
9.8199,3.1377785,-0.039144717,2.9837043,7.197657,275000
10.403785,1.2581599,3.065392,1.3010826,6.9781227,175000
11.561317,-1.0050482,1.0694387,3.5672908,7.317235,155000
10.750978,2.2879953,-0.19045232,3.0863888,6.110492,169990
10.97765,1.6819216,1.7784135,3.1520054,5.0799184,89000
10.9684725,1.6862533,1.7773434,3.1623735,5.0532656,89900
-1.168254,0.5461004,-2.0099974,5.906376,10.165084,71900
1.5090715,1.2460909,3.79177,2.8364408,10.523613,300000
9.939227,2.2782905,1.1335719,4.1959863,7.5730777,520000
1.4895589,3.4984746,0.31839573,2.37612,7.95694,145000
11.395481,-0.3523732,1.9095806,4.375424,5.378426,83500
-0.2689933,0.25028148,-0.8453391,4.6048665,10.89206,240000
12.180684,-0.66525924,0.17451516,3.4428387,6.8489695,127500
10.660161,1.9666703,1.1087679,2.5764103,5.9240155,184500
10.996459,0.40903583,1.6992718,3.2960863,7.191334,197000
1.3970867,3.1453214,0.5631707,3.9632378,7.8430457,375000
12.346031,-0.4791321,0.62848645,2.9808726,6.742505,112000
0.015642824,1.0194288,0.18826224,3.424116,-1.3290994,79000
0.22217235,-1.497114,1.5055132,4.3343453,2.4231782,296000
0.46124104,-1.6308615,1.4034992,4.444971,2.4224904,245000
1.2699564,1.3175414,-1.9462606,2.465717,4.1653056,153900
1.2156037,1.2395866,-1.3218716,2.111753,5.7110763,61000
0.8952989,1.9424907,0.5818164,2.2918918,6.925149,220000
0.8149021,1.9837556,0.50838214,2.3568232,6.873811,165000
1.3201977,2.5843668,0.71509874,3.4533868,7.8560376,350000
1.8827018,2.994407,1.1024138,4.1992154,8.166384,550000
3.4272356,6.466659,0.9024555,3.250369,6.9470057,295000
-1.1645644,-1.3980935,-0.4288557,3.1140933,10.5411005,100000
4.423998,7.938277,1.4609399,1.9158165,6.7359476,580000
-1.1801851,-1.39504,-0.44552943,3.098541,10.571693,100000
-0.0055844923,1.0359962,0.20267923,3.424561,-1.2917329,103000
11.019382,-1.5342356,0.76340836,5.5980883,8.696645,627000
11.622654,0.22249305,0.2852457,5.288299,8.375527,113700
4.6204515,8.267311,1.5557804,1.6389986,6.5838494,299000
10.641707,1.4600923,2.6377816,1.5623702,6.696997,147000
-0.37877917,0.6718405,-1.9691209,5.474247,10.791174,125000
10.405363,1.6914053,1.4779,3.4566898,6.9716954,530000
1.0972549,1.4934851,-2.4409533,2.3229907,4.4152737,75000
1.0958533,1.4957094,-2.4407625,2.32202,4.4267516,79000
0.50294757,2.5067966,0.41018006,2.792451,7.140899,395000
10.597308,1.1973891,1.6702228,3.1623225,6.953279,480000
-0.6237705,0.18338107,0.0978362,3.2787845,10.390967,120000
10.733572,2.210091,0.7292096,2.811722,7.3751163,323400
1.4476508,2.3875375,0.028808642,3.527785,7.3888755,330000
2.0590265,2.0598671,1.1967597,2.1258829,7.5154104,225000
-0.18868513,1.081929,-0.1055037,4.7632337,10.274167,114900
11.508821,-1.8757086,0.5157397,4.621392,7.236916,77000
10.650122,2.5449665,0.11203154,3.089672,6.2624216,144900
10.608693,2.4833903,1.2687579,3.0959275,7.130334,288511
10.707522,2.6168709,0.9708696,3.0428705,7.020341,288511
10.715469,2.6299071,0.9702366,3.0232987,7.0196095,288511
10.642965,2.4783292,1.2264712,3.1238258,7.123145,288511
12.163378,-0.35406774,0.8935011,3.0437374,6.8094974,75500
9.573684,3.098199,1.3866262,3.0927913,7.302507,189500
11.081482,-1.5443339,0.9135426,5.173524,8.51338,179000
11.740474,-1.303254,0.027184771,4.2086735,6.9519386,177500
10.429691,2.2744467,0.34826258,4.0763474,6.767274,185000
11.020646,1.6586353,1.8495405,3.2679696,5.1716166,151000
11.382805,0.2378018,1.6071277,3.2336938,7.415225,173900
10.78811,1.6259496,1.1732363,3.063251,5.8193917,118700
10.486013,2.3821619,0.7753845,2.4435108,6.675018,165000
9.460686,3.262614,1.3643756,2.9243002,7.2630644,138000
1.0116141,3.5450568,0.05581428,3.4174187,6.958557,226800
1.1674862,3.2989447,0.3744372,3.5483186,7.3763223,185000
10.652021,1.4642422,2.7125905,1.4927337,6.6833224,62622
11.783558,1.0133313,1.3738194,3.8332582,7.5106792,105000
10.631045,1.4601443,2.6760287,1.5240974,6.6942773,110000
-1.865545,-1.6781353,-1.2260382,4.4591045,10.057314,90000
11.214804,-0.8068317,1.4597173,3.880952,6.9130545,177500
10.526985,2.4969568,-0.09477333,3.289994,6.164725,160050
0.1633846,1.2156575,0.4384649,4.032932,10.150114,225000
-0.19406088,-0.12451438,-0.6232002,4.5609164,9.764969,419900
10.676569,2.405643,-0.29156813,3.188045,6.207056,110000
10.666858,2.1899931,0.16678862,3.6865122,6.720185,195000
10.891346,1.6172397,-0.1849439,3.576552,6.8529654,113700
-0.13557991,0.89453065,-0.32195538,5.322974,10.7059145,99990
0.48735252,2.7373595,0.04906505,2.6457877,6.9537125,232500
-1.0412544,-1.6451219,-0.37027037,3.13326,10.207324,103000
-0.27055138,0.9858108,-1.4171215,5.4784517,9.775908,126500
-0.019548895,2.0183454,0.19976825,2.889459,7.3288393,184900
-1.1255193,0.3453694,-1.477582,6.101352,9.626087,101000
10.96356,-1.666646,0.7700385,5.5009637,8.335953,235000
-0.24680598,0.39928693,-0.5489883,4.540738,10.688478,156900
0.8896243,1.6884973,1.6221699,2.9359467,7.7338963,125000
10.862926,1.3406541,-0.60516286,3.4054427,6.4045005,112000
1.6340436,2.5117667,0.6644972,3.8415189,7.9139533,549000
11.264892,-1.371393,0.96758705,4.6498847,8.147317,130000
0.22199178,0.6550863,0.95736367,3.237269,9.626117,194990
-0.26491106,0.061166126,0.6156636,3.0381398,10.015217,204990
10.793429,0.9017148,0.73961234,2.963926,6.1831245,129000
3.4683266,6.8854156,0.9148593,3.2223668,6.697872,139000
10.529314,1.9781942,1.1505015,4.053712,7.121682,149000
4.782732,8.45719,1.6099813,1.5306458,6.432541,120000
9.794365,3.1292987,0.009959909,3.0240269,7.2667146,319900
1.247453,1.2705277,-1.2187946,2.1661317,5.6830397,240000
0.22394352,1.2226964,-0.073409654,4.8439937,10.185691,288000
10.114868,3.5869622,1.1720631,4.0081086,6.501353,80000
1.5133244,2.8616252,1.0490887,4.2398353,7.6870985,488700
11.476719,0.74765176,1.8325449,3.4436617,4.782336,145000
1.0602465,2.6171136,0.7072683,3.4838598,8.471905,279999
3.796765,6.919639,0.9660358,3.0937033,7.0449986,459000
11.420693,0.4605317,1.4839945,3.0463898,5.204594,81000
10.747121,2.3805869,0.5254436,2.4712496,6.933154,275000
-0.5029017,-0.41843516,-0.20202158,3.4539542,10.4589205,60000
-0.62869996,-0.58811235,-0.31179422,3.4232035,10.459816,124000
2.7856205,2.534952,2.3136523,4.234021,8.226354,888000
10.138454,3.6244483,1.2053257,3.9842083,6.471151,74100
0.7736962,1.3194212,1.6419362,4.286182,1.2637129,142500
-0.61123174,-0.54409015,-0.33537886,3.4335523,10.480092,135000
1.3255296,2.4682662,0.15638335,3.655807,7.587473,345000
10.586246,1.9741826,1.4173132,3.3145466,7.0119195,460000
10.697639,2.335337,-0.036494948,3.0356517,6.016229,225000
11.218068,-1.3301828,0.89769197,5.0469704,8.188195,125000
10.77043,1.9796027,0.24424428,2.632285,7.680763,330000
11.048514,1.2973533,1.4441441,3.1023567,7.3868523,212500
10.587191,1.9229232,1.1472794,2.5818365,6.0593963,189000
10.59738,1.1815172,1.6587791,3.1637847,6.949084,449210
10.635248,1.1127075,1.6729616,3.1469376,6.948532,449210
9.957201,2.1199386,1.3269871,4.0490704,7.524065,449210
11.3103895,0.15188059,1.483907,2.6062138,6.9814634,82000
10.888218,2.0832455,1.3091241,3.6424923,6.849881,449850
10.522471,2.3518195,0.7686322,2.3283365,7.442252,223112
10.656332,1.0718966,1.6896076,3.1259737,6.957601,449850
10.705229,1.8454762,1.5953043,3.404193,6.725433,449850
10.886675,2.0761595,0.9905937,2.2985456,6.923597,110000
10.200578,1.8298794,1.4353532,3.7773428,7.3732677,597360
9.675636,3.9596527,0.7850201,3.965187,6.5865397,115900
12.173592,0.03215397,2.3776498,4.7157564,6.1385694,99500
10.769222,2.367563,0.56106144,2.387015,6.9144273,239000
11.477691,1.3282379,1.8045012,3.3950617,5.0975423,124500
10.663534,1.0360881,1.467759,2.9332912,6.607236,239000
10.106722,2.4152796,1.018022,4.1456566,7.363996,480000
10.662001,2.5088887,0.13987839,3.1015682,6.2321987,200000
10.7167845,1.321489,-0.577427,3.1285574,6.3842874,103000
10.6402445,2.3587127,0.555772,2.6578472,6.5526595,165000
10.725104,1.3387924,-0.6187791,3.1004949,6.372146,95000
10.763474,1.268509,-0.57707334,3.0563312,6.3564134,59900
10.953803,1.7282442,-0.13103914,2.6935823,7.479798,127000
10.111611,3.6056406,1.178162,4.0128775,6.4916687,55900
10.927954,1.9538766,1.1018465,2.251106,6.885294,255000
11.4271755,-1.2406675,0.4637683,4.5002503,6.8112326,155000
11.191302,1.7198892,1.5036049,3.9944868,6.60543,255000
2.3336198,2.159828,1.530099,3.2868679,7.8341146,1050000
10.751724,2.2353718,0.6935687,2.781099,7.3339925,365000
10.812236,2.3309925,0.19862862,2.5986156,6.7339463,120000
11.5240345,1.1490669,1.6834906,2.9460387,4.3705926,79900
-0.24642035,1.0984983,-0.9274043,5.2220697,9.846136,234990
3.8040254,6.9755325,1.1491009,2.6766138,7.10245,370000
2.719981,2.6908185,2.111113,4.2950463,8.183155,760000
10.565451,2.0489535,1.1363438,2.7242107,5.730082,120000
1.5867915,1.7210978,-2.4951465,2.6342742,5.295103,83000
11.25649,1.474954,1.216431,4.0325723,7.2928247,340000
10.08077,2.3010857,1.1303707,4.168879,7.4580474,400000
10.694009,2.30617,0.11135919,2.978986,5.9337087,164900
9.868353,2.3112683,1.1901582,4.1207156,7.6595726,990950
10.521299,2.2752836,-0.23877487,3.5374382,6.0728564,184000
1.4955665,3.6139627,0.27425253,2.6925762,8.019464,164339
12.019796,0.03688623,2.3144221,4.618329,6.527551,150000
10.308991,2.4225357,0.84469527,2.1878984,7.606349,285000
-1.4461318,-3.1925879,0.7252753,3.330842,1.0156196,55785
11.291347,1.2026355,1.8465853,3.136181,4.510208,95000
0.77443045,2.3858347,0.64587057,3.8259804,8.413681,230000
0.14191718,2.0015996,0.41297585,2.922274,7.5470805,140000
11.178405,-1.6977406,0.63970286,5.4242005,8.058235,160000
1.6092411,1.276426,3.9501295,2.8274598,10.619478,184691
10.400703,2.5527012,0.57806444,3.952319,6.8082128,251900
0.22815053,-1.5052414,1.8183988,4.5481267,2.6300635,145000
11.680398,1.2289053,1.1651344,2.7022672,5.6131263,230000
11.228724,-0.14114566,1.74675,3.371221,7.3963733,114000
1.3093846,-0.23359773,1.4613174,4.75731,1.7957428,134000
9.736322,2.1966836,1.3127248,4.2042007,7.7178016,649000
1.0114173,2.6484685,0.825373,4.0307364,7.601762,475000
10.631974,1.8982888,0.9165438,3.1597831,5.8097863,220000
3.7705064,7.0014076,0.8103164,3.2740362,6.918286,239000
1.1431922,1.0773243,3.1366544,2.8990922,10.047183,150000
11.685098,0.6302155,1.601971,3.775465,7.435918,123500
9.673701,2.3523693,1.200168,4.291013,7.732199,500000
10.972666,-1.4990426,0.8143532,5.5728865,8.794678,259500
1.2535769,3.3277678,0.44691476,3.626505,7.4575405,243400
11.225566,-1.3055959,0.88085556,5.0944867,8.20158,199000
-0.0154332835,0.9744383,0.09874453,4.4667344,10.383394,138000
3.722778,6.9094524,0.9676796,3.0850143,6.9876113,350760
2.4776871,2.9520788,1.7182302,4.425385,8.204614,1179800
10.371256,2.044956,0.443515,4.1088176,6.7644506,249000
12.1763935,-0.6606799,0.47704855,3.386491,6.8454685,125000
0.43317315,2.947603,-0.026737994,2.730083,6.8615985,212500
10.8096075,1.8956383,1.6753453,3.3087425,6.66353,214500
10.719266,1.7934072,1.5929824,2.8621676,5.557545,115000
-0.37652862,-0.34151182,5.959637,3.2525353,6.330295,129000
12.158657,-0.031893417,2.481844,4.770745,5.944718,120000
1.1629308,1.8690351,-1.8687339,2.814344,5.7641854,129000
10.320558,2.3943083,0.9382415,4.068733,7.2816873,614999
0.16813155,1.8869387,0.35740387,3.0042822,7.702858,199990
3.8128982,6.976704,0.8718401,3.2045586,6.970414,398000
11.374556,0.39790985,0.22383802,4.9977813,7.7856116,94000
-0.41777295,0.7566152,0.22208828,3.452923,10.617179,126000
1.4774065,3.1195126,0.629283,4.0433164,7.868661,629900
0.33780438,2.2675257,0.27661896,2.8224473,7.122691,299900
10.875595,1.3499376,-0.62526274,3.4217017,6.4034038,114900
11.222207,-1.2227458,1.0259697,4.7251387,8.247178,419000
11.624017,-0.089497216,-0.5293736,3.2777026,6.497839,69500
-0.8805451,0.64751947,-1.1087774,5.930673,9.657074,146500
11.732136,-1.5306201,0.2248748,4.2292204,7.125309,133000
10.964578,-1.5835351,0.6601679,5.2596674,7.5595,129900
9.810423,2.256584,1.2599183,4.2366676,7.6595817,595000
10.384594,2.374637,0.40402758,4.09563,6.796784,255900
0.9381128,1.8110517,-1.2374505,2.9131393,6.349754,279000
3.5297468,6.8838096,0.9285638,3.153169,6.8053923,235000
10.648165,1.1226043,1.6873271,3.144441,6.9742517,449240
10.988957,1.4120995,-0.70667624,2.6340806,7.055633,91000
0.09370961,2.036902,0.00088058197,2.707993,6.8665333,130000
11.857356,0.66171527,1.5637902,4.1753325,7.396385,102000
11.265835,-0.09752646,1.4958199,3.4893353,7.4367557,185000
10.714815,0.99829173,1.654696,3.0846891,6.992194,449850
10.656926,1.0803092,1.6926218,3.138173,6.9836197,449214
12.712337,-0.90475005,1.1525446,3.2295032,5.187449,85000
1.4914697,3.6120617,0.28071627,2.7313013,8.021236,169493
12.208453,-0.60744196,-0.41779336,3.0661528,6.7574544,100000
3.697354,6.855993,0.962735,3.118757,6.9815927,403250
0.6636089,3.108666,0.8917144,3.7949934,7.584943,178500
0.09068267,0.5083067,-0.5181052,5.411135,10.372489,99500
10.652078,1.0491269,1.8578693,2.922337,6.981807,117000
0.76360714,2.1969624,0.38570672,2.478003,6.7902765,204915
10.843653,0.66380566,1.7041094,3.342309,7.192734,370000
10.67878,1.417092,2.497101,1.6494579,6.772286,79000
11.04255,1.1309421,-0.81677896,3.0090427,6.6128526,94500
10.9442835,1.3013877,1.6627108,2.1617012,6.9835167,109500
12.201382,-0.20792167,2.695918,4.7673197,4.8283706,116900
10.702043,2.3820417,-0.2638589,3.1783257,6.2698936,145000
1.0710293,3.0054662,0.65941316,3.9947827,7.4800377,184500
-0.5744377,-0.35007998,0.60317755,2.5515122,10.1717205,36000
10.392014,2.1057003,1.1291958,4.1938148,7.0778785,219000
11.2828245,-1.4899318,0.9188263,4.6398773,8.120666,157000
0.09568576,0.71681345,0.21455795,4.1553826,10.410411,183000
0.96818024,3.0401077,0.27781296,2.7783632,7.3691773,149000
-0.21055546,0.5103102,1.8936127,3.8358524,0.5248686,61775
10.927242,1.4837861,-0.50437945,3.1851199,6.501386,95000
9.597482,4.025867,0.8581421,4.04614,6.669657,145000
10.555087,2.1632216,0.43915018,3.7625523,6.775888,169000
3.289095,6.080438,1.5491982,2.0269604,7.6473203,207000
11.630328,1.6508772,1.2845343,4.0033674,7.4382944,126500
1.0567758,1.5064669,-1.9120667,2.2941654,5.214822,139900
1.4465283,3.5583813,0.15775989,2.9417574,7.8709526,142700
0.114580214,0.72422945,0.27688402,4.1079736,10.403688,186000
11.1879225,1.2447418,1.8598323,3.1713965,4.489399,69900
0.4637813,1.8529305,0.6551142,3.6280303,9.04675,293000
0.4557185,1.8017217,0.65158254,3.685351,9.17937,312900
1.0729829,3.0995595,0.4913614,3.9388866,7.6911044,184500
2.5728154,2.0939312,2.447906,3.8615415,8.344472,375000
0.58472383,1.975941,0.6680073,3.750218,9.078261,393000
0.22615148,1.5367086,0.72818285,3.2141294,8.9486265,154000
11.81411,-0.80418044,1.009114,3.4571729,6.869004,160000
10.783921,0.90923667,1.4501731,2.8861048,6.577576,230000
0.61286545,1.9133443,0.6573995,3.901348,9.295958,455000
0.6001847,1.9075137,0.6538543,3.8872387,9.297297,455000
0.26212564,1.6323013,0.69270295,3.2906706,8.930702,182000
10.763483,1.3661932,-0.7982363,3.16811,6.369199,50750
0.8667129,0.7294997,3.0518508,2.7592633,10.158728,101000
11.58272,0.6146685,1.6044291,3.4669223,7.441931,175000
12.213489,-0.22756788,2.6886322,4.77963,4.840712,73990
12.536315,-0.15408061,1.1740278,2.9682097,5.778862,75000
-0.20187265,0.40180945,-0.44040862,4.3944464,10.696797,224000
0.93697006,0.7548091,3.1839416,2.7318113,10.212004,66066
3.2111185,1.7567368,1.4227587,1.6123692,7.625696,299000
10.873615,0.8821522,1.6097137,3.084063,6.929644,449214
11.735001,-0.24421011,1.3913755,2.8917265,7.277281,86900
9.380482,3.3507454,1.4123425,3.071113,7.3046474,170000
1.4106636,3.1095576,0.6498145,3.809752,7.740923,245000
1.405957,3.1257796,0.6379415,3.8088655,7.7408094,245000
11.678057,0.97839993,1.2990422,4.1360507,7.5719857,295000
-1.4292654,-3.16575,0.72396636,3.3127754,1.0319465,73800
0.5892528,2.0289562,0.65433794,3.7064133,8.957584,466890
11.982214,-0.5312697,-0.021951057,3.3228934,6.7184486,126000
11.547688,0.27539307,1.6402401,2.9879198,4.487802,67500
9.528175,3.913497,0.9094025,3.8690932,6.7883234,280000
0.031272106,0.98944354,0.18549317,3.4277918,-1.3614944,79000
3.1678097,1.7640805,1.4180593,1.6440947,7.6248293,418345
10.835976,1.4388187,-0.5010885,3.32132,6.4411297,110000
10.844416,1.5223054,-0.2854654,3.5595744,6.7716665,144000
0.28404936,1.6803105,0.7004633,3.2736528,8.878219,203280
0.5035797,1.9166085,0.6865418,3.5606503,8.919491,278600
3.1838076,1.7230588,1.3524913,1.7036574,7.606338,398000
3.1643002,1.7694262,1.4025007,1.6595014,7.653071,275000
11.725559,-0.57297915,1.1063561,3.1233644,7.348748,114900
9.866876,3.0649548,0.05955895,3.0759223,7.1673326,176000
4.65269,8.307531,1.5519284,1.6162876,6.568339,150000
4.3776307,7.7562656,1.4504235,1.8418522,6.843457,164650
10.663594,1.4556981,2.6123166,1.5826716,6.7255116,121000
10.633202,1.47421,2.6889765,1.5114992,6.6767087,74000
11.326381,1.1372645,1.877043,3.2240486,4.655374,152000
0.2903338,1.6914191,0.70254576,3.2780135,8.880949,237220
-0.0022312899,1.9203253,0.3176873,2.9161339,7.51152,159600
0.28319252,1.6811368,0.6993257,3.2756574,8.878136,203280
11.073415,1.0735348,-0.83152723,3.0268273,6.605832,61500
4.5491343,8.061993,1.4000877,1.5608755,6.6870875,135000
-0.89281994,0.8393029,-2.084741,5.5719504,10.775707,337500
0.29669672,1.2200197,0.5667134,3.9726286,10.021241,329000
1.16326,1.0837622,3.1571438,2.8686726,10.018097,192600
-0.54721814,-0.3528207,0.64485025,2.551,10.157693,55000
10.102024,2.2616177,1.0242087,4.260473,7.307522,485000
0.11191395,1.0779008,0.36325595,4.111736,10.226835,156500
11.430805,0.45048574,1.5957367,3.634071,7.390389,89000
3.8949838,7.0271087,0.95136726,3.053782,7.023854,495000
4.4934273,8.06722,1.4869235,1.8083695,6.6837063,380000
10.714251,1.4416149,-0.7948619,3.1703813,6.3397713,74850
9.991683,2.3317301,1.1321573,4.1776433,7.478516,620675
10.548506,2.3799312,0.5160332,2.8844683,6.458704,353609
1.2156514,2.832424,0.8111331,4.039076,7.726158,600000
3.5594862,6.789677,0.97603464,3.1201015,6.8952866,161000
10.795099,1.3054901,-0.810519,3.148001,6.4094443,44450
10.783934,1.9095764,1.3480687,4.0249324,7.0582304,337500
10.068878,2.6894674,1.0039622,2.392008,7.4806786,199000
10.731055,1.4339606,2.285607,1.758528,6.89429,65000
10.726732,1.4407481,2.276547,1.7711316,6.9041443,80000
10.729999,1.4234182,2.292287,1.7507088,6.8983445,76000
-0.21661513,0.504534,1.8934916,3.832662,0.51863855,115000
1.8598495,1.3684119,2.9362776,3.2680485,9.345715,160000
-0.55385804,0.3049077,1.513929,3.4471629,-0.41374773,82800
-1.2163112,-2.8095047,0.6772824,3.1387584,1.2277433,73800
1.1274698,1.8131157,1.4585332,4.321324,0.66443175,125000
0.8332798,2.1689467,0.4189384,2.4185457,6.751414,239900
12.128031,-0.92546135,0.32797813,3.4373212,7.0351872,85000
0.42090583,0.31700104,3.7427235,2.486273,10.927259,83900
10.614905,1.4908932,2.725357,1.4902916,6.663431,83000
2.3206747,2.8731718,1.5333917,4.076409,8.079136,490000
9.848417,3.1391518,-0.10941338,2.8717127,7.1391726,156000
11.37692,-0.17901489,1.4756432,3.386094,7.4747314,160000
-0.5854546,0.28595182,1.6956245,3.5086293,-0.61385405,76167
-0.58967817,0.26867852,1.7013321,3.511468,-0.6035478,75200
-0.48803785,-0.41140747,-0.2347238,3.5617862,10.399917,139900
0.2773067,1.690898,0.6750894,3.2730544,8.832805,265000
10.4310465,1.2757825,3.016314,1.3377998,6.950818,147600
10.601091,1.429918,2.7557228,1.470413,6.7089834,91800
10.604108,1.4146363,2.747775,1.479563,6.7280865,83700
11.6127615,-1.2298075,0.841899,3.822714,7.3971615,110000
11.2854,0.26900306,1.5144103,2.5909019,6.9875836,238000
3.5001354,6.5934258,0.90701705,3.2329175,6.9302077,250000
11.196479,1.423834,1.6982375,2.7089639,4.2477913,105000
0.82998043,2.24989,0.6847883,3.512501,8.545317,500000
-0.5189361,-0.32936674,-0.055033244,3.4035745,10.407971,98000
-1.0577928,-1.1651189,-1.4245992,3.2702432,10.694127,59000
-1.4230242,-3.1594868,0.7256917,3.307785,1.0379891,68560
10.714349,1.4056336,2.3719084,1.697682,6.919429,126500
0.060524777,0.55638444,-2.225611,6.059695,10.531392,69000
11.155101,1.658853,1.4585401,3.0171454,5.018512,156000
1.6677296,3.1502562,0.43910897,4.1084647,7.9593563,720000
-0.9619318,-1.3771881,-1.1777921,3.723108,10.445138,89500
1.3467151,1.4903468,-2.2361004,2.9167457,5.798235,92561
0.46492398,1.6025554,0.88467735,3.4952567,9.084907,325000
2.624925,2.676168,2.047194,4.176997,8.1810055,940000
0.7747392,1.5870541,-1.4161801,2.5554204,6.0205207,185000
-0.23428208,0.66469896,-1.5347002,5.3885827,10.588269,220000
1.2146604,2.6295798,-0.04376347,3.4401112,7.3671684,260015
-0.61946434,0.2865985,0.090721354,3.317567,10.453136,107000
3.421443,6.4739075,0.9012835,3.2474952,6.9420466,295000
10.626368,2.511322,1.2295593,3.1077564,7.1176414,220200
11.531725,-0.13145818,1.4303638,2.8666818,7.127453,129600
-1.0567665,-1.4961294,-0.5143668,3.4213028,10.04158,279999
11.8690605,-1.5912863,0.15459262,4.1680746,7.245704,78900
1.5650718,3.519749,0.40078145,2.5914507,8.008994,260011
11.308731,-1.6124197,0.51901054,4.7570996,7.1178937,109900
3.52247,6.999797,0.9226983,3.2155285,6.7461524,195000
-0.5016124,-0.21289198,0.49482137,2.7192106,10.122454,116000
12.027187,0.75592804,0.880541,4.364799,7.966013,79500
-0.17298374,0.25074047,0.73241943,3.042988,9.877855,90032
-0.6086781,-0.60761625,-0.3478616,3.4473777,10.469356,89500
11.630566,1.461413,1.245763,3.8742871,7.372934,108000
2.5921845,2.1171942,2.4950047,3.903404,8.373952,320000
0.55843574,0.38355994,4.227543,2.3633418,11.21619,110000
-0.58534473,0.28103295,1.7237295,3.514224,-0.6278969,78500
2.0875823,3.0379686,1.394019,4.4351873,8.152967,650000
0.7017225,0.52593815,3.933969,2.5063853,10.908586,133500
1.399257,1.0538194,3.6603744,2.8341408,10.382766,146500
1.5149412,1.1299535,0.37348738,3.187224,6.168721,335000
3.7773588,6.9363513,0.895227,3.1815608,7.0043445,398000
1.0978469,2.6616564,-0.00273444,3.5076506,7.423569,170000
10.353047,1.2155508,3.1200027,1.2558627,7.028306,161746
0.30879524,3.5228612,1.1630257,3.6576667,7.285718,135000
11.459298,-0.93147415,0.54441714,5.352334,8.460538,165000
0.7733385,1.3104967,1.6581409,4.2185345,1.2312226,119000
11.1201315,-1.5005293,0.9391056,5.0614796,8.319619,259000
10.993665,1.4034022,-0.71795505,2.6366706,7.052562,91000
10.970104,1.4267899,-0.70235306,2.6402977,7.0560465,91000
10.495958,2.0725875,0.37693688,4.1046095,6.6866355,285000
0.64767796,3.1517286,0.90995973,3.7810829,7.5526867,178500
0.6998239,2.9644234,0.8787184,3.7135217,7.6669374,158000
9.783443,2.3097956,1.2197325,4.3183727,7.660563,1000000
1.6459715,1.3246764,-0.68337905,2.8853097,6.0920863,240000
11.1849575,1.6445824,1.4800192,2.980728,4.9886284,159900
10.519781,2.3106406,-0.18733443,3.4972696,6.016079,133000
10.598153,2.4874475,-0.1680879,3.2108839,5.8315663,127000
10.484932,2.4224653,0.49415243,3.924829,6.7680583,173500
12.9966,0.7773673,2.4506617,4.571851,5.332094,120000
-1.28853,-2.9250603,0.7054493,3.1949048,1.161119,71000
10.768513,1.9856049,0.06415228,3.641083,6.7605705,181000
0.6110993,1.8518058,0.63362396,3.9901237,9.44031,398000
0.6429145,2.5623298,0.52064294,2.8760784,7.1662555,199000
10.302001,1.8189363,1.4506361,3.5134413,7.023462,279000
3.903938,7.038202,1.0011089,2.9583113,7.0520635,790000
2.2925603,2.885471,1.6591315,4.466539,8.332231,750000
11.042721,-1.5074096,0.7669096,5.552685,8.642003,240000
10.736409,2.403105,0.017539755,2.9854078,6.4503255,152000
2.4311666,2.8483734,1.7730623,4.391645,8.158933,645000
11.388984,-1.5383794,0.8190315,4.426597,7.6059084,81999
10.847667,2.2997923,0.5618096,2.422499,6.7513657,176000
0.62658304,1.91841,0.6580988,3.9172015,9.291587,660000
9.82447,2.2742362,1.237798,4.2260394,7.6321516,1180000
3.0902274,6.1712933,1.7322582,1.5306579,7.871295,99900
3.2544274,6.2215066,1.5713362,1.7275465,7.6872864,129300
10.611454,1.4318718,2.7310514,1.4559972,6.73239,86500
10.511649,2.2572124,1.174147,3.694778,7.197339,485000
2.9253964,2.6732502,2.29915,4.385759,8.233184,830000
-0.2724886,0.4541019,1.966549,3.769373,0.27764153,67300
-0.35204452,0.31426278,1.9987773,3.7197504,0.3191055,59900
10.812036,1.5037286,0.329518,3.885706,7.1428175,140000
11.948039,0.6299353,1.4418722,3.7713864,7.6599984,113990
0.96571666,1.2522644,-0.38814,2.8378077,5.9747834,97000
0.98285276,1.0317787,-1.6397784,2.689809,2.3279684,103500
0.98094153,1.0289267,-1.643743,2.6856053,2.3025,95000
0.97860956,1.0311937,-1.613596,2.7008827,2.3792057,96000
0.9843241,1.0325524,-1.6496718,2.6832323,2.3027835,95000
9.539168,3.128785,1.3832066,3.0676093,7.279162,185000
0.022219261,1.2102172,-0.25284365,4.9047117,10.400057,128888
-0.94466877,-1.3777583,-1.1779996,3.706489,10.446052,87000
11.903836,-1.1677039,0.9273798,3.115254,6.5170336,104000
11.052038,-0.34489918,1.8786422,3.4219964,7.346577,97000
11.175823,0.5774414,0.33274403,5.1136208,7.923614,150000
11.308896,-1.0356158,0.70061004,5.3488307,8.507168,290000
0.33835167,2.8656175,0.59575355,3.0977204,7.143329,165000
9.47779,3.2471485,1.365517,2.9353464,7.250209,110000
9.849894,3.8186343,0.98656064,3.9878616,6.565762,79000
11.393349,0.842154,1.8118327,3.229748,4.52687,90900
0.54995894,0.376515,4.1381083,2.5312936,11.02078,85900
-1.4281731,-3.160561,0.7220973,3.3158815,1.0327414,58700
0.56977594,0.39201918,4.1702337,2.3895314,11.147943,127500
10.939595,1.4324071,-0.59584224,3.1425796,6.543435,106600
10.873611,2.116154,0.9314087,2.725585,6.042944,211000
10.852382,2.1189747,0.91275656,2.6976817,5.953001,179000
1.4879515,3.249357,0.26056802,4.0556026,7.839033,245000
-0.6693695,-0.8076425,-1.1047075,4.812893,9.522946,70000
0.8488318,3.4023454,0.13701768,3.2662103,6.9497113,135900
10.4035845,1.2567018,3.0631492,1.3023597,6.981352,136720
1.9192768,2.95753,1.3310163,4.387982,7.890417,705000
0.6903461,1.4349008,-1.649764,2.5820682,6.307502,125000
0.5048348,1.4814585,-0.7194245,5.221884,10.240621,444900
10.651226,2.3726547,0.93480843,3.7549965,6.9860735,699000
1.1649845,1.8873719,1.4383097,4.3108873,0.67620206,144000
4.24346,7.5624447,1.4247518,1.8760264,6.9417014,104500
9.369248,3.3671973,1.4132288,3.0369203,7.2919936,135000
0.63159573,2.1005425,0.6071977,3.6614206,8.755586,244990
0.039735682,0.65075856,0.1421929,4.136431,10.430902,119900
10.913284,-1.623364,0.9342553,5.381781,8.650696,550000
10.944219,-1.6224816,0.8482863,5.502856,8.632962,550000
1.0719224,1.1568626,-1.74953,2.6546419,2.6603227,155000
12.09542,-0.9410776,-0.70716935,3.6556697,6.830264,85000
-0.5863912,0.3516167,1.6367445,3.4884055,-0.6385005,80600
-0.556179,0.25758213,1.6813264,3.5287325,-0.47477815,79752
3.2348475,6.2315354,1.5981508,1.7402012,7.7005386,120000
3.2840035,6.0440745,1.5548608,2.0590334,7.655446,210000
1.0860084,1.6456877,1.5679048,4.4410415,1.5092264,271000
10.891959,1.9461632,1.1751766,2.2067494,6.977511,89900
10.8938265,1.9386872,1.1714714,2.2185009,6.9723873,105000
10.603647,2.1208816,0.48504698,2.6011584,7.792251,515000
10.60724,2.1173167,0.4766929,2.607208,7.7942653,499000
1.4537766,3.576635,0.25015038,2.9409425,7.9517016,185000
10.465338,1.9895563,0.24048492,4.1053953,6.6467023,284900
10.552881,1.9882101,-0.10648107,3.694535,6.1672597,151000
1.8328563,3.065633,1.1049769,4.427001,8.209827,841000
9.344355,3.3925555,1.426178,3.0929718,7.3133464,190000
9.38904,3.3428016,1.4068679,3.022309,7.293062,119500
0.8217671,2.4438903,0.6188069,3.7603362,8.227886,109800
-0.101823956,0.893573,0.26399803,3.8576088,10.37461,150000
11.921476,-0.079314135,2.3817909,4.7286334,6.6673875,95000
10.6096325,2.1167603,0.48070294,2.6144383,7.7856374,520000
10.806649,1.9569521,0.20541945,2.645149,7.638324,255000
10.794595,1.9636874,0.20212348,2.639232,7.6602783,245000
3.678229,6.825366,0.8609358,3.2559085,6.9450483,335000
10.725018,1.433824,2.2850084,1.76326,6.9091125,87000
0.025697038,1.9761698,0.2598722,2.9310694,7.477676,175000
3.1794536,1.765678,1.4252907,1.6238761,7.625575,360000
0.9055182,1.456471,-2.272531,2.5712304,6.1083474,119900
11.187325,-0.72970307,1.3404641,3.9859369,6.8620315,95000
0.7456421,1.6266508,1.5097619,2.8136182,8.071063,139000
0.8069407,1.6932065,1.525454,2.875856,7.9835377,209000
1.0788075,1.1367918,-1.8058646,2.6195498,2.7568364,107600
1.0919977,1.1430554,-1.8153048,2.613414,2.818731,174600
0.8119713,1.7758148,1.4543455,2.9366624,8.020968,219000
0.07274047,0.5315214,-1.5385509,5.7099075,10.460192,128500
0.64881325,2.5160341,0.5048995,2.6491334,7.1791883,242500
0.817162,2.2119858,0.39621502,2.4508886,6.7584805,225000
1.0620704,2.7146595,0.62811387,3.5525043,8.509305,1250000
1.1461278,1.3025837,-1.1913936,2.312867,5.606888,118400
0.72637033,1.582417,-1.4167374,2.6355114,5.9436746,130800
0.9791542,1.3914787,-1.2678741,2.4223578,5.718283,140400
0.72165346,3.1563938,0.15998231,2.98683,7.020832,160000
10.476923,2.3115628,-0.29935494,3.586464,6.090942,119900
10.691184,2.312928,1.0161233,3.759644,6.9388537,620000
10.676263,2.2533584,0.79751843,3.9492717,6.9419966,337000
11.206538,-1.0596588,1.1389664,4.5578485,7.975339,275000
11.996156,-0.43775102,-0.34688225,3.0338292,6.577774,88000
9.763529,2.3315084,1.2004286,4.2799654,7.6727095,1200000
11.408781,-1.7299863,0.6101544,4.6760936,7.148912,85000
10.78197,2.1713984,-0.2916469,3.1021063,6.2761617,153000
1.9629413,2.2268043,1.1035649,3.0098739,7.735949,569300
11.042049,1.1082373,-0.8073025,3.0547357,6.577196,135000
10.940647,-1.542425,0.8793598,5.4642854,8.752519,130000
3.5967386,6.6605377,1.4356267,2.0732255,7.369548,255000
0.23591615,0.755591,0.59008384,3.8998988,10.186346,445500
10.95895,1.4958862,-0.31966832,3.4181132,6.982151,192000
10.9637985,1.5126662,-0.61515933,2.6145883,7.1247015,151000
10.969555,1.123842,-0.78083324,3.2094288,6.486518,96000
0.8416575,2.695685,-0.22227117,2.9228377,7.016471,133115
1.1217161,2.713217,-0.06137105,3.3704746,7.3192787,229226
3.7866106,6.9810057,1.1144122,2.7551813,7.0699215,350000
1.3569736,1.6305877,-2.0324697,3.0145326,5.907585,195000
11.396454,0.4709241,1.4791093,3.0581608,5.250062,89000
10.343553,2.4030144,0.8989334,4.0747547,7.2503276,1270000
0.97799844,1.7931515,-1.2063046,2.9060917,6.327498,151000
9.96095,2.101685,0.90910494,4.269242,7.2318387,725000
10.627988,1.739697,-0.68084466,3.2459698,6.3004355,99162
10.641713,1.7163587,-0.68384653,3.2430573,6.2941303,83300
10.635721,1.7492609,-0.6597729,3.2454255,6.28675,82054
10.654457,1.6500874,-0.7125721,3.2357926,6.3058224,81200
0.736344,3.1846542,0.16776207,3.0155392,7.0020323,175000
1.1952478,1.8590281,1.4131702,4.2715173,0.68418354,144000
11.469228,1.1477413,1.6396942,2.818765,4.429291,68000
-0.44406343,-0.37335935,0.14161374,3.219525,10.355741,136998
-0.5024502,-0.2763552,-0.24320038,3.5669162,10.575254,89500
0.75657916,1.4033798,-1.7860776,2.6186724,6.307869,140000
-0.5352977,-0.45169818,-0.01022974,3.2754917,10.472507,142000
1.403847,3.094742,0.22681175,4.231477,8.006776,500000
4.3623357,7.7546563,1.4440074,1.8659185,6.843336,320000
3.7992003,6.991166,1.0249333,2.9503982,7.020088,398868
3.126093,6.107662,1.6027194,1.7000848,7.76171,175000
9.773472,2.3186834,1.1967964,4.3419437,7.6579957,689000
1.0367188,1.4784026,-2.3741965,2.2910748,4.4839706,63000
1.0357368,1.475532,-2.3721948,2.2898946,4.471293,81000
1.424683,1.159182,3.8841414,2.8451264,10.60163,128230
10.802367,-1.6080126,0.9375483,5.524154,8.848573,189000
3.675069,6.979075,1.0472705,2.9216237,6.9460883,215000
10.877116,-1.6200446,0.9358393,5.426906,8.703035,459900
-1.6334678,-2.6202393,0.1720315,3.1420295,1.402746,58000
11.903606,-1.1405641,0.97800946,3.0527732,6.5417137,59900
0.048087213,1.7540941,0.112370506,2.855622,7.4548984,191120
1.1833631,1.2791461,-1.3480968,2.1141777,5.691232,186500
11.280928,0.3110682,1.5157311,2.5267048,7.0102415,145500
10.594841,2.2053697,0.9330814,3.3578994,7.4489336,565000
2.309533,2.9303696,1.6178818,4.493235,8.292499,549000
11.0480795,1.7846698,1.1746186,3.460943,7.3328695,349000
1.1559515,1.6254275,-1.555011,2.2949934,5.645983,138100
1.1126722,1.5472001,-1.7541358,2.330206,5.4309664,104000
11.181033,-1.5847254,0.8553734,5.0046387,8.136674,101000
10.956057,1.459198,-0.69831026,2.6484554,7.0702467,123840
10.960102,1.4645059,-0.6914333,2.6364024,7.082915,127600
-0.56671053,0.29079303,1.7302986,3.5239358,-0.5913328,64875
4.6543975,8.327681,1.5794383,1.652529,6.5593033,309000
0.15340778,0.6394069,-2.2687764,6.141534,10.5927725,119999
9.764784,3.2213247,-0.19046924,2.8799868,7.2533865,94700
10.264277,2.1288035,1.1516231,4.1837635,7.217244,259000
10.849781,1.5337449,-0.46197337,3.1748507,6.564884,100000
12.22242,-0.82260066,0.84289867,3.6350586,6.4558153,116900
0.73749745,3.191397,0.16469248,3.0202444,7.002159,104000
1.6281607,3.3035517,0.8297933,3.9382188,7.8324285,440000
1.6074529,3.2980652,0.79668075,3.9452043,7.8241663,320000
1.2592903,3.3184943,0.37507915,3.6499693,7.5249615,210000
1.2528179,3.3419027,0.38001758,3.6512718,7.512952,228000
0.7161035,3.1611207,0.18696377,3.0209546,7.0128994,158000
-0.06510072,1.0639627,-0.08532318,4.862227,9.886493,345000
10.578184,1.4376861,2.8037117,1.4226055,6.7214146,79781
10.579604,1.444855,2.8037636,1.4209932,6.711516,79781
11.518303,1.1705405,1.6842747,2.947984,4.3808227,81000
-0.4521727,0.34216702,1.8156323,3.5967364,-0.21865249,64000
4.597926,8.147637,1.4884909,1.6231651,6.6422076,244900
1.741247,3.057667,1.0442797,4.466796,8.292083,790000
-0.4870204,0.31677482,1.1421821,3.308519,-0.7393348,68500
10.425005,1.2731047,3.0299926,1.3229835,6.960192,111956
11.998652,-0.45264015,-0.30593807,3.164613,6.652613,82900
-0.5898289,0.27365196,1.707079,3.5128417,-0.60238904,91000
10.642896,1.0776863,1.3413376,2.879359,6.429322,128500
2.2832143,3.0633702,1.4932764,4.3187847,8.1015005,599000
10.730495,2.5018039,0.44961098,2.8215017,6.5053577,176900
11.226345,-1.245032,1.0211611,4.812053,8.41302,170000
0.47414932,1.4542338,-0.70770663,5.2229023,10.249345,445000
-0.96846175,-1.3175744,-1.2032912,3.7905838,10.492951,198500
0.90649253,1.4705427,-1.3079227,2.472834,5.80982,164100
-0.56797725,-0.50940084,-0.3012832,3.3955739,10.527186,51998
0.8509201,3.1160364,0.322102,2.9634783,7.134757,115000
0.27110994,1.2336034,-0.3548705,5.217284,10.279693,178000
10.512721,2.3286662,0.7810974,2.4260454,7.5401263,328500
10.703057,2.2500455,0.9079742,3.328403,7.2153044,343500
10.536033,2.175742,0.855805,3.6954155,7.0067787,356500
0.66714346,0.57399565,2.939047,2.704517,10.185072,91000
-0.118135616,0.36804822,0.7947938,3.044152,9.803534,85000
11.941324,-0.06451027,2.420052,4.754817,6.676556,95000
-0.5273876,-0.36080897,-0.23864795,3.5111587,10.4966755,91000
10.589057,1.9914993,0.7118265,4.098233,6.6964264,500000
11.642107,1.3503405,1.3080182,3.9939065,7.4131494,130000
10.997327,0.5709368,1.5661162,2.8886838,6.8842735,220000
11.038384,-0.34072763,1.886212,3.4567003,7.3196983,115000
10.716732,2.2475522,0.90536004,3.3001454,7.2618084,564000
4.367169,7.881398,1.4236217,1.9224591,6.751587,299000
9.7995405,3.196184,-0.14391124,2.8763824,7.195819,165000
10.701125,1.877531,2.136965,2.2277706,5.890727,103500
10.60241,1.4562049,2.7644403,1.4392316,6.6998515,105000
10.598721,1.4468285,2.756895,1.4437565,6.711843,84000
10.570605,1.4455159,2.7917318,1.4139637,6.7105002,65130
0.90249306,1.6901245,1.6069325,2.942788,7.6754446,150000
10.740298,1.3943514,2.3303254,1.7152575,6.922644,106620
-0.62604624,-0.4307628,-0.027118856,3.3194532,10.430699,79500
-0.51203537,0.2727069,1.7272283,3.5384269,-0.37501082,89500
11.3350315,1.5835822,1.4168305,3.2352269,4.544879,65500
1.969695,2.9303222,1.3868176,4.4312935,7.885656,620000
0.72308123,1.5999355,-1.4640719,2.6538024,5.95588,102000
1.1814741,1.2826501,-1.181771,2.2786672,5.6244006,102000
1.5794905,1.4475412,-0.8858346,2.888235,6.0845656,135000
1.6467301,1.414784,-0.83129495,2.8806586,6.0614004,133000
-1.2845775,-2.9232388,0.7010361,3.182338,1.17999,68000
1.4366658,1.5253398,-0.97812295,2.8976479,6.1337404,134000
2.3703935,3.0117753,1.6345077,4.4284472,8.195056,603999
0.87808365,2.115835,0.5121291,2.353954,6.9331894,243900
11.042744,-1.6859164,0.72068906,5.568447,8.42361,199900
1.0600668,1.6481622,-1.2060636,2.3085098,6.005943,189500
2.2605498,2.9114227,1.6331328,4.429269,8.321164,625000
0.5799955,2.0353096,0.6304068,3.6405942,8.846422,165000
1.7776836,3.07296,1.0379568,4.4735417,8.263839,337000
11.2936,-1.1992493,0.75399774,5.2219815,8.128923,168000
11.140606,-1.4528487,0.92102236,5.0303497,8.5205145,250000
0.6823409,1.7956793,-1.4709206,2.6394625,6.4345126,95000
1.0543288,3.2054336,0.4238237,4.011886,7.60231,229000
3.52961,6.9320245,0.8000975,3.3395956,6.744323,237800
9.767973,3.2275841,-0.1773456,2.8777719,7.229181,125000
9.79215,3.2035291,-0.14719,2.8790054,7.202107,165000
9.369564,3.366891,1.4153187,3.0707414,7.3058963,180000
10.718768,1.3005359,-0.5398843,3.127947,6.375194,158000
5.24549,9.187316,2.0566597,9.66136,5.951926,131500
1.0798436,1.4773042,-2.420032,2.3159704,4.3710527,69800
1.0830811,1.4757456,-2.4212205,2.3192172,4.3489995,72600
3.0852935,6.2024927,1.7183293,1.5152285,7.8646507,106000
3.310965,6.379789,1.5628307,1.7522886,7.6346884,149900
12.23153,-0.0926192,1.6932689,3.4471607,4.8612294,45000
10.653498,1.7705219,1.5291647,3.4506474,6.8814087,407800
12.388158,-0.5735487,0.9066647,3.3152025,6.482329,75000
4.499214,7.740034,1.4877455,1.766225,6.8389053,178000
-0.38172728,0.3878893,1.859223,3.6430714,-0.03403087,75000
11.109362,1.8014803,1.3187232,3.7948637,6.9459257,102000
11.090688,1.754361,1.8059386,2.940286,5.071321,101900
0.3041232,3.5026596,1.1582856,3.6414893,7.284594,112000
0.97839665,2.02268,0.5632471,2.1452343,6.987003,245000
-1.4190434,-3.1431694,0.72525424,3.3075676,1.0365523,57450
3.2982538,6.0829654,1.55542,2.0266407,7.648246,195000
1.8074796,1.3351278,2.9470232,3.2353983,9.401338,328000
-1.4238167,-1.2017149,-2.0322645,3.4898531,11.305868,123900
10.965272,1.4172043,-0.5133466,3.1064243,6.6753964,157500
3.0472708,1.7000777,1.2394627,1.9116212,7.5860863,238000
0.6355955,1.1628705,1.6908762,4.288342,1.1619198,108500
2.7291355,2.6671958,2.1369667,4.2719107,8.182122,895000
11.193737,1.2868135,1.7830485,2.9142616,4.292911,79900
11.177078,1.257639,1.8599267,3.167915,4.490366,109900
11.241022,1.15693,1.9002846,3.3618424,4.6616364,146900
1.8880131,3.0370934,0.9912075,4.387118,8.2408,481990
11.196657,1.5395894,1.6565802,2.7559042,4.536231,67500
0.4591152,2.8599067,0.22809957,2.9088395,7.0226464,210000
-0.38654852,0.38548568,1.8493054,3.640861,-0.04472114,64000
11.275569,0.76776373,1.5305598,3.4588785,7.496286,419900
10.99367,1.9642215,1.3116386,3.9129174,6.7477736,158000
4.393964,7.893584,1.4401397,1.9446006,6.757114,499500
0.2252179,1.9596226,-0.10215863,2.8763132,6.764618,166000
0.20516707,1.9967542,-0.05521741,2.903251,6.7546253,166000
0.036116928,0.8680178,0.7001173,3.0444946,9.252374,166000
3.0569217,5.7724423,1.4617234,1.9962639,7.6485476,325000
10.985668,1.134851,-0.8205454,3.0886922,6.5640054,99000
10.996221,1.162294,-0.75489277,3.056448,6.621988,115000
10.647596,2.3830948,0.6815915,3.0071309,6.665953,365000
10.729739,1.4374504,2.2927494,1.7783698,6.9142923,105700
0.60062885,0.5106853,3.2762666,2.6269035,10.499504,88500
0.69619757,0.59190464,3.0578678,2.6872606,10.275704,78200
0.4284378,2.4454257,0.07151395,2.5588498,6.8512583,200000
0.84369904,0.760652,3.002333,2.770267,10.158295,93500
0.2838176,1.7161527,0.66490525,3.2699869,8.790932,218500
10.518549,2.2678282,-0.2730429,3.5602484,6.1136107,139000
4.374255,7.837438,1.444946,1.9113029,6.77896,212500
4.3888316,7.821963,1.448464,1.8779459,6.8016033,212500
4.3722315,7.749473,1.4488266,1.8412964,6.8454647,167400
4.380013,7.7589335,1.4510719,1.833542,6.8403873,164650
2.2346842,2.830378,1.6934792,4.3888106,8.339769,655000
2.6481528,2.8872602,1.9290115,4.495927,8.193204,717000
0.666005,1.9251025,0.66906184,3.9801245,9.387662,448000
10.6081,1.6525943,1.5065058,3.440351,7.0814238,387000
1.7742621,3.0155709,0.92555326,4.452081,8.276435,375000
10.809444,2.1293192,1.3673754,3.499156,6.854585,230000
0.105369285,2.1696353,0.082749955,2.6734595,6.944934,200000
1.3816233,2.928547,0.6514836,3.9127173,7.826129,485000
2.0867772,3.0841253,1.361416,4.453897,8.129896,698000
1.9547082,2.9360094,1.3547775,4.427531,7.9537024,1750000
-0.18916345,0.39960504,-0.36142156,4.292377,10.680135,140000
0.9734151,3.02369,0.30322894,2.7494652,7.38288,155000
3.7771945,6.869946,0.91118836,3.174363,7.0450325,394995
0.30533537,0.5092637,-0.15155007,5.5651712,10.66895,120000
1.1137811,3.1783369,0.4786921,3.9230695,7.6166444,245000
1.0180292,3.1372776,0.55742395,4.0164056,7.521926,229000
3.490555,6.856726,0.8395042,3.3224485,6.718365,250000
0.39643413,1.8892082,0.6454259,3.373057,8.70614,209900
0.19852483,2.1120913,0.21691003,2.9071624,7.116932,233000
-0.44929695,0.31574532,1.8123423,3.5931103,-0.07863365,71100
2.625464,1.9205396,1.3126289,2.1972392,7.6277485,750000
2.9176333,2.6616158,2.3077345,4.3740244,8.234065,1099998
0.8674345,2.3629553,0.7300398,3.7587864,8.672656,439900
0.7129103,2.241098,0.6617666,3.6773455,8.6919155,294900
1.3956952,2.6018913,0.73746604,3.2757294,7.84158,570000
0.6679706,2.1901808,0.6497114,3.6741006,8.71664,249900
0.32750073,1.8039255,0.62829274,3.292197,8.709407,184900
9.84427,2.9631493,0.34138495,3.213246,7.2184634,309595
4.6861625,8.353948,1.5749388,1.6022766,6.532823,245000
2.7340276,2.6909423,2.1385324,4.2911453,8.181355,1900000
11.005935,-1.6047398,0.920349,5.2781463,8.513618,97000
11.16516,0.81353194,1.5358266,3.7245312,7.445816,310000
10.712758,2.270008,0.6180962,3.378318,7.041342,331524
1.301482,2.583662,-0.0035679091,3.445836,7.3495655,355797
2.342931,3.0197315,1.4199694,4.3779197,8.167531,588000
1.2153054,2.650249,-0.03624962,3.4143016,7.345783,359874
1.1520466,2.705053,-0.046634044,3.4123228,7.3344994,231484
0.90521276,2.7097287,-0.20305535,2.9848092,7.072141,203247
1.2192338,2.6396463,-0.050363313,3.4048777,7.3306565,300031
0.8598572,2.7008095,-0.21594895,2.9515045,7.03948,168323
-0.47509617,-0.42095196,-0.27976647,3.6387665,10.338668,207000
11.138555,-1.3530574,0.7064735,5.586314,8.742765,156000
3.101703,5.7580767,1.4361469,2.290195,7.6982083,449000
11.676342,-1.2725924,0.85646236,3.6801734,7.2740726,99000
3.2570827,1.5997319,1.2221962,1.7472391,7.5884004,330000
-0.6553783,0.29744077,1.4898269,3.4412663,-0.34428546,87190
1.0176437,1.4639164,-2.323694,2.2754905,4.513124,115000
1.4075123,1.1217831,3.7509058,2.806226,10.49629,127120
-1.4449216,-3.190878,0.7245621,3.3297486,1.020104,55785
0.1842327,1.9757775,-0.08261098,2.9105358,6.7447605,166000
0.2374441,2.0169532,-0.06266664,2.879885,6.80471,166000
0.018324247,0.8422715,0.6847063,3.039471,9.269232,166000
10.434886,1.6412565,1.4799204,3.490913,6.966643,450000
2.3153744,2.1254148,2.2313552,4.0453405,8.073373,190000
-0.57485956,0.235345,1.6341996,3.497113,-0.5123086,66100
11.414361,1.4447726,1.4432565,3.0574038,4.5324125,245000
1.0630887,1.1345365,-1.788674,2.628296,2.676388,125600
1.3497225,1.0384618,3.7731285,2.7825732,10.51196,160000
10.640659,1.8718945,0.77219486,3.191496,6.0744696,239000
1.2624944,1.2398086,-1.2362872,2.1368103,5.6801815,155000
1.0886391,1.1415004,-1.812806,2.615698,2.7981763,192800
1.0440903,2.6074336,0.7040484,3.5018556,8.491944,380000
1.490489,2.7413769,0.6212273,3.8065119,7.812207,499900
1.2069649,1.8133005,-2.8647852,2.3993149,4.921705,90500
2.8449757,1.7982492,1.3377379,1.8315612,7.594019,245000
1.4640082,3.0043309,0.712146,3.9923024,7.8524933,580000
9.915668,2.2707489,1.0604422,4.3721876,7.432818,419900
11.320722,-1.354747,0.62834615,5.418857,8.339755,249900
3.683496,6.834836,0.9265591,3.183711,6.929581,460000
3.674369,6.825313,0.93483436,3.1770632,6.9212155,525000
3.2754707,1.6616741,1.2750382,1.7362151,7.573046,775000
1.0834254,1.1322209,-1.8024657,2.6229138,2.7736533,104800
1.056651,1.1288769,-1.7916131,2.6246598,2.6658547,93500
2.0100625,3.051621,1.3143927,4.421818,8.150048,919000
0.8813207,2.4307513,0.73786604,3.93621,8.392443,342500
10.563556,2.4555082,1.1354065,3.148869,7.1987414,650000
1.1950349,1.6488149,-2.0399766,2.7922895,5.7056155,95000
11.042068,1.3574088,1.5751666,2.0891895,6.8916883,150000
10.648612,2.374896,0.93159986,3.6741614,7.0337977,475000
9.834155,3.0422819,0.12295662,3.1184373,7.2472453,260000
0.46630973,0.5395792,0.97946954,3.1827505,9.209738,146200
10.424275,2.2703185,0.7988421,4.064844,7.103897,437000
1.0878237,2.428702,1.0477912,2.4664738,7.8996778,140000
1.3207866,1.7060348,-2.7073185,2.4160798,4.8974805,81000
1.3808302,1.7042949,-2.81617,2.3836534,4.7192974,63000
0.8569818,2.1696506,0.42676082,2.4050167,6.745076,170000
3.2510912,5.960204,1.4643984,2.2062743,7.595407,275000
11.125124,-1.3517731,0.7159259,5.5807705,8.737922,388000
-0.0046826303,1.0257164,0.19623893,3.420676,-1.3073329,99800
10.544955,2.4918365,0.12249735,3.4593036,6.1207037,169900
9.595267,3.133351,1.3015008,2.8427234,7.2029495,105000
-0.39772275,0.31736636,0.8003435,3.230268,-0.79693353,117000
10.111187,2.2019744,1.2348144,4.1123347,7.4904823,1440000
0.42130572,0.31715593,3.744587,2.4897995,10.91524,76865
0.5549126,0.38378653,4.14664,2.5359414,10.956337,93170
3.262099,6.031646,1.5596335,2.0395992,7.669691,240000
3.3703957,6.185722,1.5192907,2.0421445,7.5827413,235000
10.639983,1.4716831,2.713176,1.4930303,6.6765523,65915
0.40532452,0.2935462,3.7848837,2.463121,10.949669,68925
0.48592055,0.32602054,4.225472,2.5723274,10.950307,90450
3.2690878,6.0677714,1.5527619,2.0131943,7.6562347,214000
0.54041284,0.37431043,4.123751,2.5559654,10.963256,90450
0.55313504,0.39619395,4.073139,2.575303,10.896493,85425
0.55542666,0.3901963,4.0741024,2.5845113,10.87563,89500
0.19657929,2.1155994,0.25487486,2.918444,7.216304,219000
0.50144565,0.6405867,1.9819937,2.8809457,9.83141,152110
11.096132,1.6539525,1.2051456,2.2554386,6.594637,117900
11.004055,1.24879,1.7209537,2.0630195,6.974119,117900
10.880721,1.3548181,1.7727833,2.093038,6.9677944,72000
0.15096568,3.576846,1.1795171,3.5183504,7.1462975,70999
1.5120063,3.5754035,0.34017456,2.7007868,8.051914,300000
10.504316,2.3634815,-0.21488965,3.4764955,6.019525,127500
10.508004,2.3505983,-0.2238349,3.4915767,6.0321803,142400
10.508958,2.328507,-0.2178676,3.502862,6.030358,142500
10.500236,2.363274,-0.25367853,3.4912047,5.9976707,141000
10.513521,2.3538857,-0.19618246,3.4939597,6.0358334,154500
10.514184,2.3661802,-0.18408689,3.4795446,6.0352077,145000
1.0498712,1.6517743,-1.9468879,2.5740507,5.5318575,74900
1.529045,3.43897,0.39952022,2.4493985,7.9681816,136100
1.2680928,1.24348,-1.265355,2.1414301,5.669686,121043
11.721949,-0.52276456,1.262515,2.749676,7.0787067,67000
1.2754725,1.2287676,-1.2571877,2.1479018,5.6614504,127921
1.5932853,3.6603584,0.3093636,2.418885,8.065869,117431
0.7637159,2.9930801,0.8571181,3.8462744,7.718705,234000
0.7553442,1.5849812,1.5098829,2.7304378,8.080302,147000
1.5783032,3.5850875,0.35260725,2.550879,8.0448,180075
1.6527258,3.865458,0.16978939,1.9547642,8.123965,110092
1.65448,3.8659866,0.17076199,1.964658,8.126936,105505
1.6507905,3.8564637,0.1765968,1.9833037,8.124041,89725
1.8538352,1.3608392,0.045335427,3.0865097,6.4283023,605000
-0.29484227,-0.36573955,1.42739,3.8847177,1.6693704,115900
-0.25902396,0.05780156,0.61100614,3.0509763,10.019843,129900
9.627207,4.0052524,0.8786895,4.0680885,6.67461,359000
1.6264452,3.7207243,0.2848768,2.3699286,8.096197,134034
1.6536562,3.8644776,0.1715904,1.9685905,8.126857,108257
0.7258428,2.8975787,0.82446086,3.6998162,7.731258,169000
0.3216592,1.4282123,0.23733969,4.2682595,10.065242,341000
11.445643,0.31420732,0.17967302,4.977573,7.802324,135000
0.42372257,2.9316509,-0.028678363,2.7210283,6.860034,129500
1.4502497,2.8559036,0.9959239,4.165785,7.696491,650000
1.2569387,1.8205932,-2.9399743,2.426355,4.8775344,77445
-1.0503099,-0.8339393,1.0742499,3.6010015,1.4122763,125000
-0.9082692,-1.750026,-3.0685983,3.2057123,11.102449,110000
10.583859,2.0653787,0.060682163,3.5487998,6.1012526,79500
1.9478887,1.0156351,1.3016322,2.6479347,8.174876,298000
-1.5489578,-1.558702,-0.8645961,2.0986845,9.716424,61000
-0.5493784,-0.3846848,-0.013763189,3.3139293,10.472288,155000
10.64114,1.3922924,-0.76180094,3.207241,6.290451,82000
11.357766,-1.5363936,0.87051547,4.470215,7.8314486,215000
0.104469806,0.6032079,-1.4736874,5.774486,10.519993,125000
2.7144392,2.8311257,2.013363,4.4450245,8.215438,450000
2.7150657,2.822586,2.0182965,4.4394326,8.209863,450000
12.087559,-0.9269338,-0.7040366,3.6554108,6.8265867,124500
1.26257,1.7795773,-2.8277805,2.54331,5.094159,63500
-0.36290208,-0.14485995,0.17763479,3.1342916,10.432584,108500
11.366847,-0.6491465,1.4275042,3.2675805,7.1096663,144000
9.492351,3.2372813,1.3572664,2.9146793,7.2582927,155000
2.024217,3.0037973,1.3747016,4.411872,8.011555,720000
-0.80938447,-0.9741936,-1.1240277,4.338523,10.110256,112000
12.221072,-0.3822443,0.85680693,2.9462786,6.925751,86900
0.1031473,0.63143784,0.3860758,3.9289918,10.456513,129000
-1.3857025,-1.137763,-1.0130993,3.4361794,11.00655,124000
-1.061947,0.5666238,-1.3194542,5.999275,9.664261,118000
0.82447416,3.3101723,0.17626679,3.1901467,6.9859586,139600
10.553264,2.237599,-0.23650359,3.5238366,6.0816326,152000
10.800839,1.3898995,-0.6271439,3.0478284,6.5407853,141900
0.040621445,2.1541848,0.19523682,2.955658,7.221267,228000
1.6541617,3.8637228,0.1732135,1.9726496,8.126992,115596
1.6175148,3.712717,0.28617013,2.3798525,8.091552,125630
1.6066763,3.6762586,0.30590516,2.3941858,8.076427,125210
1.6009873,3.6746867,0.3033942,2.4068894,8.071977,119725
1.5363649,3.379861,0.34804726,2.3689146,7.9049377,114679
1.5634587,3.5253918,0.39137167,2.5719914,8.016534,200840
1.5767605,3.6253862,0.32444686,2.4196668,8.04729,134454
1.6189017,3.7128928,0.28727043,2.3839622,8.092533,123950
1.5433463,3.5263214,0.3739725,2.4538546,8.003766,126891
1.513068,3.4705732,0.40123373,2.4257038,7.971972,118624
1.6177877,3.712477,0.286736,2.3840275,8.091777,126471
1.1497852,1.7452677,-2.4103622,2.3753872,5.193002,40770
9.773172,3.213123,-0.17772263,2.873836,7.2441487,84900
10.472769,1.897431,1.2050287,2.6978052,5.80938,145000
1.7968183,1.3535359,-0.46885508,2.9540033,6.18192,179900
1.0297151,1.6955525,-2.1983972,2.4207911,5.2397366,111975
1.1079017,1.6264033,-2.2209857,2.342954,5.1414547,117550
11.765356,-1.317593,0.49515107,4.1454024,6.9527626,78000
1.0482143,1.6440861,-2.113682,2.3799593,5.2374253,106550
1.0413725,1.6530652,-2.1552033,2.3735018,5.202223,111975
1.0569744,1.6438752,-2.1212878,2.3658848,5.2039766,111975
-1.2836139,-3.049805,0.7989229,3.2345905,1.1926249,67500
11.690341,-0.80282956,1.0679879,3.2494192,7.450463,74000
2.166813,3.0776315,1.4336827,4.440273,8.123377,1825000
0.52614653,0.5782379,0.9978928,3.2234466,9.181067,221000
10.461594,2.5813978,-0.31584007,3.4635708,6.116902,124000
0.8489704,1.8473712,-2.203434,2.6802711,5.487668,119500
10.478735,2.5557334,-0.32707456,3.4456708,6.083673,111403
1.2469338,2.434722,0.087838106,3.6783693,7.6078176,319869
0.90680414,1.8365165,-2.2066715,2.6145892,5.415825,126000
0.92719704,1.4448284,-2.783857,2.2213826,5.658182,94000
1.0345532,1.671292,-2.149076,2.3985996,5.2432494,106550
2.0403624,3.104772,1.2937319,4.44334,8.142525,1725000
10.9494095,1.1346881,-0.83417606,3.1135979,6.4991474,94000
10.909345,1.9956207,1.293751,3.9725509,6.791972,120999
10.356931,2.126644,0.7335546,4.165018,6.957491,450000
10.9441,1.1551147,-0.82505053,3.094348,6.531918,94000
-0.16790135,0.45753586,-0.53685486,4.454434,10.754995,270000
0.2966809,1.8705266,-0.11571267,2.9136062,6.6423597,180370
11.023571,1.4792778,-0.5477236,2.681616,7.053396,69000
0.12832092,1.8178883,-0.20457713,2.7318814,6.674882,180370
0.0070753433,0.7365345,0.71258575,3.043559,9.375961,180370
1.2630057,1.3157887,-1.9530979,2.4621592,4.1354866,132900
2.732145,2.5873513,2.1494358,4.192568,8.159529,2300000
11.0548935,1.481336,1.4408716,2.129776,6.791603,67000
1.3044854,1.8193474,-1.9135394,2.7199383,5.5573244,202000
11.151398,-1.4522934,0.9078217,5.045625,8.505325,399000
11.065884,-1.4807574,0.7119684,5.643231,8.743115,499000
1.7317573,3.0393221,0.9885831,4.4320025,8.243631,298700
0.27007762,2.139385,0.3001805,2.8688002,7.1409326,285000
-0.2011984,0.38825417,-0.3858122,4.301179,10.691517,169500
10.746501,-1.4849904,0.8861112,5.6053166,8.91464,1750000
-1.2742901,-2.913402,0.7065216,3.1800194,1.177075,68000
2.2492418,2.9072335,1.6111298,4.4073687,8.272668,1370000
0.4601833,0.537927,0.99324304,3.1760101,9.24435,130900
1.4654727,1.8809595,1.6084397,3.1149216,7.6245217,333000
9.7822895,3.1816063,-0.08008362,2.9606724,7.237676,175433
9.916839,2.821344,0.5117383,3.6080568,7.233689,405000
1.4633824,2.1685538,-0.18616182,3.3648365,7.128912,374100
1.45522,2.218611,-0.14276718,3.406755,7.1796126,374100
0.069533445,0.38851535,0.76766264,3.0415933,9.557334,88000
10.447409,2.3285935,0.22585197,3.97929,6.6890106,175433
10.437743,2.2895699,0.26153263,4.029029,6.71535,175433
-1.2478907,-2.8817105,0.7071428,3.161081,1.1764895,68000
-0.3139275,0.75064087,0.2915748,3.5345094,10.560888,149000
1.1957301,1.7091433,-2.827869,2.2687035,5.0107045,52675
-1.4192718,-3.159031,0.73062986,3.3080242,1.0435107,60000
9.387906,3.3465848,1.4093183,3.083062,7.3040533,170000
10.944914,1.3512799,-0.6705704,3.054439,6.6202126,85500
-1.2558529,-2.7797027,0.6382112,3.1628897,1.2204304,60000
0.6659685,3.150001,0.9033713,3.784216,7.5496855,245000
11.316475,0.21024367,1.5141993,2.6379337,7.022286,205000
1.3961793,1.1030575,3.743478,2.804744,10.489811,125400
0.6848004,3.1272304,0.892741,3.7874277,7.5633783,174000
10.643175,1.0502136,1.3810512,2.8849618,6.464148,102000
-1.4179748,-3.1544359,0.7280586,3.3028178,1.0404142,74000
9.606558,2.9447052,1.3736144,3.2818904,7.336817,549900
1.3076513,0.9549277,3.7483346,2.7747746,10.459084,220000
10.438055,2.3271785,0.28946358,4.0342245,6.7475796,166300
9.86331,3.07634,0.033954423,3.0404332,7.1668744,245000
0.59310174,1.4242854,0.7183015,2.4373388,6.916599,144210
0.002321593,0.47216353,-1.6089091,5.557816,9.956394,180000
11.477836,0.6794697,0.62019,4.6662655,7.695357,140000
10.999006,1.3071593,1.6991076,2.0450246,6.9554324,116700
12.1741705,-0.127584,1.3720725,3.2733142,5.1253386,71000
1.313927,0.9521735,3.6421456,2.8140998,10.3488245,226000
1.2967837,0.94810265,3.7334697,2.7781112,10.443827,230000
4.5167437,8.156505,1.5327556,1.7075266,6.689639,179000
10.9190855,2.0345988,1.3048508,3.5436575,6.927146,222000
10.462113,2.571349,-0.32214457,3.4676929,6.1141844,142481
3.0839353,6.1716485,1.7328773,1.5240637,7.8756676,85300
10.722522,0.88056034,1.6991466,3.2683146,7.1024394,139000
10.193858,2.2986925,0.7117022,4.2680707,7.085871,350000
2.6366177,2.690466,2.011398,4.303639,8.138223,195900
-0.33247477,0.35177562,2.010009,3.7352538,0.33024845,60000
3.216094,6.187735,1.6010841,1.7146431,7.7152967,139900
11.001959,0.36177936,1.6713604,3.318048,7.189022,215000
10.459005,2.5768993,-0.32668856,3.4696753,6.112291,141818
10.7528305,0.6243197,1.7732269,3.2844024,7.095718,325000
9.775305,3.2169182,-0.14322981,2.8936853,7.2215247,142481
9.778078,3.2147238,-0.144293,2.8892534,7.222671,141818
9.355017,3.3909264,1.4171389,3.0656934,7.29776,231941
1.1432877,1.0240068,3.1497145,2.8745053,10.058439,186050
1.8283734,1.358314,-0.35889736,2.9808767,6.242223,299900
9.776896,3.216575,-0.14903681,2.8845115,7.2235875,139404
10.780747,-1.5428702,0.92475635,5.57053,8.8735075,240000
10.455684,2.5818954,-0.33417603,3.4740627,6.114526,139404
11.762654,-1.5025762,0.2522068,4.2917314,6.9803805,200000
10.673089,1.875496,0.9258968,3.3172226,5.662581,255000
11.202434,0.7141174,1.600825,3.2445872,7.3540783,390000
-0.2859883,0.44659364,1.9493948,3.7542248,0.24496785,77603
10.538501,2.3889782,0.50556374,2.8780224,6.435865,390000
9.775395,3.2186275,-0.154438,2.882611,7.2266445,129770
1.350577,1.8860075,-1.8012918,2.6976457,5.637224,256700
1.9712497,1.8637608,1.1853164,3.1351094,7.664557,150800
9.797623,3.1637397,-0.06456196,2.9667857,7.2233214,124700
2.542563,1.9575123,1.3598108,1.8774108,7.567184,183000
10.4589,2.588377,-0.33091834,3.4659517,6.1073027,129770
1.5936424,1.9308252,1.6037225,3.1671581,7.641619,333000
2.961547,1.7434235,1.21307,1.9807222,7.5814857,440000
10.71789,2.3620915,-0.28071955,3.1740813,6.287194,120000
-1.4246922,-3.1644862,0.7285557,3.3096025,1.0338858,67000
-1.415662,-3.1375623,0.7237163,3.3030674,1.0384778,60000
2.3762,2.1496012,1.4056504,2.5492306,7.7120275,545000
-1.4232243,-3.1546452,0.7248797,3.3093908,1.0348041,60000
-0.34505033,0.3358122,2.0344217,3.7250764,0.37146395,60330
9.774673,3.2153115,-0.17390834,2.8697417,7.235576,111403
0.8176276,1.4728938,-2.6835423,2.3236647,5.861859,55000
3.7725563,6.968822,1.0157102,2.9789717,7.0073447,348736
11.699094,-1.0703175,-0.6343565,4.1684794,6.7716594,90000
0.6656484,0.4938511,3.951061,2.6164305,10.732483,160000
10.411883,2.36559,0.2844302,4.067428,6.757659,165400
2.486938,1.9886432,1.3573737,1.9746578,7.583999,266000
10.626337,2.2560744,0.20909585,3.0041177,6.438083,200850
0.86142534,1.429879,1.6681862,4.2437034,1.1763301,399000
0.9704902,1.4808506,1.7101178,2.7976592,7.436717,180000
-0.41660395,0.337403,1.8668462,3.6284819,0.040113334,68100
1.4015766,2.8636355,0.9946796,4.194911,7.6447873,750000
11.7029085,-0.21032734,1.4274658,2.9416611,7.313568,125000
9.76815,3.2280173,-0.16370137,2.8782904,7.2310934,124608
1.3604774,2.559636,0.75800383,3.3502998,7.8576746,315000
4.6926427,8.388656,1.5942253,1.6040751,6.5263443,160000
4.6974525,8.393544,1.5973054,1.603434,6.5211477,160000
4.691434,8.38656,1.5931898,1.6113403,6.5254335,160000
4.7292566,8.446188,1.6272768,1.5922287,6.4940176,171000
4.6870375,8.381057,1.5896477,1.6067153,6.5313787,160000
4.751883,8.481922,1.6457324,1.5843319,6.4740868,147000
4.713209,8.420394,1.6081538,1.5877955,6.5077076,139000
4.700735,8.398532,1.6002988,1.6010462,6.518733,159000
4.7223344,8.435847,1.62292,1.594556,6.500214,169000
1.1861875,1.8099868,-2.0748768,2.401892,5.411029,95000
4.717113,8.445072,1.6101415,1.6164492,6.5077295,168000
1.0185295,1.4745502,-2.1781554,2.271896,4.749987,95000
4.6669126,8.360623,1.5634681,1.6143386,6.553396,159000
3.10324,6.1723976,1.7136139,1.5534259,7.8534894,81300
2.5401742,1.9656302,1.3650655,1.9092528,7.5768747,230000
2.8663967,1.763039,1.192267,2.0562756,7.581907,238000
1.5028819,2.8240335,0.52963036,3.9970865,7.9242826,640000
4.655029,8.325618,1.569802,1.6397004,6.5611315,262000
-0.09750485,0.61871076,0.19458628,3.059393,-0.7949455,98700
10.463458,2.5828571,-0.32500234,3.4545474,6.1109023,124608
10.459177,2.5874543,-0.33246344,3.4618676,6.1077538,119120
10.475112,2.5755892,-0.32660082,3.4380057,6.072925,111734
10.763545,1.3328853,2.387845,1.6658574,6.800542,119999
2.885102,1.7709104,1.2311605,1.9931068,7.5839305,295000
1.5030267,2.1760113,0.77270824,3.0240872,7.613558,221000
3.7478256,6.9547043,1.0147679,2.9855385,6.9956355,307268
10.086115,2.2771704,1.1614052,4.031646,7.5270853,1320000
9.954724,2.2735171,1.2040079,4.1331167,7.5324063,660000
9.743689,3.251393,-0.18130153,2.9113452,7.2566495,119120
4.7427564,8.469436,1.6380922,1.5874039,6.4823112,161000
4.7451854,8.472356,1.6375737,1.5834173,6.4800816,152000
4.7197685,8.437069,1.6153984,1.5878547,6.499096,158000
-0.28282174,0.44452548,1.972562,3.7635188,0.30422193,67300
3.5512679,6.876822,0.8385716,3.300845,6.7814016,250000
1.4318817,3.0843277,0.3228272,3.8511145,7.717412,240000
4.389875,7.81625,1.449435,1.8614053,6.8069077,283500
3.5842924,6.866353,0.8473383,3.288531,6.815451,258000
0.77879995,1.5751303,1.5186542,2.7203398,8.023956,168000
10.459546,2.5882094,-0.32837024,3.4609344,6.108875,117559
10.821339,1.4487624,-0.59252834,3.271266,6.4209003,90000
3.1853464,6.1431727,1.5889724,1.737245,7.7194543,109550
0.7473594,1.2417911,1.6414934,4.280908,1.1792172,127000
9.750903,3.2465098,-0.18266954,2.8619392,7.24419,117558
11.254764,-1.5037309,0.8269865,4.8457284,8.057066,165000
2.3645995,2.1379135,1.4068055,2.5349886,7.7044845,499900
3.3127353,6.3145585,1.5173894,1.7616341,7.6277657,127900
-0.10262942,0.9909451,0.3183324,3.4262617,-1.278752,97350
-0.5866512,0.2767928,1.5445781,3.4609957,-0.438629,82800
10.454616,2.5883083,-0.3749248,3.4580128,6.1024594,117558
3.4162142,6.302177,1.5032653,2.0307534,7.5422897,154500
-0.29540062,0.48177522,0.45049536,3.1592965,-0.43635103,94700
-0.275304,0.46255574,1.9451379,3.7547622,0.24917844,84550
3.5705175,6.8727865,0.8493379,3.2876036,6.799384,343000
9.768931,3.2278264,-0.15710045,2.8865163,7.2276354,117370
10.562903,2.480473,0.7086412,3.8207572,6.9257402,451500
10.456923,2.5937004,-0.33756295,3.4647186,6.104664,117370
1.9919362,2.8749928,1.2192578,4.0385838,7.990851,577000
4.685801,8.386397,1.5986882,1.60832,6.5342603,141000
4.7003074,8.4017105,1.5973339,1.5936736,6.518718,141000
4.696982,8.399643,1.598464,1.6005923,6.5225587,139000
4.691434,8.383396,1.5920455,1.6062675,6.526828,140000
4.6828074,8.409105,1.5956769,1.5941077,6.533273,138000
4.6966844,8.389155,1.5919757,1.6003764,6.5215154,157000
2.245353,2.9090679,1.4622303,4.1924973,8.085128,1419000
10.805923,1.2611979,-0.75084776,3.146762,6.584619,95000
11.048318,-0.33295453,1.8718394,3.46434,7.3315024,110000
10.153054,2.2650876,1.175084,4.0282073,7.4653697,1419000
3.7598271,6.922919,0.8975702,3.186094,6.988593,290000
10.844865,-1.5815762,0.848316,5.657475,8.85743,380000
4.7629657,8.467519,1.6359216,1.5423607,6.4592233,126000
1.2232988,2.5423436,0.8471765,2.3675907,7.86681,329000
4.7662945,8.463865,1.620025,1.5530214,6.451147,120000
3.647024,6.9662843,0.8036972,3.3092692,6.84931,300000
11.550918,-0.7689954,1.3365651,3.1958702,7.02844,113500
10.394953,2.0785468,1.0950122,4.1287527,6.970905,415000
0.6889451,1.1832023,1.675057,4.2613764,1.2349784,252000
2.2593234,3.0318558,1.4972997,4.4284735,8.18186,750000
4.7596035,8.455694,1.6165574,1.5555388,6.458287,117000
1.1975974,1.1281731,-2.0173802,2.3357072,6.0044746,108999
1.5390229,2.8725913,0.51062727,3.8461008,7.7782464,399000
1.3899808,1.0282581,3.6018603,2.8469238,10.303742,361000
0.973783,3.174727,0.23725615,3.5964906,7.3293138,325000
0.605145,1.4139848,-1.4071541,2.6018798,6.4352083,94900
3.6322587,6.853832,0.8926444,3.301344,6.8545594,520000
9.659488,2.3616564,1.1949384,4.3029914,7.741545,900000
10.825119,1.2827029,-0.6224986,3.1000762,6.5739427,85500
-0.43684176,0.3722057,1.8313768,3.6154592,-0.16657612,83400
0.036145523,0.58272034,2.576959,2.8077993,7.0070295,95000
4.5705943,8.08982,1.4513706,1.5836936,6.668081,138654
-0.7818901,0.5158822,1.6486002,3.5300405,-0.4642591,97500
3.9833987,7.080707,0.8964968,3.134181,7.041331,656000
4.5854993,8.121476,1.4800624,1.6262645,6.656202,190000
3.382627,6.237784,1.4872279,2.096129,7.5408325,163500
10.634009,2.2747076,0.6655881,3.76029,6.874126,220000
-0.55638266,0.2418231,1.6279467,3.4933043,-0.4765405,77400
10.016206,2.3343782,1.1133807,4.164152,7.4158425,930000
12.216273,-0.6318124,0.8454706,3.2462673,6.8243995,110000
10.266568,2.1191971,0.7099785,4.190664,6.9913087,440000
0.18940952,0.6455753,2.6942995,2.9418297,7.275151,146000
3.9834235,7.0788264,0.88850945,3.144163,7.037462,543000
1.2730256,2.9479864,0.10426073,4.215814,7.9796515,430000
4.7738934,8.472997,1.6230398,1.5462958,6.4435067,121000
4.413321,7.925288,1.4495966,1.9141679,6.744289,600000
9.661667,2.3690705,1.1942447,4.259118,7.766046,1200000
4.387668,7.8896203,1.4418955,1.9502542,6.756862,625000
4.767082,8.465103,1.6203551,1.5524882,6.450475,135000
4.761446,8.459898,1.6191599,1.5558658,6.4564075,135000
3.9084282,7.019866,0.8858329,3.1663237,7.0005116,575000
11.040711,1.3539457,1.5734807,2.0885606,6.8928685,67000
1.5008188,3.0307965,0.771869,4.0380125,7.871706,1190000
11.07627,-1.5546085,0.8516001,5.3200836,8.5332575,195000
1.9765238,2.9564133,1.3754576,4.4178066,7.917992,1276000
1.5047289,2.8862405,0.74884844,3.8987267,7.8190007,1320000
4.070292,7.1333494,0.86921567,3.1487298,7.054964,685000
4.7324524,8.445391,1.6161097,1.578827,6.4897137,127000
1.9196326,2.2719324,1.0995603,3.0426943,7.740325,521000
4.3549104,7.7133875,1.4407903,1.8195684,6.8748713,150000
0.2186307,1.9756751,0.36732087,2.943781,7.5113964,160000
1.5549074,1.5497037,-2.7507095,2.6442263,5.163186,59900
0.7859584,1.3312309,1.6285232,4.258129,1.2516191,132900
12.113904,-0.97879034,0.567812,3.5739648,6.8750634,84900
10.617663,1.4421972,2.7181916,1.4714845,6.7180896,123080
-0.3207136,0.43611407,1.8894731,3.7066407,0.12697476,149000
-0.87246853,-0.5559874,-0.32975924,3.3871472,10.687843,98000
-0.24575517,0.906271,0.19285814,3.7050333,10.498338,130000
11.360876,0.4867456,1.470958,3.0589206,5.2760634,89000
12.0048275,-0.34146276,1.6067176,3.4117835,4.829991,42000
-2.2275748,-1.4966326,-1.4020746,4.1088476,10.04116,59950
0.02393595,0.7290061,-1.4639479,5.771288,10.600529,113000
11.928478,-0.5346077,1.6783174,3.5079684,4.635122,63900
11.537444,0.43887633,0.38731965,4.829657,7.801802,92900
-1.4938195,-1.1875885,-2.299322,3.3121452,11.047498,85990
11.558346,0.4856292,0.42985362,4.7871714,7.8070335,92900
11.514862,-1.3069743,0.9335624,3.9040356,7.503255,60000
-2.1554947,-1.5370253,-1.3488908,4.1158886,10.004731,115000
10.738739,1.8826748,1.4682409,2.5949104,5.6288195,97000
11.891122,0.10335011,2.2175822,4.3091903,6.2662673,87500
-0.83672696,-0.566993,-0.32297376,3.3767624,10.690105,124900
-0.8636898,-1.2450621,-0.14089926,3.1107397,10.22745,119999
12.382207,-0.37927002,1.438432,3.1840925,4.7476997,80000
-2.0123363,-1.3265859,-1.3901422,4.0150275,10.195954,76000
-1.2076228,-1.179009,-0.6410349,3.2459993,10.803961,55000
1.1211747,1.3190862,-1.3972929,2.1358242,5.697656,130000
11.43502,1.4936677,1.514084,2.776829,5.0181327,83000
0.07792957,0.6378206,-0.37822378,5.684089,10.3427725,120000
12.459302,-0.5737819,-0.6271792,2.7197344,6.7314057,86499
-3.0161033,-1.8609517,-1.3647193,4.1351857,10.26049,82900
-0.3335205,0.39954138,1.9452132,3.716958,0.23122132,135000
-0.41165873,0.75517625,0.222856,3.4609272,10.609551,102999
0.76174057,1.8838991,-0.26683402,3.6700704,7.3626666,235000
11.457637,0.1113897,1.570394,3.0145645,6.211407,90000
11.766903,0.67789483,0.579105,4.6504536,7.95332,144900
-1.3894544,-1.1575872,-2.009024,3.4597445,11.267832,71900
12.507386,-0.5665499,1.3129,3.2039936,4.9573207,80000
10.732934,0.9135388,1.6581154,3.1599221,6.952459,155000
11.545408,0.008474883,-0.6913169,3.285309,6.5288496,75000
-1.7367191,-1.7464149,-2.2671514,2.782367,11.870985,115000
-1.042047,-1.354064,-2.4954915,3.5222168,11.096867,135000
-1.3869476,-1.2396772,-0.3874995,3.8258967,10.164996,80000
1.6832734,1.2390487,3.0319304,3.1426768,9.578561,199000
4.357058,7.702064,1.4408394,1.8105052,6.882402,150000
-0.9174161,-1.5912302,-1.0950289,3.4035459,10.422822,74980
11.419049,0.995382,1.8004899,3.1018152,4.4619117,93990
12.554314,-0.18386549,1.1158067,2.9162455,5.8922243,69999
1.5150555,1.0836565,3.9937923,2.7718594,10.665782,119835
12.001242,-0.6267212,1.6519878,3.5750597,4.589318,79989
11.136359,-0.54856926,1.617031,3.9643025,6.666661,159000
10.854168,0.5014157,1.7514144,3.360811,7.225832,260000
0.69085616,1.7000114,-1.636258,2.6564322,5.9094405,118500
0.68252283,1.7142019,-1.6826551,2.6595154,5.8797083,122500
1.6717134,1.3745555,-0.8829233,2.7891507,5.9553814,150000
11.663771,-0.024552668,1.65335,3.1979432,5.487947,64000
11.596403,-0.52838224,0.5328203,3.586434,6.4070606,100000
11.205645,-0.8021871,1.5086409,3.9144568,6.8246055,179000
11.158337,-0.50155145,1.6160908,3.9767551,6.623968,122000
-0.5439562,-0.4223866,-0.17843896,3.4274175,10.446075,125000
11.32094,-1.681901,0.5710312,4.7866244,7.165155,230000
0.49816197,0.34051564,4.160292,2.5836997,10.903803,73554
11.119832,-0.54792255,1.6151054,3.982795,6.680394,189000
11.132439,-0.4989313,1.627797,3.9834979,6.6415,175000
0.6785077,1.6949657,-1.6202885,2.659721,5.928256,130000
12.818031,0.5971476,2.440657,4.620452,5.5973344,95000
0.87076664,1.8518009,-2.1848664,2.6747851,5.552584,118500
10.628865,1.113373,1.6009256,3.2850988,6.8328485,255000
0.9674199,1.7955036,-1.2464632,2.9277587,6.3458138,365000
1.2721362,1.2446027,-1.291352,2.1681716,5.652053,100000
12.00734,-0.6381767,1.6508267,3.5840905,4.585782,59500
11.254364,1.566529,1.5703973,2.9979503,4.88982,94500
1.2715526,1.2466092,-1.2834551,2.156942,5.661824,105000
11.017176,0.38376746,0.29747722,4.801332,7.3145027,160000
11.00597,0.30759564,0.301042,4.726618,7.1757884,160000
1.6614245,1.2245798,4.1615324,2.8220832,10.799631,122314
11.557654,1.1446147,1.6853747,2.943187,4.3329525,72500
1.4483066,1.1145988,3.826233,2.8005173,10.543606,123250
1.6619012,1.2366511,4.1671433,2.8313944,10.80245,118755
0.3524068,0.20340098,4.4423633,2.3731844,11.376039,93438
0.42012557,0.31515005,3.7632213,2.4798906,10.934917,70500
1.4986774,1.1374584,3.9055974,2.7992508,10.609569,154977
1.6606771,1.2189546,4.1596336,2.8148417,10.798536,147520
12.026612,-0.63928527,1.6462128,3.5667217,4.5323787,69950
11.386831,0.86267704,1.8121287,3.2139182,4.522387,82990
12.708814,-0.8873622,1.1651832,3.2137098,5.170593,89950
-2.2769527,-1.485085,-1.1672459,2.9013057,9.746651,47450
10.69402,1.8538992,1.4206694,2.6638234,5.6699586,68000
11.547449,0.28023502,1.6429054,2.988409,4.4794545,46950
11.958074,-0.3739493,1.6532362,3.4309847,4.774964,72900
10.653967,1.4322376,2.5382164,1.6096451,6.7391844,114999
-0.34133616,0.73919487,0.26729953,3.5104425,10.58456,109999
-2.3248482,-1.8051623,-1.5960984,3.8503375,9.638141,74950
-1.4712287,-1.1617242,-0.67145306,3.583174,10.022099,71900
11.126807,1.3287205,1.8003411,3.108024,4.6432896,81995
12.183799,-0.22610809,2.6958323,4.7838373,4.850497,104950
-0.97661614,-1.1284664,-0.08462123,3.3863802,10.11296,109990
11.418255,1.1692277,1.654453,2.8412156,4.5512567,73950
11.5476675,0.26892352,1.6436073,2.9897912,4.4789944,46900
11.897976,-1.4799436,1.0566316,2.946598,6.327408,87950
11.513244,-0.8160615,1.3775151,3.0320303,6.925106,65450
11.726307,-1.2092922,-0.2651736,4.191724,6.8783736,99700
10.43627,2.2540479,1.1582589,3.7180717,7.2185903,690000
-1.307331,0.4409861,-1.5534422,5.9239836,9.792303,123000
1.4010062,1.1537603,3.8684056,2.8536646,10.592623,155158
-0.9516375,0.6627342,-0.9936825,5.800784,9.48062,150000
11.931626,-1.5878223,1.005796,2.9839432,6.2425127,83500
12.325224,0.7357892,1.8131644,4.024806,6.1075907,160000
12.481925,-0.60001147,-0.6534921,2.6974764,6.7194934,117990
9.614697,3.1102219,1.2720009,2.8635268,7.1530557,153000
-0.7552516,-1.076948,-0.06564474,3.0737467,9.94699,159000
0.642354,1.3868715,0.7548206,2.3927703,6.954482,165000
-0.868043,-1.1685423,-0.6181757,3.5100412,10.318237,86000
10.561471,1.4228317,2.8042555,1.4025416,6.733075,107000
-0.96467066,-1.2603086,-0.17049187,3.3970938,10.101103,110000
11.969569,-0.8717566,0.96932364,4.0920897,6.341025,97000
1.216868,1.8632601,1.3996704,4.26159,0.6289828,93900
1.0613403,2.970457,0.65961546,3.9939587,7.497485,229000
-0.02783101,0.99509656,0.20083813,3.3623385,-1.2005655,76700
-0.04719429,0.95700014,0.24497426,3.3346715,-1.1527795,75600
0.21876085,1.0524755,0.42997977,4.0996485,10.223593,278000
-0.17384331,0.8152041,0.2888425,3.176502,-0.90222883,73500
1.4082572,1.0457731,3.0941684,2.9896436,9.848548,124000
-2.486886,-1.3338244,-0.9492706,2.7076974,9.669234,46000
0.3620478,0.21260455,4.4237714,2.3892398,11.343574,89000
0.69359595,0.5778628,3.055791,2.6829433,10.278881,61400
1.4194909,1.1217632,3.7816954,2.8106773,10.517217,130000
11.349178,1.0416548,1.8514342,3.1627636,4.545422,95000
1.8845166,1.4332654,5.9077344,4.126629,6.4893227,251000
-2.2151434,-1.5390201,-1.4077933,4.147434,9.987103,67900
2.5419679,2.9300356,1.7976756,4.4453917,8.2096195,1200000
1.611697,1.1973087,4.0446687,2.772235,10.713221,144504
3.0675013,1.6718562,1.2979244,1.8279295,7.6161714,125000
-1.0343218,-1.3737371,-2.5429447,3.5142157,11.104865,125000
-0.90162253,-1.222922,-0.5272405,3.4264426,10.2864275,85000
-1.2184799,-1.2574884,-0.14034997,3.670887,10.118227,105000
11.411207,0.6355236,1.5989842,3.6590128,7.2610974,247000
11.369385,0.45150715,1.4702799,2.9668984,5.7440968,75000
1.9320089,1.4355143,5.967729,4.112123,6.5483217,244900
12.424725,-0.44071388,0.99225646,2.8286335,6.004507,56000
12.233578,-0.652421,0.8136206,2.7193875,6.28077,45000
11.538129,1.2671883,1.5067546,2.9297864,4.5568557,77000
12.445789,-0.42011902,1.0154006,2.834002,5.9747996,53000
11.149749,1.2954066,1.8258939,3.0167773,4.405457,44500
11.33649,1.1530043,1.8849883,3.3028326,4.680064,109990
-0.5167006,-0.67083055,-0.6295786,4.1344666,9.860765,68200
1.6179881,1.2005187,4.0448823,2.7788603,10.714039,117081
11.536968,0.29852736,1.6454425,2.995272,4.4922194,62999
10.322665,2.3448696,0.93792474,4.102403,7.234162,990000
-0.26541767,-0.2973113,-0.5270838,4.40567,9.750116,124900
-0.5045477,-0.4127132,-0.24778292,3.5526435,10.419531,155000
0.5467871,0.50009865,0.95045286,2.8634434,5.973637,145000
10.992938,1.4699111,1.8715675,3.3171368,4.8031836,169800
-1.7346364,-1.7401001,-2.2600822,2.7801924,11.844891,123000
11.006192,1.9819661,1.3417048,3.5949495,6.9373884,220000
10.698212,2.1628315,0.82520336,2.9543235,7.1743107,550000
10.953676,1.43131,-0.613169,2.683483,7.0339255,167000
9.796036,3.0188036,0.23239541,3.1978514,7.251701,299999
12.365991,-0.29524958,1.4623414,3.1536121,4.7303424,67900
11.416934,-0.7001119,1.4212843,3.04863,7.0139394,109800
-0.2627152,0.0686588,0.6190558,3.039357,10.0124035,204900
-0.26083663,0.13854557,0.6264112,3.065543,9.964015,245000
11.90199,-1.6003002,1.017849,2.9797628,6.241086,104500
-0.26975748,0.99700594,-1.4008859,5.471682,9.773351,298000
-0.84140253,-0.5692217,-0.33273146,3.3870888,10.679095,134000
11.648093,-1.4800311,0.58484685,4.1266484,7.4756947,60000
11.700294,-0.66393185,0.12427008,4.03401,6.752782,107000
0.59073114,0.4154551,4.134854,2.4653018,11.041988,125000
0.21608697,1.1813972,-0.09779452,4.959859,10.196273,175000
-0.32496005,0.7470417,0.28586844,3.5246217,10.563791,109999
0.0021137113,0.54742205,0.06844818,3.0013034,-0.8184658,95000
1.2576687,1.735169,1.3517476,4.311055,0.74537855,128000
1.158274,1.2470766,-1.3995931,2.1100147,5.7658334,139000
2.5739837,2.0553544,2.390354,3.83239,8.266031,320000
-2.550073,-1.78196,-1.4310036,3.5694287,9.895461,74500
-0.49567047,1.3146361,-0.8017258,5.5167956,9.882357,180000
3.1357703,1.6649776,1.270472,1.8107276,7.600179,122000
10.410793,2.3219786,0.82697034,4.0660048,7.1184773,224000
11.223158,-0.83394045,1.5130186,3.9158573,6.772941,77000
-0.7064402,-0.7834433,0.116572015,3.0331647,10.185272,71999
10.723966,1.8886203,2.1550071,2.2332463,5.921182,118500
0.05015981,2.141377,0.02835475,2.7622073,6.9154816,235000
-0.024362348,1.2021073,0.22848272,4.2270794,10.186473,179000
10.495714,2.2915945,-0.2720203,3.5283015,6.013698,154800
-1.2972263,-1.2577609,-0.47629815,3.3619251,10.531896,124500
11.816236,-0.8163696,-0.507347,3.8215365,6.7670107,124500
10.8851385,1.257177,0.40517226,4.061779,7.319816,209900
12.026952,0.13624555,2.3290482,4.522309,5.0490985,119999
0.88103724,1.8614572,-2.250039,2.6507387,5.443224,64048
11.761935,-0.9391434,0.8124789,3.4802523,7.256824,90000
0.6841673,-1.8825662,1.4604607,4.70208,2.3012338,120000
-0.63677967,-0.29255018,0.19823845,3.3430803,10.149596,108000
0.3590402,2.039127,0.45469868,2.7339945,7.585086,195200
1.0288286,1.6680646,-3.161426,2.1850066,5.2601223,41499
11.400091,0.69453365,0.50561184,4.7924776,7.8322372,154990
11.470821,0.13053678,1.545658,2.978706,6.217825,79900
12.038226,-1.2863679,0.2739825,3.8523583,6.951758,39000
10.73434,-1.4674753,0.8605894,5.59192,8.937685,650000
11.54665,0.58577085,1.558139,3.501249,7.4830985,135000
0.17918423,0.55588543,-0.3970559,5.4467764,10.347556,120000
11.291848,0.7906374,1.619427,3.5890372,7.243861,268500
0.98408467,2.5527463,0.68785036,3.6065524,8.564956,650001
-1.8346256,-1.3572522,-0.82741183,2.2117841,9.784747,85000
-2.1974738,-1.5169444,-1.404447,4.1515436,9.989479,58500
1.2064221,1.8901374,-2.9286563,2.4716086,4.9105806,77449
1.0853915,1.862134,-1.8340702,2.869419,5.847084,239000
-0.028880436,0.9453613,0.120210625,4.3920746,10.397952,95000
11.44059,0.1948166,-0.7359455,3.2574024,6.5047708,32500
10.983541,-1.7410214,0.75211316,5.5359907,8.393414,230000
-0.19632088,-0.20357461,-0.2997747,4.2229657,9.868044,130000
11.851939,-0.6903329,1.0617769,3.297142,6.986783,100000
0.23647393,0.6875756,-0.08833085,4.997069,10.224865,245000
9.379145,3.353221,1.4140991,3.0724125,7.309402,220000
0.54743546,1.463939,0.7779787,2.6194918,6.9799843,106300
0.20919713,1.5067235,0.75839883,2.786342,7.5954485,162990
11.458286,-0.59610504,1.6346781,4.2065573,5.5040817,100000
11.356313,-1.5080419,0.8775129,4.4827256,7.954947,249000
3.6841261,6.8766685,0.85337186,3.2574155,6.9176564,245000
1.4555566,1.1860342,3.8702884,2.853679,10.582563,241524
10.9608555,-1.6586332,0.7817406,5.5055737,8.331116,215000
0.1308564,1.2036973,-0.12334027,4.8369594,10.384397,190000
11.710674,-0.06741656,1.6056873,3.1979089,5.59754,60990
-0.6479421,-1.0601798,0.035919886,3.13719,9.9578,295000
0.02883589,1.0596206,0.16659807,3.4046764,-1.2282742,89850
1.1991613,1.7388124,1.4375203,4.05734,1.0878516,109500
-0.20282783,-0.21718748,-0.28440166,4.196725,9.879452,129900
11.796079,-0.87734365,-0.549458,3.9211564,6.749892,92790
10.937678,-1.5719185,0.7971405,5.63945,8.7629595,180000
12.080465,-1.0316905,0.31278908,3.6773126,6.9346256,125000
11.778779,0.67172647,0.58286744,4.688402,7.981656,149000
12.2793665,-0.6559882,0.7838369,3.188575,6.915143,85990
-0.29545772,1.0240065,-0.33492965,5.2897387,10.632582,125000
11.89759,-1.671519,0.98952836,3.0662074,6.2359805,61990
-1.0559402,-1.6388848,-0.37850147,3.2014425,10.211702,95000
1.4344237,1.1277201,3.8532443,2.8100054,10.594474,240000
-0.5870461,-0.33444878,0.5678477,2.59419,10.1762905,56000
10.709878,2.0362036,1.4144154,3.2670605,7.046323,220000
1.2735513,1.838103,1.4900315,4.3852262,1.5034586,190000
12.456234,-0.5714721,-0.60674673,2.7291474,6.7366605,88000
12.07454,-0.067290194,2.6505222,4.5443616,4.744234,117500
-0.25054598,-0.26667863,-0.24596149,4.032197,9.9225,85000
10.866744,1.672351,0.8098485,4.259082,7.058608,245000
11.75037,-0.27974114,1.3402972,2.8909097,7.2106194,89000
-1.7849984,-1.348048,-0.81243217,2.2270188,9.778527,69999
1.2290384,2.4235044,0.9497507,2.98077,8.152946,245000
0.54948294,0.15759544,2.3160985,2.9555984,7.217336,175000
12.158051,-0.58199143,-0.12929158,2.8195138,6.6289926,65000
10.659875,2.520759,0.05833194,3.3028014,5.92633,129000
0.89393926,0.7386744,3.1462293,2.7375183,10.233306,102000
11.151708,1.2199315,1.9387728,3.3605275,4.627887,167000
-0.22672044,-0.31095892,-0.81696445,4.7927346,9.4822445,247000
0.91216,1.930854,0.6084939,2.3248596,6.9385667,165000
11.760046,-0.71573,1.2056442,2.8458655,6.9482965,53999
11.141426,-1.6604178,0.6329969,5.4093404,8.003903,245000
0.95871675,1.638742,-3.3017714,2.0824974,5.3398542,48890
10.722334,1.4267694,2.2912903,1.7616663,6.9048476,104000
4.496489,7.735089,1.4892482,1.7710816,6.8408484,165000
10.902114,2.0838447,1.1699144,3.53363,6.978446,270000
-0.267204,0.5640159,-2.114877,5.632643,10.65482,130000
2.5857716,1.9774871,1.3510208,2.320616,7.669963,1499999
-0.91341364,-1.2590708,-0.19895549,3.4061234,10.093998,109990
9.887632,2.312732,1.1830872,4.042265,7.65198,1399999
11.173664,0.5324353,0.30466402,5.024256,7.811788,139800
11.393543,0.4001952,0.23065926,4.9849305,7.781632,118000
-1.4261028,-1.2155825,-0.43015426,3.0504181,10.172644,89000
1.4133635,3.0853188,0.6650659,3.864733,7.7581706,589999
1.2043678,1.8377023,-2.8448787,2.4562628,4.942019,64990
11.117462,-0.58422023,1.6065433,3.9857087,6.679246,245000
12.07026,-1.4953203,-0.40962198,3.9401965,7.0630274,169000
-0.5085579,-0.6298448,-0.5568993,4.061147,9.894617,51000
0.9731058,2.219115,0.7490588,2.227459,7.2790565,285000
1.5212975,2.8494098,0.46131992,3.8491123,7.7863894,550000
1.5304512,2.8349934,0.46139774,3.8493345,7.7988186,550000
-0.54820734,-0.22779855,0.46725956,2.6913614,10.125611,108000
1.0073506,1.3625214,-2.3558142,2.6542828,6.113391,123999
-0.68978786,-0.60029596,1.3006471,3.7743568,1.4639714,139999
0.44481257,0.27120867,4.2584844,2.4426801,11.1769285,131668
-2.4938598,-1.8790531,-1.2801116,3.5111604,9.972666,120000
11.609342,-0.12651893,1.4194145,2.8080106,7.245096,114800
12.187803,-0.001476765,2.4501526,4.7630954,5.9909663,119990
-0.80343896,-1.0061871,-1.1118561,4.665528,9.699235,67000
-0.43471894,-0.46527293,-0.99462986,4.8745837,9.51143,127000
11.414728,-0.47280392,1.892551,4.442694,5.4505672,114000
10.496424,2.3972106,0.48829612,2.8378716,6.4268575,179900
0.38153335,0.23020548,4.4016776,2.3600495,11.372882,71000
-1.5232607,-1.591543,-0.84347177,2.0728326,9.665679,68900
12.25676,-0.5563244,0.7913787,2.9769197,7.0491138,120000
1.4216102,1.1336532,3.8307354,2.8317728,10.559968,159750
1.4231193,1.051292,3.8987806,2.7925038,10.619048,141450
1.729019,1.1978902,-1.1090463,2.6760666,5.9005055,317000
-1.5111021,-2.4452474,0.14786322,3.2423766,1.453801,53390
11.523966,0.1810798,1.5933634,3.1786063,7.440061,99900
1.5551088,1.1633179,4.0336285,2.7598794,10.714721,179927
11.080422,1.7186576,1.7301297,3.0768723,4.9488215,97990
12.559785,-0.02592275,1.1800424,2.9582791,5.8678904,89980
11.117739,1.3305745,1.8212749,3.1301527,4.627818,81990
12.449942,-0.29788506,0.9554024,3.084974,6.4622693,107499
-0.544227,-0.343487,0.6433826,2.5519805,10.155788,59999
10.6693125,1.4203653,-0.40728506,3.5667813,6.4390974,275000
-0.8747807,0.84917915,-0.9838138,5.8437147,9.600518,132000
0.04283927,1.060838,0.16883995,3.4136856,-1.2047147,68740
1.0483906,2.2374134,0.7081361,2.5815742,7.0980434,226000
11.730056,0.56696516,1.5873423,3.4466908,7.4782214,139900
11.035415,-1.5754405,0.93390286,5.195771,8.444366,186000
11.2383995,1.5409882,1.636143,2.8984516,4.6702905,78500
-0.21933256,-0.20790918,-0.5343124,4.4609556,9.73638,207900
-2.011454,-1.5107754,-1.4125447,3.7568011,9.949942,75000
10.8124895,0.76051956,1.0680082,2.8927984,6.0361657,57439
1.2571952,1.2401568,-1.2630315,2.138117,5.6694026,165000
11.267095,-0.46142152,1.5495827,3.1676028,7.144507,124000
0.06913694,1.0349826,0.09763683,3.402277,-1.3198549,95600
12.31286,0.6204058,1.661439,3.7832296,6.292097,145000
12.731303,-0.8696422,1.1605,3.1749473,5.174508,93000
1.2331018,1.8427086,1.3947972,4.263325,0.64553523,121600
1.0362636,1.1426617,-1.7790889,2.6245008,2.7175038,53000
-0.099879354,0.99245673,0.31216347,3.4183211,-1.2615385,82500
1.2127686,1.8256291,1.4092859,4.2487693,0.68845624,100500
-1.3155687,-3.0971284,0.80704725,3.2090418,1.2010541,67500
-0.1651404,0.8290269,0.32193875,3.2518084,-1.0579779,75500
-1.0225159,-1.4036864,-2.5946493,3.4857342,11.118338,118000
-0.10137912,0.9859149,0.31509438,3.4071763,-1.2467092,111900
-0.64017427,0.48484313,1.5664519,3.5043154,-0.594952,103000
1.0306243,2.6290925,0.674861,3.552591,8.523379,650000
-1.0595561,-1.5139468,-0.37893066,3.0231707,10.239099,69000
11.8180895,0.08695768,2.0846443,4.602047,6.6516557,155000
0.26969197,3.5474982,1.1824833,3.6413045,7.2599087,120000
11.219689,0.5214585,1.3692743,2.9965465,5.358817,72636
1.5956674,1.2257667,4.061555,2.856328,10.721415,159750
0.35783845,0.20693766,4.4363565,2.3641198,11.382985,92900
0.3569664,0.20666833,4.4339967,2.3700664,11.375518,85899
10.715597,2.3179505,0.010978928,2.9501657,6.4060907,180000
1.6648306,1.2240275,4.1331496,2.8080618,10.779318,116900
0.6348076,0.46651432,3.9887922,2.4414098,10.955912,86899
-1.3820047,-2.1101701,-0.030347947,2.9721186,1.2169193,89000
11.76607,0.7040669,0.5727663,4.6776175,7.9664516,144900
10.976129,1.4817351,-0.65476036,2.6188369,7.121231,169000
10.949916,1.4771652,-0.6394907,2.6455214,7.0718975,146990
-0.43603697,-0.36714906,0.33516806,3.218162,10.159618,125000
0.7192904,3.1629689,0.16327466,2.991763,7.006205,135000
11.576807,0.047268827,1.6355821,3.1171665,5.752318,64500
-0.45378095,-0.43067476,-0.31395778,3.729894,10.251204,107000
11.089274,1.6630157,1.7013747,3.29655,5.116622,208170
0.6793051,1.0152118,1.6329886,4.270988,1.3932925,228000
1.5546734,1.1768554,-1.2652224,2.4905217,5.8283186,182500
0.9353949,2.461576,0.6698882,4.149383,8.2614,327000
0.2495945,1.6105732,0.7050602,3.2570148,8.917337,165200
0.24696465,1.6129072,0.6993509,3.25517,8.913742,165300
0.86111253,3.1688282,0.20566666,2.997988,7.1382637,165000
12.014756,-0.5761349,1.025549,3.1821544,6.9698944,170000
11.407441,0.23395424,1.6248533,3.021578,6.325444,68000
-0.20228834,0.5113539,1.8908018,3.841095,0.5344173,91239
10.259274,3.2709987,1.1909729,3.9101474,6.5920315,179000
11.539243,0.030606767,-0.6997984,3.2703385,6.5143723,56000
1.2677423,1.6792653,-1.8734992,2.9413319,5.904171,400000
0.049355242,1.0762746,0.13821095,3.4272537,-1.2964531,93300
0.056651335,0.97389936,0.15581968,3.3123581,-1.059598,76700
1.2168727,1.8620775,1.3764582,4.226314,0.62831634,93900
12.369201,-0.2895727,1.4600354,3.149027,4.744459,55000
11.225834,0.0030157948,1.5050188,3.5755467,7.47874,153900
1.038804,1.4778546,-2.366667,2.29129,4.480602,129999
1.9433726,0.9623844,1.3066769,2.6172795,8.120839,220000
11.827882,0.63413274,1.4937203,3.6498764,7.638351,123000
9.387987,3.338192,1.4257655,3.018846,7.3004756,116000
9.811222,2.308049,1.2065545,4.300202,7.6393623,385000
-1.8408303,-1.75672,-1.2124772,4.5063686,10.040811,74000
10.408623,2.2813857,0.38515756,4.1106563,6.7909617,269000
11.108396,1.6152478,1.2458686,2.262096,6.3771324,189000
-0.46339777,0.28485557,0.73996896,3.1984308,-0.35560063,99000
-1.318844,-2.478656,0.38846475,3.1252599,1.3219231,68500
-1.3294755,0.42666885,-1.5799496,5.915024,9.805541,123000
1.2001201,1.8648546,1.4248055,4.3003445,0.6399968,124500
-0.10319028,0.9998744,0.31284705,3.4199336,-1.254367,87500
-0.032743435,0.99461544,0.24687198,3.4196947,-1.3087991,82000
11.199275,-0.24085884,1.8894843,3.588585,7.152763,117000
-0.023246704,0.9892148,0.2350474,3.3561804,-1.1498253,92500
1.1831769,1.7171241,1.449786,4.05912,1.1148701,127500
1.2300215,1.8725226,1.3867908,4.2364626,0.598825,105000
1.1524473,1.9006586,1.4349028,4.3124213,0.6514199,134000
1.1841042,1.871516,1.4183168,4.277471,0.67034584,144500
11.084648,1.6389196,1.2606207,2.279912,6.36096,189000
10.509934,2.2913969,0.74945664,3.9937038,6.708326,470000
0.03814791,1.0578041,0.14545289,3.4134936,-1.2839274,101500
-0.08405072,0.99919957,0.31276876,3.4363177,-1.2814243,95500
1.0386204,1.4770069,-2.3634772,2.291722,4.481077,130000
0.1284851,0.6484453,0.4179755,3.943014,10.43437,145000
11.991376,-0.44104606,1.642986,3.4255757,4.711385,55000
-0.7377335,-0.6316514,1.2656955,3.74922,1.4570177,139999
-0.7587774,-1.1828926,-0.050237145,3.152566,10.077041,120000
3.5961676,6.8609176,0.99894553,3.0679138,6.9024262,215000
1.1727033,1.7335185,1.5848933,4.519498,1.6095665,166000
-0.22154452,0.499865,1.8977431,3.8280416,0.50353396,118500
1.1362793,1.6619891,1.4858872,4.0705614,1.1834524,122000
11.456402,0.1647591,-0.87449026,3.3160968,6.4598055,60000
0.8621837,2.1813328,0.43369228,2.3986077,6.7255015,182000
12.48953,-0.13489391,1.2816887,3.0671725,5.5277066,57700
12.72472,-0.86686,1.1491383,3.1698177,5.20569,93000
11.7323885,1.0599478,1.4234029,3.9598954,7.3349133,123000
11.350297,0.7768195,1.6056145,3.4772005,7.303906,259900
-0.69663984,-0.41871852,-0.053279035,3.5082686,10.155475,89999
10.516039,2.281157,-0.23744331,3.5488586,6.0634794,100000
11.922713,0.15505481,2.1524458,4.5559688,6.7107353,139900
1.270309,2.8000464,0.78039515,3.0357575,7.445904,140000
0.69428444,2.2105496,0.6400062,3.6809554,8.703116,415999
10.462369,1.6808236,1.3830521,3.745123,7.038708,529999
0.21100593,1.0866508,0.2179359,4.3582325,10.239653,188400
11.017308,1.1649663,1.6952262,2.1100442,7.006064,114500
12.528391,-0.1600025,1.170954,2.9644506,5.7815723,74990
-0.141238,0.59003776,1.818519,3.7219293,0.12897606,112400
0.3127508,3.5739455,1.1887203,3.671169,7.2831798,175000
12.472696,0.71992123,1.8900079,4.097949,5.9172893,134900
3.2602155,6.2275205,1.5903468,1.7603774,7.680667,110000
0.25014573,3.6002443,1.2007899,3.616989,7.2245836,119999
9.8726845,2.1865308,0.9905577,4.32489,7.359186,520000
11.920394,0.61165404,1.4770706,3.7156546,7.6362524,99900
10.001092,2.149318,0.93561786,4.2958674,7.2566586,520000
-1.3879932,-1.2618754,-0.44010884,3.0363414,10.180751,89000
-0.5692139,0.4645633,1.562458,3.525447,-0.30240774,83000
2.16174,2.1344862,1.3042517,3.2236626,7.7792077,740000
1.0342578,1.9109503,0.6417087,2.1555028,6.9655976,228162
-0.16881545,0.37851053,-0.30639663,4.2669554,10.616749,149000
11.117844,1.5943632,1.3152983,2.2745006,6.3448896,192000
-0.3832562,0.7318125,0.24838927,3.481495,10.585314,121001
-0.6188691,-0.3223508,0.22385551,3.3558047,10.136133,141900
-0.45950085,0.29462677,0.74570435,3.200821,-0.35657075,99000
11.105527,-0.58020216,1.6173161,3.9816983,6.695863,139000
11.96529,0.7132501,1.4318382,3.721486,7.6042304,131000
0.91741174,1.6523327,-1.9427056,2.4232166,6.081821,110000
11.560343,0.5684045,1.5703562,3.5043623,7.4720445,110000
-0.1956739,0.54823035,1.8317122,3.7047133,0.094205074,84600
-1.295274,-1.0400244,-0.90488285,3.4398093,10.99095,122000
11.429165,-0.48208413,1.6912608,4.3364377,5.8820286,139000
0.5485192,1.5736061,0.6711973,2.6058285,6.9614053,200000
3.2253869,6.204108,1.5007315,1.680227,7.728876,152500
3.7812932,6.9823647,1.0189465,2.9639988,7.011454,295000
11.621332,0.21736483,0.2860961,5.2874737,8.375761,121500
11.207528,-1.7060838,0.61413246,5.4153843,8.055906,249000
1.2160473,1.8629874,1.4098394,4.280669,0.6463551,92960
-1.4732136,-2.407226,0.18783663,3.2858016,1.4035016,53390
11.173088,0.2202741,1.5909328,3.5103905,7.4289203,140000
0.9371353,1.4237655,1.5286318,4.2874413,1.59311,184900
11.977512,0.07137154,2.458299,4.2676997,4.75207,125000
11.289192,0.28894538,1.6970596,3.162412,6.21539,127400
0.4440772,0.26956555,4.2549286,2.4405668,11.179591,131668
1.6446813,1.1937877,4.139571,2.7970583,10.778054,152892
1.6347365,1.307152,3.9238553,2.8292196,10.596025,199768
0.4116027,0.23919372,4.281805,2.4429705,11.2038355,106323
3.3503478,6.1813903,1.4913465,2.0947506,7.563544,280000
1.3929611,1.0413408,3.7925816,2.824962,10.561903,199500
1.1657189,1.2685617,-0.204672,3.138321,6.2564836,306000
10.725285,1.3718253,-0.70614105,3.1402364,6.346326,104000
12.105954,0.8508028,0.72973007,4.4449325,8.176101,120000
12.186415,-0.21459639,2.7026093,4.773803,4.835736,118900
-1.5179371,-1.0734229,-0.5729909,2.2891185,9.834067,84900
0.9874635,0.3210367,4.4346232,3.4708817,6.6049957,86777
12.124198,-0.8899448,0.2019224,3.5046275,7.0222216,99000
1.1391581,1.273722,-0.22223553,3.1527913,6.2740865,253500
1.1090777,1.3040494,-0.19530214,3.12645,6.305241,256500
-1.8938386,-1.2409369,-1.0187821,2.020946,9.747237,84900
1.5635239,1.175688,3.9295766,2.8137379,10.612733,127120
-0.0020182303,1.0455391,0.19773345,3.4191747,-1.2618831,98000
11.009088,-1.6596942,0.7174002,5.4122667,8.039029,110000
12.182156,-0.93143654,0.43087515,3.432936,6.9977427,125000
0.30144617,1.2303778,-0.43717068,5.27582,10.372188,229000
12.118331,-1.6016148,1.0008898,2.8324857,5.9429965,79000
11.269524,-0.509951,1.5248355,3.1972623,7.161117,146500
12.38749,-0.2979082,1.4397459,3.1491692,4.8289146,68000
12.729968,-0.8762571,1.1657853,3.184675,5.160132,74000
12.472913,0.004419451,1.2370626,3.0487096,5.7311974,75000
10.517653,2.4269164,0.7818823,2.4840708,6.716109,279000
11.291043,-0.28137898,1.524967,3.0045667,7.1140237,146500
10.009692,2.2376275,1.2803435,3.9633508,7.4639425,1200000
12.085888,-1.0366639,0.18112263,3.6791458,7.0275335,144900
1.1960332,1.8746588,1.4207219,4.2913585,0.627599,123900
-0.4455545,0.30424005,0.8154493,3.2372446,-0.25075382,139900
11.817171,0.6848288,1.5773095,3.9864173,7.465729,145000
-0.83736473,0.6163291,-1.0973275,5.9176054,9.667784,159000
-0.72893625,-0.3105092,-0.08006966,3.3104246,10.286572,145000
-0.96352875,-1.2881705,-1.7557076,3.829645,11.061604,113990
-1.8112212,-1.7568285,-1.2017312,4.5038633,10.057003,74000
1.2139202,1.8578904,1.3790708,4.2211924,0.64518344,112500
11.647744,0.6687514,0.87483746,4.50252,7.5972905,169800
12.832364,0.6366003,2.436903,4.605391,5.570873,107000
11.570892,0.87460935,1.5656043,4.2261863,7.1870236,189000
11.679261,-0.5030265,1.1928169,2.7547472,7.133198,69800
12.298116,-0.53364146,0.7544092,2.954622,7.03836,123000
12.080278,-0.8605048,0.53312963,2.9133348,6.5720596,80000
11.571825,0.515192,0.49602187,4.765598,7.795395,148800
1.1518328,1.8119974,1.4658661,4.282991,0.81478727,144500
-0.7980358,0.5695428,-1.0875149,5.904949,9.671831,159000
11.915543,-0.6658001,0.023949783,3.8822784,6.8736324,130000
11.860648,0.68510896,0.7753552,4.4780602,7.9029837,125000
0.54861146,2.5279827,0.2488871,2.7785654,7.0823226,158000
2.2250135,2.1645095,1.4009738,3.2341743,7.786974,446940
11.762346,-1.4891306,0.2268361,4.2436686,7.1092477,185000
1.6228095,1.2752538,3.9799378,2.8234117,10.647974,235208
-1.012643,0.60278356,-1.2285104,5.9612,9.646143,124900
11.814397,0.5867032,1.4852787,3.5332475,7.6498175,155000
11.125469,-0.19587272,1.7870891,3.4360492,7.33136,120000
12.219125,0.906305,0.76938343,4.365141,8.247082,120000
-0.92517745,-1.6340774,-2.9381254,3.3012319,11.106347,104899
10.719577,1.8930806,2.1858869,2.2304072,5.921093,128500
-1.2704675,-1.2154927,-1.5922718,3.4839215,11.195037,99000
0.6507653,3.0319993,0.33686483,3.2002602,6.994712,260000
11.445405,-0.95536035,0.5539855,5.3509836,8.453704,225000
11.929363,-1.2913053,0.9695565,3.0105276,6.3817973,119000
0.99068856,2.7160406,0.6641825,3.7032042,7.899037,275200
2.033976,2.1447399,1.1271082,3.0091586,7.7088633,369000
10.571587,2.4619486,0.9806831,2.7798562,7.256242,345000
3.6883771,7.0167584,0.77862954,3.3111384,6.8772483,245000
-0.2913095,-0.33262402,1.4709853,3.9190533,1.6947222,99000
11.054879,1.1269093,1.3688388,3.9991853,7.396355,365000
10.772788,2.3441162,0.6120816,2.3734086,6.938114,180000
-2.271227,-1.6435679,-1.4473183,4.2304378,9.937912,71900
12.18007,0.00304936,2.4415274,4.756876,5.999485,115000
0.8353159,2.1527112,0.40699875,2.3779562,6.806514,170000
1.4880983,1.1619092,3.8687263,2.8159113,10.571855,127120
-0.5783614,-0.33103704,0.5832952,2.57439,10.176469,82500
9.89657,3.0797768,-0.07359466,2.86412,7.109482,90000
0.9934969,1.987233,0.5799737,2.132589,6.98967,188000
-0.4814701,0.27396852,0.82319325,3.2102683,-0.85001045,88000
11.290745,-1.4024987,0.8712711,4.737392,8.253098,244000
0.42693123,2.7749872,0.03905404,2.6850922,6.938114,315000
11.394583,-0.48115936,1.8673002,4.425042,5.5305896,115000
11.692024,-0.22037393,-0.27975973,3.2194884,6.737943,66000
-2.556109,-1.3407245,-0.95367134,2.740332,9.678055,68000
10.758447,2.269826,0.98191017,3.6545086,7.006352,290000
-2.3304186,-1.6731776,-1.4004252,3.157966,9.706453,66900
-0.91949457,0.60898215,-1.0937442,5.914613,9.624188,145000
0.41070113,2.7794993,-0.008127702,2.6729515,6.898483,325000
1.4010886,1.1633111,3.7882733,2.90886,10.518469,140505
-0.9974205,0.6196901,-1.2252618,5.9374504,9.672857,145000
-0.6732413,-0.56886554,-0.31234488,3.3922153,10.463611,139800
-0.017091373,1.0401844,0.26628217,3.9986129,10.294314,245000
11.701581,-1.5886455,0.30402023,4.332821,7.1341577,103700
1.3321435,2.5722358,0.9309059,2.8191957,8.166529,345000
11.366607,0.099469885,-0.21499006,4.2781463,6.473538,97999
4.172826,7.468041,1.4346584,1.8946724,6.989552,156900
-0.98606473,-1.4623746,-1.820128,3.645234,11.261931,122000
11.841684,-0.8514496,-0.5331305,3.8376253,6.7815013,79980
11.651188,-0.45887345,1.2675786,2.713751,7.1270967,100000
2.6907804,2.7357235,2.0745015,4.3446565,8.18534,1750000
12.183892,-0.22282681,2.6942868,4.783697,4.873925,104950
0.2075213,0.8122972,0.3428878,4.292383,10.372215,125000
10.667707,2.2857192,1.0822937,3.6922092,7.0129933,599000
12.098543,0.9044733,0.9176518,4.170656,8.025521,131000
11.163151,-0.032281727,0.36291188,4.6407714,7.0834246,119500
11.3030615,0.25711516,1.5236751,2.6523006,6.983426,240000
0.046267517,0.5105,-0.44747782,5.3568754,10.378267,123000
-1.3608015,-1.1732446,-1.0122216,3.3889415,11.013134,129000
1.2161467,1.7225046,-1.820645,2.9806561,5.9636273,275000
11.943658,-1.3581247,1.0130703,2.9156947,6.357955,104501
12.407248,0.3098669,1.4675014,3.426062,6.0841494,124000
9.548776,3.1877303,1.3119313,2.8704147,7.1949363,145000
-0.5588039,-0.34961945,0.6260087,2.5479283,10.1615505,60900
1.4672238,2.7591078,0.51423764,3.777394,7.7677455,550000
0.1818128,1.1107975,0.8532674,2.851315,7.8212,210000
-1.2757418,-1.1030357,-0.15484521,3.7014596,10.1354265,109999
-0.65275633,-0.5122135,-0.28302962,3.3959222,10.46781,140900
10.472471,2.3736067,0.77895796,2.493609,6.5888057,131000
12.406969,-0.516332,0.91725355,3.233484,6.48065,119001
10.446591,2.4416585,0.8952171,2.430657,7.5295677,408000
11.890275,-1.5888207,1.0286273,2.984462,6.2968755,36000
-1.4447935,-1.1998804,-0.4577222,3.0584774,10.20016,88990
1.0509378,1.1486294,-1.7779438,2.6297045,2.7178042,84500
10.477051,2.3631704,0.78763103,2.503652,6.530091,138000
9.48009,3.2441828,1.3738332,2.943948,7.2375965,173000
-0.68687725,-0.16449969,0.8925581,3.394002,-0.6958134,104900
1.2002623,1.7309027,1.4562719,4.1731668,1.2883761,225000
11.972458,-0.55722266,1.6588355,3.5189872,4.6091647,65000
0.9861283,3.1037478,0.4345028,3.9713774,7.64333,247500
9.8983345,2.174538,1.0609818,4.2457094,7.398988,1750000
0.7992895,2.4233785,0.4881469,3.9503596,7.974588,317000
-0.7543329,-1.1701071,-0.03880481,3.1443832,10.064839,119990
-1.2762203,-2.8991401,0.68599594,3.1739986,1.1805964,74000
1.2290518,1.755436,-3.0853436,2.3040786,4.8880286,82488
2.1008449,2.2367537,1.4036992,3.3323677,7.8076725,860000
-0.34889278,1.1832352,-0.2650696,5.057482,10.054563,155000
12.934262,-0.870891,0.7846097,3.462713,5.940834,59000
10.923008,-1.5669118,0.8073094,5.6434627,8.795105,265000
-0.703199,-0.24076824,0.23376033,2.9437897,10.213887,114800
11.190184,-0.7533715,1.5013595,3.842313,6.9015718,94900
2.2480729,2.000109,1.2116745,2.593486,7.6860886,290000
-1.071064,0.58960384,-1.3088586,5.989523,9.682425,115000
12.5879345,0.66633326,2.0349975,4.2075214,5.663559,127999
10.988713,1.9471776,1.024349,2.5170095,5.0732775,99900
0.077394545,1.348558,0.32287547,4.047764,10.065868,278000
0.2471921,0.9496001,0.115200065,4.7641144,9.990777,218000
-0.24563707,0.7582571,0.32308164,3.0576406,-0.63867724,88500
11.07246,-0.19202526,1.8378793,3.4187727,7.279035,132000
0.61173946,0.4375246,4.1306725,2.4157164,11.120906,115000
-1.3331491,-1.0228648,-1.0183073,3.5446422,10.913081,74999
0.7590515,2.5009584,0.57878304,2.3280392,7.0148606,204999
12.010769,-0.82665,1.1588594,3.7659576,6.667533,95990
0.663471,1.1455156,1.6489521,4.3753834,1.3010758,228000
10.621184,2.5287683,0.015789658,3.1093395,6.2183046,144999
11.381389,-0.64107656,1.3606633,4.1129274,6.324477,89000
12.037628,-0.9571708,0.33821225,3.6712658,6.9065704,109000
1.645445,1.218529,4.0624785,2.7750783,10.724281,165000
2.0691612,2.113954,1.3046768,3.1268964,7.7134876,329000
11.518479,-0.8200672,1.3797532,3.0142953,6.9267616,65490
1.2102876,2.8691936,0.7009589,3.8968956,7.696676,498000
-0.31896847,0.4136419,1.9533374,3.7337625,0.27040967,109000
-0.29461077,-0.37138045,-0.26401037,3.9710548,9.851967,94500
12.196226,-0.18917514,2.7055638,4.768921,4.8206472,94990
-0.8257482,-1.025222,-0.7800416,3.5855122,10.4458685,125000
-1.3894097,-1.1708051,-2.0280523,3.4782,11.278921,85000
12.179542,-0.21812016,2.6916678,4.7807274,4.8600707,104998
-1.221824,-1.2768909,-0.4577559,3.2632382,10.610571,76990
1.2033212,2.4902992,0.88962984,3.2443929,8.347936,359000
-1.3686736,-1.1740859,-2.0482657,3.4852996,11.267608,85000
12.061407,-0.15522547,2.5506465,4.68417,4.9815273,155000
11.842676,-1.6924529,0.51624316,3.6070292,7.007586,46000
-0.7337334,-0.24587323,0.20854452,2.960125,10.192514,68000
1.2751113,2.96815,0.1543727,4.30834,8.046823,350000
-3.021547,-1.8667011,-1.346219,4.104519,10.268457,89999
-1.5893418,-2.597858,0.199414,3.1488812,1.3906497,67500
-0.04792965,1.0103422,0.23971325,3.4021437,-1.2495462,82500
11.783262,0.5400815,1.4802363,3.4976983,7.657836,114900
11.003786,1.9696931,1.3522128,3.60004,6.9326696,220000
11.360601,-0.71805304,1.4295964,3.312602,7.268853,65000
11.002588,-1.4580923,0.77418745,5.627963,8.818756,220000
11.152064,1.4938735,1.8503479,3.322959,4.9767017,115000
10.87364,0.50829387,1.7208265,3.2577667,6.9582763,235000
11.221888,0.6594092,1.6264247,3.1938426,7.3261323,187000
1.2415717,2.7786806,0.910702,4.094913,7.6062875,609900
1.5129493,3.1053767,0.6751214,4.053547,7.8927364,469000
10.730486,2.2516615,0.7299045,2.8230565,7.330341,490000
1.1750045,2.4144843,0.9226578,2.359548,7.8438993,235000
-0.68712926,-0.55374706,-0.3028231,3.3667958,10.474304,139800
-2.966381,-1.8417554,-1.283394,4.00883,10.282074,66500
0.031190831,1.0279897,0.19985926,3.4356353,-1.3548024,79000
0.6723123,1.5366325,-1.3185116,2.6141448,6.3105755,155000
1.1753466,1.7248137,1.4482716,4.0549455,1.1110125,150100
-0.557819,-0.35326427,-0.09123266,3.3860834,10.43918,97000
-1.015832,-1.3575357,-1.2162176,3.811458,10.4654045,90000
0.89985424,1.5217998,1.6170241,4.314054,1.0757511,122000
10.884496,0.5232453,0.32745337,4.673407,7.095934,269000
-0.548637,0.15672112,0.8115056,3.2334023,-0.93063265,89600
0.6432197,2.1120527,0.5925367,3.680705,8.718424,222000
-0.87747145,-0.57222635,-0.35243967,3.3730195,10.730231,170000
0.04716493,1.9096382,0.2981811,2.9339907,7.4347873,268650
0.6500935,2.1245399,0.6033801,3.6756535,8.70871,251000
11.34225,1.0738776,1.8519202,3.1425493,4.536606,97000
11.48898,-0.84298474,1.2375773,3.365851,7.402963,99800
11.708342,-1.0104719,0.92141205,3.537604,7.2683396,139800
-0.21702373,0.5191691,-0.93119097,4.9683666,10.625596,249000
-0.11113711,0.8668397,0.26333505,3.2390282,-0.99849486,68200
-0.39088282,0.90755665,-1.7083963,5.7553577,11.271926,124900
11.654538,-1.0816029,0.9912817,3.563675,7.332922,139800
11.2579975,1.2526221,1.6262828,2.8593655,4.869119,58990
1.1673719,1.9020773,1.440439,4.306578,0.6775167,152000
1.1311314,1.6338303,1.5024561,4.073109,1.2187575,149900
-0.54668593,-0.41385165,-0.27226928,3.4862342,10.512576,136000
-0.008916075,1.0820448,0.19492576,3.4434574,-1.2159616,109000
1.5578705,1.2352504,3.9464266,2.8217664,10.644695,170489
-0.517466,-0.4353706,-0.19143683,3.420488,10.471553,88000
11.143977,1.2153864,1.9482656,3.3849077,4.654004,167000
11.695807,-1.0739055,0.9234491,3.5897915,7.285695,139800
-1.0879437,-1.199848,-1.4133638,3.222261,10.68478,88000
1.6622201,1.2568339,4.2016726,2.8578544,10.833821,175000
1.5697515,1.1427413,4.0527,2.7306943,10.721888,140000
1.5016451,1.0972735,3.9642649,2.8022852,10.641856,144628
1.5628331,1.2688273,3.867571,2.8284698,10.568579,161730
1.4634542,1.0273708,3.8764532,2.8188086,10.594308,114878
0.5693908,0.39804402,4.198119,2.5143867,11.011107,87900
11.881443,-1.6581006,0.50935644,3.5586755,6.9691825,45000
11.3017025,1.5745599,1.6428757,2.8678908,4.9699526,120000
-2.5486069,-1.3446312,-0.9544813,2.7078407,9.66859,50000
1.2130184,1.8462999,1.3708631,4.201674,0.6514309,112500
10.809193,0.761414,1.0666951,2.8906834,6.045585,57438
-0.24035956,0.7723057,0.31352738,3.0535007,-0.6473268,105000
12.100487,-0.867346,1.5206802,4.0073886,5.219138,78900
-1.5180186,-2.5583491,0.23256457,3.1276286,1.3743025,53400
-2.5560036,-1.347976,-0.9558241,2.7251315,9.677065,50000
-0.14895263,0.8559244,0.42946377,3.3280997,-1.129524,76700
0.030738859,1.064409,0.17480846,3.4182339,-1.2402847,97350
0.7977041,2.2112093,1.6036266,4.8421493,1.2707759,220000
12.506218,-0.02564549,1.1550981,2.9847379,6.003938,83000
-0.03901891,0.5572603,0.15338482,3.035581,-0.8131785,71470
1.0984885,1.6176255,1.5183252,4.0812793,1.2123308,125900
-1.307908,-3.0174973,0.7497449,3.2130048,1.1549428,67500
10.807424,2.3421226,0.34408963,2.5230236,6.7470326,119900
10.730676,2.0029914,1.0565487,2.777572,7.3989015,309900
1.2117113,1.8552697,1.4135611,4.2800627,0.6477566,100500
11.712615,0.75459176,1.2423544,4.303667,7.5313854,340000
1.2392672,1.8708508,1.3961,4.30745,0.62329954,105000
10.939956,1.5351846,1.8462254,3.296573,4.7933264,135000
11.891171,-0.05761083,2.2249053,4.6975245,6.6181235,145000
12.122881,-0.63200915,0.8043093,2.7309563,6.422126,82400
10.630246,1.1027074,1.6015799,3.267183,6.810429,207000
10.433741,2.2611024,0.79946476,2.3038924,7.704892,300000
10.842869,2.134272,0.7641105,2.4454806,6.72769,189000
10.974906,-0.36533356,1.9643512,3.4585214,7.3455653,108000
1.0043176,1.9946842,0.5760975,2.1382968,6.9937935,215000
11.874059,0.67761815,1.4529808,4.0859303,7.5722847,125000
1.8064705,2.9961743,1.1756313,4.4328175,8.2802105,445440
11.895994,0.6947853,1.4297712,4.0771317,7.57652,125000
10.991532,-1.7326087,0.7550326,5.547698,8.408074,395000
0.35725087,0.20630838,4.4376903,2.3680341,11.379792,115000
11.78245,-1.0434566,1.117218,3.042146,6.7001357,39000
12.44056,0.6797259,1.9366171,4.1410737,5.9287663,132000
0.09481757,0.71409196,-0.30190128,3.0633345,-0.5753393,64500
1.594961,1.3121885,3.8786387,2.8409534,10.572514,161729
1.6148295,1.1903415,4.0454245,2.754453,10.715314,120419
0.47291616,0.35663408,3.7759306,2.4866922,10.920099,64800
0.45672083,0.29539225,4.350365,2.3461635,11.347157,104984
4.6341934,8.304799,1.5386686,1.6583796,6.5857882,185000
3.4695308,6.389776,1.4757915,2.0759685,7.485627,184990
10.306432,2.223229,0.75872695,4.045659,6.9738374,325000
-0.3231152,0.03323003,0.51637506,3.0731714,10.090446,134250
11.037564,0.23241597,1.710088,3.32025,7.226907,206990
11.9282,0.01991479,2.3019104,4.669471,6.5997696,144999
-2.9795501,-1.8571637,-1.2909449,4.0172367,10.289784,74000
0.3342805,0.45869446,0.85235924,3.1834629,8.914298,169900
10.090081,2.2724288,1.0360976,4.2530513,7.3569636,399900
10.4327755,1.7452269,1.376238,3.761732,7.335713,219000
-0.32207283,0.42766294,1.9052118,3.7028651,0.118158914,96900
0.5169199,1.0722456,1.7464759,4.2029705,1.089892,132900
0.033391375,1.0688586,0.15106913,3.4147272,-1.2347399,93200
11.523093,-0.84921205,1.3554273,3.0294423,6.904506,88000
11.683328,-0.9320522,0.93178123,3.9908507,6.4063015,135000
-0.38880217,0.35547453,1.8804066,3.6488664,0.06560137,98900
11.970623,0.061045498,2.4532132,4.2511883,4.7517085,125000
-1.6431818,-2.5890262,0.13131355,3.1285424,1.4133315,69000
-0.15305845,0.9385128,0.4504718,3.4433863,-1.2357991,110000
12.458851,0.6630692,1.9281056,4.120447,5.8584967,116000
0.65524817,1.9443694,0.59968203,4.0658593,9.2606535,144000
-0.5346037,-0.21074276,0.46102843,2.7319677,10.135447,95000
11.189147,1.2151439,1.8698413,3.1752157,4.5391254,97000
10.621187,1.3771263,-0.5032437,3.6682405,6.3935504,136500
11.19895,-0.8325372,1.5213758,3.854415,7.002396,113000
-0.48726124,-0.12547079,0.44799882,2.806381,10.10916,63000
11.04135,1.322527,1.8640716,3.1933014,4.532664,120000
10.513884,2.0598311,0.39163062,4.113001,6.6747794,198000
0.1059792,0.6352627,0.38727906,3.9317183,10.44908,145000
11.336598,-0.71758175,1.5541673,4.219875,6.374234,108000
11.443055,1.0714372,1.7215768,3.001447,4.4768534,87000
13.013559,0.7982969,2.437896,4.5564013,5.315994,116300
11.191659,1.7820024,1.5176479,3.8981287,6.456052,367000
12.986445,0.77637017,2.4426637,4.568016,5.350662,118000
11.241721,-0.87059575,1.5027013,3.8868234,6.792006,68000
0.75397086,0.5760131,3.766222,2.5254982,10.7733345,149000
12.393742,-1.3614125,0.9879702,2.6837668,5.792775,69500
-1.70079,-1.2764723,-0.9417026,3.6432147,9.980704,71900
10.676686,1.3171681,-0.45882446,3.597934,6.4138327,235000
11.24734,-0.87335527,1.5057917,3.912819,6.7534084,88000
-0.38715026,-0.092105396,0.5679366,2.804903,10.04741,128000
0.11098796,0.746746,0.26473647,4.0841746,10.348784,99000
-0.21805866,0.03996758,0.67541677,3.0112228,9.993458,139000
12.748762,-0.87171406,1.1367381,3.1705117,5.214276,89500
11.752988,0.57730997,1.6956517,4.3199205,7.122289,155000
11.200531,1.361129,1.7095268,2.919417,4.7977586,69000
-0.76453584,-0.26613548,0.21312727,2.866223,10.182277,88000
11.002203,1.3326886,-0.68087965,2.9722526,6.707801,80000
11.112001,0.6132406,1.6571642,3.090692,6.713033,164999
-1.089586,-0.969112,-0.46961486,3.346627,10.638382,250000
-1.8190506,-1.6682174,-1.7073184,2.352719,10.142044,58000
1.9282074,1.436378,5.971191,4.1140437,6.540956,220000
1.9338613,1.4338818,5.970384,4.1105094,6.560193,217000
1.078676,1.8594859,-1.8970884,2.860954,5.809527,147000
10.604021,1.4649683,2.766043,1.4333489,6.6819053,89730
11.196737,-1.3790127,0.8870173,5.0669823,8.4725895,350000
1.0968827,0.92735994,3.2406144,2.8393726,10.17399,133100
10.952422,1.5120617,-0.31758505,3.4222121,6.923667,125000
3.844122,7.009033,1.02132,2.9469109,7.0416093,453600
1.1201618,1.6424309,1.4637573,4.0830894,1.129355,121500
0.030943537,0.593632,-1.8081201,5.6923065,10.033227,158000
-0.8632148,-1.3759458,-0.2808094,3.2055397,10.145541,71999
12.743113,-0.88727045,1.1624774,3.1851423,5.156608,90000
1.0058231,2.9328647,0.19115806,3.6608472,7.448485,179900
-0.12212703,0.35657153,-0.48158777,5.25919,10.14775,129000
0.02744767,0.59179115,0.06557396,3.0278358,-0.8346417,98000
1.5854231,1.299601,3.8568788,2.8292136,10.559792,184000
-1.7175188,-1.7215781,-2.250297,2.8131275,11.8424835,69000
11.246829,-1.4616532,0.88301194,4.815765,8.366819,190000
3.923822,7.035579,0.9705626,3.0159857,7.0529313,615856
-0.6434433,-0.37854528,0.1905691,3.3365865,10.1553335,124500
11.534501,-0.75186276,1.3726841,3.1538806,7.0236697,115000
3.7992449,6.9911127,1.0202148,2.9602349,7.017228,350980
0.823895,1.4775925,-2.7197392,2.3516297,5.868267,67155
1.3464533,1.0976517,3.6844203,2.8071346,10.458134,225000
11.743177,-0.30817983,1.3027519,2.929739,7.1948504,89900
2.0304372,2.1190388,1.1863143,2.9433808,7.821951,1500000
-0.6049722,-0.22012572,0.2135345,3.3000362,10.170606,108000
0.94681036,1.414892,-2.7566187,2.1950243,5.643617,56999
11.889869,0.649884,1.4782517,3.721998,7.6248717,123000
-0.49774826,1.3192837,-0.7912582,5.5110326,9.891172,150000
-1.0851675,-1.250301,-0.6239838,3.9450874,10.1015415,85000
11.706651,0.6067874,0.90891093,4.456102,7.707386,169900
0.9643955,1.7628188,-2.1991699,2.5023851,5.3052635,77000
1.4219959,1.1744465,3.8929212,2.866207,10.595308,137500
12.196322,-0.34412172,0.8400086,3.4532435,6.9623394,88999
0.76575553,0.5913287,3.8698592,2.5186574,10.793332,170000
-0.018156927,0.70989394,-0.44510508,5.4755826,10.397786,123000
11.773516,-1.8827968,0.29281276,4.037723,7.1011405,149990
11.43224,1.3737631,1.821192,3.3642292,5.02764,190550
11.045644,1.1202533,1.7016283,2.0985227,6.9956474,126000
12.228314,0.029570026,2.3866866,4.72122,6.018161,93990
12.0294075,-0.8863847,0.07753547,3.6761193,6.9192953,100000
11.800993,-0.9249107,0.8438815,4.1675525,6.4337926,116000
11.733696,0.6296686,0.8766009,4.485468,7.750604,122000
-1.0835544,-1.3304117,-0.324348,2.888551,10.226861,94900
-0.8297852,-0.78002465,-0.29265937,3.2628765,10.616598,144000
12.176638,-0.5863405,-0.22905625,2.7634768,6.612501,58000
11.641681,1.0971841,1.5188745,3.9725215,7.2159214,245000
2.131497,3.0921173,1.3913158,4.4584203,8.142325,1200001
0.84988964,1.435198,1.5958521,4.3337984,1.0341127,115000
-0.9188496,0.82328004,-1.024738,5.882452,9.602682,165000
-0.36908793,0.49428675,-1.8794918,5.2736206,10.6465225,120000
11.339643,-1.3242913,0.5961827,5.4379773,8.319585,295000
3.900419,7.0287333,0.9974349,2.9752038,7.05453,592577
11.391165,-1.0058868,1.2125378,3.7708418,7.2159004,185000
-0.25843146,1.0535144,-0.2532471,4.9231725,10.248572,349000
1.0843754,1.3453027,-0.2379832,3.2119033,6.400685,253500
12.850007,0.6447932,2.452845,4.6203547,5.556531,125000
-0.048032682,0.9776526,0.09322518,4.455586,10.391225,138000
-1.807,-1.1420485,-0.6331727,2.408777,9.792487,120000
11.132366,-0.36978698,0.23876013,4.532673,6.7545204,91800
1.9558439,0.8849721,1.3443643,2.5824246,8.245154,220000
11.244431,-0.50562316,0.36174983,4.350384,6.532483,92000
11.509279,0.02731522,-0.65073127,3.3272738,6.5522995,74900
12.311322,-0.26084056,0.6660889,3.3772516,6.2870545,125000
11.891337,-0.34429568,1.294965,2.9438624,7.1499977,73500
3.6649551,6.839205,0.8869384,3.246128,6.8949833,160000
4.359804,7.777032,1.4410692,1.8897952,6.827892,375000
11.737553,1.0261738,1.3868471,3.9800742,7.4716845,119000
10.718015,2.3191004,-0.28514683,3.164975,6.1833487,170990
-0.14529431,-0.2406091,-0.3464343,4.4178414,9.823872,133500
12.175296,-1.0332307,0.29893148,3.537842,6.9447765,129900
0.57684916,0.16100757,4.3086233,3.3520665,6.388072,81900
0.59242886,0.4165267,4.1761274,2.2799973,11.231064,105500
11.298268,-1.6754116,0.55188024,4.798078,7.15321,130000
-0.21732844,1.0881243,-0.45492896,5.6101007,10.291197,125000
11.637518,0.29264018,1.6157339,3.2231567,7.545683,126000
11.677683,1.2922385,1.390248,2.6676967,5.318326,91000
12.2155075,-1.0163751,0.8387265,2.7274876,6.32526,61500
-0.6870735,-0.4191145,-0.18652086,3.3705282,10.591919,119900
12.395791,-1.3769853,0.98797107,2.6799505,5.7892585,49000
-0.2715094,0.9966765,-1.393977,5.4615564,9.769733,175000
11.65301,0.5693703,0.6671338,4.629726,7.7717986,135000
12.046753,-0.525939,-0.30487338,3.2037623,6.772983,79900
-1.3786018,-1.1380483,-1.0091503,3.4276357,11.018477,123990
-0.067551956,-2.2334676,1.3886315,4.22483,2.1041052,68500
10.728063,1.8841838,2.1525156,2.2045152,5.938076,120000
-0.12076818,0.5496023,-2.2247977,6.003479,10.475529,119350
1.4462966,3.1282535,0.6904739,4.0022397,7.846809,469000
-0.14159392,0.9423416,0.41245008,3.4285958,-1.2510318,110000
-1.6149155,-2.6555178,0.21347073,3.1488452,1.3782144,67500
-0.94932735,0.68907547,-1.0337193,5.8313417,9.537018,138000
11.143785,-0.50515974,1.6232724,3.9793432,6.634689,173000
-0.026501676,0.5724966,-0.40834925,5.354354,10.252393,147999
11.780563,0.67738515,0.5894699,4.6691227,7.984141,135000
11.4497175,-1.4642367,0.87461805,4.1844916,7.5961924,79999
11.800224,-0.5740439,0.80449426,3.290877,6.375591,59900
11.733919,-0.58623636,0.72277826,3.3799784,6.3871565,67500
10.08527,2.2376997,1.0154389,4.311922,7.3125196,995000
-1.8589071,-1.7779803,-1.2349825,4.4655056,10.025362,89990
0.048317075,0.57543373,-1.7983652,5.7149982,10.078611,158500
12.456622,-0.5982831,0.39082646,2.9360774,6.8635597,140000
-1.511971,-1.446896,-0.74177074,3.8846734,10.252648,272000
-1.9521779,-1.8479108,-1.2863777,4.4798307,9.947503,89990
-0.18045881,0.5566318,-2.2249565,6.0141864,10.458163,99000
-1.5294114,-1.1808668,-0.45993486,3.0465112,10.158219,89000
0.10425318,0.6334345,0.3779429,3.9446368,10.453428,144900
11.935,-0.788095,0.04845551,3.8162735,6.841641,105000
11.200428,-1.4065689,0.71059656,5.451573,8.512249,293500
0.017982326,0.5523633,-1.6716737,5.72704,10.460338,130000
-1.056911,-1.3100249,-2.1205277,3.6275265,11.0625925,129500
-0.73559755,-1.0057522,-1.1367482,4.121347,10.248156,80000
-1.0535259,-1.3317484,-2.2138102,3.5674474,11.075311,135000
-1.0142443,-1.2731316,-1.9017724,3.7467792,10.981119,100000
-0.96100193,-1.6162726,-1.3675177,3.3487432,10.596581,110000
-0.96402574,-1.6355579,-1.3738014,3.3384717,10.616611,94900
11.687691,-0.11600119,-0.65136373,3.2905633,6.506794,69000
12.177225,-0.5803573,-0.27059108,2.796793,6.6255207,69800
-0.19471605,1.2153624,-0.51632285,5.705471,9.987712,339900
0.117233954,2.0676684,0.006913673,2.6801667,6.8342175,125000
-0.16306554,0.5613904,-2.2241368,5.985573,10.478258,99000
0.38829568,1.5905542,-0.5176537,2.9701288,6.8182306,172000
1.2208475,3.0970907,0.17904277,4.2313085,7.9158483,549990
11.3626585,-0.87040144,0.15611738,4.5398083,6.7455273,99690
0.31811246,1.4470266,0.3053173,4.2227235,10.028052,350000
-0.03799288,1.0509883,0.1628141,3.984357,10.353872,163000
11.840332,0.10603977,2.1142256,4.589953,6.658094,155000
0.92660224,1.3098024,-0.42507076,2.7877657,6.0609446,175000
4.3910055,7.86973,1.4302776,1.9620242,6.766356,829650
1.8679029,3.067992,1.1801727,4.332388,8.0251045,479000
9.98056,2.2512045,1.0279946,4.358354,7.3687706,280000
-1.0614473,-1.3366176,-2.4802263,3.5184853,11.096941,101900
11.997618,0.7766096,1.1012543,4.20503,7.79752,137000
11.612589,0.19546375,0.28506634,5.292736,8.371747,134900
11.316835,-0.65733916,1.5218916,3.3484302,7.2373714,114000
10.944336,2.4352405,0.8022822,3.2352784,6.270179,94990
4.5004053,7.791473,1.4855785,1.7689565,6.8124533,375230
11.502292,0.24865751,1.5831321,3.2294858,7.4766774,145000
1.990969,2.0586095,1.1516603,2.1279132,7.4808207,225000
-0.97883534,-1.220975,-1.5369562,3.8960714,10.72291,139000
-0.071837075,0.92888623,-0.3891122,5.7262306,10.199092,122800
-0.75049245,-0.3319738,0.18019511,3.0988564,10.166875,56000
-0.9070342,-1.784914,-3.1052575,3.1761444,11.102348,84499
1.3076223,1.8461832,1.3455892,4.19755,0.7258321,129930
5.208994,9.234103,2.1010938,9.705515,5.906482,198000
12.150585,-1.5605537,0.9916689,2.8089144,5.9578786,29999
12.024471,-1.7004843,1.0237188,2.8692884,6.003159,79000
11.542862,-0.5114412,0.41926217,3.7270634,6.449316,67000
4.501453,7.754986,1.4853456,1.7581654,6.832768,178000
12.179877,-0.58115506,-0.402526,3.076067,6.744993,105000
10.791376,0.7926464,1.0861036,2.8872824,6.10067,84000
11.813864,0.001444289,2.1059015,4.6394835,6.775596,145000
-1.1676104,-1.4919976,-0.46575305,3.061573,10.474141,114990
-1.606958,-2.6945348,0.25147882,3.1548285,1.355438,67500
-2.0611663,-1.4685557,-1.3103069,3.7331262,9.912039,77000
5.2149997,9.246334,2.1114993,9.717225,5.8946195,148000
-1.8972151,-1.0177952,-0.5868141,2.500129,9.770488,76990
3.421771,6.2590857,1.5390882,2.006806,7.5780487,270000
-0.394783,0.74523485,0.24025194,3.4701943,10.590936,109900
-2.4486399,-1.7032087,-1.3567158,3.1542785,9.83539,58500
11.7941265,0.695385,1.5800928,4.249826,7.227022,179000
1.9311215,3.0786355,1.169196,4.239771,8.078692,585000
-1.786658,-1.3831375,-0.8609377,2.168839,9.732209,53000
1.2260431,1.8594664,1.3933841,4.2620554,0.6354693,107380
-0.12850006,0.955627,0.37247047,3.4169426,-1.2424525,96000
0.085058086,0.6829401,0.21819466,4.1221056,10.41236,160000
-0.94215536,-1.5363606,-1.8019371,3.6328285,11.300451,107000
11.192528,-1.4709641,0.6238683,5.2967267,7.980412,190000
2.7232802,2.6579213,2.1210475,4.263262,8.171253,1112000
2.7389,2.658011,2.153784,4.284033,8.182344,1268000
12.446046,-0.5982938,0.3872092,2.9159317,6.853708,140000
-0.5367469,-0.32397157,0.62345594,2.5763614,10.1534,82400
0.41961053,1.5372481,0.60238177,3.9514682,9.717555,398999
11.86387,0.1352702,2.1027913,4.553148,6.6769156,155000
0.4953393,0.3305299,4.24768,2.4942546,11.067278,102000
0.2090649,1.4353511,0.76088554,2.758119,7.653281,189000
10.878151,1.3860964,-0.7394448,3.039326,6.5892186,87000
1.5289984,3.4118783,0.6114276,3.8048484,7.760636,178400
11.888058,-1.1397141,1.0508025,3.0338151,6.555141,56000
12.179727,0.301207,1.6631606,3.669209,5.3990984,139800
0.7076438,0.52518594,4.0760164,2.5477915,10.969028,85900
1.2003777,1.003552,3.1726463,2.8957524,10.05445,123000
11.547491,-0.8419337,1.3569367,2.9976737,6.9233246,43000
0.45835376,2.3846827,0.079960026,2.512436,6.8295736,174900
-0.23469701,0.7507844,-1.3803527,5.21999,10.458215,207777
0.096892156,1.3177173,0.35009974,4.04412,10.100845,275900
-0.5684543,-0.15079165,0.22005743,3.265197,10.193676,140000
-1.2303048,-1.2368635,-1.8488038,3.648121,11.210096,159000
0.09105723,0.58816904,0.37770897,3.9093375,10.452265,179000
11.140056,1.2415559,1.9515101,3.3733556,4.64726,167000
11.5219145,-0.035936076,-0.3475081,3.3305578,6.658985,75000
0.039731033,0.7249433,-1.4188482,5.7434373,10.606619,202999
-0.34999186,-0.23660591,0.19405724,3.274117,10.414969,149900
-0.95508933,-1.2603784,-0.21807827,3.1512158,10.392353,89000
-0.16861103,0.54152787,1.8967735,3.8634841,0.5650642,100826
0.61148643,0.43061003,4.1408186,2.5387964,11.006275,85900
-0.23588601,0.79312676,-1.2466902,5.5717015,10.831808,185000
2.1644263,2.1282594,1.190892,3.1577144,7.7091103,355000
0.06318313,0.7105234,0.19226688,4.135387,10.434647,189990
0.7245662,0.53995055,4.0770597,2.564399,10.957602,92900
11.280703,-0.5232913,1.5231035,4.1827035,6.301265,119000
-0.41157788,0.79541224,-1.63038,5.339537,10.725066,230000
12.173826,-0.57978195,-0.24504705,2.7666101,6.6159406,58000
1.6326278,1.1785342,4.0888543,2.778163,10.749288,229000
0.39944646,0.24604002,4.3829103,2.3661609,11.349075,76264
0.47884843,0.31548858,4.317479,2.3517792,11.309882,89102
0.9752702,0.31317753,4.4368286,3.4662876,6.5930624,61775
11.863791,0.74207276,1.5966543,4.195169,7.1049623,139000
2.7376904,2.7848055,2.0650694,4.4069095,8.204295,1250000
11.266607,0.28348723,1.5130557,2.5919213,6.99737,177000
0.54775643,0.36971164,4.1384478,2.5893404,10.957504,97900
0.39436418,0.2395762,4.3922176,2.3961556,11.307051,88000
11.7540245,0.99331343,1.383994,3.9500687,7.439975,135000
12.146276,-0.8811968,0.8921045,3.530318,6.7202554,115000
11.437536,-0.7185834,1.4014572,3.2566156,7.0794272,105000
12.583133,-0.15105885,1.1345344,2.932493,5.8928666,75000
10.470549,1.3114657,2.9815986,1.3600271,6.906849,132500
0.44916788,0.29933804,4.194856,2.6148612,10.880738,89000
10.443089,1.2850556,2.993445,1.3526568,6.936584,135000
0.67842066,-1.8768393,1.4588722,4.694335,2.3053234,120000
11.149331,1.210979,1.9481435,3.3906388,4.658773,167000
2.0183818,2.1728847,1.054986,3.1239185,7.687789,415000
10.675353,1.9055777,-0.22820576,3.2666872,6.3878965,157500
-0.016789926,0.96615064,0.11996388,4.412281,10.386572,148000
-1.1354413,-0.78670496,-0.16376942,3.6386113,10.1532545,200000
11.262542,1.745432,1.7082396,2.7387965,4.931486,62400
10.635562,1.4593451,2.6576424,1.542708,6.701735,128490
-0.2584536,-0.25813198,-0.7329615,4.770152,9.557417,134000
12.3738,0.086584054,1.3136427,3.1077154,5.6616783,44900
12.377785,0.07769118,1.3137025,3.1004422,5.6451473,44900
-0.4312298,-0.25757498,-0.9054713,5.0091486,9.436486,145000
11.5030155,0.16467254,1.6055485,3.223303,7.4288692,121000
11.748172,0.736306,1.4741155,3.9022458,7.5476995,125000
12.378305,0.08589251,1.3241595,3.111518,5.642506,44900
-0.8712193,-0.6055267,0.05592969,3.1943986,10.169111,81800
2.2595372,3.1023343,1.3338284,4.5004463,8.260441,899990
11.740588,0.63487345,1.5025696,3.856609,7.549223,130000
1.393098,2.518951,0.7891204,3.3776708,7.8714275,295000
1.6252074,3.195839,0.35820112,4.1373487,7.9602466,650000
1.064736,2.7282796,0.6213493,3.5503519,8.512315,530000
13.049237,0.83078134,2.4129066,4.5308266,5.3005147,124988
10.533654,2.3180442,0.86544585,3.9648438,7.034868,385000
1.1477195,-0.6452381,1.4695888,4.728785,2.054569,100500
11.390164,0.19905479,-0.18098854,3.5857053,6.883534,122000
1.338914,1.8018365,-1.8059822,2.7399468,5.6520243,165000
1.0478885,2.6797068,0.6262246,3.587045,8.514184,649900
1.6256405,3.1774325,0.3613092,4.1037097,7.958508,430000
1.5928683,3.1878676,0.31375283,4.1964865,7.977604,435000
-0.07909357,0.904589,0.11106597,3.9880931,10.400502,226000
0.5436573,-0.7935204,1.6402622,4.4910817,2.2591236,122000
11.887131,-1.563185,0.13748127,4.137339,7.224912,129500
0.41386622,2.7205644,-0.046665303,2.681435,6.9021482,206850
1.5638511,3.1972299,0.36959374,4.075107,7.9282293,469999
1.9558387,3.1740367,1.0315496,4.5530996,8.26722,750000
-0.76724255,-1.1613331,-0.06389473,3.1220977,10.154912,75000
11.42051,-0.46036166,1.9106712,4.450813,5.416625,127000
1.3836019,2.872674,0.7925467,3.9385242,7.754868,588800
10.120098,2.3668864,1.0754324,4.2079153,7.436276,485000
-0.8716405,0.6789391,-1.1947516,5.988058,9.736402,141000
1.9141047,3.043473,0.9441034,4.3541093,8.163245,584999
1.3354626,3.3056848,0.4350342,3.1558557,8.207305,375000
1.5339704,2.9106638,0.31501985,3.8737848,7.7837048,550000
2.1148238,3.0761743,1.0997782,4.3695827,8.268451,799000
0.5014878,1.4706321,-0.71386313,5.2241406,10.25174,445000
1.4229718,2.5506864,0.7566992,3.4056156,7.891439,529000
-0.3527901,1.1259108,-0.34522635,5.16118,10.231986,124990
2.320446,3.1830692,1.2508214,4.5731297,8.299987,720000
11.945852,-0.43071607,-0.24731684,3.1238966,6.803015,119900
1.2539974,3.0233252,0.14562635,4.2623262,7.993628,423000
3.2186942,6.2002287,1.6020572,1.7055757,7.714161,220000
11.205397,-0.8006504,1.5142672,3.9168358,6.8033466,125000
11.123375,-0.6082543,1.6006924,3.9836502,6.6932654,120000
-0.1123433,-0.26477683,-0.5648755,4.792446,9.65975,126000
-0.5309038,-0.544049,-1.0874902,4.992792,9.458176,116000
11.924133,0.14565691,2.2920513,4.0574684,4.881447,114900
11.26504,-1.5899912,0.5246553,4.8200603,7.120563,185000
11.145372,-0.5059729,1.6189646,3.979197,6.6287217,145000
-0.5949063,0.032116126,0.80205137,3.2878282,-0.92641354,125000
11.206319,-1.5628066,0.81437063,5.033923,8.054842,200000
11.249813,-0.5500637,1.5242169,4.0348406,6.409916,123998
11.354369,1.1430404,1.824719,3.1165938,4.584739,73780
-0.16676019,0.87565,0.44008937,3.3867636,-1.2548753,82500
-1.338226,-3.0676968,0.7817764,3.2740881,1.1435518,67500
11.165856,-0.5850369,1.5844252,3.941544,6.6343064,115000
0.68740845,0.5070898,4.1041083,2.54627,10.979449,157000
1.0134045,1.46474,-2.363467,2.2718537,4.559934,90609
11.295795,-1.4594569,0.5009188,4.7172046,7.013599,185000
11.3123255,-1.668672,0.53618056,4.786243,7.1399426,144000
11.505428,-0.63963133,1.7036299,4.2511654,5.375435,57000
11.139032,-0.5324356,1.6217308,3.9944725,6.6180468,149900
-1.0585716,-1.3789755,-0.19982778,3.4629755,10.089862,109000
-1.7464099,-1.7514135,-1.1155435,4.5284824,10.068809,107000
3.6637716,7.0149417,0.7514344,3.3589735,6.848594,280000
0.14289089,-1.4374095,1.6528836,4.2748775,2.3653624,93780
-1.243382,-1.4098976,-0.8049965,3.0763946,10.71887,140000
0.14615822,1.0348425,0.021379935,4.8405347,9.878583,246999
-2.0536108,-1.5749043,-1.3793505,2.9588044,9.750028,59900
11.155015,0.45056367,0.2885037,4.983817,7.6916428,187000
10.805129,0.7671873,1.0683186,2.889258,6.049443,69500
0.46403077,0.58914703,0.90853304,3.3295133,9.140014,195000
1.3139321,3.1122541,0.5702908,3.6953492,7.7566237,459999
0.053182647,0.563394,-1.790031,5.7107306,10.046999,153000
13.049627,-0.94495624,0.80680543,3.4415252,5.8259964,73000
1.1594414,1.8976123,1.4414281,4.3222303,0.67131597,144000
9.65243,3.073094,1.2559294,2.7956727,7.157142,150000
-0.2342016,-0.1635386,6.9924316,3.1803389,6.755099,98000
11.447377,1.1165904,1.6517695,2.8377688,4.3622813,56880
-1.8984588,-1.7407721,-1.2681532,4.4968553,10.013125,75000
-2.7095098,-1.2919526,-0.8511974,2.6718988,9.710948,54500
0.5512148,1.4634262,0.7492418,2.5707645,6.9604077,103100
0.6625457,0.48098657,4.1932764,2.3586233,11.2052555,88466
1.6797482,1.2483953,4.1795597,2.8308191,10.812324,119500
0.6714052,0.48687688,4.1170535,2.5601442,10.9705925,92900
0.88622105,1.4596062,1.659931,4.252318,1.1358309,136990
1.2018986,1.6490759,-2.0486438,2.769549,5.687702,118948
0.8567593,0.71462375,3.1556468,2.7802095,10.264714,103600
0.8301291,1.8517281,-2.2154253,2.7472112,5.6586595,118948
0.04538069,1.0754148,0.11802395,3.377722,-1.2219602,89000
10.80883,0.7664644,1.0565878,2.8906162,6.0516148,57439
1.0473409,1.9288443,1.5133845,4.448666,0.780904,94800
11.882889,-1.5524737,1.0299878,3.0137324,6.3226223,49500
-0.37057513,0.66287786,-1.9719837,5.476837,10.763297,169000
0.5779436,0.40637863,4.160286,2.32726,11.192226,113222
0.41343275,0.26072994,4.335785,2.469587,11.172405,89256
1.4553969,0.9885404,3.9715996,2.6955974,10.636687,119833
10.902616,2.048353,1.252513,3.4480932,7.001753,225000
11.438016,-0.59050417,1.6410838,4.2919307,5.71309,72000
11.538585,-0.62310934,1.7591288,4.26602,5.2893605,75000
-0.17521991,1.088536,-0.43497324,5.6643157,10.255562,125000
0.848657,1.615335,1.613019,4.4196353,1.0490375,132800
-0.5665351,0.23411469,1.1461314,3.3052366,-0.8655486,91800
-0.12313761,0.8529451,0.25726277,3.2072842,-0.93609893,92500
-0.19967638,0.8742986,-0.31823653,5.1077614,10.372721,125000
11.156037,1.2210202,1.9437474,3.3684874,4.6375184,167000
10.436341,1.2827643,3.0154529,1.330591,6.9471836,116400
-0.6163264,-0.345714,0.21984045,3.3130765,10.149412,76000
11.325356,1.1050574,1.8454772,3.1496503,4.5499597,97000
2.9353094,1.7593932,1.3240025,1.8271705,7.6054554,342000
-2.960109,-1.8593321,-1.2991135,4.0026107,10.289191,85000
11.210525,-0.7886345,1.4621367,3.874254,6.9196334,101999
2.986482,1.7248943,1.2560563,1.9255235,7.59323,482000
-0.32794976,0.3633899,2.008355,3.7380369,0.31499693,57800
3.1160183,1.653317,1.252427,1.851326,7.590631,410000
-2.482331,-1.297005,-0.89977103,2.7154276,9.649827,87000
-1.8559163,-1.7308528,-1.2228853,4.52074,10.031755,73000
-0.2654068,0.9910804,-1.4065579,5.4772058,9.770297,180000
0.4270726,0.9663057,1.7662106,4.178583,1.0258392,100500
3.673099,6.8071346,0.97572094,3.1159303,6.995138,159000
12.098884,-0.8709192,1.5167959,4.0136194,5.2289057,78900
-1.6387116,-2.5962062,0.14084855,3.130577,1.4095957,58000
-0.6233924,0.49504176,1.5519251,3.5104113,-0.59609133,140000
-0.22710572,0.482641,2.0340219,3.8222172,0.31118876,69900
11.973012,-0.4712613,1.6604381,3.448684,4.663869,55000
1.022153,1.9212832,1.527759,4.469528,0.7890525,110000
-1.4810562,-2.3330417,0.0803166,3.0976067,1.2752247,71000
-1.3588696,-1.1718044,-1.2570544,3.4146135,11.161381,88000
3.0510137,1.705203,1.2551563,1.8839875,7.587687,352000
2.9197826,1.7565014,1.3082442,1.851279,7.596585,320000
-0.36977372,0.2752638,2.0005512,3.7066734,0.32631168,52996
-0.2826244,0.4293459,2.0271268,3.789506,0.34754235,64900
-0.9230632,-1.6051644,-1.0898716,3.3829377,10.426411,75000
11.892525,-0.73506355,0.043616585,3.8712046,6.8336954,105000
-0.584817,-0.32558912,0.56844264,2.5886986,10.176049,59000
2.0948648,2.0927117,1.1609485,3.0666301,7.7140193,369000
0.03910802,0.5787843,0.046599306,3.0169902,-0.8466707,91000
-1.5598713,-2.5709774,0.20609958,3.1380115,1.3847592,68500
-0.11917997,0.9681003,0.33964935,3.414009,-1.238256,94000
-1.8342465,-1.7692199,-1.2189002,4.4713206,10.038832,90000
11.539725,-0.7977018,1.1297268,3.3831487,7.318747,178000
0.19679181,1.8678539,0.3806889,2.9926586,7.738459,98990
12.245269,-0.4797836,0.8143217,2.9093869,7.0269704,119000
0.99943197,0.32998514,4.4729934,3.460901,6.6351843,119835
-1.133466,-1.7105312,-0.43216115,3.1656725,10.244937,124000
0.409855,0.2520212,4.391936,2.3549333,11.355569,105149
11.2439375,0.40057284,1.5480198,2.482589,7.0030894,240000
12.83448,0.6187441,2.4391515,4.6146536,5.5673532,109900
1.4060262,1.0422258,3.088446,2.9901602,9.844786,139000
1.5719585,1.190373,3.9978595,2.7443016,10.674823,134000
11.199654,1.7895747,1.4985615,3.9060278,6.4724984,179000
-0.75538874,-1.1961391,-0.047915753,3.155222,10.066487,119900
12.454816,0.66603076,1.9396248,4.1367965,5.876478,165000
10.965561,-1.6695085,0.8312254,5.4757156,8.440843,249500
11.2198105,-1.6766478,0.6229086,5.3808084,8.043122,160000
11.975655,0.062402043,2.299929,4.588294,6.621088,142000
-0.79848236,-1.1189843,-0.15115108,3.12106,9.989221,175000
1.7272873,1.273326,2.9884167,3.1757398,9.5055275,172917
-1.0451428,-1.1956586,-1.1699009,4.640862,9.7740345,73000
1.0313307,3.128871,0.56223214,3.9915173,7.504447,320000
-0.28163674,0.5880601,-2.0010858,5.596414,10.666467,109000
1.4891669,1.052384,3.9975238,2.7398229,10.663345,145000
0.71703494,2.59169,-0.28175572,2.8307097,6.9253335,187000
10.645306,1.4574742,-0.4299683,3.668137,6.323989,177000
0.60164356,2.5571055,0.2585961,2.7597222,7.0785933,159000
11.221837,-1.5782791,0.8502774,4.89731,8.078663,170000
-0.5753899,-0.33110413,0.586401,2.5751767,10.174207,53000
12.110195,-0.54038346,-0.37928137,3.0934036,6.7309117,80000
0.26577818,1.0833353,0.49542856,4.1328416,10.178916,247000
12.265985,0.04171657,0.7312749,3.1380181,6.2181587,240000
1.2057233,1.086066,-1.7205037,2.120762,5.916361,129600
12.075853,-0.0051111584,2.4162583,4.7518682,6.2432184,162000
11.641088,1.6549287,1.2842013,4.00737,7.4395666,190000
0.14246799,2.6648674,0.5375868,3.0562792,7.1542826,99000
11.348711,1.491649,1.5994978,2.9844072,4.859368,92500
11.193197,1.6213325,1.5130595,3.1350112,4.77923,155000
11.968428,-0.8400222,0.9993871,4.1074443,6.3827147,95000
4.3838654,7.8089247,1.4488918,1.8797848,6.8086853,275000
10.98013,-1.6444706,0.89486426,5.3584123,8.529991,310000
-0.25813398,0.06989009,0.62077194,3.0408287,10.017259,232000
10.545189,1.3131552,1.6326678,3.2081666,6.9394755,350000
12.2018585,-0.368476,0.8675501,2.924315,6.9734836,120000
1.5157887,1.1249683,3.0367966,3.0660868,9.737385,192268
1.4598823,1.0772866,3.0942376,3.0166347,9.807207,173548
-0.76993006,-0.26624852,0.24686061,2.8215218,10.183877,79000
1.6660705,1.2359068,4.1725197,2.8307223,10.805307,114694
11.381807,0.41673267,0.2549539,4.976585,7.7723174,124900
9.57081,3.14159,1.3097245,2.9091673,7.1884665,129890
1.5413352,2.8400102,1.0322254,4.3735886,8.286576,395000
-1.8323885,-1.27736,-0.95132345,2.0610611,9.787014,79900
1.2747148,1.2321641,-1.2975916,2.1021316,5.6915793,165000
0.4430708,0.33235452,3.771405,2.4835863,10.929396,67700
0.7879071,2.4034953,0.50393146,3.9537373,7.9994135,274000
0.231343,2.0866063,0.3311935,2.858503,7.1875577,218000
11.163182,0.7546777,1.5538948,3.6752882,7.327346,216000
10.616193,1.6686764,1.4767164,3.4681497,7.069396,559000
11.477491,-1.1887277,1.0245736,3.8665924,7.4085193,144000
10.61162,1.8574169,1.3874615,3.6606185,6.706658,269000
11.323718,-1.3587451,0.6214304,5.433054,8.320998,405000
11.377115,0.9241147,1.5962257,3.475147,7.3375525,275000
-0.16956268,0.43324494,-0.40801364,4.3372493,10.72011,325000
10.29668,2.0347917,1.0637169,4.105218,7.0362053,485000
1.4316566,3.197254,0.47165874,3.9718423,7.871766,360000
10.543666,2.116386,1.0062568,3.730227,6.901325,315000
11.963035,0.7294235,1.185465,4.1929092,7.764723,149900
11.416179,-1.0598944,0.5455898,5.3752685,8.445708,249000
10.775471,-1.5465521,0.88366586,5.658815,8.913446,527000
11.189939,-1.5659721,0.8833149,4.936907,8.170774,200000
9.931946,2.2549634,1.0949332,4.271281,7.4590964,999999
11.9672165,0.75049216,1.1446445,4.1778946,7.793823,200000
1.0038326,0.33244038,4.4371963,3.4796093,6.618689,127272
11.55799,-0.797412,1.0894322,3.3809803,7.280528,230000
11.244712,0.8108394,1.5318527,3.796091,7.4710503,235000
11.0620575,-1.6210642,0.8816918,5.2334065,8.4058,290000
1.5274974,2.8042045,0.47477695,3.8583536,7.81279,449000
0.73116964,1.7661439,-1.487199,2.5718966,6.368766,125000
1.2658852,1.2392781,-1.2558923,2.1378,5.675459,169999
0.38765454,0.2355681,4.394195,2.3639004,11.3618765,72632
10.076101,2.2947605,1.0688459,4.2317514,7.384512,750000
11.408935,1.085068,1.4230736,4.1078,7.4576907,299000
0.8714733,0.74403805,3.1372163,2.8007934,10.256858,95000
11.201542,0.7436988,1.5610267,3.747893,7.4611015,205000
1.5434706,1.0992562,4.0323434,2.7385767,10.69658,179000
9.770964,3.222378,-0.17278306,2.8737712,7.231369,159000
11.07814,-1.5800457,0.92490244,5.1282506,8.407091,179000
11.647809,-0.4531244,1.240834,2.7086668,7.129385,99999
3.7447224,6.9829698,1.0198315,2.9586725,6.9915175,250000
11.231036,0.08458546,1.5974894,3.5235178,7.39481,220000
11.021869,1.1155155,1.5142937,3.3527894,7.384063,570000
4.380684,7.8508525,1.4441172,1.9369264,6.777866,326000
0.43779936,0.25723302,4.2292824,2.4755604,11.136022,106323
0.41244256,0.97773397,1.7799526,4.1623464,1.0283722,252066
-1.4678813,-1.1740065,-2.072494,3.3989139,11.357921,150000
0.60130924,0.39514175,4.176223,2.5107162,11.036101,86900
1.6080157,1.1635747,4.052799,2.7644334,10.711919,230000
0.47666553,1.0296075,1.7604408,4.1897793,1.076146,235000
10.7698555,1.3632517,-0.7414797,3.1206512,6.3732157,91800
-0.17068823,0.5402203,1.9032199,3.8610215,0.5573619,100826
1.8253201,0.9091878,1.296593,2.6699233,8.2295265,215000
3.3417537,6.1682777,1.491036,2.1007493,7.5663605,235000
-0.01933902,0.7650952,0.11290647,4.145721,10.44676,235000
12.998274,-0.9136231,0.7801731,3.4610605,5.9328394,107000
11.707979,-0.9583894,0.8794523,3.521946,7.278246,169200
-0.36321574,0.04101226,0.49497432,3.137379,10.063493,248999
11.859769,-0.39747524,1.2828448,2.9085827,7.124876,65000
12.240615,-1.4017992,0.9546164,2.7674775,5.9548507,45000
11.837169,-1.1416478,-0.52119035,4.087608,6.894725,97900
11.974817,-0.4568634,1.6581068,3.4429748,4.678487,55000
11.593037,-0.027310263,-0.6692355,3.232255,6.5366426,73000
11.679714,0.2762555,1.5490189,3.2561615,7.473493,97000
2.3388433,2.1685143,1.3985085,2.5978725,7.7184243,775000
0.6475884,0.47396612,4.0705247,2.4608262,11.049152,88466
11.01397,1.1077381,-0.7487524,3.100623,6.584366,76000
1.6247545,1.3007642,3.932015,2.8453248,10.579944,278000
1.4427129,1.0418926,3.9503047,2.7967572,10.647614,116900
0.5643134,0.38452432,4.1278453,2.5499215,10.97858,120080
-0.53118265,1.3011773,-0.80665654,5.57117,9.852486,140000
12.727839,-0.8619821,1.1610605,3.1809235,5.180651,90000
1.2329991,1.8386972,1.3756362,4.226095,0.623712,93900
0.059327252,1.0707141,0.14723587,3.3932054,-1.1810743,82500
1.0900377,0.9083044,3.2852523,2.8519564,10.224846,126500
-1.3517225,-2.9991293,0.6940289,3.2267163,1.1955398,66000
1.063974,1.6010562,1.5194322,4.1262097,1.1424061,107438
11.6003275,-0.03134084,-0.66946685,3.222299,6.5362616,80999
1.5781049,1.1272024,4.0372524,2.7495859,10.694998,179000
-2.3376775,-1.8403258,-1.5893097,3.7711651,9.5935755,74500
0.6957552,0.55917764,3.7944314,2.4992807,10.868711,105500
11.285189,1.7510475,1.727108,2.7401,4.956988,80000
1.9221903,1.416041,2.904488,3.320308,9.255557,164793
1.6170336,1.1657023,4.0908713,2.7736816,10.742354,173553
0.7062334,0.52126694,4.1013565,2.558083,10.956896,102000
1.1722324,0.94941556,3.3663528,2.8387382,10.226762,159000
0.85193706,0.71978784,3.1325283,2.7938473,10.268245,103600
0.8460674,0.66128373,3.6135478,2.629671,10.610916,140000
12.170598,0.37535626,2.4174597,4.4774675,4.8434224,120000
10.7404785,1.9748472,1.0787557,2.5771773,5.9420834,80000
0.7748436,0.6458615,3.1384964,2.731462,10.313631,79000
12.501824,0.016098363,1.2400037,3.014319,5.7828355,83500
2.3563354,2.165511,1.4013788,2.6061146,7.722216,797000
-2.206096,-1.8235859,-1.4967644,3.8841133,9.64854,75000
0.48427305,0.31919044,4.3243184,2.3420901,11.32649,122500
-0.58621204,-0.85230225,-1.0746998,4.369263,9.909226,139000
11.89119,-0.6415644,1.0864627,2.693432,6.8857765,67500
3.772195,6.914542,0.9649359,3.090752,7.025644,297000
0.6408543,0.461584,4.1853952,2.359455,11.205685,102900
12.3143635,-0.23176914,1.4631735,3.1499293,4.737106,29000
0.71395266,0.528698,4.071363,2.5737746,10.941027,112900
11.82462,0.69724095,0.61477435,4.647887,7.99745,139000
1.6800236,1.2536503,4.1138816,2.7370813,10.778421,138600
11.431116,0.28882903,1.5814892,3.1581223,7.396987,220000
-2.2562525,-1.8779985,-1.4916214,3.73969,9.578772,70000
0.47024983,0.30723143,4.319809,2.3717651,11.292095,106200
2.3255816,2.1676474,1.457273,3.2069526,7.8047957,1300000
1.587433,1.1495149,4.0500245,2.7729464,10.710794,149000
-0.57755065,-0.312578,0.5626481,2.5896368,10.169586,83000
0.45206943,0.34026787,3.7646348,2.4869905,10.91986,76000
1.6472393,1.2224836,4.082772,2.7531598,10.751109,114500
-0.24305272,0.7605255,0.3138241,3.052808,-0.6384344,93300
11.728446,-1.0899996,-0.6157634,4.130472,6.8037953,119800
11.082369,-1.5911056,0.9223845,5.135955,8.361116,239500
11.459375,0.15242659,-0.91619134,3.3316684,6.4296594,91100
0.17340401,1.019975,0.06383621,4.8164735,9.863605,247000
10.974542,1.335252,-0.44887888,3.0556116,6.8648243,249000
0.07678768,1.7669736,0.2044856,2.941284,7.509178,155229
-1.5190952,-1.2633419,-0.7108101,2.2289908,9.846704,84000
11.900837,0.90886426,1.4104327,3.7217426,7.547477,119999
12.075427,-1.446973,-0.5191372,3.916379,6.9879103,109999
-0.89567,0.854029,-0.9973353,5.8548846,9.599809,135000
-0.95171,-1.1308243,-1.1356602,4.584004,9.816941,110000
1.9711317,3.0071783,1.3134546,4.466163,8.257285,700000
12.098777,-1.4599829,-0.4953359,3.8881907,6.9681654,125000
1.1355097,1.7671349,1.5777055,2.8609674,7.675784,155000
11.3746,-0.9299082,0.13675325,4.566273,6.7447195,99700
-1.1541959,0.57156277,-2.0409234,5.8682785,10.24101,145000
11.152624,-0.119244225,1.7437351,3.4320257,7.3599577,131999
0.7038691,1.4218179,-1.6267126,2.5625796,6.299836,135000
-0.49325493,-0.3750699,-0.027103376,3.3271432,10.420998,104900
12.043577,-0.96063995,0.1847541,3.6384704,7.0180635,149000
-0.27944937,0.11052512,0.6071635,3.0769544,9.986291,239000
2.0888145,3.0037384,1.403063,4.458618,8.196612,900000
-0.00416459,2.0763524,0.25852022,3.0118136,7.2984357,380000
11.967116,-1.4800127,0.058617726,3.9805954,7.1314507,185000
-0.24068129,1.1117033,-0.88643086,5.185165,9.849746,345000
-1.430959,-1.2569573,-0.65183115,2.263502,9.885144,81000
1.1994864,2.9952931,0.577856,3.83661,7.8286486,410000
10.75065,-1.562113,0.8948104,5.6642895,8.946354,385000
-0.9155105,-1.434868,-1.0351691,3.5042038,10.422248,178000
11.549643,-1.0042194,1.0995034,3.47302,7.4631157,110000
0.32691517,1.417089,0.25451058,4.2819386,10.061824,449000
0.18468998,0.9996156,0.059918158,4.868904,9.879219,247000
1.0109836,2.5623863,0.70230037,3.163568,7.288064,365000
3.021615,6.0010495,1.5670158,1.7487764,7.762606,170000
10.992879,-0.3812388,1.9504642,3.4556267,7.346554,147000
11.980685,-0.8242733,1.0403649,4.0988483,6.368169,95000
0.05161904,0.69134796,0.2244486,4.0863085,10.431298,99999
10.795463,1.2774873,-0.77955395,3.1653626,6.5255704,123800
11.788197,-1.1027108,-0.5770546,4.085874,6.840605,84000
-0.92123425,-1.6433632,-2.962469,3.292036,11.110681,106000
-0.77056664,-0.27246258,0.20044425,2.9020522,10.203806,115000
12.996496,-0.9061091,0.7645736,3.466665,5.942012,90000
-0.9780777,-1.291275,-1.3378123,3.8206663,10.590018,130000
3.2176979,5.9876847,1.4786307,2.129994,7.6250052,220000
-0.6708398,-0.45437092,0.38698843,2.5751133,10.100269,67300
-0.5419148,-0.34495467,0.64110065,2.5597906,10.155114,62000
-2.309809,-1.7714043,-1.6166009,3.8923492,9.654658,76000
11.924135,0.6503977,1.4260211,3.8215108,7.6572957,119499
10.501417,1.8850334,1.2337373,2.6949453,5.8101716,65999
11.452645,1.282032,1.5337609,3.0442002,4.9822073,96000
0.66978693,1.9135659,0.95288557,2.4481912,7.4792633,84000
12.041577,-1.6965173,1.0196259,2.8568535,5.9927707,88000
3.4261081,6.4915156,1.5174365,1.849476,7.537159,132000
12.073644,-1.4207108,-0.55938363,3.9070184,7.0256777,122000
12.007831,-0.6686998,1.6434202,3.6149764,4.6118574,85000
12.039455,-1.6991091,1.0204616,2.8604822,5.992896,88000
2.0047991,3.0380738,1.2935122,4.3558464,8.121825,1222000
-0.90990716,-1.7149391,-3.0423815,3.2351165,11.108889,129000
11.700432,-0.8533952,1.0230854,4.065885,6.323451,99900
12.052132,-1.6869521,1.0177377,2.8508925,5.981464,88000
1.9101611,3.1250541,0.9971692,4.5101357,8.262766,310000
-1.0863435,-1.6012875,-0.4157096,3.1054094,10.237541,110000
-1.4692878,-1.2768697,-0.57196575,3.8279972,10.22892,150000
-0.99080324,-1.2564886,-0.19504891,3.3500013,10.104287,115000
12.047698,-0.63555866,1.602393,3.5686617,4.650533,71900
-0.26622388,0.057924606,0.6106043,3.0365727,10.014183,235000
11.679884,-0.48214972,1.2677987,2.7001894,7.101465,67500
-0.51094526,0.61534256,1.3398204,3.5180714,-0.7461039,106000
-1.7228308,-1.7214394,-2.229114,2.8168197,11.835508,135000
0.27162594,0.66030645,1.6559455,2.952054,9.914857,78000
12.210909,0.90748227,0.7619749,4.377855,8.2502,106999
11.784392,-1.1853838,1.1173434,3.0718527,6.620554,87999
-0.23911823,0.78110766,0.6182641,3.3577535,-1.0837034,139989
11.256387,0.87226844,1.4932966,2.8824985,5.3641033,37000
12.105215,-0.75421673,0.8237101,2.6860769,6.504673,54999
-1.1319834,0.36741856,-1.4714884,6.0909667,9.629833,115000
0.29105893,1.1700772,0.5487107,4.0216312,10.124327,225888
12.8434925,0.6418809,2.4230697,4.5922346,5.5570364,114900
0.06813387,0.5689153,-0.42414477,5.691084,10.394149,99000
-1.8978852,-1.2372118,-1.0209273,2.0046964,9.741491,86900
2.0956671,3.0138295,1.3900869,4.3734293,8.087633,1002000
10.934475,0.49730316,1.6920379,3.4010448,7.2676744,365000
-0.14339763,0.8152923,0.28432775,3.194432,-0.9226094,81570
4.381637,7.8103886,1.446924,1.8853526,6.8071675,357999
10.395969,2.069565,1.0875795,4.145844,6.97626,287000
11.175033,-0.553874,1.5909003,3.9574008,6.597941,114900
10.448558,2.3279402,0.7905098,2.403872,7.6885734,1320000
2.0757797,3.065169,1.3903946,4.467233,8.198169,919000
-0.30645213,1.1082726,-0.9738763,5.2961955,9.831593,245000
-1.898373,-0.9957499,-0.5639496,2.5268605,9.78263,85000
11.506808,0.108836494,1.6024851,3.244905,7.4256234,154000
12.217204,-1.4731566,0.9692111,2.791573,5.9248223,45800
11.481668,-0.61784077,1.6409866,4.1922956,5.4586396,88000
-1.5652418,-1.2337766,-0.79809105,3.5861669,9.991761,71900
0.23307405,1.4550086,0.7926352,3.2072887,9.044823,161300
0.5311419,1.9540892,0.65162045,3.6509948,8.963899,217000
-2.6736414,-1.3118725,-0.8808792,2.6875255,9.69738,49000
-0.6095814,-0.5762786,-0.41099548,3.5380156,10.476824,165000
-1.3627788,-3.0923722,0.75298506,3.253851,1.1389499,57500
11.621843,-0.26994136,1.3025436,2.964296,7.3272,65000
0.25254065,1.6042038,0.7077688,3.2670527,8.939035,165200
-1.0633519,-1.1761525,-1.4443487,3.2572658,10.690793,67000
-0.09065491,1.0666676,0.03351347,4.5512543,10.349043,160000
2.044497,3.0590277,1.332809,4.386592,8.125033,720000
11.933671,-1.3660598,1.0199778,2.9178813,6.3275228,36399
1.0376189,2.6211958,0.61963373,3.682876,7.946287,450000
12.431346,-0.46506572,0.881753,3.1941533,6.530404,124000
12.094165,-1.6020839,1.009492,2.8354065,5.9583764,88000
-1.3870622,-3.1097534,0.72517407,3.2412357,1.1590378,67500
1.3005123,-0.26697022,1.4694787,4.7628584,1.8219488,166999
10.542066,2.144131,0.9972268,4.001751,6.7339697,315000
-0.13015111,0.9588765,0.3711599,3.4187505,-1.249871,82500
11.18952,-0.7910525,1.4382602,3.9134495,6.91801,92900
11.3172035,1.1812556,1.8370607,3.1139584,4.576524,73780
11.384327,-0.7615158,0.6411544,4.2997427,6.4736223,75000
11.1582365,-0.5016961,1.6149546,3.9749115,6.6226854,114000
-0.06044081,0.55712605,0.1706447,3.0394619,-0.8208509,71470
11.144183,-0.48911116,1.6275399,3.9890163,6.637552,240000
10.563318,2.1537466,0.66872793,2.6849983,7.725378,239700
11.964287,-0.4994729,1.6612331,3.4864452,4.6565094,69000
11.127442,0.6386406,1.5688334,2.965859,6.741046,164990
-0.72352195,-0.25844312,0.3176488,2.7757864,10.15162,93000
10.481334,1.6790116,0.40015858,4.2297254,6.7315826,550000
10.891019,2.091289,1.0711123,3.3187218,7.0860567,389650
10.480036,2.1883895,0.81457186,2.9821715,7.6789236,767995
11.36479,0.09299653,-0.18019338,4.307906,6.4901795,155000
10.64142,2.3190706,0.6095727,2.7917202,6.4097867,420000
2.1757011,2.099247,1.3038807,2.3312352,7.6273804,360000
10.429169,2.45298,0.8776816,2.3915257,7.5378094,380000
10.423744,2.4196727,0.85399413,2.3899553,7.611363,700000
10.843008,2.0360394,1.3057514,3.4822688,6.988732,284000
10.490879,2.1924882,1.0046775,3.690228,7.093504,530000
10.583352,2.3893332,0.1337746,3.4098158,5.984063,110000
10.753769,2.2206771,0.70930517,2.7137868,7.314228,275000
0.36523244,0.46946067,1.7789015,2.8241792,9.868354,46900
0.04605322,1.0536511,0.11275564,3.378544,-1.2287258,104500
-2.7432773,-1.8289388,-1.321696,3.780219,10.142636,119899
11.398228,0.3959059,0.34905836,4.6522727,7.7187576,95000
-0.65132505,-0.5937512,1.3107723,3.7899873,1.4717886,124985
10.641952,1.4410189,2.6764433,1.4997684,6.7187986,114999
10.653053,1.4333831,2.5895047,1.579427,6.7488694,114998
11.930107,-0.89109325,0.8881533,4.1179285,6.3614893,119000
10.885104,2.0947413,0.93217117,2.5828435,5.7384434,79999
-0.37334526,1.0158318,-0.41205335,5.234405,10.357941,161000
-2.0452716,-1.0758231,-0.64963794,2.5024667,9.7382345,65000
10.916114,1.8277916,1.9762689,2.909123,5.3055334,116000
11.779788,-1.0880287,-0.5967746,4.084261,6.826501,121990
12.29253,0.52398777,2.0178273,4.298381,5.9039516,165000
11.428676,-1.6151637,0.713515,4.536312,7.2589235,105000
11.860675,-0.19588457,1.365798,2.94104,7.2759275,73500
11.405991,1.5284059,1.5894643,2.8037233,4.960638,49900
11.548596,-1.3183359,0.90118206,3.822712,7.4732714,59900
0.96772665,1.6155329,-3.2158108,2.1090055,5.361981,50500
11.207673,1.5345534,1.6475124,2.7690659,4.5772204,67000
10.712814,2.1426566,1.4036629,3.3073795,6.936774,129999
11.711558,-1.4331366,0.49773875,4.1646852,7.173603,98000
-0.24344976,1.0701159,-0.45966226,5.5362225,10.453098,120000
-0.23924743,-0.2333256,-0.84804004,4.8234954,9.554318,340000
9.803413,3.1898754,-0.14208071,2.875979,7.1898327,159999
11.34226,-1.3339037,0.82183903,4.6415462,8.156832,300000
1.1884122,1.840271,-2.8884585,2.424025,4.935182,77000
10.784738,2.3139668,0.6311435,2.375486,6.8805285,237526
-0.27014205,0.45273763,2.0178773,3.778186,0.33108282,109800
1.5605357,3.2291293,0.39157936,4.0689363,7.9504848,520000
10.37602,2.4296126,0.863275,2.181735,7.5139966,197000
11.471269,0.31587082,0.24679719,4.9441977,7.831434,130000
0.29645035,1.2488444,-0.35047278,5.289432,10.491728,164000
11.276772,1.6163502,1.5740068,2.6746643,4.797007,35500
10.875436,2.1332421,0.86318034,2.6753237,6.011846,50000
11.322541,1.4972076,1.5929503,3.0117908,4.8614573,82800
1.0536013,1.6105546,-2.9593863,2.1455796,5.2770977,52000
0.611909,-0.6730872,1.7149253,4.5337143,2.3066049,147920
-1.8385974,-1.6577735,-1.6223981,2.3925798,10.019756,62500
-1.734793,-1.6792736,-1.156314,4.4258146,10.127288,96990
11.407442,-0.381165,1.9570886,4.478115,5.424423,128500
12.433055,0.6811357,1.927775,4.1350327,5.940368,165000
10.882764,1.5655783,-0.16092393,3.5956612,6.8265915,165000
-0.11562022,0.9170782,-0.4545451,5.7472496,10.1764345,121000
10.407476,2.4226456,0.8406753,2.2550137,7.544941,187000
1.2038683,1.2721221,-1.328844,2.1219864,5.6879926,145000
11.564255,-1.2795509,0.90897447,3.7575576,7.4580297,67000
12.217816,0.91081923,0.76145816,4.3806777,8.256948,116999
12.0525,-1.1936169,-0.4523084,3.811898,6.927566,91900
11.626549,0.24350092,0.2866589,5.3079233,8.400768,117999
12.208039,-0.80436087,0.5673553,3.2327235,7.065434,144900
1.3627455,1.0086195,3.7515035,2.7805855,10.467902,137040
11.811973,0.65399563,0.60685617,4.6823707,8.022655,131999
9.963866,2.3044178,1.1298817,3.9124444,7.7021694,650000
10.985099,1.4568193,-0.36456946,3.3567393,6.9984345,325000
10.72287,1.409581,-0.7733492,3.152395,6.356217,56999
10.724454,1.4021741,-0.74481106,3.1311216,6.3752055,61999
11.122515,0.65969795,1.5886288,3.0337014,6.872505,164999
12.387751,-0.55149525,-0.57988536,2.784067,6.7292576,98900
12.387292,-0.55195147,-0.57927424,2.7855022,6.7288947,114999
-1.1679837,-1.3894669,-0.44920295,3.12837,10.474805,122000
12.347455,-0.5383122,-0.5464244,2.8229227,6.733808,136900
11.684519,0.6376747,0.52959293,4.7228665,7.932039,136900
11.815752,0.6571446,0.65313125,4.6370964,7.9981503,134900
12.229578,0.93324727,0.78090847,4.346967,8.268791,116999
12.309406,-0.52824235,-0.52167344,2.8518236,6.733756,81999
12.424382,-0.5544922,-0.6143605,2.7687182,6.736825,94900
10.932463,1.4960337,-0.54930395,3.2056718,6.485235,134900
12.082917,-0.99961877,-0.5127308,3.690765,6.833825,99900
12.063849,-1.3739972,-0.48710153,3.8882847,6.9741445,116900
-1.1661165,-0.9485119,-0.50877637,3.4130805,10.60697,133000
1.2553442,2.9149811,0.04047517,4.0663815,7.8635693,299000
0.51305157,0.3473671,4.21283,2.508272,11.034095,92279
1.0993644,3.084426,0.683781,4.034953,7.464665,245000
0.5492066,0.59207845,1.9838817,2.886052,9.818051,106000
10.152494,2.203998,1.2207397,4.1129365,7.443517,465000
12.457356,-0.5739712,-0.6315764,2.7242599,6.7317386,105000
11.364131,1.1946424,1.8225285,3.0918386,4.6214795,98700
0.035190713,1.0530277,0.17087728,3.4051466,-1.1927229,68740
-0.5674167,-0.33575153,0.5786633,2.5795023,10.176862,69900
0.700296,0.52327734,3.9860203,2.3951013,10.9927635,80500
-1.6354887,-2.5865192,0.13870436,3.1343021,1.4148439,53400
12.74101,-0.8953099,1.164325,3.1889284,5.1495214,90000
-0.93917006,-1.5464619,-1.264385,3.4129806,10.514566,195000
2.6670551,2.7627707,2.023647,4.3529854,8.189538,1490000
-1.7331151,-1.4837612,-1.2307856,3.7585294,10.017653,75000
-1.3728976,-1.3285221,-0.49854162,3.6480925,10.175516,110000
1.2686912,1.8173013,-2.9638925,2.4191406,4.8448195,60000
0.42524305,0.26712197,4.3712344,2.3582811,11.340818,113000
10.989422,-0.31417656,1.9439906,3.4367902,7.3425035,98000
11.824125,0.79997545,1.4355246,3.5973265,7.5750813,125000
11.780431,-1.5212021,0.2604819,4.2363462,7.146867,159936
0.73633486,2.3405955,0.61122286,2.4259338,7.1648936,285000
-1.8145734,-1.672511,-1.7686535,2.3704684,10.253035,88000
1.1655444,-0.6035703,1.4731951,4.733395,2.029213,128000
0.29613686,0.78015417,1.3400034,3.2931092,9.7893305,162000
-1.2631133,-2.870936,0.6938076,3.1845691,1.1786009,57000
-1.8342782,-1.8424602,-2.381987,2.656928,12.026609,117500
12.11002,-0.8642127,1.5112011,3.9906201,5.224569,73600
10.621402,2.3842216,0.95672566,3.6687412,7.016513,550000
11.352582,1.138258,1.8756407,3.2766469,4.6712,118000
1.1126041,1.6343882,1.5098112,4.093991,1.2035401,125900
0.02952209,1.0490426,0.13426615,3.392764,-1.233308,95000
1.2142828,1.8555365,1.3750207,4.2155776,0.6450458,98280
-0.4437995,-0.40854186,0.35007772,3.170975,10.135716,89000
0.048880816,1.0246036,0.18998246,3.367568,-1.1528416,68740
12.086579,-0.94367695,-0.66860145,3.66599,6.830176,125000
0.24132004,1.0874825,0.4709685,4.1051745,10.202337,247000
-1.6375504,-2.5625803,0.13200836,3.1360705,1.4340013,60825
10.78733,0.7973978,1.077921,2.889187,6.113041,84000
1.2911161,1.8696533,1.5030845,4.4485073,1.5436263,189000
0.044953533,1.0613757,0.11802365,3.389869,-1.2352142,104500
-0.8765055,-0.882824,0.008640604,3.336992,10.149011,113500
-0.6618109,-0.36156404,-0.15431489,3.3469837,10.357577,230000
10.615673,1.9496642,1.3050432,3.6609888,6.770994,275000
0.6011993,1.4166859,-1.3782339,2.6055746,6.4568925,117500
1.1270341,1.6408838,1.5005862,4.06728,1.190782,135000
2.7509024,1.7629924,1.2043797,2.0678263,7.5630193,71990
3.5021448,6.5910926,0.8966499,3.2474365,6.9302726,280000
3.23902,6.1914353,1.5878364,1.7816728,7.6884236,186000
0.65810055,2.011848,-1.165078,2.666822,6.4722195,160000
0.37954462,0.22864775,4.4104123,2.3533998,11.386497,76264
11.388133,0.26333824,1.6418223,3.0741966,6.215016,92000
3.8300078,6.922785,0.9557729,3.0970733,7.0630794,795000
1.6673865,1.2376533,4.1831684,2.833844,10.814129,118755
2.2234523,2.943424,1.4583251,4.2432084,8.089443,1396000
3.3817105,6.132577,1.4869621,2.1201708,7.5484796,247900
1.1769158,2.7891946,0.7561916,3.9302235,7.6833143,410000
3.4366436,6.243029,1.5957322,1.964981,7.6404014,262000
0.593493,1.3950468,0.7375833,2.4218245,6.9085937,85900
0.6007902,1.3422712,1.2265949,2.8189857,7.230293,149600
13.024005,-0.93766695,0.78742754,3.4566936,5.886783,73990
3.2212658,6.2232356,1.604487,1.7186209,7.7121506,109000
0.5471699,1.4488595,0.77937275,2.5744095,6.9701443,103100
1.5122132,3.5991771,0.3058336,2.7049155,8.030047,279900
3.261518,6.274912,1.5783606,1.7466708,7.6755557,119000
-3.05517,-1.8903955,-1.336809,4.0951376,10.291148,74000
3.5947607,6.824179,1.0217624,3.0698044,6.909036,161000
10.034101,2.1639488,0.88409215,4.301471,7.218082,485000
-3.034942,-1.8702855,-1.3636589,4.136741,10.264783,73000
1.9005659,2.9699957,1.3058702,4.367547,7.9156685,530000
-2.9590793,-1.8481461,-1.281817,4.0151854,10.285347,74000
-3.030735,-1.8676267,-1.3561016,4.1262937,10.267403,73000
0.85401213,2.3998795,0.6411076,2.6310356,7.1599107,260000
10.886827,1.9121349,1.6013165,2.5084224,5.695377,135000
11.570708,-0.8401728,1.1576157,3.328647,7.4519043,124800
9.853221,3.0014927,0.19217843,3.1835587,7.249986,259999
0.36480477,0.21293089,4.435787,2.364666,11.380809,85819
1.6597992,1.2432165,4.1574063,2.8335395,10.794261,130200
1.6338115,1.3011647,3.9800112,2.8353455,10.637483,179938
1.6794345,1.2621512,4.1578374,2.8315961,10.792659,123399
0.4713353,0.3177955,4.2082047,2.58882,10.920444,85124
-0.25384274,0.57077897,-2.1257923,5.6580462,10.671678,130000
11.497078,-0.5565977,1.8231027,4.3541145,5.370236,114000
11.509725,-0.6463021,1.7012029,4.2565126,5.3727617,57000
-0.14815602,-0.23028193,-0.36704165,4.4356585,9.814247,126000
-0.09545808,-2.2376485,1.3844391,4.2002277,2.0977585,89900
11.486122,-0.75828576,1.1918411,4.203738,6.2613177,100000
1.173153,-0.6259303,1.4687954,4.738842,2.0285952,128000
11.389355,-0.57161623,1.6697248,4.345638,6.203736,139800
-0.70184463,-0.9444488,-1.0684751,4.4104776,9.924148,118000
2.0347128,2.1451356,1.0607471,3.0895398,7.6752734,300000
0.7751435,-1.8459082,1.3247726,4.6208324,2.2346818,95000
10.922913,1.5370522,1.8255559,3.2611175,4.746823,103600
0.41359335,-1.7307922,1.7985998,4.7063255,2.41814,125000
-0.78613013,-0.99246114,-1.0962745,4.6486573,9.700101,65000
-0.43424115,-0.27255794,-0.9134283,5.0068808,9.432316,145000
0.57588696,0.3948904,4.1099157,2.620845,10.8121395,127500
1.0686417,1.6329415,1.7511588,3.120592,7.251269,120000
11.340579,-1.478603,0.9185843,4.4274626,7.700091,130000
0.5252048,-1.7989005,1.670186,4.7172923,2.3777542,120000
1.3407683,2.8981009,0.6597475,3.8950977,7.8462124,1128206
11.124216,0.5084609,0.34140745,4.868349,7.6381516,189000
11.519118,-0.6479638,1.7044894,4.246416,5.3564324,60000
11.992324,-0.6406573,1.2646835,3.9047918,6.397045,125000
11.659632,1.2824041,1.442345,2.7218826,5.2103662,75000
12.383792,-0.3087416,1.4460305,3.13531,4.748852,75000
12.249254,0.45061484,2.4104352,4.4733944,4.892015,179900
-0.30271977,-0.35977033,-0.9123034,4.8402963,9.416811,239000
-0.40832156,-0.69671553,-0.71121377,4.3665266,9.630738,105000
11.177292,-0.7818561,1.5463219,3.8270328,6.9819565,146500
11.803509,-0.5822468,0.7684766,3.2873442,6.391699,82500
-0.6097556,-0.29203147,0.2063274,3.3414047,10.152791,96900
11.236,-1.371743,0.68888366,5.4624004,8.517508,229000
10.559802,2.4126341,0.7717689,2.4039774,7.28045,224999
11.178917,-0.4510283,1.5936116,4.024831,6.531624,239000
-0.54097354,-0.36340636,-0.124202624,3.4042292,10.445861,75000
1.6939987,1.4851748,-1.033123,2.8329403,5.844442,184900
-0.42618275,-0.42578104,1.1411418,3.7520304,1.9076833,93000
3.4708066,6.514755,1.5023403,1.9254482,7.5002627,120000
1.0427505,2.6793976,0.7884945,3.9012291,7.5607996,449900
1.1218461,2.138313,0.63374,2.949383,7.1755915,263000
-0.06274407,0.54711163,-2.2251544,6.006006,10.504791,125000
4.5150537,7.732347,1.4975117,1.747404,6.8433733,152000
12.228732,-0.79766977,0.5547514,3.2152562,7.0660954,89900
-0.4362051,-0.28002438,5.72007,3.1559541,6.4289813,105999
1.8457199,1.564662,5.893924,4.4614367,4.8964715,149999
-0.37359074,-0.299708,6.018627,3.2090325,6.386757,128999
1.9098328,1.5093186,6.0876346,4.483454,4.8777375,187999
-0.37589225,-0.3337663,5.9449935,3.243897,6.3405924,114999
11.170245,-1.7543982,0.6106775,5.5070376,8.07614,200000
-0.6711274,-0.5675612,-1.1310519,4.345689,10.583881,139000
1.2412547,1.8028277,1.4190433,4.2949157,0.683201,129000
1.2180027,1.8458775,1.3714561,4.355981,0.7511882,137000
1.1945605,1.8682191,1.4071604,4.2579803,0.6675668,139000
0.2127816,0.9764741,0.397917,4.2088137,10.282523,136800
-1.6260993,-1.4923834,-0.86952627,2.1444633,9.726741,59900
-0.97714144,-1.1905936,-1.4795858,3.7930272,10.805051,97000
1.3195289,3.33915,0.3401403,3.6993718,7.5558095,250000
2.2224162,3.063175,1.4540256,4.42582,8.157458,800000
-0.22818996,0.10318863,0.6661575,3.0326705,9.979527,197000
10.876738,2.1190736,0.8936213,2.6625907,5.9593096,158000
11.783943,-0.9916574,1.1046668,3.0037425,6.7086496,54000
-0.78325444,-0.57770437,0.08084078,3.282871,10.202276,80000
10.632707,1.0878655,1.5984766,3.2165158,6.7771935,339500
10.6545925,1.1910354,1.4051492,2.9963853,6.325812,223500
10.519533,1.6421627,0.77639383,4.090741,6.659506,105000
11.545695,0.07387745,1.6257585,3.0769944,5.840556,38000
10.774333,0.8280387,1.2383626,2.8605826,6.278842,110000
-1.4504924,-1.2858098,-2.1802526,3.3946116,11.447544,83000
-0.43277514,-0.28091082,-0.91288096,5.00033,9.424274,145000
-0.50353855,0.11249835,0.26284587,3.2493687,10.170478,135000
-0.52624905,0.10411159,0.25009045,3.237966,10.160937,135000
11.934064,0.0948111,2.2622292,4.6035147,6.7140703,142000
10.862891,2.1212273,0.90844125,2.656564,6.043274,71000
1.0808777,1.2574719,-1.5590655,2.1557043,6.049891,58000
-0.44425756,-0.44017893,1.1384306,3.7456944,1.8885299,83000
-0.5680287,-0.33390513,0.59531105,2.5698593,10.171221,68500
-1.0208173,0.6262925,-1.3303745,6.0414853,9.720585,136500
10.764322,1.9130579,1.2134947,3.1148884,5.544101,135000
0.4303598,0.2553413,4.2567725,2.4531195,11.171131,73500
10.939293,1.5411192,1.7981204,3.2562373,4.768296,105000
10.639734,1.4641601,2.6592128,1.5341157,6.695191,73550
0.24321191,1.1147437,0.47315723,4.0966344,10.182414,242900
11.522857,1.1589402,1.6181446,4.100785,6.983752,235000
11.977496,-0.67536134,0.079855934,3.7649443,6.8477135,95000
10.354308,2.171264,0.78233856,4.1478696,7.0135746,449000
0.640356,0.46301672,4.080236,2.4075904,11.086527,93400
-0.61651057,0.46520627,1.5267708,3.4816217,-0.57853323,80600
0.9983206,0.3270553,4.440178,3.473879,6.6146746,119835
0.767006,-1.8610928,1.3277442,4.616987,2.2354624,120000
-0.38547185,0.3837607,1.8726056,3.6482112,0.002557969,100800
3.1926408,6.1106753,1.5464048,1.8443576,7.675626,153000
-0.4539658,0.3767669,1.7958353,3.5968616,-0.25515693,76500
11.417727,0.22480007,1.5924491,3.2495253,7.4298725,220000
-1.4180921,-3.1558278,0.73014086,3.3051689,1.040509,57800
10.7395315,0.88438284,1.2530103,2.907386,6.2923994,168000
0.9952517,0.32284498,4.4413095,3.472483,6.608986,76033
11.373813,-0.9253207,0.13276172,4.572537,6.737589,99700
-1.4077947,-3.1415424,0.7384565,3.3029034,1.0499301,57500
0.98504704,0.32758683,4.46213,3.4575775,6.641918,102479
-0.5788505,-0.3477327,0.10231047,3.4807425,10.110128,109900
0.99549556,0.32767466,4.4361205,3.4718735,6.623879,127272
10.366705,2.4389584,0.8589818,2.2329664,7.5753317,330000
10.74626,2.2573867,0.9906917,3.766687,6.8231406,295000
0.026358858,1.1745293,-0.7021792,5.0880456,10.380126,293000
10.794729,1.3847457,2.2290583,1.7434151,6.8781586,74000
0.10875386,1.6826123,0.01265812,2.9541814,7.4572263,204499
-1.2887338,-1.2199615,-0.9005702,3.3533487,10.886738,178999
-0.0902554,0.52335054,-2.2186964,5.8711476,10.600385,96890
0.112508394,0.70468926,0.22084431,4.1682215,10.416374,202799
10.630841,2.3816297,0.087897435,3.3207293,5.9259753,92999
10.595493,2.3154979,0.15762451,3.4192326,5.97212,130000
3.583091,6.5609264,1.4104083,2.1961925,7.3708534,229000
3.1408112,1.6610094,1.2702928,1.8058437,7.5994716,122000
2.087393,2.2636209,1.3961453,3.3705413,7.808798,677600
0.7087187,1.951895,0.7489548,3.933266,9.266301,478209
1.1985242,1.8717676,1.4072759,4.2824383,0.60922766,134000
0.23818967,1.5903474,0.69502,3.262594,8.941218,155000
-1.2976111,-1.0284699,-0.9155013,3.4334133,11.017867,89000
0.6475816,0.49558333,3.9230428,2.6194062,10.701576,129000
0.713245,0.62666065,2.860017,2.716818,10.100235,95000
11.103389,-1.4783276,0.9654616,4.994331,8.553818,230000
10.758404,1.3564404,2.3879335,1.6298386,6.7761974,139500
-0.13220568,0.85790634,0.23676868,3.1864107,-0.9084017,96500
0.24052617,1.2137917,-0.13725491,4.9879847,10.117327,180000
-0.42536706,0.35203955,-1.8396194,5.124866,10.601149,137990
11.986374,0.03503861,2.5029807,4.3256774,4.7455,125000
1.1177522,3.1045003,0.44945487,3.983685,7.6208615,329999
1.0376841,2.6113553,0.6923822,3.5186203,8.489925,244990
0.9369183,2.6881948,0.68426394,4.042807,7.739797,305000
-0.26515403,0.9216278,-1.0606805,5.3166738,10.257052,369000
1.871226,3.1082447,1.0845786,4.3462358,8.175928,395000
3.135546,6.1232905,1.5882317,1.7319748,7.7354774,119900
-0.18352398,0.39275295,-0.35034648,4.282771,10.675583,169000
-0.98281467,-1.2733243,-1.7684541,3.8269718,11.046752,116500
1.5731031,3.5343637,0.38176128,2.57428,8.022202,330000
-0.75818026,-0.9409175,-0.47089154,3.4433725,10.397227,110000
1.3150711,1.7643179,-2.944214,2.3872905,4.7839403,68900
11.750676,-1.9498804,0.3190143,4.052969,7.087356,73000
1.2429539,2.9969647,0.617469,3.9424067,7.83375,599000
11.10167,-1.492796,0.70262384,5.603546,8.651611,235000
2.506844,2.0243227,1.361938,2.3117492,7.661295,635000
-1.7436895,-1.5452424,-1.2845643,2.3399086,9.931396,65000
3.5777159,6.94384,1.042613,2.971397,6.8706703,174000
-1.734821,-1.6432368,-1.5919468,2.429047,10.117481,126000
3.7342691,6.941626,0.9926237,3.028307,6.990217,249000
3.7611303,6.9151134,0.9501576,3.1096172,7.009493,369000
3.5626438,6.9377174,1.0230854,3.0082672,6.851227,174000
3.6384852,7.010156,1.0271795,2.9605627,6.9003234,120000
0.9394996,2.2406387,0.70264626,2.2485657,7.2409663,299000
-0.91252047,-1.1733094,-1.7495786,3.93578,11.02149,79000
10.789518,2.3423977,0.5298135,2.4358811,6.8237696,187500
10.517082,2.1456027,1.0908039,3.9794688,6.8176103,315000
10.452272,2.476867,0.67533666,3.9292493,6.8642745,269900
-0.30854067,0.6900799,-1.676297,5.3617043,10.6344595,149900
-0.4857766,-0.08567811,-1.0493612,4.631462,10.747718,218000
-0.87268114,-1.1751472,-0.23623943,3.162633,10.1096115,119990
1.5005283,3.1191437,0.62563574,4.087567,7.8989105,590000
0.74990976,1.7135932,-1.2497531,2.599106,6.2035165,178900
12.005017,-0.9167628,0.72116643,3.5534241,6.876702,125000
10.694123,1.3734933,-0.7287263,3.12447,6.328506,150000
0.6036657,3.0918028,0.1766406,2.9757555,6.9778953,92999
11.735501,-1.3226174,0.34050977,4.140907,7.081117,182000
3.1382577,6.170271,1.692398,1.5950302,7.820625,133000
2.3424137,2.9461188,1.5749168,4.138737,8.091462,530000
2.0657542,3.078561,1.2506542,4.448807,8.241166,450000
1.0546279,2.3331404,0.9981391,2.4326344,7.8586783,159675
-0.8349379,-1.1463205,-0.20455366,3.130476,10.070845,119000
10.998012,1.2233305,1.7209435,2.0463777,6.9887533,60500
4.469405,7.9337077,1.4367663,1.6654122,6.771704,112000
11.344982,1.5187174,1.8127043,3.2064648,5.01125,72400
0.39170855,1.4798528,0.59827584,3.9583116,9.775341,399000
11.871863,-0.054950465,2.2132533,4.695671,6.62393,147900
1.0590897,2.3542018,0.9892573,2.4432232,7.8578978,158675
2.5288475,3.0129619,1.792454,4.551036,8.169413,725000
1.8074962,3.0514555,1.1231331,4.455933,8.254255,425000
3.7815828,6.910569,0.9553444,3.1027443,7.024702,464000
1.3267208,2.1929114,0.65133154,3.1811495,7.625243,291730
1.2816294,2.1852295,0.6140737,3.2235062,7.6311655,291730
0.8526559,2.1479092,0.4269929,2.4344587,6.7575493,159675
0.842619,2.126063,0.41862395,2.4604924,6.803701,159675
-2.3152187,-1.8373014,-1.5730702,3.8100107,9.607799,69000
0.15864758,0.52741456,-0.48021376,5.4810777,10.377856,139900
0.8360655,2.084716,0.43401083,2.4396405,6.780093,159675
1.2809175,2.1793506,0.61757755,3.1943734,7.6153975,291730
2.1704636,2.123387,1.5280387,3.4038262,7.818657,244900
0.32822797,2.7430456,0.48796123,3.0025618,7.147771,185000
0.36058363,1.4814513,0.5980074,3.917662,9.757542,295000
4.5880036,7.6428566,1.5124052,1.7219293,6.9034038,210000
-0.19041717,0.9049242,-0.3612945,5.301624,10.672593,189000
12.002823,-0.8669342,0.62952775,3.6191504,6.8256154,182000
1.1158068,1.2761432,-0.26063618,3.165108,6.2964654,164990
-1.8226497,-1.670261,-1.7129327,2.3562438,10.146343,73900
0.9878124,3.1046586,0.44069746,4.004812,7.6398544,305000
0.7936803,3.1506846,0.17210056,3.0212371,7.048786,110000
0.81091577,3.2222936,0.15576842,3.0572383,7.0241456,112000
-0.89454293,-1.1937106,-0.4085087,3.3858023,10.236259,82000
10.604337,1.3714334,1.5262059,3.469268,6.964609,287000
1.3868816,2.9040236,0.55878127,3.1214695,7.791929,263000
3.7981448,6.9240217,0.9608099,3.0928922,7.03794,349900
0.044004995,0.67642486,0.1512044,4.144695,10.424073,115000
10.531079,2.2410853,-0.24182221,3.5500832,6.081836,152000
-0.38136464,0.8022721,-1.6594613,5.323658,10.687661,159000
11.729845,0.6489141,1.5293744,3.9204636,7.513955,125000
-1.0217785,-1.4372189,-2.6491098,3.459154,11.144639,133000
11.912825,-1.0292245,0.93381727,3.163745,6.753165,71990
-0.9968442,-1.407973,-0.6568691,3.504879,10.266097,114000
0.8475268,2.1622734,0.43060902,2.4468913,6.77929,205000
11.738333,0.94593996,1.399719,4.057671,7.5286155,120000
11.686621,-1.1293283,0.8681239,3.6653183,7.307792,96000
-0.22635429,0.62666136,-1.5904963,5.407968,10.603292,122000
-1.0241541,-1.2489455,-1.867457,3.7554967,10.955653,105000
11.545932,-0.8036122,1.1914808,3.3477736,7.3709354,128000
10.490411,2.0844524,0.27968764,4.0566287,6.677721,154999
10.276117,2.6187587,0.657071,4.0286875,6.8859086,135000
10.469557,2.1017742,0.3149372,4.087198,6.690905,285000
10.527959,2.2533736,-0.21717134,3.5386932,6.064282,171000
11.858029,-1.6828566,0.51229095,3.5929213,6.9733596,93000
-0.17285764,0.57250756,-1.2260003,5.372032,10.546394,119999
4.532765,8.059889,1.4434088,1.6125947,6.7031612,268004
5.263152,9.170646,2.0404541,9.644525,5.968864,145000
0.61146027,2.473792,-0.086609095,2.8107944,6.944825,153000
10.528723,2.2198298,-0.23209216,3.577024,6.076701,165000
11.375186,-1.1674185,0.5741015,5.38297,8.300655,300000
-0.6378815,-0.71949434,-0.3389334,3.3945606,10.428244,124900
11.740894,-1.3991386,0.214405,4.2538986,6.97883,158000
4.5379195,8.121771,1.4997828,1.7086985,6.6692753,284292
10.728802,2.591813,0.10147033,3.3556137,6.1037164,139900
-0.44496483,-0.14887418,0.5511786,2.7487938,10.096583,133300
11.175608,1.2654448,1.3663539,4.104655,7.396998,293000
11.765236,-0.5233915,0.9228855,3.4504652,6.2999763,99000
-0.67084754,-0.67230606,-0.38097057,3.4573317,10.430577,165000
12.171537,-0.5906467,0.097273804,2.8043509,6.59961,145000
-0.25292924,0.9306302,-0.2640798,5.032304,10.480505,163000
0.8434394,2.1591992,0.41723165,2.435506,6.755131,168000
0.1906723,1.2374911,-0.35654548,5.36427,10.682172,123000
-0.21000582,1.0158286,-0.21436624,4.936495,10.408029,130000
4.5532646,8.083942,1.4299374,1.5727156,6.684746,146836
3.103127,6.0782695,1.5944582,1.716245,7.7579103,175000
3.4035296,6.1458154,1.5708727,2.0406103,7.622965,255000
10.612056,2.46354,-0.14328234,3.191815,5.8424554,90000
1.1668476,2.9597695,0.5872348,3.7021575,8.024313,410000
9.825269,3.0953004,0.04730161,3.056822,7.2048187,279000
3.2803712,6.168835,1.6132761,1.7469156,7.7042727,137900
11.521264,-1.3786427,0.89117455,3.9404979,7.5295925,150000
-0.63382274,-0.53848845,-0.32752505,3.4229364,10.497665,120000
11.894205,-1.6278061,1.0374272,2.9543283,6.231197,104500
1.1279563,1.890613,0.70026374,2.1031985,7.0096707,199000
-0.39984,-0.3881009,0.1377007,3.2146611,10.391605,89000
-0.6036374,-0.44718793,-0.22382066,3.3316655,10.473302,79000
2.233054,2.8403718,1.4383466,4.0685844,8.050324,800000
1.6177309,2.8069823,0.82253015,3.8357503,7.8489594,800000
2.1644306,2.8314188,1.3786229,4.0523763,8.033139,850000
-0.828874,-1.1867554,-0.37037852,3.3009677,10.204093,179000
-0.91693753,-1.1812114,-0.22924396,3.1229093,10.158152,148000
12.121693,-0.44729224,0.8831872,2.9450872,7.004755,142000
11.108569,-1.5575422,0.9239,5.0716033,8.401218,175000
-0.35667273,0.70433307,-1.7198108,5.3089476,10.660457,170000
-0.26312548,0.70147055,-0.51065123,5.290085,10.372945,129999
11.986932,-0.943604,0.67311615,3.6244497,6.8775697,109000
11.789779,-1.4555533,0.24122283,4.21446,7.086352,90000
11.936942,0.20188752,2.262073,4.0414257,4.833164,98000
3.5310714,6.8785977,0.9680116,3.1123667,6.8101125,255000
-0.6332693,-0.5255891,-0.29301268,3.3947635,10.481744,145000
-0.7427132,-0.25217775,0.04538318,2.9994614,10.268918,100000
1.9062616,3.1262112,1.1813889,4.3213496,8.054873,430000
0.8365008,-0.51299417,1.6255864,4.606785,2.1402214,228000
11.781098,-1.516282,0.2577423,4.2373238,7.0536494,145000
0.5332192,-0.7657678,1.4245209,4.296175,2.2847378,225500
-0.38189065,-0.2585657,-0.84239453,4.95845,9.431088,142900
0.7955587,2.0404286,0.33252814,3.9603338,7.989221,205000
-0.8145582,-0.965258,-0.65506756,3.5607305,10.418619,165000
0.8492032,2.0187674,0.47497827,2.38441,6.7990165,159675
11.185437,1.5991607,1.9511405,3.278466,5.120189,160000
0.29129046,0.6940566,-0.16699766,5.428093,10.566644,117000
1.8999388,3.0990224,1.134625,4.200396,8.047244,229000
0.14770079,1.0566597,0.3894555,4.114034,10.268939,160000
1.730386,2.1449764,0.9252633,2.8873875,7.6464963,289000
2.1784983,2.1386964,1.4684579,3.3126085,7.8651495,591180
2.0715282,2.1614854,1.3202178,3.1972063,7.8403907,360050
1.2832062,2.5217354,0.93734306,2.8226457,8.137799,216350
1.1204586,2.3703418,0.97561145,2.4011087,7.85883,159675
11.423224,-0.6063596,1.4907323,4.2705603,5.981231,130000
1.4550058,3.5094125,0.32323322,3.063465,7.9917192,539000
3.275856,1.6607252,1.2723316,1.738,7.5725613,722000
1.9074574,3.0679371,1.1159645,4.326171,8.18825,680000
0.76759195,2.1371388,0.42214295,2.435659,6.819874,204900
-0.5359356,-0.37329295,-0.105507955,3.365102,10.474452,124000
-0.80260056,-1.1164514,-0.27671874,3.2479255,10.204611,134000
-1.3980448,-1.1588141,-0.49675035,3.442611,10.210017,78000
2.5579903,2.7496831,1.8866656,4.213589,8.154485,699000
1.2209177,1.7392852,-2.8724701,2.3050609,4.950146,78000
-0.93716186,-1.5631814,-1.7861704,3.6192424,11.317744,124000
11.639736,-1.2950226,0.875902,3.6698074,7.356395,85000
1.9117386,2.9565768,1.3166534,4.443878,8.254647,465000
0.88564926,2.4303946,0.7392381,4.00414,8.335917,284400
11.384288,0.35894126,0.17667985,5.018351,7.7839236,127000
1.5895851,2.8598256,1.0778916,4.389306,8.304512,289900
1.4074733,3.1773763,0.59980536,3.9362638,7.809109,339900
-0.9223983,-1.4557985,-1.0859975,3.513854,10.443304,129500
0.037162334,0.91022146,0.72022086,3.0098498,9.143876,187000
0.21213554,2.0465024,0.3729254,2.8358555,7.2903023,190000
0.15292682,1.48725,0.7616896,2.8578937,7.5890493,189000
11.079359,1.6905941,1.2771109,2.93777,5.2503266,135000
11.667908,-0.9423336,0.9486223,3.4641314,7.2029285,138000
0.13523884,0.53434336,-0.33877668,5.3662753,10.39476,137000
10.046989,2.2533371,0.89875,4.335449,7.231054,249000
1.4288585,3.5488405,0.30872056,2.9689589,7.973647,235000
0.80998623,3.2890317,0.12176341,3.097892,6.974248,128000
0.9459473,3.4615803,-0.026673364,3.2832103,6.8888288,110400
0.8361833,1.8698872,-2.1394384,2.7409105,5.639871,174900
0.85122025,1.8366205,-2.1920164,2.767595,5.699352,168000
10.072214,3.5115666,1.1216159,4.061387,6.5716777,169000
-2.5846696,-1.3410172,-0.9474455,2.707909,9.665929,49000
1.4539523,3.575866,0.28821513,2.9463549,7.9902425,279900
-0.9137954,-1.1987792,-1.0912551,3.7131183,10.494628,94999
11.244395,-1.2548839,0.9734456,4.858759,8.381424,186000
1.5872542,3.3632226,0.7948323,3.9799545,7.818595,210230
1.1540856,3.189915,0.45721886,3.9230087,7.6154003,177522
11.348704,0.106711105,-0.22379793,4.3506274,6.486914,214000
0.5141464,3.0017414,0.20725459,2.9986353,7.007838,136385
3.498578,6.8522277,0.7779717,3.3702154,6.7228827,119900
2.9072723,1.7289678,1.2098795,1.995535,7.5754924,149000
-0.7565887,-0.88872105,-0.6028762,3.5286577,10.44909,75000
0.25245702,0.6886401,-0.17851774,5.409686,10.546812,143000
-0.96375203,-1.5450318,-1.7857426,3.6080914,11.312696,108000
0.37723994,0.49031302,1.3890673,3.025678,9.712425,195000
1.675511,3.1106513,1.0489094,4.292891,8.134706,495000
11.978632,-0.34288517,1.6541207,3.4175096,4.820099,41500
0.9750316,2.9080846,0.6960064,3.840334,7.8371654,328000
0.369654,2.7120895,0.41785836,2.9441016,7.13113,229000
10.778269,2.582228,0.1498313,3.3246226,6.134413,144900
1.6164031,3.7823024,0.21277376,2.0666008,8.089378,104900
1.3494433,2.5483074,0.9564815,2.7663474,8.1395855,289000
-0.10150227,0.88742125,-0.3194117,5.3372746,10.725496,99990
3.0535932,6.013786,1.5872291,1.7526174,7.7659774,137900
0.20350957,1.074802,0.4449099,4.0755825,10.225051,174900
4.5546737,7.774592,1.5338095,1.7210819,6.799404,255000
11.370208,0.080253035,-0.16410606,4.297839,6.485933,155000
11.292653,-1.4196823,0.8483548,4.7148466,8.146968,460000
11.676122,-1.0750092,0.94633937,3.5749238,7.289096,124900
4.346041,7.7088785,1.4418555,1.8495307,6.871521,247500
0.84250313,1.8448614,-2.1922565,2.7283816,5.6325574,146000
0.83558655,1.8538823,-2.1891947,2.7707405,5.708409,139000
0.7851922,2.7901034,0.5378787,4.052485,7.770703,277000
0.97846127,3.068795,0.43997505,3.9965513,7.6763177,247500
1.4372569,3.557873,0.30712524,2.9639277,7.9906635,449990
11.842228,-1.1326469,0.98602295,3.1469104,6.709314,58000
10.457734,2.330674,0.83558154,4.0297804,7.085646,595000
1.7173591,3.111074,0.92516845,4.1507683,8.0436945,537700
10.349616,2.2784526,0.83631337,4.0685644,7.0004215,770000
-0.98318624,-1.2369035,-1.386877,3.879077,10.670744,152990
9.60939,4.0388737,0.8589554,4.0159073,6.6386943,329000
9.427744,3.2921798,1.4101473,3.0835414,7.3167253,250000
9.632519,4.022816,0.8407232,4.011968,6.617766,110000
9.598887,4.05046,0.8541926,4.02463,6.6402087,406000
10.85077,-1.6074156,0.852633,5.663232,8.840572,273000
3.3556888,6.465858,1.5485395,1.7319798,7.5993385,120000
2.346824,2.9503684,1.6557307,4.454129,8.28405,1750000
2.0696082,2.9594288,1.2158866,4.205853,8.172505,850000
1.5323448,3.5179098,0.3785495,2.6618073,8.030142,224480
1.4905418,3.6097374,0.25330782,2.8548512,7.9927053,187000
0.7940126,2.3644264,0.6261493,2.3384326,7.091539,265000
-0.73944944,-1.2073338,-0.04721068,3.1666589,10.08377,135000
1.9364129,3.0219028,1.2675014,4.49344,8.182791,850000
1.0384891,3.0909002,0.38633513,4.032307,7.6711273,446000
2.2857857,2.0489979,1.2822826,2.720037,7.7269607,370000
12.012521,-0.9257718,0.7124138,3.5763917,6.923215,139500
3.731723,6.934379,0.9963434,3.0258784,6.989816,312000
0.21032037,1.0578189,0.42886445,4.105007,10.227281,174900
4.3553433,7.7065377,1.4407737,1.8130164,6.8791914,135000
0.20914805,1.4763142,0.72414875,3.2038546,8.97212,299900
3.2996972,6.3032804,1.561643,1.7447128,7.639103,170000
10.497359,2.4072316,0.423206,2.9240475,6.3966365,260000
9.515689,3.12295,1.3928798,3.1569736,7.31433,500000
0.031977575,1.9306341,0.3282211,2.881396,7.4713182,161200
10.680238,1.8581258,1.2419603,2.7296002,5.774333,233500
10.710804,1.9202121,1.1547862,2.6616504,5.837984,163000
3.1235807,6.1368065,1.5998291,1.7081249,7.7413006,115000
-0.53998643,-0.31261876,-0.029155776,3.4024982,10.373552,92000
0.74677044,1.8392766,-1.206469,2.5481243,6.31729,176900
-1.0108292,-0.689203,-0.27385974,3.4909015,10.242871,150000
11.716949,-1.5988808,0.2736455,4.280086,7.171298,165000
-0.8933659,-1.1660327,-1.0381002,3.6759863,10.49239,97999
3.298484,6.272894,1.5658817,1.7812563,7.633959,157000
1.0634038,1.6480038,1.5345429,4.308593,0.85851717,130000
1.7240272,3.047126,1.0364472,4.3826714,8.238526,420000
0.8760652,2.7217424,0.70695287,3.762836,7.960865,240000
0.9099958,2.669104,0.71070075,3.6828163,7.957157,220000
10.168566,3.6094332,1.2371223,3.9762206,6.463347,210000
-0.9504056,-1.6121567,-1.1864989,3.3548007,10.482928,133900
3.035292,6.012618,1.572081,1.7500596,7.764782,160000
0.26643705,3.5450053,1.1788472,3.6356745,7.255559,148500
10.580176,2.1648457,0.8001463,2.9603136,7.564301,300000
9.757338,3.217481,-0.12203431,2.9104185,7.2268763,198200
9.779589,3.206053,-0.1206827,2.9126854,7.2181444,154800
9.781299,3.2063468,-0.12810695,2.9074504,7.218064,147200
10.011054,2.866564,-0.18400796,2.7673419,7.1636457,133400
1.3743247,2.546304,0.9591463,2.740483,8.115074,267000
0.53394645,3.0307393,0.22448039,3.0135007,7.0058637,136300
0.00038988824,1.9288946,0.31457466,2.908287,7.509668,106485
0.06456039,1.9050237,0.3719625,2.849333,7.497636,97743
-0.007659003,1.9148911,0.3178674,2.9060776,7.5192966,167087
10.690675,2.2869692,0.69810843,2.4419794,5.486912,78461
10.374921,1.7957847,1.4115945,3.6394718,6.996861,355000
0.14956845,1.2307459,0.42772064,4.0330544,10.142675,270000
2.107218,2.9923577,1.4420165,4.4745183,8.232609,1230000
0.7607988,2.389596,0.62987924,3.8692856,8.371637,264000
0.023759482,1.9722428,0.32460812,2.9560928,7.477137,185500
-0.03760473,1.8847042,0.22872622,2.9202733,7.444845,218000
1.5315102,3.5080593,0.3885851,2.6321235,8.016186,216000
1.5127028,3.5114927,0.35345668,2.4115286,7.984858,147000
0.45498022,2.640832,0.29879707,2.8115299,7.1089783,344990
11.98515,-0.95924354,0.62064856,3.6441638,6.8972816,85000
4.3747225,7.7486696,1.4525098,1.8543433,6.85221,209900
3.354195,6.457164,1.5474075,1.7123891,7.6096063,116000
-1.08617,-1.3200984,-0.33484235,2.9616182,10.212597,112000
0.8791035,2.0140345,0.5680427,2.326786,6.9525785,229000
3.4362795,6.3340483,1.4708846,2.110045,7.4973726,189900
1.881353,3.048491,1.1874628,4.424819,8.2101755,475000
3.8429666,7.004287,0.9994787,2.982233,7.037056,320000
0.8426433,2.0979006,0.42016104,2.4153702,6.750859,208000
11.340107,-1.3518313,0.8150496,4.6826735,8.127571,215000
-0.5002237,-0.2232973,0.3817348,2.8320346,10.164436,98900
2.050516,2.1096165,1.2379594,2.246627,7.605952,345000
0.5481364,3.0167325,0.22255787,3.0080998,7.0018344,200000
-0.39465937,0.7461364,0.2515216,3.4594674,10.594996,148000
-0.21250492,0.72209895,-0.45677626,5.3013678,10.481306,125000
0.91145,2.2164557,0.6999183,2.2395225,7.1937976,265000
-0.29486576,-0.24564017,0.3923849,3.183735,10.204559,118900
0.3106855,1.028059,0.22824565,4.5696836,9.74102,550000
-0.61274797,0.3201358,1.6197454,3.5061786,-0.51517147,106000
3.3340385,6.418149,1.577305,1.6941072,7.6309114,180000
1.6405122,2.8911462,1.108346,4.4048123,8.293862,385000
9.817311,2.309749,1.1866641,4.321357,7.625408,2750000
-0.21714588,1.0971335,-0.20260924,4.9063177,10.070937,280000
3.7803102,6.969905,1.2297657,2.5125706,7.123997,335000
-0.26264673,1.016797,-0.29442406,4.948404,10.33489,320000
2.0215766,3.1001017,1.3232466,4.4652677,8.12271,550000
0.060553286,0.531205,-1.5504545,5.686678,10.390011,129900
1.9422771,3.0015352,1.2542055,4.3874736,8.093678,550000
2.2112563,3.04638,1.4593316,4.5224767,8.236675,1100000
-1.008215,-1.2951536,-1.2779657,3.8317358,10.556803,168000
11.302029,-1.1652446,0.795905,5.1805897,8.252515,255000
10.8691,-1.5743711,0.8303073,5.660542,8.831794,259000
0.4768792,2.9651253,0.19338743,2.9480522,6.992912,154422
2.5034049,2.963427,1.7661935,4.4638343,8.256132,549000
0.6294236,2.1058652,0.6436662,3.6920633,8.8486395,470000
0.6056655,2.0364833,0.6440779,3.7414267,8.998724,570000
1.438578,3.5395758,0.31404674,2.9678788,7.9998927,250000
1.3939786,3.5230477,0.28612185,2.9288325,7.918185,165000
2.1298666,2.073352,1.2982546,3.2457314,7.786674,344200
-0.5545957,0.25677997,1.4948189,3.4410799,-0.4533173,103000
11.391626,0.1281123,-0.19863017,4.2693434,6.53149,179000
0.6229896,1.6831688,0.5978605,2.493002,6.921898,155855
2.1202135,2.0755403,1.2634716,3.2611253,7.759519,323000
0.5657437,1.7219558,0.5359548,2.5985036,6.9424834,178280
2.12262,2.1092021,1.2809899,3.2457368,7.7640038,329000
1.3451686,3.2781007,0.5134015,3.8846638,7.706423,340000
10.560574,1.9203478,1.3123286,3.7595348,6.6956654,287000
2.08552,2.0625284,1.2048625,3.1461556,7.7237005,225400
0.9336725,1.9937009,0.3970821,3.7087622,7.856846,214400
0.9143232,1.9892648,0.36565456,3.755394,7.8857,195000
0.66858375,1.7083966,0.55445933,2.398183,6.888014,111395
0.6513113,1.7355485,0.52101725,2.4305506,6.8850884,102600
0.5571372,1.7395805,0.5459573,4.093138,9.635069,595000
11.3321,-1.2281215,0.7100434,5.273651,8.33019,109900
-0.97132725,-1.6266009,-1.3273373,3.298546,10.534734,120000
0.84296066,1.8293935,-2.2221036,2.7259228,5.685339,139000
0.20199165,0.5159074,1.1749585,3.0005503,9.670426,240000
0.5262064,2.6297586,0.3666352,2.80178,7.1272874,281500
-0.46124533,-0.010627767,-1.0279726,4.6813097,10.745572,97000
1.3141785,3.0400121,0.5924877,3.960558,7.8621674,670000
-0.9684157,-1.407616,-1.8050184,3.7283146,11.19527,124000
1.3368258,2.5596824,0.938778,2.8052568,8.14912,279900
0.50059325,1.6228839,0.45800963,4.1724443,9.818437,525000
-0.6826797,-0.3088642,0.0013427387,3.1429093,10.298754,124900
0.5450773,3.0495431,0.17632435,2.9743557,6.9677706,129000
0.9209275,1.8475788,0.62047476,2.2441735,6.9337025,259999
3.7527354,6.982101,1.019844,2.9611506,6.9976172,306502
2.1134582,1.867463,1.3800166,3.3256726,7.8273945,464900
0.83349234,1.8439218,0.5982989,2.3068,6.916093,172000
11.290219,-1.5199176,0.91102916,4.6198263,8.083586,249000
11.762396,-1.4914899,0.27361447,4.26978,6.995665,189000
3.093474,6.183838,1.7107772,1.5357898,7.8551726,130000
-0.8556975,-1.054468,-1.288833,3.7985084,10.164839,130000
1.0812422,2.9848483,0.6271851,3.8185918,7.901296,500000
1.4932389,3.5986443,0.29999414,2.7754145,8.02667,214600
1.4951904,3.6099575,0.27809545,2.7198339,8.023581,164338
1.7225841,3.1987076,0.98556304,4.1448903,7.9402623,310300
2.122058,3.0370185,1.3901467,4.348896,8.101621,520000
-0.96748656,-0.67316586,-0.24803258,3.4467778,10.253763,155500
10.989886,-0.32963434,1.9508889,3.4394147,7.3468623,99000
11.774961,-0.45980093,-0.022987595,3.9717495,6.7716084,185000
0.65365595,0.5432961,3.050024,2.6642158,10.295556,74000
-0.20088495,0.38965937,-0.51784354,4.42919,10.739142,230000
3.2297873,1.6307821,1.253683,1.7773501,7.5956473,315000
1.2123344,1.6143973,-0.92918134,2.1203306,6.0614805,220000
3.2299566,1.629745,1.2514188,1.7778788,7.5948887,330000
9.876233,3.1075017,-0.08100613,2.8540213,7.1355743,190000
11.345691,1.4016815,1.8382733,3.3744862,4.9986787,127000
0.71032625,0.5294854,4.040433,2.5620162,10.945734,142000
0.0024339126,0.8614322,0.17550483,4.2060966,10.40559,149900
-2.6729178,-1.3129892,-0.876532,2.695892,9.703331,49000
-0.31058624,0.41901377,1.9604778,3.7422822,0.29087093,109000
12.679231,-0.8689751,1.1555023,3.1837964,5.197291,85000
1.4912827,1.2390081,3.7603533,2.8379219,10.494504,209000
0.22540897,1.9653633,0.015167606,2.9721088,6.9645376,209900
2.004815,2.9806108,1.3741964,4.40989,8.018626,1500000
2.7208893,2.6799452,2.115255,4.288148,8.179529,890000
2.4292536,2.9075153,1.7457802,4.410116,8.2359495,2500000
1.3765503,2.5604098,0.95934296,2.779774,8.130614,250000
11.614477,-0.7908199,1.2080508,3.3140323,7.0469813,120000
4.0431104,7.1151576,0.88207495,3.1358604,7.0557766,2500000
0.6106648,1.3423175,0.73010886,2.4145973,6.8526955,90000
2.0952654,2.256905,1.4013028,3.3553846,7.8005414,744480
-0.40995678,0.027468821,0.38127238,3.144482,10.181241,144000
1.6684523,1.2009802,-1.1385902,2.6429594,5.889349,199000
10.882207,0.58312035,1.6755388,3.243842,7.058161,249000
11.335658,1.4914674,1.5892931,2.9931471,4.8815885,74000
2.8176975,1.8066331,1.3204406,1.8496667,7.5798354,242840
3.81191,6.9224753,1.010747,3.0153491,7.02573,695000
1.6215777,3.2074008,0.3453604,4.1212416,7.954715,485000
0.9692153,2.326214,0.95367306,2.4567766,7.826762,172000
-0.09993156,0.6902279,0.5623395,2.9573138,9.324423,75000
-0.53326404,-0.26913026,0.005856254,3.3463554,10.38863,160000
11.566297,-0.782607,1.2462345,3.2723467,7.0427904,169900
11.86194,-0.9043863,1.0533316,3.3672912,6.8678093,99500
-0.36970663,0.90060467,-1.5901725,5.636991,11.241694,119000
10.830578,2.042525,1.0601723,2.666546,5.908496,179998
-0.50332785,-0.8287163,-1.1659682,4.3852763,9.8198,93900
10.752729,2.2248814,1.1806551,3.6165583,6.930871,450000
12.481691,-0.04864638,1.2610316,3.0435777,5.6264906,57000
-1.4285427,-1.5187808,-0.7543865,3.834814,10.222742,250000
1.932064,0.9205296,1.3196628,2.6149137,8.213805,220000
-0.27304983,0.10233584,0.6161375,3.0696647,10.002715,245000
-0.5297652,-0.33100262,-0.07459356,3.405211,10.418051,98000
12.0793295,-0.07758678,2.6470938,4.5759587,4.7720866,124900
0.60586965,1.5360782,0.6410933,2.4352264,6.9177265,85900
11.357186,0.38008967,1.5700125,3.1096485,5.6947317,125000
-0.49626103,1.3093077,-0.80282277,5.514636,9.887276,149900
11.293372,1.2007746,1.8985517,3.3610146,4.7250786,148000
10.620495,1.1269989,1.5870905,3.2479448,6.779549,155000
11.5365305,0.81669146,1.8684176,3.5959415,4.8210006,125000
11.1576,-0.82590854,1.5533862,3.8851328,7.0740113,99000
1.0458239,1.6045703,-2.959774,2.138936,5.2956977,53900
1.4600885,2.2618904,1.03066,2.3000202,7.736713,225000
-0.5892341,-0.29428932,0.5268802,2.6230714,10.1719675,60000
11.387026,-1.7735187,0.57189506,4.6963444,7.2821503,45000
12.07485,-1.4580091,-0.51729244,3.9242172,6.9898334,92800
10.499602,1.8920546,1.222815,2.6905382,5.8018546,67900
0.69931674,-1.8539513,1.432623,4.6584992,2.3288634,120000
0.058067977,1.0630966,0.11859061,3.40598,-1.2770097,117800
-1.0502728,-1.470845,-2.6939683,3.4300416,11.192734,83000
9.688039,3.9745514,0.8999098,4.007121,6.6103334,146500
12.013363,-0.6845945,1.6353319,3.6268027,4.624741,80000
10.675656,1.4283006,2.614015,1.5419652,6.7349677,111999
-0.4482574,-0.13161705,-0.24392202,3.6827672,10.594551,240000
-0.15462476,0.85313934,0.30259958,3.2440894,-1.0228932,76700
1.0745229,1.9837486,1.5004421,4.457577,0.7188115,110000
-0.37623513,0.37493268,0.718469,3.2023487,-0.2353708,110000
-2.4580185,-1.7129577,-1.3770397,3.2045603,9.833498,58450
11.886871,-0.77284503,-0.49025202,3.7311263,6.7646427,124000
10.443228,1.660226,1.5322523,3.3926022,6.91114,595000
12.158504,0.36541942,2.4102337,4.4878206,4.8544226,130000
10.635085,1.2743735,1.6679611,3.1881719,6.882924,165000
11.428538,-1.0338138,1.1707399,3.7524757,7.25498,124990
12.004837,0.018987069,2.537512,4.37048,4.7319665,125000
10.373242,1.2336674,3.099493,1.2755165,7.009387,175207
13.018838,0.7643658,2.459691,4.5797796,5.3191433,124988
11.20033,-1.7060132,0.6147994,5.4483666,8.077195,168000
0.292415,1.6836224,0.68419963,3.332532,8.920419,265500
9.947443,2.1178854,1.329489,4.0476093,7.5122204,675000
10.407758,1.2601827,3.058571,1.3141036,6.971802,160000
11.208265,1.5319762,1.6398524,2.7522626,4.5489264,67000
0.48573983,1.9001509,0.6623796,3.6089551,8.9957695,319500
-0.22753197,0.49397555,1.9327139,3.821809,0.47279626,112700
1.1620059,2.4146023,0.91929036,2.39301,7.850699,229000
11.657457,1.4540324,1.2346363,3.8421416,7.3948984,104900
-0.48549473,-0.36307618,0.31203353,3.2354836,10.136783,137000
10.587521,1.4320875,2.7806263,1.462824,6.7000203,127500
-0.44519746,-0.28158957,-0.92026687,5.012932,9.431753,145000
11.471131,-0.62752926,0.6935656,5.1084285,8.2631035,405000
1.1378136,2.148826,0.73701525,2.9553723,7.2334623,295000
10.927997,1.5332204,1.8239396,3.2601185,4.7431216,88999
11.319152,-0.81280535,1.390351,3.4944987,7.253354,145000
11.327021,1.5069078,1.5906525,2.977048,4.874352,82800
10.945676,1.5300547,1.7981011,3.2608104,4.7463493,91000
0.18979579,-2.2301142,1.2861282,4.367432,2.0944514,68500
-2.3208563,-1.8243349,-1.5830395,3.8316784,9.623733,75000
0.92625797,2.466607,0.7684479,4.066363,7.866762,252900
0.096151285,1.7003225,0.20722273,2.8434663,7.4708858,121000
9.535557,3.2459939,1.3172522,2.8666444,7.2202725,145000
-0.28784573,-0.30271897,-0.78098005,4.8000207,9.561359,134000
-0.1022844,-0.27416295,-0.54169816,4.784106,9.65604,126000
-2.1182878,-1.5333952,-1.3634369,3.9088814,9.932358,63000
-1.4791018,-2.3304613,0.085296765,3.1129556,1.2890863,71000
-1.0885237,-1.2398318,-0.42027214,3.0214605,10.414869,114900
11.173287,-0.23020856,0.38060114,4.547269,6.9009385,115000
-2.5479412,-1.793223,-1.4472674,3.595708,9.879501,83500
0.88322955,0.78387016,3.039911,2.8736632,10.251688,139000
10.823865,0.7532893,1.0829501,2.8907564,6.020934,69500
11.371273,1.211889,1.7981777,3.0704944,4.6242156,88500
0.82287043,0.71312445,3.1206193,2.7949455,10.288458,91610
10.89838,1.5049517,1.8540233,3.2861261,4.718285,103600
1.6006826,1.2755213,3.9291754,2.8305461,10.603312,209000
-1.8203014,-1.3483814,-1.0098318,2.1588662,9.7715225,94990
1.0026965,0.328828,4.4359765,3.4740465,6.6216364,148760
-0.13045262,-0.34644777,-0.62369406,4.804886,9.641275,116000
11.464269,-0.7318033,1.1710937,4.2159133,6.26212,105000
0.8143387,1.6570132,1.5683692,2.8510118,7.9777822,129000
-0.03381144,1.0285947,0.2687124,3.9503522,10.28212,266900
1.4554746,1.1378233,3.8216584,2.815966,10.521542,146000
1.61537,1.1805557,4.0603313,2.779242,10.7223625,179000
12.204281,-0.6748478,0.81311613,2.6809325,6.3469815,39500
0.71097565,0.52734154,4.0786357,2.5624359,10.958094,92900
0.86176205,0.7170818,3.170042,2.7786782,10.271015,87000
12.989932,-0.9201738,0.79480386,3.458754,5.8981056,85000
11.442111,-0.56706375,1.7426618,4.4277873,6.2406487,139800
0.4711908,0.316516,4.204256,2.5941043,10.917655,85124
1.516093,1.0760305,4.011979,2.7440796,10.675972,119835
1.5987443,1.1899484,4.0122514,2.7539375,10.680743,148700
1.2125689,1.2708293,-1.3121955,2.113087,5.702791,139999
1.168473,-0.59576875,1.4735912,4.7343483,2.0174775,125000
-0.8122181,-1.0163229,-1.1077588,4.6492715,9.708188,67000
0.3547157,0.2036927,4.440023,2.3680155,11.38334,86000
1.5167449,1.0960115,4.0193,2.7621267,10.693256,122000
11.411502,-0.47312555,1.8877577,4.436697,5.4400153,127000
0.48071328,0.3262943,4.1747155,2.5981512,10.894263,73554
1.0841439,2.7267795,0.8109452,3.995127,7.5964465,550000
11.279417,-1.532858,0.9091562,4.640585,8.069995,249000
1.6364523,1.2060437,4.0681286,2.769486,10.732511,122800
-0.6298106,0.096407816,1.1405852,3.4126363,-0.34732485,98165
11.085775,-1.3874378,0.7281158,5.611902,8.776139,220000
11.523949,1.1867508,1.7015002,2.9641137,4.3895307,105000
-2.9376934,-1.877044,-1.3158756,3.9828339,10.262041,90000
5.2177854,9.2353735,2.1013496,9.70748,5.90564,126000
-2.9606361,-1.860822,-1.3026137,4.00985,10.284214,85000
11.897918,-1.7535057,0.9684917,3.1483371,6.1817865,25500
-2.6746957,-1.8261245,-1.3564699,3.6573923,10.038575,89900
-0.32051083,-0.61995363,1.2521497,3.8464587,1.3598902,129000
0.87228763,0.74665546,3.1562786,2.8126304,10.273834,104270
-1.6432246,-2.5918648,0.13316073,3.1286938,1.4125601,60825
-1.6382977,-2.5887158,0.13482474,3.1296418,1.4114485,60825
0.054977413,1.0718523,0.14747967,3.4214773,-1.170938,68740
-1.5915629,-2.5772634,0.17867114,3.1423547,1.3950942,60825
-1.4921607,-2.3379943,0.07735852,3.1158774,1.2908156,58900
1.0637052,1.9396166,1.506016,4.439006,0.7604518,94800
12.008113,0.011426012,2.5448692,4.388515,4.735688,125000
12.368671,-0.29073972,1.4597167,3.1505873,4.7408023,55000
10.943735,1.9779239,1.3828422,3.3073843,7.05369,315000
11.030736,-0.39305475,1.9889548,3.4263499,7.3850102,140000
-2.9672875,-1.8629383,-1.3061688,4.008882,10.279284,110000
0.96558857,2.0655756,0.5616636,2.159525,7.007966,235305
-0.44618046,0.29330507,0.6904182,3.1865568,-0.36773604,103400
-2.0363903,-1.4574735,-1.2918208,3.71045,9.915484,77000
11.254281,0.15960807,1.4799583,3.694107,7.466799,176500
11.761009,0.9666536,1.3942742,3.9494042,7.5362163,199900
11.885116,-0.73785025,0.940016,3.1496365,7.3094954,113900
9.48516,3.229347,1.3546544,2.9471107,7.243326,230000
10.661519,2.3106418,0.6067764,3.814825,6.8793707,184000
10.67226,2.2869394,0.5296911,3.7308645,6.825624,104999
10.575681,2.4949622,-0.18731287,3.2606845,6.1310377,109000
10.380341,1.2388132,3.0926166,1.2813163,7.002358,148760
1.513865,1.0945519,3.9931517,2.7791638,10.666165,119835
0.48416564,0.33152175,4.1826105,2.6055295,10.887584,85124
0.47390643,0.3212772,4.1767125,2.6137056,10.878109,73553
1.6652621,1.2176372,4.109211,2.7863164,10.763126,175899
0.65662587,0.48077312,4.104706,2.4430163,11.0745735,112466
1.6271584,1.1948668,4.1054296,2.7993836,10.75623,190777
0.65077853,0.47444713,4.0619254,2.4364383,11.050326,173030
9.616815,4.009867,0.78626883,3.9830794,6.6174064,125000
1.5078093,3.5956821,0.302356,2.7138977,8.024503,280000
10.744784,1.9229063,1.1303623,2.5341122,5.9691095,114000
0.030083068,1.7179062,0.11377163,2.8472793,7.4746547,99000
0.42904568,0.6970181,1.8926522,2.9253683,9.865422,135000
11.570766,-1.0712703,1.1229813,4.0569,6.776085,116000
11.817146,-1.6431962,0.20738395,4.214702,7.2621427,150000
-0.8542347,-1.2438965,-0.13407359,3.1058915,10.223056,120000
0.868992,1.4354955,1.6528776,4.247029,1.1817224,134127
2.723256,2.4147575,2.4755168,4.1614676,8.173605,789000
9.767707,3.2068331,-0.11146117,2.9408586,7.2453117,254311
1.0738001,1.9341369,1.5038353,4.430599,0.7881282,110000
0.26737666,0.60359615,-0.23586102,5.4524145,10.489002,139990
1.1303298,1.6481401,1.5006754,4.082089,1.2008253,123900
0.10281761,0.73477197,-0.31048658,3.0639606,-0.60101354,83000
10.92829,1.2897152,-0.65305865,3.2756634,6.6692166,138999
-0.203333,0.8102666,-0.49767393,5.301499,10.681405,200000
1.902393,2.2688122,1.1047561,3.069083,7.719409,459200
2.29288,2.8060753,1.4882194,4.069025,8.072105,1500000
2.8587792,2.66187,2.2504916,4.340987,8.216145,2600000
2.2642548,2.9089725,1.6202695,4.4372926,8.305128,790000
9.737406,2.3034303,1.1239746,4.43887,7.598493,729999
2.1593654,3.0078943,1.3676815,4.3688717,8.189281,845000
3.319302,6.2916384,1.5601186,1.7896538,7.63694,206000
-0.8120501,0.86243474,-2.047616,5.491202,10.80678,125000
10.370336,2.089779,1.0092763,4.1829147,7.0928755,385000
10.625174,1.7655637,1.2410942,3.9820704,7.2404346,385000
10.392384,2.071007,0.9458494,4.215504,7.0903225,385000
10.477603,2.040131,0.95708245,4.1717463,7.172954,385000
9.725965,2.3443832,1.2025973,4.2961926,7.703629,1200000
11.547705,0.10478823,1.6332476,3.3032193,7.4185653,119900
11.5269785,-0.66564405,1.3959901,4.223387,5.873032,83000
1.4565234,1.0595057,3.8859468,2.7781236,10.574164,149000
0.48524246,0.32854268,4.191442,2.5791817,10.926557,115000
0.47165385,0.31631896,4.20771,2.5767562,10.939525,107000
0.48621422,0.33010218,4.1757145,2.590605,10.903171,93000
11.734028,-0.17583537,-0.61759484,3.1633396,6.5693636,72000
3.1241863,5.87341,1.4735703,2.0197043,7.6397586,245000
11.267728,-0.4770586,1.5479631,4.089683,6.308708,159000
2.0887146,2.2684035,1.3927174,3.3679643,7.810432,510000
12.074483,-0.1116738,2.607946,4.6684527,4.9376063,154990
0.6104317,3.1249487,0.3375982,3.2627923,6.965895,235000
10.681527,2.3559642,0.62671936,2.3777072,5.488956,59000
11.727386,0.9433075,1.421351,4.0571175,7.5591197,110000
12.455619,0.03591893,1.3121085,3.2508438,5.8737087,120000
0.9506147,2.288122,0.7185986,2.522591,7.1595883,230000
12.736089,-0.86423606,1.152684,3.1803722,5.1913886,68500
1.2169183,1.2371358,-0.24487007,3.0653384,6.175083,263500
11.2306595,-1.2996795,0.9054536,5.0298853,8.139998,195000
2.037245,2.2678924,1.3928529,3.3859513,7.800957,430000
10.6229105,2.3657331,0.5633018,2.6456087,6.6118526,180000
-0.38791406,0.37657124,1.8738718,3.6453822,-0.005201907,71600
0.96960837,2.8108573,0.6315377,4.040099,7.6326714,499000
11.308072,-0.57679385,1.4760079,3.2311769,7.1087813,144500
-1.1381903,0.39214668,-1.4505014,6.0698676,9.641642,90000
1.4190446,1.4501842,-2.1735647,2.9737968,5.8840885,269000
-1.3957639,-3.1205745,0.739328,3.2977667,1.0741614,56000
12.70151,-0.85461,1.1685715,3.1942816,5.1707406,68900
0.72881556,0.5471622,4.045285,2.5859482,10.926171,85900
1.164082,1.0156806,3.1978707,2.864906,10.092031,126000
0.34873557,2.6886442,0.44561616,2.9743254,7.1538086,209000
0.22111675,1.2610584,-0.056614738,4.7585177,10.166422,364500
-0.5850448,-0.4874712,-0.30697763,3.40675,10.513993,115500
-0.36547238,0.40060934,1.8650635,3.6518536,-0.0020421147,71700
5.191876,9.253581,2.1205018,9.71784,5.881818,139000
10.349557,2.5832431,0.6138667,3.9869702,6.8309484,135000
0.98837745,0.3208849,4.4404206,3.4702156,6.6042714,73554
-2.558146,-1.7838923,-1.43601,3.5933583,9.904049,75000
0.096977785,0.58660364,-2.1929748,6.0749774,10.545831,89999
-0.7930328,-0.7096649,0.07378508,3.274754,10.1640005,115000
0.99806404,0.32477155,4.439634,3.473391,6.609678,91736
-0.29432082,0.8129557,-1.4788705,5.2553205,10.563154,207700
1.1785437,2.4892342,0.86575496,3.2410777,8.306364,317700
0.047914978,1.7786533,0.16626872,2.932824,7.4996767,180000
-0.37976158,-0.33117577,5.946586,3.238211,6.3475814,115000
1.5200932,1.1020709,4.054421,2.7869635,10.725036,202479
0.8688225,0.7161462,3.1716099,2.7602937,10.258235,103600
0.62741053,0.44519347,4.180095,2.3455777,11.203903,71000
1.0688576,1.5956998,1.5166708,4.1222153,1.1516483,123900
1.0786561,1.9404173,1.496384,4.422977,0.7448328,110000
2.165785,2.189078,1.3123187,3.2123985,7.7548985,500000
-1.4931899,-2.3415415,0.08080524,3.1176896,1.2986863,71000
-0.38863298,0.7483166,0.2404983,3.47878,10.590962,104000
1.085872,1.9424354,1.5022517,4.445529,0.84496164,110000
11.189401,-0.1626411,0.41911748,4.5429773,6.962075,162000
1.6388866,1.2181447,4.0609307,2.7966762,10.724723,145900
-1.4771507,-2.370631,0.13099729,3.1650255,1.3275307,71000
11.941825,0.19779028,2.2743852,4.0560784,4.807643,59900
-2.4759157,-1.6941259,-1.4229757,4.155706,10.030757,72000
1.0547061,1.9406031,1.5109555,4.4491944,0.7681978,94800
-1.4891189,-2.305264,0.04809208,3.0912735,1.2553536,59800
11.9592,-0.48432115,1.6767693,3.460275,4.649657,55000
12.387001,-1.3919959,0.987334,2.6835709,5.792097,49000
