UMAP1,UMAP2,UMAP3,UMAP4,UMAP5,price
10.184869,0.5987423,1.8332715,5.999603,3.100904,65499
8.6339855,0.5031545,1.8295774,6.7667546,3.6385863,249000
-0.3760809,0.94803905,1.1146222,4.0563884,3.1905985,111000
9.049146,-0.008052551,2.0275977,6.473915,4.1068363,190550
9.266648,0.37057975,2.0806825,6.118067,2.995711,126000
0.64138716,-0.20061387,0.9052266,7.7986465,2.8752973,123000
-0.53582096,0.8463086,1.5108901,4.2749023,3.32057,111400
1.5366033,0.92998296,1.5628978,7.080388,2.8375263,170000
-0.16757667,-1.0233301,1.1466564,4.185861,1.908116,111000
9.778405,0.16756712,2.3916454,7.0793834,3.9604561,93990
-0.5199712,0.71834946,1.6446068,4.7280016,2.8659852,111300
-0.17739096,0.32207748,0.9609033,8.341894,1.8458523,144000
1.9699234,1.0889609,0.52506346,6.3026867,2.2254126,111000
-0.6354613,0.79474485,1.6892526,4.6476526,2.8046625,108050
0.97779924,-0.16149472,0.6659325,8.29019,3.6855154,250000
0.60490775,-0.13769531,0.64006484,7.783029,3.7711208,165000
-0.62052846,0.79693794,1.6813012,4.645733,2.8118858,108500
8.813129,0.3932311,1.9636214,6.687792,3.8469596,276999
10.396597,0.51734346,1.4767785,7.98029,3.5893118,295000
10.024937,-0.5218716,1.9682541,5.8710856,3.8972747,64500
0.68000144,-0.088511154,0.22002904,8.465748,3.3758824,120000
-0.2623414,0.026433103,0.42585978,8.69584,1.8586655,110000
9.824457,-0.06942403,1.6723069,6.1884646,3.2224808,125000
2.3948066,0.84791476,1.3344451,7.2461042,3.652672,575000
10.05272,0.4556539,1.5800467,6.514428,3.4290667,135000
10.419407,0.30093187,1.4480098,6.5123363,2.9710522,85000
-0.43883517,0.6737821,1.6119236,4.786772,2.89808,107887
0.983998,0.13392627,0.69541156,8.084898,3.564486,349000
1.7180694,1.196165,0.55705214,6.456321,1.9662421,136000
10.183965,0.5945019,1.8648318,6.1023583,3.0537288,65500
-0.31102282,0.12516676,0.7182054,8.4213915,1.9971797,112000
0.7250952,-0.3854337,0.83154535,5.136042,3.9896016,125000
10.373391,0.3771965,1.0778701,6.795833,3.2968912,91800
0.16441366,0.056349967,1.4487656,5.0937266,3.2948594,91000
0.3570803,-0.27523366,0.6749981,7.6845984,2.8526368,93000
0.6172081,-0.101100415,1.2544645,5.47072,3.9026778,127000
9.5159025,0.101137094,1.3539004,7.922401,3.5701487,105000
10.00488,0.28717738,1.8722749,6.6523085,3.7420104,98500
0.5845147,0.5055253,1.650338,6.223374,2.5988207,107992
0.07819433,0.0067281188,1.4606043,4.9664073,3.2201087,95900
9.87487,0.24852127,1.7785945,6.5743833,3.1024935,88999
2.06312,0.7552116,0.6956054,6.435827,2.1314752,180000
0.47674045,0.5298247,4.2092233,6.736798,3.0016966,105500
0.8204808,-0.29388,1.0599942,8.281398,3.5122886,133500
0.61633164,-0.17748578,0.092630535,8.71051,3.59295,105000
9.330133,0.17666565,2.2683303,7.1727057,3.2754648,129500
8.673985,0.39602616,1.9199849,6.8721952,3.749327,220000
0.817561,-0.070712976,0.94905543,5.3789845,4.529581,107500
9.342758,0.08905791,1.9389418,5.8179564,3.4230225,91000
-0.13568875,0.21968763,0.8592324,8.508453,1.9863544,119900
10.676848,0.4566405,1.3541677,6.83854,3.1274705,130000
0.04830195,0.0743331,1.4226928,4.799663,3.19967,138500
9.0090685,0.028958099,2.0186114,6.6162734,4.0645275,138000
10.366891,0.34017593,1.7794673,5.61686,3.126825,49000
3.0799663,1.7730465,1.5355034,7.0320415,4.014659,125000
-0.09008059,-1.0017539,1.185914,4.2743154,2.0396376,68500
0.10243987,0.19948769,1.092421,7.6843543,1.1916137,110000
-0.46006134,0.6357335,1.813536,4.618281,3.4569817,107300
0.81702286,-0.18374293,1.0239547,8.290235,3.5790634,97000
-0.5068673,0.86616653,1.4294324,4.2177105,3.3131368,110000
-0.072261825,-0.7174958,0.74087095,4.273284,1.7928767,67500
0.8298864,-0.12083866,0.80707,7.8326135,3.140552,321000
0.2184533,-0.36881742,1.3401699,5.130977,3.1080723,95000
9.761831,0.17924762,2.340366,7.052729,3.9207618,145000
8.30239,0.53154314,1.9203517,6.632431,3.411699,255000
0.7469923,-0.20666787,0.9202561,8.256837,3.553896,147999
-0.53757674,-0.15396504,0.6913998,7.9611726,2.1921637,89990
9.237975,0.6683663,1.6678796,5.791532,3.347595,128000
10.662704,0.63527423,1.4308128,6.892479,3.315574,79999
-0.12624657,0.11329781,1.2951227,8.167048,1.8754075,89000
-0.39753124,0.85170895,1.3925046,4.356391,3.2009032,107164
-0.3414323,0.13101824,0.8963022,8.039672,2.1261833,272000
9.7732935,-0.08452421,1.6756455,6.3169265,3.3203275,125000
10.757056,0.6312186,1.3583896,6.7168384,3.186905,150000
1.0199165,0.1216939,0.8787913,7.932574,3.7265453,339900
9.577308,-0.48005056,2.1664126,6.5239277,4.4464884,115000
0.81162953,-0.26524025,0.9994205,8.276293,3.5683455,145000
1.4465271,1.1542189,1.443254,6.8264027,2.8429704,270000
10.08432,0.3385335,1.3818325,6.665483,3.399264,114000
-0.04388751,0.18390024,0.72808,7.9176517,1.1058136,72000
1.4628567,1.0934981,1.3684286,6.807909,2.77752,125000
-0.4438967,0.68164504,1.607375,4.7708488,2.900506,107000
0.6743763,-0.025598874,0.66758627,8.655763,3.2432458,155000
9.3611,0.09209666,1.5678264,7.5820103,3.5528595,125000
-0.5756439,0.7575201,1.6618705,4.6845293,2.839002,106450
10.384769,0.38435218,1.1160018,6.8111587,3.329204,99690
0.8139822,0.019390779,0.99421746,8.377891,3.621497,129990
9.82949,0.28452566,1.9573114,6.1256995,2.8236587,128000
0.93548995,-0.15929769,4.154832,6.140838,3.36686,100927
0.95889777,-0.17419064,4.1635475,6.150966,3.377779,61775
-0.3163278,0.9334008,1.2281314,4.291664,3.1172256,81570
0.5393714,-0.28220204,1.264826,5.435771,3.616972,134000
0.06265336,0.100383654,1.1622792,4.52225,3.1054647,76446
-0.39038247,0.5607046,1.7910097,4.7027583,3.4899595,85100
0.54928476,0.19410667,4.4843583,6.105488,3.080975,95400
-0.15587877,-0.99286884,1.0930079,4.190258,1.8996999,61200
9.370978,0.13344786,1.7579652,5.467316,3.971794,61200
-0.53075194,0.8418577,1.5168049,4.288073,3.3215292,106300
-0.45892507,0.63664025,1.8122617,4.612522,3.459329,106200
9.949427,0.36586282,1.8356265,6.268715,3.2956154,144900
9.559472,0.23566678,1.3592776,7.7169538,3.6207414,160000
-0.5365565,0.8475676,1.5056006,4.264317,3.3217878,105600
0.5724126,-0.10082864,1.4293939,5.491467,3.6414094,117700
10.049549,0.23166306,1.7051666,6.038304,2.8547118,38500
2.3810189,1.0824591,-0.1403408,5.839825,2.2849238,81000
-0.1505639,-1.008158,1.1399636,4.2016134,1.9289681,105500
2.3031387,0.5712066,1.4576255,7.4027,3.9315271,479000
0.77097666,-0.0059342934,0.29833585,8.379641,3.486221,152990
8.136796,0.5138267,1.568907,7.2666283,3.850608,280000
10.233263,0.31110176,1.7779387,6.4852324,3.3012395,114000
8.992051,0.23362231,1.0790346,6.2877464,3.0843618,133000
-0.35964942,0.70160985,1.6476676,4.662889,3.362393,114400
8.661815,0.15081625,1.2849424,6.409075,2.838543,167000
8.1258,1.0945491,1.5803585,6.7310405,3.90568,94990
0.848717,-0.06880883,0.83283335,5.28882,4.552152,105000
9.666375,0.517923,1.8275564,5.810385,3.4112086,42900
9.329675,0.0948893,2.2087991,7.3008056,3.2986004,145000
-0.13475482,-0.795235,0.8574053,4.262156,1.8100468,60000
1.9008195,0.96903604,0.98362195,6.506914,2.256248,170000
-0.11258003,0.13383837,1.2886106,8.165646,1.85207,89000
0.8450894,-0.1283949,1.0420946,8.26486,3.6515498,122800
2.354995,1.3031746,-0.027380515,5.7666783,2.2277339,49500
0.83288944,-0.108092785,0.8481641,5.273048,4.6120014,105000
-0.54829973,0.829436,1.5866611,4.424089,3.1795003,104700
-0.07213219,-0.7106269,0.7165661,4.279171,1.8008478,58000
0.11295204,0.05484073,1.2091197,7.84902,1.3327025,56000
10.218994,0.49073604,1.836427,6.0236115,3.0531394,67499
-0.4434635,0.6766668,1.6123111,4.778376,2.900224,104500
9.563619,-0.31154174,1.8954688,5.8803062,3.8595822,52000
0.85246843,-0.10030795,0.82803726,5.2778835,4.601332,129930
-0.56038535,0.74491554,1.6588769,4.6989274,2.8462296,104400
4.759082,3.6203592,1.4410377,7.01844,5.198361,198000
10.320105,0.587051,1.7905265,5.731889,3.2152548,29999
-0.6245991,-0.036057826,0.6024485,7.734255,2.061533,71900
0.5869511,-0.23531067,0.77349836,7.6569333,3.0408726,139999
9.800669,0.15798694,2.44278,7.0969057,3.9763014,104990
-0.16738485,-1.0116179,1.1341175,4.1918044,1.8987706,104000
8.81451,0.47333837,1.8189404,6.92988,3.463892,270000
0.603563,-0.34978586,0.76521325,4.885046,3.1183898,88500
0.6012039,-0.3456086,0.7712458,4.893309,3.1223857,88500
0.5430781,-0.28911453,1.2437215,5.4298544,3.656101,127000
0.27499995,-0.566303,1.3931175,4.951545,3.175562,92500
0.26122576,-0.55149555,1.3875085,4.964437,3.156711,91000
0.6899745,-0.35415536,0.9370165,5.3069825,3.8370235,165000
-0.3340751,0.5787424,1.7793682,4.7087517,3.4741027,98900
1.4381739,1.0179919,1.1934202,6.6852946,2.4838178,250000
-0.23773423,-0.07971114,0.16591306,8.652779,1.5788583,101900
9.307688,0.12098256,2.235445,7.2443914,3.2849927,129500
1.2154245,0.1503039,4.679951,7.478068,4.271628,129990
0.8308479,0.3616906,3.584145,6.825924,2.960152,140000
9.101738,0.45663792,2.1338396,6.1150327,4.024043,132500
-0.5646016,0.07786846,0.6254487,7.6069436,1.9550831,77000
0.28465492,-0.32254338,0.14378129,7.9835153,3.4552264,109999
-0.036279712,0.17919391,0.72372633,7.889913,1.1206694,58000
9.169137,0.35141054,2.0337718,6.069403,3.094376,139000
0.7052324,-0.33228555,0.055296443,8.486408,3.5673628,69000
-0.25700626,0.2111395,0.78357285,8.453328,1.9354799,155000
2.2922952,0.555461,1.419404,7.148902,3.247275,410000
8.774973,0.40259326,1.0974872,6.603616,3.5929132,165000
-0.37444448,0.61862475,1.7403572,4.675077,3.403586,106000
0.54196715,0.51678276,4.232064,6.808405,3.0423193,85124
0.69288963,-0.17584962,0.11235029,8.475252,3.5146601,135000
4.769707,3.6411006,1.4344114,7.015667,5.213937,148000
0.15222828,0.07189137,1.2554033,7.881843,1.3846859,76990
0.6377229,-0.11477338,0.89961857,7.747039,2.7089372,89000
0.8332369,-0.12088523,0.834942,5.2549405,4.612521,103880
0.97660893,0.101394184,1.039203,8.128744,3.6668775,225000
-0.6069578,0.7805393,1.6720103,4.659461,2.8269947,103500
0.38586062,-0.44319543,1.2693671,5.1416774,3.2776458,115000
0.83276975,-0.17318507,4.559041,6.033757,3.4047234,72632
0.26137388,-0.15824012,0.056639552,8.155043,3.3585038,109900
0.8301671,-0.14594023,4.505941,6.057033,3.3787165,78582
0.9488568,0.36112463,3.5422673,6.998832,3.0311553,63895
-0.30307323,0.15785672,0.8437691,7.656758,1.475462,58500
0.8399061,-0.11169818,0.8317714,5.2653728,4.6006236,103460
10.319198,0.3492145,1.6906536,6.498345,3.019457,87000
-0.37801412,0.9489469,1.1107284,4.048502,3.189564,103000
0.84032744,-0.1145485,0.8316599,5.2618523,4.605301,107380
-0.4805199,0.8599098,1.4127067,4.232118,3.2928832,96000
-0.35247865,0.87501043,1.1318586,4.0787683,3.2612453,103000
-0.3737437,0.94060796,1.1152065,4.056397,3.1915524,103000
8.254792,0.35743463,1.8332746,6.7787895,3.2476919,309900
-0.7861448,0.06964212,0.6833686,7.8405356,1.9435431,115500
0.006963935,-0.8586731,1.1104047,4.4771757,2.3304787,69500
0.54077303,-0.30258015,1.204508,5.437266,3.62575,119000
0.5329697,-0.28618646,1.2562433,5.425532,3.6514654,127000
0.051652916,-0.68493706,1.2052759,4.6823645,2.5769324,68000
0.21606556,-0.42088488,1.3700652,5.0478625,3.1141424,91000
0.52773887,-0.42124885,0.8757306,4.9166827,3.0970445,92500
0.32525152,-0.3017432,0.605305,7.7209263,3.0034857,93000
9.948174,-0.03492356,1.9291055,6.4169025,4.1226683,85000
0.74398065,-0.4238239,0.10937102,8.393448,3.6793256,160000
1.9492701,1.332518,1.5241363,6.9182515,3.103236,110964
10.166591,0.43410072,1.5811813,7.9258695,3.5546079,190000
1.898224,1.296272,0.18809426,6.2860136,1.9024637,88500
1.1372943,-0.11540402,1.0592849,8.4042225,3.719276,164000
-0.4581014,0.6398685,1.8136145,4.6049843,3.4811869,102600
-0.64126235,0.7958905,1.6879925,4.6392055,2.800211,103400
10.093404,0.058132175,1.6858556,6.3059173,2.7059865,140000
0.222652,0.21785781,1.1954008,7.733103,1.2363291,82400
9.800941,-0.07901287,1.6678861,6.3464375,3.2509017,125000
-0.2435271,0.7696804,1.3908678,4.6098447,3.0984602,102000
1.7036054,0.56686354,1.4524075,7.407282,3.5896747,398999
1.3684651,0.8700761,0.17292629,4.84832,2.6439223,91900
1.2484404,0.25942883,4.356018,7.4606204,3.9540744,148760
-0.038159803,0.3042834,1.2149202,8.149179,2.0479226,136000
-0.36776036,0.84574765,1.3834054,4.3789024,3.1927814,100500
-0.52654266,-0.1517448,0.72419786,7.972298,2.2042444,107000
0.68812084,-0.36385512,0.92292374,5.276334,3.8538845,109444
1.2751518,0.095893644,4.786404,7.4269786,4.2727375,137919
2.1918447,1.2643274,0.21380286,5.919344,2.1356063,87000
0.5845794,0.50407666,1.6733265,6.2420874,2.5976148,102445
0.43902737,-0.18369967,0.8760063,7.718146,2.533506,135000
0.2607808,-0.5922042,1.3980409,4.893292,3.1811225,106000
0.98930025,0.12553033,1.0733448,8.096995,3.647799,225000
9.483647,-0.44931996,2.2700825,6.8494725,4.05003,119000
0.7265768,-0.4440806,0.038620092,8.461668,3.6967616,96000
0.4586983,0.3697878,4.030818,5.9603024,2.9642103,102000
0.62426466,-0.18405761,0.082100816,8.6924,3.605907,135000
-0.6527714,0.8076353,1.6966984,4.630777,2.8025517,100450
-0.40776274,0.9628441,1.1224271,4.026617,3.190536,100000
0.8363056,0.27619764,3.59572,6.6549964,2.9916947,139900
0.7380318,-0.07084542,4.8665223,6.0747952,3.3588538,115000
8.909934,0.2747564,1.0302287,6.254979,3.2734222,139900
10.465553,0.31922352,0.93338627,6.697106,2.9928186,84000
-0.6460602,0.79828626,1.689674,4.6353416,2.7919383,100300
-0.16791894,-0.99547714,1.1321677,4.203987,1.8918958,100000
0.6325538,0.48450682,4.235422,6.8994536,3.1427896,76264
1.1298337,0.29670155,4.3279357,7.390979,3.889228,119835
0.0030088555,-0.85969985,1.1034979,4.469446,2.3160956,67000
9.0357,-0.081571214,1.742186,7.3827815,3.1853125,130000
-0.22718608,0.3078472,0.8979559,8.281222,1.7390137,140000
-0.05535714,0.2960141,1.9758972,4.955355,3.8966694,99918
9.626899,-0.4454919,2.1947577,6.528024,4.1218143,139990
0.0772473,0.09646475,1.126193,4.44999,3.1158497,89842
0.80007505,0.01461182,4.052832,6.1470356,3.2055566,85900
2.1326342,1.0657406,1.6190956,6.9344716,2.5427973,210000
0.36308327,-0.44953275,1.4566951,5.1362023,3.2776706,113500
0.6163835,-0.34202367,0.7525529,4.8838825,3.1172018,88500
9.929229,-0.45479774,1.9492915,5.903532,3.839833,99499
1.1430112,0.31710443,3.0782537,7.1789737,2.9827912,123000
0.22515492,-0.32871804,1.3318235,5.161773,3.1276417,82800
2.0529444,0.9783191,1.5136473,6.8445535,2.4159038,148500
-0.5216808,0.8490404,1.4968351,4.2788415,3.3076015,99900
0.86556965,-0.108856335,0.579203,8.149026,3.4040432,207777
1.3605244,0.47066292,2.2729013,7.395594,3.099485,265000
9.341355,0.12228538,2.165096,7.281667,3.5605485,110000
-0.054553006,0.29251972,1.9814821,4.9577317,3.8988748,99809
0.57775384,-0.36666027,0.78210396,4.869926,3.117409,98700
0.5717597,-0.34611985,1.1582067,5.3373117,3.6607347,175000
9.230493,-0.07179914,1.9559058,5.987005,4.2486734,167000
0.0536864,-0.7370632,0.89020544,4.4571857,2.2004054,62800
0.0043054787,-0.8612084,1.1091498,4.4713197,2.3236845,64990
0.09962033,-0.6999356,0.87755466,4.4808326,2.2680328,63500
0.6351349,0.068503946,4.5724626,6.079798,3.1857758,95454
-0.54098964,0.84957975,1.5126053,4.283827,3.2890513,99800
0.79883033,0.012862169,4.059892,6.143449,3.2066076,85900
0.6553061,0.027293283,4.713953,6.0698004,3.2462757,100826
0.507559,0.22615895,4.5079184,6.084394,3.062545,88466
-0.44146824,0.6309536,1.8236182,4.622218,3.4818282,99600
0.80378413,0.008261191,4.0580873,6.1449366,3.2098112,92900
9.989202,0.14713687,1.3192774,6.1417885,2.5766056,58000
0.4422289,-0.2667409,0.11755335,8.193029,3.5041802,209990
8.703513,0.285302,0.8759959,6.2706575,3.3707097,81000
9.64291,0.399776,0.83092004,6.1940765,2.9385104,75000
1.1327943,0.1959517,4.6611905,7.5188785,4.3133216,229000
1.4721375,0.052410804,5.019362,7.4151297,4.221205,130200
0.8042732,-0.2219789,4.8339043,5.975187,3.461132,76264
0.7897824,-0.14019698,4.904416,6.0482616,3.4240344,89102
9.221793,-0.10273693,1.8538808,5.610179,4.0748405,68900
1.087706,-0.253361,4.028296,6.249474,3.4314325,61775
0.7991119,0.015614236,4.0594044,6.151944,3.2069595,97900
0.38187557,0.33132297,4.433677,5.9269404,2.9627135,88000
0.09792369,0.07132728,1.1015766,4.4704413,3.0756352,88347
0.8902593,-0.079606675,1.0488,8.169206,3.6366856,170000
9.861198,0.52004707,1.0038364,6.6904883,3.3096783,129000
0.31573528,0.39530227,4.223315,5.6661534,2.864039,98347
1.0917134,0.19753443,4.721696,7.561835,4.3793135,114500
1.4701341,0.05278813,5.0215254,7.4168334,4.224351,119500
2.3014507,0.55177015,1.4431647,7.177427,3.3354406,470000
2.3068748,0.60923356,1.4532461,7.2344656,3.509297,490000
0.3193655,0.39349043,4.240053,5.684398,2.8657856,89000
0.077667646,0.061111424,1.1612384,4.4798765,3.124488,120000
-0.06238717,-0.69549805,0.7273028,4.2988305,1.8361591,61900
8.929816,0.7076473,2.415635,5.949239,3.9124267,130000
9.245216,0.3879763,2.055649,5.649234,3.8998861,35500
9.599036,-0.21808329,1.895885,6.5143156,3.5133874,124900
9.262092,0.28973666,1.9753542,5.6651936,3.9531314,49900
1.4868382,0.2154093,4.3067355,7.4032607,3.9473524,101900
9.8618145,-0.33485714,1.9975327,6.0958886,3.3509908,44900
-0.0021246271,-0.8372585,1.132665,4.492553,2.3398314,74000
-0.36896798,0.026811168,0.9225892,8.104098,2.0974407,200000
0.24518302,-0.13797505,0.84768504,7.9984975,2.3138506,115500
0.54173523,-0.18945979,0.6704396,7.718311,3.5151682,145000
0.73753065,-0.14014277,0.90182114,8.279723,3.553868,134000
0.84845906,-0.0959763,1.0517969,8.154507,3.554242,170000
10.592457,0.33647656,1.033982,6.6246157,2.8887882,99700
0.86464596,-0.02934278,1.0848769,5.6334753,4.2293534,109835
9.896039,0.2091436,2.2686076,7.0246816,3.9448028,144900
0.6918182,-0.29615927,1.0324206,5.4156075,3.8848934,132900
-0.34888104,0.5405667,1.7294211,4.744381,3.375235,96800
0.19289562,-0.4795068,1.3792925,4.956262,3.0741835,82800
-0.34968853,0.560695,1.7474701,4.735405,3.3964367,99800
10.383459,0.53847903,1.4258649,7.7470484,3.599254,239000
0.53299475,-0.23678215,0.798889,7.6764965,2.5977972,120000
9.650594,-0.76110125,2.5205288,6.8992896,4.430195,124988
0.83530897,-0.103501156,0.85225385,5.281325,4.6020293,100500
1.1435767,0.27564746,2.9665668,7.164883,2.9173844,160000
0.06164167,0.059055693,1.4226022,4.7993894,3.2069867,138500
1.5170535,0.83118474,0.09308539,4.9917517,2.623634,130000
2.4841297,0.4221077,1.6391563,7.356019,3.7698286,725000
0.83535105,-0.1188755,0.84835756,5.2721677,4.6027308,167000
0.16964903,0.06789859,1.2731333,7.742401,1.3943038,98900
0.50557035,0.5114283,4.23789,6.7455444,3.0160677,99999
0.6596976,-0.31129083,1.0441058,5.417112,3.8117974,122000
0.47484136,-0.2412094,0.7471164,7.665029,2.5413883,129990
9.920708,-0.027454013,1.9914714,6.5225716,4.185499,127000
9.536987,0.15548207,1.6332246,7.670448,3.522706,134900
0.80102015,0.03889192,0.8240657,7.9827952,3.7111886,124990
-0.57352823,0.2652609,0.14923136,9.066796,1.4491255,84500
1.1202708,0.19359627,4.703353,7.5397096,4.347403,117082
0.7121642,-0.23590875,1.0634423,8.027619,3.1012313,129500
0.2933093,-0.35675305,0.38755926,7.8063955,3.4582696,116000
10.63243,0.57860756,1.4308016,7.0640144,3.3827195,185000
-0.39661077,0.5452285,1.8142987,4.737068,3.4546053,88200
0.2125578,-0.40182933,1.3839597,5.0495524,3.098942,82800
-0.45159432,0.58177865,1.8478851,4.6735168,3.4938211,78500
0.076743074,0.03948465,1.4464788,4.8892756,3.2169518,82800
0.13610613,-0.04085517,1.4315231,4.8463335,3.2685847,97500
-0.10652729,-0.98998,1.1660763,4.2659082,2.0350857,74000
-0.5522203,0.85619223,1.5422173,4.40159,3.1042433,125000
9.386365,0.25491235,1.7707051,5.5270314,3.8358366,45500
-0.06393888,-0.71661294,0.7612356,4.2996087,1.8471246,70000
9.222242,-0.041005716,1.8735201,5.694436,4.096736,73780
2.0395548,0.45909092,1.3558557,7.360955,3.7277112,349000
-0.44047385,1.0294162,1.16543,4.0308366,3.119581,99247
-0.46861193,1.0172962,1.1848464,4.0291204,3.1615458,82500
-0.15077542,-1.0198076,1.159312,4.193684,1.9237733,67500
2.173963,1.0158823,1.6009302,6.917216,2.4917796,270000
2.1567402,1.0261809,1.601862,6.9206886,2.5017684,330000
0.58033645,0.3495413,3.5537584,6.0341706,3.011773,157000
1.396154,0.4374785,1.4772763,7.3111897,3.577534,149700
-0.46744183,0.85701597,1.417693,4.2558765,3.2816405,98900
-0.8782159,0.025118617,0.6475267,7.8654513,1.9599954,85000
-0.18621306,0.10096985,0.74656624,8.391979,1.9363226,155000
8.697294,0.5710351,1.0621248,6.5498,3.6388505,155000
-0.4613573,0.855977,1.4143367,4.2647886,3.2754161,107500
1.4569731,1.0216959,1.3172396,6.933295,2.7057087,199000
10.512523,-0.17617603,1.8187464,5.9057965,3.3635268,82500
0.25219524,0.21029615,1.2059853,7.7110615,1.2443063,63900
10.443453,-0.05469738,1.7591643,5.886123,3.4271042,90000
10.189703,-0.4911177,1.9508355,5.9346967,3.9789655,80000
10.145598,0.39221796,1.7612153,6.4034224,3.133503,118000
0.8528313,0.009937317,1.0308554,8.2957735,3.6119752,140000
10.166015,-0.50744736,1.9632069,5.921554,3.9610178,57000
-0.37186056,0.8331232,1.4058435,4.413881,3.1815677,98900
-0.22043945,-0.08093724,0.18033554,8.708854,1.6193494,123000
9.727798,-0.4982177,2.3531566,6.558573,4.4689975,125000
1.2313284,0.2589437,4.3629556,7.377383,3.8734643,137500
8.859103,0.22214703,1.8342333,6.9214406,3.8369768,145000
0.82446957,-0.0113374395,1.1426498,5.606135,4.265102,132000
0.58306813,0.5043033,1.672426,6.239454,2.5963278,98857
1.6284585,1.08296,1.4016697,6.9055824,2.9882572,249000
0.9307561,-0.0032178767,0.85850835,5.449867,4.498727,109500
4.3071294,2.2280889,1.522036,6.9352975,4.2823963,280000
-0.47813103,0.64340204,1.8243905,4.5983286,3.4734132,98700
-0.5380676,-0.1754241,0.70966494,7.978261,2.201518,107000
-0.3791971,0.89935,1.132032,4.048852,3.2508287,89850
-0.23639469,0.34641582,0.9600487,8.247858,1.7674335,140000
-0.60826087,0.7795208,1.674107,4.6641493,2.8176754,98650
10.680287,0.6834976,1.5342597,8.202541,3.5913599,198000
0.11686345,0.084693894,1.4944323,5.05664,3.3546844,93780
1.0895531,0.020103876,0.98961276,7.937626,3.566857,246999
10.641134,0.64786464,1.4874134,8.154526,3.6174095,228000
-0.4246132,0.7758323,1.4579974,4.3255315,3.312062,139990
-0.45122164,0.68761533,1.6087133,4.7778015,2.8808124,130500
-0.06719286,0.102267936,0.9213541,7.711477,1.3387583,59900
1.5480881,0.6964278,0.9129242,7.002802,3.07956,231880
-0.1567738,-1.0033802,1.1493464,4.2000694,1.9012433,64000
-0.29073942,0.93542933,1.2319252,4.336605,3.091527,98000
2.1196072,1.0198404,0.10503123,5.8711348,2.4800694,189000
9.131616,0.18212104,1.5684394,5.829674,3.9305656,84000
0.5194895,0.21895789,4.4825387,6.089715,3.0573113,84900
9.056954,0.67683846,2.3814888,5.8374557,3.9159014,85500
9.0623865,0.6719859,2.3772447,5.8136797,3.9500017,91900
0.55060893,0.20739396,4.4641256,6.1230097,3.0834467,120080
1.1453239,0.2688575,2.973891,7.1595716,2.900184,123000
1.1432172,0.2789989,3.013752,7.162652,2.9257884,124000
0.5416566,0.20856854,4.4496026,6.114202,3.063532,91650
1.4506578,0.0710138,4.953795,7.417673,4.201314,118755
-0.44761693,1.0533177,1.1867764,4.0675707,3.100692,93847
0.9188661,-0.01560822,0.86007255,5.429486,4.523279,135521
0.8079399,-0.2280045,4.83732,5.9695864,3.467527,72632
0.90783906,0.37260535,3.3386488,6.9340377,2.8742378,61400
0.55677074,0.21543938,4.383925,6.12762,3.0508232,80500
1.125356,0.3470837,3.2072787,7.162566,3.0513203,156000
1.1092798,0.18368804,4.7306514,7.543261,4.369717,114500
0.87255055,0.4103249,3.4731565,6.8974366,2.947105,70200
0.60136557,0.472133,3.3631632,6.0823956,2.969411,129000
-0.07440658,-0.71893865,0.74151623,4.272495,1.7920933,67500
0.886656,0.38981265,3.4789767,6.921623,2.936239,68100
0.7908226,-0.13407247,4.9264016,6.0555973,3.4238737,90074
1.1325157,0.19124256,4.690367,7.529311,4.323164,128900
0.7185091,-0.19208267,4.934864,5.962068,3.3962376,86000
0.5473465,0.20255907,4.4421554,6.1068883,3.0601263,86900
0.7149123,-0.3882842,0.8170265,5.111281,3.8374493,141000
-0.28432313,0.1262416,0.82018954,7.648993,1.4461744,59899
2.0353103,0.98943365,0.29430318,6.2677035,2.1781669,66600
0.18039879,0.27424443,1.2271794,7.8115544,1.338028,64900
9.434281,0.34001896,1.3441731,7.742364,3.7207317,187000
2.015941,1.0146008,0.2688137,6.2851954,2.292412,94500
-0.5328422,0.8553454,1.4834406,4.246649,3.3243132,102600
9.584898,-0.41847435,2.2070186,6.434293,4.3638844,132500
0.18802895,0.044615015,1.4486054,5.100575,3.3688982,103000
0.13043784,-0.16013375,1.3580081,4.734243,3.1917257,84579
0.150069,-0.025160288,1.4073657,5.1030526,3.1976457,82800
1.9983242,1.1076299,0.17641811,6.2792516,2.261589,91400
-0.4393776,0.78710043,1.5917968,4.51804,3.2936585,103400
9.351257,0.081973866,1.705062,5.4137444,3.9799528,69500
2.2973146,1.3245691,0.044668693,5.6891637,2.2649856,86500
4.240153,2.243749,1.5040125,6.9236465,4.29124,250000
1.8671992,0.19394279,1.1961124,6.7353992,3.082806,195000
1.9632652,0.95700794,1.3534694,6.786502,2.3207483,133900
-0.4610557,1.0614179,1.1813515,4.046024,3.099591,97350
10.332992,0.65920085,1.681367,6.0054307,3.2383819,61000
-0.26087803,0.9195577,1.2428982,4.4002566,3.0720167,105000
9.347892,0.087843105,1.7015038,5.4082007,3.983489,57438
0.7896176,-0.009613289,0.79313976,8.13897,3.2857747,139000
0.8578505,-0.087264284,0.83628255,5.300625,4.6024427,112500
2.1903102,0.7938206,1.536599,7.171085,3.3018875,459999
-0.19656472,-0.13644762,1.0963417,7.693895,1.226752,50000
-0.52853864,0.68432415,1.8696128,4.5447884,3.5090756,55000
10.526908,-0.15746072,1.8113886,5.9308243,3.3312848,73000
9.938117,-0.04688761,1.9976617,6.515348,4.218282,95000
-0.0781508,-0.7114194,0.71380395,4.2679696,1.7897942,75141
0.92930245,0.0071012084,0.8507854,5.4439287,4.4916224,109444
9.288746,-0.062333878,1.9486033,7.4726524,3.4340355,153000
-0.17891479,-0.22853906,0.70270115,7.9284945,2.3308637,69000
2.174547,1.0260404,1.6039395,6.9377117,2.501503,239000
-0.22880156,0.086137086,0.91910046,8.291498,2.0163202,125000
0.82271075,-0.09543595,0.8942091,5.315945,4.612803,144000
-0.054132532,0.2982782,1.9728179,4.9602704,3.891713,98000
9.320623,-0.0672703,1.7810082,5.4678583,4.016511,56880
-0.09444533,0.17877427,1.2769433,8.18568,1.8777163,90000
1.0048486,0.14952351,1.0389992,8.066631,3.6670096,195000
-0.54977393,-0.17235146,0.6920382,7.951561,2.1934814,75000
-0.22686002,-0.16370663,1.1064093,7.680639,1.1983613,54500
1.221205,0.580141,2.304169,7.1685596,2.7200694,103100
1.4872414,0.09073783,4.8865504,7.4030766,4.1216493,119500
8.958201,0.65649873,2.4390826,5.770274,4.022399,115000
8.289557,0.50827396,1.7724406,6.415505,3.1385512,228000
10.193913,-0.50332254,1.9593989,5.9243317,3.9768734,55000
0.5970845,-0.14146847,0.6383766,7.7749434,3.7669392,165000
-0.046808105,0.12574819,1.1842023,8.2056265,2.1177673,122000
9.27372,0.1059091,1.8518329,5.7277775,4.086286,69938
0.086546436,-0.21214597,1.420152,4.910425,3.1113362,88000
9.264403,0.090345345,1.857112,5.7555656,4.100179,92500
0.15337636,0.0466784,1.4255716,5.1078978,3.2251725,79500
0.10630698,0.031592235,1.3910012,5.0843577,3.1456208,88500
0.7909334,-0.046332117,0.93139756,8.433397,3.5944812,135000
4.288091,2.204379,1.4715655,6.9957137,4.364487,545750
2.0826786,1.1709236,1.5273852,6.8364754,2.6229744,170000
2.3831499,0.5119238,1.6131471,7.1915684,3.279299,320000
1.9220654,0.63654745,1.9489542,7.132501,2.787718,182900
2.1149466,0.4319312,0.79340243,6.5829806,2.5700202,199000
3.1323996,0.16044001,1.9241458,7.1625657,2.5565548,310000
2.38657,0.99653226,-0.17887229,5.8743806,2.3079336,91500
1.3888488,0.6878146,1.7249694,7.011174,2.4877844,200000
-0.46659267,1.0553536,1.1668322,4.011461,3.1341822,89000
9.323551,0.060128212,1.6998255,5.459955,3.985445,57439
0.806909,-0.07714991,0.9698197,5.3829966,4.5864573,94800
0.88231134,-0.08503237,4.0102625,6.1498823,3.2880177,121000
10.337241,0.6381307,1.7573074,5.805384,3.2652993,49500
0.7957703,-0.070588574,0.93286353,8.517448,3.6245093,89900
0.8150243,-0.033646718,0.9518431,8.520223,3.650461,92000
9.260152,0.2687936,2.0883493,7.232319,3.5530763,340000
0.093473256,0.03036368,1.4294527,5.093033,3.1639936,88500
0.13916025,-0.0103649665,1.3937676,5.0951557,3.1743357,98700
0.5605371,0.43317863,3.5028753,6.041785,2.9765337,96000
9.380582,-0.2533437,1.9744327,6.1886544,4.0833206,125000
8.931205,0.27691996,1.0298206,6.4254985,3.384031,91500
8.96053,0.3660131,0.96001893,6.337272,3.4254122,69900
8.960074,0.29662684,0.98618686,6.360887,3.339949,66600
8.962034,0.36086467,0.9592173,6.3450437,3.4285016,95100
8.966547,0.36369967,0.97914773,6.3483143,3.4391968,67800
8.983968,0.33251768,0.95973504,6.373179,3.4304636,67800
8.960818,0.31282198,0.96001524,6.3598294,3.3764203,62600
8.952457,0.29183698,1.0119766,6.4132075,3.38884,84900
3.2069457,0.11536605,1.9414681,7.1580567,2.5347989,774000
4.224569,2.2079928,1.4586155,6.983779,4.3668566,350000
2.0883863,1.0319874,1.5398718,6.932833,2.605269,172500
9.348221,0.16509846,1.9215821,5.6879807,3.6798544,119900
0.69406855,-0.40210328,0.11036075,8.526993,3.7020025,118000
9.049254,0.6773638,2.3860865,5.815236,3.9501953,122000
0.31209514,-0.32128367,1.255073,5.227144,3.2596438,92900
0.3565499,-0.4214825,1.4582192,5.155868,3.2734318,97500
1.8688407,1.0409303,0.4823252,6.3826356,2.5849056,139000
0.70501506,-0.407601,0.82215685,5.104088,3.8446608,144500
1.0530874,-0.22781627,4.015064,6.240765,3.4122086,111530
0.5721605,-0.36105028,0.8046796,4.9035087,3.1355627,107164
9.048079,0.73157233,2.3665757,5.901481,3.4248838,102850
1.2682679,0.5901659,2.3202322,7.2101893,2.7504401,131890
0.51692015,-0.28035507,1.3244549,5.3989177,3.625899,136791
1.883604,0.6986296,1.9463449,7.1238165,2.7801864,301290
2.826688,0.351318,1.8319491,7.0817204,2.5378156,320650
2.6050491,0.36206216,1.7311404,7.2224603,3.1595607,639000
0.5154221,-0.41842872,0.88018286,4.9004035,3.087713,76700
0.012927101,-0.81363064,1.1513213,4.5371327,2.4039195,104000
0.34711137,-0.33147052,1.1796722,5.2242575,3.2636595,124000
0.6999048,-0.40281007,0.83656234,5.1198955,3.8371882,139000
0.50597847,0.2416502,4.4702096,6.0953407,3.038505,113222
1.150554,0.18318802,4.7010164,7.5197515,4.31864,137040
0.3131171,0.38878512,4.192858,5.6355424,2.8728757,89256
1.1008556,0.19174373,4.7146945,7.5573664,4.3734818,119833
10.014561,-0.5233808,1.9710515,5.880015,3.8589392,75000
1.5686594,0.6246493,1.4249024,7.2702894,3.5949976,277000
-0.18556672,0.08826165,0.44245768,8.180619,2.0835507,125000
0.631741,0.23893496,4.1937404,6.293534,3.0296566,135000
0.84513146,-0.030767847,1.1308343,5.612814,4.3115706,132800
-0.40232414,0.5348095,1.8211979,4.75007,3.4459426,91800
-0.3422732,0.96799046,1.2242429,4.25237,3.1068559,92500
9.389427,-0.36150435,2.2510478,6.9455843,3.9964874,165000
9.235545,-0.074582934,1.9528981,5.980036,4.2445464,167000
-0.117759965,0.21164353,1.2582515,8.18162,2.0407057,76000
9.221575,-0.091682225,1.8784348,5.6804075,4.122933,95000
-0.15809605,-0.118138425,1.1109425,7.718895,1.2813909,87000
-0.54530346,-0.18691564,0.6990411,7.9486012,2.1919632,73000
2.3959057,1.3034275,-0.06780969,5.694439,2.2368073,63000
2.2935934,1.0869685,-0.014571419,5.7461815,2.386064,107800
2.3373742,1.1497842,-0.009593433,5.7248,2.3629458,115500
2.373459,1.0631495,-0.14681919,5.8595734,2.2852492,91476
8.931491,0.21616405,1.0845336,6.3018556,2.9896786,80000
0.6631203,-0.20574863,0.80440825,7.6728077,2.9422512,180000
-0.24818927,0.14858025,0.6156679,8.619598,1.8905139,88000
-0.3997177,0.59019035,1.8346518,4.663147,3.5331583,140000
10.123673,-0.59766877,2.0348105,5.875738,3.9454556,55000
8.835889,0.51039886,1.8273025,7.2715335,3.5788956,187000
-0.06197806,-0.6472743,0.7067358,4.3208275,1.7433218,59800
-0.14877875,0.22719568,0.86432755,8.495088,1.9914649,119900
1.4933527,0.8401212,0.081201784,4.899049,2.6385295,134000
1.9225496,0.7351676,1.3097271,7.1012616,3.5060503,240000
-0.26895475,0.22419213,0.7891064,8.403287,1.7218105,75000
2.0265305,1.0763056,0.22886881,6.2383933,2.261468,138000
2.0884557,0.8243335,1.5667696,7.2190175,3.2434113,290400
0.15062651,0.13003084,1.1826085,7.7947903,1.2392509,59000
0.8377316,-0.04814005,0.8715083,5.3288407,4.548463,93900
2.368836,1.0467376,-0.15335463,5.8851647,2.2759404,58800
2.3700757,1.1742806,-0.10618429,5.7987795,2.2548409,58800
2.2999363,1.0917856,-0.013648578,5.7291617,2.3889382,107800
2.293555,1.1434214,-0.059886247,5.948988,2.2488587,76230
2.3837297,1.0068715,-0.18128307,5.8604164,2.3075402,63000
2.351731,1.12363,-0.10625894,5.8244658,2.2819817,75600
2.308091,1.0994643,-0.0010989778,5.740302,2.392742,107800
2.3539703,1.159627,-0.10121769,5.8174734,2.260571,58800
2.199482,1.0641888,0.11208646,5.8794217,2.4497874,115500
1.8815814,1.1300738,0.503961,6.3654,2.3030636,58800
10.696055,0.59609616,1.4073654,7.0158534,3.3704665,104000
0.9750096,0.3546288,2.4128022,7.1586604,2.5975525,133000
-0.23413289,0.0005191663,0.39625776,8.682861,1.8923424,110000
0.076512486,0.07493728,1.1360319,4.44952,3.1145883,91000
-0.03235145,-0.7061525,0.7661202,4.3562236,1.923258,58000
8.893985,0.26246557,1.0247864,6.293911,3.159561,235000
-0.09900489,-0.7455299,0.7945791,4.285363,1.8236017,60500
-0.056838583,-0.7097487,0.75146633,4.3203535,1.8678316,68500
0.72140336,-0.3931387,0.83892846,5.1414437,3.985991,105000
2.3738844,1.271578,-0.062472608,5.7127514,2.2463768,97900
1.218453,0.12991698,4.7476764,7.4705076,4.303866,112950
0.07899924,0.05589922,1.1687733,4.4881163,3.1257792,94000
1.7291846,0.4950756,1.3274884,6.9070697,3.1589372,223850
0.72031695,-0.39178973,0.84267604,5.143805,3.987244,124500
0.07237622,0.06336029,1.1455044,4.462142,3.1082273,87500
1.109127,-0.2877198,4.0050664,6.2706957,3.4512887,85124
0.080240265,0.05214703,1.1603231,4.473583,3.1225774,82000
9.181622,0.680455,1.9769877,5.82864,3.4781091,94000
0.7067375,-0.39625204,0.8594101,5.172513,3.949277,112500
10.612245,0.6315984,1.4922444,8.125987,3.6086938,349000
1.0972782,-0.28038448,4.012278,6.2634525,3.4441059,89256
-0.5532364,-0.15614879,0.68388754,7.941622,2.1907423,90000
-0.73785645,0.12580088,0.71100074,7.845115,1.9013659,107000
1.1015581,-0.28674835,4.0079427,6.2623377,3.446925,73554
10.209004,0.12786725,1.6449053,6.383491,2.8013532,160000
2.0250618,0.75987333,1.3845884,6.938829,2.8573415,209330
1.1047021,-0.2776972,4.008095,6.2774534,3.448381,119835
9.411642,-0.37183878,2.2729475,6.9571824,3.9859982,134900
-0.05966797,0.41612846,1.3305157,8.062823,2.011342,124000
0.7986894,0.040750865,3.9972508,6.143496,3.1891494,132000
-0.5366757,0.84644973,1.5084468,4.274065,3.3098097,99600
2.3682091,0.9766204,-0.15918627,5.883879,2.3265963,129000
0.53723127,0.2096969,4.46104,6.1064434,3.0591912,105149
1.1249179,0.20067586,4.683946,7.5287147,4.327006,134000
9.612258,0.1589842,1.5672818,7.6496325,3.4802263,124900
8.526715,0.64062214,1.1314858,6.4995556,3.5205045,184500
-0.22226033,0.18994784,0.8057539,8.356738,1.8218174,179000
10.642337,0.6383673,1.4612432,8.097558,3.620664,249500
1.1327928,-0.38723242,0.8300667,6.985178,2.7721593,260000
8.371743,0.5379629,1.501437,6.9554906,3.7261808,179500
10.260512,0.3313939,1.2475032,6.602503,2.9917696,114500
9.979195,0.46090153,1.2979027,6.6883197,3.5260825,129000
8.539881,0.6867215,1.0698807,6.3342333,3.4367175,112500
1.1432352,-0.37373364,0.8467389,6.975916,2.781627,175000
2.2773685,0.098362,2.6390324,7.595516,3.3696773,172917
-0.6116685,0.78360784,1.6752895,4.656426,2.824576,118800
0.7126064,-0.17454265,0.18314613,8.50286,3.5297103,109000
1.1124,0.19149311,4.702742,7.5459247,4.357506,145000
0.591346,-0.26553935,0.77040696,7.678127,2.7601175,89900
1.2718655,0.24399501,4.396299,7.5021396,4.036049,148760
1.8159549,1.2763906,1.1132245,6.725961,2.7176545,177000
-0.65398747,0.80790824,1.696209,4.633495,2.7918327,118750
1.3140131,0.9138111,1.6557273,6.93712,2.6134505,225000
0.9423425,-0.27019507,1.066266,8.446069,3.5951524,115000
-0.07013911,0.19271845,0.6887945,7.9594617,1.0817826,73900
0.93071723,-0.0057112654,0.9016028,5.4941993,4.466881,118500
2.0151772,0.9786048,0.7956738,6.47912,2.12732,135000
0.45893747,0.26673654,4.501452,6.0388227,3.0363932,89102
0.6470332,0.4811366,1.7529875,6.4065537,2.5889592,106000
2.388675,0.99411744,-0.18317662,5.873141,2.307979,75000
-0.45804062,0.6416751,1.8209608,4.598662,3.4911473,118200
-0.091439776,0.18994677,0.6440463,8.011399,1.1126994,88000
1.0591434,-0.09902192,0.9302025,5.551911,4.735831,243300
0.5408029,-0.3211816,1.2508734,5.427567,3.6097596,228800
0.28931972,-0.31905413,1.2154815,5.2200513,3.2250304,118800
0.2892314,-0.3245445,1.2103903,5.2213373,3.2192469,86900
0.70378333,-0.40905887,0.8206036,5.102882,3.8517244,112500
0.5208377,-0.41499192,0.87724686,4.9028306,3.0950322,92500
1.0509837,-0.23135585,4.0166807,6.2353525,3.4106207,108300
1.0519714,-0.23090206,4.0250726,6.2213445,3.4117038,76865
1.2414342,0.5875461,2.3470595,7.1950607,2.7031138,94380
0.5697413,-0.34445116,0.81455255,4.921329,3.124896,99800
9.309367,0.056446843,1.8237237,5.695943,4.144227,69900
-0.05842662,0.2956687,1.9838792,4.953257,3.8987002,84930
0.35681608,-0.4350095,1.4632876,5.1410775,3.2784698,81900
0.5801312,-0.33669636,1.1516786,5.430245,3.5905232,184900
0.36486843,-0.45466617,1.4628017,5.1337285,3.2825239,106200
1.1095624,0.34994623,3.2291744,7.1470027,3.05236,151000
-0.28144184,0.43915218,1.8048755,4.8690495,3.4975996,118000
1.8766817,1.2505409,1.3465592,6.8085146,2.7935255,159000
-0.16739719,-1.0177003,1.1413789,4.189368,1.903935,118000
0.69450307,-0.20491712,0.093700655,8.502998,3.5281043,127000
10.293548,0.40010932,1.7679827,5.7111254,3.092698,45800
9.069277,0.3154967,0.92681885,6.2031755,3.2508278,74800
-0.5441847,0.8476296,1.5144405,4.2656903,3.3221338,117700
-0.0709143,-0.084078856,0.6292663,8.377487,2.069619,139000
-0.21068476,0.09299599,0.72707397,7.708037,1.5432001,60000
10.581464,0.58524257,1.4064007,7.9481525,3.631729,199999
8.025828,1.1417238,1.5745207,6.772059,3.9479628,75000
0.7747505,-0.32823575,1.0005811,8.30538,3.5865376,99000
1.1001335,0.06901538,1.042464,7.9099464,3.5297117,247000
-0.6046488,0.7802597,1.6716195,4.6608005,2.8292134,117200
8.066987,0.50658834,1.6052862,7.2608595,3.8013897,1000000
-0.316792,0.9230539,1.2241006,4.277696,3.1313534,117000
9.839261,-0.021379594,1.6746213,6.2803936,2.947128,240000
-0.636312,0.79705274,1.6860946,4.642027,2.8043246,118562
8.943705,0.30293712,2.0047162,6.051275,3.424054,83000
-0.15914273,-1.0166742,1.1426264,4.1930575,1.9208708,116000
1.7374086,1.2586173,1.5242205,6.9916286,2.9987485,99000
-0.15817627,-1.0162367,1.1408935,4.1942525,1.9227873,116000
1.6338679,0.72347134,1.3691492,7.292262,3.5466356,328500
8.549039,0.49995485,1.910626,6.626692,3.2696428,248000
9.21294,0.19350053,1.7542129,5.805897,3.9645023,155000
-0.06716534,0.20909412,1.4550917,4.9571614,3.0945745,129000
8.869916,0.49767685,1.8456199,7.292727,3.5690463,190000
-0.5997515,0.76859015,1.6668241,4.675298,2.8277533,94050
-0.06432894,-0.70645726,0.73068535,4.2810025,1.8060821,60825
-0.3793543,0.9755565,1.2373396,4.2151685,3.1223037,115000
-0.6603432,0.81276006,1.6968353,4.6231666,2.799745,115900
2.0550406,1.1540451,1.5505805,6.916553,2.6432106,174000
0.8120748,-0.1303203,0.85149217,5.2588468,4.6277084,94080
-0.5687997,0.2626269,0.15525177,9.057474,1.452429,117500
2.3894427,0.9932536,-0.18669517,5.8748684,2.3060274,99000
0.7078624,-0.04651663,4.814751,6.064987,3.322851,113000
0.16137052,-0.46722272,1.377839,4.9284725,3.0389602,103000
0.26961496,-0.5743305,1.3948494,4.934324,3.1708746,78500
10.231462,0.19478166,1.4412142,6.4781046,2.8499017,108000
-0.47598138,0.64712334,1.8156915,4.5935116,3.4662435,115650
9.322732,0.24663143,1.8866482,5.891865,4.1179714,113000
-0.1930023,0.84702975,1.3092761,4.6041126,3.0339854,115571
0.8785246,0.40727603,1.6909283,6.580309,2.694643,129000
8.436205,0.55277115,1.7120376,6.3178596,3.1433315,170000
10.657368,0.69213545,1.5727122,8.130733,3.5524185,310000
-0.2220552,0.2009058,0.967952,8.031788,2.12232,232000
-0.4315663,0.6250834,1.8067541,4.6256843,3.4821477,115500
9.745929,-0.5255078,2.3134398,6.5447836,4.428356,99500
1.0562345,0.042142414,0.9821355,7.998889,3.6791723,244000
1.4396912,1.1388713,1.5135115,6.9335804,2.8198574,223500
-0.67139715,0.82445145,1.7130947,4.611207,2.7876318,115400
0.7732221,-0.188841,0.67471457,7.7926273,3.7506974,180000
1.921392,0.94544023,0.5754963,6.4580355,1.808102,139000
10.16179,0.06888638,1.7994016,5.8554673,3.458415,180000
-0.46568426,0.6517096,1.8159589,4.5890036,3.4877276,115300
1.8275744,1.1569145,0.86403245,6.6243615,2.3458292,176900
0.37947893,0.33195487,4.4482794,5.937704,2.969007,92700
0.38034904,0.33032316,4.45519,5.9419527,2.9737854,95700
1.9350785,1.0641073,0.35673213,6.3549867,1.8288263,52500
1.1109097,0.19704585,4.6973677,7.5461707,4.353735,119400
-0.61161506,0.7867722,1.6709561,4.6495442,2.8306367,124000
8.5854645,0.4927514,1.7925516,6.2557273,3.0950558,189000
-0.5983791,0.12497831,0.64242524,7.5575023,1.8905759,75000
0.9723815,-0.092906356,1.0994636,5.7501493,4.294885,115000
-0.27881733,0.2204299,0.76124126,8.415279,1.7083333,74989
8.68559,0.29369283,0.87557,6.2671638,3.372433,63000
2.2892637,0.08505934,2.5877442,7.552775,3.3707485,192268
1.1300727,0.18908429,4.6977854,7.532483,4.3402033,140000
1.4971217,0.2129445,2.8535063,7.293793,3.0370746,173548
1.1373597,0.20083152,4.66066,7.5339146,4.312646,149000
1.0890831,0.007126815,0.99337775,7.9214773,3.5686638,247000
9.300789,0.22084837,1.9799131,7.3400254,3.542003,340000
0.83495736,-0.04949944,1.1174636,5.569457,4.352035,120500
1.4417278,0.1865074,4.5059013,7.397675,3.9494581,145455
-0.2315311,0.007210589,0.20938084,8.7366705,1.7492795,86000
1.4895327,0.116822846,4.7931046,7.3951383,4.060589,128926
1.4932226,0.11550184,4.7852535,7.3882504,4.049127,122314
0.7895473,-0.06942274,4.87144,6.1463556,3.403658,103719
0.73588914,-0.10560649,4.8896,6.0521197,3.372603,102479
0.73068625,-0.116525635,4.896803,6.0363774,3.3739002,100825
1.4672195,0.05626328,5.003661,7.4152336,4.21587,114694
10.098787,0.29316893,1.8015797,5.907495,2.840863,80000
0.716565,-0.17781529,4.927982,5.9738398,3.3880916,95455
0.71711254,-0.18701269,4.934068,5.9657307,3.3927796,93388
0.7008182,-0.16737166,4.945292,5.9726634,3.374742,92975
9.532402,0.19794811,1.3869039,7.774418,3.6164403,124900
0.74976987,-0.07554311,4.8516645,6.0818615,3.366971,90909
-0.6409939,0.79941523,1.6906408,4.6430407,2.8033268,114750
-0.18680196,0.81991136,0.9856635,4.086669,3.1313326,91000
0.7320905,-0.17531648,4.8636475,5.975183,3.3933053,80990
0.767821,-0.19927856,4.825161,5.9702997,3.425145,76860
0.7673747,-0.19804695,4.826026,5.971871,3.4248738,76445
9.393761,-0.26173282,1.9074959,5.8990645,3.9822268,104900
-0.43127075,0.6285023,1.8026822,4.620877,3.4841049,123000
-0.6241055,0.78918,1.6794537,4.652627,2.8075082,114900
9.682081,-0.5035188,2.2869253,6.4693465,4.4244585,125000
0.5858723,0.50186044,1.6734235,6.247357,2.5936556,114660
-0.4574955,1.046314,1.1616136,4.0228424,3.125562,93500
0.2783115,0.50510156,4.077512,6.179122,3.0646446,67700
0.5925156,-0.37221673,0.7741773,4.8895426,3.1257899,98700
-0.0018079489,-0.84185183,1.1265923,4.487347,2.3352509,74000
0.63455623,-0.32475826,0.7429519,4.8957753,3.1202292,88500
-0.4662882,0.644967,1.8148196,4.598814,3.4808545,90800
-0.6396515,0.80305713,1.695244,4.6408563,2.7910125,114200
0.29400104,-0.34269968,0.39908764,7.7957196,3.448767,93000
2.0140152,0.9769515,0.053125925,5.607025,2.4539087,136900
1.508118,0.835832,0.0736347,4.904729,2.635138,122900
-0.2107444,0.83700013,1.0078284,4.089747,3.1364446,92000
0.88375753,-0.07981667,1.0526087,5.5562096,4.4663515,130000
-0.18748997,0.38970426,1.111456,8.134676,1.8556854,71999
0.7303655,-0.16481344,4.8108315,5.9735975,3.401909,67608
9.295583,0.21588995,1.958789,7.3640323,3.564882,340000
0.5649107,0.4000122,3.4566205,6.028275,2.9896123,117000
-0.00070716644,0.3034738,1.3325146,8.1852045,1.8483977,116000
0.6368108,-0.06854699,0.74449193,8.410675,3.309267,125000
10.615676,0.6207527,1.4500287,8.056154,3.6229498,290000
1.9606732,1.2212108,1.5046211,6.8968577,2.6916392,206000
0.79601026,-0.23180479,4.8325,5.960566,3.4623966,72632
8.323863,0.5740263,1.6944847,6.5470853,3.4027424,263000
-0.47753292,0.6439985,1.8220273,4.596285,3.4702137,113500
8.7726755,0.7526686,1.188128,6.342009,3.415232,139000
0.92356986,0.34818134,3.4736283,6.911704,2.9688625,95000
1.1289763,0.19529153,4.667459,7.52284,4.318837,179000
0.23571174,0.50778425,4.112519,6.1261897,3.0787995,88700
1.1631291,0.21915172,4.552176,7.48663,4.1809154,179900
-0.17458685,0.33757117,1.1657724,8.143509,1.9401242,105000
0.8014165,-0.010115655,4.1408806,6.1355634,3.230427,119900
1.4708866,0.055935446,5.0100374,7.415411,4.2151055,120379
1.401076,0.21200253,4.5233665,7.409221,3.9512157,184691
1.4723102,0.05878549,4.995165,7.4137335,4.2048497,118334
1.72645,1.2135316,1.0607026,6.692939,2.6905367,168000
8.541131,0.62364614,1.2872512,6.290637,3.3609803,157000
1.2570676,0.14345129,4.7785354,7.4808893,4.2691865,252066
0.7815177,-0.1173299,4.9203615,6.0673785,3.411442,93612
1.9602832,1.0491182,0.6384838,6.381052,2.1904972,189000
-0.2661732,0.06206891,0.27266094,8.732732,1.7376987,150000
9.291512,0.02383229,2.1328576,7.3620586,3.4280193,99999
0.7951282,-0.1332329,4.915747,6.0696526,3.424116,90770
0.8629268,0.01244074,1.0222647,8.2688875,3.7337742,119000
1.2257203,0.14593643,4.7016063,7.467581,4.2625394,199500
9.102692,0.17866309,2.0300252,7.332063,3.5805013,262000
0.7186396,-0.19486713,4.935139,5.959118,3.396431,90074
8.538848,0.48444363,1.6338668,6.9405866,3.761527,330000
0.7883407,-0.13653903,4.906973,6.0510526,3.4217556,89100
0.8039089,0.011817804,4.037692,6.1428823,3.2029855,86900
8.350608,0.6801526,1.3512913,6.853384,3.7349524,299000
-0.42197767,0.64329463,1.7859643,4.6083016,3.4690359,125900
-0.56904405,0.75251126,1.6625937,4.6924067,2.8439333,113150
0.80697346,-0.21241187,4.8381634,5.985912,3.4606147,82616
1.1170176,0.18905157,4.7144337,7.542706,4.357444,230000
0.78923523,-0.10483917,0.96532106,5.342494,4.6141505,94800
1.289169,0.24894403,4.361519,7.5241027,4.023566,175207
1.0841304,0.17359066,4.7206125,7.571486,4.38623,133884
1.0888689,0.22272845,4.643804,7.569825,4.364059,133058
0.33698002,0.37336186,4.166177,5.6459646,2.8919923,98347
0.30912918,0.396673,4.196027,5.6376677,2.865153,97520
1.2671808,0.13438594,4.808115,7.4790416,4.274401,235000
0.8075962,-0.26359177,1.0177625,8.457413,3.554011,134000
0.86807764,-0.29411754,1.0401772,8.350147,3.5560155,114800
-0.4082215,0.6357833,1.7601594,4.638283,3.426973,122000
-0.2926249,0.44815013,1.8051162,4.8543224,3.5046668,125000
0.3021846,0.39856973,4.203523,5.622124,2.8598962,95040
0.315161,0.39617348,4.185409,5.6489625,2.868979,91736
8.901307,0.33998546,0.9719909,6.2738996,3.2756505,87000
2.4697769,0.5823983,1.537826,7.3480706,3.9085426,374800
0.30290112,0.39964065,4.204128,5.626241,2.8590593,91736
0.3138701,0.39770973,4.189945,5.6487994,2.8659027,90909
-0.6584118,0.80842423,1.6990786,4.632242,2.7943654,122750
0.31878355,0.39407057,4.187849,5.658819,2.8721888,89255
0.30031258,0.400257,4.2055407,5.621021,2.8581507,86776
8.178401,0.44338545,1.8866129,6.696006,3.2511888,289000
4.6242976,2.2447631,1.4792981,6.93639,4.3816705,234500
0.31199586,0.3980396,4.2179337,5.6563673,2.860727,83471
-0.5502313,0.82855314,1.5948856,4.3996325,3.2332342,91500
1.1607891,-0.40689218,0.8292724,6.957911,2.7660093,112000
10.609653,0.388932,1.3080211,6.7240906,3.032439,185000
0.65219843,0.031033913,4.708947,6.0699797,3.2420416,100826
0.33926314,0.3837689,4.206806,5.705953,2.8786616,78512
1.5288757,0.8480469,0.069554165,4.930873,2.6149275,120900
10.366614,0.39194113,1.611571,6.606099,3.0495124,90000
10.749983,0.6638243,1.3603861,6.800319,3.290282,67000
10.777107,0.66083586,1.3629993,6.7040706,3.1966243,59900
0.58056587,0.500609,1.6497792,6.2274885,2.5976834,112700
-0.58083767,0.76316994,1.6629384,4.6819267,2.8398993,129300
0.85576963,-0.0899552,1.0602344,5.5227423,4.486757,120500
1.9761742,0.93492866,0.7596834,6.455351,2.082311,180000
-0.46928507,0.6724725,1.8033738,4.5778255,3.4801402,130000
0.69717443,-0.10241707,0.47721565,8.535953,3.5232139,235000
0.57672316,0.5046909,1.6661202,6.2360544,2.5937214,112577
0.5829393,-0.37033865,0.7759331,4.8701434,3.1132512,98700
0.9789613,-0.17339206,4.100445,6.1825695,3.3722644,103400
0.21188311,-0.49241614,1.3893605,4.968249,3.097906,89000
1.1494122,0.29691708,4.3278656,7.3820057,3.862778,163000
10.232549,0.3430382,1.2436616,6.5866814,3.0007849,169200
10.070343,0.17424862,1.8751132,6.354024,2.8676012,65000
1.5208492,0.79755944,0.07134463,4.924909,2.6708493,124900
-0.29740217,0.11176119,0.90783495,8.062239,2.149841,248999
0.7146771,-0.40271175,0.16923809,8.511772,3.7037547,170000
2.363713,0.85161674,1.3862289,7.2320657,3.7211688,478000
-0.44005778,0.67913127,1.6039997,4.7744555,2.898196,124500
0.87064064,-0.08029622,0.82214034,5.306264,4.617218,112500
9.30057,0.14251003,1.836999,5.673421,3.8786175,135000
-0.09806588,0.076358676,1.1948212,8.215364,2.0978978,95000
0.06101748,0.14720936,1.1076899,4.4176493,3.1100965,93000
1.5020571,0.8567278,0.074661456,4.91609,2.5980825,100000
1.0811284,-0.15009466,1.1018245,5.7903776,4.482406,119900
0.6057454,-0.13442165,0.6401052,7.7762337,3.7792225,165000
0.4942331,0.2434387,4.4652867,6.053218,3.0216556,88466
8.481088,0.44665006,1.9423587,6.3478174,3.0110216,72000
-0.43261716,0.67303985,1.6151966,4.8076696,2.8826318,112450
1.2960626,0.24672654,4.357606,7.536302,4.0303187,278000
9.250781,-0.23010546,1.8834776,5.697649,4.1702476,91000
1.2191256,0.12844373,4.74652,7.4707026,4.3051047,116900
1.734405,0.71072435,1.2131989,7.31747,3.559902,317000
0.77400684,0.04020219,4.070673,6.1553707,3.1885881,120080
1.5134264,0.8345301,0.08042922,4.909523,2.628198,119900
0.9231663,0.053774167,0.76547295,7.9054475,3.9452589,140000
10.419652,-0.031898476,1.7470872,5.9472203,3.467331,90000
1.0348886,0.35989326,3.31075,7.064065,2.991259,126500
-0.35993066,-0.10788107,0.72728467,8.120584,2.1704986,97000
0.5895644,0.5043077,1.6714511,6.2507877,2.5923944,111772
-0.54506856,-0.17685647,0.6375084,7.882554,2.2151918,90000
-0.566893,0.1263918,0.6620464,7.5720816,1.8926288,74500
0.5001977,0.2630976,4.4811325,6.1552176,3.04956,105500
9.28752,0.2559546,1.9365643,5.6645727,3.9498503,80000
8.756267,0.75239843,1.5061473,6.3395967,3.5033026,95000
2.31488,0.111929365,2.4797401,7.5293593,3.3953433,164793
-0.4229655,0.6298582,1.7956035,4.63384,3.4594545,119000
1.6942217,1.1347212,0.64822423,6.4679527,2.0071712,76000
9.66275,-0.6936964,2.494958,6.883653,4.4038315,115000
1.4719926,0.05224747,5.0290995,7.41263,4.2183223,173553
9.2293415,-0.1154522,1.943253,5.864335,4.1015315,125000
0.8071429,-0.080747664,0.881364,5.2931437,4.58897,129000
-0.61774683,0.7856465,1.6793865,4.658695,2.8137949,109250
0.57308036,0.42401478,3.432627,6.0511765,2.9814231,102000
8.495484,0.6596418,1.2441611,6.3110623,3.3679216,189800
1.098201,0.35376498,3.2596655,7.141103,3.0424469,159000
0.43655327,-0.051619846,0.004494175,8.338457,3.474389,124800
0.9093069,0.34377995,3.4220486,6.894466,2.9288871,103600
10.45126,0.28319857,1.4004102,6.5243545,3.028859,39000
-0.41195062,0.5819313,1.7566067,4.7219753,3.3376336,110900
8.966262,0.6065517,1.6498007,6.034222,3.418312,80000
-0.0038589947,0.07876996,1.4958549,4.9057927,3.2081995,94990
0.8954943,0.3772049,3.4386575,6.915896,2.9199996,79000
1.9707946,0.6943605,1.6307784,7.086541,3.1288636,150000
2.034171,0.947152,1.2357229,7.1493435,3.4870565,247500
0.5648174,0.19924153,4.3912725,6.1168013,3.0578883,95000
0.46388727,0.26606995,4.514715,6.0610733,3.0392375,122500
-0.35167852,0.8800222,1.1904141,4.158268,3.2343426,109000
9.333142,0.074168965,2.193309,7.297324,3.3155215,139900
8.445561,0.5964933,1.6391988,6.3060236,3.2697015,159700
8.594468,0.19876343,1.8869191,6.979527,3.518241,550000
8.363193,0.4560057,1.649772,6.930909,3.618292,550000
4.360428,2.13914,1.5331438,7.034678,4.283809,398000
0.45387092,0.27418363,4.4997444,6.0435777,3.0259268,131500
-0.29800373,0.452407,1.8078225,4.848835,3.5037534,111000
0.46370643,0.27019453,4.5039864,6.055559,3.0208607,84180
8.625569,0.7686905,1.0906959,6.285703,3.5194798,136300
1.2468013,0.24104416,4.433192,7.505626,4.072578,184000
8.354172,0.6727866,1.3085661,6.818422,3.7318053,414990
10.033262,-0.50410235,1.941941,5.831195,3.8516185,29000
0.6274269,0.07694686,4.569874,6.081522,3.179068,103719
2.0328958,0.82688,0.7746549,6.4519396,2.0145004,199000
0.47601005,0.25680348,4.501018,6.064501,3.0335712,102900
9.737453,-0.37935358,2.4103143,6.7877545,4.3561826,105000
0.797986,0.012797103,4.0531616,6.1375165,3.2035148,112900
9.899589,-0.32219884,1.992464,6.0900064,3.2894716,83500
1.2226233,0.12871364,4.7463717,7.4678245,4.3003535,138000
1.0895728,0.18205464,4.734367,7.571001,4.386198,138600
10.3438015,0.06825398,1.6957182,6.2346444,3.660332,74500
0.6937579,-0.03438329,1.2439803,5.542601,4.023927,178900
0.38392296,0.3252219,4.435831,5.9153132,2.9529333,106200
1.0778883,-0.20008118,1.1059953,5.7474966,4.63073,300000
1.1153778,0.19091386,4.7048326,7.5431,4.3559847,149000
0.24506876,0.4972498,4.1223807,6.114768,3.0762653,76000
9.175836,0.012039808,1.6471694,5.816681,3.990043,78000
-0.45726654,1.0384426,1.1976138,4.062643,3.1250694,86650
1.111317,0.19119504,4.7099934,7.5472937,4.3614035,114500
0.33043244,-0.3408669,0.18096235,7.9678397,3.5018592,139000
10.64875,0.6687945,1.5494007,8.182026,3.570957,305000
-0.466224,1.0766968,1.1763648,4.0336094,3.089658,82500
0.79605716,0.020836143,1.2099009,5.640329,4.1846004,158000
0.81476974,-0.060803138,1.0456531,5.4811244,4.3927703,156000
0.1434706,0.06326974,1.253401,7.868571,1.3534594,61000
1.9868991,1.0350059,0.4345735,6.251601,2.1526031,125000
2.4948103,0.8920367,1.595689,7.216884,3.0793762,197000
1.4829712,1.1635934,1.4054761,6.783186,2.8285894,155229
9.756529,-0.46215996,2.3711326,6.629611,4.4330044,107000
10.436142,-0.037317663,1.7573843,5.8999963,3.4127314,97000
1.0770736,-0.19444515,1.0916903,5.7254624,4.643546,350000
8.645905,0.27368838,1.0746446,6.521824,3.4989982,115500
-0.062197443,0.35041988,1.1356862,4.3445063,3.1633003,83000
1.8272853,0.5987398,1.6074278,7.047793,3.1163397,110000
1.9512926,1.0098332,0.36008677,6.4192266,2.519862,92400
0.4905949,0.52274144,4.240406,6.7540975,3.012566,95900
0.8227599,-0.08076244,0.8839151,5.299564,4.576008,144000
1.9409868,0.57119197,1.5524809,7.3684115,3.712285,357000
1.0522808,0.14928262,0.86492246,7.9144244,3.6741424,245000
9.210698,-0.078936115,1.887838,5.672222,4.1139584,110000
9.208072,-0.1103247,1.9729139,5.951487,4.220179,118000
2.8279958,0.052633088,1.848981,7.248382,2.5911002,195000
10.06067,0.26485968,1.9116538,6.330908,3.0620718,124500
9.239527,0.21437265,2.0794227,7.2166953,3.340611,119999
1.9545218,1.0935065,0.3148432,6.3218203,1.8560766,52500
-0.5052654,0.850481,1.4667908,4.2638874,3.298649,97500
10.291531,0.2034995,1.6473382,6.4420304,2.889426,109999
7.953353,0.39777452,1.9585197,6.538458,2.9733243,187801
1.4542238,0.4174857,1.7039143,7.6182747,3.5612063,265000
0.58222026,-0.14264937,0.63535964,7.7637105,3.7744112,135000
9.830016,0.19257525,2.4274662,7.1168995,3.9488266,131999
-0.26638472,-0.21139404,0.6837894,7.930762,2.302652,110000
0.011677511,0.17416795,1.1350323,8.224302,2.0827825,116001
2.078991,0.7013094,0.7950184,6.5137744,2.2124467,256000
-0.67900246,-0.012071543,0.58482915,7.733461,2.0392368,72000
0.61777055,-0.028233528,0.66306585,8.3896,3.2992575,150000
0.4766829,0.53013635,4.110512,6.6672573,2.9867706,65000
0.22809774,-0.2776569,0.27540815,7.8474865,3.4538727,145000
9.35699,0.34337223,1.5578114,5.5441647,3.6880379,103000
-0.31268507,0.17804608,0.92740077,8.043888,2.1013784,239000
0.25524238,-0.37525532,1.378396,5.1254525,3.1588264,109000
0.25311652,-0.5908348,1.4000767,4.8687644,3.1847184,106000
0.98186094,-0.1841081,4.0946198,6.181104,3.3846917,100800
1.5449135,1.118196,1.4371994,6.8755813,2.8951025,380000
8.486625,0.6214448,1.4887768,6.311596,3.3144312,170000
10.606471,0.4587253,1.3312199,6.774487,3.0818138,185000
1.0342474,0.13016814,0.89063895,7.934088,3.7112072,345000
0.6534858,-0.051872574,1.2183964,5.450704,4.035583,115000
0.29971784,-0.3474662,0.38397083,7.7947674,3.4753752,93000
0.0049227565,-0.86259913,1.1042678,4.4674377,2.3174636,67000
0.0071456837,-0.86158884,1.1090096,4.47482,2.330819,65000
0.12894638,0.20205833,1.0610938,7.7978573,1.1882546,84000
2.075409,1.3326906,1.2406735,6.8730555,2.8938155,184990
2.1057374,0.9612539,1.2931689,7.1367903,3.5210936,410000
0.458127,0.5383878,4.0866933,6.635241,2.9840572,64800
-0.21079181,0.13482761,0.704037,8.462667,1.8212596,178000
0.70652914,-0.047494274,0.64913696,8.586166,3.3494303,200000
1.057674,0.014281629,1.0367823,7.928459,3.5407922,247000
1.0671003,-0.1916695,4.06556,6.3645034,3.4538848,116900
1.2035183,0.28126478,4.332234,7.4274635,3.9273772,150945
0.70249575,-0.049744435,0.64834785,8.593413,3.3502283,200000
9.393346,-0.39681923,2.2686973,6.946215,4.012519,132000
1.9995844,1.4134189,1.3438334,6.8399124,2.878064,170000
0.8223925,-0.17452936,4.5962706,6.0366125,3.3956366,89000
1.296208,0.11046097,4.725116,7.4094863,4.2302165,305000
7.965743,0.39416865,1.9588547,6.539455,2.9779446,165483
0.48650667,0.5246303,4.2143984,6.740333,3.0054502,84180
0.4945638,0.5188371,4.2382536,6.740551,3.0100389,131500
0.8049407,-0.25479415,0.9875236,8.336528,3.55532,99999
1.9218354,1.0160191,0.46603137,6.4048233,1.8169616,69900
10.400647,-0.012085233,1.7439309,5.9413514,3.4176226,134000
-0.47518715,0.82872224,1.4958549,4.369894,3.2355978,86500
1.0596495,0.072825074,0.96040976,7.9556456,3.7167463,260000
-0.1322921,0.7424464,1.3835542,4.7981515,3.0071602,86500
10.398148,0.3536437,0.96732765,6.7654815,3.1730812,125000
0.47603813,0.5252317,4.2471213,6.7481456,3.0098882,105500
10.606757,0.338816,1.0575157,6.630173,2.9070156,119999
9.758948,-0.5100902,2.3372188,6.570469,4.4372053,105900
-0.19689645,0.051552147,0.7015049,8.42936,1.9963361,130000
9.61747,-0.29060704,2.1520693,6.5425096,4.3546534,119999
10.163892,0.5376549,1.8089762,6.0998955,3.080813,75000
1.9700884,1.2060044,1.3960139,6.816899,2.6129594,157000
9.342904,0.19768965,1.8402485,5.5724955,3.8878553,64999
0.20730814,0.20704964,1.1700325,7.74298,1.2178253,62000
2.1126957,0.73915267,1.0906392,6.717236,2.4755216,152000
-0.5008275,0.7055188,1.6357268,4.7410297,2.8783064,85900
0.55625194,-0.3014962,1.3004543,5.421009,3.6114051,139900
0.35693946,-0.42455047,1.4597421,5.15474,3.2734725,84500
0.3634695,-0.46146536,1.4663589,5.127247,3.2788792,98700
-0.4111705,0.99079573,1.2476181,4.1820116,3.1283805,89747
0.89378214,-0.06121687,1.0735002,8.135507,3.627656,170000
10.303323,0.026585303,1.7459269,6.2251844,3.1472454,148000
0.21501371,0.21974128,1.168666,7.756799,1.2146702,65000
9.994979,0.2846111,1.7418752,6.1513295,2.94625,62500
1.1049848,-0.37317857,0.84081316,7.015631,2.7641973,145000
-0.24530663,0.07215602,1.0443416,8.162833,2.0682871,120000
0.6841821,-0.014151531,0.67423475,8.654959,3.2396495,340000
9.979611,0.15154812,1.2778462,6.178504,2.5990121,83000
10.584872,0.31705025,0.957815,6.5986624,2.845083,122000
8.7459345,0.5948716,1.0196482,6.3930826,3.574795,155000
8.710746,0.56203306,1.0710137,6.5435867,3.6346016,255000
8.519707,0.6046698,1.1813537,6.633522,3.6088731,159900
2.037321,0.8989677,0.88650113,6.51754,2.0838594,120000
4.7592435,3.6204467,1.440861,7.018256,5.1985025,225000
9.3667,-0.23496103,1.8650486,5.691919,4.01607,175000
9.876361,0.15242597,1.9864211,6.336319,2.8429196,114990
9.991974,0.24643482,1.7191556,6.1576295,2.9037158,84000
8.903924,0.4080013,0.95117027,6.3088593,3.3792028,168000
9.314718,0.20645395,1.9732966,7.3598228,3.541797,340000
0.8299307,-0.18366323,1.0155014,8.282614,3.6675115,115000
9.875393,0.33898562,1.9123267,6.675608,3.5948236,120000
1.9664211,0.39300925,1.5906098,7.110795,3.8380675,305000
10.18743,-0.49186003,1.9443488,5.9344983,3.9513,71900
0.09751414,0.22252089,1.05121,7.674198,1.1599623,100000
2.063094,0.4283209,1.6118784,7.1799045,3.8507154,345000
0.65982455,-0.10187459,0.67883325,7.8161936,3.8061044,165000
1.2362491,0.95998484,1.2957609,6.783843,2.56881,115000
0.1658262,-0.47231427,1.3765621,4.933028,3.0410316,88000
0.10463578,-0.037088014,1.3485957,4.7253385,3.2088304,109000
0.63414794,-0.15556037,0.18169889,8.65632,3.5625424,149500
-0.44298086,0.20365362,0.28894275,8.855779,1.5899407,135000
8.03676,0.49479946,1.6196349,7.2584524,3.7784338,699000
1.1206338,0.19452389,4.7004337,7.536986,4.3418903,115702
-0.40291944,-0.008629246,0.9167704,8.113442,2.0851505,100000
8.378989,0.6859167,1.3032179,6.7816286,3.709385,235000
8.079561,0.45598432,1.9456375,6.630489,3.179507,345000
10.320658,0.60035723,1.7855968,5.717308,3.2431307,87999
-0.056460466,0.29181263,1.993775,4.95466,3.906951,84930
10.145175,0.18440259,1.5792779,6.413025,2.886631,178000
9.193984,0.024486976,1.8694565,5.679815,3.960292,105000
8.678536,0.45227984,1.9554482,6.8752613,3.688551,399000
9.958263,0.31436285,1.7789533,6.326848,3.108952,72000
8.35995,0.42990533,1.7369413,6.7772655,3.3748822,330000
-0.47361842,0.6876883,1.6286919,4.7616873,2.8891826,84900
-0.41983032,0.6344385,1.7667618,4.579463,3.466861,139989
8.778803,0.7316899,1.4251746,6.1846046,3.5432625,229000
4.761339,3.6236703,1.4387721,7.0159473,5.201634,145000
-0.34929052,-0.11765129,0.07114447,8.760043,1.3323134,89000
8.818124,0.50785875,1.0067782,6.4707675,3.5744886,130000
0.7423139,-0.40908948,0.1280761,8.391556,3.6694343,167000
9.361231,-0.06536703,1.8022171,5.5278125,4.0199165,38900
8.772513,0.84678894,1.0053699,6.1116776,3.4504547,104900
8.553522,0.77348644,1.0606067,6.309379,3.507703,180000
10.404161,-0.022816692,1.7630113,5.893579,3.4200413,85000
10.265925,0.12268795,1.6368731,6.4065924,2.895778,105000
9.927226,-0.46851853,1.9633857,5.8922596,3.901071,64500
-0.5143306,0.8533888,1.4707301,4.2542377,3.3057396,84500
7.9713907,0.3581419,1.9224471,6.707822,3.0959048,370000
9.781147,0.14661416,2.4166229,7.095226,3.9583964,93990
0.28217384,-0.36066958,0.38273677,7.7934356,3.466628,115000
-0.5516804,0.8165571,1.6100245,4.406618,3.2496252,84000
1.0613561,0.05350292,1.1831381,8.077424,3.5221717,225888
10.213515,0.40555456,1.1268603,6.6608977,3.257943,155000
-0.4383149,0.6648358,1.6115327,4.787786,2.893932,94900
-0.44315326,0.66349924,1.6167774,4.783695,2.9011898,93900
-0.5433427,0.8499552,1.5050231,4.255787,3.3218462,90800
0.84632504,0.28980887,3.5307722,6.6994414,2.979333,140000
0.21681952,-0.2754725,0.28455678,7.83503,3.4426947,137999
1.4206867,1.0862525,1.5559036,6.9646826,2.7237744,57000
0.8352687,-0.07887341,1.0326376,8.272394,3.7035277,137500
1.8875408,0.95348364,0.5954027,6.4654756,1.8254627,133640
1.4207956,0.44638714,1.2540034,7.7119217,3.4178405,309000
0.17928779,0.21380414,1.1530498,7.7554865,1.2005104,59899
0.49671298,0.24100779,4.4711547,6.061432,3.0233104,68965
0.48029107,0.25726953,4.4565425,6.05127,3.0100868,66625
0.57263845,-0.018848272,0.69800025,8.563769,3.0655823,245000
-0.11975038,0.21969156,0.84683585,8.550985,1.9735279,145000
9.037682,0.7136147,2.3973777,5.786035,3.8991406,73900
8.3028555,0.54868484,1.6189969,7.0745506,3.7652628,379999
0.66838163,-0.07615453,1.2345889,5.506081,4.0025206,121605
-0.38422734,0.5789034,1.828718,4.6766477,3.5344868,76500
0.3338559,-0.483937,1.4356514,5.0879574,3.222149,57500
0.16200632,0.053961214,1.441472,5.062876,3.2871163,78529
0.4428152,-0.16185316,0.90294135,7.775185,2.4852223,115000
0.49807906,0.23164682,4.5076046,6.0677357,3.057425,84500
1.0777463,0.21859027,0.7744616,7.8363132,3.5959253,245000
9.349876,0.17590468,2.2547433,7.1797943,3.4376938,154000
9.097607,0.629491,1.5822864,6.0904737,3.6936398,178500
9.904418,0.22195512,2.3296094,7.082459,3.9396152,220000
-0.25512654,0.20691007,0.70110077,8.585561,1.9079432,91000
2.0053694,1.0705498,1.503978,6.9593053,2.6997597,215000
10.323771,0.40583163,1.7678666,5.6789837,3.1065166,45800
1.5327461,0.5396708,1.2671349,7.5787554,3.4153433,339000
1.9747115,0.71447563,1.1934426,7.1769776,3.282503,340000
1.4773024,1.1341252,1.4551567,6.8967433,2.7327902,160000
0.6522302,-0.20405513,0.8422029,7.714719,2.929469,198900
0.6622801,-0.1983823,0.8605082,7.731026,2.9106677,199000
1.2855145,0.17803442,1.4987155,7.6620336,3.036721,299000
1.4209255,0.95962626,1.6274608,7.136414,2.8883805,161300
1.5231245,0.6815774,1.4410565,7.277622,3.5412621,217000
1.6092274,0.57562196,1.1262312,7.378538,3.370699,310000
0.8264662,-0.06115367,0.9749955,8.523611,3.6479948,157000
-0.56981784,-0.15822227,0.67757195,7.9258013,2.1846635,76900
-0.1709273,0.12658079,0.7250556,8.521753,2.0769217,165000
1.2084545,0.14202237,4.7123666,7.4766283,4.295593,120000
1.2502422,0.106142215,4.7811317,7.4471955,4.2976317,110500
0.93700373,-0.012068412,1.0599871,8.126974,3.7010372,199000
0.94892234,0.36181027,3.5465586,7.0017247,3.033558,63000
0.5219768,0.51468533,4.2425766,6.789671,3.0383103,76000
1.3908064,1.0735128,1.5748326,6.990721,2.8462834,165200
1.138043,0.29899082,4.3242865,7.401014,3.8895056,112950
-0.06384803,0.11881309,0.72601753,8.395038,1.4112728,67000
0.83106947,-0.021197693,0.97235763,8.512065,3.6674514,160000
2.393412,0.54639137,1.5205102,7.3622704,3.9168887,720000
10.267309,0.5041302,1.7759875,5.693449,3.2236078,36399
9.909953,0.21689919,2.0143914,6.3508987,2.8356025,124000
10.297284,0.55370146,1.784103,5.7131114,3.2331467,88000
8.483216,0.6479848,1.5140798,6.856753,3.7619507,315000
0.72757745,-0.3772253,0.84083134,5.144974,4.0081463,166999
-0.53025603,0.853112,1.4892824,4.2586966,3.3120346,95500
-0.42015737,0.97718626,1.2563329,4.17394,3.1470778,71470
0.7956184,0.045498498,3.9737246,6.154855,3.1832688,84900
0.17266978,0.20920873,1.1766711,7.793201,1.2551824,62500
8.6939125,0.28328478,0.88184106,6.278241,3.378616,81000
0.5473461,0.20789719,4.423419,6.1091795,3.0514429,73554
7.939764,0.21849085,1.8588555,6.899237,3.1147873,239700
-0.48499772,0.70246404,1.6282706,4.745785,2.8862586,93000
0.58490497,0.1777697,4.3939466,6.128567,3.0755634,85124
0.5378508,-0.32767314,1.2387455,5.424903,3.6111524,185900
-0.45247805,1.0451326,1.2009009,4.0714664,3.1109555,93847
0.43025672,-0.40211922,1.4123797,5.2319064,3.412995,120000
9.561355,0.48030895,1.2301096,6.885056,3.6170232,125500
9.682524,-0.6245785,2.4085507,6.7286654,4.3853,80000
0.1573927,0.14985758,1.1617311,7.7785234,1.2019985,79000
9.165108,0.40001658,1.0329468,6.1368046,3.4061902,64000
0.608205,-0.26330942,0.75785327,7.686168,2.814176,119000
1.1131481,-0.13957636,1.0491346,8.412355,3.7184448,164000
8.536789,0.48335972,1.6193919,6.9549055,3.770434,187000
-0.09970589,-0.96743476,1.1553872,4.2991796,2.080098,69938
0.15509425,0.062290236,1.460045,5.0791264,3.3282952,84579
0.62950736,-0.23456268,1.1321564,5.512755,3.7837625,127050
0.010101481,-0.86093825,1.0947009,4.47489,2.3348985,67000
0.0137694795,-0.84484684,1.1074187,4.4899783,2.3474352,57800
0.61745024,-0.16539285,0.11617157,8.702026,3.5795324,149500
-0.31664094,0.92484426,1.2322555,4.2897553,3.1480873,83000
1.0287613,-0.3613501,0.8256347,7.1045365,2.747547,137700
9.802446,0.5362463,0.9390089,6.6835737,3.2644074,155000
10.672497,0.5797843,1.3843206,7.090908,3.4106047,124900
8.662139,0.26741746,1.0575898,6.475743,3.4833233,115500
0.6144533,-0.17643319,0.09267136,8.715219,3.5891712,111000
9.218365,0.360136,0.84492695,6.187403,3.1249764,32500
2.2610736,0.9939188,1.167739,6.9366345,3.3710308,184900
-0.6886276,0.15133752,0.7219794,7.749387,1.884751,119899
0.9910179,0.12766336,1.1890017,5.976904,4.1633334,163000
-0.04374053,-0.0683471,0.70233995,8.339987,2.086859,129000
8.976772,0.80669594,2.4731233,5.7439003,3.7515013,94900
9.550278,-0.47159076,2.1396835,6.51552,4.4448276,206000
-0.23024578,-0.14099465,1.0874764,7.687355,1.2209765,46000
0.08552466,0.06776833,1.4546664,4.8570375,3.2273536,124985
9.053237,0.7057356,2.3685014,5.792542,3.8374147,114999
9.012444,0.7734789,2.3627446,5.7990603,3.7199132,114998
9.159328,0.6410319,1.6475587,5.8816423,3.3444576,79999
10.309516,0.32153147,1.5608828,6.513831,3.4153502,119000
0.8490682,0.0861353,1.0335109,8.353043,3.6451118,161000
0.82041675,-0.15791135,0.82176197,5.2250867,4.5704875,167000
0.72814465,-0.3775791,0.83856004,5.1425347,4.0116954,166999
1.1896574,0.16818242,0.90488625,7.9011154,3.8263848,284999
10.471403,0.3064463,0.8970486,6.692354,2.9634016,121990
1.4959657,0.8607891,0.068208,4.9009967,2.6027977,89900
1.1495776,0.068051316,0.9850672,7.8540573,3.6319368,220000
10.550826,0.58823305,1.4837521,7.7728596,3.5554342,115000
1.8264315,1.1549386,0.8743498,6.6368284,2.3577478,176900
10.638003,0.58375394,1.4640583,7.0366826,3.372152,105000
-0.52997684,0.8609891,1.4730852,4.2407775,3.3082056,96500
1.9617491,1.3414447,1.2675272,6.817519,2.7934282,85000
10.522176,-0.14465603,1.8090763,5.9538074,3.311032,97000
0.081801735,0.4617375,1.3920239,7.9936047,2.0371363,122000
0.5915781,-0.29564884,1.1393826,5.441394,3.5065155,223850
0.84058875,-0.28463495,0.8258895,7.350562,2.7412603,210000
1.8889179,1.2910714,0.18806835,6.296319,1.903426,50500
-0.22899505,0.19153288,0.7719638,8.394337,1.7399843,159000
0.21670114,-0.34246567,1.3321438,5.1478677,3.1146426,82800
0.00908413,-0.860079,1.1099291,4.479557,2.3387444,69500
0.5335223,-0.26938763,1.269757,5.4171276,3.6735935,115000
0.63209605,-0.3363822,0.73386616,4.884988,3.1164534,88500
0.251535,-0.59008586,1.4035883,4.8644567,3.1893585,106000
0.301273,-0.5551359,1.3580395,4.9725137,3.1983514,91000
8.631457,0.53089917,2.0018969,6.6591225,3.6469078,129999
0.023539454,0.09538065,1.0297822,7.9354925,1.3200176,96000
0.036250122,-0.07433861,0.71751505,8.236507,2.2393892,129500
8.711291,0.27145296,0.8626794,6.2680564,3.3529842,81000
0.465587,-0.2594154,0.10504194,8.241374,3.513656,149000
9.8863,-0.4538262,1.9452257,5.835723,3.8907163,27000
-0.055342913,0.29233792,1.9858882,4.954631,3.9075792,96150
2.098288,1.5105747,1.3755691,6.834921,3.006155,180000
9.042276,0.7031167,2.3883898,5.781594,3.901754,66000
0.7251817,0.086610146,4.1107335,6.1631665,3.1531415,120000
1.1328107,0.32674217,3.1452758,7.1707478,3.009964,162500
-0.60434496,0.8717345,1.6156263,4.3607907,3.258062,95800
2.0145035,0.76196146,1.3266683,7.2462134,3.6222007,375000
-0.41643804,1.010751,1.147537,4.043157,3.1283135,90300
-0.3645678,0.60881644,1.7522026,4.667913,3.4432492,126500
9.168573,0.41485953,1.8822774,5.8931217,3.857827,110000
10.05615,0.28167567,1.7050664,6.030298,2.8980598,67500
0.96135855,0.4230291,2.0883927,7.136329,2.37154,73000
0.018067867,0.18059441,1.2077825,8.109543,2.1256456,120000
10.234933,0.6189095,1.8222277,5.8695407,3.1872797,83500
0.13253579,0.065028206,1.1780562,7.905084,1.4568087,75000
0.10685707,0.3488288,1.4069635,7.966244,2.1314938,130000
0.056387175,0.22852495,1.0268552,7.6457973,1.1583203,73500
2.0149996,1.08569,0.2165922,6.2354026,2.237551,77000
-0.44024584,1.0385721,1.1523665,4.0260067,3.1167498,104500
8.765744,0.23428142,0.92151964,6.2558804,3.3797219,72500
8.488313,0.7345479,1.0530667,6.339074,3.4637005,159999
-0.4376982,1.0273974,1.23078,4.131471,3.1134048,89747
0.029839644,-0.04129249,0.7701285,8.283043,2.1392589,152708
-0.0023919868,0.0083115855,0.79087853,8.312394,2.093999,172708
0.87230664,-0.07561122,0.70630085,8.337863,3.417276,316908
-0.40491825,1.0189298,1.1452471,4.0558777,3.1080582,89460
9.598933,-0.5576009,2.4422848,6.893925,4.2969823,149900
8.425555,0.47311965,1.8311741,6.333941,3.029264,229900
0.81271505,-0.3151482,1.0354877,8.312804,3.5721376,89000
1.9334261,1.0690237,0.3353044,6.3550663,1.8084687,52000
0.4129695,0.5232765,1.4914706,5.8213263,2.7108068,92900
-0.54731685,0.82272977,1.6010636,4.4023714,3.249624,91800
10.342956,0.60224867,1.6915996,5.9812646,3.1413517,66900
9.511086,0.096778184,1.3527509,7.927941,3.5683997,114000
9.824147,0.17885531,2.4271858,7.1144347,3.9554405,95000
10.657903,0.45347673,1.2840983,6.781328,3.088948,178000
0.7625558,0.010094881,1.2274232,5.6091547,4.143405,147920
-0.50151724,-0.15276344,0.7293087,8.018548,2.1769567,96990
-0.4621846,1.0575384,1.1583368,4.016189,3.116595,103000
9.733574,-0.5140256,2.3608634,6.5773144,4.4700427,125000
0.34454557,0.36400455,4.3147783,5.7837167,2.909527,108000
-0.2158531,0.41464424,1.8056886,4.8666563,3.6015458,83000
2.4958982,0.40480557,1.6512752,7.3435564,3.7345026,490000
2.2528622,0.9041884,1.5923473,6.9295797,2.458588,189900
-0.38121474,0.93687224,1.2808229,4.257499,3.1440349,80000
9.282905,0.26581472,1.930452,5.657863,3.9490724,85000
0.73281467,-0.4611154,0.065821275,8.44703,3.7110183,92000
0.420176,0.52401024,1.4848144,5.8226647,2.7134256,92900
-0.53611016,0.8634701,1.463061,4.220775,3.302875,97000
2.0468905,0.7786556,0.7135297,6.4232745,1.9970919,145000
1.1284591,0.21861461,4.6069145,7.4975324,4.231951,137040
-0.3603376,0.8804044,1.1161623,4.0468936,3.2609987,76000
10.398641,0.5491339,1.5662822,7.7292547,3.5345778,164900
-0.45580873,0.84868675,1.4339727,4.2901115,3.2709286,82900
2.067982,0.94518125,0.3809669,6.252277,2.2094474,75500
8.795747,0.510509,2.214203,6.65258,3.5446253,265000
0.007582449,-0.8559928,1.1058587,4.4749837,2.3283029,67000
0.3262424,-0.5528089,1.3792218,5.009305,3.1992702,78500
0.25727186,-0.29635894,1.3124546,5.203061,3.163901,98700
0.88183546,0.020005696,1.0780095,5.659383,4.267683,165000
0.59274316,-0.12971026,0.6341616,7.7781725,3.7956629,154990
0.5951938,-0.2611784,0.7588242,7.6765914,2.8241076,184000
10.1346245,-0.5833627,1.986112,5.8592176,3.961316,69950
1.4938687,0.8651712,0.06285375,4.8888106,2.6029859,88900
-0.030748097,-0.51942,0.7357322,4.441787,1.691334,87750
1.0521073,-0.10033746,0.9189428,5.537265,4.7469344,220000
0.7797855,-0.22503668,4.850018,5.957642,3.448462,92279
4.6147294,2.2389271,1.4614885,6.970595,4.417194,349999
0.10551174,0.051491212,1.2587276,7.943893,1.4757925,50500
10.3660555,0.24780996,1.0157546,6.549816,2.8085165,125000
-0.5350871,0.8514138,1.4792999,4.2342215,3.3281817,81900
1.1003209,-0.2543576,4.012894,6.298534,3.4434533,127272
-0.45343283,0.6651025,1.6213533,4.7745705,2.9001937,113000
-0.34616536,0.8765558,1.1437445,4.10007,3.2420185,58677
-0.3311079,0.83685005,1.1182632,4.080298,3.2880945,76700
0.5075818,-0.24225467,0.75602424,7.6575484,2.5775979,123900
-0.5389881,-0.17416003,0.72239625,7.972432,2.1853645,85000
1.9261143,0.9534391,0.56037474,6.4370184,1.8311723,91000
0.97663575,-0.15238446,0.7476854,7.9813137,3.563846,209000
2.3547196,1.118453,-0.07302863,5.7682776,2.338493,159000
10.609729,0.33369476,1.0064766,6.6270695,2.8775935,106000
-0.27436957,0.93428123,1.2296016,4.362159,3.0779393,92500
8.700605,0.35924158,1.8369955,6.776821,3.684062,365000
8.69748,0.6855672,1.1043781,6.3577127,3.5868523,195000
-0.19844994,-0.22041534,0.7057889,7.9374876,2.311633,75000
1.493202,0.86564916,0.062106855,4.888775,2.6031184,88900
-0.46297997,0.8288943,1.4874353,4.380022,3.225816,87500
-0.028592193,-0.51817536,0.7263481,4.4438605,1.6815403,79200
10.068554,-0.043280788,1.249305,6.282173,2.4514837,105000
2.854685,0.11349855,1.8427845,7.160145,2.6251516,298000
0.6004531,0.4920371,4.2383657,6.866099,3.113255,76033
2.0634494,1.0357149,1.4471326,7.138779,3.606477,145000
1.4916081,0.8513191,0.06746918,4.8875203,2.6157289,88400
0.35580486,0.3697393,1.4525713,5.6632824,2.5897076,78900
-0.42876413,0.114481404,0.7274375,7.82199,1.9716903,75000
-0.1658734,-1.0267015,1.1515878,4.187743,1.9162601,97500
-0.6142953,0.7782212,1.6829137,4.6616774,2.8250675,77900
9.685321,0.1854191,2.3090947,7.0992894,3.8609948,98000
-0.041213624,-0.5508007,0.7393213,4.420358,1.7004023,88000
0.8724393,-0.09115431,1.0134751,8.311455,3.7192206,99000
0.6882379,-0.0746097,0.70931965,7.841645,3.8288496,165000
-0.03219781,-0.5276585,0.7276015,4.435987,1.6828089,86900
-0.45467645,1.0636302,1.1854111,4.0566974,3.0920691,76725
1.1246173,0.19296104,4.7017384,7.536002,4.3390517,157900
10.295066,0.20183975,1.6544905,6.4529877,2.8981225,110000
1.2953556,0.99208236,1.3466693,6.8284636,2.6306667,170000
-0.37458158,0.896498,1.1242285,4.041691,3.2498887,68740
-0.06716671,-0.7039102,0.7186336,4.281679,1.8009931,53390
0.6699895,-0.30977196,1.0144873,5.460698,3.8020322,162000
-0.17089722,-0.24376461,0.7040504,7.9398293,2.3358572,65000
0.728591,-0.37491578,0.82820934,5.1340714,4.0067816,128000
9.250738,0.18837881,2.1432135,7.208252,3.3079238,125000
0.27859226,-0.53028524,1.369979,4.9838176,3.1645477,128000
0.25827083,-0.3381176,1.3231927,5.1645427,3.170701,97500
-0.15415311,-0.98901993,1.154461,4.2143135,1.9042891,57000
-0.5438073,0.86655647,1.471636,4.218061,3.3156939,77500
10.429094,0.04583008,1.6938336,6.155368,3.579531,73600
0.8765925,0.006050307,0.9700241,8.460697,3.6464481,159000
0.92293274,0.013489428,0.9278753,5.5288234,4.4496875,125900
0.5264164,0.21750298,4.469041,6.0992274,3.055202,93225
0.4200207,0.31539625,4.55311,6.0598426,3.0669615,101765
0.803847,-0.22249024,4.840759,5.974365,3.46304,76472
0.43649864,0.28378174,4.48984,6.008171,3.0211723,87360
1.1593347,0.22023052,4.6422253,7.4980526,4.2835426,148700
0.24309592,0.50528103,4.102213,6.1283603,3.070517,67700
0.48000196,0.25525224,4.480356,6.0564404,3.016371,85200
1.1145738,0.19713318,4.7040596,7.5444508,4.3477507,134330
0.43681198,0.28558007,4.4703474,5.993752,2.9973767,68600
1.1356472,0.1951275,4.6603365,7.515542,4.3017406,136085
0.46057892,0.26890275,4.515726,6.058767,3.048712,122000
0.53089494,0.20605098,4.4923573,6.0910277,3.0609152,84900
10.767928,0.68308806,1.3535525,6.7902994,3.307897,96000
-0.08778096,-0.7250887,0.7368362,4.2652736,1.7930393,77000
1.1236337,0.2033897,4.676355,7.5278015,4.324237,123250
0.546506,0.2086296,4.4386954,6.116692,3.0581756,92925
1.4859637,0.111822255,4.802685,7.386839,4.0600543,155057
-0.4740935,0.64417726,1.8302791,4.600591,3.4736433,90500
0.73873395,-0.17064701,4.8529105,5.9817753,3.3955688,80992
-0.46154624,1.0512435,1.1513507,4.006479,3.1271372,95000
2.0184708,1.2943844,1.1738786,6.845555,2.821471,129770
0.85000604,-0.10306025,0.8275978,5.2716393,4.6241584,98280
9.200724,-0.13115174,1.9730301,6.042217,4.075376,120000
-0.45629507,1.0565755,1.1868765,4.053204,3.103557,68740
1.0263997,0.020202061,0.9814625,7.9859233,3.6920533,247000
-0.41884312,0.541162,1.8537409,4.7242327,3.5121136,78800
-0.021939917,-0.5117894,0.7246093,4.449528,1.681446,75150
9.726498,-0.5038222,2.3517368,6.559648,4.4703846,122000
-0.148124,0.030935064,1.1314101,8.20943,2.098176,87000
1.0535711,-0.10494545,0.9336024,5.5622897,4.732809,189000
2.0186253,1.2902347,1.1778654,6.8456993,2.8136816,117559
-0.4733514,1.0911448,1.153659,4.0016017,3.09049,76800
9.530917,0.3941886,0.8397733,6.1893473,2.9914947,95000
9.321976,-0.1073651,1.835606,5.5318584,4.005061,55760
-0.42550755,0.8521956,1.4212686,4.3153043,3.2366235,76500
-0.16170192,-0.98480266,1.0907234,4.184752,1.8726503,73500
1.6687391,1.1640396,0.63999134,6.478488,1.9850099,117500
2.2919345,1.1697881,1.296686,7.0391073,3.374155,149500
-0.34492496,0.8521798,1.0923117,4.036136,3.2880585,73500
0.65961325,-0.03768275,0.6365825,8.640426,3.2531643,220000
0.7961196,-0.18426308,4.8206687,6.0021987,3.4365766,103306
0.9236623,-0.0012301987,0.88343114,5.472217,4.4994607,135000
0.7004045,-0.12259618,4.8635707,6.000919,3.3490746,96281
-0.3121046,0.029089404,0.4370583,8.727077,1.7742264,92000
2.1153703,1.5118028,1.3584117,6.8106933,3.1093447,155000
9.649083,-0.52887046,2.4555569,6.8851495,4.3188963,115900
-0.08267714,0.028035052,1.1322169,8.198523,2.1236758,88900
-0.3392378,0.558132,1.7192352,4.718963,3.3627982,88000
-0.2663095,0.92221487,1.2447755,4.3939776,3.0748906,88000
0.29065,-0.56915265,1.399235,4.9594326,3.1916382,92500
-0.44184965,0.5487012,1.8620096,4.7121634,3.504474,105875
1.4508066,0.06448892,4.977205,7.4192543,4.2154894,118755
-0.13642778,-0.82486594,0.93874246,4.278631,1.8313181,70500
-0.11213089,-0.75933975,0.8141759,4.279371,1.8168445,69600
9.177641,-0.032448277,2.0393097,6.2010226,4.194455,126000
10.310252,0.42503318,1.6597313,6.4129434,3.2491639,122000
2.1962976,1.2560545,0.22941512,5.9166527,2.1551225,85999
-0.12354878,-0.7888751,0.8569749,4.272269,1.8225452,68700
8.4109535,0.6874034,1.2987778,6.7537174,3.651778,278000
1.4975117,0.8470767,0.07744909,4.904533,2.5974839,61900
9.269848,0.23271134,1.7621076,5.845099,4.0417485,155000
1.4970814,0.8595334,0.06993288,4.8958664,2.5966845,66500
1.0463388,0.48956954,2.2121937,7.157275,2.5903773,85900
3.0383136,1.7560976,1.5407495,7.0312133,3.9898825,80991
9.318448,0.47481388,1.2449914,6.9395833,3.5057395,179900
1.3524591,0.5028418,2.3221319,7.2715187,2.9767463,149600
0.70464396,-0.0019092348,0.67759055,8.669848,3.2364812,214000
2.0682158,1.0815288,1.5910606,6.936207,2.5644588,248500
-0.8707039,0.022776565,0.6542219,7.8681974,1.9470832,74900
8.077294,0.5259795,1.544095,7.3118496,3.8788865,308000
8.123735,1.0418224,1.5807922,6.8119426,3.9050066,130000
-0.8903808,-0.025150204,0.59733105,7.837075,2.01561,73000
1.530167,1.0818014,0.86072826,6.603038,2.0562558,124000
9.694885,0.52142245,0.999341,6.784108,3.3233786,199900
2.3730094,0.9845298,-0.15188341,5.891329,2.311337,130500
0.92156595,-0.309275,1.0807623,8.458973,3.5771828,129000
-0.35690534,0.8918486,1.1085483,4.0462985,3.2462046,112500
2.0957718,1.5393486,1.3339845,6.793157,3.1124983,160000
0.54472977,-0.24026002,0.7805186,7.652719,2.5885549,103000
9.619527,-0.5365018,2.4486449,6.912421,4.2935724,91000
1.1129044,0.19819665,4.7004128,7.5450087,4.3506126,105840
-0.8807776,0.031657416,0.6657629,7.8797407,1.9354913,75000
-0.9080281,-0.01799446,0.59610933,7.83662,2.0026643,73000
2.0001116,1.0982901,0.18732814,6.268199,2.2679708,69800
10.067138,0.46743295,1.838471,6.5745926,3.5911448,100000
0.5530635,-0.25620988,0.77539164,7.6493955,2.608332,110000
1.9875296,0.7106451,1.4868307,6.999476,2.7628736,205000
0.003542544,-0.86212456,1.1112477,4.4697056,2.3233612,69500
8.764294,0.35113811,1.2945238,6.8954434,3.5901341,124990
0.8257842,-0.084169865,0.947709,5.3748465,4.6016464,94000
2.3951778,0.9888355,-0.19722587,5.871498,2.3081625,72000
1.8869035,1.0003428,0.48562807,6.409987,2.6119852,225000
9.09183,0.6669202,2.1142735,5.873081,3.6149387,135000
10.368741,0.21056926,1.570948,6.4360523,2.9216938,124800
8.259767,0.6416411,1.4752613,6.915602,3.6579037,259999
1.4888375,0.108033314,4.822053,7.396378,4.0786805,130200
2.3672764,1.2673748,-0.06538382,5.703913,2.252069,81000
0.72391325,-0.06574158,4.806127,6.0572844,3.3389263,85819
9.898009,0.21852599,2.3476474,7.0925875,3.9390497,130000
0.31581914,0.39650494,4.1820636,5.6534576,2.869403,85124
0.32325396,0.3931596,4.223507,5.68391,2.8657644,73550
8.451504,0.8156155,1.1969936,6.3434095,3.4106991,147000
0.5278932,-0.41003558,0.8606049,4.9007215,3.0881374,98000
0.026717395,-0.81310487,1.031523,4.471907,2.2930276,68700
0.48837587,-0.30558088,1.1194016,5.3119416,3.4454114,119900
0.28183728,-0.33697703,1.4416101,5.13296,3.2690806,96150
0.9511105,0.35268834,2.2757826,7.1737676,2.5347204,122210
1.9242376,0.6256599,1.9293438,7.130635,2.8002088,174240
2.518897,0.39958933,1.6085777,7.135499,3.0248802,412000
2.1301415,0.91816264,1.6683233,6.9125195,2.4641476,174240
0.6935923,-0.40788707,0.83216286,5.1042614,3.8161583,93900
1.9459155,0.37276614,1.607929,7.0545607,3.863693,268000
0.52617675,-0.45213276,0.8687391,4.923429,3.0670457,79000
0.52018666,-0.4236143,0.8716643,4.902767,3.0859656,103000
0.5287568,-0.32870457,1.2424071,5.4195967,3.5981333,154910
0.54495627,-0.33421785,1.188374,5.383046,3.6107605,163000
1.1601427,-0.40513134,0.8362483,6.9526587,2.7753277,85000
9.950822,-0.30277243,2.1254406,6.4280944,4.274453,115000
0.10114752,-0.04976945,1.3566031,4.7078323,3.2098482,127000
10.156198,-0.27458242,1.9278716,6.1171365,4.0281262,57000
0.07138278,0.046578363,1.4304819,4.806348,3.215881,138500
0.71159625,-0.23583253,1.0617903,8.033679,3.0991178,133500
-0.178017,0.08262203,0.8525322,7.6855116,1.4237071,59900
9.184034,0.36472285,2.1501555,6.1160507,4.082291,182000
-0.12106344,-0.9841949,1.1484784,4.259304,2.0208929,89900
10.013431,0.48667186,1.5606596,6.54972,3.4984996,100000
0.728438,-0.3825472,0.82717305,5.1349697,4.00723,128000
0.6763836,-0.3041412,1.042464,5.414012,3.8522952,132900
9.911502,0.21605122,2.259019,7.018218,3.9502246,139800
-0.123403385,-0.9722221,1.2206038,4.2575154,1.9571356,66000
-0.07996921,-0.14730501,0.72277963,8.104404,2.2604163,118000
10.769072,0.67055607,1.3560631,6.7928123,3.282806,61000
9.490593,-0.27789947,1.8740163,5.7729483,3.9038875,37000
0.048432626,0.12108839,1.1049898,4.422396,3.0922751,95000
9.340331,0.24327967,1.8684107,5.853764,4.124298,103600
0.076397754,0.048607767,1.4623088,4.7999988,3.2523794,125000
0.677869,-0.32876486,1.009835,5.3743887,3.8449674,165900
-0.18970537,-0.2297185,0.7140037,7.9403057,2.3152003,65000
0.5421378,-0.19052869,0.67490447,7.717866,3.5165198,145000
9.235976,0.15425046,1.9787756,6.1019516,4.1799197,159000
0.6404737,0.23710312,3.7378068,6.066915,3.0653496,127500
0.7001902,-0.40913528,0.82480824,5.105222,3.8407636,99500
10.674413,0.57740575,1.3903143,7.051579,3.4067304,130000
0.694184,-0.28707615,1.0224634,5.4239044,3.8776386,162000
0.09686727,0.020923885,1.4118859,4.777859,3.2303803,120000
0.81825376,0.022438021,0.9637859,8.39009,3.614413,125000
8.260066,0.46920347,1.4924345,7.14265,3.8326664,95000
-0.16310741,0.10583057,0.87003326,7.700156,1.3395592,59900
1.0118797,0.319639,2.9855437,7.0613885,2.811882,127500
8.802813,0.38633186,1.5827099,7.4589906,3.7337427,195000
2.460242,1.0979786,1.4277455,7.172776,3.7869716,230000
2.1585732,1.5653448,1.2876533,6.7601066,3.0816026,75000
10.240097,0.25807938,0.9879403,6.5362263,2.848906,122000
0.49313036,-0.45469475,0.9504139,4.9227896,3.1051238,120000
8.820086,0.32270792,1.162618,6.5641465,3.6561549,110000
0.5762438,-0.25056678,0.7470348,7.62356,2.8628383,106000
9.870318,0.39367676,1.2507961,6.8884506,3.580105,138999
0.0971928,-0.016526375,1.3551708,4.706858,3.2033148,120000
0.7878902,-0.119577035,1.0018442,8.050806,3.4366016,170000
9.755796,-0.52071685,2.3453,6.581332,4.4338717,78000
-0.512097,0.8089099,1.558527,4.3337502,3.3454554,108000
0.4973958,-0.24870807,0.74105036,7.6431785,3.0246878,128000
10.188976,-0.49966994,1.9573185,5.921367,3.9533145,60000
1.8999816,1.2467952,1.3424729,6.822846,2.7747226,159000
-0.33712432,0.9086628,1.2823156,4.3295307,3.133598,80000
9.989021,0.3900977,1.786688,6.429446,3.5312746,125000
-0.057856802,0.19020951,0.71515614,7.937714,1.0899224,64900
8.49381,0.59634185,1.2128034,6.8836246,3.7708812,269000
8.767232,0.5315326,2.1138666,6.522278,3.7068045,135000
8.630324,0.24007824,1.2347873,6.735872,3.6999707,250800
0.781007,-0.1930098,0.6237442,4.9155135,3.0962741,142000
1.1343236,-0.32796636,3.9995086,6.2688613,3.4808757,85124
1.9012151,0.6550061,1.9570826,7.1346955,2.7869334,169900
0.61470205,-0.026106142,0.6886092,8.550929,3.1342745,149000
8.997687,0.34506485,1.0010417,6.3818393,3.3854768,200000
-0.040050026,0.2597343,1.0635288,8.350455,1.9716067,129900
0.5502353,0.42020255,3.577461,6.0327806,2.9752803,120000
0.5422917,0.49807692,1.6723694,6.188548,2.6265059,143800
0.56356686,0.20803331,4.4121804,6.139699,3.0416315,85124
0.5552105,0.19625933,4.428858,6.1108456,3.0652897,91736
1.1315799,0.18874754,4.699597,7.531055,4.333958,119835
0.5681574,0.18239895,4.429376,6.1113462,3.0732937,89256
0.84979814,0.047657922,0.9843226,8.231713,3.4555252,170000
9.143381,0.13987283,1.5951554,5.813819,3.9543653,85000
1.4758456,0.048186157,5.030726,7.4157343,4.224862,144628
0.80700916,-0.20566307,4.821878,5.9914236,3.4544632,76033
2.998178,1.6817176,1.519094,7.056711,3.9765031,185000
0.7151084,-0.18584527,4.9335012,5.9649606,3.3903728,87000
1.4993422,0.114356406,4.7840405,7.3854694,4.041502,122314
0.7188004,-0.19193885,4.9278984,5.9618793,3.3938847,89450
1.2525448,0.24799854,4.4096527,7.5028343,4.0401835,150945
0.71484303,-0.19248685,4.938266,5.95928,3.3919346,93438
0.7763674,-0.2247727,4.8506794,5.9535656,3.4470694,76264
1.4908606,0.107479244,4.8231797,7.3956356,4.077101,127273
10.278683,0.2157727,1.8298084,5.694595,3.097793,56000
0.26054853,0.48182398,4.137765,6.134937,3.0933657,58660
1.1523863,0.17254357,4.714031,7.511194,4.325661,113025
0.7230829,-0.045969184,4.8394523,6.1065903,3.3410108,102479
0.72190154,-0.06506203,4.835997,6.0633197,3.3411052,93388
1.0266333,0.3144292,3.0220888,7.068576,2.8291447,88400
1.2677683,0.58831596,2.3013742,7.1818514,2.7588556,106000
2.284792,0.10625859,2.608035,7.589651,3.3710601,176000
0.79203063,-0.08798937,4.897551,6.126441,3.4128199,90000
2.2917569,0.08376505,2.6056342,7.5650525,3.374487,164500
0.3800429,0.3312195,4.4477544,5.9366207,2.9671235,91800
0.6709872,0.0061323233,4.760428,6.0726337,3.273037,88620
1.5191036,0.22345874,4.305591,7.456796,3.9840362,324000
1.4739153,0.048700597,5.0273376,7.415852,4.2252197,115702
1.1409074,0.26819742,3.0027122,7.1564584,2.910801,130300
0.8002445,-0.20395963,4.8198233,5.98756,3.4478593,76860
2.3815382,0.98190206,-0.16884142,5.87852,2.3240511,144000
0.7005175,-0.029075902,4.826531,6.079829,3.3106444,93388
2.2885556,0.07997572,2.604425,7.5546393,3.3710024,151500
0.7510491,-0.08003329,4.884565,6.0983567,3.3766491,90500
0.7156392,-0.18377174,4.940039,5.9672236,3.392846,94000
2.2884254,0.08087666,2.6118307,7.5610175,3.3699453,165500
0.5731172,-0.38015524,0.7947921,4.8777103,3.1140163,98900
0.5241457,-0.41526583,0.8717602,4.9009466,3.093275,94000
0.52656335,-0.41690052,0.8722923,4.9042244,3.0952928,95500
1.2567753,0.59251153,2.3282764,7.208116,2.7047267,112530
0.94497716,0.37718493,2.2313151,7.145,2.468519,101640
0.5295829,-0.303187,1.0878493,5.3174806,3.4942021,135900
2.482605,0.4790854,1.7682356,7.198885,2.9709842,416240
0.2652763,-0.3141228,1.2646034,5.2046485,3.1970232,86900
0.35512587,-0.44582102,1.4557499,5.134574,3.2718186,107300
1.0597836,0.01758496,0.9706712,7.930653,3.6880326,231000
10.544251,0.62470305,1.5063468,8.118351,3.597397,175000
8.619344,0.73607045,1.3019558,6.309597,3.4451106,230000
8.681188,0.7702783,1.1215701,6.2758317,3.5268438,235000
1.148017,-0.1017999,0.9850811,8.303298,3.7086034,250000
-0.07127166,0.08913598,1.2056595,8.237239,2.1081352,96900
10.605289,0.60112375,1.4307876,8.044421,3.6410434,290000
-0.061930683,-0.64972216,0.7080464,4.320046,1.7446412,58900
-0.8499576,0.04447347,0.6565896,7.8578115,1.9457688,110000
8.256767,0.48778978,1.6063347,7.2144465,3.8142893,450000
8.442282,0.49941832,1.7138449,6.2952266,3.0843496,299000
10.03389,0.23481214,1.8996714,6.357859,2.8363972,145000
9.298726,0.17230867,2.135163,7.2055984,3.3028789,117000
10.620594,0.5327933,1.3592582,6.815614,3.2817743,75000
9.2478075,-0.18067397,1.8453637,7.6879044,3.2769787,89900
10.4903145,0.32615754,1.38083,6.639828,3.0829346,125001
1.1124004,-0.3049923,4.014191,6.2620296,3.4583545,73554
2.7921126,1.4430575,0.11661283,5.8623886,2.5068798,209000
10.062417,0.16877176,1.6090156,6.0933166,2.6990592,126000
7.9968395,0.61270803,1.5340273,7.1930747,3.827771,500000
2.099205,1.5208151,1.3422722,6.800724,3.0890465,215000
0.71109957,-0.11051563,0.25608027,8.477665,3.4708197,133999
10.054116,-0.5411903,1.9604145,5.842798,3.8547044,64900
8.135129,0.4600715,1.6678462,7.191992,3.7070012,624600
8.751595,0.7551244,1.4659045,6.257864,3.533852,165000
8.571133,0.7382911,1.0262582,6.300199,3.4689085,112000
10.303639,0.673595,1.7750704,5.793779,3.218642,104500
8.531814,0.5789323,1.2377957,6.81976,3.744592,290000
10.068995,0.32076007,1.3578429,6.293014,2.9034586,130000
10.695083,0.68491286,1.5277718,8.264367,3.6052716,273000
8.572929,0.7555301,1.0409507,6.2957053,3.4969962,110000
-0.62802863,0.10138457,0.6585733,7.6661806,1.8761135,75000
4.7372546,3.5805106,1.4570924,7.0222473,5.1656075,185000
8.720642,0.64828014,1.2276249,6.3327403,3.3449862,260000
0.9555487,0.35317698,2.3067596,7.1559615,2.5365524,124999
8.940372,0.26739773,0.99622464,6.264619,3.244463,116000
9.493619,-0.14525065,1.892479,6.787074,3.5477192,130000
9.888347,0.22394904,2.3412673,7.0972834,3.9460015,170000
9.269461,-0.17527942,1.8578782,7.637278,3.2489634,120000
0.6872318,-0.18293148,0.88965744,7.749553,2.8979328,117000
10.0776615,0.07101305,1.7168866,6.310658,2.757503,142000
9.029842,0.18078122,1.9863129,7.303729,3.6349938,293000
10.557452,0.47765237,1.3584145,6.799544,3.225647,158000
9.2505045,0.234895,2.0494604,7.3068457,3.5258904,120000
8.641838,0.73491144,1.1890932,6.213333,3.402978,175000
9.755599,-0.452762,2.364316,6.6240263,4.4415298,154990
-0.2991947,0.010943551,0.42479002,8.714837,1.7730166,122000
10.275519,0.23976244,1.6905626,6.44465,2.9488113,114000
9.302647,0.11586505,2.151898,7.315967,3.4963958,125000
9.324845,0.13271068,2.165794,7.326791,3.4600253,115000
8.976781,0.10563755,2.0131125,7.235958,3.6352813,365000
8.624709,0.8097337,1.1799841,6.2934127,3.5054302,173000
8.392455,0.5157089,1.5366175,7.1848164,3.8323562,580000
9.256542,0.20258069,2.0951407,7.325617,3.4745975,189000
8.732463,0.7665739,1.4292414,6.241638,3.5919628,185000
10.686529,0.5084847,1.3607664,6.938763,3.2431285,149900
10.533566,0.5799519,1.4678572,8.086977,3.6071687,330000
-0.18045877,0.058613364,0.6914585,8.436284,1.9679208,130000
8.48606,0.58063096,1.6519345,6.2896657,3.1917489,224500
8.891926,0.053329617,2.031031,7.1373296,3.5940292,339000
10.213095,0.43249834,1.7606949,5.6918635,3.2384658,88000
10.411065,0.5530726,1.5793164,7.7115617,3.5363095,179500
0.70150536,-0.1947358,0.87508875,7.760056,2.9479394,220000
-0.25568682,0.047780894,0.21733172,8.763635,1.7363119,120000
0.4738135,0.516154,4.266634,6.7271004,3.0083055,89900
0.8610843,-0.096800804,0.97680986,8.304252,3.7174182,159000
0.48178595,-0.23058777,0.77728695,7.7054996,2.5361917,129000
9.286206,0.05427965,1.8417466,5.695224,4.1563134,68000
0.18683454,0.120412804,1.3403584,5.2024193,3.0536425,93000
1.1882753,-0.31853926,0.9355976,6.8645573,2.8565364,185000
10.533011,-0.15566821,1.8113627,5.939601,3.3237019,72500
0.56198484,-0.39473897,0.83102417,4.9230804,3.1176019,106000
0.06762979,0.08780492,1.1365016,4.4627624,3.110148,106000
2.9758666,0.19925582,1.8449947,7.1485734,2.6638484,310000
9.281089,0.15251149,2.0415804,7.3816776,3.5096302,199999
0.7318114,-0.024343058,0.6856202,8.62797,3.3016999,275000
9.960177,0.2981832,1.8471657,6.1574235,2.806788,87000
10.684196,0.5665816,1.3925468,7.0120096,3.3546028,138000
10.162028,0.40595275,1.7507516,6.413949,3.145242,117000
8.52931,0.515787,1.7239974,6.246126,3.106925,177000
9.032566,0.19463816,1.9734753,7.296834,3.6503985,299999
10.407853,0.5036195,1.4506453,7.9401226,3.5899522,175000
9.303115,-0.0057266,2.0458333,7.4254665,3.353022,227000
9.828385,0.52638185,0.9649388,6.6932473,3.272008,155000
1.2225356,0.17775324,1.2382613,7.8705525,3.443262,199000
10.203177,0.44900757,1.4956864,7.9598784,3.5867279,399990
1.9963818,1.4306036,1.3282216,6.832568,2.9157696,206000
2.1768174,0.7264273,1.2897986,7.185108,3.488123,550000
1.2414093,0.27279678,4.367208,7.4091897,3.8988025,245107
-0.5622061,0.10919281,0.637994,7.575718,1.9181279,83500
2.1903505,0.72379094,1.5527477,7.2089076,3.1795447,290000
-0.53397965,-0.14906193,0.7095623,7.9627113,2.2065337,107000
0.61522156,-0.16045773,0.10475068,8.713579,3.5770252,139900
2.4466658,0.50672525,1.5607972,7.3848124,3.9470603,615000
-0.55123323,-0.19452666,0.7153364,7.975317,2.198708,85000
-0.530584,-0.17288966,0.7299271,7.9796586,2.1867068,85000
10.287314,0.30172,1.2657291,6.5900307,2.9681046,105000
10.577344,0.5982458,1.5087835,6.3951163,3.0027187,93000
8.836095,0.82828933,0.9595533,6.0857677,3.4053867,90000
8.206285,0.2415525,1.7700013,6.80546,3.1312416,175000
8.095706,0.57906336,1.5318226,7.1959596,3.8277617,457000
9.2676525,-0.2451304,1.8995134,5.9045177,4.1679626,84500
10.030903,0.39579454,1.1734405,6.8075366,3.4950879,79000
8.847436,0.32676905,1.7296325,6.8431997,3.9237623,180000
2.1357043,0.7668674,1.381722,6.9377594,2.800184,190000
1.6533217,0.6115705,1.4192401,7.184852,3.6402082,330000
0.9792183,0.36815658,2.386805,7.140611,2.5833344,133000
8.585817,0.5761488,1.2146989,6.7742577,3.7414627,154999
4.375292,2.2234967,1.4624413,6.982909,4.3880143,545750
0.72888446,-0.40253633,0.049311522,8.476635,3.6637764,130000
10.020416,0.23370709,1.6751045,6.1135583,2.8772042,98000
10.331825,-0.03632661,1.7221118,6.0999045,3.224658,170000
9.638722,0.5187582,1.0293573,6.785183,3.3586228,183500
0.8450728,0.055632968,1.0131747,8.379252,3.6423273,105000
1.1746751,-0.4033446,0.8360163,6.9473114,2.7738514,90000
9.094632,0.63587034,2.0660908,5.889156,3.577869,105000
9.912483,-0.06388183,2.0172348,6.517256,4.2291317,180000
0.7799057,-0.10670932,0.94548625,7.6999207,2.8874445,127000
8.520028,0.42738983,1.588386,6.855635,3.6082158,125000
2.100523,1.0255055,0.05661414,5.7218857,2.440974,125000
9.176509,0.18209063,1.1128863,6.335627,3.03426,112000
9.699505,-0.44363922,2.3451679,6.590865,4.436214,133000
9.105801,0.40819216,2.1672616,6.118242,4.088425,194000
9.186585,0.2657422,2.2033856,7.1044064,3.4728897,199000
8.913633,0.7206048,2.4842684,5.793755,4.0248528,121365
8.996827,0.71353173,2.3909624,5.7563577,3.931983,83297
8.919956,0.71431637,2.478136,5.7918653,4.0362263,114034
8.918229,0.7152972,2.4811277,5.7874794,4.0403914,121117
1.4495524,0.07234524,4.9511952,7.4177485,4.200228,114694
1.5035207,0.21801157,4.33772,7.4212294,3.944358,205752
8.929319,0.71484154,2.477779,5.7893767,4.022835,106992
1.1749707,0.19685888,4.623453,7.5070887,4.2621374,130000
0.43920955,0.28804263,4.529293,6.049676,3.0448864,131500
0.43240845,0.2946352,4.539395,6.0521884,3.0459168,122500
1.2604111,0.22967468,4.4263625,7.503398,4.0807343,146000
-0.3609816,0.0721641,0.45419207,8.752132,1.7142686,116900
2.1257699,1.1773025,0.053843856,5.6723914,2.3237772,79500
2.3747568,0.98427135,-0.16941522,5.8792257,2.3176315,129000
0.7435639,-0.21053529,0.7583824,7.6910863,2.9641552,215000
10.306718,0.1599803,1.5972291,6.4084086,2.8277605,89900
8.41987,0.5783064,1.4385581,6.9310865,3.7381225,269000
1.6453329,1.0116994,1.564774,7.021592,2.573627,110000
0.5369236,-0.4280712,0.8774351,4.9273496,3.1100864,101500
0.03816473,-0.8091191,1.0214312,4.4762473,2.3015108,69600
-0.045819752,0.31178856,1.9324356,4.972574,3.8673131,99918
2.4092205,0.5078221,1.5371293,7.3987494,3.9483306,659450
2.231453,0.9085796,1.641813,6.925299,2.4489465,230000
2.126923,0.5753715,1.8016001,7.1948752,3.1226845,326700
0.5700893,-0.29455185,1.2377994,5.47155,3.633093,202000
0.041885022,-0.7365584,0.87897515,4.4432855,2.1710565,80000
0.2675999,-0.30352908,1.2142941,5.2456627,3.209393,72433
1.3969823,0.5902825,2.1821027,7.199336,2.820364,114950
9.101265,0.37269977,0.8608519,6.2914233,3.2673225,48500
1.8882952,1.301019,0.18869072,6.294881,1.8927813,52499
1.9814049,1.0907568,0.14653632,6.287815,2.2807596,82490
9.643947,0.4998633,0.89118,6.3595557,3.1045368,93000
9.309935,-0.050917935,1.6556754,7.6630545,3.4540794,130000
10.594563,0.59078723,1.4115808,8.007403,3.6352186,200000
-0.074453615,-0.73192966,0.74684817,4.281542,1.8383279,77000
1.23531,-0.28419274,0.8797342,6.9624877,2.8490474,399000
0.07872201,0.07022237,1.1575197,4.483656,3.121995,109000
0.71993715,-0.3900086,0.8437922,5.143782,3.990945,129000
0.71819615,-0.3835864,0.85166144,5.151066,3.9914045,137000
0.717506,-0.38586676,0.8477639,5.1555014,3.984075,139000
0.0911834,0.025147624,1.1256553,4.4311776,3.0849624,82000
-0.0993132,-0.7460915,0.7983875,4.2906637,1.8322821,60500
0.09522382,0.02506902,1.1304284,4.438905,3.0925794,89000
0.6850735,-0.35875356,0.9388604,5.2960615,3.8494499,134000
0.07161272,0.07510948,1.1460301,4.474433,3.1095145,96500
1.0917927,-0.3511457,0.9682056,6.9033456,2.8042715,103000
8.111543,0.5008441,1.5604819,7.2690797,3.8543148,690000
-0.18886581,-0.19397229,0.73735285,7.9770293,2.2985764,99500
8.631774,0.6138519,1.6365833,6.356025,3.2690263,179000
1.0002973,-0.04008267,1.1607548,8.105347,3.4840827,136800
-0.18171084,0.3621473,1.0613229,8.201769,1.8243895,119900
9.121958,0.5321824,1.8987988,6.0545616,3.2061872,100000
2.2106361,1.2702026,0.13817899,5.8170457,2.2083516,75000
0.019970525,0.007060729,0.69550514,8.38284,2.1662197,73000
2.39845,0.97027385,-0.2093007,5.8825707,2.331371,94500
2.2083378,0.6251754,1.432356,7.3913403,3.8244019,395000
1.3650725,1.0685645,1.3622484,6.8687177,2.6506202,158000
1.3521099,0.78926796,1.5624697,6.8676853,2.3947728,174900
1.9873362,0.9237856,1.2076287,7.1840553,3.489112,410000
10.364184,0.5186265,1.6944457,5.8675213,3.136711,56000
2.367333,0.76440084,1.3978615,7.2571583,3.7744176,590000
10.294608,0.43562597,1.4450561,8.021269,3.585171,119500
2.3283496,0.73688173,1.375183,7.278774,3.7828844,450000
2.319044,0.82115316,1.3515605,7.2575083,3.6857154,650000
-0.25082824,0.117913045,0.9634313,8.117328,2.124142,174900
10.644971,0.5168338,1.3981854,6.950121,3.2387795,108000
0.38857368,-0.07281272,8.782497e-05,8.296094,3.4588666,172999
9.652895,-0.4620877,2.4369514,6.879984,4.3081865,105000
10.439057,0.07373754,1.6649535,6.2010946,3.5807474,124000
0.7060069,-0.41187617,0.8197574,5.1036406,3.8606248,134000
-0.06205531,0.31198883,1.935658,4.9551787,3.8614323,99472
0.32503572,-0.24585134,1.1669956,5.1843596,3.2386205,77900
2.074371,0.605549,1.8144537,7.2037163,3.1008492,287980
1.2544048,0.49617255,2.4820626,7.212859,2.8856091,175000
10.144432,0.53135425,1.864501,6.500951,3.488721,56900
-0.5094703,0.043211795,0.59940475,7.708325,2.0332105,77200
8.708887,0.50461817,1.9516095,6.7728214,3.7760298,339500
2.6979952,0.32362065,1.7495339,7.1752687,2.8769736,330000
10.35441,0.33623156,1.5685036,6.5360923,3.1731155,122000
1.4622384,0.18974648,4.5865273,7.4036345,3.9580207,231715
4.0560126,2.0548463,1.4678631,6.9644547,4.2339277,439000
4.087502,2.087598,1.4779661,6.9425645,4.232696,319000
1.1026385,-0.043155983,1.038243,8.350093,3.7055032,149999
8.968296,0.7938585,1.8264546,5.990458,3.5247343,223500
-0.27299199,0.9301515,1.2370548,4.371373,3.0784512,78264
-0.2727288,0.9299951,1.2401037,4.3759103,3.0779953,73140
0.006431952,-0.8635871,1.1094955,4.474189,2.332258,69500
0.25401533,-0.51006216,1.3842226,4.997981,3.1353767,78500
1.3111845,1.0209626,1.3273175,6.810583,2.6166782,119000
0.36613968,-0.20011546,0.7785472,7.8343196,2.470243,99000
10.666892,0.6824282,1.5576979,8.212982,3.5775502,249000
9.160783,0.3631034,1.8488383,5.868377,3.8559089,110000
9.549894,-0.47558737,2.1374207,6.5231466,4.465485,112000
-0.31419802,0.050074305,0.18827896,8.806398,1.6422653,83000
8.683033,0.7819462,1.1559086,6.266119,3.492013,180000
8.414883,0.5139027,1.7109135,6.3087773,3.094388,185000
9.046283,0.45875624,1.6684381,5.9360285,3.626677,230000
9.040669,0.4841774,1.6684284,5.9654217,3.6004105,260000
8.378679,0.6506261,1.2969168,6.8327727,3.7395897,299000
0.81088257,-0.2192884,4.8242817,5.979924,3.4625885,108900
-0.54942113,0.12959331,0.6669635,7.5604315,1.8981537,67500
8.384869,0.6545681,1.3354031,6.8428445,3.7429247,245000
10.342935,0.40635264,1.6457002,6.57465,3.0878186,179000
9.289688,0.088733785,2.088989,7.390832,3.484642,184000
9.288837,0.045268156,2.0908952,7.3992167,3.408306,229000
10.44488,0.5326472,1.4861665,8.039623,3.58315,195000
8.211492,0.36256295,1.8329309,6.974246,3.3931587,439000
0.0044876668,-0.8556235,1.1071892,4.4743156,2.3252418,69500
0.32038194,-0.5456971,1.38861,5.0149665,3.197042,78500
9.07953,0.2904679,2.145132,7.0026793,3.5297685,329000
0.018105157,-0.23027726,0.73212683,7.875542,2.3334231,49900
10.245907,0.13516,1.6414299,6.4088764,2.8787496,124900
10.5700865,0.612176,1.4894694,6.3500166,3.023777,79000
1.8615137,1.0805662,0.5250251,6.474592,2.4079905,158500
0.9973984,0.18471318,1.1059924,8.065899,3.5754604,125000
0.93561083,0.3631959,3.4821508,6.9633393,2.9746125,120000
9.252245,0.17452992,2.1546247,7.2309465,3.3087122,129000
-0.09919748,0.1244177,1.0177438,8.236588,2.1121008,135000
9.757998,0.12937437,2.4292672,7.1231594,3.9507265,142000
0.69442123,-0.13633245,0.15456405,8.506917,3.4844086,95000
2.2049115,1.0315114,-0.041194525,6.028685,2.2769997,109900
8.510282,0.65691525,1.3018209,6.273625,3.3345616,95000
0.5411847,-0.09679604,0.98188096,7.61145,2.5936112,197000
8.865503,0.58780825,1.6180625,6.056257,3.3940563,71000
0.14545411,0.04780502,1.4406102,5.078819,3.258462,89500
0.14465912,0.041116524,1.4156415,5.1151314,3.2036648,114400
10.304788,0.6854722,1.8062731,5.863624,3.1791005,33500
-0.36337423,0.510491,1.8117037,4.7685266,3.4892266,98000
-0.1608476,-1.0172201,1.1366986,4.187867,1.9131438,69500
-0.35659656,0.51181823,1.7994131,4.786473,3.4480197,92500
7.856171,0.39223066,1.9780054,6.5601525,2.9608324,122000
2.6458378,0.47960252,1.7762787,7.13062,2.7739193,190000
-0.36235327,0.88654035,1.2332038,4.201797,3.2139046,107000
9.251599,0.032019127,2.093436,7.3580375,3.3980756,220000
8.793245,0.5223992,2.1102874,6.4911914,3.7216368,175000
2.1101441,1.5499152,1.3372034,6.7913513,3.1088588,215000
0.1951333,0.1925341,1.1674131,7.765056,1.2130842,68500
4.6548724,2.1816938,1.4815576,6.930783,4.3156924,115000
2.4549687,0.35319668,1.6342754,7.194374,3.251312,355000
0.38320878,-0.30796495,0.4156692,7.787539,3.559629,136500
1.2009728,0.0168907,0.80852664,8.108883,3.7373574,350000
0.1208134,0.09658979,1.4773078,5.0441465,3.2891111,78529
-0.15391368,-1.0150994,1.1415405,4.1938124,1.9262862,69938
0.15934102,0.053800985,1.4481652,5.0945263,3.2891135,95300
-0.36222884,0.5063237,1.8299122,4.757442,3.527158,98000
-0.33860484,0.4858593,1.8090419,4.808062,3.481653,78500
-0.31033418,0.13214995,0.549761,8.662968,1.7853659,115000
-0.47783723,0.7288852,1.6934462,4.5022182,3.407597,99000
0.36734602,-0.32818815,1.2431859,5.4126916,3.3237507,195000
8.848123,0.4504583,1.9666622,6.709985,3.879019,278000
0.5151169,0.54950064,4.252662,6.8015842,2.998856,73500
1.05385,0.0113769425,0.9982945,7.920004,3.552277,244000
9.220445,0.2569722,2.02189,7.289431,3.5081286,129500
8.979087,0.769004,2.3011208,5.838764,3.664534,73550
10.232114,0.50347847,1.7318741,5.813874,3.1496701,125000
0.7789418,-0.122946285,0.85016656,7.8697934,3.0574403,336900
0.36948094,0.34711927,4.445068,5.979315,2.9957774,105800
0.39207834,0.3250898,4.464453,5.982234,3.0005496,106200
0.42448825,0.3099616,4.521833,6.0466847,3.0481017,111400
8.932665,0.5718072,1.1087393,6.344374,3.5989227,92999
1.113869,0.20074233,4.6929593,7.5425444,4.3491287,132600
8.930798,0.701704,2.4678283,5.791327,4.03448,115460
8.932984,0.700308,2.4656377,5.7913866,4.0316615,113972
8.931513,0.70558786,2.4757032,5.784331,4.034036,105664
9.014642,0.7216938,2.4112778,5.761075,3.904333,89730
8.995337,0.72612953,2.4115083,5.756448,3.9202275,83592
2.0520563,0.92344594,0.31584606,6.2794094,2.3132257,136000
1.1597244,-0.33983105,0.86413044,6.9663258,2.8028965,279000
1.1184558,0.18679582,4.7147737,7.543057,4.360823,117082
0.38185996,0.33114144,4.4360905,5.9345613,2.9655893,88466
0.38119367,0.33450323,4.430506,5.9361134,2.9690285,87234
0.3723493,0.33502862,4.4108815,5.8840218,2.932046,78638
0.38067192,0.33072916,4.418335,5.9063687,2.9447927,78582
0.3812779,0.3302937,4.424648,5.912253,2.9523108,76734
1.0930996,0.02701211,1.0578412,7.908904,3.5300183,244000
1.4943212,0.20839843,4.366889,7.436387,3.9535959,191500
1.4265015,0.20420523,4.5214806,7.410362,3.954383,163500
1.4456103,0.19236383,4.5858927,7.4101243,3.9717762,156500
1.4542735,0.19464561,4.480237,7.410085,3.951642,148500
1.4879642,0.1136101,4.7994013,7.3919272,4.063152,136500
1.49351,0.10758854,4.8230968,7.3941517,4.074546,130500
1.4904174,0.106558986,4.838367,7.399343,4.0873456,128500
1.4783057,0.08715426,4.895243,7.403865,4.1365952,119500
1.4378036,0.16530257,4.487222,7.3456745,3.878962,116500
1.4302242,0.17339489,4.472649,7.363808,3.889424,114500
8.835089,0.27482447,1.8935992,6.944093,3.8523686,235000
1.4097328,0.15461901,4.5245204,7.311218,3.8809094,109500
1.217519,-0.28892007,0.895647,6.969603,2.8768218,349990
0.7734045,-0.09613945,4.9094343,6.090879,3.3990185,96500
8.430036,0.59842336,1.4789494,6.872189,3.7198672,430000
8.89111,0.4421068,1.8175362,6.987084,3.4183793,95000
10.502168,0.42940682,1.1826961,6.8190737,3.125344,89900
4.576074,2.2463613,1.4833932,6.933688,4.3686132,119999
10.734983,0.6606943,1.3698626,6.8263025,3.3263392,124000
0.87006366,-0.08985828,1.0778621,8.151991,3.6096952,170000
0.7787176,-0.10227503,4.9159703,6.0894823,3.404269,94500
0.76675695,-0.100766204,4.908034,6.07639,3.394616,90500
1.2151449,0.5157212,2.2402163,7.191141,2.733343,120400
1.3146001,0.52425057,2.2521102,7.1776667,2.8027291,116200
1.0044519,0.42663738,2.1089377,7.130945,2.5889304,112000
1.3037143,0.5661282,2.2809937,7.1913404,2.781104,107300
8.354112,0.544632,1.6178184,6.9513535,3.6691542,445000
1.0045488,0.43335897,2.1084688,7.1239443,2.5882936,105900
1.2790934,0.5642493,2.302392,7.1704903,2.7709117,103300
10.115155,0.37673482,1.6257101,6.5469866,3.6825566,45000
1.2968184,0.5701439,2.3000402,7.1890454,2.775429,100200
1.2640845,0.587928,2.3258486,7.2269287,2.7009885,98800
1.2788539,0.6030365,2.3379066,7.2562623,2.691032,86800
1.2106998,0.552203,2.3149066,7.1784744,2.676091,74700
1.2629322,0.59587234,2.3437757,7.1991754,2.7026644,67200
10.480199,-0.07351235,1.7741152,6.036146,3.2685404,170000
1.108687,-0.25479585,4.0036235,6.3135524,3.4465199,119835
1.03313,0.45791888,2.1704798,7.1408777,2.5159907,64000
1.797432,1.1025145,0.62701833,6.488363,1.9459245,129000
-0.23127417,0.040120844,0.280202,8.70271,1.7859317,123000
1.1001769,0.3518688,3.2535756,7.136483,3.056322,151000
2.266775,0.08731012,2.6501784,7.5964937,3.3566911,147200
1.1267872,0.31859788,3.14577,7.165304,3.0026062,146900
1.0858569,0.3466863,3.3137429,7.1273947,3.0663898,142100
0.07281142,0.09992681,1.1215599,4.4391117,3.111057,120000
1.0892563,0.34680602,3.308726,7.129098,3.067041,138400
1.1418695,0.2645698,2.999441,7.1548963,2.9068084,125100
0.97920966,0.36037564,3.4383001,7.012469,3.0061293,105100
0.9288991,0.36394987,3.4894543,6.9563622,2.9751418,81600
1.181601,0.1902148,4.6331058,7.499241,4.2564087,145900
2.0976408,1.0815651,1.5934359,6.9580574,2.6061168,144990
8.176072,0.29460195,1.862151,6.9602647,3.3007126,360000
1.1274564,0.19484831,4.6891165,7.5286803,4.3306932,133900
1.4569601,0.19741814,4.398205,7.4103804,3.9266596,125350
10.6592655,0.56800514,1.3790201,7.0424933,3.4052684,92000
0.45197454,0.30033246,4.5216155,6.0929017,3.0886924,115450
0.53534025,0.22497797,4.4385023,6.134481,3.0505266,100900
0.51669854,0.22075927,4.488001,6.0872984,3.0564444,88900
0.49564564,0.23721026,4.4962945,6.077153,3.0483928,87900
0.52097476,0.25294858,4.356811,6.14132,3.0156925,83900
2.0977082,1.5291637,1.3420266,6.800188,3.0939243,235000
2.688712,0.46776256,1.8100483,7.1541,2.7739837,228000
2.1213396,0.7479697,1.3666918,7.1790786,3.6185505,395000
2.4161918,0.98557466,-0.16857141,5.8671803,2.332708,115500
10.362688,0.17205736,1.6056085,6.4045024,2.946704,124900
9.736448,-0.39396834,2.3977387,6.770956,4.3733687,105000
8.477498,0.6305728,1.5861382,6.2921844,3.2564683,195000
0.86025417,-0.2580124,0.8379988,8.20707,3.5760946,220000
1.9569988,1.106149,0.29438984,6.310516,1.8570942,85000
1.0920514,-0.26979017,4.013294,6.263904,3.4384875,76033
10.3848,0.3830642,1.1080776,6.8086333,3.3255045,99700
-0.08516356,0.41918105,1.3126863,8.07861,1.8927137,115000
1.0886612,-0.2659716,4.017349,6.262577,3.437084,102479
8.710216,0.2654137,0.9025141,6.2875643,3.373154,81000
1.1398357,-0.22202641,3.8084197,6.2717776,3.415369,71499
0.016041862,0.092626944,1.1417811,8.144514,2.1252954,109900
9.542881,0.39132336,0.8635371,6.1795015,2.9769673,89000
8.091118,0.52618515,1.5358466,7.30008,3.8743546,308000
9.728312,-0.39876837,2.4025877,6.7838235,4.372536,105000
8.7428665,0.27824652,0.8914449,6.2819095,3.364989,63000
9.228136,-0.094501264,1.8141096,5.5866327,4.0520606,69421
10.376132,0.38073483,1.1181388,6.8074703,3.3243146,99700
10.5299,0.5880625,1.5181066,7.7405076,3.520466,219000
7.915243,0.40834153,1.9896388,6.5399537,2.9612546,330000
8.88543,0.23958386,1.328155,7.017551,3.5274892,130000
-0.072731785,-0.7062079,0.7204666,4.2767873,1.7984533,64170
0.52663964,-0.23191604,0.7070744,7.5659704,2.977964,124000
9.210328,-0.06776815,1.8887426,5.7379103,4.1455555,115000
3.1297724,0.1545699,1.9057485,7.1487684,2.5534716,437000
3.040292,1.7541709,1.5369498,7.0339184,3.9960039,103000
2.3966196,0.9732608,-0.1863212,5.8794866,2.3198564,91500
-0.06983396,-0.7038115,0.7188157,4.2807446,1.794192,69000
-0.3565404,0.596201,1.7521868,4.7049956,3.4323835,110000
0.5374611,0.44819584,3.4353352,6.047493,2.9600945,78000
-0.2049737,0.13462532,1.0044194,8.206476,2.0106733,155500
10.6569605,0.59795576,1.4711953,7.0703216,3.3706522,94999
2.1859217,1.3740458,1.3263906,6.888631,2.998131,129500
10.634461,0.6558174,1.5252002,8.163691,3.592802,158000
0.6717941,0.00476298,0.7017692,8.637604,3.199436,156900
0.26267081,-0.09810327,0.9495429,7.969777,2.2032828,41000
9.127998,0.63473976,2.2695267,5.946276,3.8108013,105270
1.3959057,1.029603,1.1534926,6.771346,2.5124002,204499
-0.25051454,0.20836832,0.76494515,8.463567,1.9036775,178999
0.73020273,-0.42310348,0.03165544,8.475539,3.677766,96890
1.4132605,0.22822613,4.514087,7.4387965,3.9312541,199768
1.427578,0.073948465,4.947021,7.4235964,4.2186275,131668
0.77397656,-0.09972352,4.9091024,6.0846806,3.3988044,106323
0.77395767,-0.099674925,4.910813,6.0860806,3.3994265,108041
0.3678044,0.34501168,4.4225354,5.91739,2.959174,97332
1.4855595,0.11126332,4.809806,7.3969502,4.0748296,133980
0.68437904,-0.012798887,4.776251,6.072251,3.290186,96810
0.36851662,0.3371939,4.413734,5.8808327,2.9319081,89810
0.5503739,0.42573535,3.544981,6.0308642,2.974103,102000
0.7933705,-0.34832075,0.39059466,8.374696,3.6376574,202799
9.080015,0.32963163,0.9520771,6.181861,3.3284867,71000
8.741865,0.80013305,1.0698569,6.199867,3.4876502,92999
3.1040318,0.16327576,1.899456,7.1418276,2.531865,337000
2.7400577,0.35688764,1.8229363,7.2007546,2.9650316,591000
0.2858115,-0.5361182,1.3779497,4.9886312,3.164737,78500
0.008118143,-0.85526294,1.0967485,4.4708285,2.3205795,69500
1.9949046,0.91623783,0.37622815,6.3947406,2.4409235,93000
1.2225701,0.5880932,2.3978872,7.077386,2.7874632,122000
2.918699,1.6401713,1.5191995,7.0624776,3.9534233,180000
2.3809316,1.2970787,-0.061713193,5.6878157,2.2140996,76230
0.5319853,-0.26205727,1.3395479,5.41132,3.644947,162726
2.5371537,0.3871155,1.6168321,7.1327467,2.9993017,412000
1.930387,0.6180047,1.9346485,7.1335974,2.8049426,264990
0.31032324,-0.26058018,1.3291227,5.2160344,3.31792,148400
0.528347,-0.42471638,0.87438005,4.9162397,3.0989857,109000
0.2893348,-0.32929757,1.2042631,5.2230563,3.2221704,75150
8.291075,0.5269551,1.9267737,6.640797,3.4056787,300000
0.1772067,-0.16450751,0.66388047,8.1136465,2.2066305,101900
9.57693,0.19230774,2.1451132,7.0987144,3.622729,80000
10.108245,0.40836838,1.2478751,6.875121,3.5218055,92800
2.043511,1.1793578,1.5828755,6.9110246,2.6062546,241879
10.653501,0.42148688,1.247435,6.757137,3.036498,144900
2.464449,0.40154207,1.6576544,7.247771,3.4068072,677600
2.8042305,1.4430412,0.108815074,5.860071,2.5095756,230000
0.83977187,-0.1191438,0.83750045,5.265789,4.619302,134000
1.101893,-0.28648463,4.012161,6.2619767,3.4472284,137000
1.3494003,0.96759117,1.6411195,7.019819,2.621803,155000
0.54272485,0.5736914,4.2269745,6.8307505,2.982598,129000
0.15286459,0.28084356,1.1690552,7.5640783,1.2800896,95000
10.625446,0.64515847,1.520954,8.242094,3.6009195,230000
10.684813,0.68736434,1.539755,8.218689,3.5896173,259000
9.214637,-0.09838381,1.7994943,5.814269,4.1187716,76900
0.642902,0.4693015,3.7538898,6.772721,2.9457285,139500
9.78179,0.24534607,1.9589804,6.658922,3.7988403,247000
2.2397935,0.7178483,1.4530365,7.2366014,3.6232574,297660
1.1110803,-0.3081459,4.0240564,6.256899,3.459188,84500
8.776751,0.23303516,0.9352253,6.259378,3.4011176,67000
9.703866,0.4625144,1.32804,7.533726,3.680453,287000
10.390123,0.056678265,1.8023213,6.13267,3.2429616,110000
9.60951,-0.31373698,2.1105466,6.5127645,4.3666725,128500
2.0046167,1.0798266,0.26447257,6.2659492,2.0583181,87000
2.0206473,0.96459585,0.2954935,6.296812,2.241669,93000
-0.51053894,-0.15386239,0.7118994,8.007746,2.1862483,144900
1.2538028,0.4482545,1.280513,7.7006173,3.563117,181999
2.0900936,0.69273037,0.7138972,6.457444,2.163551,169999
0.0055617034,-0.864082,1.1002591,4.469421,2.3212702,69500
0.25868818,-0.58280927,1.3736194,4.9304976,3.1608398,78500
0.09092034,0.23729055,1.0481468,7.645797,1.162281,132000
-0.11408562,0.2623628,1.1982483,8.2111635,1.9603614,115000
9.194723,0.4129382,2.116956,5.7072883,3.9281504,50000
9.811485,0.1792292,2.3361967,7.0538735,3.9442155,151250
1.4915948,0.64073056,1.4466953,7.2062087,3.5604475,295000
0.5832046,-0.30742005,1.1247039,5.555409,3.6344397,200000
10.36003,0.023584729,1.7682934,5.8863597,3.4016244,85000
2.015965,1.1907494,1.5689429,6.914668,2.6293697,172000
0.32015124,-0.25437883,1.1859938,5.1975718,3.2428753,95900
2.079583,0.60877347,1.8174204,7.206056,3.1109962,286770
2.7437449,0.037689038,1.8365086,7.271355,2.6084723,220000
0.53368145,-0.4241281,0.84093404,4.8781404,3.0777335,73500
0.0105322935,-0.8157712,1.154333,4.533432,2.4024956,105500
8.562922,0.62454927,1.6027427,6.278443,3.3108606,172000
4.2069225,2.2532537,1.4649744,6.9423966,4.3591757,255000
0.32548282,-0.3230164,0.10342976,8.041277,3.4867194,125000
-0.3660487,0.72900784,1.6364636,4.6523094,3.3533244,76670
0.3509083,-0.28856122,0.09840798,8.084653,3.474958,124900
-0.20977603,-0.14577591,1.0938842,7.688929,1.2215223,49000
9.843021,0.5274676,0.95255697,6.6815486,3.264131,155000
0.43700898,-0.17615518,0.8486887,7.7263417,2.4051354,79999
0.8224912,-0.09154548,1.0408939,8.1686125,3.5434575,174900
-0.1973954,0.15959918,0.7331182,8.550452,1.9744761,120000
1.8234354,1.1515707,0.8563495,6.6239862,2.3324814,176800
8.3970375,0.49174476,1.71091,7.1586595,3.7700026,750000
10.125165,0.37221518,1.8217692,5.8897867,2.8954077,59000
0.5079259,0.56190395,4.2691402,6.8219566,2.9876642,85124
1.0168064,0.046059225,1.0781964,8.073527,3.6289454,225888
1.155762,-0.36779848,0.85243934,6.9562874,2.796287,270000
9.815569,0.5304622,0.9477964,6.6829677,3.2575378,179000
2.013437,1.4742033,1.3347322,6.838752,3.0324616,130000
4.699647,3.5339007,1.4815454,7.030048,5.122713,185000
8.493815,0.53293186,1.3666763,6.892502,3.7422168,225000
1.5152174,0.62939817,1.4587988,7.284201,3.5815723,330000
2.0151076,1.2036422,1.5524925,6.8923397,2.6252332,193000
2.4202747,0.9950166,-0.18432848,5.8681393,2.3152745,81000
8.643112,0.6135757,1.0449001,6.3299346,3.4355478,155000
4.141448,2.1520035,1.4678074,6.939188,4.2747827,309900
-0.33172944,0.793878,1.5928555,4.6523576,3.257786,125900
9.826628,0.53626066,0.9410398,6.681163,3.2519436,185000
0.07445492,0.23546492,1.0372308,7.7514896,1.2010616,52000
1.4913677,0.10398772,4.8409705,7.3968353,4.0856886,128099
0.9288613,0.36513615,3.4899364,6.958051,2.9737008,74000
0.7213461,0.026288217,0.73571354,8.703825,3.1541317,230000
1.4904641,0.09639838,4.8581142,7.397558,4.1008987,127270
1.4980131,0.10128176,4.8456464,7.3942876,4.082518,125620
1.5025593,0.09528911,4.869045,7.3970666,4.096537,125620
2.0817707,1.0498751,0.3285378,6.143982,2.171994,104000
1.35515,0.12670311,4.6009088,7.201773,3.853713,117769
1.4673148,0.036844533,5.0532656,7.419498,4.253254,115700
0.79219157,-0.089790605,4.901018,6.1307707,3.4149814,101240
0.29323912,-0.369565,0.31918296,7.844249,3.4860218,94900
0.72091395,-0.027960585,0.67407644,8.612111,3.2990987,295000
0.72884595,-0.04786816,4.8424754,6.087207,3.3390949,96280
3.2146783,0.1317405,1.9733671,7.1906776,2.5618148,359000
2.4422574,0.42664412,1.5161502,7.097182,3.0546126,300000
1.1217312,0.54811156,2.4247828,7.0861945,2.764062,142000
-0.83273643,0.014348752,0.6691658,7.893514,1.970396,102000
10.134092,-0.5699818,1.9962945,5.8893175,3.9549959,64500
0.72120595,-0.06250587,4.8480654,6.0657673,3.3416998,95040
0.9238794,0.36863923,3.4880095,6.9541297,2.9692168,87000
0.78008246,-0.17066161,4.8439827,6.004217,3.424854,80992
8.694073,0.63340724,0.9843797,6.210786,3.437895,110400
8.8443575,0.8352367,2.6362073,5.6482983,3.9056332,72632
0.80469847,-0.21339037,4.8335867,5.983633,3.4576294,76033
2.9192924,1.4530094,0.16489436,5.8998394,2.575218,216200
8.649265,0.4404827,0.8928996,6.2542887,3.4033518,128000
1.5199114,0.23782235,0.7810778,6.9378176,3.2706532,165000
-0.23299688,-0.16433026,1.1014619,7.6804023,1.1993531,49000
0.7960346,-0.28899285,0.8015409,8.288483,3.541144,155000
8.86863,0.853212,2.6117465,5.7091,3.859332,118755
9.542421,-0.45421147,2.1703165,6.759728,4.0398626,119000
10.100694,0.37096384,1.7210761,6.397703,3.1905344,155000
0.21689141,-0.32882184,1.3251352,5.160299,3.1181774,89000
0.92981815,0.3647662,3.5000095,6.9613967,2.9831297,103310
0.655904,-0.21763864,0.9103969,7.7763,2.9108644,137900
-0.051838417,0.13142814,0.74688685,8.381526,1.427342,51000
10.213544,0.32014346,1.6025217,6.4747763,3.4547544,109000
0.7031602,-0.2604968,0.24065809,8.522057,3.635589,118000
9.439173,-0.43168518,2.2801657,6.922922,4.0533943,119000
-0.2382057,-0.17026287,1.0991775,7.6808524,1.1996135,49000
1.7509333,0.513496,1.5882849,7.3988976,3.8268201,209000
10.538717,0.5223565,1.3061405,6.7656007,3.2874393,169000
0.32583946,-0.35900974,0.10085482,8.012994,3.5032525,104000
10.042054,0.19784543,1.4797888,6.106088,2.6494176,65000
10.583488,0.59309363,1.4038601,7.9626236,3.6446874,179000
1.4635692,0.065291554,4.9716973,7.4161267,4.201402,118755
1.4838263,0.046655748,5.0406704,7.413377,4.221756,116391
0.77984744,-0.11710067,4.918462,6.066518,3.4093933,93438
0.81869775,-0.23235302,4.8533006,5.977161,3.4738998,76264
0.8369946,-0.22693394,4.804251,5.9962254,3.484675,74856
0.805967,-0.22591393,4.8334837,5.972833,3.4639328,72632
1.1869053,0.56369966,2.373497,7.1525626,2.714902,134999
9.167202,0.2137972,2.0945277,7.2596445,3.488293,139900
9.553852,-0.18413712,1.8633674,6.605673,3.5026634,125000
10.670155,0.6777324,1.5287749,8.181974,3.5959852,178000
2.0897021,0.3684465,0.86024934,6.665201,2.7786422,199000
8.905223,0.29592168,1.7774863,6.5571513,4.009689,249000
0.30296743,-0.33750448,0.10308715,8.01321,3.4813685,129700
-0.16282146,0.036337104,0.3334192,8.601052,1.9010969,160000
0.94424844,-0.16480257,4.1408615,6.1437707,3.3718202,121252
0.9524735,-0.16378753,4.1489153,6.1539936,3.3682683,61775
9.208616,0.5088347,1.6018059,5.7955217,3.4518855,65000
2.9627907,1.677304,1.5291392,7.056347,3.968314,147000
-0.38515827,0.022296438,0.91112167,8.097324,2.1016715,200000
2.426912,0.9888508,-0.189664,5.866145,2.318213,76230
1.9911349,1.118917,0.17380784,6.2725377,2.2571392,65250
10.077797,0.2812877,1.7637975,6.2947855,3.2870476,169900
0.032011073,-0.75847596,1.1840903,4.6061826,2.4947312,74000
1.9540749,1.0662287,0.37253278,6.3543944,1.7811656,49000
0.94163513,0.3561584,2.2890928,7.140909,2.4897995,88000
10.50643,-0.13551795,1.8118442,5.954135,3.3226461,99500
9.781705,-0.29818687,2.2599704,6.636325,4.3387785,110000
10.332461,0.5794693,1.7859483,5.693987,3.240222,68000
0.6115281,-0.1717617,0.093960285,8.71055,3.5934923,119000
-0.3753204,0.5803892,1.6794829,4.817536,3.1212108,104000
0.7873372,-0.071660735,0.9207723,8.447321,3.6028426,135000
-0.17004512,-0.0947907,0.20864558,8.664203,1.7074789,103000
8.581278,0.6873566,1.3492621,6.2958717,3.3053727,135000
9.632275,-0.5502363,2.446401,6.905742,4.2941995,95000
9.5095005,0.09964594,1.3577107,7.923645,3.5689802,114000
9.369034,0.015029556,1.7473015,7.614514,3.455805,115000
10.048858,0.20438445,1.5424078,6.059073,2.6859212,65000
0.10370369,-0.00078974833,1.3921224,5.08844,3.1403775,135000
0.6979728,-0.31383058,1.0125977,5.305498,3.9519722,240000
2.1031103,1.0550003,0.39323026,6.122427,2.129227,75480
-0.11492342,0.30588904,1.1977496,8.238351,2.0182135,116000
-0.1422548,0.0725594,1.1004379,8.212343,1.9793838,88000
1.9630488,1.2205429,0.3358787,6.2022805,2.2797863,65000
9.7415085,-0.51224035,2.3694952,6.572738,4.4830437,124900
1.314666,0.76193285,1.5947016,6.978379,2.277671,85900
-0.5206091,0.046181798,0.57732946,7.6684785,2.033301,64000
0.9460942,0.06494545,0.7754533,7.924869,3.930531,140000
-0.3158478,0.030172374,0.43657103,8.728247,1.766537,95000
2.6486053,0.5324171,1.7998674,7.132043,2.7329144,235000
-0.24419396,0.14511836,0.7327011,8.4791765,1.9400815,130000
9.253421,0.010930453,1.827699,5.7057934,4.130731,148000
9.051613,0.13288382,2.0441864,7.1437287,3.644802,220000
1.0108054,-0.19871917,4.0675745,6.2089877,3.3917532,101000
-0.16733004,-1.0128231,1.1184505,4.168928,1.8889322,57800
0.4196865,-0.46919268,1.3235475,5.156758,3.3675666,105000
2.2248788,1.3276964,1.354707,6.9091687,3.083005,169900
0.3130887,-0.15663657,0.046573646,8.198705,3.3592625,111900
9.214986,-0.12846898,1.9604028,5.9798822,4.212047,109990
2.6107514,0.573916,1.7748585,7.1146054,2.7253902,225000
9.011824,0.7697815,2.4284515,5.770119,3.7384007,72999
10.354364,0.23771836,1.0006692,6.545867,2.795721,125000
9.093169,0.6297582,2.079007,5.9275723,3.54302,113000
1.9357753,1.1924756,0.20809026,6.296156,1.9161959,55900
-0.6173095,-0.05114097,0.585531,7.745033,2.0944817,71499
-0.16722238,-1.0142337,1.121624,4.1752462,1.892917,77500
9.974331,0.33813184,1.828119,6.703645,3.6829016,80000
9.899411,0.3133979,1.4715314,6.958351,3.6287646,145000
0.43814626,-0.047400724,0.0013891178,8.338158,3.4753046,124900
9.040841,0.6760523,2.3804886,5.8036485,3.9419866,93100
0.5457871,0.24877518,4.5396037,6.1680956,3.1378746,132500
1.4094969,0.22877507,4.3424153,7.4832587,3.9886253,175123
1.5203224,0.5620353,2.1440554,7.30742,2.9588473,133100
1.5728621,0.5704104,2.1062326,7.308777,2.9763691,124300
1.155065,0.38093182,2.030467,7.3157573,2.7354667,122500
2.2992125,0.10524833,2.5600579,7.5634527,3.3891969,227500
0.72194284,-0.20746538,0.7718383,7.702947,2.9671724,196999
2.3017294,0.0971803,2.5650327,7.55804,3.3866487,194500
2.2984264,0.0880723,2.5995216,7.5694203,3.3818676,192000
2.309824,0.09545879,2.5499334,7.5541215,3.3864102,188500
10.541697,0.3562954,1.4063392,6.649089,2.9933379,119000
2.3013203,0.087993205,2.5997264,7.5743837,3.3845084,177500
-0.5825444,0.26843393,0.1421254,9.074727,1.4416205,108500
-0.17558958,0.0966199,0.6849467,8.531365,2.0540142,89500
1.5441946,0.5514273,2.1231136,7.352044,3.03481,175900
2.2931347,0.0797839,2.6242974,7.572013,3.3757322,165500
2.2970734,0.07768234,2.6213343,7.570874,3.3777454,164500
2.2482715,0.96833664,1.3049767,7.169199,3.6011057,375000
-0.47240222,0.8944625,1.2981588,4.119892,3.2760088,117800
10.311973,0.46258897,1.4809011,8.019295,3.5808318,179900
-0.17335525,0.00012112399,0.96502835,7.675714,1.2988186,47500
2.2874947,0.07907531,2.6338425,7.572393,3.3731513,151500
10.293395,0.4366327,1.7686185,6.7728825,3.5041513,114000
1.1532545,0.29952338,3.061716,7.182273,2.9577432,125000
0.31122127,-0.5317334,1.3681686,5.017419,3.1966767,64900
0.26538345,-0.38067394,1.3246508,5.1508226,3.144772,85100
0.27828005,-0.56856805,1.3718966,4.910997,3.201457,64900
0.0032290036,-0.86366385,1.1053052,4.472405,2.322166,57800
10.275608,0.33275864,1.2537081,6.629896,3.0368004,116500
8.794782,0.3171056,1.7912339,6.9253597,3.88692,180000
1.0818884,0.34808242,3.29708,7.1192226,3.0508547,119000
9.775916,0.17122567,2.3548021,7.0542207,3.9387527,99000
-0.010472236,0.39133644,1.3378541,8.064765,2.0379639,120000
0.16637352,0.17919151,1.0354846,7.7629943,1.2419094,59000
1.1408349,0.26912823,2.9897883,7.156743,2.9036272,115500
8.383222,0.4291975,1.8584704,6.6186805,3.1891992,390000
1.4635025,0.061183,4.9855714,7.4149218,4.2094812,110500
1.0719858,0.29810566,2.9760997,7.108038,2.8376632,107000
0.38509285,0.3272751,4.461321,5.957788,2.983422,94400
0.80706304,-0.15041035,4.94377,6.0348215,3.4402785,89450
-0.12555765,0.09652314,0.7145235,8.556509,2.1056638,240000
0.79665196,-0.1423938,4.9219246,6.0496974,3.4313207,89102
1.021044,-0.35204077,0.828946,7.1026535,2.7376702,118000
0.40627852,0.31985834,4.4957337,6.0251107,3.0304446,88000
8.999306,0.7188692,2.3978636,5.75516,3.933363,83297
0.79725873,-0.19660665,4.856439,5.994166,3.447788,82000
2.1916099,1.3193519,1.3520623,6.9009414,3.0842397,149500
0.8110678,-0.22407383,4.8360076,5.9793,3.4648592,76500
-0.32920986,0.12104136,0.79640996,7.6318007,1.4798043,58450
10.053274,0.038280573,1.5982323,6.309185,2.684135,120000
8.81541,0.8395244,0.9924515,6.0420794,3.3956375,155000
0.8781649,0.39181203,3.4785924,6.909522,2.9259367,60900
1.1065434,0.19314268,4.7001643,7.548911,4.3617163,119835
0.300738,0.39978305,4.2058105,5.6189036,2.8579798,97521
0.30127025,0.39950314,4.204665,5.6211705,2.859215,91736
0.30035582,0.40039334,4.2073574,5.6225014,2.8579905,90909
9.599041,0.3934464,0.8388824,6.1784973,2.9474812,93000
0.2999385,0.40083015,4.2064896,5.6208267,2.8570263,86777
-0.87468153,0.022898268,0.6540329,7.8676386,1.9514304,78000
0.30028486,0.40036106,4.206864,5.6213546,2.8581505,89256
0.7390669,-0.4408781,0.060974177,8.458626,3.69358,114500
2.0694473,0.57648075,1.8296559,7.177244,3.0175302,254600
8.056219,0.32046354,1.9638739,6.5910583,2.9654315,220000
0.2801187,0.41893503,4.224194,5.599541,2.8388581,86775
0.31744334,0.40060118,4.221026,5.6574297,2.8575828,73554
10.396631,0.50404674,1.4510164,7.9729137,3.5987926,199000
1.9278903,0.63130796,1.9006864,7.125216,2.8189201,171600
9.55659,-0.45233995,2.147751,6.53981,4.4331775,130000
8.758136,0.4063345,1.8631757,6.770689,3.8103406,165000
0.30140254,0.40128145,4.2110724,5.6290894,2.8569977,85124
0.5147302,0.5522966,4.250562,6.813659,3.000261,93000
0.31043157,0.39892828,4.219369,5.6532745,2.8591232,73550
10.658522,0.5791543,1.4062983,7.0502667,3.4078703,80000
9.705036,-0.5129367,2.3183756,6.491122,4.4526954,125000
10.586455,0.57825875,1.3895661,7.9420104,3.6337419,168000
2.3402264,1.0136337,-0.12508006,5.8910613,2.3231246,115500
1.4182966,1.1153029,1.5136819,6.939727,2.872312,265500
9.346767,-0.25643566,1.940431,6.1609483,4.1306,105000
8.091029,0.5077,1.6385344,7.2582226,3.8041005,675000
-0.1901289,0.009715505,1.0991309,8.1697035,2.123469,87000
8.897626,0.73650783,2.5012746,5.829856,4.01245,160950
-0.10103319,-0.9610004,1.1452986,4.2965584,2.0694592,74000
1.9267873,0.6072901,1.9331713,7.1400623,2.794929,176600
1.6545048,0.7232796,1.372212,7.290841,3.5555754,319500
0.51405156,0.5515111,4.2523723,6.811819,2.9995716,73554
0.5435855,0.25997615,4.4146624,6.2414045,3.0633895,112800
0.009647522,-0.8560971,1.1138197,4.484781,2.3497121,67000
8.978921,0.43164584,1.8513743,7.121736,3.471299,104900
9.006371,0.7834113,2.320407,5.8185797,3.695912,127500
9.171441,0.37851104,2.094693,6.142322,2.9769015,127500
9.315904,0.2768965,1.9086225,5.587371,3.9100912,66000
0.52612156,-0.18507192,0.5963979,7.7230177,3.7181828,145000
-0.028078409,-0.83423644,1.1538465,4.4576106,2.3041503,74000
-0.23821197,0.011012945,0.19846931,8.750394,1.7348615,115000
7.8638663,0.35051176,1.9673122,6.6173368,2.9711857,220000
10.137016,0.4368416,1.6510849,7.786869,3.4929454,169900
-0.16815273,-0.12496349,1.1027882,7.7119455,1.2557992,49980
-0.082118556,0.41773716,1.3233998,8.078009,1.9865059,84000
0.07601713,0.06314601,1.1566715,4.483188,3.1226835,99900
-0.031411223,-0.77663153,0.79732394,4.313104,1.7623566,68500
0.8997104,0.022865849,0.94738954,5.538303,4.4029593,165900
-0.4320874,-0.084080756,0.7008129,8.094675,2.1357193,118000
10.4742775,0.46898785,1.4839873,6.7594576,3.2776582,145000
-0.41275343,0.77806467,1.5882021,4.5393825,3.3383458,110000
-0.10737467,0.07119933,1.1325053,8.208435,1.9226217,88500
-0.35350078,0.70615876,1.6694934,4.678184,3.3982966,91000
2.0526123,1.0505309,0.23197131,6.1936517,2.2218275,110000
-0.3896813,0.7525923,1.603778,4.5847907,3.3324957,119000
0.7524711,-0.09370829,0.83616364,8.182717,3.6784244,134000
-0.15260148,-1.0012323,1.1273507,4.1941996,1.9042845,89900
10.265167,0.4397693,1.7573153,5.7182803,3.2018998,142000
-0.5289423,0.037640985,0.566747,7.665274,2.0473292,63999
9.50525,0.17475608,1.3812369,7.77777,3.6005352,132000
0.61384064,-0.14724852,0.11776597,8.699894,3.5528107,115000
-0.3611862,0.7337575,1.6176299,4.638811,3.3464227,145000
0.815246,-0.31677437,1.0630004,8.277685,3.5109482,129500
8.487372,0.48468664,1.6547133,6.2871227,3.0929773,119900
-0.6048079,0.1295501,0.6673027,7.6111155,1.8539345,83500
1.3481756,-0.11519387,0.98800844,7.017909,2.8704588,295000
0.22989893,-0.34202567,1.3350005,5.1519256,3.112718,82800
10.593729,0.32846817,1.0448519,6.6156607,2.880888,94499
-0.28473398,0.121704526,0.8172258,7.6418095,1.4336712,59900
1.1020427,0.308714,3.118174,7.142344,2.9717002,139000
10.540837,0.5325318,1.3508787,7.1014767,3.5228052,85000
2.0135539,0.31249675,0.8985376,6.690668,2.8800066,290400
0.90595,0.3392985,3.4399192,6.886913,2.9377337,91610
8.536821,0.58235556,1.2583727,6.7166243,3.6634378,116000
9.277732,0.29033506,1.9439266,5.6901407,3.9921958,103600
0.6621024,-0.20285952,0.8830991,7.764036,2.9135702,135000
1.2600912,0.24015836,4.413127,7.5143733,4.069087,209000
0.07374365,0.088600725,1.1468617,4.4701304,3.1323526,114500
0.3035614,-0.35647172,0.41087165,7.798215,3.4684768,116000
10.1134205,0.43036288,1.5668194,6.455564,3.3880525,105000
9.271793,0.2816693,1.9432694,5.6813006,3.9935586,93780
0.5518864,0.20883618,4.388179,6.1227555,3.0438719,93400
0.39355603,-0.14135861,0.90220374,7.7423644,2.3510635,94990
0.36745688,-0.28085428,0.66141945,7.667221,2.8479972,93000
10.067924,0.1408533,1.837987,5.874435,2.8886812,39500
1.2149497,0.21559386,4.529358,7.509501,4.1709237,146000
-0.27319217,0.12650576,0.76346403,8.222012,1.9471664,69700
1.1500511,0.5431743,2.2728202,7.165585,2.6671104,104200
0.81073487,-0.0095141,0.94333506,8.335514,3.6623025,129999
0.87002844,-0.061005652,1.0926458,5.624953,4.283335,149000
8.231108,0.42867213,1.7089368,7.1866903,3.7070534,195000
4.214518,2.2587957,1.4797388,6.930198,4.334963,124999
0.9227737,0.3509969,3.418456,6.908858,2.9397376,87000
9.749129,0.17662942,2.3586876,7.051436,3.932882,139800
0.52229476,0.544468,4.2379704,6.8108845,3.0006983,93000
1.0267444,0.34773654,3.6290736,7.120395,3.182156,107875
9.318736,-0.23485424,1.9812196,6.3720837,4.0070963,130000
2.3053706,0.08872059,2.6112976,7.580982,3.3823714,264022
1.1294903,0.19932885,4.685933,7.528724,4.3259287,148700
1.1373825,0.29599613,4.326384,7.394274,3.8912184,149000
0.5179216,0.5479439,4.2485185,6.812307,3.002192,85124
8.785433,0.88553697,2.6845596,5.854947,3.8073885,175207
0.71040857,-0.19793096,4.9302154,5.95176,3.387783,89102
0.8338291,-0.08896893,0.8502488,5.2843356,4.5872297,125000
1.4452466,0.19578028,4.5674834,7.4114337,3.9652376,179940
1.1062695,0.21403359,4.681875,7.536645,4.326116,122800
2.0467708,0.7721678,0.7236146,6.4251666,1.9998187,139999
1.7911377,0.6258867,1.9268217,7.2829785,3.070784,129000
-0.855701,-0.0042048357,0.66088134,7.8719926,1.9652364,67000
1.4441079,0.06468781,4.981679,7.422678,4.2225246,153720
1.4635907,0.17314337,4.637044,7.4080257,3.9946191,209500
0.71942973,-0.19521981,4.933615,5.95861,3.3962145,86000
9.246216,-0.18378213,1.8469849,7.6906676,3.2740269,89900
1.1155086,0.52588314,2.2369893,7.1828365,2.6306672,116200
8.982036,0.7983536,2.4387646,5.7519555,3.7443323,73554
1.7620442,0.8082056,1.3259343,6.9961147,3.694745,160000
1.2317154,0.57669836,2.3621738,7.2427096,2.6707563,87000
1.5786908,0.57809794,1.3936261,7.268574,3.5982854,295000
1.4357681,0.048843626,5.088571,7.451684,4.2758327,175206
0.4810367,0.25181857,4.4750605,6.0402994,3.0145528,78581
1.1297071,0.30150554,4.3174086,7.3863673,3.8758185,119835
1.1561886,0.1752953,4.6763635,7.4985094,4.310594,122000
-0.15925886,-1.0061336,1.1329587,4.18785,1.8968953,71499
0.42638856,-0.047882766,-0.008094291,8.335383,3.474264,124999
9.65379,-0.6864715,2.4802604,6.8679576,4.397406,127000
1.4704714,0.052093185,5.028911,7.412519,4.2207413,181818
0.52070284,0.5494359,4.2483068,6.81316,2.999544,89256
0.24745975,0.5018946,4.0925603,6.1223693,3.077243,65130
0.7781975,-0.10863137,4.9221864,6.074144,3.4046571,88620
1.1416982,0.18470274,4.709778,7.5281763,4.332428,110500
0.5143103,0.5490106,4.25271,6.8075514,3.000922,73554
-0.3151919,0.5685003,1.7019752,4.8636966,3.2373507,98165
-0.4546972,0.64312506,1.8317676,4.611155,3.4610825,99500
1.010457,-0.010206954,0.86001605,7.995229,3.6958451,210000
-0.054300953,0.29896453,1.0744647,8.315867,1.9770434,123998
0.48970282,0.24089967,4.483561,6.042839,3.0243769,71000
-0.30067685,0.14008461,0.88941175,8.038143,2.123162,235000
2.1702213,1.1115505,0.04189909,5.7518735,2.3384478,81900
9.101384,0.64483726,1.9652588,5.9146366,3.5101619,79900
1.9651263,1.4306734,1.323454,6.8251686,2.875446,155000
10.630114,0.6392955,1.5036459,8.257124,3.6070068,220000
9.230007,-0.12068729,1.850613,5.5905757,4.079916,105000
1.4122771,0.45325306,1.4294595,7.4777083,3.5455523,174999
-0.86307156,0.032806493,0.65306205,7.8599224,1.9548508,90000
9.272369,0.30486745,1.9583862,5.6474204,3.9753003,88999
4.7633343,3.6292331,1.4386063,7.0173492,5.204819,126000
9.328452,-0.040579617,1.7386634,7.626761,3.4447007,134000
10.089084,0.35659185,1.8328826,6.743144,3.7750945,141000
0.7939644,0.033697337,4.0041933,6.153075,3.1945367,125500
0.6729989,0.48488873,1.7778462,6.4525824,2.578086,106000
0.36538714,-0.2882561,1.1840359,5.247493,3.2465777,69699
8.288266,0.53607357,1.9191242,6.6273026,3.4140475,245000
9.239405,-0.10279878,1.8433421,5.5917273,4.054591,120000
10.226682,0.44274315,1.4772373,7.965591,3.5794082,405000
1.5960658,0.6424055,1.1607468,7.329207,3.2928052,175000
-0.06694643,-0.70108587,0.7143929,4.280704,1.7974836,60825
0.91675323,0.35175264,3.404302,6.9064975,2.9257033,104270
0.81693816,-0.08791364,0.9693626,5.3862233,4.5843577,94800
0.8606616,-0.0069432636,1.0031252,8.274012,3.723537,103000
0.68279797,-0.3622954,0.93907255,5.2915125,3.8429298,152000
9.160177,0.14898317,1.6246743,5.8005104,3.9675436,61000
9.348985,0.08428962,1.7032019,5.407004,3.976477,69500
-0.09171249,-0.7566292,0.76674634,4.2280736,1.8198848,64000
10.097965,-0.5679452,2.0040724,5.8923836,3.9199317,55000
0.007253126,-0.19290623,0.6683192,7.698967,2.4657295,77000
8.583402,0.7249851,1.0383521,6.3033023,3.4836442,94900
9.067961,0.61694795,2.344275,6.0395865,3.8622005,153065
9.166119,0.6150422,2.3146307,6.0410357,3.6596503,126167
9.14021,0.18705487,1.5941309,5.8241506,3.931486,81700
2.119065,0.61246794,1.3779737,7.396119,3.8626213,350000
9.155034,0.13862346,1.6191925,5.811256,3.9619465,70247
10.449065,0.52842087,1.4689819,8.042394,3.5742576,227000
0.7123594,-0.19380462,4.951151,5.955778,3.3968084,87000
0.5023435,0.23276106,4.4994802,6.0835743,3.0546668,92625
0.2460668,0.49685022,4.127495,6.1176877,3.07515,77000
1.1337417,0.18954226,4.696623,7.53027,4.3333044,126140
1.2378404,0.20227592,4.547766,7.4938145,4.1775723,159750
0.5123148,0.22412343,4.4925513,6.0872993,3.0576377,86900
-0.06784111,-0.7034654,0.71495163,4.2802935,1.8000112,58000
10.428428,0.045438107,1.6955974,6.1640215,3.5698009,78900
9.847499,0.19028969,2.4359834,7.1268115,3.9588275,135000
9.65323,-0.64195824,2.4856107,6.8924546,4.375006,105000
1.4094709,1.052995,1.614932,7.024888,2.7585392,180000
-0.05022101,0.3494003,1.3258724,8.13691,1.8456097,69950
10.502002,0.55488986,1.4396596,7.548388,3.6455266,245000
8.538991,0.41232568,1.6126463,6.893453,3.6444802,220000
0.14261487,0.047447838,1.4792855,5.1011715,3.3047502,91000
10.323271,0.39073837,1.7582916,5.6750774,3.1579618,87000
1.1158955,0.19389564,0.70359963,7.723577,3.5611584,289000
1.7612691,0.2716382,0.88689405,6.74586,3.0842643,239900
2.279222,0.1549627,1.593014,7.0779676,3.3136284,499000
8.573577,0.74510175,1.0883727,6.2973275,3.42871,109000
8.791135,0.8498364,2.6414776,5.862104,3.8275373,148760
1.1342286,0.29566547,4.3228197,7.397129,3.8936558,119835
-0.31652683,-0.12628148,0.07394402,8.731003,1.3650899,129900
-0.04853904,-0.027958049,0.38633746,8.331486,1.3008741,69500
0.5251196,-0.30530307,1.1125152,5.3439384,3.4833372,135900
1.9395653,0.6220348,1.9273245,7.126834,2.7969222,199650
0.2564356,-0.33534202,1.3242428,5.1675506,3.164997,118000
0.5452741,-0.32871717,1.1881485,5.407455,3.5724466,170000
0.06815018,-0.7290235,0.89646447,4.470864,2.2382963,77000
0.5517421,-0.42044106,0.8648967,4.9491444,3.110243,111000
0.27815652,-0.31544054,1.1805294,5.2301464,3.2061758,87750
1.1287423,0.19251972,4.7027493,7.53821,4.339237,190777
0.535051,0.21551655,4.445256,6.098319,3.0526536,173030
-0.08189578,0.18733205,0.6547392,8.001923,1.0938365,83000
10.239641,0.2066075,1.6642759,6.5142117,3.42013,116000
2.0098877,0.784214,1.3723198,6.94982,2.7233462,174900
2.331805,0.9792116,-0.13830018,5.921893,2.318134,150000
-0.0826614,0.08662364,1.2179238,8.233213,2.1101766,128000
-0.46671736,0.29935148,0.8926499,7.747974,1.8792033,120000
-0.3268844,0.58294874,1.7114182,4.806175,3.3296561,119000
1.1989652,-0.33226672,0.8517657,6.96434,2.7941496,299999
9.755631,-0.50690293,2.3365922,6.593818,4.3869667,94900
1.0913743,0.22160563,0.6466613,7.739485,3.5752149,204900
10.644255,0.53883386,1.4770833,6.9942145,3.1533244,150000
0.88392115,0.023024488,1.1351141,5.6968436,4.2615547,134127
-0.87357014,0.031631242,0.65407526,7.8820567,1.9447684,90000
0.80401385,-0.086410575,0.9253452,5.3263874,4.620161,114708
0.7689424,-0.4094204,0.12151759,8.398535,3.6670542,143500
0.8072329,-0.36673436,1.0201973,8.444955,3.5158644,139990
0.92530614,0.013193657,0.9253711,5.5289474,4.4538555,123900
-0.17219672,0.818785,0.9849894,4.0997896,3.1224532,83000
1.9262276,1.0728984,0.49650028,6.302984,2.313667,138999
9.423411,0.31223375,1.961562,6.4548316,3.931826,295000
0.6944002,-0.057718858,0.5302752,8.493856,3.3451443,200000
0.5250425,-0.24390654,0.7869781,7.6612425,2.5757391,124500
2.390558,1.2600645,-0.048368163,5.735805,2.2417448,81000
10.011767,0.27884865,1.8370234,6.0001683,2.8377473,68999
8.6750555,0.23915121,0.88297296,6.2597337,3.429707,67000
10.112103,0.45580232,1.8359778,6.5315385,3.627799,32000
-0.11380726,0.03818114,1.1046895,8.236971,1.9745835,118000
9.739871,0.14501625,2.4145255,7.1174054,3.9279537,142000
9.277715,0.124318115,2.2242692,7.276405,3.2727757,195000
1.8834183,0.7956236,1.2630699,7.2758355,3.4898775,288500
0.44779146,-0.3559742,1.5498167,5.312548,3.2796307,254500
0.6146321,-0.2679231,1.3788834,5.54102,3.4773207,319500
4.656612,2.2391403,1.455483,6.9768977,4.431789,280000
2.0775757,1.5082324,1.3579786,6.8111005,3.0891056,235000
0.38828,0.008878924,1.1137245,7.8191547,2.08086,94500
-0.017842704,0.010465774,0.8527597,7.9380016,1.4538459,79900
9.221277,0.13331729,1.9146067,5.8421683,3.4314203,199750
10.049715,0.17131436,1.8437396,6.3356185,2.8335338,124000
1.0163041,0.33796385,2.3292153,7.1787148,2.6434839,170000
1.7568369,0.7063732,1.2716292,7.3307858,3.5637703,409929
8.932087,0.3807703,1.0754251,6.323919,3.3965018,99900
2.103238,1.5455879,1.3459162,6.7948766,3.1048498,215000
0.49880534,-0.2506758,1.3665776,5.372262,3.6462224,136263
2.2721617,0.49107054,1.7493678,7.210485,3.2453008,410190
0.92627126,-0.2513108,0.5844982,8.353989,3.6944687,225000
-0.36767176,0.91214746,1.1880887,4.1470714,3.1856775,103000
8.983531,0.24132235,2.0563664,7.241008,3.6001208,234900
10.453013,0.5751563,1.5742881,7.8853393,3.564686,195000
8.494781,0.6224652,1.6274922,6.2994623,3.2397993,180000
2.23765,0.7445983,1.4131174,7.201869,3.6870534,720000
2.053861,0.98373616,0.34067944,6.244429,2.2105417,149000
0.0016410965,0.42390734,1.1988916,7.9745913,2.0468366,210000
0.1086477,0.044314012,1.0913501,8.24707,2.1093407,92200
0.6237616,-0.28680488,1.1022567,5.5276074,3.7336802,169900
10.541289,0.5615872,1.4124681,8.016217,3.6262434,168000
0.79123753,0.018755995,4.058583,6.135429,3.1995912,85900
1.1170586,-0.29968238,4.021009,6.2359066,3.465013,96280
2.0271425,0.3772644,1.6105688,7.152597,3.8389432,209330
1.1121067,0.3545557,3.2218056,7.147587,3.049333,126000
10.330899,0.5982863,1.7791113,5.723292,3.2390838,36900
9.566493,-0.2779735,1.9360776,6.4213185,3.6323733,108000
9.342437,-0.062213916,1.8143743,5.4990454,3.9668078,64500
0.6804065,-0.19973814,0.90456736,7.729067,2.9087052,108000
0.529139,-0.43272534,0.8742268,4.9036446,3.0786111,75500
1.4251521,0.20331725,4.552202,7.4107313,3.9585996,235208
1.1113672,-0.23311746,4.0060186,6.3504047,3.459057,148760
1.1223096,-0.32004073,4.0241423,6.2614083,3.4692903,89000
0.0019734164,0.141945,0.90224624,7.7250757,1.3805779,39500
1.090387,-0.26604697,4.0137744,6.2616,3.4369006,80991
1.1006186,-0.24941313,4.0057125,6.307017,3.4411776,73554
9.372653,0.30028018,1.3743577,7.798123,3.7256544,167000
1.0936601,-0.2669654,4.0077276,6.261031,3.4399567,73554
0.8334568,-0.11559486,1.0314381,8.302926,3.6649914,130000
-0.8675396,0.038124863,0.65508914,7.866068,1.947556,90000
1.0906452,-0.26521012,4.012473,6.256849,3.438212,91736
1.0874147,-0.26224735,4.0134187,6.25798,3.435663,86777
1.8444358,0.78620726,1.2691172,7.2790236,3.471548,317700
9.560435,-0.37187678,1.8800035,5.62574,3.9898252,48500
0.28253493,-0.16027234,0.058131058,8.177237,3.3744068,112000
10.319312,0.4962839,1.4837879,7.9817753,3.5951908,545000
1.1257656,0.29955012,4.318794,7.3908596,3.8870718,119835
0.77124083,-0.039014664,0.3124488,8.368889,3.5064383,207700
10.055049,0.30296355,1.7892956,5.991967,2.7947466,69500
9.344277,-0.02557102,1.7428806,7.6180906,3.441206,118000
0.16918425,0.16643694,1.1206077,7.7627683,1.2656915,80000
-0.49849302,0.18686332,0.7506257,7.5634966,1.8996114,120000
8.198176,0.48725837,1.8662761,6.5598764,3.2033367,290000
1.9739754,1.1298311,0.3694194,6.225579,2.228994,77500
0.51470363,0.5416104,4.2365036,6.79641,3.001803,73554
0.58089954,0.4560086,3.4092243,6.0588923,2.97308,120000
0.5867162,0.4595771,3.3941498,6.0632796,2.971912,115000
0.9775487,0.12562367,1.2196244,5.9302607,4.1676126,188000
0.5141148,0.550715,4.254327,6.809604,2.9996202,73553
1.4363536,0.07823511,4.9363594,7.422092,4.2012377,202479
0.922837,0.34685612,3.4779172,6.907204,2.969784,103600
0.7835,-0.2232969,4.8392615,5.9605107,3.4479373,71000
1.9473376,0.91674024,0.5873371,6.4388275,1.83407,126999
2.243798,0.6859138,1.6479373,7.188489,3.0612984,338000
4.7588463,3.6215508,1.4406183,7.01779,5.199169,250000
10.257016,0.034884714,1.7803007,5.8208337,3.456916,87000
9.049415,0.5638977,1.6247525,6.0387163,3.451274,225000
2.4000943,0.5448728,1.5234916,7.3382435,3.9258385,308000
0.18785797,0.18118332,1.1714731,7.7662997,1.2166145,62000
1.9935237,1.1079079,0.16460922,6.275491,2.2689335,60000
10.601318,0.323446,0.97246164,6.618288,2.856421,110000
2.0307727,0.7451466,1.6070265,7.2577596,3.2037838,295000
-0.061115526,-0.64187676,0.7008919,4.322715,1.7368749,58900
0.39054057,-0.16070952,0.8776736,7.837066,2.4491072,72000
10.573631,0.6178,1.4812791,8.0313635,3.588915,249990
2.4109097,1.3250169,-0.063427776,5.667375,2.2393463,76200
1.1168915,0.30723366,4.3149014,7.3795047,3.865023,145900
1.993832,1.1099981,0.16650753,6.2795954,2.2580256,56500
-0.06035134,-0.6470991,0.7069555,4.32382,1.7420976,59000
1.0016602,0.312942,3.2041085,7.0304227,2.8757608,119900
9.247233,-0.17414527,1.8376169,7.6781316,3.2845092,104900
10.235779,0.6212669,1.8182126,5.8827,3.1889524,83500
10.404249,0.20724893,1.5318124,6.475347,2.914592,88000
-0.67881143,-0.016582245,0.58798,7.747141,2.0402515,72000
9.523599,-0.25130022,1.9552205,6.5361757,3.8035684,101000
10.562245,0.57468224,1.4059347,7.925015,3.623188,131000
1.824978,1.2155148,1.4150457,6.8642206,2.6584697,195200
0.70569414,-0.03780013,4.800709,6.0708666,3.3205473,84500
0.4514892,-0.28330946,0.6487324,7.6487308,2.9399993,110000
0.8461672,-0.20060892,4.682267,6.018936,3.4452612,76000
9.240798,0.20294142,2.093361,7.256361,3.3828807,99999
8.770666,0.20432796,1.2080041,6.4749126,3.6996834,149900
9.676251,-0.49948338,2.2232108,6.408183,4.3401976,59900
10.093624,-0.571819,2.0067978,5.887062,3.9212973,55000
9.427872,-0.33521464,1.8544413,5.545341,4.0371604,46998
0.2195745,0.22548488,1.1659002,7.731247,1.202518,59999
1.8569883,0.7404816,1.9113792,7.1513495,2.8223076,95000
1.9525813,1.1485538,0.32978782,6.250525,2.201277,58000
1.104041,0.19111088,4.7118816,7.5537,4.3687563,145000
0.0074833794,0.37283725,1.320107,8.112757,2.0424948,180000
10.011328,0.49846932,1.5460666,6.5599823,3.512372,100000
2.3651135,1.257108,-0.059293095,5.7057037,2.2606208,81000
1.1030293,0.1921888,4.7101536,7.553788,4.368613,119835
0.34552127,-0.32353806,0.14254005,7.9381685,3.4816642,128000
10.509087,-0.13449335,1.8042513,5.9620357,3.3103883,99490
8.889535,0.72726786,2.4425688,5.838878,4.0050173,130000
0.7159278,-0.35281733,0.8869801,5.1856565,3.986286,112000
10.340761,0.37437105,1.7580761,5.6633205,3.1531956,62500
-0.053774234,-0.70604324,0.7020422,4.266039,1.7785585,69000
-0.5699664,0.75908536,1.6487042,4.6483345,2.876091,61000
10.317442,0.2563522,1.4540743,6.533068,2.8812392,103000
8.425064,0.6483543,1.3346926,6.847882,3.7502275,229000
-0.3783792,0.7346559,1.6041783,4.640866,3.2593176,120000
2.193728,1.0286819,1.2684777,7.061531,3.5101612,320000
-0.068367936,0.30450755,1.0156013,8.208906,1.9501823,130000
0.31228995,-0.17004696,0.10109958,8.12858,3.4068472,147990
-0.077932104,0.21839616,1.2813572,8.194442,2.063472,115000
9.010747,0.6264411,1.560041,6.0522585,3.7050166,149000
1.2305555,0.057035785,1.1399434,8.020393,3.6348698,415000
9.652154,0.40201026,0.83412796,6.1954656,2.9353974,75000
-0.080929674,0.26778477,1.0272815,8.350419,1.9660293,109990
9.016009,0.6282812,1.5828288,6.0504446,3.6996367,149000
-0.08311453,0.23584154,1.0032617,8.365221,1.9473408,109990
0.7889938,-0.40802443,0.16661109,8.345146,3.673048,159999
10.629545,0.65800405,1.5211524,8.104765,3.597535,225000
0.83259785,-0.3241014,1.0151947,8.295415,3.4974608,145000
8.773407,0.81601787,0.93463093,6.1119633,3.4127398,42000
8.957487,0.07132906,2.0023959,6.6552577,4.061339,151000
8.520323,0.42036957,1.6646129,7.122467,3.7728984,480000
1.1458694,0.2823598,4.2834287,7.420076,3.9583714,119835
1.8812183,0.82831204,0.6161809,6.6084785,2.6886334,169900
8.987976,0.29319,1.2374262,6.5510817,3.4987867,149900
9.490445,0.1838771,1.5738473,7.5241113,3.5664864,144000
-0.076283686,0.117535256,1.2290676,8.217164,2.1056778,109900
1.1158073,0.3087191,4.307736,7.362771,3.8315153,123140
0.3239561,0.39293677,4.223449,5.6850967,2.8654187,85124
8.611598,0.54682255,1.4616117,6.8059306,3.7895274,295000
0.3206696,0.39589694,4.220484,5.6790547,2.8624299,85124
2.0487666,1.1136682,1.4599456,7.082272,3.4859316,175000
-0.24562556,-0.08354623,0.15193322,8.724402,1.5654665,110000
0.765241,-0.09942685,0.35448074,8.458219,3.5318475,159999
1.9964994,1.0908782,0.1289073,6.287085,2.2387094,181500
0.54603606,-0.07126729,0.2837477,8.186509,3.4564354,297999
8.78746,0.87465274,2.669964,5.848808,3.821602,175207
2.070879,1.1414002,1.5991472,6.9178853,2.5888498,228000
1.3386136,0.11688602,1.2609463,7.8606625,3.5473435,275000
2.431907,0.53102255,1.5378193,7.3106365,3.8482041,599000
8.985821,0.6024652,1.6619172,5.9907565,3.4241908,80000
1.6157926,0.27155957,0.86087364,6.7570987,3.152281,263499
0.70841414,0.03442571,1.2807608,5.5779862,4.1069427,100000
8.787949,0.8738118,2.6733139,5.850541,3.8201704,148760
9.727123,0.13167295,2.4102051,7.104034,3.9169018,119900
9.550662,-0.47447,2.140348,6.5126276,4.4381304,120000
9.670193,0.14915098,2.398259,7.071656,3.9289072,125000
9.1780815,0.4509852,2.126389,6.054299,3.1115978,80000
0.711898,0.62000144,1.5652004,7.5751243,2.3820727,189000
9.751241,-0.42305145,2.3657842,6.6549683,4.42565,154990
1.961833,1.2153252,1.3393384,6.963127,3.1171184,365000
2.0338702,0.81187415,0.7544499,6.448186,2.0337298,165000
1.8709722,1.0008062,0.58292747,6.461537,1.8372093,128000
-0.2824957,0.21352345,0.93790764,8.038145,2.0951817,239000
9.964925,-0.19540744,1.9808787,6.0402894,3.084956,69980
1.7356012,0.7863767,1.2532676,7.1480875,3.5762837,363000
-0.55523926,0.1437837,0.69113505,7.5761805,1.8971863,69000
8.832106,0.41776854,1.0178183,6.289246,3.3279831,60000
9.43706,-0.34409973,1.8505163,5.534066,4.0330706,46999
10.50901,-0.12448321,1.7972057,5.9655185,3.3058937,87999
9.882373,0.16330737,1.998214,6.2947335,2.8291311,107499
9.755085,-0.5278807,2.355853,6.5902233,4.443749,78000
8.900421,0.47897166,1.8558316,7.28837,3.5600882,188000
0.87234664,-0.31908825,1.0761935,8.379434,3.5111976,107000
0.5849023,-0.12211146,0.09598136,8.668469,3.5000086,143000
1.1086446,-0.12780218,0.9946881,8.33261,3.6950045,240000
1.0651582,0.20238943,0.62154245,7.7615886,3.5924582,204999
9.514299,0.10502115,1.3436099,7.9280477,3.5781672,169900
8.777647,0.19936097,1.5576186,6.31676,2.9622943,256000
0.806765,-0.05289185,0.94046175,8.517319,3.6553378,159000
9.908,-0.243095,1.986217,6.0604043,3.1889267,65000
-0.34246314,-0.11163091,0.08236974,8.753645,1.3428128,93000
9.851844,0.2080457,2.3729653,7.117327,3.9534361,173000
-0.212667,-0.09442386,0.15207204,8.710596,1.6140453,115000
0.591036,-0.262324,0.7518589,7.6634083,2.7642841,162000
0.65904903,-0.18417843,0.86928254,7.7812653,2.998813,125000
9.589343,0.38929895,0.84676796,6.187165,2.950832,95000
0.91287696,0.033941224,1.0525583,5.679662,4.2978106,248000
9.006878,0.3179911,1.8877842,6.3606844,4.056747,160000
1.7984035,0.7389167,1.2199059,7.300022,3.577856,360000
0.35693702,-0.26867938,0.08447266,8.1439295,3.461022,124900
0.16758727,0.13106887,1.2079698,7.824035,1.2804574,73000
1.0078493,-0.06619433,1.0591419,8.275396,3.7095447,164000
0.07931459,0.29153576,1.2566752,7.9525137,1.4892482,57000
0.32211587,0.38980848,4.2464566,5.6890554,2.8682094,73554
2.1265967,0.5833244,1.4505891,7.436859,3.87621,649999
1.6478442,0.7625229,1.2052711,7.082673,3.5944722,205000
10.545784,0.57172674,1.4175527,7.9076457,3.6117866,195000
8.469635,0.4651574,1.5913644,6.89962,3.6735322,298000
8.113101,0.50991976,1.590002,7.2460275,3.8166234,385000
0.31982094,0.39232317,4.2327676,5.671369,2.8617682,73554
2.0330787,1.0979289,0.091395736,6.2117815,2.2322092,74850
2.0063615,1.1285942,0.38532966,6.1861124,2.176892,69500
8.104738,0.59723485,1.5511752,7.1409154,3.7857902,374000
8.0619545,0.598554,1.5410348,7.1836677,3.8067086,374000
0.23082611,0.24059926,1.2063274,7.733128,1.2528497,62000
10.543729,-0.1759655,1.8174568,5.9142003,3.3366945,72000
8.757844,0.50006706,2.093243,6.557543,3.8249462,155000
1.9706345,1.2931582,1.352862,6.898375,3.098554,159900
1.1786742,0.22368023,4.516927,7.470687,4.129595,175000
10.538897,-0.15743107,1.8118807,5.9343195,3.3239858,65000
9.179767,0.24016623,2.0632305,7.2162943,3.367897,120000
8.89385,0.3867945,2.0401309,6.88799,3.6848302,178000
0.5863589,-0.023519406,0.69158393,8.571911,3.123035,118000
8.730751,0.48123285,1.9832715,6.753385,3.786746,165000
9.135218,0.57854795,1.5627215,5.9049788,3.386024,73000
9.173544,0.2002842,1.7034268,5.819781,3.9438818,155000
-0.54490423,-0.15745881,0.69084454,7.957259,2.1953013,89900
1.0049869,0.11268126,0.8613562,7.9177175,3.741881,253000
9.38996,-0.36309123,2.214788,6.8880496,3.9719481,143900
0.80820096,-0.3116443,1.038736,8.334635,3.6131084,129900
9.647812,-0.75609356,2.5183146,6.9036727,4.424737,125000
1.4892257,1.1267183,1.3528823,6.7443137,2.7687867,294900
10.067274,0.3274029,1.9048222,6.8708973,3.84103,124900
1.0656995,-0.042027995,0.86346287,7.887937,3.5670314,280000
7.879175,0.38795036,1.9842188,6.597309,2.990464,400000
0.5062553,0.13526283,4.4963145,6.0646305,3.1263258,131250
9.769289,0.18242092,2.3356736,7.0336604,3.9126723,147000
0.36657935,-0.4440611,1.4715145,5.1448035,3.2815676,72000
0.74911046,-0.28480265,1.1060998,8.102256,3.1917052,133500
-0.28551653,0.9112154,1.2726958,4.406729,3.0893373,107500
-0.29032975,0.25449616,0.7998073,8.381561,1.6855476,54899
10.015782,0.5001901,1.5517774,6.564804,3.5191567,105000
-0.57219255,0.11658691,0.64191663,7.5630927,1.9046649,74999
9.971818,-0.19584613,1.9741135,6.0395565,3.0925372,69990
10.07601,-0.52663416,1.9502252,5.8392744,3.8601856,59899
1.0951293,0.31838763,4.298351,7.3567495,3.8181622,115702
0.4768443,0.52120966,4.253489,6.7421265,3.0114086,105500
0.6717419,0.47384748,4.2354565,6.9375515,3.185243,82616
0.83984226,-0.29689604,0.8366489,8.394856,3.5619369,227000
0.72252864,-0.19748561,4.928642,5.957872,3.4016848,117525
-0.11115317,-0.74847394,0.8360536,4.298534,1.806346,78900
0.3685168,0.3414231,4.367136,5.839946,2.916389,89000
1.1154381,0.20491041,4.6920652,7.5340667,4.338456,134000
1.0634068,-0.23094061,4.000426,6.248863,3.4138508,109445
1.0557677,-0.22661316,4.0026164,6.239449,3.410258,103365
10.60242,0.3234537,0.97557044,6.6100836,2.855932,95000
9.263685,-0.0845055,1.9611279,7.5362344,3.3583915,159990
2.0037029,1.1308805,1.395883,6.976508,3.105402,365000
-0.3395405,0.5850902,1.6921121,4.852041,3.17824,103990
9.041706,0.61803657,1.4621563,6.0862246,3.724653,55000
9.657425,-0.74328256,2.4984848,6.8559475,4.421692,105000
-0.34025472,0.64408463,1.6660482,4.6832924,3.4104238,123000
10.228341,0.4138378,1.7492781,6.793095,3.6646085,92000
8.363406,0.6184449,1.428357,6.8572936,3.7181542,269900
1.9577497,1.1333342,0.45082566,6.2550335,2.333529,130490
10.47635,0.32987034,0.8532147,6.743306,3.030034,94999
-0.07241857,0.19403751,0.6912416,7.951922,1.0804398,68500
0.807152,-0.01794695,0.95197934,8.540291,3.6728861,160000
0.3702198,-0.087609306,0.031178968,8.270326,3.4309933,147000
9.8329315,-0.36988047,2.257571,6.571203,4.396587,115000
0.58208114,0.4700761,3.370533,6.061478,2.9706337,106000
0.65801597,0.5081207,3.2629004,6.1248245,2.9811537,138000
1.4056141,1.0625674,1.5580225,6.97392,2.9680622,185600
1.54067,0.684819,1.4582564,7.306562,3.5333407,226800
1.4678389,1.1112471,1.5874864,7.0262446,2.7647176,151111
1.0543313,-0.19780616,1.0625135,8.403933,3.6511385,189000
10.047674,0.31492528,1.338467,6.6178904,3.283455,105000
1.0509491,-0.23180525,4.0178533,6.2234144,3.4126468,82492
10.104924,0.24512899,1.783181,5.875525,2.8335075,39500
-0.5232399,0.6836388,1.8608782,4.5439997,3.5035214,55000
-0.12367199,-0.76616716,0.8179221,4.286362,1.8184013,73000
1.6548567,0.6931037,1.1844884,7.3111253,3.4169724,79900
1.0392306,-0.102375105,0.9431373,8.252358,3.7206388,248000
10.355183,0.2496263,1.5852524,6.4933863,2.8993516,122500
9.368225,0.1859597,1.961553,7.4267316,3.5030727,153000
8.474334,0.39486524,1.6729676,6.9042006,3.6101978,359000
10.116064,0.13317943,1.7860026,6.343391,2.7593188,90000
2.0950956,0.60635877,1.1574744,7.0928946,3.2073078,365000
0.8135616,-0.050385673,0.7057472,7.8325777,3.874968,210000
9.267071,0.14899921,1.8883815,5.6441665,3.872678,88400
0.8382326,-0.11286383,0.83802676,5.2673163,4.6209464,137000
2.2130587,0.10741378,1.5032108,7.0049357,3.2673216,254800
-0.17380449,0.81741804,0.9875226,4.101411,3.1226463,83000
0.90340525,0.01540293,1.018356,5.601511,4.3635263,165900
0.5816872,-0.25649074,0.75506026,7.6303988,2.7914703,205000
0.931983,-0.010140256,0.835626,5.4264946,4.5262914,100500
10.497465,0.5517281,1.4006113,7.843188,3.6167343,195000
9.738302,-0.50785935,2.3541358,6.5551114,4.474388,125000
-0.07240052,-0.025666567,0.3673064,8.38552,1.3025378,69000
-0.06871121,-0.02578355,0.37239495,8.383063,1.3000553,69000
-0.07685149,0.20721452,1.266015,8.210064,1.8879534,119990
1.8138938,0.17109574,1.1054524,6.701086,3.2390382,195000
-0.030005815,0.27349234,1.0994518,8.333575,1.9882834,119990
1.4729718,0.20831285,4.364077,7.431178,3.9615252,146750
2.2729192,0.09694575,2.6452863,7.6018887,3.3642457,169100
1.146206,0.26121414,2.9899204,7.1602516,2.8974414,130300
9.193932,0.22497201,1.1100217,6.320199,3.1333714,97000
0.9419664,0.3647274,3.479392,6.973109,2.9833348,100300
0.9410536,0.36419824,3.4774923,6.9729757,2.9810083,97800
0.27016768,-0.53860736,1.3884567,4.981464,3.163962,113000
0.25104752,-0.53267944,1.373514,4.9905286,3.13943,88000
0.05888144,-0.7351151,0.89151216,4.457559,2.2112389,64600
0.7674699,-0.06497674,0.9066237,8.432721,3.598745,120000
-0.3654476,0.9411077,1.1122957,4.0454907,3.2083054,76725
2.3160722,0.10669615,2.5941966,7.578062,3.388336,235000
2.3129416,0.09508103,2.5644739,7.562183,3.393467,211500
2.3266819,0.10476103,2.5614936,7.562484,3.391635,207500
2.2978477,0.09541723,2.6117299,7.5872207,3.3752213,176000
2.2988358,0.0769657,2.6218798,7.5738864,3.379226,172000
1.0938663,0.34627542,3.28354,7.131338,3.0576777,134000
1.0844749,0.34563175,3.3302329,7.1266932,3.074339,132000
1.1176566,0.28566623,2.9727623,7.148997,2.8614542,123000
1.0756994,0.3467216,3.3081539,7.112112,3.0493066,119000
0.74861026,-0.20221707,4.8917737,5.965289,3.4183009,81990
0.7662868,-0.21716818,4.84959,5.952356,3.4379416,74990
1.2911228,0.25022104,4.3299313,7.537899,4.010425,148760
-0.21614526,-0.17240027,1.0673431,7.7129784,1.2862699,49000
0.7665443,0.018214546,1.2323273,5.618399,4.152394,174000
1.5229167,0.8336597,0.08114821,4.9486246,2.6500216,129900
0.30692738,0.40226135,4.1900487,5.637073,2.8585465,85120
0.31254914,0.39817226,4.2238765,5.661919,2.859915,78510
0.58225983,0.50145125,1.6714724,6.2403073,2.5943244,97632
1.5460188,0.6903567,0.9087496,6.9997687,3.086749,237160
-0.4552003,1.0642207,1.2003437,4.076302,3.089766,95500
10.546349,0.3559132,1.4310604,6.6580396,2.9951243,240000
9.512798,-0.23419733,1.9063071,6.623638,3.746648,120000
1.7819372,0.24157724,0.92199457,6.775817,3.14711,256000
-0.19242728,0.12959926,0.6484306,8.446319,1.7030846,149500
2.31463,1.2370596,-0.030469526,5.757338,2.25765,96900
9.683622,-0.47465876,2.246096,6.442797,4.4077134,125000
1.9860168,0.92646444,1.7054384,7.1887617,3.306994,176000
8.657429,0.15699676,1.2898296,6.4088073,2.8467727,169000
8.655476,0.15039319,1.283163,6.4156685,2.8383598,147000
8.753355,0.23222773,0.90983444,6.2664585,3.261171,71000
2.142947,1.079739,1.596898,6.883776,2.519509,279000
10.280829,0.26954126,1.6211812,6.4459696,3.4050715,89000
9.349693,0.0892533,1.7035828,5.414068,3.9765606,57440
-0.30854714,-0.12365316,0.07981207,8.729292,1.3766667,129900
9.382482,0.48230055,1.5203598,5.6840725,3.4875367,44990
2.1106014,1.0881258,1.5965819,6.9032955,2.5302093,289000
9.495324,0.3310291,1.9972625,6.313616,4.036001,177500
8.095269,0.5209128,1.5373539,7.2935977,3.864893,340000
9.83822,0.5404035,0.91676295,6.6892996,3.2599874,120000
1.9336281,0.6250017,1.9491278,7.1296062,2.7974195,204490
2.6262953,0.36165434,1.7403344,7.222034,3.1603022,639000
0.2688159,-0.29555,1.3295597,5.1703353,3.2148805,138000
0.6840803,-0.37131166,0.8636483,5.1871862,3.7199707,141000
0.53794986,-0.3444106,1.2210861,5.421615,3.594356,153702
0.6997862,-0.39915094,0.84189546,5.1315713,3.8367558,139000
0.4919744,0.24377297,4.4756804,6.0562654,3.02199,68598
0.2464619,0.5042833,4.1073527,6.1330466,3.0754712,58658
0.9039335,0.33455426,3.4077208,6.882318,2.9251962,130000
10.216351,0.38064298,1.3425056,6.755682,3.499393,124000
0.86298084,-0.12788592,0.85136753,7.789455,3.152078,319000
0.82974017,-0.13511424,0.7913653,7.8439736,3.1442466,365000
-0.25900242,0.19129781,0.96813834,8.033555,2.1307266,180000
0.20117953,0.20463459,1.148838,7.74799,1.2011783,59900
0.07345885,0.15832329,1.0904224,4.4206476,3.1125612,114800
-0.33040234,0.040195778,0.42958426,8.751331,1.7645397,89000
9.149079,0.43622386,2.0356462,6.081568,3.0910695,189000
2.8064814,1.4486412,0.09380733,5.844127,2.4931562,225000
2.0495815,0.31810904,1.3710947,7.1098166,3.4977565,429000
10.016948,0.113146104,1.7786376,6.266583,3.2275484,246500
2.679421,0.47229406,1.8084598,7.1474156,2.7628608,234900
2.6705341,0.5003698,1.792708,7.130442,2.7525375,225000
1.1561027,-0.010889881,1.1133549,8.163025,3.6231384,188499
0.81489944,-0.38509253,1.033496,8.473412,3.5247416,115000
9.768408,-0.51442254,2.3519585,6.5875487,4.4447417,94999
1.6406807,0.6217335,1.4830519,7.3694987,3.5573363,289999
10.08434,0.4001408,1.4760326,7.9394627,3.5913537,299999
-0.21966778,0.23499317,0.97529864,8.014808,2.1023068,192000
10.238018,0.24350172,1.6861063,6.4534507,2.879799,125000
-0.109057866,0.42118114,1.245541,8.015895,1.9557159,115000
10.592829,0.5102644,1.3489581,6.807815,3.2706804,129000
8.851224,0.5250224,1.831788,7.305333,3.5730424,198000
1.0931461,0.22444925,0.76504916,7.8210025,3.5928025,260000
8.45359,0.5910158,1.4100485,6.9483104,3.7491336,339500
1.8573632,0.8696096,1.2783993,7.1528597,3.5611272,450000
1.4502739,0.060133245,0.9591704,8.056114,3.8237936,380000
7.9046597,0.2810388,1.8048079,7.0245113,3.300751,887999
-0.23779872,0.023872383,0.1981892,8.757326,1.7507443,82000
0.7602306,-0.269923,0.47700068,8.434221,3.629673,190000
9.243,0.14989603,2.2020793,7.1694336,3.4190412,173499
1.6655248,1.0813706,1.342824,6.968868,3.0050404,364900
-0.2274208,0.028357472,0.2548184,8.717731,1.7762407,125000
0.6967609,-0.19196129,0.87323576,7.7550387,2.9519126,190000
1.889727,0.99398893,0.5822367,6.4547534,1.8422749,122000
9.952837,0.19667563,1.9858567,6.3299646,2.826659,120000
-0.078716755,0.06762995,1.2866646,8.160307,1.8839873,110000
8.714622,0.22869414,0.8902544,6.254436,3.4089665,72500
10.604495,0.32994592,0.98284906,6.623936,2.872956,140000
1.3597766,0.27607712,1.5174941,6.561292,3.0763772,139900
0.25028148,-0.2414491,0.114810124,8.018137,3.4099157,121000
8.454137,0.51422143,1.757616,6.286885,3.0740483,172000
9.66622,-0.6904004,2.4847915,6.8946323,4.395295,99000
9.125435,0.61601996,2.0855896,5.9344754,3.4799993,29000
-0.084315985,0.20498109,1.2194191,8.245719,1.8958945,120000
9.470638,0.45657787,2.0567958,6.0206003,3.9568448,43000
-0.15792298,-1.0200845,1.1529164,4.1850834,1.9056685,67500
8.108584,0.52855057,1.5477324,7.2509465,3.8411963,249000
1.5004163,1.1589682,1.5338581,6.9754515,2.7817905,159999
-0.029960286,0.33600757,1.2399404,8.1207905,2.0579078,120000
0.80313385,0.020251706,0.956773,8.385995,3.6259222,149000
9.341263,0.063157134,1.7090302,5.420361,3.9908946,57438
9.811459,0.16523546,2.3310492,7.0326324,3.9658384,98000
1.881295,0.6909081,1.9434127,7.133692,2.7887127,289190
0.18578541,-0.2885097,1.2954785,5.171456,3.0958483,124000
0.61271906,-0.35302538,0.7585108,4.8850894,3.1238096,111000
-0.4001309,0.95648295,1.258427,4.1994495,3.1657507,106200
10.543375,0.5248655,1.33859,6.8152676,3.3265488,229000
1.9157023,0.6353158,1.9550502,7.130291,2.7862024,182900
10.679976,0.47713584,1.3583411,6.8853507,3.1505146,127000
0.48621288,-0.2407743,0.75224733,7.7150598,2.5409987,123000
-0.06818474,0.18550634,0.9377454,8.3987465,2.0071108,119900
-0.24732926,0.046485864,0.25710666,8.73864,1.7527939,123000
-0.11609154,0.020895947,1.1305308,8.222183,2.050775,63000
-0.07404562,0.42305845,1.3099364,8.104905,2.0072308,83900
9.511492,0.09642897,1.3553196,7.927313,3.5682075,114000
9.41168,0.13149706,1.7113913,7.4332404,3.561425,192500
-0.10730653,0.73936594,1.4359524,4.950483,2.9313169,135000
8.204021,0.27565637,1.7656212,6.7317805,3.0916114,352000
8.031434,1.1406802,1.5674497,6.769609,3.9495802,43000
-0.5712695,0.26596636,0.15466467,9.061541,1.4543318,117500
0.26622707,-0.3267992,1.3289205,5.1722474,3.173129,103000
10.074665,0.0635216,1.8730584,6.286946,2.9745016,115000
9.576089,0.24049559,1.3769894,7.7228937,3.6226873,114000
2.0194933,0.9994807,0.63842946,6.350102,2.1542225,75500
-0.18368396,-0.22248094,0.704069,7.920748,2.3319745,90000
-0.32365835,0.028030064,0.4264791,8.729776,1.7478122,119000
-0.18056418,-0.12209175,1.0833799,7.7255034,1.2830715,49000
0.48060542,0.53056306,4.2073584,6.7434316,3.0046074,105500
0.012535414,-0.8754799,1.0992458,4.463632,2.3189087,63900
1.4839494,0.83380127,0.101483956,4.9121695,2.6399448,104900
0.7712936,-0.20560515,0.8721639,5.2323604,4.3012285,168735
-0.4646816,0.6601549,1.6801195,4.786189,2.947378,77900
1.0508919,-0.086894915,0.9225981,5.546655,4.72805,322518
1.114357,-0.31268847,4.022882,6.257208,3.4621046,71000
1.0801913,0.1706438,0.8874127,7.925061,3.5666869,237900
0.54360247,0.54058653,4.2345366,6.831755,3.0190012,108295
0.25062078,0.49727312,4.102862,6.115339,3.0760233,76865
-0.035441063,0.10314726,0.72828484,8.407184,1.4563781,69000
9.721919,-0.37782934,2.401836,6.8057823,4.344311,117000
-0.40199894,0.9588108,1.2749964,4.2229214,3.1531181,77000
0.32683983,-0.332496,0.11626587,8.042906,3.4855368,129500
9.313689,0.27707124,1.9037516,5.865091,4.0602493,69000
1.0301628,0.18123946,1.11022,8.193509,3.481503,339999
9.264479,-0.27650878,1.8781984,5.6969686,4.114055,89000
9.650803,-0.75490564,2.5204759,6.9004307,4.4266477,120000
-0.11033305,0.39881474,1.1976377,8.146072,1.8981965,150000
-0.16619515,-0.9728805,1.1136725,4.259122,1.8622606,104500
0.23578662,-0.11536679,0.829069,8.023602,2.3144553,144900
9.004473,0.77808887,2.368711,5.796529,3.7201886,114999
10.13558,0.41911831,1.2446933,6.8028045,3.4723861,149000
8.795682,0.17526093,1.1956214,6.348997,2.8398685,69500
0.55480236,0.41808167,3.5533442,6.0307217,2.9781246,102000
-0.11268305,-0.9399851,1.2647746,4.2869196,1.9642069,65000
9.658993,-0.69280916,2.4953263,6.8838468,4.402134,127000
10.153428,-0.42460343,1.9612998,6.0009823,3.9983666,79000
8.387006,0.5081867,1.6071599,6.9304204,3.6821852,410000
-0.53839415,-0.158022,0.6846638,7.9436274,2.1919968,88900
0.24569039,-0.1660944,0.08581234,8.1420145,3.3341594,103000
8.34418,0.5538637,1.4830317,6.9177494,3.727378,525000
9.616791,-0.27807528,2.018866,6.39887,3.511621,109999
2.0922267,1.0850588,0.3703954,6.118107,2.1619437,75480
9.915049,0.39858168,1.3331742,7.3115835,3.6218793,104999
-0.13272959,0.32188416,1.1481761,8.341683,2.0199401,116000
1.0762429,-0.27693298,3.9845252,6.2465568,3.4240656,85124
0.42437476,0.30291605,4.5185733,6.0441527,3.0436735,109005
0.29755566,0.43375853,4.2594433,6.059393,3.0445974,88700
0.42862535,0.3005043,4.5283093,6.048681,3.0436833,118470
0.16303082,0.04710534,1.4282682,5.074249,3.2601118,140000
-0.4721203,1.0081048,1.1909461,4.0354004,3.17203,120000
0.9343569,0.4131301,2.0845819,7.13144,2.3408086,72900
9.3914795,0.30778384,1.357898,7.784106,3.7214115,147900
10.0886135,0.075823106,1.247714,6.3572903,2.6134994,115000
0.9544636,0.0766856,0.916477,8.001557,3.7295454,238000
1.9360619,1.3512384,1.3232449,6.8315916,2.7981293,259300
1.9603335,1.151393,0.3303598,6.2383685,2.2134175,58000
2.0394943,1.2816322,1.1703861,6.840609,2.7822495,133500
2.2582865,1.0159909,1.2853563,7.1236353,3.5979285,382000
2.2083402,1.4903352,1.2539113,6.7666216,3.1172795,81200
4.2512813,2.222711,1.4846224,6.952144,4.3242817,158400
2.1992724,1.5008894,1.2768068,6.7753015,3.0951927,79716
1.2144221,0.71491677,1.6214718,6.964231,2.3544655,159000
10.580214,0.5503917,1.3601918,6.8196864,3.3479378,130000
2.2804542,1.2840981,1.2044821,6.869055,3.2983484,99162
2.2193317,0.9220571,1.4523575,6.8365526,2.3655958,139450
2.1983018,1.4994467,1.2737235,6.777014,3.0889757,83300
-0.1679025,0.28793833,0.94194937,8.433869,1.9115444,110000
9.632922,-0.3169191,2.023137,6.3263903,3.5512002,72900
3.0334723,1.7482064,1.537631,7.035921,3.993319,105000
9.959309,-0.039204124,1.9740915,6.4678335,4.191363,77990
10.177572,0.28422257,1.8537453,6.3917074,3.1689794,105000
0.6306369,-0.270709,1.0925025,5.6060467,3.7223651,144900
9.612178,-0.6854474,2.457538,6.8889017,4.348484,109900
9.656729,-0.72558314,2.5038936,6.887496,4.415277,92900
-0.025190534,-0.015766535,1.0832357,7.864431,1.3225248,94900
0.09094199,0.23867147,1.0392979,7.646798,1.152408,98000
-0.32061207,-0.09074108,0.122727975,8.740508,1.4006249,115000
-0.12442272,0.051669274,0.7087493,8.377848,1.9885523,69000
0.6075275,-0.26737544,1.34133,5.4986277,3.5559154,188000
1.1947857,0.28721505,2.687946,7.202668,2.941689,199700
0.46374476,-0.16203922,0.8925906,7.7807198,2.520292,79900
2.2194662,1.3696048,0.105539836,5.8948946,2.0223207,44900
0.63500345,-0.22505629,0.8844051,7.7710643,2.8838837,145000
-0.07453924,0.19503076,0.7129123,7.9807515,1.1278669,125900
0.61979455,-0.16368008,0.88333064,7.744464,2.7759686,79990
10.6797085,0.5976556,1.4208531,7.0050783,3.3960807,120000
10.602661,0.6578078,1.5921861,8.152912,3.5417075,219900
1.0419661,-0.101090804,0.9205115,5.5283365,4.7441573,155540
10.110355,-0.5757791,2.0019684,5.8776946,3.9271898,58000
0.7370879,-0.43642443,0.08731393,8.4492655,3.6958208,89899
10.312521,0.28894606,1.6845633,6.449088,3.024358,85900
2.3916497,0.51778674,1.5360577,7.365349,3.941895,875000
9.650058,-0.741212,2.5176718,6.903188,4.422685,124900
10.390047,-0.04867246,1.7736083,5.8735423,3.4480226,107000
0.16573326,0.0827705,1.0101705,7.776649,1.475695,42900
9.148958,0.5769254,1.9766444,5.9862566,3.393753,116000
0.6665879,-0.27817842,1.0748937,5.4722123,3.837836,149000
4.7385616,3.600706,1.4619143,7.027122,5.1783004,125000
0.701508,-0.2344386,0.074785344,8.510061,3.5456336,108000
0.31617317,-0.34274817,0.4011129,7.7907815,3.5150838,90000
-0.040831413,0.3554661,1.2790399,8.168485,1.8237394,107000
0.3579323,0.55962694,1.5010965,5.7662754,2.7381768,135000
10.068869,0.05398006,1.260076,6.3054433,2.5614612,68000
-0.07886381,-0.72267044,0.7367458,4.265304,1.7892667,67500
2.1284869,1.038961,0.044550713,5.7507753,2.4220712,149900
0.7810135,0.043818012,0.8119557,8.680108,3.1582322,220000
8.229577,0.35598806,1.7940181,7.0487165,3.5011404,450000
0.106727414,0.23356119,1.0175078,7.6843004,1.1503934,98000
2.0417197,0.38337448,1.6866379,7.1936035,3.8164124,205700
-0.08532295,0.28990948,1.0503434,8.33947,1.9714739,82000
8.645612,0.36935982,1.7592044,6.7941093,3.7246826,329000
0.06805602,0.112635784,1.1172827,4.432337,3.1104562,120000
0.8584594,-0.19215918,0.38789052,8.365954,3.5733838,195000
1.8499362,0.6106795,1.252786,7.4091825,3.755167,545000
10.076755,0.08885162,1.7184019,6.278731,2.7352722,96999
0.16716935,0.20627335,1.7862077,5.1464963,3.9587417,100000
10.671919,0.5825091,1.3980213,7.0782638,3.4002619,159000
0.5432979,0.17647743,4.4665513,6.0695825,3.0484157,73554
9.031418,0.37382153,1.8766164,7.074376,3.4092462,115000
9.5426445,-0.27268782,1.9180293,6.568808,3.7226882,104900
10.796011,0.68754,1.3774873,6.676775,3.1896513,79999
-0.060757082,0.18798287,0.71301407,7.9171786,1.113142,77999
0.65542126,0.47786826,4.222744,6.917432,3.161132,89450
1.1200728,0.30647793,4.316579,7.382122,3.8684912,121900
1.2739966,0.094525844,4.8012137,7.4352503,4.2878995,166900
2.3463843,1.3944085,0.09391878,5.712722,2.241448,89000
0.50064796,0.533758,4.2582207,6.780929,3.009591,140000
9.611237,-0.3012782,1.8447671,5.720342,3.8827493,25000
0.5993085,-0.22138792,0.815112,7.688696,2.975478,164900
0.09430026,0.0710941,1.2660643,8.023115,1.5868824,79000
2.0920057,0.7008395,0.7135461,6.451555,2.1315262,170000
2.0358734,0.99688995,0.2323946,6.2473216,2.2399914,111900
0.6258336,0.17600268,4.2934356,6.18587,3.0774524,105000
-0.09844758,0.039797507,0.74549836,8.324704,2.0138166,67000
1.973519,1.1286309,0.19459876,6.2615657,2.0549855,84900
0.5841911,-0.1344497,0.62444586,7.76235,3.792049,154991
-0.40402853,0.92277676,1.1375676,4.0302315,3.239926,120000
9.579465,0.38531977,0.8450626,6.1879406,2.9608905,63500
9.279261,-0.24828233,2.1806185,6.977724,3.957622,209900
-0.07231497,0.44886148,1.3204035,8.0468855,1.9642802,90000
0.9681381,0.36497283,4.201748,7.190316,3.5315082,116391
-0.18508945,0.08114876,0.8536941,8.435103,1.983694,125000
8.986443,0.31998858,0.9870616,6.3634224,3.3666732,91000
0.94604963,-0.15075205,4.1014,6.16287,3.3510115,85900
0.47019175,0.5333643,4.131379,6.668945,2.9881392,79000
0.51081824,0.5196161,4.118319,6.7183433,2.9916654,74000
9.633356,0.39623764,0.8449754,6.1876955,2.947652,79000
1.4471906,0.21181221,4.418747,7.448352,3.9646904,179940
1.5002815,0.20629008,4.3426094,7.4254484,3.9337316,165025
1.4815708,0.192796,4.392787,7.409607,3.9214041,154260
0.55127263,0.18976207,4.45587,6.1043806,3.0669653,89256
1.4738393,0.16828029,4.54332,7.3944426,3.9560843,147950
1.4496833,0.1918622,4.3944626,7.40784,3.8783932,133100
0.52604157,0.5179332,4.1982985,6.77264,3.0073721,87000
1.4511635,0.19223075,4.3912597,7.4120555,3.8776028,131630
1.4924483,0.11425911,4.7952857,7.394159,4.060685,130200
0.8712806,-0.26566416,0.46389398,8.34465,3.6978104,159999
1.4688874,0.17055538,4.4033566,7.3875165,3.86228,121335
1.4643375,0.17986086,4.405611,7.4021626,3.8602452,118370
4.7334,3.573141,1.4585141,7.0222745,5.159517,185000
0.021210682,-0.051270414,0.74695307,8.286523,2.1388564,119900
0.72933215,0.43072724,3.8091996,6.8764462,2.9509742,82000
-0.3526261,-0.12297228,0.059316207,8.766133,1.3263831,62499
1.9279162,0.73849154,1.3579264,7.2654514,3.3722959,179999
1.4316778,0.18679497,4.4023094,7.389965,3.8536963,117805
2.4588585,0.4032234,1.5902476,7.15445,3.1446357,309990
1.9840904,1.0824782,0.4086631,6.232507,2.1824586,118000
1.4339325,0.1928708,4.3783236,7.4060245,3.8567824,117525
0.6818519,-0.010887421,4.7805157,6.0726295,3.2910793,106120
0.5312579,0.5356487,4.2151194,6.8061943,3.0000587,113750
0.66439265,-0.1690432,0.8672357,7.9684377,3.2134087,134000
4.6003118,2.2346766,1.4643726,6.967399,4.408737,159000
0.67183197,0.00097347517,4.766557,6.066249,3.2762287,85820
1.0682707,0.20308244,0.6302297,7.7541,3.576873,205000
8.039346,1.1495088,1.546228,6.73961,3.958055,60661
8.987792,0.80005854,2.4546099,5.7524924,3.7414317,96333
1.479889,0.22282282,4.2972875,7.443072,3.9646668,234675
0.37928995,-0.17437026,0.8441266,7.821567,2.442264,109800
1.4838728,0.2191633,4.310542,7.4403267,3.9675703,234150
1.2630906,0.2387427,4.4234304,7.5069366,4.0670843,161730
0.48514956,-0.2820962,0.65984,7.5190744,2.9520648,109000
1.1728728,0.1978296,4.626615,7.5047846,4.25974,155100
1.2716713,0.23465163,4.4315634,7.5159397,4.0803747,150945
1.1564561,0.19739604,4.646222,7.5141187,4.2783947,142905
1.1401123,0.19406196,4.671043,7.5185337,4.308553,141306
10.051451,0.44396657,1.9033494,6.537695,3.6271954,94500
0.722064,-0.3330426,0.019333987,8.514745,3.6032398,134000
1.1207424,0.19878401,4.683283,7.5340357,4.329425,120420
8.949874,0.81740123,2.448016,5.7633114,3.7422075,91626
1.1193188,0.20455654,4.684665,7.5328054,4.3303995,112347
-0.003562004,0.16173275,1.1348274,8.32832,2.0490499,79000
0.4296205,0.29704496,4.530381,6.046652,3.045088,108660
0.43532792,0.2936731,4.529317,6.0514812,3.0475605,108600
0.42734498,0.2987743,4.5299544,6.044096,3.042146,106710
0.4383263,0.29100358,4.541467,6.065996,3.0506678,105270
0.41235366,0.3119262,4.5598307,6.0343513,3.063878,104865
0.25146043,0.49758947,4.1005416,6.1201854,3.0773246,73755
0.23837258,0.50628626,4.103657,6.1017356,3.0626984,72510
0.2478241,0.5026661,4.086241,6.123357,3.0777905,65130
0.20665695,0.53042746,4.0698314,6.1259756,3.0853126,64800
8.910723,0.73143035,2.5030398,5.7981386,4.0171227,154721
8.918217,0.71643853,2.4824133,5.7913904,4.02902,121117
8.920276,0.70862806,2.4800227,5.7881026,4.0470204,114034
1.414655,0.19065168,4.497223,7.456515,4.03846,161000
1.038128,-0.14042145,1.0299544,8.494001,3.7473736,138000
0.36677456,0.33568358,4.432456,5.9233313,2.9531214,91900
-0.43771526,0.98669237,1.2716874,4.1724424,3.1505814,75500
0.38584244,0.32562014,4.447382,5.936831,2.970288,87900
0.23485538,0.5090077,4.11088,6.124422,3.0782182,70500
0.55097175,-0.30571637,1.1469476,5.452563,3.5709364,225500
1.35664,0.8690832,0.17776321,4.8362403,2.6516845,95000
10.576624,0.57051337,1.3907241,7.82603,3.6041698,80000
2.215608,1.2191066,0.030106938,5.7135797,2.3173459,122000
1.4865365,1.1296552,1.3580543,6.7467813,2.7972786,298500
-0.0755744,-0.7085651,0.71372193,4.2713366,1.7920542,78650
-0.078911275,-0.7132749,0.71175194,4.2643356,1.7890687,83490
0.92771304,0.0017821037,0.8654762,5.448174,4.502264,121605
0.37923628,0.33098343,4.4484634,5.9364834,2.9676669,91500
0.6243554,-0.1319822,0.09341305,8.660624,3.528554,134990
1.4707927,0.048163205,5.022251,7.414251,4.2265744,115702
1.7066634,0.8196909,1.2323897,7.063148,3.5559118,339500
9.728613,-0.51414365,2.3474014,6.5475607,4.471162,125000
10.126354,-0.56625366,1.9971434,5.8898892,3.955289,64500
9.825144,0.18493846,2.4347525,7.1249275,3.9540808,124900
-0.016538922,0.07477683,0.8815393,8.410135,2.0978684,128999
-0.34580517,0.8866458,1.0977103,4.0478487,3.2518537,99825
0.84062684,-0.11971923,0.836557,5.263989,4.6217103,110744
-0.3650205,0.9837691,1.2069305,4.200688,3.1136217,88017
10.499933,0.2941132,1.4361413,6.5834126,2.9383016,145000
-0.42809957,1.0494813,1.1507596,4.0427155,3.092411,86364
9.750165,0.1617727,2.4054463,7.1144085,3.9491131,129990
0.07583098,0.046786457,1.4571064,4.8202167,3.238641,135000
1.3780494,1.0920112,1.5836242,7.0557013,2.6497333,103000
0.68244463,0.47089523,4.2295794,6.94685,3.1920333,90074
8.532332,0.6857677,1.5731885,6.8515134,3.7366858,315000
1.5698742,0.47804147,1.4887503,7.4059625,3.6771886,175900
9.33883,0.025329987,1.5621396,7.670425,3.5094888,80000
0.8735484,-0.066358194,0.84828496,5.338402,4.5674834,144500
10.14525,0.31197107,1.8850834,6.4031024,3.0798593,108000
9.55642,-0.09852896,2.1160984,6.74666,4.059056,145000
-0.47466183,0.85148394,1.4344443,4.256499,3.2936368,106000
0.83910996,-0.1093833,0.8328366,5.26713,4.610057,93900
-0.8171484,0.0046794256,0.67792493,7.892942,1.9727472,67000
1.6175262,0.7722849,1.2234685,7.007575,3.57378,311265
-0.9171861,-0.018482193,0.60651356,7.853375,1.9964839,73000
-0.8838104,0.021016799,0.65280104,7.8658366,1.9424894,75000
9.343194,0.16549727,1.9134207,5.6899457,3.6754985,129500
0.21912307,0.20696431,1.2081771,7.788905,1.2600938,56900
0.53691673,0.20663214,4.469099,6.0997,3.057469,92625
1.4318358,0.08424397,4.914212,7.4212227,4.193701,128099
0.3114802,0.5224806,4.1003733,6.310342,3.0438824,64800
0.4849492,0.47904253,4.308269,6.655028,3.0239608,104865
2.337617,0.111252114,2.5326505,7.552111,3.4029105,235000
0.66014683,0.015938586,4.7505045,6.066996,3.2618046,87360
9.322194,0.03356901,2.1863308,7.327679,3.3181312,92500
9.00213,0.3092036,0.98405343,6.3596735,3.3855867,122000
10.542246,0.49123737,1.3676192,6.9128323,3.420876,85000
1.1475519,0.2628339,2.981645,7.158603,2.8996537,115500
-0.23171376,0.015304742,0.2269271,8.729815,1.7457346,122000
0.3829539,0.32734078,4.412459,5.8992124,2.936645,78582
1.3966103,0.49023056,2.3600466,7.361228,3.056831,175900
2.3643079,1.4136617,-0.07011686,5.7630677,2.065875,67560
2.0329192,1.0605586,0.1825069,6.1709843,2.2644885,135240
1.9277837,0.6242148,1.9355704,7.1249027,2.7974315,183920
0.5130859,-0.4397529,0.89218044,4.920865,3.0920198,75600
0.26104245,-0.32822418,1.3245983,5.176426,3.174687,111000
0.5506416,-0.42347047,0.86704105,4.955112,3.102216,94000
0.52651566,-0.42427948,0.872792,4.9121256,3.0936768,107500
0.32793906,-0.32688138,1.1846157,5.215,3.2416742,103500
1.0722536,0.4778557,1.9942561,7.047672,2.566149,114950
0.52514726,-0.3246024,1.2128651,5.4100285,3.5709999,171273
0.91735375,0.35812342,3.4560394,6.936779,2.943365,86900
0.8958455,0.38553244,3.4226365,6.9166546,2.9063103,73900
1.5091628,1.1688484,1.3955249,6.7778316,2.8356628,174890
0.8246994,-0.10334657,4.926137,6.0852714,3.4448018,86061
1.4563264,0.066951945,4.9669733,7.4156675,4.204007,114689
0.7862087,-0.23155087,4.850264,5.955051,3.4558904,70389
9.044768,0.68107116,2.2204573,5.820264,3.8548732,110000
-0.022826852,-0.5164961,0.72690505,4.4471073,1.6857942,89000
1.9744201,1.1014657,0.54096204,6.31812,2.1789656,75000
10.090857,0.3995296,1.2502308,6.854525,3.521085,92800
4.7044735,2.2221797,1.4665915,6.939839,4.3905835,165000
1.1020093,0.21643484,4.616996,7.506289,4.2950873,133058
0.31563118,0.39451274,4.2351894,5.6724615,2.8628454,73554
0.48361725,-0.23234078,0.7590576,7.6772947,2.5215654,114000
0.46311542,0.52320546,1.4746352,5.9792705,2.687664,139000
0.68066764,-0.29773372,1.0474162,5.422379,3.8618221,132900
0.7285992,-0.15150039,0.8259324,7.429675,2.8474555,250000
10.222265,0.35186225,1.779762,6.359245,3.1496024,89000
0.40066764,-0.054798942,-0.011829665,8.317619,3.4654675,172900
1.9891542,1.0099837,0.6114772,6.3458023,2.2004716,135000
-0.27343705,-0.10370271,0.11068571,8.743484,1.4519292,80000
2.1014645,1.4906299,1.3607349,6.8357882,3.0242243,215000
2.392467,1.3500807,0.01079482,5.7318773,2.2812715,75900
10.374351,0.34958273,1.77697,5.6187873,3.1271088,49800
8.0913105,0.52696097,1.554324,7.297463,3.8650126,280000
-0.24237959,0.03925207,0.2519979,8.733324,1.7503542,124000
8.661816,0.25864726,1.2665851,6.740996,3.7156649,195000
0.16549286,0.13696441,1.3626617,5.2014894,3.0744092,83000
2.0639632,0.8519599,1.2545853,7.224827,3.6176949,610000
0.27969262,-0.18773752,0.097387046,8.111739,3.3953633,137000
2.0776706,0.73312026,1.3866357,7.1778464,3.6611378,519000
0.79845,-0.10447014,1.0053753,8.147327,3.5520988,174900
0.8122729,-0.033325773,0.91327655,8.354893,3.6855173,125000
8.484097,0.44287565,1.6280804,6.431477,3.1715882,249000
9.182466,0.101596005,1.7299757,5.7219343,3.9614277,165000
0.023629855,0.16114374,1.1237863,8.235613,2.0924044,116000
1.1112549,-0.3116386,4.024841,6.2542205,3.4597573,72632
9.387421,0.3075464,1.3575132,7.790565,3.724696,147900
-0.56928223,0.11961691,0.6443331,7.5621595,1.9022384,65500
0.8341625,-0.119588025,0.837017,5.2596736,4.6117225,107380
-0.4331042,1.0222839,1.1545643,4.033602,3.1298094,92960
10.350477,0.41873285,1.447505,7.831916,3.5468562,78500
-0.47306353,0.21978173,0.23675932,8.927088,1.5316548,115000
0.67920876,-0.13573366,0.2573475,8.59051,3.538425,139000
-0.5189701,-0.16584328,0.7144476,7.9963126,2.1947925,99500
10.094732,0.07003514,1.6911932,6.2994027,2.7062585,142000
-0.56603706,0.26337105,0.16136156,9.050589,1.4613708,78000
10.21914,0.6576458,1.8237782,5.8905826,3.1742597,100000
0.6918951,-0.40846223,0.090620495,8.525305,3.7042227,115000
2.1589088,1.539579,1.4091953,6.8390083,3.0037313,129500
0.19619118,0.20219025,1.1827556,7.7990174,1.2420863,95000
1.9845157,0.85716134,0.61906236,6.4482436,1.923917,125000
10.52542,0.55911326,1.4082199,7.907978,3.6196547,165000
0.7057017,-0.11968414,0.23175071,8.513336,3.6008725,207777
1.9172657,0.92073536,0.5940628,6.4725776,2.6786203,185000
0.5416111,0.43566784,3.541866,6.021665,2.9710417,85124
0.5577617,-0.24783787,0.7755366,7.6194496,3.0085666,174999
1.9188454,0.80517274,1.2257379,7.2469754,3.5215485,339999
0.5445954,0.48749477,1.4754814,6.1433387,2.6615818,169900
0.77084374,0.20095298,3.8034534,6.3480916,3.0600417,117990
1.0444626,-0.0998214,0.91918737,5.5363135,4.7394977,190000
2.0842211,0.56485283,1.8272512,7.1811476,3.061356,338800
0.56589836,-0.27832252,1.2864778,5.4639683,3.6415033,211000
-0.46115917,1.0461141,1.1837608,4.044946,3.1226993,99247
0.6143334,-0.35118753,0.7600218,4.891059,3.1385925,117000
0.2993288,-0.31456718,1.2105361,5.221149,3.233843,114397
1.0936122,0.071685456,0.98766875,7.851479,3.6720893,231000
-0.0020919326,0.4065657,1.3028387,8.071223,2.023526,180000
10.011144,0.12092333,1.8347604,6.318649,2.796271,119000
0.33058336,-0.35786632,0.1931004,7.939046,3.5150237,143000
10.072752,0.05677727,1.6439344,6.310202,2.6870778,133500
0.71742374,-0.39195192,0.8339034,5.132323,3.9582074,93900
0.055486735,0.13281307,1.1739571,4.504351,3.155639,132193
-0.4771061,0.85910225,1.4149503,4.2395825,3.2890942,106000
-0.21865986,-0.004994307,0.40471056,8.670858,1.9113595,122000
10.069318,-0.5504679,1.9984627,5.899487,3.9167922,42000
1.8393185,1.3038231,1.5272236,6.9407234,3.0373256,135000
0.09084774,0.031786423,1.1884247,4.5169487,3.1333787,105000
-0.45642522,0.8693897,1.3820798,4.2345595,3.2684603,109000
10.453552,0.49908572,1.5792241,6.8366,3.4030237,116000
2.6349633,0.4433755,1.814352,7.1949363,2.889386,345000
0.15096912,0.07257947,1.2494671,7.8813925,1.3695513,57500
-0.18146232,0.105272755,0.7433782,8.391633,1.9406972,114900
10.710397,0.64796835,1.4270315,6.5925717,3.1168897,75000
9.612213,0.18408154,2.302954,7.0633802,3.8874958,189999
9.897196,-0.25004753,1.9659904,6.160264,3.1669397,74999
-0.042936634,0.2366823,0.8600065,8.317919,2.1401064,123999
8.117199,1.0387827,1.5863849,6.8199472,3.904825,90909
8.951028,0.78447646,1.7876394,6.006166,3.5487704,84000
4.612172,2.2369971,1.4623988,6.9698424,4.414259,158000
1.011961,0.02613915,1.1263874,8.100924,3.602615,225888
1.1046313,-0.09730853,1.0251712,8.373002,3.702013,161999
2.2798657,1.0396194,1.2744166,7.077789,3.5637026,315000
-0.05697369,0.4116283,1.3294234,8.096652,2.00722,115000
-0.04995986,0.26868296,1.2885239,8.175456,2.0634003,105000
10.442442,0.53730416,1.495806,7.958068,3.5656097,220000
8.424216,0.48580837,1.7938994,6.318586,3.041929,308000
8.534361,0.5434399,1.4782761,7.09009,3.7917495,279000
2.123711,0.9797262,1.2490062,7.137875,3.5724974,315000
8.937081,0.6052589,1.6478508,6.0289507,3.4131348,80000
10.653047,0.6605479,1.5176152,8.228297,3.6046956,230000
9.149612,0.12833315,1.9658252,7.1800294,3.7534723,287000
4.648792,2.2607367,1.4435765,6.9854693,4.4362197,350000
8.891354,0.30254963,1.7735398,6.57232,4.0136313,255000
9.2759075,0.103204995,2.028136,7.218068,3.745114,268000
10.192301,0.4473664,1.6179725,7.9159737,3.5471492,230000
9.288969,-0.011698851,2.0082304,7.450811,3.4043503,200000
9.303185,0.07467105,2.2098703,7.3074937,3.3286324,128000
8.154854,0.4985028,1.8954068,6.5031667,3.1449254,240000
10.652678,0.6644827,1.5317124,8.214063,3.5957074,200000
9.325394,0.10101695,1.9122143,7.457013,3.533525,185000
9.365498,0.010245625,2.0594602,7.4233403,3.4254022,195000
-0.842767,0.06218322,0.6300014,7.8330936,1.9162586,90000
10.001263,0.20993702,1.9443632,6.3603735,2.90454,125000
7.87188,0.3945245,1.9866469,6.6191945,3.0268955,650000
-0.8621192,0.009450079,0.6261999,7.840929,1.9899137,69000
1.0940212,0.18279022,4.711309,7.562323,4.374799,119835
0.29928374,0.40107575,4.2085266,5.6208205,2.856895,95041
-0.04353824,0.44324926,1.3631073,8.056333,1.989246,107900
9.247832,0.11125932,1.9102865,7.2982078,3.7159789,335000
8.567913,0.6517775,1.530393,6.4067855,3.4918015,456096
8.436442,0.5346007,1.6140691,6.9397445,3.7343435,325000
8.631158,0.76507884,1.0806444,6.262401,3.5364032,155000
2.0183115,1.0379899,0.25861597,6.261036,2.2283082,74998
-0.53203297,0.25961187,0.8455257,7.7182446,1.8697677,89900
4.226878,2.256982,1.4881579,6.928659,4.324853,234500
8.947542,0.36766127,0.9387379,6.354958,3.4390783,51500
1.1506698,0.0039464105,0.9600074,7.856028,3.5868351,255000
10.485645,0.5397772,1.353465,6.7543263,3.3230207,132000
0.18797742,-0.19488272,0.7585947,7.910836,2.3851633,89000
8.971621,0.15707093,2.0002139,7.298285,3.6461034,380000
2.399123,0.49369523,1.6427505,7.1925006,3.2556763,330000
10.664013,0.662401,1.507089,8.229092,3.6080623,170000
9.245733,0.21281959,1.825091,5.7651258,3.9827306,148999
0.7088004,-0.42148587,0.11028809,8.513703,3.70967,129900
9.175248,0.605537,1.9239738,5.9805074,3.6894908,107500
10.074396,0.33006957,1.3792853,6.5790167,3.320901,87000
0.82042116,-0.30427486,1.088696,8.234458,3.4086988,129500
-0.059364125,0.11355692,0.73279977,8.382344,1.4111223,67000
-0.064214885,0.11503469,0.7197157,8.394451,1.4105841,85000
0.47415236,-0.2277052,0.77195823,7.7549844,2.5445423,109900
2.0465922,0.98898,0.21896626,6.2565093,2.248486,74999
1.056816,0.20057717,0.62003976,7.7664113,3.5829098,135000
9.941579,0.45584735,1.2253547,6.6958947,3.5036688,129000
0.43196398,-0.19685514,0.8908842,7.4653826,2.5649014,238000
8.954814,0.81152916,2.4742742,5.75033,3.7615728,86900
1.1460799,0.26588938,2.983192,7.1600604,2.9031143,123000
-0.5139901,0.9452822,1.4062037,4.205021,3.2269783,140000
10.437334,0.60655624,1.5111161,6.5296726,3.3917012,39000
7.8932567,0.22528894,1.8695263,6.8831973,3.0915244,400000
7.907819,0.22175133,1.864838,6.8782463,3.0877984,400000
1.4345504,0.5388885,1.6071835,7.341337,3.556825,129600
0.005330485,-0.8592135,1.1102456,4.4855094,2.331938,62000
-0.19418983,-0.22898093,0.7075999,7.951662,2.3140774,65000
-0.091368556,-0.02017796,0.34738886,8.417647,1.3263134,80000
9.972579,0.13220876,1.3118993,6.1561823,2.5625756,52900
1.741721,0.8058461,0.7262146,6.8055687,2.90376,190000
2.179891,0.100952856,1.5197731,6.9854426,3.3206918,254800
8.235963,0.3379924,1.8076998,7.0414023,3.4879658,430000
-0.5419704,-0.1896734,0.65775895,7.912541,2.212329,73000
1.9339647,1.0521129,0.36169446,6.3614926,1.8029946,50500
0.7740077,-0.22503018,4.8555284,5.9539137,3.4454358,75000
9.9884,0.36324206,1.8216282,6.4651866,3.582137,125000
0.35870597,0.34949806,4.434657,5.9089212,2.9502451,87800
0.6807068,-0.12757872,0.15997104,8.493367,3.440835,137000
9.760744,0.20463279,2.3154397,7.015331,3.88097,141900
0.15794057,0.07182519,1.209119,7.8986425,1.4586165,67500
-0.06659943,-0.021367291,0.3947352,8.38045,1.3128897,74990
9.8203535,0.17990312,2.3537683,7.0828824,3.9578876,97500
2.2741802,1.1557702,1.300393,7.037693,3.433827,269000
0.8339414,-0.007937082,0.9580293,8.517845,3.677154,160000
9.039649,0.7160461,2.3853333,5.7449427,3.886467,90000
1.2782212,0.9399578,1.0673851,6.6835036,2.5320404,175000
-0.4627044,1.050041,1.1590116,4.0106025,3.1261702,120000
-0.36202872,-0.13495076,0.04793928,8.768284,1.3089296,125000
-0.42209777,-0.19482118,0.70908946,7.9539413,2.2738247,145000
1.1560063,-0.039340254,1.1139315,8.232931,3.6401515,229000
0.5839824,-0.26974964,0.7605148,7.6703925,2.7384322,134900
10.12796,-0.1908085,1.9201754,6.189317,4.039561,75000
-0.037020374,-0.49541742,0.76618946,4.46611,1.7207745,63000
0.4274652,-0.19616692,0.7925196,7.7952805,2.4834077,90000
9.978746,0.31593844,1.8769401,6.701887,3.6996546,130000
1.9954103,1.1322384,0.15878105,6.2564707,2.239931,51500
1.2306556,0.5662315,2.3372326,7.1425824,2.7489395,129954
1.2391121,0.52650404,2.3102822,7.1797915,2.7671974,141207
1.2051159,0.5370187,2.3205867,7.175179,2.7385418,135520
1.4241458,1.1223992,1.5665382,6.9760222,2.8109057,170000
0.553874,-0.15647644,0.6251894,7.739277,3.7585535,145000
1.3970925,0.48482618,2.1639316,7.2563543,2.9313784,150766
8.999225,0.4631879,2.1751409,6.668616,3.4702988,181137
1.4572524,0.505144,2.1440823,7.3919234,3.0214841,214170
0.97560954,0.43563128,2.1389058,7.1747413,2.5651379,128623
1.2102164,0.52875423,2.3498676,7.205074,2.6937892,90387
1.099854,0.4914257,2.1767924,7.1642947,2.632342,145684
1.9480258,1.1221719,0.32580385,6.32001,1.8188142,55000
8.563136,0.49296054,1.617698,6.8768325,3.76602,375000
10.365822,0.52064013,1.5586092,7.987364,3.5569866,169000
10.602383,0.32547727,0.9464816,6.607535,2.844217,76000
8.42031,0.5331255,1.5706576,6.990851,3.7395637,599000
-0.06979522,0.19007726,0.7182277,7.9855723,1.1320292,120000
8.473765,0.7608179,1.0457556,6.335889,3.462521,178000
1.0562259,0.17346863,0.8359744,7.910079,3.680392,315000
10.812961,0.7056915,1.3757231,6.6853104,3.2148407,73000
2.6700869,0.35113415,1.7835065,7.2273383,3.1172981,395000
8.746967,0.82687426,1.0696864,6.1454496,3.4614944,92999
9.589599,-0.45215505,2.1459463,6.365592,4.2952857,99000
0.67722017,-0.39353096,0.089755476,8.533734,3.6894588,95000
-0.20940457,0.27235585,1.0062392,8.070381,2.06136,192000
-0.1698942,0.2622021,1.1839886,8.148268,1.9966916,97800
8.363594,0.6463284,1.3647102,6.8501854,3.730871,269900
10.664925,0.5787659,1.4114577,7.027337,3.4258046,94000
8.630236,0.78304684,1.1205215,6.2990913,3.5223987,214900
0.39001146,-0.49621394,1.4881796,5.128818,3.289669,55000
1.8765833,1.2951658,0.22239935,6.3109202,1.8947253,52500
4.359353,2.2251325,1.4560409,6.9710555,4.387091,407100
1.8383174,1.1172587,0.7447321,6.5453076,2.3591452,165000
0.13097604,0.25654066,1.0380151,7.472129,1.2072799,63000
-0.23861901,0.18596005,0.7356427,8.438259,1.7210301,107000
-0.20684676,-0.0049516284,0.35607165,8.107628,2.3597429,123000
8.596374,0.7498293,1.0346746,6.308401,3.5421803,188900
10.028288,-0.5184509,1.9511573,5.8634167,3.863295,39000
0.6393861,-0.021844476,0.7059366,8.582447,3.1853087,160000
-0.027639633,-0.1181265,0.7172384,8.174104,2.2571528,80000
10.065567,-0.5272793,1.9503757,5.8405643,3.849954,71900
1.202775,-0.39109,0.8408982,6.929316,2.77649,144980
0.7856323,-0.2965263,0.47359183,8.416055,3.6251118,130000
0.16478164,0.19205138,1.1234958,7.7520113,1.2055885,67500
9.650959,-0.75796896,2.5191476,6.897433,4.4285517,124890
-0.17600904,0.25746495,1.1695048,8.135768,2.0016768,95800
0.07096536,0.25483835,1.0033665,7.6266303,1.1374068,98000
0.5238694,0.27154502,4.252835,6.0655217,3.0075989,112000
-0.1602824,-0.0070388177,0.63518685,8.470646,2.0366788,169400
0.17825969,0.20432372,1.8033745,5.164571,3.970362,100000
9.935887,-0.4533923,1.9682792,5.9181924,3.8680804,64500
0.15935504,0.1844645,1.1116949,7.7264338,1.1815051,80000
8.90062,0.8531037,2.5955179,5.648436,3.887604,76033
2.2456226,1.0502833,1.256172,7.0564685,3.5666752,315000
9.556446,-0.3205115,1.8798275,5.7536526,3.8801396,22000
-0.057129703,0.4497523,1.3859124,8.095789,1.9853033,87000
1.1115924,-0.31462443,4.028651,6.2526064,3.461695,82000
10.489143,0.3141497,0.85708356,6.714248,2.9965224,92000
8.872545,0.81559914,1.0475005,6.0353675,3.3783567,98000
10.539984,0.33752656,1.4181621,6.6672907,2.9897623,225000
2.3547614,0.84998554,1.3640995,7.24565,3.6992857,630000
2.2563279,0.5820569,1.4209504,7.4010053,3.8915725,335000
10.078568,0.030020455,1.2082971,6.2999473,2.5259085,74800
-0.07952336,0.13696633,0.85547715,8.399056,1.9695271,118000
10.043504,-0.00077496166,1.527754,6.288197,2.631829,75000
2.3848648,0.5355421,1.5112902,7.390345,3.9632974,720000
0.38614485,0.33021,4.4546967,5.977092,2.9950185,102300
1.4758918,0.20946455,4.3559318,7.432855,3.9586747,147600
8.914123,0.7238527,2.4883962,5.7952456,4.0239654,121365
9.626421,0.39848408,0.82268053,6.1852784,2.9417353,34990
1.153984,-0.3971779,0.8249096,6.9633117,2.7637227,83900
1.428262,0.17102805,4.45824,7.3524733,3.8688602,132500
0.07362606,0.0788265,1.135144,4.4505057,3.1135287,120000
-0.19643883,0.17507552,0.7888884,8.520946,1.9870975,86000
0.11400896,0.42824835,1.3963002,8.039617,2.0595007,116000
2.3122516,1.0666628,-0.11087475,5.8601394,2.294385,97000
1.3992413,1.1163576,1.5550923,6.9319406,2.8852644,169999
1.1388751,0.85997546,1.0469599,6.6598105,2.4505503,132232
-0.33279213,0.8731707,1.3399122,4.43002,3.1115742,101862
-0.37035686,0.8499046,1.4069057,4.4271526,3.187122,101862
9.381504,0.3100769,1.3583926,7.7903423,3.7276292,149999
9.330283,-0.053987876,1.8140287,5.519712,3.9857183,73990
10.115148,0.39389446,1.832006,5.927404,2.8913984,40500
0.5739332,0.19498767,4.3914165,6.126944,3.064612,110000
10.164458,0.4191183,1.565289,7.820331,3.5355902,154000
1.8787966,1.3133972,1.1422071,6.750238,2.7712953,140000
9.814848,0.17272408,2.4382663,7.1328087,3.962821,119900
0.87107325,-0.10938103,1.0465078,8.1568775,3.6327853,170000
2.0962625,1.0094457,0.065873325,5.757,2.4463418,149900
9.646909,-0.75438166,2.5169127,6.9018145,4.423201,95000
-0.031174967,0.44046694,1.3653226,8.055197,2.0046358,125000
8.491476,0.6579556,1.5429829,6.9288907,3.7727141,315000
9.332625,0.0056306873,1.8274934,5.5287585,3.9361145,72800
0.11186932,0.07579087,1.2404085,7.947574,1.4647795,72000
9.814084,-0.28707838,1.8805996,6.1172457,3.6427596,79980
0.039080214,0.41501132,1.1691105,7.918094,2.1074014,197000
1.0709676,0.19955727,0.8424221,7.9109945,3.5649812,238000
8.606679,0.6909279,1.0899396,6.2680683,3.4189293,95900
0.056460857,0.07435883,1.3936609,4.740664,3.2035596,139990
0.115351826,0.23397397,1.0841715,7.825269,1.2425098,62000
-0.10444811,0.3280784,1.2783519,8.145668,1.9906932,106000
1.1207849,0.5204743,2.4109108,6.882656,2.8344064,115000
10.365984,0.5227664,1.4153754,7.834643,3.6185188,242000
8.91991,0.7074315,1.6772863,6.0065494,3.3920107,64500
0.16889744,0.07107581,1.2671018,7.872286,1.3726429,114900
-0.47716093,0.6615031,1.7997504,4.579526,3.4524655,106000
0.9327017,-0.24210754,0.42659494,8.02634,3.5730004,158000
-0.47123998,-0.089807265,0.7868564,8.019464,2.2179422,146000
10.506584,-0.124384284,1.7962424,5.96961,3.3062336,88000
2.3487968,1.0591992,1.3599412,7.1167035,3.4439783,365000
9.915829,-0.24910384,1.989982,6.1279163,3.1441712,89980
0.7520404,-0.36566362,0.80862546,5.110989,4.0298953,180000
0.8117302,-0.01743464,4.1255274,6.1386757,3.236571,100840
9.517791,-0.4786707,2.2716722,6.8188853,4.077635,116000
8.310946,0.5069136,1.558247,7.169829,3.8361278,529500
-0.3099696,0.5604613,1.7307583,4.835748,3.351277,104000
0.09140136,0.062453914,1.1207904,4.465188,3.117545,120000
0.92110443,0.4135936,2.070663,7.115849,2.348409,73000
8.976125,0.36910075,0.9534118,6.3310285,3.4142635,58000
10.589098,0.32043883,0.9736169,6.612844,2.8566675,109500
0.6787312,-0.07098662,0.73899955,7.9006543,3.7621627,160000
10.245637,0.6085041,1.7606727,5.8098216,3.1792805,119000
0.71552485,0.077358186,4.1800838,6.15276,3.1617475,105000
10.642961,0.67536896,1.562697,8.104948,3.5574503,250000
9.33422,0.21854429,2.290497,7.1565356,3.2426744,129000
-0.27044514,0.05968969,0.9853047,8.160793,2.1188395,193000
9.751974,-0.43638328,2.3777697,6.6674294,4.4377623,155000
8.773072,0.44740674,1.0992067,6.632461,3.629591,110000
9.943305,-0.22495879,1.9919006,6.117887,3.1078343,97000
10.177418,0.4379161,1.5964593,7.8678365,3.5490043,218000
0.06983576,0.24225536,1.0021198,7.659484,1.1360439,98000
0.4844803,0.25142518,4.424614,6.0245886,3.000576,119500
8.9910965,0.3664273,0.9645274,6.299602,3.4530783,44000
-0.6574229,0.13453646,0.68310386,7.6741242,1.8593004,72500
1.9983957,1.1140146,0.15985988,6.267963,2.253939,66000
9.196873,0.45808834,2.010572,6.0325713,3.1534984,117000
1.996379,1.1159016,0.18172972,6.271927,2.2483606,62000
1.0124203,-0.10172415,0.79853004,7.97244,3.7439947,364000
0.60765433,-0.26983258,0.7722409,7.6973476,2.788395,167500
-0.0890664,0.14428134,0.7491325,8.378512,1.4628336,88000
9.109528,0.35870036,0.9337565,6.23846,3.3748865,41500
1.6029207,0.13649574,1.0343776,7.968026,3.8605838,475000
9.276835,0.05292263,1.857097,5.759239,4.168903,81000
9.889636,0.20987429,2.3520448,7.1003737,3.9647474,175000
-0.45279732,0.9992261,1.1353091,3.9881163,3.1885736,120000
0.7753677,-0.13440493,0.9926103,8.061077,3.4166903,170000
-0.1651227,-1.0129604,1.1524836,4.1973014,1.9076439,62000
-0.16092414,-1.0419022,1.1747861,4.1807623,1.9330432,62000
9.651552,-0.7574172,2.5198975,6.897559,4.429829,125000
-0.87439376,0.029978784,0.6676618,7.8912683,1.9456264,99500
-0.5203293,0.023127351,0.64610034,7.7648416,2.0401201,70000
-0.41725427,0.96621543,1.2421138,4.161776,3.167493,120000
-0.1672458,-1.0145217,1.1413791,4.1976957,1.9042091,62000
1.2314733,0.6479796,2.2118506,7.1495523,2.6803699,143500
2.29586,0.12028677,1.7067654,7.2100787,3.1808226,374900
1.3819045,1.0910048,1.5821198,6.9294252,2.8762913,169500
1.3802403,1.1199874,1.5933018,6.977869,2.79445,114700
1.3804771,1.0976593,1.6048553,6.971829,2.8271954,168413
0.4851583,0.5225636,4.2491655,6.7558317,3.013695,87900
1.1687691,0.29086825,4.3299866,7.40055,3.8895323,131900
-0.4383515,1.0206381,1.141776,4.0184765,3.1450841,79000
0.47996804,0.5234387,4.261148,6.7499485,3.0131333,89900
0.45929247,0.5383853,4.246382,6.730226,2.9910524,85200
0.46994844,0.53292185,4.094635,6.653925,2.9801984,67700
1.1347961,0.2941327,4.3375483,7.394025,3.8997018,124000
1.1210909,0.30437514,4.3233576,7.389598,3.87736,115000
1.0973591,0.31664467,4.3034635,7.3722725,3.8521132,132000
-0.18123196,0.03177836,0.3584687,8.617032,1.8964914,160000
0.4805399,0.53057003,4.255815,6.76085,3.0110564,119000
-0.07842473,0.28506336,1.0555106,8.3121195,1.9496845,124000
1.1321466,0.3019333,4.3209205,7.392685,3.8836703,146750
0.49163243,0.513327,4.2645926,6.7401676,3.0160573,85900
0.48089924,0.5169066,4.2666707,6.7377625,3.014574,88900
0.83851045,-0.09609253,0.85971665,5.2924128,4.6007752,100500
-0.36971635,0.9025285,1.3074795,4.2989283,3.1887724,82500
1.1436456,0.27194974,3.0291018,7.1619506,2.9409654,123000
8.083386,0.4827526,1.6390766,7.2488894,3.7791882,384900
9.167135,-0.0894949,2.0021982,6.09046,4.2011213,180000
1.1456296,0.26476184,2.995352,7.1570425,2.9114685,115500
1.1959438,0.28379253,4.328641,7.3978367,3.8830612,130000
-0.23610601,-0.17242981,1.1068213,7.6697464,1.2010615,68000
-0.31323883,0.4713963,1.7964517,4.8332696,3.4759476,111900
-0.48170283,0.9126137,1.201614,3.9807997,3.304626,88400
-0.47463638,0.6643324,1.800998,4.590194,3.4503772,106000
10.3743105,0.24786364,1.0082737,6.5510397,2.8064234,125000
1.0313387,-0.112048455,0.9275314,5.5644774,4.723802,185000
-0.24507107,-0.16603033,1.0956467,7.6839066,1.2093847,56000
1.3900123,0.17866775,1.5705992,7.5603595,3.0108614,320000
10.579745,0.53072566,1.3924309,6.965198,3.4238687,70000
0.82218105,-0.08451948,0.8591297,5.2849374,4.5832963,97650
-0.04545916,0.3391358,1.309339,8.155977,2.031052,110000
10.199682,0.61719304,1.8325503,5.903323,3.0976923,57500
0.51996994,0.5464778,4.2418547,6.809354,2.999043,93018
-0.2079741,-0.15253559,1.1010199,7.69082,1.2164649,54500
0.5335721,-0.22366239,0.788494,7.68099,2.585448,129990
0.50819916,0.54812384,4.2587304,6.800954,3.0015943,97672
0.48053783,0.5268199,4.2584734,6.7538695,3.0122135,92900
1.1356174,0.28733233,4.327641,7.392682,3.8961248,134500
0.6187012,-0.01827047,0.682802,8.63991,3.1695607,199900
1.5825425,0.290472,1.2173989,6.873771,3.320718,329990
-0.056588247,-0.6963818,0.73491853,4.290467,1.8160743,53400
8.900368,0.11698701,1.9696791,6.747138,3.9957192,240000
-0.1380069,-1.0366141,1.1704683,4.191377,1.9396667,64125
0.032392662,-0.017951973,1.197793,7.784792,1.2951697,89000
-0.046669126,-0.010299701,0.9818693,8.097814,2.192747,109900
0.52203006,-0.43325788,0.87442684,4.902487,3.0902915,120000
1.9082456,1.2631044,0.17145309,6.2889557,1.9338652,46000
1.9844207,1.1201679,0.12134109,6.277085,2.1874983,54400
9.550381,0.119885996,1.3720206,7.900642,3.557765,130000
10.034009,-0.5006051,1.9606045,5.8621745,3.7749445,55000
1.7453141,0.48497194,1.4547223,7.140116,3.6658432,329000
3.0404408,1.7526021,1.5370427,7.0347557,3.9962053,68925
9.297078,0.21626765,1.8590409,5.8482237,4.095791,99000
8.059834,1.1266005,1.5712993,6.7688775,3.939441,98500
0.6856388,-0.22430965,0.7591384,7.7132974,2.9371314,207777
0.616241,0.39708483,3.338304,6.077787,2.9928117,125000
-0.07525318,-0.7141454,0.72880554,4.272847,1.7938061,86031
1.9898556,1.123785,0.16269995,6.2701674,2.2486858,60000
1.9987915,1.1275839,0.14406173,6.273136,2.2389026,93800
0.8142196,-0.2476744,4.811696,5.9593334,3.47929,76472
0.053056844,-0.72988665,1.187265,4.646205,2.540791,116000
0.701308,-0.40518308,0.83632696,5.1208243,3.8528392,137000
0.7008371,-0.3661807,0.85970694,5.1982756,3.7613332,155000
0.32864988,-0.3296186,1.1811574,5.216302,3.2442803,108500
0.29261544,-0.3243926,1.2117236,5.2176948,3.2238936,108150
0.82028884,-0.23379274,0.60825354,4.97556,3.2598493,122900
8.930134,0.74001086,2.182387,5.825176,3.8628018,34999
2.3920403,0.14605513,2.0985065,7.3679395,3.4003294,299999
-0.36515248,0.88396573,1.1092671,4.028035,3.269216,76001
-0.47097427,0.22443864,0.24538645,8.918914,1.5310519,115000
0.09276909,-0.0014048179,1.3887752,5.108295,3.0984092,124000
1.8809147,0.9195707,0.59446436,6.6015625,2.6474884,304000
-0.45831808,1.0496398,1.1580876,4.0205994,3.1229408,93500
1.8775343,1.3347821,1.3875868,6.855091,2.8836756,330000
0.07518066,0.38606432,1.2017614,8.100073,1.9489412,220000
0.5549699,-0.023032373,0.6894872,8.567809,3.0429413,148500
-0.5706624,-0.18178746,0.7133295,7.9629893,2.2018492,107000
0.083441556,0.027912166,1.2496254,4.5788493,3.1639318,106000
2.183259,1.3087962,0.13067725,5.896187,2.088505,55000
-0.5466435,-0.17552894,0.7115088,7.972993,2.2017543,107000
4.2274847,2.2596807,1.4873364,6.9284077,4.329098,260000
3.9311588,2.1191862,1.495793,6.964213,4.2464814,105000
0.092266366,0.031072611,1.1288592,4.43516,3.0934353,92500
-0.040407386,-0.69825006,0.74566364,4.3315754,1.8900651,68500
0.07171052,0.0698992,1.1553491,4.4746585,3.1165607,98000
0.7207609,-0.38833368,0.8439603,5.1474257,3.9895713,122500
0.094883926,0.024198942,1.1296781,4.435561,3.0917785,93500
0.700437,-0.38179332,0.87796384,5.2158985,3.891431,144500
0.09720065,0.021192066,1.1298292,4.4388065,3.0910327,96500
0.0696501,0.078501,1.1432738,4.4682355,3.1120028,95500
0.09728813,0.01969752,1.1151729,4.4220643,3.0806963,100500
0.94882137,0.3622401,2.283636,7.150136,2.5051062,102000
0.19377999,0.19220346,1.1629816,7.7592945,1.2053696,65000
10.660663,0.59394914,1.4476862,7.1492167,3.39441,73000
-0.016394276,0.10318985,1.1221166,8.303915,2.0653327,134000
0.71335155,-0.2364849,1.078811,8.018433,3.094361,129500
10.5159645,0.64282334,1.6603148,8.033044,3.4772217,239999
10.687021,0.5886999,1.3860891,7.117753,3.4196796,125000
-0.27816692,-0.15455638,0.7335109,7.9417014,2.2929382,145000
1.9224714,1.3610694,1.3714445,6.8434405,2.8708076,286000
10.169795,-0.30657813,1.9337894,6.0995703,4.018902,80000
9.514028,0.10452005,1.3518825,7.9012814,3.5655773,115000
1.1021817,-0.16285686,1.0325549,8.34676,3.7012613,129000
10.176175,0.5772667,1.8372804,5.9431705,3.15162,83500
9.992476,0.29377013,1.8374078,5.9956574,2.812619,34000
-0.05936522,-0.61473316,0.73833936,4.3938785,1.7282662,62000
1.0204635,0.09164252,0.9544936,8.084897,3.786795,169000
2.33475,0.53735495,1.4202973,7.1132555,3.1448553,245000
-0.07239971,-0.7089145,0.71282923,4.273356,1.7880942,64170
0.9375574,0.00013172826,0.8468627,5.4429827,4.513889,93465
10.697063,0.58553296,1.390015,7.0654707,3.4056878,155000
-0.05648019,0.33563387,1.0982611,8.328185,1.9788423,120000
9.435202,0.32988474,1.3352828,7.751097,3.7203107,180000
-0.031113343,0.16880858,0.72111106,7.902993,1.1374587,77000
4.758488,3.6202462,1.4426259,7.0189457,5.197878,169000
0.9612607,0.11617594,1.0868284,8.163057,3.6370249,131900
3.1031148,0.19541761,1.9296981,7.1561465,2.5772417,253000
0.5799352,-0.015135586,0.68417406,8.579233,3.058322,249900
10.571619,0.54791194,1.3315881,6.864129,3.3831925,139000
10.662434,0.5785921,1.3870289,6.96616,3.389783,109000
2.292183,0.4979883,1.5057845,7.3711486,3.6057172,545000
0.53616333,0.53910434,4.203324,6.8186927,2.995968,114180
0.03409492,0.3417317,1.3509377,8.161285,1.8222163,72000
1.00024,-0.020607155,0.9361326,5.5402775,4.5812335,266545
-0.14943787,0.71522593,1.0170038,4.1831784,3.5110726,146766
-0.25994822,0.7917875,1.0489149,4.0821075,3.3973422,109251
9.148173,-0.093788095,1.9453263,5.6417966,4.1435084,137298
-0.25370988,0.7883507,1.0486999,4.089238,3.4048605,119958
0.9732811,0.37235248,2.0770447,7.229275,2.6300101,138000
4.7605085,3.625009,1.4411539,7.018337,5.2014155,89900
2.210522,0.5512254,1.4860396,7.4248943,3.9416049,475000
-0.32994425,0.11254864,0.6004198,7.675659,1.9306096,89500
9.059975,0.13771126,2.0466402,7.1556745,3.6426835,254500
10.544418,0.5777191,1.42823,7.958681,3.6223292,240000
1.5090322,1.0997934,1.4953511,6.9741216,2.9362533,280000
-0.1685203,-0.13319393,0.76865804,8.124513,2.2133634,125000
1.2324419,0.5663283,2.3408146,7.165232,2.740002,118000
1.8298987,0.63952106,1.3775555,7.294078,3.607319,338650
0.9211043,0.05317778,0.8004863,7.953967,3.8989906,189000
1.2391999,0.57734895,2.3459876,7.167915,2.729385,125000
0.5782008,-0.024930654,0.6926904,8.56112,3.081444,127500
0.047264203,-0.0343765,0.7550421,8.312051,2.1190124,118708
10.286492,0.6770622,1.8181536,5.915248,3.1972938,34800
10.0722065,-0.09225554,1.9238493,6.3268733,4.0815067,71000
8.85472,0.83900994,2.5906615,5.7727084,3.8461192,179000
8.985285,0.7977822,2.4649813,5.7386656,3.7504468,119000
8.860512,0.8333208,2.5805428,5.775194,3.8510041,159000
0.98051596,0.36009526,3.4284406,7.0114117,2.9998279,105100
1.128179,0.34948885,3.1581695,7.1609087,3.0271192,130300
10.340064,0.29651043,1.6360719,6.464371,3.0188954,79900
10.431669,0.30213827,0.9728063,6.664449,2.9539716,97900
10.329538,0.40565178,1.7573441,5.6667023,3.147538,56000
9.781186,-0.513966,2.3571286,6.588325,4.4461303,87000
9.331145,0.117814064,1.7746698,7.4510026,3.593466,150000
0.8003536,0.6629254,1.5710506,7.3876677,2.5798314,131500
0.962174,0.3482812,3.1622553,6.9984627,2.849119,88400
9.66425,0.122421,1.8490005,5.7634735,3.5909982,167000
0.23776266,0.5105974,4.108762,6.133122,3.0742056,60900
0.72111446,-0.3771089,0.8180255,5.1237493,3.7676656,214000
0.2648401,-0.25458115,1.2475826,5.2013326,3.1938512,116462
1.1130182,0.45903847,2.020528,7.0990434,2.6358657,128260
0.17168273,0.20760292,1.1525421,7.7560287,1.195976,68500
8.977867,0.8067988,2.4644976,5.7444935,3.7482724,95900
1.1712044,-0.41255048,0.83091575,6.9546084,2.7649915,149000
-0.11212921,-0.94479054,1.2607534,4.2846804,1.9670899,65000
2.661044,0.35277346,1.7803752,7.22993,3.1245117,395000
0.75366074,-0.08274395,4.886365,6.0859447,3.3777053,99174
1.8914942,1.2931573,1.4720261,6.835477,2.6720219,199900
4.2201962,2.2586997,1.4801753,6.9313903,4.3367844,179000
0.9045806,0.045277167,1.0314945,8.298046,3.6948297,159000
10.457406,0.45464584,1.2472999,6.871234,3.3532891,88000
1.7711602,0.7376984,1.2457013,7.3124995,3.5379174,265000
0.26077932,-0.5509012,1.3886007,4.966829,3.1567068,89500
8.589937,0.13928236,1.3505381,6.4749775,2.8522198,165000
10.140639,-0.5903773,1.9849149,5.8538847,3.965144,70000
0.015496655,0.19574472,0.843815,7.8727555,1.1405133,93000
0.8981128,-0.08614074,1.0709454,8.222848,3.657398,137000
9.888486,0.0821271,1.9695908,6.5763535,4.09418,145000
-0.10473028,0.068751246,1.2046732,8.219906,2.0929506,89000
0.4195301,-0.21956375,0.7379605,7.7487354,2.4450145,64500
0.81643,-0.058159556,0.70327985,8.557168,3.3595772,182899
2.3919475,1.008973,-0.18571258,5.8758955,2.2910168,75000
1.999056,1.1075666,0.1561005,6.284272,2.259027,77430
2.0709398,1.5044377,1.3471465,6.8042464,3.048017,154999
0.5263823,-0.2863726,1.272091,5.4190555,3.6414537,127000
10.142178,0.27581993,1.616748,6.009724,2.7455935,49999
10.078824,0.04140052,1.64725,6.3107157,2.7213795,114900
0.30567986,-0.33643463,0.123937786,8.005198,3.4786355,107000
10.207624,0.30812404,1.8439218,6.3316846,3.1411328,89000
0.6810536,0.5062332,1.6283178,6.346515,2.568635,220000
10.3313,0.68349546,1.7514073,5.88392,3.211222,27000
2.0140123,1.047321,0.43951625,6.2165875,2.155589,104000
2.0100298,0.98080057,0.563316,6.2708817,2.1243794,123840
8.975509,0.3634609,0.9271,6.33288,3.415269,127140
1.983313,1.0822493,0.46404415,6.2556715,2.1842923,75000
9.883103,-0.09333873,2.0339181,6.528902,4.2535458,149000
9.081994,0.12550105,1.9511095,7.1233897,3.8141866,137000
0.7785365,-0.10369102,0.9526877,8.389488,3.5569701,119900
0.3079358,-0.19092324,0.7984072,7.8164787,2.3706517,89000
0.006769797,-0.8652385,1.1097032,4.474457,2.3299217,63900
9.305427,0.14321457,1.9628209,5.8630466,3.3427765,106000
0.7991018,-0.031042075,0.97590876,8.41887,3.5594723,125000
1.896567,1.3020755,0.18845136,6.288645,1.9003959,44000
3.102422,0.18561408,1.9019623,7.1802754,2.5847447,320000
9.025838,0.24584198,1.020795,6.247283,2.943329,52000
3.1618814,0.12842646,1.8929245,7.13139,2.5318549,352000
2.1028445,0.96857953,0.043967817,5.781324,2.481977,150000
2.289873,0.5305957,1.479629,7.2753325,3.845501,875000
1.9943724,1.1065531,0.17641985,6.272351,2.2633448,65000
1.123403,-0.023561029,1.1043295,8.19307,3.5991304,200000
3.0435147,1.7628764,1.5389807,7.0308533,3.9958887,54545
0.40391487,0.48230013,1.5135714,7.8172054,2.2002535,84500
8.640558,0.68991977,1.0013107,6.314108,3.5248141,152999
9.719065,-0.51519406,2.3396873,6.533681,4.4703946,94500
2.2919395,1.1610217,1.3035696,7.0350604,3.4299335,249000
8.146635,1.0304524,1.5932918,6.799122,3.894689,79338
2.0011396,1.072042,0.2167308,6.2815,2.25764,77000
-0.3576701,0.0123368725,0.61908317,7.7446194,1.9966524,77000
2.2266662,0.9112784,1.5616571,6.898105,2.4172993,159061
8.558793,0.681703,1.0706242,6.3160443,3.4381068,129000
2.3501832,0.7163407,1.4176168,7.2527995,3.792627,590000
1.1636565,-0.33545604,0.85384405,6.966222,2.7919183,235000
1.5157262,0.687044,1.377241,7.1993504,3.1990376,215000
0.87925345,0.0133180395,0.8305095,8.321663,3.3017795,174900
9.825627,0.17913131,2.4449615,7.1358027,3.9672003,87000
2.092715,0.71595716,1.313081,7.2002125,3.3703105,400000
0.98219514,-0.10590345,0.74943924,8.097945,3.4482398,335000
0.75340694,0.033610873,0.75414205,8.722023,3.1707377,169500
1.0045937,0.09466072,0.81940335,7.7316494,3.9270155,210000
9.628232,0.2933725,1.8572055,6.4355054,3.9792066,288000
1.9606086,1.1455476,0.34460744,6.237962,2.2282803,77000
1.9154977,1.279836,0.19051626,6.276056,1.9483898,55500
0.780892,0.038209517,0.79438525,8.690214,3.1799476,215000
0.21430816,-0.4424129,1.3721282,5.0104914,3.1166472,91000
-0.35056874,0.7305628,1.5060065,4.5821466,3.1924727,97800
9.606029,0.2691737,1.6922036,6.3842216,3.9636033,89000
10.087538,0.28641102,2.014023,6.5136695,3.4903684,98800
10.08986,0.03053648,1.2723634,6.2894564,2.5412471,84490
-0.3237812,0.8598391,1.1764206,4.1705766,3.2231328,73500
0.054971896,0.03492176,1.2475129,7.9111896,1.4459445,75000
10.27277,0.37148216,1.6863315,6.456856,3.0637417,116999
-0.10734634,0.3784957,1.2990191,8.114742,1.9669356,92500
10.087453,0.29400194,1.802754,6.2833962,3.2704463,155000
2.0042791,1.1231704,0.3799874,6.190411,2.1938941,74900
7.9108934,0.38937032,1.9846859,6.584518,2.9878402,399999
9.072229,0.21155445,1.5494096,7.408515,3.6671884,160000
0.6821744,-0.10248024,0.1918095,8.450303,3.381389,114000
9.251503,0.10038235,2.1826315,7.2662807,3.321203,149999
9.584334,-0.4478466,2.1397526,6.3638034,4.284403,119900
10.399923,0.37083328,1.0708364,6.7971888,3.298038,83999
10.279699,0.66631424,1.8061721,5.851335,3.1969786,83500
1.3478751,0.9752001,1.0743965,6.59684,2.4199967,95868
1.15437,0.7913341,1.0895113,6.530814,2.4137247,143802
1.3860992,1.0399703,1.1294036,6.6867914,2.5211625,133058
-0.1400138,-0.77775425,0.845112,4.2799735,1.8217088,67600
1.2505167,0.10558739,4.7821136,7.4472055,4.2981243,147600
0.85751146,0.41140687,4.1741953,7.10133,3.385343,110500
0.27365708,-0.5888553,1.3956723,4.9152822,3.1886714,92500
-0.054284275,0.4198844,1.3372681,8.073188,1.9956105,89000
1.3010285,0.09158329,4.815099,7.4288635,4.2691774,128000
10.512243,0.52041847,1.5423077,6.8544703,3.3875306,116000
9.593874,-0.44432852,2.1526392,6.3646154,4.281976,127500
9.579351,0.1572078,1.5577853,7.5091624,3.4910755,79000
9.052926,0.6855189,2.3561587,5.792924,3.9287949,85600
9.268869,0.13096231,2.1650734,7.2562456,3.497905,159000
1.3055999,0.25013888,4.380976,7.39689,3.8895788,156500
2.220168,1.2380583,0.04030689,5.7067204,2.297317,90000
0.1950975,0.16567989,1.1108657,7.7508416,1.2566427,59900
10.606215,0.5385022,1.3507522,6.814095,3.2941513,137000
-0.2608611,0.21405946,0.7547707,8.4856,1.9127966,144900
2.1094217,1.4058857,1.3712002,6.8638988,3.015254,229900
2.2491767,1.0669478,1.3263065,7.1200767,3.5266652,359900
2.1400874,1.5108428,1.3869346,6.8401365,3.0193164,179900
2.6814814,0.3455082,1.7948796,7.2320004,3.097966,329900
9.000572,0.6457225,1.52588,6.0529013,3.7250655,73999
-0.5667834,0.26128066,0.16347326,9.046843,1.4574273,119900
-0.48648778,0.22373444,0.21802159,8.948132,1.5154855,124900
1.0594889,0.15828162,0.90358067,7.9631352,3.574175,238000
0.07531632,0.13674618,0.92815405,7.8013983,1.2796595,74500
0.072401114,0.3906026,1.2478346,8.026404,2.0766912,123900
1.7898246,0.958764,0.9188379,6.483414,2.278003,264990
0.74219674,-0.17673473,0.9013917,8.232602,3.557365,139900
0.8406785,-0.10291778,1.0524825,8.157985,3.5502815,170000
2.1416337,1.5650115,1.3103628,6.7740984,3.1397207,117500
4.1571765,2.1604316,1.4719422,6.9535956,4.2874885,160000
10.489562,0.31379068,0.85727173,6.713921,2.9913828,92799
0.7448976,-0.44369113,0.101696976,8.433146,3.6833363,118900
9.074542,-0.06326422,1.7267516,7.3792715,3.2361832,124900
9.104806,0.30300358,0.9191421,6.1956124,3.0348833,44500
9.119712,0.30459473,0.91446954,6.1925635,3.0236006,44500
8.72518,0.5129516,1.4651645,7.0617166,3.7404428,264999
0.70001376,-0.2085596,0.7859351,7.707853,2.95933,156900
0.70688653,-0.27590597,0.2359471,8.514287,3.6454303,119000
1.5493106,0.6999582,1.3351743,7.3640313,3.475637,150000
10.149657,0.3187871,1.7810595,5.8717237,2.872973,80000
1.1461025,-0.38222966,0.8422181,6.9673796,2.7801945,173000
-0.08207599,0.18590203,0.65509564,7.9984326,1.0934488,85000
10.080735,0.29142544,2.0121102,6.5045857,3.489103,98900
-0.14588007,0.00847573,0.79860276,8.288808,2.1851895,235000
0.9850491,-0.04232319,1.1590742,8.144039,3.5043669,140000
8.412761,0.49433962,1.7259203,6.3125486,3.0697362,187500
-0.18767498,0.14896528,0.75440246,8.401872,1.8253033,178000
-0.07357035,-0.027766865,0.3624334,8.391829,1.3033869,75000
-0.07118039,-0.027356198,0.36488008,8.389229,1.2999364,75000
-0.5613354,-0.109594725,0.66959536,7.887289,2.154002,95989
0.51821107,0.52875644,4.232948,6.7881966,3.0115294,114180
-0.4749045,0.2896242,0.886915,7.73534,1.8809143,119979
9.244611,-0.18532056,1.8421535,7.697267,3.2787116,125000
-0.26722008,0.20098981,0.75651336,8.494548,1.9261931,124000
-0.068311214,0.3368995,1.0561107,8.273737,2.0075855,145000
0.8873136,-0.012524335,0.9902689,5.5728745,4.3292704,149000
9.319521,-0.29313123,2.2177322,6.9911575,3.8919718,199000
8.457142,0.63087726,1.5976168,6.311577,3.2735736,199900
1.0595952,-0.03724215,0.9622261,7.8916426,3.5858169,230999
7.9482594,0.4044574,1.96433,6.5438967,2.9806361,170000
0.16580033,-0.4828046,1.3773613,4.925458,3.0400453,88000
0.6477808,0.48013848,4.2413006,6.9175115,3.159473,74880
-0.09824551,0.21460246,1.2823976,8.183577,2.0667944,120000
4.7352114,3.5770178,1.4571197,7.0217776,5.1625047,184999
-0.073114395,0.43771443,1.3219268,8.064995,1.9807115,115000
-0.45924264,0.3009602,0.9093574,7.753445,1.8849593,119900
0.6719343,0.47660944,4.2395205,6.9433327,3.1879451,78620
1.0467433,0.34060508,4.203364,7.2693906,3.6474237,122820
-0.09743274,0.118269995,1.2563083,8.194981,1.8620546,99999
9.688883,-0.5175118,2.2907846,6.4716067,4.4130187,104900
8.808545,0.8465607,2.6307955,5.798059,3.8575613,165000
-0.55588514,-0.18791026,0.62826943,7.881038,2.2353082,74500
2.0751855,0.30423152,1.0170928,6.7660213,2.9538786,255000
2.1914842,1.51333,1.3295242,6.8174925,3.1051664,134000
1.1179352,0.30299664,4.320272,7.383464,3.875029,121264
0.47679085,0.53152454,4.2574186,6.760693,3.0079865,85900
0.39207,-0.273709,1.127043,5.2136354,3.2990468,130500
0.37057787,-0.2769695,1.1516397,5.224971,3.2925832,124500
9.105417,-0.0700391,2.0168235,6.221491,4.1134944,198999
10.069533,-0.49351865,1.9270726,5.8470826,3.848191,85990
8.334444,0.5017828,1.4613158,7.096396,3.816664,449500
-0.5465345,0.15444599,0.7019285,7.554996,1.8678924,66990
0.33785507,-0.28133333,0.41812608,7.7772155,3.5638068,134850
1.2612281,0.23136446,4.443301,7.509901,4.090427,195693
-0.09766693,0.04716378,1.198621,8.23065,2.1048439,85000
1.2579257,0.26250607,4.3877664,7.4046044,3.9024284,184691
8.44291,0.590986,1.6435256,6.320684,3.2333574,179000
-0.07312397,-0.7137558,0.7393254,4.2792587,1.8044506,56800
9.615048,-0.2770623,1.9849834,6.40829,3.5191112,93980
0.8033803,-0.3303614,1.0973082,8.197919,3.3710408,129500
0.24161625,0.2356014,1.1759843,7.7377095,1.2425252,35000
10.1138315,0.41446176,1.8583039,5.924562,2.8861334,41000
10.278288,0.53269315,1.6317598,5.923145,3.1104345,36800
0.31997004,-0.3235301,1.1556278,5.210492,3.211436,119000
0.42222703,-0.2980236,1.1128181,5.2352185,3.3194952,107000
0.35918808,-0.29161343,1.1541065,5.206732,3.2642474,104500
0.3495804,-0.29092982,1.1624658,5.206319,3.2556949,93000
9.019973,0.7525859,2.386469,5.743594,3.8143086,83000
0.47524923,0.53213626,4.1018367,6.67118,2.9820516,73755
0.5773568,-0.26540002,0.7504624,7.668036,2.8073506,184000
-0.1577421,0.10187142,0.7374907,8.5008335,2.0660923,103700
2.0633273,0.59495014,1.4558653,7.4619856,3.8524978,495000
9.549438,0.12741604,1.3780605,7.8808913,3.5535772,99990
2.3956714,0.50693464,1.5329956,7.4059596,3.9608624,625000
0.6916072,-0.23043454,0.7889882,7.505486,2.9034142,205000
10.562392,0.59518623,1.5425202,6.3861804,2.9762676,51000
1.9200535,0.9484125,0.56644714,6.4475794,1.8257334,139200
1.9523417,0.85326666,1.2456393,7.236139,3.5436668,210000
2.2159147,1.2297797,0.025454937,5.7030854,2.292556,100000
-0.16544989,0.18499088,0.7662171,8.572514,1.9758537,130000
0.06671033,0.0024448615,1.219646,7.795772,1.318737,110000
1.894902,1.3106914,0.2688592,6.2944193,1.9007651,50500
0.7256694,-0.11597646,0.88676476,8.277342,3.5506663,134000
0.9560302,0.35052457,2.3458598,7.15161,2.5557196,127500
9.652071,-0.7663014,2.5247102,6.899269,4.434517,125000
1.9246862,1.1889981,0.38216692,6.270422,2.3003993,77480
9.868745,0.43873715,1.7998042,6.3214655,3.2249172,130000
0.1393131,0.13808276,1.1936718,7.7812057,1.2284112,63000
10.009785,0.12351425,1.5577631,6.3425055,3.2334225,130000
-0.056956626,0.26021883,1.70398,4.9422765,3.5462308,100800
0.46211323,0.5395889,4.274934,6.7440634,2.9941428,84900
1.9061852,0.92825234,0.7090564,6.374592,2.126298,175000
0.82930446,-0.31545165,1.1092969,8.185127,3.406043,135000
0.22055957,-0.28268433,0.2690048,7.8369403,3.4507608,139900
-0.05208006,0.23151654,1.2918191,8.191004,2.036727,95000
1.9392285,1.209773,0.33269617,6.2366414,2.2411604,64888
9.287755,0.10845613,2.0256443,7.3777246,3.5815754,126900
1.9057242,1.3124032,1.3610367,6.839987,2.7377803,202800
1.0795323,-0.1949285,1.1029303,5.745738,4.62449,163000
0.8321027,0.45412946,1.8653222,7.4233522,2.4464982,215000
0.78966516,0.048501156,0.81252074,8.704477,3.1799626,210000
0.4803244,0.52221274,4.2613173,6.7515535,3.0121024,80500
0.7619252,-0.32489905,0.9677827,8.319487,3.5594695,90000
9.951688,0.18621488,1.9993907,6.325727,2.817688,85000
9.534337,0.19744122,1.3751345,7.7907324,3.6175635,119900
1.141201,0.26999113,2.9949389,7.1588044,2.9062135,123000
2.315616,0.09726848,2.592973,7.591968,3.3710718,207000
10.603656,0.32730258,0.97868216,6.6094446,2.8551815,84000
0.85980654,-0.09574151,1.0502862,8.150585,3.554308,170000
1.1017591,-0.15083627,1.0445182,8.463641,3.7539213,157000
10.334246,0.37430725,1.2073469,6.718066,3.3808477,105000
0.8086998,0.008240889,0.36508885,8.3483925,3.4834435,240000
0.22285219,0.23672754,1.2065903,7.7371144,1.2611594,82400
2.4505324,0.36260864,1.616186,7.1851068,3.2520118,349800
8.735751,0.19391042,0.9876777,6.370856,3.455078,119000
10.036194,0.48670694,1.5484654,6.501062,3.452332,105000
0.5709985,-0.26542222,0.7434577,7.6498094,2.7876022,130000
10.106031,0.28474486,1.8569661,6.4099727,3.1978621,75490
-0.10177336,0.046846874,1.2089499,8.2354765,2.0997612,88979
1.1874378,0.53705996,2.4558005,7.1325793,2.7587218,139500
2.233003,0.89525884,1.5593898,6.8939867,2.4015875,169500
0.6444522,-0.30219355,0.10954649,8.623786,3.6581776,130000
10.195942,0.39511824,1.7227412,6.4170303,3.1333852,120000
-0.18345065,0.39280757,1.8245034,4.875799,3.6595733,100800
0.8390073,-0.1056271,1.0547191,8.129066,3.5276687,170000
8.751988,0.75079703,1.5095716,6.3410263,3.5019212,130000
9.705124,-0.53431153,2.311595,6.4858384,4.4532833,125000
10.085273,0.24459796,1.6885179,5.9822645,2.7680485,59999
-0.076008864,0.023315083,0.6973571,8.456413,2.2024693,130000
0.5146663,0.521407,4.244118,6.7860575,3.0280306,84000
8.962497,0.80518246,2.4654624,5.740639,3.7664573,95900
4.5877843,2.2269657,1.4846377,6.9415298,4.3580623,162000
1.073592,0.16908923,0.9097293,7.914746,3.5622752,238000
9.483451,0.10196642,1.6487654,7.625296,3.4897397,124999
-0.6374687,0.8107269,1.6787047,4.6225166,2.8116877,119000
-0.4592487,-0.10645284,0.70050365,8.074032,2.148762,118000
1.4628725,0.23957233,4.218039,7.458747,3.976068,279000
0.7643276,-0.12205224,0.99548197,8.027163,3.4178216,170000
0.93038386,0.15351129,1.097921,8.250641,3.5495663,139800
9.168579,0.27970678,2.203198,7.0813627,3.4651585,225800
1.2876388,0.23715717,4.4033823,7.518683,4.0623674,146000
9.645431,-0.70376885,2.50292,6.904866,4.3988466,154990
0.5611232,-0.1487741,0.6335631,7.7399936,3.76445,145000
1.2657809,0.25302374,4.3842254,7.484485,3.9954917,161730
0.716972,-0.19469549,4.9430833,5.9592648,3.397327,90500
1.1207699,0.19563058,4.6985984,7.5322824,4.340557,112950
0.5177501,0.50985676,4.247779,6.7725263,3.0344214,110000
1.6444228,1.1715906,0.6460621,6.4933305,1.9742775,97500
-0.27496156,0.43288863,1.8139669,4.8651133,3.532985,106805
9.655656,-0.49156728,2.449177,6.890742,4.315978,105000
2.0945842,0.38270974,0.83986104,6.6118603,2.6991,240000
10.073575,0.14541036,1.2561817,6.4663415,2.8066208,140000
9.364091,0.474141,1.4873549,5.646616,3.5290732,61990
9.112695,-0.03012024,2.0633543,6.444427,4.1625223,105000
1.4689775,0.22821008,4.2798867,7.439816,3.96138,279000
-0.08223898,0.062407445,1.1580015,8.260167,2.111767,163000
8.425545,0.4539879,1.8250442,6.3479066,3.0242243,234900
9.662948,-0.69999266,2.4815695,6.8413653,4.4137087,77999
0.8471872,-0.10191877,0.83323896,5.2738085,4.631713,100500
9.369436,-0.2034954,2.198698,6.9882665,3.7058644,159000
0.88429105,0.032726124,1.1362618,5.7050233,4.2499084,149989
2.4175892,0.9773657,1.3582853,7.1808825,3.6447434,299900
0.50266856,0.52279025,4.257761,6.7867546,3.0298498,124000
1.0282437,0.333981,2.5140092,7.1484714,2.7046351,163900
-0.45214474,1.0719653,1.1806773,4.056479,3.0824132,82500
-0.52091855,0.682057,1.8594513,4.5473447,3.5049412,55000
1.8937982,1.3055815,0.16734266,6.289806,1.8894912,53500
9.644656,0.34557948,1.3149627,7.5030003,3.643183,139000
1.4925923,0.2249377,4.2619815,7.441498,3.9639099,234675
9.734452,-0.39527592,2.4065049,6.782354,4.3688016,105000
-0.28804597,-0.21714182,0.6682356,7.8995914,2.30868,81900
1.8744698,1.3012043,0.17184585,6.300274,1.8945777,48500
-0.46025345,1.051092,1.1707398,4.0158105,3.116945,120000
9.048088,0.29184693,1.1473838,6.1748114,3.6222558,68000
0.852679,-0.030824864,1.1268836,5.617979,4.320585,132800
10.163628,-0.17926882,1.8944848,6.1432147,3.9813793,78999
1.1602018,-0.36018038,0.85626215,6.9611397,2.802682,345000
4.757482,3.6187422,1.4429868,7.0187883,5.196616,127000
10.532995,0.58299994,1.5081562,7.790649,3.5382807,129000
0.16379851,0.07716779,0.9965454,7.7700825,1.5137761,76000
0.66417223,0.49274236,1.7043318,6.3633122,2.5808084,105000
0.61154413,-0.14309356,0.10345165,8.700189,3.5442479,135000
10.614901,0.5614765,1.3580241,6.7650094,3.297094,137000
2.3425865,0.81833625,1.3720843,7.2606945,3.6944127,649999
9.366394,0.08617659,1.8012633,7.546769,3.4987996,235000
4.602642,2.245496,1.4587812,6.9718547,4.4231143,350000
1.9079467,1.2558495,0.16943727,6.287984,1.9495206,50750
0.1573926,0.23370734,1.8315133,5.1428843,4.010209,162726
-0.41386086,1.0148847,1.11584,4.011393,3.1175756,69420
9.812433,0.17169628,2.370142,7.1301045,3.9767163,169000
-0.2601114,0.21933363,0.7748598,8.468916,1.9203633,100000
9.086682,0.19765902,1.4954363,5.862117,3.898737,69421
8.881273,0.6027916,1.5882161,6.0342665,3.440097,132231
9.055203,0.7330771,1.8905296,5.9523797,3.554267,140000
8.707912,0.47552553,2.0183873,6.6962852,3.7018132,296500
10.521447,0.3808437,1.4513458,6.63568,3.0912476,99800
0.0922849,0.032881204,1.2161533,7.8075,1.3103395,94000
-0.5285456,0.7273842,1.653198,4.736848,2.830597,66000
1.1577247,0.2535262,2.9634023,7.160194,2.883624,115500
2.2449362,0.12598656,1.5633621,7.048665,3.286626,254800
8.725312,0.51863194,1.9222057,6.7734113,3.753855,220000
-0.09619504,-0.7313796,0.7797872,4.280379,1.8117199,75000
2.2932255,0.06830528,2.5924296,7.574056,3.3670955,192000
1.124583,0.18955876,4.702919,7.535179,4.34594,138600
2.2960727,0.10320501,2.557356,7.5566735,3.412629,110000
-0.3446477,0.9334497,1.2644031,4.298008,3.1403637,115000
-0.8894388,0.021961352,0.63679844,7.8448124,1.9305524,76900
0.83740026,-0.10991427,1.0388635,8.156104,3.5482352,165000
9.650146,-0.7546522,2.5176787,6.9014096,4.425095,115000
0.60635656,-0.023061214,0.6843521,8.571345,3.0752113,169000
1.145738,0.344756,3.1240208,7.177762,3.022016,124000
1.0776467,0.30457884,2.8342228,7.134811,2.795549,107000
8.7888155,0.32698897,1.2979822,6.9131103,3.5779116,123500
0.297295,-0.33188918,1.2145896,5.215069,3.228837,104772
0.7102187,-0.38897252,0.8208558,5.111415,3.824653,144000
0.82189304,-0.21627212,0.59972894,4.96517,3.223792,120900
0.28659698,-0.3382427,1.2464355,5.2055407,3.220507,87500
0.8862601,-0.2112619,0.66881484,5.1339607,3.4038844,148500
9.356947,0.07570636,1.5699704,7.5757275,3.5585694,164900
0.7075643,-0.08775788,0.5512544,8.5268545,3.5105343,235000
9.250996,-0.24626987,1.8937039,5.748496,4.1667356,79500
0.42806387,-0.17859471,0.8558191,7.7922297,2.4956598,98000
0.5204413,-0.2296691,0.7960219,7.657357,2.641716,190000
0.8423335,-0.15592706,0.6054792,4.974005,3.1768017,263500
0.5279049,-0.38428017,0.83137727,4.8556876,3.0937145,115000
-0.1442685,-1.0003964,1.1936865,4.2162704,1.9218478,66000
0.27920082,-0.3659288,0.36154357,7.8042917,3.471755,116000
-0.5637164,0.8376761,1.5830117,4.380513,3.215866,125000
9.007997,0.7857704,2.478955,5.736462,3.769196,105000
0.5489715,0.39257807,3.6768527,6.028636,2.9811058,127500
0.7190242,-0.3949177,0.840029,5.145908,3.9786131,134000
0.065153755,0.092505015,1.1488111,4.470319,3.116403,94000
0.091088034,0.029135564,1.1261996,4.425339,3.09076,88500
0.7181648,-0.3916458,0.8426406,5.143788,3.98391,128000
9.781076,-0.49052826,2.355884,6.6004457,4.442206,127000
0.88990504,0.028479747,1.1251837,5.710788,4.2479606,167000
0.7146405,-0.387381,0.8542446,5.1615915,3.9747927,127500
0.7212771,-0.394617,0.83735126,5.139224,3.986214,105000
8.773733,0.5227062,2.133137,6.523572,3.7220755,159000
0.72843766,-0.15617536,0.8949957,8.240758,3.5539873,134000
-0.3755529,0.6066571,1.7331518,4.665486,3.3951027,145000
9.110784,0.29733205,0.94334304,6.197108,3.0174966,86000
0.9496916,0.35061073,2.310951,7.156635,2.5334892,127500
-0.5354599,-0.17441458,0.7138058,7.9611187,2.1702359,67000
10.111194,0.20296349,1.8127173,6.2099867,3.3035328,179999
9.7859535,-0.5003647,2.3624923,6.5977573,4.4493237,115000
-0.16988917,0.86884993,1.3073729,4.693186,3.0034087,94900
9.701537,-0.40011525,2.4037256,6.8231883,4.334759,107000
9.357641,0.45238712,1.4368991,5.616597,3.5421607,108000
0.86240745,0.0036022852,1.1056851,5.671048,4.203948,132900
8.919565,0.6484007,1.5395302,6.057808,3.5830562,168500
9.163478,0.053147033,2.1253924,7.1811585,3.5824356,230900
9.3101,0.15174048,2.2396293,7.244487,3.3614154,130000
-0.16170362,0.33018637,0.9917834,8.301016,1.8956646,119000
0.53180826,0.42262435,3.5467074,6.0478797,2.9873385,85100
-0.062046904,0.28882086,1.0932435,8.404216,1.9884281,120000
-0.8647406,0.05537539,0.6600205,7.85589,1.931345,110000
0.28924948,-0.33593944,1.2104305,5.2187266,3.217331,102445
-0.11634239,0.3215711,1.0383004,8.307772,1.9594535,123900
-0.20528334,-0.22683455,0.6991368,7.925204,2.3245676,70000
2.3555722,0.7653086,1.4191183,7.2804112,3.8020427,490000
10.118285,0.19596654,1.8766035,6.1577444,3.405123,150000
1.7374821,0.25326505,0.849251,6.789629,3.1280868,263500
8.141133,0.9817955,1.5693946,6.858286,3.8898587,132000
-0.57653666,0.2663835,0.14929526,9.066013,1.4481674,117500
-0.45821416,0.299554,0.900453,7.773975,1.8875248,120000
1.2581623,0.22281076,4.4170203,7.5216026,4.133048,240000
0.26197594,-0.24891669,0.3530989,7.780199,3.5292945,123000
-0.46518835,1.0722162,1.194112,4.06099,3.0860326,96500
-0.20261626,-0.2325886,0.68297815,7.9121046,2.341812,90000
9.640585,-0.5227354,2.462189,6.922301,4.304542,115900
8.112563,0.5126005,1.5824013,7.2729816,3.842676,485000
-0.045836754,0.4410307,1.298409,8.047034,1.9646881,132000
10.060467,0.24133657,1.7234385,6.2401886,3.311389,178900
10.620095,0.6352623,1.4963887,8.198027,3.6059535,235000
0.7199578,-0.09766042,0.6857503,8.569572,3.362426,360000
-0.74156314,0.11344817,0.6974887,7.8358006,1.9009178,82998
-0.38143912,0.57387364,1.8274657,4.678347,3.5397222,106000
8.452733,0.58556837,1.609358,6.6758504,3.545926,244990
1.9270221,0.8966619,0.72396666,6.37472,2.104814,175000
9.279913,0.1262119,1.9111089,7.3872685,3.64392,369000
10.313028,0.6867328,1.7940407,5.8712482,3.192563,19000
8.79021,0.7087196,1.5746206,6.1685047,3.457734,290000
8.104028,0.64410317,1.2973515,6.9800606,3.776867,299999
7.867726,0.4095611,1.9889383,6.6066303,3.0317879,635000
8.590291,0.5201611,1.6572486,6.921276,3.7971697,305000
0.6791023,0.51672953,1.6513636,6.3490396,2.559289,128000
1.1126902,-0.11872348,1.0522565,8.408093,3.7236056,139000
9.593236,0.3856594,0.84903795,6.1705003,2.9555876,95000
-0.3263084,0.114411764,0.90245706,8.026906,2.1543326,177000
9.984054,0.3921755,1.2307996,6.862128,3.5581012,108000
0.64519805,-0.24800555,0.7536035,7.683056,2.8918936,142000
0.5888018,-0.2641706,0.7501518,7.664825,2.754529,108000
1.9829739,1.2375611,1.5249076,6.874247,2.637578,145000
-0.88092124,0.019115698,0.65326566,7.8792567,1.9535414,111000
-0.5992797,-0.005503096,0.5697276,7.733491,2.0712013,78500
-0.34544748,0.086780265,0.6039192,7.6952734,1.9411005,113800
9.7115755,0.4695895,1.2453705,7.0073986,3.6237938,170000
0.5797361,-0.27585244,0.76404935,7.6454763,2.653547,135000
8.4164,0.48056376,1.8006444,6.3360915,3.04491,212000
-0.23720686,0.014237461,0.20002648,8.750177,1.7419357,123000
0.7469261,0.025408057,0.7198982,8.688515,3.2206726,197000
9.649755,-0.7566508,2.5180943,6.9027815,4.4247956,115000
0.69987833,-0.41343972,0.08822657,8.530123,3.708924,115000
9.192528,0.25639594,2.0116537,7.324487,3.4255216,99990
2.0338266,1.1685679,1.5475197,6.9072833,2.6483736,172000
10.156271,-0.40510482,1.9585925,6.021733,4.010748,86000
9.442316,-0.42593986,2.2913878,6.9248343,4.052818,115000
-0.8534441,0.025742834,0.6554564,7.8633695,1.963631,68500
-0.23497806,0.0014011402,0.41834888,8.684777,1.9016166,98500
0.49255806,0.53592813,4.173957,6.753097,2.99675,136000
0.2179917,0.17528526,1.1431757,7.7619996,1.2825763,54000
2.2248323,1.2161988,0.028249376,5.7143254,2.313641,122000
0.859174,-0.057390735,1.0226104,8.260994,3.7467382,74900
8.769081,0.42383173,1.8616992,6.8804035,3.4492984,119000
9.2893505,-0.029231234,1.6348442,7.657656,3.4648418,144900
10.388407,0.49059048,1.4524018,8.041979,3.5934846,168000
9.069406,0.30797058,0.91623247,6.205609,3.0439456,73000
2.1821618,1.1995083,1.3038352,7.0156937,3.36872,210000
9.560591,0.4259207,0.9398465,6.182724,2.9943185,53000
8.635906,0.6119287,1.6856174,6.3357472,3.2574382,159000
0.9230101,0.012813497,0.93095434,5.5306563,4.4485173,125800
-0.1841711,0.81314135,0.99062616,4.0930724,3.1224291,83000
10.305582,0.18506536,1.5483772,6.462438,2.8571932,79900
-0.42849594,1.0159155,1.2481382,4.149904,3.126901,58000
1.665584,0.15043625,1.1473457,6.727323,3.5030413,335000
-0.40577552,0.9368964,1.1350589,4.0320234,3.225944,95000
-0.14877084,-1.0231497,1.1584439,4.1903644,1.9263443,64000
10.120243,-0.52257,1.9436626,5.8480206,3.9120705,59000
9.310182,-0.08798796,1.8162313,5.505828,4.0181074,61000
0.49971315,0.5124038,4.2423716,6.7418528,3.0126412,122000
9.682097,0.4457896,1.2730948,6.6679244,3.6375155,139000
2.2986898,1.3104073,0.030068982,5.697801,2.26365,86500
1.1438556,0.2718485,3.0010066,7.162427,2.9142902,125000
1.4783957,0.03988484,5.0605574,7.4167943,4.2432437,128926
1.1198908,0.20559283,4.6824026,7.5309772,4.329436,134000
0.7140721,-0.19259429,4.941208,5.9572887,3.393573,88500
0.5195223,0.21815342,4.4975276,6.0990143,3.0639434,86900
0.78346425,-0.23134339,4.844898,5.9558873,3.4510732,73500
0.55093414,0.20807667,4.438544,6.1233954,3.0660179,97900
0.7088985,-0.0130753005,4.792594,6.0963464,3.29379,95041
0.77531016,-0.109233685,4.9148307,6.07201,3.4035034,88500
1.5226969,0.0939031,0.98788625,8.023979,3.8441324,445000
8.716084,0.22790888,1.2497718,6.6284904,3.7199497,114890
10.621878,0.6428705,1.5076952,8.2094965,3.602019,169999
2.0196054,1.0231507,0.2350231,6.2441244,2.2386303,134899
10.542997,0.41244382,1.5094,6.792328,3.055019,142000
9.518172,0.097338475,1.3487172,7.9275627,3.5666015,135000
9.557148,0.12489397,1.3300772,7.9093266,3.5404835,120000
10.622785,0.32964453,0.9505751,6.595113,2.8193727,98000
10.161483,0.621057,1.848078,6.022048,3.1527576,28500
2.351258,1.0213108,-0.15473835,5.8957562,2.2978384,72000
0.2986274,-0.33325273,1.2022172,5.2175336,3.226573,108990
0.27742183,-0.32734764,1.2635431,5.2010026,3.2256846,102000
0.78393674,-0.24502753,0.6230447,4.9448004,3.196281,88900
9.1837635,0.465265,1.7732692,7.011985,3.4979436,152000
9.63352,0.4868271,1.3144908,6.581678,3.6335576,164900
9.9786005,0.2398538,1.8008401,6.1236672,2.908534,85000
0.31010315,-0.16879942,0.71476626,7.841337,2.2700887,88000
0.14048918,-0.19334622,0.76706195,7.940068,2.3898144,125000
0.6054957,-0.27117008,0.7593444,7.673336,2.837731,144990
0.092536665,0.02685361,1.1246347,4.4259963,3.0903692,87000
0.08822934,0.03277125,1.1228435,4.4273443,3.0900357,101500
0.08564618,0.04334665,1.1317723,4.440455,3.098484,87500
1.1859002,-0.317626,0.84101075,6.9526978,2.784015,329000
1.144304,-0.34765226,0.85977423,6.9730277,2.7848089,158000
9.459172,0.44142348,2.022122,6.051301,3.1880934,110000
8.890001,0.25291857,0.96724933,6.2384415,3.3312309,70000
10.0812845,0.24099393,1.7401919,5.9350505,2.7843223,67500
9.129209,-0.024051981,2.0317187,6.2547374,4.1494923,99000
10.170671,0.40592545,1.7598239,6.7240934,3.706797,117000
8.720969,0.64028674,1.5025475,6.7359567,3.7033818,149900
9.733851,-0.40133023,2.4076095,6.788998,4.365634,117000
0.248906,-0.23720233,1.2392484,5.187241,3.1765018,112577
0.8367401,-0.0126991095,1.037056,8.21159,3.568449,159000
1.4915091,0.09220263,4.873824,7.4001827,4.112442,152000
0.7985631,-0.094378226,0.8913577,5.284791,4.5877576,128000
9.4262085,-0.19085336,1.8304119,5.5997562,3.972156,49000
9.324592,0.16100007,1.9356068,5.7293005,3.5769181,120000
9.083912,0.24485883,0.9967702,6.2336535,2.9257307,85800
8.9482,0.21361473,2.105693,7.047467,3.506794,99990
8.429679,0.5052362,1.7755454,6.33556,3.0724604,179700
1.0412995,-0.09560093,0.91763324,5.528645,4.744635,259000
-0.32761234,0.9505263,1.2202854,4.2668395,3.1152992,95500
9.291977,0.18007831,2.2688494,7.1664643,3.4297638,119900
9.937358,0.47010127,1.2057301,6.7366185,3.4924133,198000
0.38839236,0.32173848,4.445292,5.9354706,2.9681623,105706
2.3020627,0.54788285,1.4421519,7.419524,3.9373949,459999
7.917699,0.4070217,1.9745896,6.5563097,2.9894514,242840
8.659444,0.6095023,1.807392,6.235678,3.289626,142985
8.622195,0.49129552,1.8169712,6.2205367,3.0711784,93200
7.9120502,0.41806623,1.9816844,6.6069756,3.0565832,591000
10.554092,0.34090683,1.4211906,6.652379,2.9802616,140000
1.5290279,0.6851096,1.4531329,7.315895,3.5516553,177000
8.614294,0.7097168,1.1343586,6.2546825,3.4347098,232000
2.0067096,1.2704794,1.1703997,6.850785,2.7991362,126776
9.425944,0.21679218,1.4607035,7.730694,3.670884,154000
8.371069,0.38487986,1.7874371,6.9674625,3.5630865,489900
8.3639965,0.6782105,1.3325751,6.8322206,3.7298262,285000
0.17972991,0.17284383,1.1679162,7.759544,1.2022763,60800
0.37191048,0.34451792,4.4357615,5.9761777,2.9963853,94304
0.7597657,-0.2703044,0.92246205,8.307455,3.5298166,123000
-0.0663205,0.30778724,1.0626895,8.306487,1.9856807,124000
-0.078975305,-0.72675496,0.76571393,4.2762065,1.7938551,73900
2.186669,1.0527785,1.2532132,7.105284,3.558108,229000
9.3165245,0.064632356,2.0932872,7.3885365,3.5057921,153999
9.336953,0.033946965,1.5771017,7.6062098,3.5259447,118000
10.116584,-0.15898456,1.9115779,6.2246,4.034414,70000
10.5818405,0.5822215,1.4028063,7.976987,3.6350372,200000
9.279987,0.19101173,1.8107245,5.865245,4.0602837,98000
-0.11360846,-0.98650366,1.1662121,4.2663975,2.0381064,69500
9.300903,0.18652046,1.8440658,5.8392587,4.0684857,92500
10.509419,-0.12777168,1.7971199,5.967595,3.3086996,87990
10.67087,0.5923339,1.4278862,7.120841,3.410007,218000
9.712421,-0.31810662,2.0867221,6.412534,3.5200276,97999
1.5049177,0.100511834,4.843871,7.3912935,4.0768948,127273
0.35733828,0.35449895,4.417917,5.9102073,2.9435904,92300
-0.18877722,0.4020045,1.2173046,8.033269,1.9154161,138000
9.081922,0.3005828,0.8776834,6.1940193,3.1293724,57000
0.21736255,0.017811984,0.2918394,8.429763,2.3757105,105000
10.593862,0.5842553,1.3901325,7.973263,3.6425037,125000
9.135061,0.7204918,1.22653,6.4324,3.4243255,144900
10.0346155,0.04078304,1.5709453,6.321879,2.6470356,114900
0.68782043,-0.0012446106,0.67710054,8.667735,3.2177854,170000
-0.093843564,0.08189998,1.2197075,8.230458,2.1075737,95000
0.7327805,0.017009554,0.68273723,8.678996,3.2337546,170000
1.1263919,0.3480955,3.2034757,7.171201,3.0423083,123000
9.801354,0.15805334,2.421666,7.1118145,3.969674,162000
2.391827,1.0673028,-0.15973173,5.8546004,2.274534,80990
-0.003077707,0.13542376,1.4156142,4.9681664,3.1143808,124900
0.7699751,0.051107742,4.0502653,6.1514063,3.1762938,91900
2.3420875,0.10377937,2.501905,7.5373917,3.3972807,234500
9.167129,0.27145436,1.8291049,5.912255,4.0265617,179000
4.304112,2.185527,1.4900678,7.023825,4.336914,365000
9.331173,0.048436567,1.5687902,7.6302905,3.5374942,118000
9.251478,-0.18544216,1.8372316,7.7007656,3.2826002,89000
0.9145405,0.35106608,3.37378,6.9265504,2.9030478,110000
0.5667229,-0.25764766,0.62904346,7.780346,3.6296363,125000
-0.38932285,0.93182033,1.3115003,4.2830224,3.1443996,80001
0.67589945,-0.09111783,1.1765559,5.4391193,4.0552487,115000
0.19958957,0.048121866,1.4500365,5.127149,3.3507693,109000
0.13239509,0.021225527,1.443156,5.0918927,3.23205,79500
1.1013888,-0.3610478,0.88278395,6.871662,2.8433273,127050
0.12895887,0.04992547,1.439414,5.087602,3.225614,86000
0.73823744,-0.076147445,4.838458,6.069374,3.3557942,95041
1.1193464,0.28252885,2.969177,7.1455765,2.8628225,124000
0.8286761,-0.2301055,4.820366,5.9836745,3.4824822,73500
0.7335611,-0.4143471,0.052570045,8.470146,3.672868,138000
10.303454,0.23755515,1.0230745,6.556311,2.837957,123000
2.0068545,1.0500965,0.3518568,6.236614,2.2029893,130000
1.4754838,0.1864487,4.5920434,7.4004564,3.962139,156500
-0.30425447,0.04510661,0.95318305,8.147728,2.1320784,193000
1.2033253,0.5753806,2.281444,7.1732225,2.6995792,112000
0.875808,-0.078079715,1.0171801,8.287286,3.7336233,159000
7.9064374,0.22789228,1.8715216,6.9146967,3.1174986,780000
1.1275492,-0.108981915,1.047781,8.371684,3.7169192,139000
9.042662,0.73275644,2.329463,5.775764,3.7155726,102850
9.029677,0.7355621,2.3503428,5.7703924,3.738697,153230
1.1367441,0.591856,2.0422618,7.2117863,2.5908718,195000
2.3248398,0.10491676,2.5714538,7.5707865,3.3973036,234500
2.306137,0.08048652,2.6082153,7.5736313,3.38152,191000
0.82634914,-0.099870965,0.98838395,8.38303,3.6541038,100000
0.80866134,-0.19923519,4.841086,5.999863,3.4533145,85000
0.3787456,0.33243012,4.452082,5.9434543,2.9731352,94700
0.24048094,0.4974443,4.1436496,6.1108427,3.0722532,75900
-0.2013643,0.41979972,1.1776263,8.06051,1.8803996,96500
10.13423,0.35231027,1.692261,6.418079,3.1563225,82000
2.3577611,0.96351844,-0.1560017,5.8985815,2.3278108,167800
0.30534673,-0.024811957,1.4289192,5.2253222,3.4631371,138000
0.6093779,-0.22949438,1.1342646,5.572828,3.7326946,169900
0.00988376,0.42428264,1.1429032,7.890894,2.068608,176000
3.0847502,1.7734327,1.5331236,7.033502,4.0170016,88999
0.6795985,0.492037,1.7234211,6.405529,2.5877671,99000
2.1202054,1.1513368,1.5503328,6.8713317,2.6053622,119900
9.609821,-0.32233176,2.0096805,6.343926,3.6164675,124900
0.8197535,-0.30927208,1.0839525,8.239363,3.436661,170000
8.686964,0.43602344,1.7166852,6.8134155,3.8707428,225000
0.81957877,-0.04308463,0.9460643,8.515055,3.6751232,119000
2.4463537,0.50024,1.5705771,7.387072,3.9516566,785000
3.1343021,0.15867501,1.9139098,7.1510777,2.5553973,352000
0.30605555,-0.33683798,0.46918306,7.785344,3.2815063,73000
0.71041334,-0.10687929,4.87043,6.0208306,3.3510988,115000
9.926831,0.22577652,2.2517803,7.0481815,3.938151,165000
9.842416,0.54265535,0.916245,6.695048,3.257381,164900
9.359589,0.1911186,1.8654503,7.4073267,3.563148,209900
9.081629,0.7063992,2.3064141,5.795311,3.841802,115000
2.3053503,1.0184628,1.3440183,7.1096387,3.4539351,269000
1.5217605,0.57805735,1.1313578,7.359834,3.4229474,230000
9.079146,0.21819921,1.6284963,7.4895186,3.6701162,214990
9.869634,0.3210706,1.9846376,6.7777667,3.7408068,235000
2.3667772,1.2607087,-0.0636649,5.7147193,2.2491648,81000
8.69806,0.75621206,1.4843965,6.320556,3.4845982,123000
0.29320332,-0.3227015,1.2024844,5.2286954,3.2167444,72152
0.8526566,-0.21658497,0.60377955,5.0093794,3.3247488,146900
1.4853003,0.8547941,0.0671131,4.8835187,2.6182384,89900
2.8030744,1.4481808,0.106010005,5.852353,2.4970999,187500
8.650649,0.6925278,1.0113009,6.3416514,3.54907,109000
9.489908,0.115888834,1.3616,7.8655314,3.5634527,167000
9.932943,0.5372933,0.99745035,6.6764007,3.2417457,120000
9.510645,0.13108498,1.373564,7.8517404,3.5675914,130000
0.20444347,0.33701235,1.3562332,5.7168307,2.8586628,210000
10.340151,0.6094848,1.774257,5.7284675,3.2428412,37500
0.1887293,0.32629508,1.3455446,5.8502374,2.8109672,210000
1.8849534,1.282668,0.17917772,6.2997746,1.9136049,62900
9.652402,-0.70619816,2.5059116,6.8655024,4.4171352,95000
0.716804,-0.39431533,0.8424085,5.147272,3.9761832,144500
0.7105063,-0.38719463,0.86167747,5.1808267,3.9468377,127500
2.1014261,0.6693516,0.7075621,6.4552317,2.1684034,165000
9.828705,0.093858935,1.8734689,6.505699,3.337817,239000
10.271194,0.301587,1.5687267,6.400428,3.3035803,194900
3.1343393,0.13470922,1.9066544,7.1568356,2.534342,125000
0.72458845,-0.4521616,0.07618655,8.481008,3.7195573,83000
-0.43825522,1.0908922,1.2221079,4.091493,3.0525706,76725
10.603361,0.53813565,1.3413635,6.803954,3.2878442,130000
0.8487931,-0.3577153,1.0454788,8.458308,3.5305095,117000
-0.064441316,-0.03129956,0.37880847,8.348546,1.2953038,86000
9.166911,0.1499562,2.1214118,7.214607,3.5122623,159000
-0.20967193,0.10027216,0.83947587,7.6771564,1.3976421,59900
10.057127,0.32540303,1.3081375,6.636371,3.3039954,115000
9.08658,0.28979427,0.92310214,6.207489,3.0140843,86000
0.3011355,-0.17265856,0.09888578,8.128496,3.3948526,148000
0.53352964,-0.3266417,1.241139,5.41699,3.6058595,165532
9.375765,-0.23496577,2.0226688,6.2399106,3.8742063,99000
0.5719601,-0.362831,0.7748528,4.8497896,3.0969055,88500
-0.22356606,-0.113676764,0.15494388,8.689821,1.5373868,90000
10.024352,-0.53239626,1.967004,5.862598,3.8485968,76500
0.61384773,-0.2468984,0.7212999,7.629179,2.920908,149000
9.776887,0.19315973,2.3615885,7.0566716,3.9204798,119999
-0.3124792,-0.11639695,0.0792575,8.748138,1.3835058,102900
-0.0634909,-0.02606342,0.3847389,8.356644,1.2887049,81500
9.22693,0.17256856,2.0254383,6.110915,4.1670766,120000
-0.2640755,0.1176996,0.84163445,7.6409817,1.3997247,59900
10.547553,0.60172087,1.5106509,6.313246,2.9786181,50000
9.779063,0.17881508,2.3477597,7.048529,3.918659,153000
1.0742449,0.20999075,0.7322774,7.822427,3.5950875,260000
9.194568,0.47400403,1.2570969,7.115074,3.7163632,230000
2.4326522,1.1210328,1.2925897,7.0908237,3.5312562,315000
0.93020666,-0.23850277,0.445138,8.025362,3.5663445,164950
9.1752615,0.28168243,1.82102,5.911395,4.009353,179001
0.9108853,-0.25660288,0.4403237,8.077801,3.575912,159950
-0.46452197,0.29311836,0.8973776,7.749394,1.8848758,119980
-0.17722641,-0.026423983,0.6426967,8.449458,2.0442426,90000
10.329321,0.49127513,1.7652385,5.66615,3.1944242,38000
-0.061951376,0.15351757,0.87728226,8.428935,1.9653344,169000
-0.065871775,0.31285447,1.9587488,4.9576945,3.8763275,140000
9.327321,0.26123163,1.4263343,7.7422786,3.6995249,180000
10.561884,0.5774213,1.40823,7.9100704,3.6054518,195000
-0.15037122,0.102789186,0.79830825,8.3652115,1.9715183,73600
-0.464876,0.6441437,1.8121624,4.588587,3.4759698,149000
1.3840313,0.0751747,4.898881,7.4190564,4.236714,148606
0.97009844,0.13452522,0.99353296,8.281323,3.2984974,425000
0.7169771,-0.1943264,4.9323993,5.9587064,3.3935993,108990
1.4725983,0.04839521,5.0402565,7.41606,4.2310405,157025
8.493077,0.7809086,1.1937528,6.3253865,3.3831017,189000
8.583246,0.74551857,1.1206734,6.292603,3.4600477,185000
9.567291,-0.306847,1.8734983,5.7047763,3.927261,25000
0.79324925,-0.101230055,0.93908805,7.676634,2.8911912,115000
2.1601124,1.37957,1.3202416,6.892934,3.1755931,169000
-0.3486821,0.054747064,0.45042124,8.736363,1.7157427,130000
1.8765186,1.0634152,1.0051986,6.6116877,2.3222044,173000
0.7733368,-0.107181475,4.9143786,6.072779,3.401286,89000
1.050332,-0.15972799,1.03686,8.472034,3.7321587,156000
0.45595515,-0.15362702,0.9268055,7.756195,2.496798,118000
-0.15068819,-0.9297201,1.0491314,4.2272496,1.8631005,65000
10.4396105,-0.058086663,1.7674274,5.8702874,3.4272547,107000
10.070809,0.3068647,1.7190833,6.363079,3.2037497,135900
9.39543,-0.38910118,2.265763,6.949588,4.0051827,135000
8.502791,0.5282846,1.7646732,6.297274,3.0883687,174000
0.73055714,-0.11407555,0.63433313,8.53859,3.5854979,205000
0.3664644,0.33594263,4.3990507,5.8700633,2.9115517,123000
1.94814,0.9204385,0.4458867,6.3349586,2.1035895,139000
1.2449094,0.40206665,2.0805843,7.3251643,2.8360953,265000
1.1397499,-0.14038542,1.0590291,8.40556,3.7682638,186480
1.8298417,1.1101351,0.51012427,6.331476,2.4961882,123395
0.2492345,-0.25198135,0.35103902,7.7701,3.5270638,123000
1.2444521,0.1047206,4.7889647,7.4484167,4.3079867,100000
8.976548,0.07877424,2.0091524,7.2322493,3.6959834,365000
8.914938,0.43178776,1.8497255,7.0163193,3.4241056,116000
10.029958,0.27869245,2.071722,6.6666155,3.5875676,170000
-0.7753218,0.09510155,0.67592716,7.7981553,1.9078094,98000
-0.20785806,-0.005097562,0.3589412,8.661986,1.8920331,100000
-0.13558029,0.23486635,0.8670887,8.536473,1.9840764,119901
10.603485,0.6339632,1.5292497,8.190847,3.5773263,150000
8.845328,0.5162336,2.1396341,6.4676275,3.6963334,109000
8.195901,0.4686516,1.8688712,6.4662275,3.0802808,225000
1.221369,0.19512959,4.580236,7.4752703,4.194088,240000
10.511927,-0.11987406,1.7792306,5.995653,3.2840989,95999
9.351563,0.041195437,1.5647831,7.603356,3.518788,125000
-0.051006213,-0.022837557,0.4049738,8.346738,1.3007798,99000
9.193248,0.022491477,1.9744527,6.010247,4.2109776,171000
1.1239612,0.3048365,4.318553,7.3890533,3.8817651,135480
0.22665131,-0.33993986,1.3655148,5.1368713,3.159536,115000
8.387613,0.49835613,1.7412245,6.359756,3.0884936,222000
8.793198,0.87209,2.663921,5.8413434,3.8221726,165000
10.145411,-0.53449523,1.9798926,5.908412,3.965907,79000
8.895865,0.41310188,0.94508415,6.290875,3.3715553,137000
9.309236,0.21146514,2.206937,7.1906204,3.5187025,165000
-0.03228571,0.3478617,1.2180861,8.132765,2.0399299,147999
1.1710441,-0.34172565,0.8566084,6.972648,2.8076584,350000
-0.19440114,0.14556399,0.76340735,8.383342,1.8658184,157000
0.0021693467,0.16765538,1.7058827,4.8872485,3.423472,140000
-0.56647396,-0.16170342,0.6875449,7.9422755,2.1940286,75900
9.524047,-0.28511778,1.8613902,5.6838474,3.9403126,11000
1.8998787,0.9409885,0.65916866,6.33662,2.1202857,225000
1.8504877,1.073693,0.84982204,6.646228,2.4864445,230000
8.411209,0.5203013,1.7591734,6.3319206,3.091685,187500
2.644114,0.45190838,1.8173984,7.1955934,2.891829,330000
-0.47832212,0.2244448,0.23523398,8.931188,1.5205742,100000
10.545133,0.32357365,1.3998765,6.6439443,2.9777925,81999
1.2841635,0.2614833,1.0830611,7.688005,3.477853,264900
1.572807,0.7048503,1.4188665,7.247773,3.54733,339500
0.79190075,-0.2840695,0.4570593,8.4015875,3.6291611,165000
1.3958647,1.1236631,1.5422168,6.9429436,2.8534245,285500
-0.10730731,0.29281825,1.0869331,7.9237113,2.1459696,205000
10.4321375,0.3036024,0.987559,6.663726,2.9570973,132000
10.685479,0.52441555,1.3771849,6.9688725,3.307928,135000
-0.07603063,0.1015461,1.2211607,8.234274,2.098142,102000
2.286199,0.10697066,2.6350265,7.6088214,3.3624942,181262
1.0673242,0.049236886,1.1890768,8.069024,3.5143077,225000
0.5771286,-0.141364,0.6289566,7.7699656,3.7798681,134990
-0.12494844,0.03175045,0.88999456,8.370798,2.036098,178000
8.798961,0.85896146,2.6459184,5.845916,3.827592,165000
10.140135,-0.58725363,1.9861851,5.8529387,3.9628825,73990
1.8970141,1.3287317,1.5270816,6.922447,3.0526514,194500
9.345305,0.081117466,1.7011718,5.4083447,3.9820392,69500
0.5680843,0.2369133,4.2947774,6.145387,3.0250928,119900
-0.35721508,0.06184343,0.57694566,7.7480764,2.025061,79999
1.1006668,-0.14978142,1.0493948,8.362645,3.6808572,130000
10.531736,0.57001776,1.4015954,7.8880935,3.6274118,154990
0.37450305,-0.10481757,0.03772053,8.260825,3.439769,149000
0.12837769,0.1387923,1.0561631,7.7758055,1.2888178,109000
9.335768,0.19119838,2.2915099,7.1713095,3.245428,125000
1.1472445,-0.026166838,1.0814723,8.215373,3.6499298,198000
0.8362971,-0.11992504,0.8419808,5.265891,4.613032,110800
2.0740576,0.5433417,0.77303016,6.6304026,2.7823813,167000
1.0876119,-0.01460025,0.97101986,7.8902755,3.564248,231000
0.7069075,0.08351855,4.185742,6.1463246,3.1555674,105000
0.806887,-0.021094495,4.149415,6.129694,3.2402084,100840
9.817415,0.17414626,2.3616803,7.076068,3.9567049,148000
-0.06488904,-0.032423504,0.3605188,8.379156,1.2889563,68500
0.5051114,0.22846296,4.574258,6.152629,3.1225758,91750
0.76476246,-0.11175206,0.98526454,8.115203,3.2726324,154999
-0.16690704,0.0458636,0.71748173,8.391518,2.0419362,124900
0.48380104,0.5244505,4.247372,6.7509365,3.0095768,85200
9.823932,0.34567428,1.7798119,7.6565466,3.5123358,130000
9.888862,0.46029416,1.3780823,7.687803,3.6568003,229999
1.5083497,0.54187393,1.266628,7.350592,3.459365,279999
0.1069722,0.20236817,1.0000168,7.772499,1.1631057,57000
0.15782484,-0.6989225,0.92430186,4.548596,2.424758,82885
9.115387,-0.086108804,2.009036,6.209455,4.119976,186999
1.9707782,0.8978649,0.6791526,6.4545074,1.9269546,100409
2.1091907,0.38784564,0.83487225,6.640517,2.7433174,159053
-0.05396308,0.449447,1.3712982,8.06886,1.9615889,78500
0.5074302,0.5258682,4.121394,6.7370996,2.9917328,114800
0.8616029,0.013181126,1.1468918,5.676176,4.248018,177000
1.107881,-0.056135993,1.0386902,8.348598,3.7222636,150000
8.843149,0.7624128,1.4915541,6.2049794,3.5004344,32000
10.469249,0.568254,1.4882852,7.971256,3.6006963,328000
0.64548934,-0.22513303,1.015973,7.9471216,2.9603844,121000
0.911042,0.36643884,3.2955108,6.922218,2.865317,68500
8.844669,0.35592794,1.8341341,7.2563944,3.6873286,337500
8.6907,0.2350888,0.86790043,6.2546306,3.381434,94000
0.21206912,0.21134838,1.1670979,7.7357907,1.2066414,62000
1.0304894,-0.10749068,0.99307173,5.583563,4.689202,204300
9.664331,0.40658492,0.82234937,6.202356,2.943009,99500
1.9393458,0.8954789,0.6919024,6.365864,2.0943396,190000
1.4663862,0.049692564,5.0245075,7.4144597,4.2297688,134000
0.91635376,0.37429455,3.347473,6.9432926,2.865609,79000
0.9078708,0.37448874,3.365832,6.9327497,2.886338,79000
1.1147482,0.19939727,4.6716685,7.5273027,4.3336587,179000
0.920749,0.36146027,3.3960934,6.938309,2.909764,106800
0.9275941,0.35538006,3.434171,6.9424486,2.9402766,103600
10.414048,0.37554696,1.0731739,6.8104687,3.301345,80000
1.2514554,0.19893505,1.0480111,7.6849117,3.5215034,250000
1.1248621,0.18440023,4.7155514,7.5279336,4.3479853,161000
2.0553637,0.62814635,1.410024,7.4215713,3.8145888,570000
1.4652525,0.17522085,4.636725,7.40471,3.9871988,205000
0.92571074,0.35868967,3.439436,6.946897,2.943211,103600
0.8981364,0.37608477,3.4139268,6.9185104,2.8989198,74000
0.8408253,-0.17648296,4.7915244,6.0234723,3.4211051,87500
0.8946723,0.3817767,3.4219208,6.9159203,2.8996491,74000
0.744822,-0.18848255,4.860289,5.972482,3.4057543,92500
0.91794515,0.36543354,3.3969808,6.9499083,2.9024084,87000
-0.55124956,0.10922547,0.7116075,7.6574163,1.9527062,90000
0.73693955,-0.45629793,0.054617286,8.461,3.7073994,100000
10.646179,0.66999143,1.5579365,8.172352,3.561608,495000
0.7746393,0.036280748,0.8479014,8.591712,3.2250817,186000
1.4977452,0.048248302,5.012677,7.3918314,4.2048,155000
0.9170833,0.35886824,3.40064,6.933559,2.9111788,106800
-0.040753655,0.18577926,0.7379441,7.901805,1.1067966,64999
1.4522971,0.18990554,4.5974216,7.4114637,3.9747858,170000
0.8044382,-0.20983548,4.8455544,5.9879975,3.456385,126000
0.8004625,-0.18178785,4.8421416,6.008857,3.4389706,143000
0.55243933,0.21643773,4.385358,6.1205645,3.0461066,145000
0.25205162,-0.25619137,0.3464128,7.7828794,3.5190961,95000
1.1375623,0.19763002,4.650245,7.511678,4.30156,179000
0.7768781,-0.2305106,4.853812,5.948396,3.4483006,76500
0.42657027,-0.33198795,0.11314015,8.151754,3.5238473,143990
1.161841,0.17869827,4.6942554,7.5112953,4.3059716,229000
0.7710921,-0.05953897,0.9334137,8.367561,3.5669498,129999
4.229816,2.2105887,1.4609915,6.980459,4.363491,350000
2.086035,1.235772,1.3827633,6.9471397,3.067656,499999
2.4058108,0.47578317,1.5410246,7.1053295,3.0386345,355000
4.2077365,2.2660458,1.4695152,6.9324336,4.354772,235000
10.511394,0.5473472,1.43071,8.009782,3.6045802,265000
8.923394,0.7001997,2.4654362,5.805273,4.0421224,215000
0.117768064,0.18689187,1.0875454,7.7284913,1.1844966,120000
2.223005,0.96915734,1.5991907,6.9441476,2.5033476,235000
4.1804013,2.2046225,1.4386475,6.983713,4.3757024,309000
9.217358,0.02003895,1.8446043,5.701696,4.061121,140000
8.533641,0.55155826,1.6571476,7.0257015,3.778593,360000
-0.035551056,0.3679433,1.294261,8.100198,2.039148,135000
10.298828,0.38926747,1.7360996,6.5962954,3.3000236,84000
-0.048065007,0.36022177,1.1806806,8.212977,1.9630797,98000
-0.28414458,-0.10543175,0.10696956,8.736196,1.4425124,105000
0.7666673,0.042232413,0.77379143,8.699712,3.1881285,345000
-0.056083728,-0.041785974,0.37306002,8.366732,1.3285059,82000
0.7972528,-0.10558721,0.9305899,8.540013,3.6563444,104900
-0.35116962,-0.09904855,0.090698704,8.759931,1.3437651,98888
4.752361,3.6096926,1.4460092,7.020053,5.1892633,210000
-0.040953208,0.4485707,1.3765659,8.08412,1.9934721,89999
-0.030708821,0.42668134,1.3653224,8.086913,2.0022833,129999
0.29979783,-0.316761,0.37373078,7.7862806,3.5168004,125000
0.7045279,-0.024401326,0.20131573,8.397782,3.4785473,197000
2.0510745,1.4527556,1.3491932,6.860788,3.10197,224000
-0.2644864,-0.09495998,0.11745187,8.741466,1.5120819,79999
9.265801,0.10447751,1.879706,7.3524995,3.6813471,134990
-0.31981233,-0.11214549,0.08622431,8.746599,1.3722203,125000
0.35632712,-0.37858093,0.15871258,8.034492,3.5138621,111990
9.646774,-0.29495925,2.0394826,6.382111,3.4982765,112500
0.8278126,-0.0071564093,1.148782,5.6158724,4.2629294,147900
10.288977,0.68386686,1.7954476,5.8711214,3.17732,35000
-0.20873801,0.10842935,0.7462234,7.7238584,1.5424564,68990
1.1489918,0.14766073,0.8185309,7.940307,3.8495657,332000
0.41487908,-0.057945095,0.0118619865,8.317832,3.4572914,130000
9.590882,-0.4575253,2.1550195,6.37511,4.3140273,138000
0.64439625,-0.38576037,0.12694003,8.323651,3.62956,165000
0.7991038,-0.31913036,0.97995436,8.298567,3.5225008,137000
0.14551127,0.08631033,1.2490349,7.8915133,1.3865982,77000
0.8455541,-0.19543253,1.024088,8.403052,3.6204417,134999
-0.3071964,0.100487515,0.8739607,8.082749,2.1363425,245999
8.650861,0.7728347,1.2130333,6.3242817,3.5398488,155000
0.8362459,-0.325438,1.0811609,8.296592,3.4673426,89000
0.81167644,-0.06829924,0.9689961,8.497879,3.664566,124999
-0.034837235,0.009106883,0.41036713,8.418455,1.3398358,89900
-0.06359523,0.10863866,0.70439976,8.3978615,1.3837876,71000
-0.5305418,0.13399577,0.67016464,7.568309,1.8960572,55000
9.166034,0.0055876304,1.8192966,6.0992975,4.071558,165000
9.024963,0.61871374,1.5239353,6.0408435,3.7109225,95000
0.14426164,0.099352844,1.2141374,7.846555,1.3144904,84999
-0.14538155,0.023827212,1.0771205,8.231666,2.0749104,108999
1.5124224,1.1204478,1.2494558,6.6916547,2.7476485,149990
0.24155606,-0.28900796,0.30070886,7.8173194,3.4859676,69499
0.3763686,-0.29931095,0.1001806,8.099588,3.4925647,132990
-0.30934948,-0.12114267,0.07266038,8.746665,1.3781576,106999
8.532687,0.76702255,1.0091097,6.327326,3.4959605,120000
0.8649305,-0.13132694,1.1177826,8.21833,3.5444565,123499
0.84203154,-0.28286663,1.0800472,8.317282,3.5160491,130000
0.31033292,-0.31189463,0.097737044,8.05067,3.4681897,109990
9.21297,-0.13868476,1.9547589,5.9429426,4.218633,189990
-0.14709407,0.040387787,1.1648688,8.219326,2.1107204,110000
0.31434113,-0.339487,0.10255267,8.012592,3.4943273,109990
9.914001,0.31357834,1.456868,7.8915358,3.5464468,258000
10.321788,0.70703137,1.8083038,5.844087,3.1940987,27000
0.85115933,-0.36249638,1.053187,8.386905,3.5090027,122000
0.84499604,-0.3277028,1.0480093,8.413175,3.53681,145000
0.3099727,-0.20329544,0.10560779,8.100878,3.4303634,125000
2.1173599,0.8985795,1.2371902,7.1167808,3.456471,297999
8.496704,0.56130475,1.3415452,6.9473433,3.7862105,269990
10.026714,0.253158,2.070756,6.389002,3.620353,150000
-0.31405544,0.092327364,0.4950386,8.633552,1.6421919,95999
0.7283463,-0.45887545,0.054545004,8.466522,3.7093005,104999
9.224872,-0.11372357,1.963973,5.9282775,4.2200933,120999
9.555132,-0.46298057,2.1323817,6.451545,4.351302,110000
0.29181874,-0.20242544,0.08959087,8.105993,3.4192045,136000
9.826699,0.1669231,2.420992,7.1057296,3.9883506,150000
9.547212,-0.47830087,2.1384041,6.5206523,4.4485683,139990
9.619129,-0.47187257,2.1592505,6.366146,4.298388,84990
9.146986,0.3637427,2.2184567,6.166189,4.0971727,185000
-0.014687401,0.07634075,1.1729643,8.1794,1.8749522,95000
-0.020441568,-0.066897064,0.7231092,8.227436,2.1729803,136000
0.27085006,-0.2298543,0.11248543,8.050935,3.4226978,114990
0.75010884,-0.4759718,0.07427986,8.451323,3.7274663,129000
0.3016966,-0.34345475,0.1307109,7.9933147,3.4805865,91990
8.641259,0.5315961,1.730552,6.8528757,3.7783957,287000
1.1208141,-0.13069738,1.0799296,8.375535,3.6798387,142000
0.29963422,-0.340894,0.12005248,7.984636,3.4872265,139000
-0.14376625,0.11995773,1.2515761,8.1461315,1.9015708,135000
0.08620677,0.41019064,1.365883,8.079658,2.0486352,120000
10.754523,0.65044963,1.3651118,6.8810515,3.328628,54000
0.0058588493,-0.6997045,0.7961459,4.2265534,1.8351603,74990
0.8128506,-0.18930978,0.9949374,8.513029,3.6273475,147000
0.7648413,-0.094086245,0.47114164,8.449479,3.5463636,185000
2.691748,0.46642378,1.8096483,7.1485925,2.7608957,225000
-0.07548144,0.12986743,1.2673327,8.217222,1.9007264,100000
-0.06992643,0.41537967,1.3366926,8.079255,1.8894285,105000
1.4657778,0.49866754,1.2469934,7.3250365,3.5390425,176000
-0.011557207,0.22766699,1.029054,8.395418,1.9796324,75000
9.161799,0.03734187,2.0364027,7.06931,3.9057481,250000
1.1622775,0.15648438,1.4843117,7.7588477,3.207331,287000
1.4719052,0.65125066,1.4560955,7.3206387,3.5548534,177000
1.0841886,0.21601458,0.7788143,7.8486814,3.572326,295000
0.57695293,-0.07476967,0.29796556,8.256586,3.4656267,298000
-0.09998923,0.15981618,0.7406096,7.8285003,1.2196983,81990
0.3581584,-0.31752652,0.08736346,8.0710335,3.5061452,115990
0.28696406,-0.16808267,0.08517335,8.118257,3.4001186,147990
0.7706028,-0.11066189,0.8893633,8.5083685,3.6282995,179000
1.0645728,0.014290644,1.0043505,8.3733225,3.6121778,208000
-0.06766253,-0.030787047,0.36385798,8.380084,1.2918651,68499
0.009022897,0.19888169,0.83677226,7.8842077,1.1318526,100000
9.976017,0.34156668,1.8438066,6.35019,3.5249767,150000
1.5755041,0.5284961,0.7459792,6.953788,3.1027203,164990
-0.3025138,0.046219148,0.9500642,8.1482115,2.1378422,193000
-0.36540365,0.102563396,0.597754,7.666969,1.9449743,93990
10.5029545,0.55866253,1.4878969,7.775002,3.5541897,125000
10.582614,0.59847033,1.4786043,7.7420487,3.5234582,600000
-0.35945672,0.09842656,0.60874826,7.6721725,1.9065902,87000
10.45184,0.53064483,1.4549847,8.03607,3.601648,210000
-0.35056424,-0.11714646,0.072809406,8.757289,1.3283201,75999
-0.014830676,0.39332014,1.3399401,8.129613,1.8592622,77000
-0.34700936,0.108760595,0.5848423,7.656381,1.9329308,77000
10.193425,0.51874006,1.4557152,7.7159266,3.583388,405000
10.514614,0.54679126,1.4184825,8.009366,3.6154966,185000
-0.38878414,0.6659967,1.6745558,4.5845385,3.3767595,126500
0.2810086,-0.17659649,0.07172865,8.123074,3.3946488,108990
-0.54359496,-0.1845055,0.628089,7.8687673,2.2188704,90000
-0.5771111,0.2661165,0.14648907,9.069996,1.4463587,104999
0.0535615,0.07473867,1.1563027,8.288191,2.0209808,119999
-0.075664274,0.17780977,1.1697055,8.264521,1.9656938,129000
1.1112074,0.09120215,1.2139657,7.9330177,3.4673355,250000
0.81775576,-0.289175,1.011018,8.266584,3.4863698,133000
0.81524533,-0.0988733,1.0344143,8.169858,3.5399597,170000
0.14664623,0.45795068,1.2632301,7.8242,2.1427207,197000
0.2826192,-0.31896803,0.113851205,8.001109,3.4623742,98000
10.573498,0.51363105,1.3354211,6.796087,3.2836163,159000
2.130602,0.97530234,1.4944279,6.9518776,2.689803,228690
0.11556662,0.0743457,1.2036092,7.840203,1.2785993,75000
10.372357,0.544777,1.6739113,7.7177143,3.5504093,220000
-0.0767696,0.4397904,1.3402784,8.070905,2.0107253,124000
9.976479,-0.15892304,1.9047552,5.9747376,3.2244816,38500
-0.20870644,-0.02571445,0.4171889,8.65772,1.9440774,114000
10.5936,0.6247289,1.5098809,8.1938095,3.6021965,175000
-0.046066932,-0.009902662,0.3825587,8.35129,1.260968,86500
3.0263286,1.7336792,1.5336566,7.0425053,3.9941754,100000
1.0820869,0.2118033,0.6276548,7.7608237,3.58734,209990
9.78522,-0.16004933,1.7935606,6.1865215,3.5778613,87990
-0.05929806,0.33676142,1.3339077,8.120547,2.049781,120000
-0.051315717,0.21821526,1.2978908,8.186131,1.8339227,79899
-0.06545857,0.015675917,1.087536,8.223101,2.083019,68000
0.113393925,0.44912857,1.4080173,8.019708,2.0617623,115000
-0.28925565,-0.10970669,0.10240613,8.728853,1.413238,134999
1.111246,0.3359941,3.1659055,7.1559887,3.0258985,134500
-0.1467715,-0.0464296,0.54722935,8.512902,1.9895172,137999
0.81523776,-0.14123747,0.95680803,8.515309,3.6254451,125000
0.1880359,0.09157897,1.2918721,7.9366717,1.4411087,65900
0.12919001,0.16001552,1.0327008,8.516056,2.0317686,140000
1.5174986,0.84890395,0.08825372,4.948732,2.5840514,56600
10.340844,0.6880811,1.681764,5.9569716,3.251905,26500
1.08503,0.34442157,3.246317,7.115126,3.0277567,139000
9.801055,0.1632036,2.3892345,7.061652,3.972139,117500
8.045554,1.1418984,1.5711422,6.7674365,3.9491892,65000
-0.007250205,0.30429634,1.3044204,8.216818,1.8419628,115000
1.106122,0.3202389,3.1763008,7.1412582,3.005334,134500
0.7504102,-0.4364858,0.1087749,8.419567,3.6927042,109000
-0.010395445,-0.49084356,0.7215771,4.485813,1.6779977,69000
0.92328537,0.35234085,3.3751044,6.9436326,2.893329,103600
-0.057339672,-0.02832856,0.37878537,8.358261,1.2764288,69999
0.8445269,-0.08821122,0.9655428,8.370574,3.6246746,103000
0.8252554,-0.036328707,0.96009827,8.518235,3.6775706,119000
1.1108788,0.31850123,3.1727955,7.152461,3.0097234,139000
-0.5455233,-0.18786506,0.7140332,7.981747,2.1870224,67000
10.466145,0.30992946,0.92245895,6.6864047,2.9690719,90000
-0.34371975,-0.116210975,0.078057475,8.752364,1.3383954,88000
0.93230927,0.35744748,3.3815117,6.9592047,2.9080348,114180
0.833831,-0.38424867,1.0500466,8.439881,3.5231004,110000
1.1132307,0.31902385,3.1497273,7.153855,3.0045972,134500
1.104311,0.35580918,3.1852489,7.130417,3.0238206,134500
9.757409,-0.5402236,2.3471425,6.569429,4.449668,79999
0.8243958,0.102357335,1.0240818,8.373087,3.6261666,115000
9.801484,0.14660856,2.445806,7.0933657,3.9793208,129999
0.103279375,0.06385114,1.2327513,7.866721,1.3681728,75000
0.15141049,0.30039176,1.2737408,7.9308004,1.4549519,75000
-0.09471668,0.14358468,1.2342763,8.216022,2.0694468,100000
9.829879,0.1817778,2.387092,7.121518,3.9693406,175000
9.58138,-0.4335383,2.1420972,6.35299,4.267309,127490
0.22464477,0.2227409,1.1808721,7.734428,1.2122624,68000
9.764461,-0.48642713,2.366011,6.616564,4.4472923,114999
-0.055209797,0.42286152,1.3532712,8.062661,1.9614344,77000
-0.55783,0.14464152,0.69406426,7.5704393,1.8806173,67999
-0.059474636,0.34901658,1.3381263,8.153398,2.0210912,82500
9.837952,0.19338994,2.437485,7.127424,3.9546502,131999
0.21328335,0.21575145,1.1762869,7.7474146,1.2243714,49000
-0.0477745,0.18810146,0.726619,7.9201574,1.0972009,75900
0.8350901,-0.018043784,0.97311884,8.512212,3.6680663,120000
0.20139241,0.17002992,1.1789225,7.7349596,1.178361,65000
9.783232,0.16558625,2.344136,7.056985,3.9583836,100000
0.20545155,0.19708271,1.1717443,7.753828,1.2071762,54000
0.13254346,0.020373981,1.2253568,7.8445206,1.337521,56000
1.0680802,0.52061653,2.2177968,7.156553,2.608131,130000
1.2540287,0.6028674,2.288817,7.247274,2.6507003,75000
0.86297274,0.116025396,1.0569044,8.293783,3.6466453,120000
0.8621717,0.1121203,1.0422585,8.299685,3.637715,120000
9.140709,0.3838833,2.1210907,6.124952,4.0942574,194000
1.0069493,-0.12344311,1.1191907,8.244712,3.5901694,118000
0.8568854,-0.10779668,1.059118,8.252297,3.563505,110000
-0.10939846,0.19526142,1.2651796,8.192799,2.0583553,115000
9.810002,0.12187388,2.4412687,7.065018,4.014769,115000
0.909467,0.09024691,1.0115243,8.263649,3.6887472,115000
-0.056670174,0.29720283,1.2970519,8.186859,2.0405698,119800
9.813392,0.16730945,2.4402745,7.0934606,3.9725266,105000
9.813306,0.14693522,2.4452772,7.0871973,3.9962165,125000
9.004253,0.72929513,2.4323611,5.74259,3.8978274,120000
9.00135,0.7748373,2.4288335,5.7660837,3.739407,120000
9.018133,0.7135977,2.38599,5.7699566,3.9125042,66000
0.54001874,0.22929099,4.36063,6.0910764,3.034371,114000
9.860337,0.19729497,2.5022776,7.115923,4.022447,108000
0.835475,0.6724013,1.8502533,7.1708255,2.6229413,105000
0.83571047,-0.29357693,1.0847951,8.214212,3.4230063,129800
9.056214,0.7047516,2.3166993,5.786519,3.8442402,115000
0.88976264,0.3858097,3.4532685,6.9139338,2.919311,95000
1.1363158,0.20243943,4.49279,7.4417863,4.1498837,175000
9.182186,0.42994654,1.8427387,5.8698726,3.7120674,110000
1.4074296,0.52158326,2.083493,7.3412805,2.9970272,292000
0.9443011,0.36580423,2.2727022,7.1466537,2.4909441,113000
0.93229115,0.058995087,0.7957094,7.9510036,3.8981147,189000
9.1553545,0.6141265,1.8259975,6.0122204,3.6192203,140000
-0.16276994,0.41943032,1.2535326,8.050547,1.8997173,96500
0.090838574,0.26800743,1.8908193,5.103596,3.972595,318000
-0.32286647,-0.048502788,0.90817255,8.172735,2.1320353,115000
-0.06248782,0.082197085,1.0485126,8.306551,2.078487,163000
9.7563305,-0.12114293,2.394666,6.902767,4.1757216,150000
0.10514424,0.14535506,1.1183803,7.7406626,1.2003213,109500
-0.089593284,0.09261627,1.3032266,8.154168,1.8547263,120000
0.9630349,0.15034707,1.064481,8.184376,3.584758,200000
-0.09037329,0.09870711,1.3019439,8.16184,1.8589036,108000
0.81588864,-0.31313214,0.9261972,8.258108,3.558571,215000
1.2162701,0.7256366,1.5915039,6.95839,2.3405004,159000
10.560586,0.6214675,1.5962243,6.5120673,3.017469,55000
0.15777864,0.45114315,1.2329596,7.7604127,2.1374838,176000
1.725946,0.98543954,1.5612221,6.986191,2.4938784,177000
1.4238744,0.37468678,1.0878836,7.5348177,3.4703348,260000
0.86928207,-0.33894673,1.0799469,8.392068,3.5072045,114000
0.8133497,-0.021190092,0.94836295,8.450943,3.6546159,140000
0.77500266,-0.252794,0.9508174,8.303231,3.5366123,123000
10.405611,0.5241503,1.5192423,7.9733167,3.557663,158000
10.156636,0.6805487,1.8264492,5.8296247,3.2770796,51672
9.067124,0.4801558,2.14431,6.2997155,3.9918466,116820
2.2548404,1.0077455,1.3141168,7.118871,3.4889383,229000
9.056839,0.67095774,1.9922042,5.9276013,3.7832222,69420
10.055223,0.49837768,1.5623667,6.5092616,3.4644732,78000
2.1869233,0.8107014,1.5326416,7.123622,3.0028298,197000
9.392481,0.3000407,1.3615472,7.793788,3.7202845,210000
-0.05601378,0.17209879,0.90902054,8.42105,1.9775348,92900
0.7258496,-0.42817697,0.020094058,8.479484,3.6778436,97000
2.674185,0.47329915,1.8142767,7.1585016,2.790402,240000
4.7640615,3.631504,1.4377635,7.0166802,5.206584,124900
2.666562,0.50315356,1.8133724,7.1479383,2.7666388,228000
0.5826971,-0.13873918,0.63234454,7.76319,3.7853203,135000
0.6934336,-0.09186568,0.1443763,8.491864,3.4698238,137000
0.6209521,0.15748417,4.321024,6.148592,3.0868292,137000
0.6940383,-0.1143927,0.14216302,8.504728,3.489798,115000
0.14396912,0.059386387,1.2263976,7.8769665,1.3659252,51999
0.82021934,-0.3742157,0.99761575,8.372959,3.5547853,74999
10.360749,0.66159123,1.6537026,6.0612726,3.3059103,47000
10.349332,0.6821826,1.6847383,5.948978,3.2537522,24999
0.15317497,0.18470882,1.1160363,7.7699466,1.1919191,74000
10.519507,0.5692178,1.4607788,7.861064,3.6155303,119999
0.299058,-0.14861196,0.078456044,8.148659,3.394355,112000
-0.5729128,0.13516025,0.661518,7.5544314,1.8909696,61000
1.0915964,0.20256278,4.7098866,7.5511637,4.3642483,117081
2.1719081,1.3577182,1.3394606,6.8787146,3.0882542,149500
2.1959283,0.6897872,1.4441187,7.1424155,3.1241837,345000
9.35107,0.23560992,1.8484749,5.858601,4.12485,81990
-0.30715993,0.09782891,0.80701613,8.140362,2.1350818,150000
1.8576359,1.1504544,0.46075568,6.2961698,2.4740644,92500
-0.16204362,-1.0123798,1.1300873,4.182871,1.9025021,57450
8.13139,0.4927151,1.6453887,7.265945,3.7964501,730000
2.3653262,1.1136838,-0.14868507,5.833192,2.2330143,81000
1.0651157,0.034149285,0.9755513,8.354649,3.6559844,154000
10.175179,0.2969108,1.872911,6.3488817,3.1850266,88000
-0.029100392,0.34214145,1.308014,8.131582,2.0331259,77000
0.4526106,-0.31400743,0.12898774,8.208524,3.5147798,137000
1.511675,0.6634169,1.4221505,7.2678695,3.5734203,177000
9.967179,0.0010059976,1.9335506,6.2614827,2.933386,95000
0.23505457,0.51415116,4.0972166,6.132265,3.076426,58520
1.2598562,0.58134115,2.329396,7.172748,2.7611518,100200
8.962387,0.80356354,2.4663515,5.7408705,3.765994,117000
9.915051,-0.04219493,2.0012178,6.517608,4.2113376,105000
0.25975484,-0.54735136,1.3871794,4.9668703,3.1560016,89500
1.138171,0.1903815,4.6938577,7.526274,4.322949,115840
0.6806955,0.0052806125,0.70099384,8.650419,3.152442,160000
0.74163747,-0.45711106,0.07666737,8.458826,3.7131226,120000
8.998205,0.8072845,2.4855285,5.750817,3.7383037,137000
0.51030815,0.5253375,4.2174644,6.7699,3.011517,74000
0.46857378,0.5374923,4.125818,6.675032,2.9828475,88000
1.1463162,0.29661813,4.330323,7.3977556,3.8940778,155100
9.564419,0.23407441,1.377028,7.733637,3.6248558,182000
0.7520503,-0.37571177,0.16885464,8.411968,3.6253667,137000
-0.027316196,0.46915337,1.3891934,8.064508,1.9735403,95000
0.28224802,-0.4842283,1.3680007,5.020746,3.1656497,114000
-0.36726052,0.7157155,1.637449,4.652052,3.3489249,138500
-0.5077963,0.83298033,1.53784,4.5399146,2.9556122,119000
0.64493316,-0.10832031,0.29370803,8.654696,3.5093508,129000
0.9106045,-0.019534102,0.99332994,5.567424,4.4012933,136990
10.070556,-0.044576447,1.2474805,6.2807016,2.447523,105000
1.7577584,0.5078596,1.5211227,7.01359,3.1213734,176000
4.3064456,2.22596,1.5251365,6.935797,4.2776337,280000
-0.0726349,-0.7154175,0.7340685,4.2706447,1.7835919,64000
9.926401,-0.29601276,2.0057042,6.0928855,3.1645873,85500
1.032703,0.14239398,0.89300054,7.9121017,3.707953,253000
-0.4271169,1.044636,1.2202058,4.136064,3.0960054,93500
9.84712,0.1971603,2.4247804,7.1222854,3.9541,131999
0.6732992,0.5196133,1.6219491,6.2724843,2.569618,115000
9.381238,-0.12537484,1.7334119,5.6413875,3.9240859,18000
-0.46262676,0.60808533,1.8423834,4.6377993,3.4946473,76680
-0.3859723,0.5962602,1.763181,4.6801357,3.4232247,99000
-0.15024492,-1.0192488,1.1617978,4.1942763,1.9215362,64000
10.411679,0.04203152,1.7112285,6.107355,3.5509055,73600
9.98596,-0.14623344,1.9548775,5.9963164,3.0745125,68500
0.6475933,0.4965134,1.7215343,6.3711553,2.5852,105000
0.7534841,0.032963336,0.7489337,8.719794,3.1856344,219000
0.6692386,-0.36627138,0.08735879,8.580468,3.690732,120000
0.73018736,0.021186639,0.7102438,8.699527,3.2151425,230000
-0.09434083,0.21033023,0.6202573,8.008592,1.0717671,68500
7.909861,0.2889379,1.9357086,6.7452784,3.0325806,299900
8.99428,0.565131,1.6008172,6.017629,3.6226916,155223
0.4318588,-0.17911349,0.8817685,7.783961,2.4806526,115000
9.139235,0.13849117,1.5849503,5.8283257,3.9639437,67520
10.545315,0.57201916,1.4036883,7.8940167,3.6228642,245000
9.148025,0.14940187,1.6048363,5.8052197,3.9554389,69421
10.267,0.11751955,1.6470782,6.388261,2.788923,113900
0.6102245,-0.16288039,0.0916269,8.714672,3.5736628,132500
1.183892,0.08799853,1.4307891,7.8715677,3.185539,320000
9.350258,0.102562785,1.7194973,5.4035697,3.974021,58700
9.348302,0.0038051421,2.1658058,7.2436976,3.336584,214999
-0.33182302,0.8469342,1.1193432,4.0820622,3.280313,76700
0.9023438,0.37358287,3.403906,6.94861,2.8786786,65910
0.2813519,-0.58743584,1.3935066,4.9360995,3.181095,98000
0.53332317,-0.31389207,1.2538339,5.423,3.6147509,123500
0.8287193,-0.21049032,0.5849119,4.9489856,3.2007663,77400
0.7876577,-0.19080435,0.6245463,4.918834,3.103924,89900
0.60592115,-0.18615602,0.085295565,8.735502,3.6129525,134990
-0.03990178,-0.58017653,0.71425295,4.388111,1.6993052,89500
9.2513,-0.21813625,1.876324,5.6462717,4.1208,82990
10.10593,-0.5607946,1.9963651,5.890169,3.9504569,72900
9.912148,-0.3727313,1.9799292,6.0173473,3.4944808,58500
9.130532,0.1813586,1.5563189,5.8322835,3.928027,90000
8.662553,0.44980025,1.8110054,6.807141,3.7863944,220000
1.5898229,0.63367826,1.4802841,7.2989483,3.5892792,320000
9.927719,-0.31572512,1.996839,6.0523806,3.3007243,70000
-0.33346763,0.86315244,1.1405114,4.116375,3.247736,75600
8.837784,0.49837956,1.7782601,6.9331937,3.472699,120000
0.81648,0.020364607,0.9962076,8.380904,3.6307898,130000
9.270683,0.18695952,2.0959172,7.2823663,3.5738819,125000
-0.14609466,0.29452688,1.0284227,8.344735,1.9647845,135000
-0.0064610313,0.40040144,1.2717986,8.093198,2.0196197,146000
2.3571744,0.5183622,1.5106769,7.40907,3.9487808,719999
2.1811743,1.0102144,1.6278244,6.93506,2.5117989,174999
0.7660063,-0.0500786,0.79395294,8.25107,3.6147318,135000
9.2925,0.09908388,2.246061,7.256477,3.2998528,122000
10.002831,-0.091619246,1.8634309,6.236458,3.140406,170000
1.9907706,1.171313,1.5296364,6.8298674,2.5627484,172000
9.308942,0.17370431,2.2075672,7.2783585,3.4030793,150000
0.038357276,0.114092335,1.3667358,4.8797383,3.1153057,86500
-0.17246863,0.08203732,0.99884355,8.296093,2.0557895,119000
-0.42264697,1.012135,1.1345576,4.034706,3.139422,105230
-0.40955293,0.9935344,1.1084685,4.012036,3.1629584,74290
0.8178716,-0.09937034,0.87246305,5.290726,4.614466,133365
2.0299034,1.0072154,1.2654917,6.7119017,2.3231766,190000
-0.037553888,0.18601051,0.7339013,7.89314,1.0956191,71999
10.192865,0.33578667,1.8285303,6.3896575,3.1754472,122000
0.71563447,-0.36585024,0.8814926,5.186119,3.985858,130000
8.903205,0.11427321,1.958195,6.881658,3.975302,285000
-0.50552416,0.9155214,1.295065,4.074369,3.301151,122580
-0.06718035,-0.6900207,0.70943797,4.285879,1.7855561,69000
10.63599,0.6601641,1.5177577,8.116459,3.5967352,595000
-0.079592556,0.04491301,0.7802827,8.280045,2.016573,113500
0.7706907,-0.27146074,0.971248,8.242211,3.4254017,99900
0.5821972,0.5205277,1.6248485,6.189501,2.6070302,165000
1.7577721,0.7478869,1.3388652,7.2045918,3.5057218,290000
1.741829,0.72482854,1.3593272,7.2288218,3.5128314,289900
1.5334747,1.097995,1.4910582,6.975807,2.9548464,240000
1.0430174,0.039969563,1.0666151,8.217747,3.51233,237000
10.641367,0.5897549,1.4872665,7.060278,3.4089456,129900
0.8977726,-0.063838236,1.0146462,8.396824,3.7378497,125000
3.035404,0.21890785,1.8958231,7.156493,2.6067486,219000
-0.21070744,0.10517921,0.7409436,7.6915116,1.5287449,51000
-0.35046777,0.095973074,0.60052764,7.6350017,1.914346,83000
0.32151294,-0.33208415,0.12434191,8.004854,3.4847558,110000
-0.330926,0.093238525,0.59104806,7.6375175,1.8849325,75000
-0.34366015,0.08374237,0.6144958,7.6344037,1.8818556,89000
9.625769,-0.48667753,2.1975303,6.3818917,4.343639,90000
0.27312326,-0.32574493,0.12830488,7.9705925,3.4411433,97000
-0.024594465,-0.07578877,0.88194686,7.812173,1.4752432,72000
9.342574,0.023478989,1.7211446,5.4631085,4.0093374,40000
0.043892067,0.07055581,0.7723465,8.491343,2.2073894,126999
1.8761568,0.78148836,1.2036654,7.2784324,3.5768125,319999
2.0171847,1.3807682,1.34291,6.8725395,3.1185863,265595
0.7878323,-0.37353083,0.30930498,8.389883,3.6582592,175000
1.4065212,1.107524,1.5959108,7.006987,2.8034852,169990
0.005058317,-0.8645288,1.1092094,4.4735518,2.3308902,69500
2.0279202,1.030526,0.20554726,6.2177987,2.2366047,135000
10.315527,0.68123037,1.8006476,5.8441877,3.1834674,51900
0.24329361,-0.5812781,1.4029232,4.862788,3.1861768,106000
10.535139,0.32102865,0.93485224,6.588947,2.8509846,55900
-0.5717148,0.21532096,0.78608906,7.706532,1.8517224,78980
10.072024,0.30655128,1.7520968,6.427794,3.141425,75200
1.6928242,1.2054919,0.5658132,6.4638124,1.9504519,135000
1.990154,0.89083076,0.43314525,6.448131,2.5343318,102000
9.305243,0.08086707,2.1948118,7.2959533,3.380235,123000
1.8344461,0.761415,1.1981386,7.2974496,3.571102,359000
2.0290828,1.0322253,0.428485,6.2358685,2.0976238,62990
1.2362028,0.2105715,4.522645,7.5052605,4.155339,150945
0.7980626,0.01271683,4.04712,6.135045,3.2020822,98000
0.79400706,-0.13542503,4.926482,6.051208,3.42638,86604
10.413242,0.31146416,1.0084877,6.6635666,2.9905746,93500
-0.02711606,-0.51552606,0.7272479,4.446378,1.6798774,89000
-0.17485127,-0.023909422,0.5152047,8.572987,1.9635757,99000
9.378197,0.37167308,1.5738256,5.6092935,3.65699,52500
8.422396,0.49299505,1.5843893,7.106752,3.8093102,385000
0.73217845,-0.010257205,0.53115696,8.464206,3.4421136,226000
0.49013093,0.5508275,1.4553368,5.97397,2.7012904,94000
0.8887507,0.050109692,1.0889121,6.2733893,3.7486641,111000
2.0357492,0.9719334,0.3786831,6.281096,2.1829872,49000
9.257172,-0.05250595,1.8159047,5.6189504,3.992509,68800
0.51226085,0.55365175,1.4801903,5.974026,2.6671593,68000
9.409636,0.27946708,1.7674226,5.516098,3.777295,19000
0.48935288,0.547501,1.4927179,5.960542,2.6727107,67000
0.47996205,0.5485485,1.4473678,5.932138,2.7034054,89000
-0.5103537,0.6788904,1.8138009,4.5618463,3.436902,95000
2.0786014,0.36920798,0.8623749,6.6666527,2.7789595,199000
10.7043,0.46290663,1.3287499,6.8500934,3.1130214,149999
1.246447,0.49772105,1.460378,7.348832,3.3470304,115000
-0.11458427,-0.20975359,0.4560725,7.818223,2.7868323,100000
9.338241,0.2379556,1.844747,5.838532,4.12127,81995
9.206698,0.27695268,1.976956,7.1016006,3.3473527,125000
10.64064,0.6773661,1.576272,8.096206,3.5420308,165000
9.0230055,0.031715967,2.0124762,6.986616,3.9445457,255000
1.8393857,1.2073154,0.92059356,6.6789417,2.466446,195000
2.2206926,1.3649698,0.07094896,5.8755555,2.1011899,59000
-0.2980633,-0.12234687,0.0786016,8.738935,1.3956755,132000
-0.18547171,-0.0924459,0.18377948,8.687794,1.6828972,140000
-0.4595665,0.8742,1.1544433,3.9566586,3.33051,95180
-0.08042247,0.3753794,1.3112522,8.124081,2.0169032,120000
0.83699083,-0.1102688,0.84095955,5.269673,4.6185856,121605
0.63508993,-0.10711622,0.6758132,7.80626,3.8276389,135000
-0.3775578,0.88811105,1.1447867,4.060208,3.2756057,114950
8.553928,0.71418446,1.063261,6.299782,3.4466908,120000
2.333346,1.2067022,-0.05927165,5.74771,2.2734156,103900
8.68929,0.28456503,0.8821185,6.247083,3.3896754,59990
10.328809,0.50034827,1.4739136,7.9324427,3.5917592,186999
1.0461146,-0.10509193,0.94054806,5.556507,4.725778,166000
10.039044,0.21989948,1.8485295,5.901886,2.8446994,63000
0.8339124,-0.0420174,1.0889753,5.553736,4.3602386,118500
-0.1618797,-1.004406,1.1297199,4.192146,1.8890266,64000
0.48011667,0.52395004,4.2603145,6.7523537,3.0143661,84900
10.097803,0.29109508,1.9051809,6.3331494,3.4427223,125000
10.121103,0.3986055,1.2327204,6.7680836,3.452372,149000
9.301168,0.13170913,2.13835,7.265097,3.297482,125000
8.628832,0.71035755,1.0203551,6.3092484,3.5366402,130000
10.26055,0.25688598,1.6153336,6.3776674,3.387372,109000
10.43851,-0.07258636,1.7717103,5.8703704,3.4348402,87000
8.880282,0.83842045,2.584247,5.674697,3.8872323,70394
9.80514,-0.510492,2.3947802,6.6336546,4.453562,92999
1.1226516,0.30052397,4.3298116,7.3894043,3.8879545,112950
1.1391678,0.25937667,0.7088291,7.822736,3.5892313,135000
9.31026,-0.09841128,1.8147333,5.5079436,4.027321,61000
-0.06747726,-0.030782066,0.36015156,8.380779,1.2894986,75000
0.29781568,0.40294942,4.212887,5.622356,2.855416,85124
2.2764137,0.8567793,1.611548,6.9190297,2.4394844,166000
10.543753,0.5614933,1.3841648,7.832418,3.6133893,119900
0.93637055,-0.049804356,0.75367165,8.163173,3.4544349,298500
0.7413616,0.031348605,0.7469042,8.72606,3.1625168,230000
8.913379,0.809149,2.539337,5.695455,3.8896527,119000
10.061419,0.36727855,1.972716,6.8716693,3.7623634,109000
9.9881115,0.25452968,1.8001484,6.6732388,3.7752354,117000
-0.35524234,-0.12172046,0.0600727,8.766293,1.320308,72000
0.0033338887,-0.025603423,0.7085981,8.367353,1.9914669,52900
-0.06558876,0.1595958,1.2439969,8.233677,2.1318038,105000
1.5875809,0.504209,1.1643422,7.4224563,3.383241,260000
0.804086,-0.38998017,0.48004726,8.394622,3.64014,226900
0.89370304,0.0053071007,0.9408055,5.5115204,4.429572,149990
0.6716095,-0.33184934,0.9980109,5.3655357,3.8283796,141400
0.64939356,-0.33464354,1.0258232,5.3826756,3.7761269,141400
9.510594,0.09473162,1.3540889,7.9310894,3.567769,114000
0.70842624,-0.33486536,0.9167138,5.213807,4.047478,138000
1.1441883,0.25856683,3.0074012,7.1578093,2.9121497,115500
9.434132,-0.34646457,1.8532561,5.54026,4.037278,49990
0.36031058,-0.3198035,0.0938229,8.080674,3.496297,170000
0.67695826,-0.3067793,1.0232778,5.4149337,3.8241093,136500
0.096158706,0.12170156,1.3251333,5.049988,3.0504496,95000
-0.28938603,0.012310936,0.4408357,8.701804,1.7871549,117000
0.09538674,-0.0147614395,1.2896707,4.62511,3.1791568,89600
1.2919247,0.423863,1.9453658,7.270894,2.758683,120000
9.777806,-0.18700357,1.8206371,6.321999,3.2872298,114000
10.460243,0.5778097,1.5648599,7.89084,3.5702746,195000
9.53077,0.3918335,0.8560076,6.176528,2.9784338,89000
10.428492,-0.047211908,1.7638121,5.857432,3.4400978,107000
0.022577418,-0.017778615,1.193987,7.7784634,1.2902788,89000
0.033557523,-0.01585148,1.2052389,7.7862206,1.3022244,89000
0.60488194,-0.26858962,0.7570846,7.680591,2.8213634,120000
1.1199799,-0.11511434,1.0591024,8.406164,3.7359812,186530
0.064566255,0.44753677,1.3894992,8.020746,2.0428727,117000
-0.35867006,0.6969181,1.658752,4.6774373,3.366728,95900
1.1189204,-0.11679174,1.0622528,8.413052,3.7295566,186550
1.1900314,-0.4040767,0.8351954,6.927584,2.7661467,144900
1.0726522,0.21858706,1.1726557,8.109492,3.5130367,245000
-0.05049716,0.1513728,1.2507964,8.237544,2.097905,104940
9.224605,0.25771636,2.1269913,7.1561646,3.608983,245000
2.0939825,0.6884341,0.7160394,6.4494777,2.1517308,164999
10.127866,-0.56441116,1.9934689,5.8879995,3.9584756,64850
0.22517197,-0.26445094,0.3206956,7.793414,3.4856153,84840
0.67950803,-0.3576783,0.97352946,5.33706,3.8434024,132799
2.0689352,1.1349299,1.536456,6.944735,2.6943223,215000
0.3230413,-0.3279343,0.50255615,7.8247867,3.3805652,74890
0.7351153,0.0076332125,0.6980757,8.662974,3.248413,235000
0.20288385,0.20077018,1.1634005,7.741078,1.2019858,42480
1.1256962,0.34942308,3.2061744,7.1721478,3.0411017,123000
-0.29014346,0.2681578,0.7929864,8.412018,1.6907848,54800
9.224191,-0.08395361,1.8747052,5.6649814,4.120803,93960
-0.29032746,0.22679898,0.75924397,8.430437,1.6906182,74980
-0.2385362,-0.09983138,0.14313681,8.714684,1.5469673,100000
10.199277,-0.2387017,1.9044204,6.142319,4.013157,78000
4.6231623,2.2669864,1.4388946,6.9902425,4.4425154,350000
9.225389,-0.09131421,1.8734062,5.658691,4.1028013,94998
-0.042469285,-0.68846524,0.7465779,4.383379,1.8818005,65000
-0.55231714,-0.13720913,0.6935005,7.938804,2.1853802,76890
9.579437,-0.4419354,2.1312013,6.461445,4.3788457,107000
0.29298237,-0.35352123,0.28432882,7.879742,3.4351962,70000
9.140337,0.15312867,1.606331,5.8069115,3.9601662,69421
-0.28042617,-0.11100426,0.09436518,8.7400675,1.4401914,81999
0.24462788,-0.14813387,0.11719443,8.061159,3.3850725,102999
0.8248388,-0.25601497,1.0421149,8.296821,3.5824122,165000
0.66770947,-0.33053142,0.9955292,5.3757796,3.8239152,132799
0.17623073,0.06543133,1.2660842,7.9258184,1.4196539,64900
10.347819,0.21965773,1.0113859,6.5359707,2.7740405,104999
10.650981,0.59605175,1.4686037,7.0810738,3.362229,109900
0.3213756,0.30179435,1.3517895,7.8237743,1.5135844,128000
0.15730894,-0.23853895,0.7303597,7.6619244,2.5732074,77500
0.71435976,-0.36991674,0.8796369,5.181416,3.9871826,129999
8.7409725,0.34479955,2.1301508,6.8359857,3.2984872,271900
0.40765452,0.45307836,1.5436344,7.830732,2.1704493,144400
-0.23911797,0.33741888,0.9176746,8.310756,1.8042512,142000
-0.32233632,0.09595463,0.8206565,8.100423,2.1574852,137000
0.79063535,-0.10048657,0.8435609,8.055517,3.7306552,155000
0.13212909,-0.19095717,0.7662502,7.943167,2.3601272,124999
9.108484,0.5690454,1.9416265,5.9952006,3.389277,155000
1.4487138,1.0929227,1.4083096,6.8711214,2.684249,198000
0.67907405,-0.3036981,1.0237398,5.417039,3.829596,127999
2.0406413,0.8414765,0.8122894,6.4704094,2.0333095,188000
10.522533,0.55832666,1.4167997,7.8435755,3.606612,159000
-0.37899384,-0.11406266,0.7081224,8.157622,2.160765,145900
9.438015,-0.43653455,2.2768543,6.911412,4.0520773,129900
0.31294623,0.25756684,1.4167556,5.5743995,2.819232,61000
10.577863,0.5780069,1.3981827,7.9677596,3.6331036,175900
0.08599064,0.10050254,1.3402896,4.983754,3.0940728,89499
9.344055,0.1846994,1.852005,5.868141,4.154711,103000
4.216761,2.224856,1.486632,6.9463425,4.3169627,194999
1.4775383,0.8632523,0.08302503,4.892599,2.6099908,83989
0.82394,0.70237345,1.7466131,7.001494,2.7354448,104990
9.910176,-0.26403254,1.9778473,6.1066856,3.1266854,89989
10.174658,0.32899848,1.7812505,6.358937,3.140742,163000
8.835278,0.3127225,1.8409188,6.7068715,3.8269432,155000
-0.4944647,-0.129882,0.5749176,7.824326,2.2533102,100000
0.083617,0.13435203,1.0724137,7.678577,1.1716462,88900
10.294892,0.65731806,1.7961326,5.795617,3.2186208,96999
7.957384,0.19312331,1.8337111,6.9263034,3.1159472,588999
-0.21448663,-0.0037555988,0.33683154,8.119509,2.3616176,123000
-0.33944073,-0.05638998,0.9040185,8.123492,2.1323924,89000
0.09553468,-0.023211006,1.2781104,4.6176686,3.168562,83999
0.8852929,0.03307167,1.1382201,5.707436,4.251875,149999
-0.20288925,0.046970975,0.72778195,8.368414,2.0196075,145000
9.131005,0.3796937,0.86507213,6.177616,3.1839826,55000
9.133917,0.1237293,1.4476223,7.3813868,3.535639,119000
9.059092,0.327194,2.2275743,6.9561625,3.4397957,197000
9.304738,-0.012363524,1.6160824,7.569416,3.5255308,137900
9.81523,-0.17196608,1.8045,6.160326,3.5731351,90000
10.657293,0.6732007,1.5020732,8.023607,3.630503,293500
10.438377,0.5172039,1.4356893,7.9873695,3.609743,220000
1.7763109,0.7576422,1.1940242,7.294279,3.5829535,350000
-0.5431075,0.14342245,0.68011546,7.615111,1.8640566,54970
1.131544,0.13207231,1.187588,7.997487,3.5130773,225880
0.5259637,-0.20511717,0.8769355,7.683909,2.6645198,295000
0.8583195,-0.35657588,1.0598013,8.431718,3.5164485,109899
2.3159552,0.66364247,1.3821765,7.265722,3.7700665,676000
0.8845546,0.035817526,1.1415071,5.7099624,4.249125,149990
0.7383706,-0.4635991,0.059580617,8.457155,3.71923,100000
2.3070557,0.7235728,1.4181397,7.2469287,3.7639256,526000
-0.4532884,1.0479687,1.1707658,4.0384326,3.1127067,96500
-0.44778433,1.0258307,1.1393621,3.9991407,3.1459193,82500
0.822571,-0.10778579,0.862286,5.2756786,4.604287,100500
2.3022542,0.7225452,1.4166203,7.2467976,3.7666438,615000
2.2305646,0.6805425,1.4076283,7.2502294,3.726544,575000
1.8360687,1.0806366,0.6510982,6.504316,2.3816376,249500
2.3881364,0.50517035,1.5295457,7.4095187,3.9592533,690000
0.79511756,-0.15022986,0.9542121,8.545812,3.6516001,100000
1.9886878,1.1235207,0.18079568,6.2747383,2.255915,68500
10.528115,-0.14021312,1.7923276,5.988314,3.2691023,87980
9.116503,0.55781585,1.6958771,5.9245434,3.7325697,153000
9.965415,-0.20483112,1.9769384,6.0477185,3.0778768,69979
-0.3935095,0.7689159,1.589858,4.5598764,3.3413763,119000
8.313259,0.36481485,1.7925144,6.952184,3.4908822,750300
1.949022,1.1847551,0.37372124,6.236155,2.2653098,77490
9.313755,0.075431824,1.9331089,7.4663444,3.5066898,174900
0.6282149,-0.16329196,0.75265765,7.84311,3.5190532,139900
1.5333546,0.09775222,0.99967474,8.022483,3.8498995,445000
9.105432,0.16456228,2.0620227,7.1615167,3.6480432,226900
0.99707794,0.08639316,0.7952825,7.92687,3.917696,254990
0.08764954,0.027677372,1.2387482,7.775299,1.2835681,88900
1.2649609,0.42579696,1.9978944,7.2685146,2.7538934,120000
9.363696,0.47407636,1.483443,5.635539,3.532533,61999
10.13427,-0.56033516,1.9912584,5.88934,3.9575121,63990
10.116883,0.21518943,1.6431438,5.9877825,2.701557,59998
2.4013221,1.0945487,-0.14126599,5.8514175,2.2627301,80999
1.7072196,1.2134318,0.54462624,6.456619,1.9558471,124999
9.280609,0.18368514,2.0800607,7.209335,3.7839193,179999
1.8796753,0.95514494,0.82598156,6.4348593,2.2032475,119000
9.239032,-0.1434327,1.8535783,5.5819993,4.083466,93990
9.432308,-0.34369466,1.8516448,5.537058,4.043722,47000
9.184289,-0.11053835,1.978169,5.9915032,4.246667,168980
8.907328,0.70554584,2.478593,5.8358955,4.04131,249000
0.7776096,-0.32608986,0.4696276,8.253928,3.5027163,190000
0.7584782,0.03791315,0.7637165,8.730714,3.1709585,330000
9.828948,0.18050401,2.424914,7.119137,3.9600065,134999
0.9741157,0.36779287,2.1709578,7.152457,2.59049,125500
0.7783507,-0.324305,0.9738782,8.299516,3.5698833,135000
1.9226635,1.3325967,0.21573107,6.2517633,1.8959216,49888
0.4224482,-0.03458736,-0.02340159,8.349355,3.4733372,124999
0.89796656,0.042867836,0.75804055,7.87453,3.9443147,166860
2.6662078,0.4738269,1.8113366,7.164768,2.8081424,240000
-0.41274983,0.7655218,1.6072373,4.5540795,3.3536437,96930
0.25577822,-0.15376033,0.062033307,8.165127,3.3473577,148000
10.128376,-0.57091355,1.9967083,5.8844557,3.9566257,63980
9.660658,-0.703744,2.499711,6.882726,4.410512,88890
-0.3225747,0.55376935,1.7361969,4.8204784,3.3651738,153000
2.2750359,1.2964896,0.04001114,5.748741,2.2263954,53900
8.9511595,0.2442626,2.0225482,6.949884,3.6899362,284000
0.6385275,-0.27570906,1.0746453,5.533648,3.7638762,120000
2.4366405,0.49635535,1.6045716,7.174965,3.2118008,330000
1.7455325,0.57322955,1.4473205,7.151642,3.6136005,365000
8.7668,0.32430586,1.8683918,6.905211,3.8321319,158000
1.44061,0.2258958,1.2014247,7.488886,3.7061393,369000
10.334333,0.5814902,1.7779651,5.7010603,3.2411933,31990
0.47233218,0.5309254,4.112822,6.6658754,2.9850748,73755
0.23351105,0.19345273,1.5308932,5.228861,3.2341633,199000
1.8643314,1.3000138,0.2240058,6.3189993,1.8931112,53500
-0.11351212,-0.98635614,1.1908584,4.25612,1.9960103,62500
1.565013,0.46098387,1.409755,7.422609,3.650113,378000
-0.27978,-0.10142124,0.11543135,8.732177,1.4594506,80000
0.18393694,-0.27707747,0.29782176,7.804787,3.4006264,139900
-0.89899313,-0.010622432,0.6121547,7.8451986,1.9928712,71900
2.2857306,1.1963735,-0.023781812,5.7838864,2.2732623,71500
1.4604361,1.0657489,1.5631167,6.975215,2.7531226,274500
9.280423,0.2597844,1.9044175,5.7955093,4.0674076,97990
9.247859,-0.23232774,1.8893881,5.680396,4.1374464,90999
2.0433624,0.47209823,1.6246258,7.2810197,3.817273,345500
2.0286026,0.4660871,1.6280049,7.2615986,3.8160033,312000
9.168766,0.565091,1.8002431,6.056749,3.61679,139900
0.76404154,-0.080874115,0.8938023,8.424066,3.5477154,130000
1.9291583,1.0752368,0.33633018,6.3544407,1.801112,54000
1.1166922,0.24812973,0.79289925,7.8118114,3.588735,269000
1.6492969,0.66346353,1.2248018,7.341299,3.5179138,205000
10.187596,0.27057537,1.7409327,6.3577633,3.1568155,55000
1.4994999,0.576408,0.8916919,6.9049363,3.1216836,256000
0.5232979,-0.22417633,0.8129924,7.7404833,2.586447,90000
-0.17743811,0.81544286,0.99247825,4.1022224,3.1226969,83000
0.6602063,-0.31628594,1.0221484,5.390293,3.8185213,122000
1.4442178,0.17754082,4.4215646,7.3723016,3.871349,110000
1.8537244,0.814772,1.2146863,7.2489243,3.5298607,260000
0.057875596,0.05919584,1.4140992,4.7886295,3.199385,138500
0.7569656,-0.07670186,0.92367727,8.400003,3.5555692,125000
2.1239848,0.4781518,0.75448626,6.5549736,2.5500684,199000
0.9460086,0.3498977,2.2801418,7.172177,2.5379877,131890
1.8890942,1.29899,0.18486694,6.2914486,1.8995723,49890
1.1586577,-0.025343042,1.0357479,6.6308575,3.833121,141000
9.243107,-0.07094764,1.7898362,5.5973554,4.0057163,62000
-0.21523179,0.24320447,0.98847014,8.082135,2.0962677,239000
1.8746686,0.98310345,0.59068906,6.4569287,1.8378353,125000
0.76319945,0.5867687,1.466591,7.021364,2.292172,295000
0.06728598,0.1153059,0.91045827,7.9261446,1.3526872,80000
1.0545226,0.18082024,1.1389107,8.027313,3.5232356,245000
-0.15962213,-1.0085263,1.1333175,4.187547,1.8964316,71500
0.07622491,0.12166736,1.7880553,4.9612546,3.4402893,110000
0.49374664,0.53808177,1.4609883,5.950616,2.6798396,73500
-0.41654164,0.5383221,1.8524383,4.725493,3.5142024,78800
9.244802,0.15503189,1.5693363,7.574902,3.6228485,155000
0.92924255,0.002343478,0.8623553,5.4471626,4.5049663,109500
1.9849999,0.875442,0.44272724,6.497646,2.5968983,94500
9.293987,0.089086376,1.9336811,5.7834907,3.4612906,68000
9.647555,-0.7181789,2.5076118,6.903538,4.4058485,118000
1.1283716,-0.1303507,1.042458,8.372193,3.7383409,146900
-0.34419838,0.49065357,1.8245271,4.7906413,3.5151799,64000
9.306518,-0.014761936,1.811887,5.5673456,4.0875826,58500
-0.55174583,0.8433145,1.5666078,4.3628306,3.236667,103400
-0.46871167,1.0244793,1.1507938,4.00059,3.153515,93300
9.527247,-0.41614902,2.147134,6.6960807,4.003306,100000
9.243611,-0.20109445,1.8723077,5.6287346,4.118086,83000
-0.39713043,0.91778624,1.1250491,4.015104,3.2431946,99825
-0.28500193,0.13192227,0.71838117,8.469069,1.9836161,170000
-0.2573432,0.17401476,0.74680823,8.500666,1.9722497,170000
9.211563,-0.10941904,1.9767866,6.0329566,4.199039,117900
0.92958844,-0.0044090585,0.89121884,5.4733977,4.4994893,163350
1.6887144,0.77971935,1.239545,7.072375,3.6069937,314990
1.4578516,1.1453031,1.4189087,6.8027487,2.8511598,213800
1.6861961,0.76820886,1.2524068,7.0789847,3.6343591,289477
0.9388453,-0.0074817305,0.8429279,5.4364023,4.5175915,121605
-0.49649858,0.7119927,1.6400163,4.7287593,2.9065886,104000
1.6597835,0.80634457,1.235172,7.043526,3.5527594,222000
9.49087,0.11298014,1.3571732,7.879422,3.5654728,179400
9.14377,-0.088599175,2.017205,6.1832905,4.15658,115000
1.2288954,0.7278336,1.620213,6.943561,2.3489568,95000
1.4752874,0.6523511,1.4495376,7.302125,3.5578656,176999
0.26223427,0.48702168,4.1091547,6.128656,3.0816674,65145
0.52479416,-0.32288557,1.2497528,5.424381,3.599291,132800
0.83243454,-0.17713311,0.57133794,4.92716,3.1678045,61900
2.7657323,1.4536676,0.05153955,5.8011217,2.4312637,157800
1.511894,0.82846004,0.077261694,4.9099226,2.6377017,124900
10.52902,0.6018398,1.5546976,8.134937,3.563147,210000
9.789344,0.45154235,0.8731579,6.278845,2.9987733,42000
10.445783,0.41349822,1.5069245,6.653999,3.2066774,131500
1.7695436,0.6074255,1.4963692,7.240049,3.6027775,297999
1.1958443,-0.33438534,0.87104154,6.9568415,2.8328626,349999
0.95334256,0.11323924,0.61134404,8.095263,3.5408373,374500
2.4063742,0.9762038,-0.18576969,5.889212,2.3204403,68000
0.6445755,-0.20481077,0.86944306,7.7541904,2.8878787,163999
0.7076401,-0.24120602,0.13004845,8.508207,3.548679,116000
-0.29142866,0.080518804,0.58520156,7.6381497,1.9165031,105000
2.3091578,0.74226826,1.3538448,7.261609,3.7534773,589990
2.3877707,0.49596953,1.5447487,7.405511,3.9645934,899990
8.207624,0.5128497,1.5159075,7.167982,3.818979,595000
2.3154383,0.7116662,1.3963125,7.312463,3.797557,585000
-0.5913406,-0.05739334,0.57419044,7.7074738,2.0975797,71000
0.4013377,-0.05535306,0.0015177805,8.317429,3.4587176,130500
-0.58057076,-0.10241379,0.6627722,7.851639,2.1400466,96000
-0.30504513,-0.110146366,0.11293666,8.727794,1.4075947,119500
8.826324,0.17756559,1.0152072,6.286358,3.3741302,102400
9.416988,0.26323777,1.7866344,6.061855,4.0410795,255254
9.460644,0.24716327,1.7530642,6.000752,4.091522,170035
9.539041,0.21686819,1.784945,5.9331074,4.0505924,101401
9.625586,-0.46746373,2.1682334,6.378569,4.286195,127500
0.20920514,0.20329857,1.7259305,5.1787467,3.8108819,139000
2.4469275,0.4205857,1.5671518,7.123831,3.070221,309990
0.9036339,0.33792552,3.394278,6.891646,2.9088368,139900
0.21634541,0.18147439,1.1509652,7.7563267,1.2570977,38500
1.3907337,1.0704919,1.3568095,6.9552,2.67092,199000
10.463059,0.5385702,1.4650849,8.023104,3.597635,195000
0.7796994,0.053340796,3.9946785,6.1594605,3.180319,80500
1.1162323,-0.31465378,4.0195365,6.2579904,3.4630353,79781
10.5841465,0.5667081,1.3710657,6.827691,3.3623672,129900
0.8017528,0.014988427,4.050523,6.145689,3.2054904,85900
1.1414162,0.18921496,4.6979566,7.524845,4.32377,116900
8.951332,0.43898314,1.8000867,7.0809274,3.4863317,229000
0.4117095,0.3188285,4.525338,6.037025,3.0350502,100900
-0.28796387,0.2180457,0.7507815,8.456413,1.6888614,74988
-0.3406986,0.56815106,1.7346225,4.768779,3.395861,130000
1.9520869,1.0953269,0.33969545,6.326996,1.8166788,54000
9.337773,0.2176412,1.9165077,5.6993737,3.746365,95000
9.226118,0.35322323,0.8628173,6.1998096,3.1067896,57999
9.316825,0.11551556,1.9211813,5.760325,3.5000453,76000
0.7181789,-0.19372198,4.933794,5.959652,3.395384,89102
0.8105767,-0.18289815,0.601512,4.924435,3.1208777,89900
10.186854,0.5678768,1.8096724,6.082004,3.0570438,89999
0.27829552,0.021696145,1.4794852,5.1807156,3.5503552,191000
8.2976465,0.15296969,1.6383635,6.7671323,3.0096788,199000
0.25519574,-0.01382567,1.4323363,5.127766,3.4272883,180000
0.4804926,0.24918115,4.4520445,5.998848,2.9828033,76264
0.6864672,-0.36400968,0.938302,5.308767,3.847869,139900
0.4631803,0.26488727,4.4740977,6.0171733,2.9998932,74856
0.48539516,0.24850734,4.4659343,6.0376477,3.0111804,72632
2.0421598,0.9742582,1.2560025,7.1119976,3.527716,369050
0.076334216,0.12250278,1.1060857,4.437562,3.112843,134000
1.120829,0.19578364,4.7008758,7.535528,4.343451,117500
1.1379466,0.17708264,4.712451,7.507684,4.324334,115500
0.47970304,0.2509912,4.472385,6.028062,3.006327,73500
10.284585,0.29214868,1.5085598,6.4631343,2.9727533,139000
10.6775875,0.67583686,1.5202647,8.23874,3.6046197,180000
1.0192137,-0.14077309,0.79296964,8.064429,3.7201695,344999
2.1009455,1.0653784,1.5469055,6.935896,2.6346152,170000
0.48965555,0.23836939,4.478437,6.031652,3.0203044,71000
10.160383,-0.5354735,1.9830774,5.940862,4.000854,50999
0.57546765,0.14297308,4.5763974,6.0904007,3.1376803,87234
0.91010445,-0.31494123,1.0730375,8.449103,3.579757,129000
9.45232,0.42517176,2.0222647,6.080626,3.1410847,115000
1.0975635,0.31106073,4.321926,7.3652077,3.8575356,121900
0.4740513,0.53117996,4.1214013,6.6688423,2.9885304,74000
0.51364017,0.5273972,4.229564,6.7902837,3.018493,84000
1.4622195,0.06237582,4.982346,7.416194,4.208571,112500
0.3948985,0.32637298,4.4889793,6.010556,3.0181987,85600
2.29982,0.07551016,2.6210585,7.57018,3.3798842,161500
1.4795281,0.21181308,4.3399177,7.4325805,3.9593437,172200
0.8757562,0.41369992,2.0242846,7.056221,2.3308213,65000
1.489965,1.159811,1.5131626,6.943371,2.823111,275000
0.30780777,-0.5171589,1.4086756,5.0314007,3.1979876,89500
2.1497033,1.2244593,0.08463566,5.7306857,2.2426689,75000
8.69972,0.4894078,1.6789706,6.141784,3.2090461,109500
9.166486,-0.04895783,1.9758219,6.0888696,4.1929483,109990
2.8070698,0.037105717,1.8497959,7.26011,2.590414,195000
10.51396,-0.11431885,1.7818878,5.997866,3.2796452,95990
9.269402,-0.13235644,1.869135,7.6288085,3.3379123,119450
0.9459356,0.043660585,0.96813005,7.9537416,3.786845,227000
8.45325,0.4919697,1.7887498,6.3041987,3.0505364,161900
9.519159,0.21198285,2.2503393,7.0657997,3.85953,176500
0.71967536,-0.19341095,4.9333262,5.9600406,3.3958585,84500
1.0260736,0.0843061,0.8468999,8.0581045,3.7966216,299999
8.436799,0.50501984,1.6446091,7.071321,3.7542427,399000
1.9601778,1.1199889,0.2993587,6.309253,1.7857636,53800
1.4830126,0.09816025,4.864462,7.402758,4.1099734,130165
10.826652,0.7062677,1.36277,6.6734743,3.2251945,61980
1.0440117,0.3460906,3.3260322,7.0636754,3.0122006,159000
0.25114605,-0.15262079,0.066151835,8.1737,3.3265831,104900
1.2461205,0.5707806,2.3183606,7.197682,2.7079413,107690
1.2592022,0.58785266,2.33057,7.2085605,2.7341042,124630
0.8954343,0.36760446,3.435483,6.8940725,2.9122558,74000
1.2415369,0.23455898,4.460659,7.5161543,4.1146107,175123
0.15893614,0.16883895,1.1093237,7.732404,1.1716089,80000
1.7764809,0.5667324,1.3575114,7.2669444,3.554404,329999
-0.01445823,-0.1204168,0.7098631,8.198146,2.2456577,91000
9.132506,0.5203709,1.9408976,5.9271216,3.4598732,53500
0.9421591,0.36540058,2.2789407,7.16005,2.517985,119790
1.5989091,0.6201807,1.2085828,7.365951,3.5252974,292000
0.9734539,0.13107741,0.99222016,8.268469,3.3091238,425000
8.271605,0.52184194,1.5095139,7.0799685,3.7764428,590000
1.9649652,1.3586231,0.18836938,6.1967564,1.8986248,43999
-0.536109,0.734291,1.6536323,4.7178955,2.8562267,80000
8.272287,0.55169535,1.7904769,6.555976,3.37234,265000
0.94880986,-0.16776714,4.131187,6.144843,3.371986,125500
0.7989144,0.014283391,4.0562572,6.142695,3.2009728,85900
0.33733666,0.39251593,4.213286,5.7185802,2.8724198,109900
1.2842968,0.63655055,1.4628948,6.929574,3.5730357,228000
10.206969,0.4605695,1.5744985,7.9633946,3.5616803,200000
0.7312943,-0.46219963,0.08092773,8.454213,3.7148628,97990
0.32793394,-0.32699612,0.4994232,7.825091,3.3831434,74740
1.4718653,0.050061554,5.0274906,7.4156227,4.227609,123400
1.3859324,0.21963483,4.5040236,7.4139676,3.9462278,184691
1.4690672,0.05324094,5.042674,7.4163094,4.2334914,152892
8.595225,0.5741964,1.2198657,6.774433,3.7415588,154990
-0.15088017,-0.051611986,0.5869972,8.485096,2.013984,139000
0.1614882,0.13285072,1.1862359,7.7924514,1.2142035,72900
1.0375363,0.14585064,0.86806685,7.91466,3.7195904,245000
9.377043,0.0797493,1.7674243,7.564568,3.495266,99900
8.377385,0.46783093,1.7830415,6.77801,3.543285,278000
9.819069,0.12170312,2.4360125,7.052286,4.007008,114999
8.417912,0.47472113,1.8320216,6.3376317,3.0283926,228000
1.9311473,0.98396367,0.50618076,6.4185977,1.8283981,124000
-0.70722055,-0.011331004,0.5665933,7.7406793,2.0459158,73850
8.609732,0.750219,1.2299889,6.2862487,3.3608365,139000
1.2383562,0.5852728,2.3420157,7.1879506,2.689265,94380
1.2547306,0.58771306,2.3405285,7.207614,2.702197,113740
0.9453985,0.37326777,2.24231,7.136046,2.4632955,101640
-0.06968632,-0.027722716,0.36801526,8.387267,1.299081,63000
9.874766,-0.32530278,1.9923217,6.1060824,3.2906039,64999
8.51104,0.5440893,1.755807,6.876997,3.6937225,295000
9.30596,0.36595866,2.068217,6.1144648,3.002048,194900
9.779322,-0.48546687,2.3572316,6.6027145,4.44322,119900
9.554259,-0.474675,2.1393313,6.5188723,4.452997,124000
0.84611505,-0.034279224,1.0262036,8.307096,3.7123268,121000
9.197676,0.025252257,1.5968238,7.505706,3.4770193,110000
0.7171593,-0.104259565,0.4486343,8.543192,3.5573866,184900
1.2181674,0.57618487,2.3589504,7.222118,2.6586232,96800
1.1163493,0.30860883,4.314846,7.3869123,3.8778815,129000
1.9304246,1.1636938,0.35701442,6.2909274,2.268601,104900
1.1492174,-0.004000229,1.1416856,8.180634,3.641886,295000
-0.30292565,0.36547226,1.0211608,7.9224734,1.9080802,116000
1.9338905,1.3303397,0.20522995,6.2354684,1.9173335,49480
-0.08566505,0.36625594,1.2744514,8.171775,2.010364,106000
9.2276125,0.15296227,2.1777563,7.219101,3.3982573,145000
0.024107926,-0.041501094,0.6805682,8.387671,2.245358,68000
8.596398,0.5572162,1.2484405,6.8296795,3.7748811,252000
1.2250252,0.11989092,4.762499,7.4595556,4.305397,116900
0.7028945,-0.19332881,0.87363696,7.742902,2.939166,187000
0.6148602,-0.15987617,0.11090575,8.715106,3.577052,114900
4.3924956,2.2159858,1.6049008,6.9135685,4.199171,229000
0.62929165,0.11513047,4.419242,6.115632,3.1349475,85600
10.491901,0.5440634,1.4389404,7.483333,3.642305,245000
1.87863,1.3026785,0.19812533,6.3010993,1.8874474,52400
1.0988314,-0.045106333,1.1000941,8.207737,3.6614375,200000
0.777808,-0.35760942,0.3862179,8.430797,3.6627808,227000
0.84647316,-0.17490913,1.0492107,8.27572,3.6490438,156000
0.090620086,0.2013545,1.0616766,7.703704,1.15173,74700
2.2205567,0.628572,1.434708,7.3854074,3.813489,395000
1.2569702,0.5927914,2.2883005,7.1801577,2.730246,103100
9.076782,0.24543965,0.9915564,6.2345085,2.9427166,128000
9.296162,0.25670367,2.1800263,7.205095,3.5349147,165000
2.3198128,0.15852316,2.19678,7.41908,3.423975,296450
8.876597,0.61863965,1.5797484,6.0622597,3.3937225,160000
1.0326858,0.83496875,1.3225085,6.7918525,2.5350804,179900
-0.20551892,-0.08605956,0.18769039,8.704452,1.6608729,100000
9.3378,0.15070088,2.2488577,7.20761,3.4569504,154000
9.147528,-0.04398332,2.009802,6.160341,4.142833,120000
9.6245,0.39067245,0.8364782,6.18891,2.9393404,62900
9.622399,-0.31238395,2.0189204,6.339225,3.5484974,74900
2.1943283,0.9820147,1.589361,6.9256244,2.4700794,160000
2.0491807,0.99621123,0.2014978,6.226938,2.2400203,120000
2.1859167,0.99439,1.5936594,6.935637,2.4868522,165000
0.79292995,-0.018312676,0.93879724,8.373159,3.6254504,125000
2.1566017,0.72889334,1.5062388,7.2020297,3.1517298,345000
0.6898109,-0.37020496,0.9117519,5.2651043,3.8603663,133999
0.052348755,0.088214986,1.1338646,4.4511504,3.1233325,100499
10.459592,0.55192864,1.5755937,7.592354,3.5426002,198000
10.782638,0.66567504,1.3567867,6.7259297,3.215458,98999
8.97963,0.8238602,2.4908903,5.743927,3.7423315,94400
-0.5798052,0.26654908,0.1446343,9.074194,1.4445654,74990
10.137059,-0.4621818,1.9769683,5.9794636,3.9916875,110000
2.097323,0.6235967,0.7587462,6.485918,2.1914194,175000
8.8938675,0.80296576,1.0847964,6.0385814,3.3923566,113000
0.6932469,-0.1437131,0.12904482,8.508149,3.49792,149000
10.502061,-0.113367654,1.784699,5.9893203,3.3571591,99999
1.4202058,0.53368574,2.203561,7.3388815,2.9911575,165770
1.5176803,0.5397057,2.0256286,7.4471188,3.1484842,209330
1.4573004,0.5305956,2.1223366,7.4237804,3.079464,204490
1.1178713,0.28420955,2.0820198,7.3252883,2.7779949,180290
8.064499,0.6219631,1.5351877,7.172087,3.8358989,258000
0.059456278,-0.006480834,1.2277511,7.7859583,1.2969512,125000
-0.04261367,0.105655044,0.72216994,8.396416,1.3825921,65000
-0.175433,-0.025931373,0.5083107,8.569357,1.9866854,145000
0.88783854,-0.11383493,1.0131129,8.246912,3.7355492,145000
-0.48642692,1.087062,1.1608492,3.9951987,3.0983949,82500
-0.11140218,-1.0047255,1.1729,4.249378,2.0178895,67500
9.258137,0.03112328,1.8404425,5.692995,4.121711,95000
10.518635,0.5195867,1.3468757,6.837911,3.367965,132000
0.5165549,0.51410896,4.2476625,6.7857223,3.0455883,77308
-0.45508927,1.0524133,1.1770581,4.038015,3.111611,86350
1.5804601,0.6942916,1.4181412,7.267705,3.576719,339000
9.332675,0.16033995,2.0896163,7.309785,3.6232617,169000
10.703058,0.6238444,1.3531046,6.9335785,3.3848624,60000
8.108117,0.517647,1.6060168,7.253907,3.8126018,798000
9.235745,-0.1206752,1.8489796,5.5770617,4.072963,101990
9.432589,0.3642027,1.9597135,6.076016,2.9025946,73000
9.889326,0.10800337,1.961327,6.630271,4.002049,108990
-0.46662745,0.91628605,1.178841,3.973631,3.298282,94350
9.068075,0.29895842,1.9634919,7.2448826,3.6113033,337000
-0.4131983,0.9971434,1.1184989,4.018021,3.1600769,88400
9.592087,0.64372617,1.3097649,6.4854198,3.4171872,144900
1.4360238,0.6384734,1.9274601,7.1541176,2.8824284,131000
10.072934,-0.52049404,1.9489757,5.8462505,3.8550398,59889
9.84019,0.13603309,2.4834135,7.115477,4.0136423,105000
8.966994,0.8221937,2.4609556,5.7621703,3.7272644,81447
-0.6655132,0.14801122,0.68749315,7.673653,1.8453532,75000
-0.08612506,0.093452744,1.3032715,8.159441,1.8829204,120000
8.949151,0.8282877,2.5048287,5.7476506,3.753348,97672
0.5138559,0.5518914,4.252484,6.8087935,2.9948983,81447
0.94480807,0.35830143,2.2782562,7.1691504,2.5279088,121000
1.777949,1.2885083,1.4136915,6.881886,2.8265412,190000
9.580806,-0.46043324,2.1385858,6.360264,4.2960896,128000
0.2114246,0.21071193,1.1674858,7.7365365,1.2070234,61990
0.51505584,0.5508939,4.2554846,6.80951,2.9990814,91640
10.187875,0.5758192,1.8241711,5.962837,3.0428457,20000
8.400163,0.44706514,1.7150624,6.899898,3.5770204,360000
0.8185838,0.0486793,1.0458125,5.589439,4.2515526,132900
8.431901,0.51774293,1.6451356,6.9498568,3.707831,598999
0.5139519,0.5506376,4.2545147,6.8087425,2.9988642,91626
8.567695,0.4687464,1.895242,6.757404,3.385134,277000
8.8817215,0.42581657,0.9445267,6.289285,3.35116,63500
0.89290196,-0.030655138,1.0685365,8.232175,3.6999276,129900
8.818996,0.85450685,2.6274018,5.7823606,3.8538485,140000
0.6759187,-0.21579106,0.88636094,7.776964,2.9541135,174500
1.1226426,0.30673918,4.3144546,7.3931894,3.8858202,129000
8.4441,0.51241213,1.6860343,6.267764,3.07653,175000
0.2820482,-0.61529964,1.3775814,4.914178,3.1596894,78500
0.42219284,-0.046914235,-0.014587901,8.333378,3.4736245,124700
0.15697268,0.28884122,1.2481371,7.895979,1.3873969,86000
0.41852048,-0.02405848,-0.02529301,8.345678,3.471779,124899
1.9874908,1.123687,0.17616121,6.2658057,2.2507217,134999
10.302288,0.59315956,1.7695329,5.7769923,3.1954741,88000
9.3539,0.2766429,1.9649241,7.013136,3.3486693,110000
9.445772,0.01468873,1.8428446,6.348588,3.4308035,265000
9.518809,0.16475427,2.1425302,7.1822686,3.6610346,84980
8.726852,0.4467336,2.0973675,6.289495,3.0195837,128000
9.881166,-0.09160638,2.0355575,6.5309987,4.254271,128500
0.20962524,-0.06906248,1.4084021,5.1249895,3.3298893,125000
9.336809,0.25578976,1.8827649,5.8541026,4.1294484,103600
10.107331,-0.56477976,2.002662,5.8911495,3.9249623,58990
9.067914,0.6720787,2.3282263,5.7987213,3.857527,130000
9.127261,0.61935824,2.2735417,5.9603095,3.4045558,139999
1.1130589,0.28324568,2.986594,7.118851,2.8557286,157000
0.7434055,-0.46156764,0.05298789,8.461178,3.7102444,142999
9.269228,0.031843785,1.8807845,5.670389,3.9454148,115000
10.522749,-0.1787848,1.8155168,5.9030986,3.3584821,80999
1.0788978,0.20946544,0.7755634,7.849973,3.5928683,268999
10.096177,0.24085724,1.6956242,5.9732127,2.7526426,60000
10.513066,0.3049532,1.4599565,6.595522,2.959771,155000
2.1428432,1.1820351,0.3140244,6.004295,2.1504936,108500
-0.32975587,0.045597654,0.4430743,8.7330885,1.7386562,88999
0.37468004,-0.40717092,1.1717349,5.129806,3.2293494,125000
9.760777,-0.3827145,2.350487,6.7084737,4.3846345,115000
0.9389731,-0.14756535,4.111366,6.1561723,3.3493128,122000
10.1817465,-0.51854026,1.9652815,5.909614,3.9677022,77999
0.8318723,-0.2330167,1.0639336,8.337418,3.5844579,119900
-0.59417766,-0.041575793,0.5707973,7.7509165,2.0960028,59500
9.06589,0.6032242,1.8153367,6.0081873,3.3526905,134500
1.9744552,1.076494,0.33883244,6.2442813,2.260696,148000
0.47161278,0.5362635,1.472096,5.9253163,2.6877198,61000
0.66999584,-0.38547644,0.09288115,8.529883,3.6896482,119500
1.4538399,1.0408192,1.2992208,6.7911215,2.601665,124000
9.778543,-0.5062226,2.3629935,6.6002593,4.45469,115000
10.0404,0.14016679,1.8369195,6.314655,2.7468417,120000
1.7572103,0.7504999,1.2702435,7.304946,3.5433393,280000
1.2681925,0.25835854,4.379194,7.440115,3.9505713,209000
0.06942542,0.090760075,1.1641175,4.5249753,3.1126592,113000
9.009258,0.8126619,2.4964511,5.744648,3.7579188,85000
-0.31617162,0.47493345,1.7679099,4.81983,3.4061894,80000
0.81257415,-0.035491064,0.9769056,8.529394,3.6600158,95500
9.169971,-0.04180603,2.0112123,6.1301975,4.1956534,119000
9.265906,0.073520824,2.0073736,6.16653,4.146862,97000
0.47006842,0.53138816,1.4680724,5.9144974,2.6938264,61000
9.222487,0.020105584,1.7786604,5.669002,4.029403,63000
9.247839,0.17711909,1.7814336,5.732219,3.9539354,89800
0.48322567,0.5377059,1.4697142,5.952156,2.681846,73500
0.57845783,-0.2733648,0.7415602,7.66053,2.8116803,185000
-0.28519693,0.036165576,0.42081696,8.720484,1.8250524,103000
9.835696,0.19008052,2.4373052,7.122289,3.9522755,109000
9.281992,0.26892322,1.9501841,5.6353908,3.9875479,105800
-0.17333275,0.044827014,0.3393767,8.663877,1.8808186,92800
0.038678803,0.20961799,0.8287893,7.861262,1.1520469,144900
9.133114,0.19082858,1.5756212,5.8200064,3.929284,68900
9.726344,0.12705141,2.4113734,7.100178,3.9177458,80000
-0.5419418,0.7004863,1.8756796,4.5177016,3.5204096,55000
9.112536,0.18066193,1.520371,5.844872,3.9238207,67000
1.3936207,0.74311024,1.1012193,6.807756,1.894573,128000
-0.40303254,0.64515513,1.6866117,4.5704217,3.457851,119000
9.122729,0.1784722,1.5248275,5.83254,3.9158955,69700
9.348702,0.09196478,1.689951,5.3921523,3.9802384,56920
9.346815,0.13141273,2.269399,7.18152,3.4851124,139900
-0.5433278,-0.17010602,0.7142388,7.9755793,2.2027795,107000
9.335029,0.14477816,2.2880144,7.194257,3.295225,155000
10.320332,0.30274677,1.6622608,6.4867244,2.9890447,144900
8.104789,0.514826,1.5972778,7.2632065,3.821141,720000
-0.23451939,0.40607306,1.1307809,8.041827,1.9007145,94850
-0.5815991,0.26712042,0.14310713,9.075641,1.4429924,73500
0.6963679,-0.2371299,0.61085826,7.710064,3.7160401,175000
10.602357,0.32538652,0.95965534,6.6250196,2.8703187,113000
2.3690343,0.5083385,1.5181493,7.4165525,3.9064264,850000
10.388509,0.50593036,1.4910233,7.9915833,3.5819936,135000
10.11372,0.17560583,1.8250502,6.374575,2.8992035,125000
1.4365046,1.1520628,1.4601179,6.8278213,2.8425732,230000
10.054296,-0.54265165,1.9573259,5.83257,3.8470638,55000
1.0509872,-0.103268586,0.9253587,5.5409713,4.7499924,185000
8.625582,0.5211415,1.4619046,6.8116727,3.7945724,220000
9.1295395,0.17608458,1.5624106,5.8265285,3.9328187,69700
10.060302,0.38929877,1.2453054,6.849171,3.5105724,91999
0.83303905,0.05740314,0.83494955,8.680213,3.2114403,220000
9.587251,-0.6434733,2.4558923,6.891296,4.3543124,205000
10.630228,0.64428186,1.5140812,8.246561,3.6017516,290000
9.37954,0.13969606,1.14043,6.318707,2.8687015,82000
9.293692,-0.10297786,1.8245825,7.634966,3.3674593,125000
9.287469,0.34527913,0.9399608,6.183685,2.9948015,70000
8.92163,0.6899533,2.473384,5.7940264,4.0672426,220000
9.994412,-0.49156967,1.9607375,5.901702,3.8629673,39000
1.9829648,0.93280363,1.2317171,7.1531105,3.5419986,446585
2.0104766,0.9426546,1.2196282,7.158911,3.548481,508490
0.8130105,-0.22269544,0.59420806,4.9439483,3.2075114,91400
0.25838372,-0.32228002,1.2873074,5.1863847,3.1812177,86500
0.86876607,-0.20663758,0.57473314,4.9935055,3.301714,129900
2.825176,1.4481083,0.11173838,5.864493,2.5219057,216200
0.6939148,-0.3518507,0.933499,5.307086,3.8615563,104900
-0.12194111,-0.78155273,0.84439373,4.2754107,1.8193213,65000
0.20609714,-0.11370096,0.8148027,8.121759,2.2157443,138000
0.85715926,-0.26472425,0.92869747,8.20523,3.5670893,175300
1.3540964,0.7907852,1.547666,7.1337843,3.095672,115900
0.72133523,-0.39298078,0.8377074,5.1459994,3.9878526,110000
-0.04416798,-0.67558885,0.7460798,4.331245,1.9009404,71000
8.898929,0.7727662,2.5318658,5.760469,3.9085114,118000
9.76619,-0.20965864,1.9381276,6.289696,3.2711046,100000
9.908496,0.37344497,1.3237784,6.742342,3.6372921,150000
8.848731,0.6382843,1.3208941,6.15198,3.2909024,70000
1.0663232,0.18623601,0.62720585,7.774636,3.5934155,200000
10.101319,0.40459138,1.6178294,6.6156664,3.6691294,40500
0.6155659,-0.19297364,0.08721975,8.71435,3.6074502,134990
-0.5908251,0.27111906,0.13662104,9.0852375,1.438176,117990
0.86021435,-0.013119001,1.0099765,8.303229,3.731387,103000
8.756775,0.45954624,1.7719349,6.926976,3.462926,199000
0.8275789,-0.22836152,0.6008025,4.976805,3.255186,119900
0.55371314,-0.29744744,1.2673643,5.4382906,3.6395624,120500
0.7367444,-0.13516288,0.9919216,8.0394535,3.3657615,165000
0.8960163,-0.1458901,0.5873131,8.199955,3.4738817,185000
-0.10740216,0.38326773,1.264288,8.177509,1.9821002,110000
0.47955236,0.5310535,4.2115464,6.741427,3.0037737,105500
0.5373117,-0.29078078,1.2562658,5.4229608,3.6571593,127000
0.07747397,-0.03519265,1.4079479,4.8507276,3.1722074,79500
0.016386528,0.09333576,1.4117668,4.935157,3.1186953,114000
0.15770073,0.026083877,1.4165256,5.1261,3.2294223,98700
9.593812,0.28544647,1.8381256,6.863141,3.2743666,131999
9.553136,-0.45545715,2.1475933,6.5366015,4.434802,149000
1.1418507,0.29114205,4.342044,7.3958097,3.8989992,124000
0.20951948,0.21250412,1.1654966,7.7381907,1.2028382,60800
1.5008599,0.89089835,1.5167454,7.1451216,2.592947,95000
0.651588,-0.21338034,0.9120502,7.790404,2.9055035,115000
8.9901085,0.7628806,2.388705,5.8528447,3.6196556,122210
0.002082723,0.30771953,1.3123623,8.213876,1.8265948,114900
1.833863,1.1501567,0.85337365,6.633191,2.3817358,249500
10.201793,0.5614554,1.7426507,5.975759,3.070519,74900
0.99563485,0.40018466,3.2697437,7.0027122,2.9345393,136730
8.358759,0.6541074,1.3685318,6.8462973,3.732062,269000
2.0335202,0.31691653,0.9556499,6.7659783,2.9580317,245000
1.987483,0.29829696,0.89494175,6.7138224,2.951613,245000
1.9335768,0.28004608,0.9196631,6.745584,3.0062852,245000
2.1287498,1.045543,1.6114793,6.9321632,2.513709,210000
2.203081,0.9845015,1.6146948,6.924053,2.4789975,174000
0.6574183,-0.18159911,0.9084349,7.8390756,2.9412944,120000
-0.048481934,-0.041788466,0.38629797,8.324915,1.2829967,64000
8.514637,0.6428949,1.6521736,6.8620996,3.7463782,315000
-0.33466473,0.043479018,0.4345097,8.734674,1.7275493,119000
1.7383648,0.8590862,1.4697802,7.1543155,3.3545258,650000
-0.23351513,0.010767729,0.2222653,8.735778,1.7679842,97000
9.527849,0.528435,1.2192414,6.5327344,3.570793,120000
2.1478114,1.0774995,1.6055748,6.975942,2.5752442,175000
1.0640962,0.32901222,4.2881994,7.329584,3.7760968,115702
10.290645,0.3156886,1.264958,6.5932994,2.984374,105000
2.3061655,0.08945912,2.539638,7.538856,3.3798382,256520
1.1500341,0.27121702,2.869383,7.164862,2.8685532,200860
0.65991956,-0.23646101,1.0170826,7.944737,2.9974737,85000
10.566458,0.62850314,1.5739635,8.115957,3.5164363,310000
10.537615,0.5647834,1.4280146,8.03458,3.6208873,200000
8.569174,0.7544239,1.0418655,6.2910295,3.4922798,150000
2.299479,0.5551206,1.4798476,7.2700243,3.842649,630000
-0.3119253,0.12833624,0.8790327,8.079766,2.1284442,245000
8.898134,0.7342495,2.4977727,5.8277144,4.0052943,160900
1.1443542,0.2747019,2.885831,7.160669,2.8757098,208120
7.8885384,0.21633187,1.867534,6.901446,3.0961938,400000
7.8822746,0.20852341,1.8635358,6.8952684,3.0825734,400000
8.981805,0.7521517,1.8537046,5.940152,3.6182508,135000
9.006093,0.3790357,0.97064877,6.295439,3.4800293,78000
1.9924636,1.1107863,0.1855915,6.279741,2.2711203,77000
-0.15687546,0.72095567,1.0179509,4.175653,3.5061433,123900
10.327571,0.32058302,1.683571,6.5187225,2.9105515,188900
0.7619902,0.0012423234,0.27541888,8.404921,3.4932985,214000
10.352114,0.22899587,1.0021365,6.5421724,2.7796035,113000
9.972584,-0.1983437,1.979712,6.0423746,3.0872772,69999
0.76579094,-0.25959077,0.9344678,8.332741,3.5216055,123000
1.1574495,-0.40145698,0.83410037,6.959317,2.7753534,75000
1.9306322,1.0867348,0.37903467,6.3846593,2.3536272,150000
0.8890159,0.003877662,0.96508604,5.5162306,4.4243298,177000
1.829366,1.150578,0.8377396,6.6218905,2.3633933,249500
0.8388165,-0.14488134,0.9946336,8.319788,3.6344368,159000
9.746763,-0.41989166,2.3978677,6.742067,4.394047,78000
1.0571876,0.32430494,2.7733006,7.127332,2.7651627,154880
8.066317,1.119216,1.5734303,6.7728825,3.9348276,130000
8.690267,0.78065944,1.3253913,6.312244,3.542814,137000
0.9890766,0.3678596,2.4784133,7.1322603,2.6222954,134310
0.25023022,-0.6075291,1.4034826,4.8550224,3.1846042,106000
0.15476361,-0.46513647,1.3737469,4.9333715,3.0278945,89900
-0.36069113,0.508861,1.8264798,4.768628,3.5132928,65000
0.7132386,-0.16359827,0.8527884,7.6819377,2.9971964,233000
-0.24983715,0.0543793,0.26938602,8.740952,1.7655398,113000
8.985782,0.18670096,2.0564258,7.0738225,3.580862,274700
10.131018,0.3797454,1.4557731,7.965178,3.5799096,241900
-0.26504228,0.038989104,0.19841135,8.781665,1.7223493,112990
0.9296051,0.4230578,3.3131099,6.938801,2.8871992,110110
9.316255,0.08505125,1.937497,5.7915215,3.4430554,69000
9.241348,-0.048372425,1.7910367,5.611178,4.002717,63000
9.252058,0.011089218,1.8395096,5.6855783,4.1249905,96000
-0.07229915,-0.7133659,0.7321218,4.2744007,1.8018137,73000
9.421594,0.12939455,2.306502,7.188352,3.4922135,108700
8.691424,0.19945358,1.3809556,6.350435,2.8992486,199000
2.052634,1.0191303,1.2297747,7.05495,3.486163,144900
4.190469,2.22328,1.4694905,6.9509506,4.3308964,145000
9.490618,0.10829633,1.3651897,7.8794856,3.5626576,179400
0.74700165,-0.4181521,0.15797809,8.433104,3.6817946,138000
1.8643463,0.8678752,0.63094467,6.6734567,2.723461,300000
2.1565673,0.69110435,1.2990901,7.2249913,3.549312,399000
9.026664,0.7397897,1.8550833,5.984173,3.5252209,140000
0.5933298,-0.030301709,0.6884213,8.564619,3.113476,159500
10.578606,0.3868388,1.2244555,6.7168493,2.99919,90500
9.659334,0.18219306,1.4566453,7.7986813,3.5110543,139000
8.800719,0.7813613,1.4718264,6.2468762,3.5326288,130000
0.756155,-0.19944134,0.6628338,7.785951,3.7490377,175000
-0.0826824,-0.72791165,0.7557148,4.272318,1.8062507,68500
2.224623,0.11684881,1.5160888,7.016799,3.2770824,254800
10.075372,-0.55118936,1.9521506,5.823747,3.8598893,67000
-0.40904054,0.9232807,1.0844386,3.9873385,3.284623,89850
-0.4561929,1.0594759,1.1495743,4.0141788,3.1089528,98000
0.94158345,0.42489043,2.0507317,7.0975547,2.5398521,94000
9.192893,0.052243244,1.6872631,5.680294,3.9607756,69700
-0.4756062,1.0752145,1.1808184,4.0292463,3.093236,106200
-0.37800482,0.903778,1.1144059,4.0279255,3.252479,89842
9.227319,0.024344388,1.7388043,5.6613803,3.955258,69210
9.228037,0.036536857,1.7314478,5.6646867,3.942546,69395
0.9458454,0.3622553,3.462865,6.973381,2.9762216,94600
1.1577924,0.21114391,1.1510015,7.964801,3.5114772,284000
2.0775082,1.0981252,1.5836242,6.9272604,2.5735748,226900
8.665249,0.62212723,1.5318633,6.1404033,3.363676,103000
-0.20548329,0.22570862,0.9871766,7.9905095,2.127172,189500
1.05689,0.1981963,0.8132745,7.88214,3.5761428,235000
2.1058946,1.0823847,0.37123626,6.095247,2.1220107,117550
0.81610376,-0.22233097,0.59046423,4.9415483,3.2014332,88400
0.5435617,-0.3149605,1.2246456,5.4398484,3.6147475,132800
1.5027388,0.8564554,0.078733206,4.9052324,2.600421,66500
2.778699,1.4539043,0.054888956,5.802015,2.4424448,141600
0.26521635,-0.2141599,1.2171025,5.276582,3.149282,115571
0.8332406,-0.19668825,0.8665227,5.779306,3.1118057,181380
0.49610063,0.2453704,4.4550266,6.0593166,3.0208595,74312
9.788856,0.13575102,2.4629633,7.1057434,4.001352,123000
0.63279015,-0.26000276,0.12640174,8.639756,3.6240394,136000
8.513017,0.60173976,1.398103,6.9294734,3.7009084,83000
1.4904083,0.22355193,4.33519,7.455222,3.9935372,269000
10.549996,0.5968497,1.5198735,6.3675365,2.9945652,53000
2.0429976,0.88130724,1.2682027,6.8444967,2.6118243,170000
-0.25238985,0.116971426,0.6223066,8.547561,1.7456424,119000
0.82989806,-0.22850154,0.6005159,4.9755282,3.265264,120900
1.9672916,1.1511343,0.3983522,6.2209167,2.2714489,157300
2.1711705,0.9943055,1.620587,6.9228497,2.4734497,255000
10.102566,0.0968569,1.2262961,6.376549,2.6488414,82000
10.287879,0.40478128,1.6782376,6.4620543,3.0736032,125000
8.092024,0.52275664,1.5864984,7.269133,3.8304095,800000
8.142916,0.4824781,1.6346216,7.2522416,3.7891245,595000
8.551548,0.5664906,1.7543435,6.9087906,3.7372053,470000
9.116697,0.3162439,2.0860739,7.2440805,3.5392087,205000
9.976816,0.4432173,1.2552668,6.769463,3.5512497,179990
10.553165,0.3650488,1.432821,6.760993,3.0372329,125000
10.742152,0.663631,1.351839,6.7857847,3.2921286,69500
10.09033,0.25984278,1.7111753,5.973478,2.7741466,81490
8.39336,0.65659845,1.3553163,6.844217,3.7433686,302500
10.606548,0.64613754,1.5253946,8.09657,3.5939107,180000
10.679398,0.59300774,1.4289507,7.048302,3.4005435,94999
8.264472,0.18415366,1.6909461,6.7695265,3.0548873,239900
7.9942083,0.18684094,1.8209212,6.911589,3.1089897,499000
7.879745,0.3942503,1.9807488,6.560697,2.9648278,295000
10.696495,0.6903207,1.5079025,8.26171,3.620851,210000
9.77675,0.18707974,1.9619726,6.681376,3.6548088,91000
2.2153425,0.83069813,1.3024757,7.2514405,3.6807673,399000
2.3608906,0.80434036,1.3444383,7.2480183,3.727589,620000
2.3150842,0.7597636,1.3483016,7.2643995,3.7578063,650000
1.9591943,1.3271177,1.345189,6.8905163,2.9917796,340000
2.134757,1.0679276,-0.0045182295,6.1064525,2.22999,63000
9.378982,0.3001697,1.3689821,7.8060107,3.727141,179990
2.269687,1.0297184,1.328135,7.090369,3.43239,229000
9.348489,-0.25755063,1.8854184,6.244264,3.9384968,136000
-0.51447403,0.8630733,1.4644877,4.249477,3.3062549,115500
1.8323162,0.8122049,1.2240472,7.2345333,3.5731118,150000
1.1259449,0.21995366,0.85654014,7.823951,3.5775902,257000
2.4456751,0.49445856,1.5628577,7.3889804,3.935865,660000
2.4491484,0.49347836,1.5625408,7.388424,3.937693,660000
2.051788,1.161458,1.5725721,6.9244,2.609546,150000
0.65274775,-0.08507265,0.8528681,7.6468577,2.6256387,144900
0.24004656,0.17892666,1.1658086,7.764006,1.265307,35900
0.78960496,-0.1877505,0.6182654,4.916433,3.0964804,77400
0.8222683,-0.21558186,0.58949274,4.9491534,3.1987288,90400
1.5295875,0.84808725,0.09437895,4.966625,2.5853295,109900
0.26778355,-0.3539806,1.2681068,5.187674,3.207137,91500
0.28056315,-0.32888985,1.2609026,5.2326856,3.2273703,91800
1.4799697,0.8555846,0.06515956,4.878269,2.6110256,88900
2.6310701,1.428214,-0.009582506,5.741291,2.3112102,111400
0.9360374,-0.10961541,0.8636924,6.028177,3.1114228,237160
0.3163362,-0.37829494,1.448501,5.132389,3.2487383,110000
9.97956,0.1714807,1.9730844,6.3369575,2.8685555,115000
9.801681,0.16656965,2.3550036,7.058266,3.961191,141000
9.357897,0.056130297,2.1924772,7.286343,3.5474303,155000
-0.06776165,0.19590506,0.74192315,7.8857255,1.0947692,65000
-0.23716143,-0.09159204,0.13083251,8.730953,1.5620341,85000
10.493271,0.32145414,0.85953224,6.725572,3.0104456,92000
10.500148,0.31617808,0.83663666,6.7238975,2.9966576,92000
-0.29442033,-0.11403117,0.08706804,8.743368,1.4207382,100000
-0.061916463,-0.026104495,0.37638602,8.362967,1.2781178,69000
9.539671,0.19995941,1.3748484,7.7828293,3.6171517,130000
10.132116,0.41834444,1.720219,6.648609,3.708846,46500
9.471815,0.14218923,1.9010382,5.7294807,3.6115575,57500
8.4220495,0.5913756,1.3301003,6.931931,3.7742302,258000
10.307516,0.4871296,1.4899554,7.8678865,3.563171,215000
9.31038,0.11350621,2.1902473,7.25509,3.2658067,130000
10.314529,0.2057116,1.601759,6.415615,2.9410079,145000
0.09868388,-0.038476568,1.3242977,4.6723385,3.1875634,125000
8.106991,0.5234733,1.5768569,7.25855,3.831739,485000
8.6853695,0.41890663,1.6486392,6.8338323,3.8158827,186000
1.1129271,0.19060917,4.7100415,7.5416203,4.3586435,114500
8.905371,0.6503074,1.6220397,6.0211115,3.4809928,220000
1.1128182,0.19483675,4.7084966,7.5444245,4.3561735,119800
0.40038422,0.31126696,4.4652987,5.9582443,2.9860148,91800
1.1649488,0.18085134,4.6868343,7.5092854,4.296041,140900
0.40301606,0.3110571,4.4671693,5.9652534,2.987549,96000
8.9236765,0.69619393,2.4667597,5.7882915,4.063792,117724
0.39194575,0.3193161,4.434785,5.9197116,2.955643,88000
0.2313252,0.5117169,4.109531,6.121682,3.0752769,88700
0.2290443,0.51483023,4.1066813,6.1226487,3.0748646,70500
1.4374305,0.070885435,4.9622917,7.4228983,4.2174644,153719
0.5450457,0.44138744,3.5039647,6.055031,2.973962,65130
1.0903245,0.23217443,4.665902,7.5604672,4.348036,122800
-0.063341364,-0.027659265,0.3651515,8.374492,1.2743827,70000
0.5755455,0.45130566,3.4485312,6.059667,2.9687326,110857
0.3833823,0.33575135,4.376246,5.898886,2.938013,78581
1.1172352,0.18661538,4.7112427,7.543044,4.3601947,125444
1.1225853,0.1834928,4.7139645,7.5393467,4.3568172,117081
0.38399237,0.34997892,4.3381944,5.9101458,2.9475555,89809
0.9847644,0.35699344,3.6412473,7.0807886,3.1373532,86128
1.0428343,0.34445858,3.6591396,7.1331577,3.2108755,136010
1.0119317,0.3295561,2.874088,7.0838795,2.7663903,82500
0.39287126,0.31832594,4.4388623,5.922132,2.9552152,106480
1.0783795,0.347255,3.3029823,7.1122046,3.0498178,119000
9.53428,0.19093706,1.3624696,7.802414,3.6223242,125000
1.1232336,0.3410475,3.212597,7.158928,3.0474615,124000
0.91879785,0.38358665,3.4042864,6.9180627,2.9021137,61400
0.87454545,0.39859536,3.488242,6.9070735,2.9355268,68100
0.93120456,0.36541662,3.498202,6.96261,2.980817,94600
1.0773332,0.34907883,3.3263495,7.1211734,3.0618303,130300
0.22670698,0.51445925,4.108154,6.110686,3.0706675,85305
0.23143539,0.5088034,4.1187057,6.116266,3.0753677,107327
1.0200645,0.35074908,3.6373634,7.119659,3.1777666,123622
0.9384219,0.3503978,3.458217,6.973687,2.9655328,77313
0.9759987,0.35488752,3.5862029,7.0471034,3.091902,96770
1.0026547,0.35175532,3.6665313,7.1017084,3.1727972,108172
1.0293955,0.35214671,3.6479344,7.140655,3.1896021,110026
1.0116924,0.34849128,3.6364877,7.1040435,3.164353,102740
1.0215226,0.34676272,3.6311224,7.111678,3.1696553,96740
1.0083725,0.35147747,3.6533823,7.107315,3.1711955,102172
1.0491393,0.3426009,3.6671054,7.143231,3.2198856,129118
0.81019664,-0.22307573,4.821343,5.975595,3.4597936,78616
0.80744755,-0.22906989,4.8511786,5.970429,3.4674919,76264
1.4729692,0.04839006,5.0379996,7.41706,4.2312446,122815
0.23207034,0.5088577,4.1132874,6.117247,3.075954,77000
0.54607266,0.44310406,3.5003426,6.0562325,2.9728544,89243
0.9494754,0.3517368,3.5245206,6.984579,3.001216,104600
1.106389,0.34812546,3.3022628,7.139443,3.079024,140300
0.9363763,0.3631921,3.4897876,6.965701,2.9805973,88400
0.8881823,-0.2164264,1.1308453,8.279831,3.5314472,126000
0.57309985,0.20093444,4.3827314,6.1474113,3.042269,121700
0.37930053,0.33467817,4.398338,5.8925495,2.939421,94200
1.03559,0.4749214,2.1565254,7.1854944,2.4598563,80900
0.56133986,0.43752128,3.4941535,6.0408745,2.9765544,101900
0.42074665,0.29506367,4.4397254,5.929508,2.9490612,105990
0.37983397,0.3246068,4.409784,5.8781114,2.928341,107000
0.95922947,0.4759356,2.0846968,7.156083,2.526211,115900
0.9096451,0.431133,1.9417717,6.9185295,2.5054252,121000
0.9773038,0.45178184,2.1460307,7.0742826,2.5528927,124900
0.38601032,0.31511724,4.397676,5.8748646,2.907818,127000
2.293954,1.0892124,-0.060344983,5.910682,2.2645385,77000
0.0052678552,0.2933038,1.2292919,8.170028,2.0701535,159900
1.0840131,0.09204029,1.0121185,8.211003,3.7575,147900
0.9299504,0.3599491,3.4774313,6.9612613,2.9643319,98400
0.91728526,0.36881697,3.5278616,6.9573126,2.9835744,97800
1.0964043,0.34914243,3.3024244,7.1397,3.0697904,138400
10.2141285,0.5088639,1.7987729,5.945112,2.9972265,35000
8.658793,0.54331017,1.4339014,6.6444,3.7435296,399000
1.5708773,1.1443485,1.4474431,6.9031744,2.7148998,210000
8.751372,0.6929683,1.1463562,6.2531104,3.3989685,179000
7.8798394,0.40608516,1.9881983,6.592609,3.0108526,431000
9.657845,-0.50801307,2.25181,6.4349217,4.3915353,125000
0.8060964,-0.194503,4.813932,5.999563,3.4438257,103306
2.2959354,0.07655371,2.6068897,7.5578957,3.3731387,152000
1.1065208,0.27946353,2.9613802,7.131613,2.85213,124000
2.1063879,1.5398467,1.33827,6.794182,3.097957,215000
10.010101,0.2189459,1.8050352,6.1909213,2.7129736,95000
1.9842856,1.2080268,0.32854548,6.1722555,2.2948496,150040
2.0642989,1.1238253,0.3691895,6.120697,2.1676097,113800
0.26766086,-0.33132303,1.2880601,5.1927137,3.1979992,86500
0.53281176,-0.3227662,1.2519197,5.426521,3.6098988,130000
0.8035242,-0.22182275,0.5999153,4.936365,3.1753356,83400
2.7494724,1.4464154,0.046071682,5.7928715,2.4239526,140100
0.964049,-0.084393874,0.87098455,6.110672,3.1042638,236800
0.36657694,-0.44995338,1.4970732,5.148554,3.2715032,99000
1.8127706,1.1257876,0.5161964,6.3372264,2.5109212,101000
0.7685564,-0.09203027,0.81207067,8.545533,3.6444688,200000
-0.63636005,0.18599598,0.7651784,7.7483196,1.8446586,73000
0.63220197,-0.032171343,0.673008,8.653589,3.1871386,149000
0.8135683,0.0035317773,1.1413512,5.5996037,4.25567,108500
9.123317,0.12575758,1.937775,7.305327,3.6397188,229000
10.176309,0.17792347,1.7966322,6.385029,2.7833545,119999
0.41085988,-0.163802,0.88966686,7.7241993,2.3937893,99000
2.1243937,1.0395702,1.6154213,6.9464507,2.5367885,229000
9.521098,-0.34616926,2.0035875,6.335566,3.7733903,147000
0.00972472,0.20529656,1.8463492,4.9551587,3.5097852,116900
9.192536,0.06874259,1.9998739,6.1729207,4.202265,198000
2.663954,0.39174312,1.7963426,7.2159224,3.0147705,345000
-0.07500925,0.3989598,1.3211901,8.093242,2.0194163,115000
1.1276835,-0.3790119,0.83765036,6.9884543,2.768255,135000
8.675212,0.27941316,0.9762466,6.412152,3.5343194,107000
9.296933,-0.009832156,1.8123847,5.5748463,4.0739884,117500
0.7321154,-0.11415549,0.27600738,8.477172,3.4872432,137000
-0.29715452,-0.12267661,0.08220477,8.723996,1.3829851,95000
-0.36158442,0.108876176,0.59347117,7.6515093,1.9254938,77000
-0.034064457,0.06633509,1.134401,8.1673765,2.1083012,118900
8.913437,0.6373937,1.2801495,6.117749,3.3061302,48500
1.894953,1.1370405,1.539264,6.9197774,2.595693,85000
9.5204525,0.104780324,1.3385596,7.930869,3.572005,107000
1.0051786,0.36499515,2.0125568,7.105914,2.6932945,180000
1.046228,0.041843127,0.92249215,8.045831,3.585914,155000
9.060966,0.61096025,1.8423673,6.146662,3.5359626,160000
8.371621,0.5024837,1.978803,6.567443,3.2334297,235000
0.5355854,-0.42122412,0.85595834,4.896335,3.1171365,145000
1.1335427,0.19443692,4.6924753,7.528291,4.3263664,159000
0.72602177,-0.4412458,0.040930785,8.463747,3.6957278,125000
0.38455772,-0.24766503,1.4214853,5.2875247,3.188114,179000
0.50597996,-0.24680538,0.7479839,7.651932,2.600748,123000
0.5387892,-0.2300839,0.7385472,7.5884647,2.582745,109500
10.293727,0.32502177,1.2455175,6.638223,3.0326943,114000
8.760511,0.31842873,0.87372833,6.2790985,3.3642888,75600
2.0323129,1.1265309,0.1505944,6.207233,2.2619646,108550
0.53244406,-0.31628755,1.2554886,5.429297,3.6091573,132800
1.5002127,0.8426777,0.07049677,4.898127,2.6321476,98900
0.9265035,-0.11901974,0.8590281,6.0266275,3.111058,231880
8.621908,0.3456834,1.6291852,6.9549093,3.6608963,138000
0.36953634,-0.39930412,1.4877762,5.187189,3.2705789,105000
-0.5440459,0.16840753,0.71296984,7.569343,1.8767164,95000
0.23305953,-0.25521174,0.34247336,7.7729897,3.5071096,123000
-0.51561505,0.21599013,0.7883344,7.6002054,1.8951156,120000
0.8796497,-0.23847242,0.71483743,8.128746,3.6537528,129500
-0.5497663,-0.18396537,0.6117944,7.8550577,2.23035,75000
9.733088,-0.37912366,2.3869755,6.7396035,4.3723707,131500
0.15846081,0.18365395,1.1198384,7.731657,1.1782024,80000
0.15928379,0.18578722,1.1180127,7.729226,1.1675208,80000
-0.0541272,0.18196097,0.7232324,7.9018226,1.1024001,65000
2.1433504,1.0637854,1.5924387,6.9312663,2.5622046,215000
9.428083,-0.27334344,1.9414845,6.7015142,3.8925333,168499
10.532509,0.53520596,1.3507472,7.097993,3.5158617,67067
10.640517,0.66196597,1.5129579,8.088041,3.5992718,190000
8.651416,0.2184442,1.3369046,6.3995466,2.9319239,215000
0.69935584,-0.280658,1.0488478,5.3587413,3.8956509,120000
0.74503976,-0.15495235,1.1069325,5.4850287,4.0692816,108500
9.193172,0.17144358,2.039298,6.1659994,4.186022,159000
-0.2783269,0.49539608,1.7516071,4.7927485,3.5314076,103600
-0.0546167,-0.9288017,1.132025,4.3610387,2.1671143,71600
-0.44855815,1.056185,1.1661786,4.033369,3.1044252,95000
2.094425,1.140477,0.34974116,6.079691,2.156326,106550
0.2893054,-0.33448085,1.260782,5.2165956,3.2227404,78800
10.657579,0.57180744,1.3986694,7.069804,3.3853219,120000
8.751321,0.53745174,1.7862312,6.9542904,3.5568244,169000
-0.21455114,0.33420485,0.9460511,8.253647,1.7381859,89900
-0.82609767,0.03885746,0.6256766,7.7948265,1.9483225,67000
9.289449,0.16549933,2.1867898,7.2012296,3.5042439,160000
0.18236189,0.123547144,1.1766286,7.8150167,1.3213605,55500
9.232867,0.22821963,2.0549593,7.3270774,3.4929974,145000
9.114192,0.19118567,1.9721141,7.3213353,3.655651,296900
9.263624,0.23303498,2.0331552,7.1565256,3.351972,110000
10.373326,0.3113951,1.6063029,6.498389,3.0296159,130000
4.5992136,2.2413788,1.4595386,6.968198,4.416435,159000
8.810418,0.7571584,0.9226243,6.104086,3.384378,70000
-0.007975312,0.3551064,1.2174034,8.169057,2.0477233,165000
10.627377,0.6651068,1.5700119,8.140814,3.548441,490000
0.41792706,-0.36333698,1.543365,5.2958612,3.2416337,126500
-0.53475165,0.2329895,0.82242364,7.7069607,1.8225404,61499
2.0032992,0.6085064,1.7633559,7.13255,3.0415783,285000
8.790956,0.7591613,1.4164495,6.31874,3.509012,140000
8.514874,0.7423193,0.98059577,6.3581514,3.5288057,180000
8.097289,0.51624465,1.5947001,7.264424,3.8247783,650000
-0.5366696,0.84895134,1.5161401,4.292048,3.2736564,107164
10.018138,0.089385025,1.8162475,6.3126044,2.8735821,119990
9.4041605,-0.27798343,1.9249649,6.08961,3.9363778,100000
10.658438,0.67061687,1.5218099,8.162192,3.6086748,280000
2.2219632,1.3285823,0.16165064,5.8460383,2.2202916,81000
2.396184,1.0432439,-0.17655216,5.8615475,2.2760923,81000
2.1548018,1.316504,0.18463923,5.925137,2.2671385,63000
8.111243,0.512704,1.6003212,7.2421904,3.810577,1028849
0.8477787,0.009449374,0.97238344,8.517311,3.6749647,163990
0.8006702,-0.031943414,0.87316006,5.2873826,4.5463142,93900
-0.15122505,0.36430198,1.0049527,8.327212,1.8282053,120000
9.762313,-0.24191242,1.7920254,6.167301,3.6412957,95000
0.92257714,-0.02169682,0.8400665,5.3929243,4.5548644,135521
-0.30247343,0.45174116,1.8094062,4.8471417,3.5023053,135000
-0.30352038,0.45117095,1.8078401,4.8484755,3.497884,134000
2.2656028,0.5808325,1.4374934,7.421303,3.9229426,685000
10.369668,0.48398256,1.4680928,8.015551,3.5814514,249900
2.23092,0.5910161,1.4315842,7.408398,3.9050364,685000
10.502534,0.2809843,1.0947675,6.575315,2.8636878,96900
0.8777618,-0.076160215,1.0530573,5.550509,4.4628057,132800
1.4855634,0.061721943,0.9615166,8.06475,3.8519895,445000
-0.29210272,0.44647798,1.8113024,4.855377,3.514394,129000
2.1357524,1.327896,1.2666663,6.8828325,2.917357,144500
-0.29551882,0.43529353,1.801977,4.872562,3.4999611,127000
0.84573907,0.019561512,1.0186635,8.321803,3.7011237,158000
-0.27993,0.43756744,1.8078426,4.8638034,3.5178874,123000
-0.3527132,-0.1193983,0.07130481,8.757254,1.3213364,84499
1.8433979,1.1246175,0.85342294,6.619989,2.3715568,249000
-0.5653506,0.1476619,0.68253326,7.5590887,1.8771023,72500
0.81074506,0.34859478,1.6614542,7.777327,2.483302,172900
0.8148783,-0.0144492835,1.1450802,5.5951586,4.2576227,125500
-0.5637585,0.1428317,0.69113994,7.581337,1.9031084,94000
1.1465099,-0.35844377,0.8604324,6.964561,2.7874303,140000
2.0412989,0.7658776,0.7300301,6.4209757,2.007056,158000
8.367483,0.66122407,1.3446449,6.8602996,3.748195,295000
-0.038303718,-0.67848396,0.7334687,4.3108068,1.7587711,69900
1.8398622,0.5840603,1.4834503,7.3941984,3.7792492,307000
1.8958606,0.6305132,1.9500182,7.1358957,2.7739434,167000
-0.43218002,1.0228094,1.2349192,4.1403375,3.1143816,94000
-0.54511195,0.86292064,1.498683,4.2638125,3.2847888,98900
-0.5217461,0.033500005,0.57082194,7.6828413,2.0573852,94000
1.0907226,-0.19674313,1.107382,5.763801,4.6126213,158462
1.7192833,0.040767092,1.2606062,6.6544065,3.4983695,182700
-0.4277843,0.6681281,1.6169224,4.8121996,2.8898058,111450
0.8258512,-0.06390504,0.95094,5.3843327,4.5012364,180000
8.913986,0.7592861,1.4960492,6.2092633,3.5051954,40000
-0.15046209,0.011034625,0.6026793,8.51629,1.9810408,73000
10.314298,0.30719218,1.7863156,5.669289,3.103982,64000
-0.33161166,0.8520864,1.0871074,4.0451417,3.2830813,75600
1.4627701,0.57921076,1.3498496,7.286713,3.499103,103000
-0.19624035,0.81420326,0.992302,4.0874176,3.124655,95000
0.25536793,-0.60475826,1.4019384,4.866053,3.1858175,106000
1.0586336,-0.18918116,1.0960475,5.7208767,4.6235547,154900
0.7603761,0.020862164,1.2389656,5.6168904,4.1503153,153000
-0.36171356,-0.11482654,0.064160265,8.766876,1.3142612,105000
0.5898732,-0.3687651,0.772683,4.8769994,3.1288056,98700
2.8236966,1.4490324,0.09285065,5.850367,2.5087192,194600
0.792321,-0.029952943,1.1721758,5.586954,4.2338147,120000
1.9036076,0.3826899,1.6268018,7.06524,3.8646593,164000
0.22149502,-0.32279095,1.3274438,5.161925,3.1255949,82800
0.56978524,0.50295395,1.6653357,6.2167134,2.5919988,97632
-0.109757654,0.04704341,1.2063432,8.21552,2.1044884,75000
0.38043827,0.32865277,4.4239907,5.904931,2.9422784,91500
0.8456643,-0.0016009811,1.1532838,5.6431017,4.2723794,155000
1.056743,-0.10842652,0.9246999,5.5420833,4.7684145,204100
2.1421916,1.3697431,1.307144,6.88963,2.9804747,144000
-0.47775176,1.0398563,1.197454,4.0452194,3.1276033,117793
-0.47150987,1.0462375,1.2055618,4.0649166,3.1060522,128500
0.15937985,0.23164414,1.8254994,5.146144,4.00127,136263
1.0914153,-0.19741447,1.1105952,5.7677183,4.610094,170000
1.1195208,-0.16321597,1.1043689,5.827856,4.4869237,147600
-0.24870569,0.9132132,1.2519833,4.4311495,3.0668573,112893
0.96344227,-0.007229171,0.84684426,5.470629,4.4628234,133700
1.0832342,-0.19610289,1.108148,5.7586193,4.6122165,156500
0.95519644,-0.13783133,1.0974654,5.6321125,4.5487995,160000
0.26351634,-0.16556418,0.07200026,8.174543,3.3535745,120000
1.112207,-0.1581973,1.1067472,5.8255367,4.4851327,149100
1.0464797,-0.1157763,0.940531,5.543228,4.755451,172000
8.527347,0.48104605,1.8773136,6.3067846,3.0223773,250000
-0.08802286,-0.74706143,0.7474813,4.2522492,1.7785883,69900
0.165854,0.2314438,1.8201628,5.149938,4.0203342,156566
-0.55938536,0.8576535,1.4915454,4.219344,3.3298829,69900
-0.61848223,0.7888299,1.6817156,4.6577024,2.813082,103500
0.13225654,-0.17880318,1.3595061,4.7325797,3.1884089,84579
0.69789946,-0.19623218,1.068329,5.3486648,4.0347085,121605
2.4275074,0.48532873,1.5611334,7.40073,3.942556,595000
1.0638708,-0.10361967,0.91738516,5.547471,4.763389,176900
1.1046182,-0.19716698,1.1107568,5.78403,4.6001744,157800
-0.6194762,0.7827639,1.6787153,4.6685944,2.8045876,118800
-0.6232239,0.79581106,1.6878959,4.5936246,2.925555,130000
0.8809815,-0.10706734,1.0738891,5.5518785,4.518665,157900
9.551813,0.21737607,1.3867661,7.775784,3.6364262,112000
1.087568,-0.19841188,1.112156,5.766448,4.6118793,156500
1.4880432,0.8563151,0.06742964,4.890917,2.6075375,83400
1.7965925,0.04875837,1.2956803,6.7044997,3.4804044,240050
1.0936867,-0.20381394,1.1161007,5.7740145,4.6165013,144450
0.9751192,0.0073669767,0.91327107,5.5725083,4.4827476,169900
-0.5141436,0.71243984,1.6405114,4.7364335,2.8751636,77900
0.3779713,-0.41780555,1.4877585,5.178274,3.282241,105000
10.069095,-0.044992134,1.2398765,6.2791924,2.4431393,117990
-0.02626593,-0.51590306,0.72362185,4.4431534,1.6803508,76400
1.0940064,-0.1861374,1.1058832,5.7770743,4.575913,185900
-0.41566873,0.9790603,1.1186333,4.0121408,3.1828516,83000
-0.06212102,-0.69594526,0.71077424,4.2846546,1.7995554,68600
-0.08257706,-0.75208056,0.7479661,4.24605,1.8001912,64070
10.036854,0.0527744,1.506098,6.3597245,2.7042804,92999
1.9236966,1.2071886,0.4189057,6.2407417,2.2888706,113975
1.5325142,0.849411,0.09653217,4.9730954,2.5827765,84900
2.8399816,1.4476942,0.113232814,5.871375,2.5314167,224300
0.84563506,-0.18490158,0.86194515,5.7986817,3.107746,180300
0.6272741,-0.23014139,1.3786896,5.5037746,3.6672988,160000
1.8038589,1.0986899,0.5398984,6.3545327,2.526991,112000
0.26667178,-0.32178175,1.2654959,5.2084517,3.2120779,105000
1.267281,0.23927876,4.4126434,7.51188,4.0695186,161729
1.1438253,0.22066097,4.6415234,7.502414,4.2940507,120419
0.3093308,0.49137464,3.9316332,6.0966816,3.0564556,64800
9.755134,-0.50304157,2.3631728,6.59055,4.4626837,118000
0.04434653,0.07892101,0.7302344,7.912515,1.3552854,69990
0.6061312,-0.21622129,0.77458435,7.810989,2.8643825,129990
10.347416,0.6640612,1.6897084,5.9321194,3.2376525,27500
-0.18482861,-0.028182874,0.45293543,8.622545,1.9307295,129990
0.6169355,-0.09136721,0.3651228,8.578857,3.383644,155000
-0.07395425,0.098676376,1.1367592,8.253028,2.085002,115000
10.5767355,0.5935157,1.5416684,6.4293633,2.9827821,45000
0.009113144,-0.016446332,0.8465426,8.242179,2.147882,90000
9.535889,0.18976891,1.4075848,7.7669735,3.6061862,137500
-0.27129117,-0.11165119,0.113741286,8.711048,1.4393215,82000
-0.03992181,0.16899721,1.4349711,4.944931,3.1097338,115000
0.8941972,-0.0588078,0.9825359,8.315506,3.757338,159000
1.1963289,0.66026694,1.6240518,7.005014,2.3186328,149990
10.62199,0.5939486,1.4892857,6.5593457,3.1016707,70000
1.4924566,0.85848194,0.06714071,4.896433,2.604017,90900
1.1277958,0.07257835,1.1946888,8.009517,3.4874113,249000
9.131742,0.3529692,0.85417503,6.1939235,3.1736157,73900
0.5730074,-0.059545517,0.11736613,8.427551,3.5116267,170000
1.936444,0.82054,0.75456107,6.3812647,2.0853868,110000
0.47596917,0.53239816,4.250243,6.7586017,3.0074916,103900
9.925614,-0.020530922,2.0016592,6.5271726,4.1764235,121500
0.46487433,0.53783387,4.1244583,6.6644893,2.9845278,73755
0.93578607,-0.14700717,4.11408,6.1530895,3.348647,125500
1.3190124,0.23654085,4.4120646,7.4183617,3.9239316,235208
0.6598111,-0.31231967,1.036415,5.42475,3.8088183,122000
0.092910245,0.039719354,1.4771028,4.8132586,3.262687,109000
10.577319,0.47338876,1.3647048,6.792219,3.209805,158000
10.607545,0.39991355,1.2732565,6.6959305,3.0355153,160000
2.4155533,0.43301234,1.494793,7.0979066,3.078104,450000
10.674889,0.58988696,1.416751,7.0357194,3.3977623,80000
1.3834989,1.1236055,1.5454627,6.9355817,2.8821864,285000
0.16633746,0.18741281,1.1274128,7.744395,1.1781925,78500
-0.16653389,-0.08658054,0.57684237,8.484518,2.072129,141000
0.6423112,-0.27695313,1.0667301,5.5547333,3.7503245,130000
9.394466,0.29927978,1.7325121,5.547146,3.7492442,31800
1.5098205,1.087369,1.3364077,6.672138,2.7662222,235000
10.147657,0.07777755,1.6963735,6.3138947,2.7035875,179000
-0.15301664,-1.0065765,1.1279479,4.1917605,1.913257,40250
0.6740565,-0.14666286,0.6912276,7.813627,3.7531435,149999
0.55163306,-0.34887606,0.111256465,8.319698,3.5898538,105000
2.164679,1.20899,1.4373068,6.923691,2.8795738,149999
-0.44971246,0.20900592,0.24929857,8.904858,1.5651928,105000
-0.3810156,0.13175838,0.40322077,8.757315,1.6258408,95000
0.67252207,-0.38888144,0.08489962,8.570605,3.7120268,144000
-0.21485177,0.29916504,1.0367435,8.196705,1.9684011,115000
-0.23204288,0.005199406,0.19841047,8.746754,1.7262263,123000
9.401615,0.3071221,1.3528423,7.7933245,3.7228084,165000
-0.5768254,0.26123038,0.15427421,9.072599,1.4469209,84000
-0.2783991,0.16815832,0.7462962,8.463478,1.9622812,145000
-0.23078321,0.0008833859,0.18591474,8.744672,1.7118274,114000
-0.46221256,0.28428116,0.8835954,7.7213073,1.9516771,125000
-0.43196458,0.19015698,0.35940498,8.821472,1.5782602,110000
0.7405516,-0.472857,0.055145442,8.456861,3.721651,90800
8.741395,0.46539313,1.0255495,6.496927,3.5685465,160000
2.0549734,0.789684,0.49388993,6.4168425,2.448734,185000
9.473918,0.09213849,1.329595,7.8881564,3.5329444,117000
-0.58256394,0.2665304,0.14283448,9.07457,1.4428433,105000
2.1408417,0.6779561,0.5925569,6.3918524,2.189544,122000
1.4576628,1.1165334,1.2526109,6.843906,2.6050396,205000
0.6420881,-0.1063069,0.67695296,7.8119473,3.8216076,132000
0.6750458,-0.36981067,0.12809235,8.499107,3.677855,125000
2.0138085,1.0363437,0.20785818,6.2605286,2.2425172,135000
1.3809427,0.9588646,1.5706993,6.9737477,2.5600164,155000
0.76852024,-0.32579538,0.390035,8.415468,3.6685207,134000
0.60350287,-0.18218344,0.07466948,8.745403,3.6085336,149000
1.816679,1.1671411,0.85047185,6.6421924,2.3410535,176000
0.78089064,0.6912609,1.7621047,6.9994454,2.745346,105000
10.486592,0.31043702,0.86233467,6.704221,2.973413,138000
9.541017,0.20061539,1.3800361,7.7899446,3.6192105,149000
2.0405526,0.9828815,0.29082045,6.2486763,2.2159445,139000
-0.4865934,0.22573103,0.22350061,8.947233,1.5207173,125000
2.0466676,0.8081806,0.78223556,6.4602923,2.0147321,250000
0.8278604,-0.07557539,1.0224556,8.288587,3.7255533,121000
9.524704,0.11014938,1.3280714,7.935829,3.5728924,124900
-0.30625954,0.1876836,0.75773317,8.437291,1.9400524,120000
1.870529,0.9098147,0.6064809,6.616492,2.6751006,304000
1.2146823,0.89768785,1.0072972,6.6968846,2.5281653,250000
8.799795,0.45698994,0.9957351,6.293962,3.3475447,137000
2.1130173,0.28888842,1.6914067,7.1622143,3.7501163,164950
10.692749,0.6865489,1.525257,8.249451,3.6040795,200000
9.183317,0.12513617,2.061622,7.1667647,3.6799455,263000
10.197642,-0.48893514,1.9548259,5.928068,3.9705977,57000
1.9258909,0.6318816,1.8693177,7.1172843,2.815567,169400
9.615082,-0.5111075,2.4410608,6.904595,4.277231,117000
1.4167303,1.1040324,1.3565367,6.8265343,2.6980553,229000
0.78584343,-0.32631835,0.43372768,8.40895,3.6613622,203500
0.923345,0.014357745,0.9277446,5.5291543,4.4514623,125900
8.883448,0.86513084,2.611414,5.6379337,3.865589,76859
1.9324408,0.6428758,1.8632641,7.11394,2.8079967,163350
1.7382975,0.7120593,1.248673,7.330316,3.5301979,300000
1.5281535,1.1348395,1.4337093,6.8986893,2.695298,199000
0.6048353,-0.13832255,0.087177485,8.70429,3.5362852,137000
1.7377815,0.7371271,1.247779,7.3116817,3.5260866,290000
-0.1364237,0.4279928,1.287866,8.068312,1.85841,107000
8.935604,0.091662996,1.9955354,6.6788464,4.0415416,150000
0.68619955,-0.3718457,0.91544276,5.263807,3.85501,134000
-0.3309222,0.5577459,1.7441226,4.8163776,3.3653276,155000
0.047018945,0.0953599,1.1568536,4.471344,3.1321352,100500
8.880391,0.8555416,2.605442,5.6620793,3.8838782,72632
9.249933,0.2223437,2.0549014,7.3282313,3.5095248,86500
0.9350005,0.33207244,2.2011485,7.1903586,2.534773,127500
0.7401833,-0.4808554,0.04618848,8.457203,3.728241,119500
9.193127,-0.0044211303,1.9933392,6.0686646,4.2148647,141000
0.8343045,-0.10977982,0.8470861,5.2671757,4.6202674,100500
-0.47334906,0.8970687,1.1949823,3.9854221,3.302953,83000
0.5429903,0.5529428,1.4637691,5.976559,2.6557534,75000
0.6304978,0.49333376,1.6959121,6.358099,2.5696652,61700
1.8797592,0.602005,1.2635894,7.407713,3.7811863,545000
2.277966,1.0449419,0.008995941,5.844077,2.4250164,115500
10.632527,0.65570134,1.5447552,8.215241,3.5853252,240000
0.6235436,-0.32975313,0.7478712,4.8923287,3.1180294,88500
1.9987311,0.5602043,1.8057615,7.1542344,3.0154083,308550
1.79581,1.0155522,1.5886203,7.0039363,2.5388787,179900
1.8263806,0.83421427,1.2712744,7.1609917,3.5607445,375200
2.1146657,1.5418693,1.3722107,6.824204,3.0241222,117153
2.1168902,1.4925594,1.3808981,6.8469763,3.0286973,137406
2.1101518,1.5166171,1.3830984,6.8324976,3.0028982,146308
-0.13625886,-0.9997525,1.1521156,4.232814,1.9817495,68500
0.12779438,0.08624514,1.3489255,4.6961117,3.176984,94999
1.9361415,0.6243722,1.8639005,7.1107364,2.8231788,157300
1.076222,-0.08229736,1.0311309,8.090447,3.5425255,189000
-0.27824685,0.17270218,0.7564326,8.449121,1.9523438,199000
8.217901,0.53008825,1.5549872,7.193118,3.828211,800000
2.1358426,0.60217214,1.7215204,7.2036266,3.279803,338800
2.0270195,1.3232021,1.1788102,6.856845,2.9184806,186092
2.0441284,0.9468467,1.1671597,7.109655,3.3558922,258869
1.0234636,0.51864845,2.1090486,7.32331,2.5378768,209000
2.2334197,0.6598582,1.5042906,7.1908464,3.1501477,550000
10.172021,-0.514961,1.9626297,5.905021,3.948376,86000
10.569907,0.5765276,1.3980168,7.9069214,3.6228514,160000
0.7260887,-0.21230023,0.7766066,7.7034516,2.9791806,169990
0.16345504,-0.4825674,1.3767506,4.9203963,3.0386624,89900
0.9147397,-0.16926609,1.0301416,8.133052,3.4897335,270000
9.382927,0.16048023,2.084931,7.2929873,3.653137,179000
10.593399,0.6210008,1.5008115,8.225769,3.604299,310000
2.102184,1.5066578,1.3597634,6.8298144,3.041816,235000
10.581414,0.5720109,1.4020067,7.6121225,3.547855,250000
10.685992,0.593608,1.4149795,7.0560164,3.4075696,80000
0.7950397,-0.2342681,0.62300044,8.135334,3.3695817,229900
0.2463471,-0.35116565,1.3285291,5.1536193,3.1373084,119000
0.85650104,-0.15856254,0.7401095,8.348661,3.4960775,184000
9.527758,0.11247224,1.3631449,7.9069366,3.5845814,169900
0.77728957,-0.06212121,0.9337039,8.358788,3.5808675,129999
2.0317132,0.5342756,1.8086284,7.151524,2.9986954,294000
9.372378,0.07608348,2.1439874,7.277844,3.3213649,142000
9.284502,0.106540486,2.2386117,7.2688046,3.2516289,139000
0.4970628,-0.27362686,1.2488433,5.4403806,3.6399763,119000
10.413756,0.5186494,1.4709287,7.9785647,3.5815496,460000
0.5834088,-0.3707904,0.773539,4.8720803,3.111466,98700
1.9434059,0.6192974,1.3228718,7.3593416,3.8172178,471000
10.077303,-0.10793088,1.9221543,6.3171554,4.0856204,52980
0.2584179,-0.36346903,1.3366414,5.1697326,3.1578822,103000
4.633791,2.2371016,1.4740682,6.944645,4.389107,195000
10.521966,0.5658451,1.4575264,8.146964,3.6069937,220000
0.66483694,-0.109223716,0.30180043,8.618656,3.527669,130000
1.1094546,0.23234877,0.8179405,7.857145,3.585962,249000
1.9934647,0.5721575,1.8398087,7.1205277,2.9168262,171820
0.25349393,-0.59666216,1.401014,4.865014,3.1860902,106000
1.0441858,-0.10695906,0.93877196,5.5482492,4.7349286,204300
0.27042967,-0.5907176,1.3960725,4.9074073,3.18235,91000
-0.3480197,-0.11708615,0.0736077,8.757096,1.330651,87999
0.2609253,-0.28312588,0.37194625,7.7656994,3.530131,115990
0.65107036,0.4330541,1.7003007,7.725853,2.3575168,194900
-0.21849985,0.10287587,0.8421006,7.651124,1.4051374,61500
0.896193,-0.11060941,1.0583549,5.546447,4.539422,173200
-0.21760711,-0.011193528,0.374379,8.661925,1.9056803,105000
2.3082685,0.72503495,1.3859477,7.2763944,3.78508,680000
-0.028037779,0.13188665,1.205249,8.190403,2.1158788,122000
3.1851733,0.1423933,1.910296,7.1436048,2.5563915,369050
8.532743,0.47936344,1.7178161,7.131142,3.7470708,480000
2.4426591,0.5076273,1.5541021,7.3854656,3.9380202,600000
1.9653143,0.6013689,1.8608681,7.123795,2.88455,199650
1.3147357,0.84709954,1.8534019,7.0257106,2.6195211,152000
2.2918305,0.79756397,1.5581024,6.9305916,2.5195603,248050
9.050793,0.2903636,1.1771295,6.156626,3.6431339,71000
4.6187882,2.2380016,1.4707661,6.959123,4.3968644,215000
1.9796463,0.7116021,1.7362876,7.1027417,2.9870071,171820
2.028345,0.8675019,0.86956584,6.512096,2.0599556,172000
0.6588017,-0.15431821,0.106246606,8.451609,3.5089514,137999
9.315521,0.10800324,2.2277794,7.2969685,3.3439186,123000
2.0984097,1.0337116,0.21423724,6.201936,2.2590575,205000
1.986876,0.54427105,1.7863686,7.15315,3.0010965,264990
10.768741,0.6637316,1.3844388,6.6782966,3.1783285,69999
0.78479534,0.012782077,1.2025813,5.6198463,4.1842637,155000
1.0797604,-0.19869028,1.1081381,5.7520623,4.6253357,170400
1.6846468,0.025129383,1.2417476,6.6073775,3.5694366,231400
-0.16493596,0.22629492,0.80650276,8.428307,2.0730867,139001
0.88410413,-0.100213,1.0438429,5.524478,4.528925,143900
1.0880332,-0.20018168,1.1109351,5.763854,4.6161814,162800
9.57981,0.39516753,1.3262987,7.630732,3.6980302,179900
0.9035109,-0.117893286,1.0600462,5.5539966,4.5481143,162300
-0.079984486,-0.728473,0.73698074,4.2626743,1.7883852,70100
1.2871704,0.022345308,0.86930746,8.081887,3.7297194,350000
1.0584261,-0.11372165,0.936409,5.552022,4.766874,175000
0.8716442,-0.09957848,1.0782984,5.551046,4.4899607,155700
1.0808222,-0.20049624,1.10964,5.7546363,4.6250234,195500
-0.40545562,0.75666696,1.6094443,4.5972285,3.3269994,119000
9.632664,0.4185698,0.8137722,6.201122,2.9579391,72000
0.8112194,-0.08807909,0.92871535,5.3394995,4.5000668,125500
0.6727308,-0.38988006,0.09200912,8.532041,3.6971474,119500
-0.16663572,-1.000473,1.1185262,4.1653523,1.8841916,68000
0.8787264,-0.10065522,1.0554646,5.531253,4.521406,162800
1.0217775,-0.10316781,0.91243124,5.5035014,4.730399,153440
9.241703,-0.07135482,1.9184089,7.5239334,3.3479733,139000
0.08787094,0.24279346,1.0342213,7.6484137,1.1453952,98000
1.0908179,-0.20258488,1.1144421,5.770366,4.614093,165250
9.991298,0.14170526,1.3174256,6.1434937,2.5686924,41900
0.9133299,-0.118696846,1.0520555,5.5664105,4.5230093,148800
1.097588,-0.20844464,1.1186401,5.7781744,4.622311,142900
1.6653286,0.065667965,1.222633,6.6330667,3.5107532,175300
-0.64228624,0.8008982,1.688583,4.636794,2.8037064,145050
2.028837,0.37051857,1.8792912,7.2828817,3.8067517,237000
1.0752088,-0.19968535,1.1096755,5.749187,4.622918,153400
0.2300379,0.05293596,1.4394454,5.1809444,3.3259284,255254
0.2130094,0.12722328,1.4763912,5.167961,3.3048196,170035
0.18073508,0.07815265,1.4734054,5.118443,3.3541217,238855
-0.045901254,0.27847362,1.8890437,4.9512124,3.7629476,80900
0.055264052,0.10380566,1.1526997,4.4266396,3.1355205,82500
-0.5670899,0.8292475,1.6192453,4.3977165,3.2482483,86500
9.118657,-0.018494729,2.040288,6.225714,4.193466,83500
1.6723166,0.049392387,1.2358319,6.638295,3.5371091,198400
-0.49561313,0.25242728,0.8307484,7.6432123,1.8899063,120000
0.83961904,-0.0561086,0.8835404,5.3369036,4.5604296,129000
0.48358858,0.56109905,1.4727839,5.9084144,2.6796012,75000
0.8989564,-0.11357234,1.0386182,6.1563425,3.847282,113000
8.532401,0.6902751,1.0903326,6.3110166,3.4214146,75000
9.829244,0.18389842,2.4243193,7.1175256,3.9564838,135000
9.796424,0.5346398,0.9300629,6.6872993,3.2633398,155000
1.0715805,-0.19730991,1.107303,5.742882,4.6237416,155000
-0.62482554,0.7917521,1.6801125,4.6504703,2.8130143,127300
0.4425758,-0.3419279,0.104840316,8.170251,3.5359695,144000
2.1131446,1.5325226,1.3729945,6.8250494,3.0340645,93000
0.055669595,0.06999341,1.333471,4.6906443,3.1684685,139999
0.19561476,0.19448002,1.1696571,7.7611685,1.2104383,60000
0.6568409,-0.31767404,1.037801,5.424667,3.7992134,121999
0.09392991,0.038049225,1.4613835,4.822715,3.26037,111899
0.08522697,0.04618063,1.4644289,4.8069615,3.251405,108999
0.07631166,0.051263493,1.4744492,4.823162,3.2512412,105999
-0.11050192,-0.9343716,1.2634512,4.293895,1.9714483,66999
-0.10712418,-0.9323563,1.2820446,4.3014,1.9787693,64999
-0.11032428,-0.93251324,1.2678725,4.2967286,1.9720274,60999
2.2260177,1.1842315,0.04206085,5.950481,2.256391,90000
10.532489,0.56498706,1.4078455,7.5112305,3.6334507,157000
10.4564085,0.46881452,1.4609946,6.678213,3.3208275,110000
2.3843298,1.16312,1.329436,7.080895,3.3202734,259000
1.4651722,0.8556797,0.07324077,4.8747287,2.6118605,84900
0.27597162,-0.3380277,1.2612444,5.2084036,3.214298,85900
0.9408726,-0.10601314,0.8645847,6.031879,3.1109183,284950
1.8359478,1.1133676,0.48484352,6.3320427,2.5177004,111000
0.26483297,-0.34652466,1.2429911,5.2380486,3.2100654,118800
-0.23233919,-0.16833577,1.1007851,7.6785054,1.1958691,54500
9.325018,0.015980752,1.7330114,5.465166,3.9728005,56900
-0.46181792,1.069812,1.1733068,4.035186,3.0960836,98000
-0.32051897,0.9398784,1.2457633,4.3213162,3.11537,95500
1.2136658,0.12234353,4.7622185,7.468161,4.3173933,215000
0.9749788,0.12380206,0.6513686,8.057243,3.5510097,375000
0.5857789,-0.2772484,0.7942469,7.6487556,2.63246,104999
1.1410711,-0.35310903,0.8555581,6.973109,2.78622,219000
0.09692805,-0.01868906,1.2958894,4.645285,3.1779637,114900
0.3315983,-0.16766188,0.70053554,7.880647,2.3070881,81000
1.1488056,-0.3636074,0.8480953,6.9687953,2.7809293,249000
9.552645,-0.47983056,2.1452613,6.513177,4.4431386,120000
0.42166185,-0.16888219,0.8747223,7.782824,2.4624686,93000
1.1638228,-0.3352155,0.87299925,6.947322,2.8225315,239900
0.74014556,-0.13529682,0.86619765,7.727501,2.9815602,297900
0.7067564,-0.42542252,0.073485,8.505181,3.7230008,119000
10.575203,0.57922953,1.3986515,7.9563646,3.6328979,279999
-0.014184748,0.440167,1.2864904,8.088805,1.9781866,144000
0.66111624,0.49372482,1.7439226,6.423611,2.5683796,75000
0.78580284,0.114565946,3.90917,6.2481084,3.129153,140000
0.75447,-0.2056478,0.66694564,7.784584,3.7441168,179000
-0.24786805,0.2237225,0.80823725,8.40789,1.7771198,75000
9.2567,-0.15607297,1.8116734,7.680733,3.3124483,143000
10.218514,0.66017133,1.8239856,5.8932657,3.168097,100000
1.9896216,0.9886572,0.75404155,6.4475303,2.1218367,127000
1.9499786,1.3920404,1.302794,6.822585,2.8445015,210000
9.938334,0.42463577,1.8408037,5.9090495,2.921484,69000
10.509757,0.5624257,1.4179292,7.5545835,3.6331477,233000
0.5393545,0.49010584,1.4619901,6.1141505,2.6693945,169900
1.1098368,0.28143263,2.996233,7.133689,2.8617847,157000
10.055049,0.45046982,1.6122109,6.623173,3.575243,91000
2.000405,0.6263194,1.3434805,7.3783813,3.8228114,545000
1.4807341,0.8393192,0.054842822,4.8810997,2.6170318,74900
-0.16212928,-0.13548848,1.1225464,7.697637,1.2667323,88500
8.11967,0.527947,1.5441545,7.2673545,3.857599,369000
8.48249,0.11807552,1.5395766,6.7298923,2.9696712,119500
10.340311,0.18444692,1.5977412,6.434449,2.8805506,119000
10.212427,0.3600429,1.8345205,6.4787126,3.2220728,115000
10.321127,0.67853814,1.8283455,5.825804,3.1605382,33500
-0.34814176,-0.094458036,0.12080225,8.738301,1.3456292,95000
9.895946,0.22455809,2.3161573,7.076707,3.933222,134900
0.5124155,0.21203585,4.52903,6.067434,3.07387,86899
0.0013159744,0.037375066,1.1669855,8.18148,2.1140134,94000
-0.32848936,0.11327425,0.57916397,7.715255,1.8831528,95000
0.58111763,-0.3746067,0.77675825,4.8681026,3.109365,98700
1.69859,0.6258105,1.0820575,7.313504,3.3167682,340000
0.58854747,-0.13166204,0.08809496,8.69251,3.5186727,132500
9.140533,-0.095152594,2.0187466,6.195657,4.1304107,95000
10.071427,-0.04745762,1.2509598,6.278957,2.4456065,105000
9.796753,0.3515409,2.0027752,6.8097205,3.5224955,105500
2.3675573,1.4119259,0.07417089,5.703507,2.252006,80000
-0.31640068,0.059339855,0.4567597,8.718091,1.7893239,89900
0.67925227,-0.2941616,0.6913189,4.876945,3.0909164,88500
10.054549,0.42843968,1.4108998,7.6288424,3.5610042,139000
0.054658677,-0.0018892603,1.2088304,7.7885547,1.3290204,110000
0.8754099,-0.07072604,0.83436054,5.3278112,4.58778,134000
2.3380165,0.13289253,2.278503,7.4378753,3.404311,235950
-0.3234595,0.9305166,1.2239592,4.264888,3.136943,111000
0.12733935,0.043189224,1.2369201,7.7467794,1.3297627,125000
0.22216299,-0.33580148,1.3229809,5.172897,3.120654,68500
8.700678,0.7771356,1.1586784,6.3246455,3.494296,135000
1.1514171,-0.4116268,0.8285115,6.963488,2.768545,79990
2.0572083,1.026259,0.19619092,6.167628,2.2366245,114900
9.231331,-0.08889555,1.8616643,5.612536,4.047169,115000
-0.16956113,0.027051015,0.7013256,8.420599,2.0610154,74900
0.26718587,-0.19011763,0.08894355,8.097169,3.3808768,103990
1.8262128,1.1269487,0.49678358,6.3294625,2.504072,118500
0.68459636,-0.36691728,0.9213394,5.269126,3.8607295,125900
-0.08427026,0.14396073,1.3090333,8.178559,1.887075,82000
-0.35318455,-0.05982576,0.9136747,8.124214,2.1386821,97800
-0.55750334,0.2506144,0.1612971,9.039994,1.4549065,98500
9.657381,-0.6906393,2.4982336,6.889661,4.4014606,107000
2.6407204,0.43316668,1.8237084,7.1973486,2.895833,345000
-0.40071422,0.9588125,1.0904264,3.980367,3.2072945,79000
1.175572,0.709655,1.5923088,6.9923077,2.3289113,159000
0.5982487,-0.05696785,0.10625851,8.385818,3.4887526,169999
0.7420886,-0.45707604,0.07747141,8.455355,3.7190816,160000
2.3402655,0.12602349,2.2964518,7.444261,3.395112,235950
0.60878474,-0.10807152,0.5865376,7.7345767,3.7131307,200000
9.508537,0.3919279,0.85610735,6.175894,2.9866076,89000
0.61387026,-0.19616498,0.079504356,8.740175,3.616091,134000
2.0154655,1.4710745,1.3530325,6.830641,2.9470954,179000
-0.2751383,0.7788704,1.0710868,4.094367,3.3539956,76700
1.0011787,0.49614096,1.8112905,7.0854273,2.220109,73000
0.1480697,0.23911098,1.8348569,5.136717,4.0115557,136791
-0.5981595,0.267108,0.12739371,9.090665,1.4370818,105000
9.606105,0.40727028,0.82239,6.17207,2.9520373,72000
0.84659463,-0.13695389,0.826147,5.2532654,4.607201,136640
1.8474358,1.133916,0.49109927,6.3331294,2.4938107,100000
0.97201926,0.43172628,2.0851347,7.1104503,2.3843691,72900
0.8199898,-0.10977725,0.8605677,5.269217,4.5882654,141000
-0.5940398,0.27337912,0.1353053,9.089329,1.434771,105000
0.96458995,0.019025248,0.8363937,5.464267,4.4534707,155000
1.5976433,0.61433953,2.0661595,7.253118,2.9365237,127050
10.127444,0.30378467,1.8055873,5.870874,2.8646593,80000
0.7631372,-0.12321141,0.34789076,8.46891,3.5331206,130000
1.3535234,0.06278906,0.9218296,8.049463,3.76288,252000
0.43329948,0.2920716,4.46748,6.010833,2.9868772,129000
0.95982605,0.35018167,2.3216732,7.1812577,2.5479336,127500
1.6497256,0.59818524,2.056528,7.2964463,3.0081606,176660
1.9820702,1.2018653,0.3337868,6.1840014,2.2791934,65000
8.377943,0.53632957,1.5626303,6.941204,3.711527,410000
1.1189404,0.22188123,4.6756787,7.522801,4.3258443,123250
9.66222,-0.7044663,2.5015848,6.883511,4.4122543,115000
0.8035128,-0.32373708,0.4793673,8.346311,3.5914347,189999
-0.40762404,0.95826477,1.1189373,4.020682,3.1983252,94000
9.7442875,0.37040994,0.9623344,6.1805854,2.9111466,73000
9.370796,-0.31348887,2.1868918,6.872886,3.8526804,160000
-0.31830782,-0.121059395,0.07504607,8.737778,1.3526406,105000
0.56877035,-0.062274516,0.08221451,8.389587,3.490704,157500
3.049622,1.7568254,1.5357435,7.034929,4.000012,90909
8.829483,0.83880115,2.604648,5.786048,3.8640442,148700
9.892239,0.23161548,2.3500237,7.0955286,3.9482582,170000
0.9193983,0.42111164,2.0552518,7.111144,2.3438976,73000
0.014212239,-0.83722514,1.1286331,4.507034,2.376511,75500
10.651784,0.67666316,1.553226,8.138379,3.5634174,270000
2.250541,0.89200205,1.5664968,6.8788295,2.3748844,193000
2.3538501,0.46223968,1.4038332,7.0864496,3.1039143,380000
1.0933369,-0.20313789,1.1152263,5.770566,4.617498,154910
1.4633244,0.12816913,0.91045594,6.4789214,3.5760396,93000
8.644286,0.14796707,1.3022203,6.409852,2.826145,245000
0.7194262,-0.395773,0.8365697,5.139599,3.9765115,122500
8.535959,0.36082062,1.746321,7.1840534,3.7719393,470000
8.504464,0.47402555,1.7745762,6.285968,3.0493152,100000
0.49920338,-0.25834888,0.7386236,7.6383142,2.9495945,123000
2.096883,0.4591178,1.3562343,7.1980305,3.6235502,484500
3.0750015,1.7672129,1.5363775,7.0340295,4.011811,115000
1.2139099,0.8840363,1.1810133,6.7477293,2.5845528,331075
8.936776,0.40315133,0.98630434,6.3539667,3.5093038,137000
-0.05143913,0.18622164,0.7160832,7.9209294,1.0923475,70000
10.165059,-0.28245634,1.9313056,6.109549,4.033244,57000
0.009672464,-0.8145744,1.1519454,4.533384,2.3970187,61200
8.636798,0.4818216,1.9667349,6.319792,3.0498242,115000
1.6256958,0.5990681,2.047643,7.285516,2.9913454,164560
1.9196885,1.324157,0.20142338,6.2580833,1.9071603,49990
0.36851797,-0.3464053,0.10635967,8.099276,3.4961877,138000
9.0725975,0.6599039,2.3682075,5.8267927,3.9775572,61776
10.380673,0.48496607,1.4694164,8.020077,3.5787168,225000
0.491235,-0.08490151,0.021007443,8.384069,3.5142539,170000
0.43451834,-0.048770744,-0.008369515,8.3435545,3.4764411,129900
8.405269,0.6193293,1.3251749,6.8557744,3.713946,259000
10.489413,0.30010772,1.4662744,6.5631585,2.9490464,135000
8.981986,0.6588487,2.415627,5.860041,4.0279226,198750
9.033333,0.71973926,2.3817363,5.7604938,3.8981478,115900
0.33141512,0.39657605,4.33638,6.0448627,3.0368755,87000
9.068693,0.6657076,2.330105,5.7995934,3.921667,186250
-0.4477249,0.6954529,1.600247,4.753474,2.9233096,115000
9.067922,0.70459074,2.341672,5.756056,3.8894732,77000
1.5022618,0.5437798,2.128899,7.3180165,2.9641905,149600
1.9562185,1.1568106,0.32358158,6.2410626,2.2271173,58000
9.514454,0.119880915,1.3483288,7.8816595,3.566027,138000
-0.0322573,0.20602617,0.7717072,7.9084125,1.0992544,98000
1.9416119,1.1687495,0.32914552,6.251974,2.2598948,82480
0.53097767,-0.30999064,1.3275801,5.393363,3.5815537,118700
0.0009126708,-0.86716247,1.1013038,4.460158,2.3072367,69500
2.0060647,1.2726628,0.20516987,6.165384,1.8702935,48999
9.816618,0.41278228,1.1454357,6.6757812,3.505041,89000
9.463151,0.2204815,1.7855645,5.76136,4.027413,89900
1.4055263,0.24608451,4.3257556,7.3699117,3.8587816,154000
9.293068,0.043313503,1.8430084,5.743703,4.171984,82500
3.0409262,1.7619921,1.5398579,7.030446,3.995859,52892
10.635905,0.524472,1.3522267,6.85062,3.274125,87900
9.633046,0.41581947,0.81301814,6.1994185,2.9569886,72000
0.85743284,-0.085156634,1.0412899,5.4999356,4.489196,154052
9.3017645,0.11687298,1.8296117,7.4326205,3.6246486,149900
0.24743363,-0.3293481,1.328706,5.174818,3.1491852,82800
-0.18765002,0.32932955,0.97080064,8.377224,1.9081224,80000
9.289145,0.23415697,1.7629706,5.834534,4.0730667,99000
-0.33463222,0.5216634,1.7590953,4.7725205,3.4056838,66115
0.53688616,0.57782376,4.257988,6.836931,2.9712772,91626
2.0374749,1.154173,1.5074096,6.916653,2.6503222,169000
9.257013,0.023735728,1.8555415,5.722624,4.1423736,119000
1.0995641,-0.20628189,1.1166466,5.775584,4.619759,149572
10.051107,0.3024321,1.8231062,5.9655175,2.788272,35000
1.096672,-0.21126324,1.1120306,5.7686715,4.6394715,153702
1.5421046,1.1682904,1.4239451,6.8929205,2.722014,185000
8.878517,0.853352,2.6004453,5.6624255,3.8711562,76264
8.989315,0.72979933,1.7201539,6.0162306,3.555164,159999
0.6558168,0.4760285,4.2087655,6.915004,3.153895,93438
0.57656795,-0.114403665,0.048874784,8.772981,3.5320532,125000
-0.6025934,0.7660076,1.6743566,4.678665,2.8106942,86900
0.8403842,0.106561825,1.040636,8.320131,3.6346018,139900
1.1105753,-0.19822215,1.1168965,5.797493,4.58693,154665
1.4767122,0.0011188108,1.1656929,6.381434,3.8107944,164570
-0.077712335,0.04948618,1.2126372,8.188939,1.9687886,77999
0.005010439,-0.864073,1.1104538,4.473524,2.3328512,57438
0.8344853,-0.063362174,0.9827411,5.4328723,4.492436,139900
10.689002,0.68381965,1.5272405,8.24616,3.601042,735000
-0.5334841,-0.16384122,0.70964706,7.984923,2.1921933,101500
0.06877479,-0.6737136,1.2377172,4.698646,2.6542654,74500
1.0799842,-0.20154181,1.1091222,5.75163,4.627461,165532
0.5639068,0.2018471,4.3933206,6.12218,3.0598376,114000
9.724606,-0.51075315,2.382974,6.552424,4.4963536,117500
10.068457,-0.040560953,1.2530276,6.2718434,2.4469604,64900
10.391788,0.5124157,1.4984394,7.9956255,3.5778108,135000
10.562509,0.6126322,1.5912062,6.4812145,2.9914563,69000
-0.52656865,0.19617069,0.7802009,7.6280713,1.9074023,83500
0.7557822,-0.11403514,0.8692695,8.192245,3.6555037,134000
0.08358097,0.23727395,1.0452244,7.652172,1.1505347,73500
-0.38266337,0.61221755,1.7686591,4.665952,3.439675,106000
1.2005497,0.17185669,1.2977548,7.8766017,3.4293292,184000
0.87417704,0.04153621,1.0718795,5.662551,4.2579584,155000
0.87396485,-0.093271814,1.0748507,5.5493007,4.4879932,128000
0.24777703,-0.58706295,1.4017739,4.8555717,3.1810749,106000
0.7154915,-0.40378714,0.8387726,5.140461,3.9682953,118500
0.09145376,0.07612309,1.1658863,4.584423,3.1132002,124500
8.70851,0.5007752,1.978753,6.661883,3.8338256,283000
1.0446992,-0.093302384,0.921335,5.5371194,4.7231603,190000
0.06862226,0.07892278,1.1384865,4.445557,3.1164446,95500
-0.035318162,-0.70015335,0.7485439,4.3430214,1.9007668,58000
-0.33123034,0.964333,1.2099067,4.245309,3.1105306,79752
0.28471023,-0.5928278,1.3932438,4.935685,3.1851685,98000
3.229753,0.1316869,1.9771761,7.1933074,2.5633156,38000
10.394909,0.020783965,1.712634,6.179059,3.6374886,73599
1.4405699,1.1034095,1.3716333,6.84041,2.7091775,199000
-0.11385234,-0.9466108,1.2604584,4.2824507,1.9642737,70000
0.5216998,-0.29438567,1.2863375,5.421649,3.6349833,127000
1.9172158,1.1765823,1.393943,6.960878,3.0778077,354000
10.208215,0.6647507,1.833763,5.9276247,3.1510012,95000
-0.20829712,0.17801797,0.83203644,8.207965,1.9506625,105000
-0.20056204,-0.02929796,0.42916334,8.613848,1.933403,109900
0.84145516,0.012532371,0.7299394,7.869977,3.909897,167000
-0.37389725,0.6912369,1.6545535,4.644223,3.3894846,157000
-0.5256625,0.012065169,0.5643662,7.6888847,2.087069,69900
0.8774429,0.029491909,0.7487582,7.8943396,3.9142349,167000
2.8004694,0.34360427,1.7888546,7.1102285,2.6619015,240000
10.550115,0.61579436,1.6047044,6.5799985,3.0481315,63000
-0.10461425,-0.7505395,0.79721755,4.2757607,1.8122483,73000
0.2995108,-0.67091554,1.4230582,4.8996687,3.1730578,92500
1.9494277,0.5416221,1.4477345,7.471682,3.7965128,475000
-0.5401085,-0.16607147,0.66963774,7.934033,2.196476,84990
1.5946449,0.663649,0.7713618,6.9094024,3.054308,250000
0.7729265,-0.025492901,0.96212554,8.39174,3.5651078,144900
-0.039565813,0.44824305,1.3985718,8.077499,1.9889302,80000
9.543516,0.19170035,1.3934184,7.780453,3.6134572,104900
0.7451882,-0.46712887,0.046589114,8.469692,3.7188191,96500
0.15515481,0.45898736,1.2312107,7.7308087,2.1374705,175999
-0.23336788,-0.007944903,1.0265247,8.210552,2.0842178,99000
-0.1922834,0.21962142,0.83132845,8.216044,1.9335654,105000
-0.11051772,0.40884802,1.2931533,8.084487,1.9073682,94500
-0.40426046,0.1481768,0.7286901,8.317716,1.963077,120000
1.121667,-0.046026636,1.0041527,6.6924996,3.860725,169999
2.367669,0.54425716,1.5182577,7.325722,3.892924,671000
0.8880344,0.02040094,0.5669172,8.3262615,3.5356507,365000
1.1163042,-0.13846159,1.0992814,5.8420463,4.4281583,144305
9.682992,0.40418324,1.1734068,6.655608,3.5883553,71500
-0.17491889,0.8382695,0.98451626,4.0983925,3.1220467,83000
0.63560176,-0.107576914,0.6700191,7.8064113,3.827108,135000
2.446588,1.0893886,1.3356919,7.12499,3.5394895,368000
9.257912,-0.032155298,1.8579019,5.698927,4.1631594,99000
10.279918,0.4495819,1.4799411,7.9985104,3.5764294,215000
9.644661,-0.7643764,2.51866,6.9145193,4.4113545,117500
2.3666594,1.5368642,1.3160216,6.828263,3.1911523,220000
10.162376,0.30653027,1.8638775,6.396415,3.0494442,108000
10.144359,0.29602942,1.8919697,6.414835,3.038706,108000
1.4622108,0.8609439,0.05119451,4.866985,2.6191587,84900
1.8831582,1.0184652,0.4856735,6.38302,2.5760381,139000
0.95531,-0.094656,0.87008536,6.073385,3.1050372,230860
0.54429835,-0.30412358,1.3461995,5.398544,3.5820367,150000
0.2633768,-0.3003699,1.2090921,5.2048793,3.1922953,88000
0.53739494,0.44592488,3.445532,6.04574,2.9643955,78000
0.56555814,0.4479887,3.4550164,6.052983,2.9731789,119999
-0.02482589,0.010063158,0.6839558,8.32217,2.0300534,155000
9.313003,0.08721842,1.9300311,5.812449,3.419663,85000
3.1011908,1.780545,1.5231897,7.037194,4.0383863,105000
-0.4695116,1.0671303,1.1449103,3.98766,3.111505,104500
8.009378,1.1669505,1.5388813,6.797293,3.9737296,75000
1.8147193,0.758744,1.2173668,7.304794,3.5389013,375000
1.41137,0.69226843,1.4625754,7.18497,3.3127828,115900
0.88824135,-0.014448825,0.85201514,5.3692966,4.4762897,129000
1.8694543,1.2778018,1.3650116,6.84776,2.7028458,156000
0.80031544,-0.0974007,1.0202005,8.1431875,3.545123,165000
2.03953,0.9915722,0.29701763,6.2431197,2.2150788,139999
0.72857374,-0.38478637,0.82847613,5.1319175,4.0092664,134000
10.214973,0.3968264,1.4583582,7.937161,3.557609,233000
1.9433366,0.93957764,0.5517378,6.4311304,1.8312197,139200
10.215298,-0.48541486,1.9540311,5.9371595,3.9744291,80000
10.537484,-0.1966503,1.8306534,5.88457,3.3808794,81900
2.0924947,0.67034733,0.71848124,6.4529,2.1599557,249999
9.517259,0.09934925,1.3453046,7.930155,3.569469,118000
10.009305,0.4962653,1.5171336,6.4947653,3.4529696,99000
1.0790724,-0.16160686,1.0775144,8.453786,3.693111,175000
1.1163912,0.19339412,4.703043,7.541329,4.3511715,105840
0.2468801,0.50352967,4.079206,6.122981,3.0785444,58000
0.61064,0.067559235,4.662593,6.0838175,3.2151964,104900
0.8259471,-0.11709403,0.8657045,5.2755356,4.5872407,144000
10.649895,0.4496877,1.3101763,6.7627835,3.0774841,132000
10.650882,0.6731233,1.5269183,8.169663,3.5954468,195000
0.07710039,0.25347444,1.0412949,7.636358,1.1306539,80000
0.7111176,-0.03180645,0.66885483,8.6338215,3.2873046,132000
0.71912754,0.09520394,4.113475,6.184765,3.165729,62500
1.7562249,0.62139237,1.3539869,7.2606044,3.564777,257500
0.6998417,0.09441486,4.179113,6.151982,3.145998,78000
-0.099509954,0.6836354,0.9913256,4.1699944,3.103429,83000
-0.08023431,-0.7266189,0.7766239,4.2940617,1.8404851,83500
0.06777632,0.07798475,1.1389897,4.446297,3.1130226,89000
0.68085814,-0.36923015,0.924008,5.2796626,3.8477674,127500
0.7188029,-0.380035,0.85359746,5.152262,3.9923668,105000
8.802129,0.6762256,2.17444,6.23128,3.3768039,90000
0.11867181,0.20224294,1.0880212,7.7034345,1.1547536,79980
9.704154,-0.27508745,2.0712354,6.4403033,3.506393,100000
2.0354538,0.8016656,0.80163646,6.462066,2.039654,250000
1.8729835,0.80411834,1.2796433,7.269896,3.4718711,249000
10.453029,0.5239616,1.4614961,7.8549905,3.5565395,170000
-0.44481465,0.17730913,0.3055906,8.861843,1.559246,96000
3.1390407,0.14821105,1.9135526,7.154847,2.5575616,346000
0.083338514,0.2250837,1.0521263,7.660659,1.1486062,79999
0.66033226,-0.21202943,0.87834555,7.738727,2.8906586,169000
9.498519,-0.3746238,2.0285647,6.371627,3.9768434,139000
0.8428524,-0.1735095,4.514468,6.0463843,3.3962476,92000
1.3440624,0.061576862,4.874634,7.408651,4.27147,140000
1.1285667,0.30267018,3.1156855,7.1592736,2.9845574,168190
8.695298,0.645285,1.1043942,6.2498546,3.3649056,36000
-0.20607369,0.001204104,0.350806,8.654828,1.8976557,110000
-0.056447398,0.046430595,1.176934,8.250623,2.0800517,122000
1.206243,0.15708035,4.6762524,7.4827137,4.2754993,176182
0.30344227,-0.34449002,0.39773387,7.796962,3.456004,93000
9.934001,-0.45942762,1.9450656,5.9385586,3.8072536,87000
9.360172,0.28890333,1.3707979,7.808713,3.7274873,199900
8.954813,0.2060771,1.9814991,6.899903,3.8139346,292000
1.1269983,0.20845728,4.5262914,7.4704895,4.2821302,144628
-0.34760466,0.9197679,1.2696861,4.292952,3.1624184,95000
1.2894588,0.0885496,4.806083,7.424163,4.27954,190986
-0.35169673,0.07209545,0.42269892,8.752714,1.7177136,119900
10.0147705,0.5070325,1.498654,6.500578,3.4570515,99000
0.16038774,0.108075455,1.2277759,7.8338847,1.2927587,85000
9.679209,0.34353286,1.0790936,6.1588016,3.0252934,72000
-0.19808765,0.17166635,0.7990544,8.37049,1.8141781,114000
10.238959,0.2233354,1.6530861,6.432624,2.8630314,128000
9.54114,0.20150863,1.354675,7.804688,3.625716,117999
2.696803,0.049071945,1.7973009,7.2154264,2.6558044,245000
8.952724,0.8134648,2.4881968,5.7411838,3.7798822,88900
2.16108,1.0127877,1.5953351,6.894871,2.480749,149000
0.02799075,0.29181758,1.3031497,8.215626,1.8124931,133000
0.92653775,0.062370006,0.7872158,8.037915,3.672148,350000
-0.21088792,0.40919846,1.811097,4.8775406,3.610918,82999
2.3214617,1.0708761,1.3473699,7.1182704,3.2746878,185000
1.2642624,0.09691345,4.7979527,7.4396286,4.2954273,110000
1.1278336,0.18660463,4.7086535,7.535222,4.348118,167706
0.79532003,0.03079921,4.0098033,6.148823,3.1925259,100000
10.39086,0.39007312,1.1576228,6.7823663,3.349889,85980
9.484103,0.34910902,1.3247873,7.72831,3.7113893,135000
0.8121954,-0.1510063,4.6264963,6.0409102,3.3897908,87000
2.3004706,0.07492857,2.6269648,7.5733895,3.3777387,167000
9.92785,-0.012912156,1.9765129,6.51606,4.172499,118000
0.85676366,0.006951647,0.9746156,8.474485,3.6570923,159000
2.3372734,0.63409096,1.4610428,7.281194,3.8411674,330000
-0.3719355,0.82130927,1.4200898,4.445661,3.165869,86500
10.6722355,0.58152896,1.3936465,7.0501637,3.413386,103000
-0.075677074,0.19157827,0.68019193,7.9632964,1.0709715,68699
0.9387028,0.4222227,2.1150107,7.1225905,2.3830152,85900
-0.16600859,0.11584501,0.6705496,8.4969225,1.95289,158899
1.0747799,-0.20411772,1.1032598,5.739738,4.638,135900
8.776209,0.4644856,0.9976044,6.322984,3.3658779,137000
1.4094715,0.4838647,1.4915873,7.3100786,3.5408454,124400
-0.22472584,-0.0024805965,0.39443997,8.691012,1.9088451,116500
1.5025886,0.4496707,1.1397722,7.35619,3.4181364,257000
9.83196,0.1934919,1.9354179,6.632409,3.9196732,263000
9.876543,0.5252118,0.907004,6.702065,3.2375407,189000
9.824786,0.52686816,0.9559701,6.69666,3.2721412,155000
1.5485543,0.0007571117,1.1937392,6.5239315,3.698805,149900
0.8551453,-0.08744919,1.0546043,5.5141177,4.495928,132800
0.6950481,-0.3423343,0.9848785,5.3445086,3.8620965,155000
9.66636,0.45365193,1.3250345,6.5972176,3.6665428,104900
1.5278909,0.8465683,0.102861635,4.968079,2.5849853,89900
-0.65962756,0.8096311,1.7056994,4.62134,2.8189309,149000
8.457146,0.579343,1.69288,6.30632,3.1474288,128490
9.469784,-0.2650135,1.8379726,5.683793,3.925579,18000
8.683315,0.44943732,1.96929,6.2563686,3.0208464,79900
2.0064516,0.715091,1.3671246,7.2099247,3.610344,434000
-0.54768914,0.17072298,0.7000222,7.542474,1.8477486,67990
8.679609,0.4542192,1.9601068,6.2463017,3.0200603,79900
0.70389843,-0.23650846,0.06616191,8.52598,3.5391402,127000
10.785457,0.697155,1.4018521,6.6503744,3.1994343,59800
1.1231513,0.3057382,4.3148127,7.390057,3.882075,129000
2.1887088,0.55265933,1.4685682,7.430053,3.8717759,532960
10.672478,0.49989942,1.3906717,6.9721074,3.1587982,230000
9.088965,0.37367296,0.93517697,6.27699,3.3972683,55000
1.4813442,0.85633767,0.05362948,4.876821,2.610202,79000
1.047183,0.33517113,2.0685863,7.232905,2.67311,180000
1.436708,1.1267709,1.4971482,6.921111,2.7035108,180000
0.7783547,-0.14831586,0.38723084,8.488244,3.541948,116500
-0.4116202,0.6527219,1.6033295,4.8031664,2.9157329,95900
0.7629183,0.014291244,1.231541,5.6106954,4.1576138,211000
10.054733,-0.53733385,1.9594558,5.85189,3.8544934,58000
-0.46056348,1.0338666,1.1526376,4.000351,3.1469767,89000
1.9041313,1.0452015,0.41588795,6.399732,1.7734218,65900
0.7386203,-0.48287955,0.05930152,8.446958,3.7106385,130000
8.643328,0.14995316,1.2982074,6.4061985,2.826407,165000
1.9851868,1.1377649,0.20872922,6.296586,2.268263,72500
1.0042784,0.10672061,0.89145535,7.9309287,3.738237,255000
1.9596319,1.11958,0.3169642,6.3091316,1.803644,48900
-0.5604428,0.85172135,1.5661869,4.359956,3.2232676,91800
9.247088,0.19872706,2.144762,7.1397076,3.7416422,230000
1.3967044,1.1301407,1.4836273,6.8438616,2.879857,189000
1.9163278,1.3014697,0.25426072,6.279342,1.8641078,49900
-0.65505147,0.80889314,1.6983219,4.615818,2.8263474,159900
1.1361465,-0.3441433,0.86251163,6.9904447,2.773468,215000
2.1369812,1.0595024,1.6246791,6.931511,2.5303266,215000
1.0589578,-0.20380859,1.1124538,5.742658,4.632426,199000
8.349544,0.14598063,1.62784,6.777699,3.02037,125000
-0.7471345,0.12542894,0.7019857,7.7814054,1.8808215,84000
-0.3081142,0.51520497,1.6262498,4.827723,3.1372914,115000
10.311474,0.6041911,1.7285724,5.8492713,3.2097716,73000
0.61603475,-0.004815077,0.6833614,8.621518,3.1205673,169500
0.75460076,-0.42985228,0.15157486,8.427088,3.6843276,136900
9.109067,0.766243,2.4572012,5.9187946,3.351053,67000
2.0431514,1.1511796,1.5637984,6.931938,2.6921692,259000
9.014757,0.7656566,2.425662,5.7757263,3.731284,125000
10.146316,0.2452066,1.8530686,6.3976636,2.9781108,105000
2.043892,0.78308326,0.72794443,6.4178734,1.9865344,139990
2.2849874,0.20537296,1.3735474,6.973511,3.1734269,310000
0.3229684,-0.36890677,0.08984087,8.052544,3.4839141,89900
9.271694,0.032778535,2.0843568,7.4100137,3.3545547,229000
9.934718,0.34374204,1.8824712,6.3946433,3.576022,129897
9.31158,-0.14182854,1.8114369,5.5037646,4.041863,57999
1.3949962,1.0830435,1.3367201,6.8222737,2.6382284,185000
10.446248,0.028484808,1.6943938,6.1439066,3.6111727,73600
8.654581,0.7698366,1.2481755,6.3623204,3.4161477,135000
0.65749454,-0.2188635,0.8534948,7.7750444,2.9466896,229000
8.716839,0.50872445,1.8543726,6.708925,3.762217,258611
2.0589576,1.2916831,1.3608998,6.8769445,2.8609502,165000
0.01746882,0.10694209,1.4136922,4.8878126,3.1386788,115000
9.132903,-0.06855622,2.0331151,6.1927695,4.102803,149000
9.3995495,-0.38611385,2.263588,6.9324107,4.0131097,145000
10.565251,0.5824231,1.4208506,7.926023,3.6152894,195000
9.256601,0.25967214,1.9650663,5.7344327,4.0204287,117700
9.259689,-0.10606826,1.9217057,5.92096,4.2327747,128000
0.28422067,-0.34209657,0.40808573,7.793803,3.4084883,93000
10.06004,0.4458565,1.5130249,6.4373884,3.4584644,103000
9.621954,-0.3094144,2.1248808,6.557275,3.529067,116000
-0.15445057,-1.0095296,1.1596253,4.1976295,1.9045595,66000
-0.31910178,0.9291492,1.2588354,4.3337603,3.1161854,93500
9.028654,0.7322357,1.2531856,6.4333134,3.3893883,142000
9.224356,0.32967553,0.8792324,6.196942,3.0237436,83000
1.8251076,1.0799586,0.63058734,6.4800873,2.3540552,235000
0.1459055,0.1330494,1.059221,7.767059,1.2465876,78000
1.0946224,-0.01445545,0.9449353,7.83743,3.554806,250000
9.152925,0.39032283,2.1110299,6.135678,3.0151508,127500
-0.120006315,-0.9266524,1.0383065,4.222475,1.882285,68500
10.68281,0.5845241,1.3936478,7.044984,3.4064934,103700
0.6888205,-0.11568405,0.110799514,8.488118,3.498715,89000
0.86751693,-0.03906818,0.8773252,5.384081,4.5300927,127500
0.80994,-0.09283687,0.9301484,8.525383,3.6330857,189000
1.0981287,0.31990495,2.0714395,7.222265,2.6886601,180000
1.4928031,0.85056967,0.071192145,4.889063,2.6092606,77400
2.0663495,1.0521804,1.4283942,7.130204,3.6143832,175000
9.692666,0.41024852,1.3468186,6.646306,3.70687,160000
-0.27069628,0.9292613,1.2296579,4.364051,3.0907385,80000
10.072737,0.07378077,1.5815681,6.3361535,2.7267275,195000
1.4885591,0.8528533,0.06603279,4.884093,2.6121147,91400
9.266439,0.13607685,1.8391514,5.679599,3.9354587,85900
10.089999,0.4067782,1.6428885,7.8241386,3.5519536,128000
8.795981,0.18381426,1.3192844,6.333302,2.9757257,139000
0.44854462,-0.24697581,0.7216452,7.677864,2.4941528,95000
9.855686,-0.2890957,2.184968,6.548001,4.35363,127000
-0.26334634,0.43894953,1.7869743,4.870418,3.5047288,176000
10.298211,0.28975648,1.2316685,6.596164,2.9629655,105000
10.636482,0.46102747,1.3679591,6.8348174,3.0747747,109800
0.77281666,0.046690054,0.9959975,8.428058,3.6210063,99000
1.5470184,1.135588,1.3153591,6.747605,2.7637734,160000
0.2456174,-0.5911991,1.4070288,4.857622,3.1810477,106000
0.6384209,-0.3283763,0.73451865,4.8847275,3.116391,88500
9.478094,0.38093066,0.8354917,6.181621,3.0157504,72500
-0.419573,0.7196723,1.5720346,4.743417,2.9165351,115000
-0.35697657,0.6748229,1.6878731,4.7119117,3.3915014,85900
0.8154316,-0.2862107,0.9724747,8.291325,3.558668,199000
1.539733,0.37434867,1.3068447,6.8046203,3.772347,322000
0.08068287,0.051711816,1.4668711,4.821883,3.249705,106000
0.65909785,-0.3018172,1.0574366,5.4239697,3.8252277,122000
0.7615321,-0.32899928,0.43977624,8.233953,3.445291,139000
1.5096856,0.8350297,0.07806145,4.903844,2.6288445,120900
-0.08918331,0.12853852,1.2856721,8.229318,2.1299741,105000
-0.15186803,-1.0251095,1.163537,4.1844087,1.9133848,68000
-0.1458719,-1.052382,1.1901649,4.1581035,1.8866484,67500
-0.37554714,0.10647795,0.6676163,7.5994678,1.9339359,96000
0.53662926,-0.28689733,1.263749,5.4247847,3.6581304,127000
-0.061430447,-0.67946917,0.7159718,4.2893124,1.8160315,44900
-0.04114076,-0.6794644,0.7077275,4.298959,1.8088924,44900
1.153484,-0.024956098,1.0389783,6.6062407,3.8498328,141000
0.09020091,0.04011071,1.474503,4.8224583,3.2582839,111900
0.07528375,0.04815353,1.4624588,4.8196325,3.2399752,106000
-0.11217981,-0.936608,1.2632786,4.292043,1.9694183,65000
-0.113048516,-0.93868303,1.2641404,4.2903285,1.9676497,61000
-0.11264342,-0.9381431,1.26987,4.291897,1.9699591,67000
10.094893,-0.5603133,1.9865985,5.8649783,3.9528403,57500
2.3065305,1.1800437,1.2959905,7.0283704,3.446003,197000
-0.47473106,-0.14735043,0.7116064,8.057806,2.180946,95000
0.48931918,-0.053481363,0.06308177,8.359165,3.4847634,337000
-0.58576304,-0.07241078,0.649584,7.8079395,2.1087053,89990
9.55217,-0.47939956,2.1402478,6.5050225,4.4427233,119990
-0.5488533,-0.035342492,0.56092876,7.7272935,2.126369,71000
10.155993,-0.52297735,1.970215,5.917227,3.973628,86500
1.9680674,1.1208785,0.2578893,6.245789,2.2875764,107000
8.879879,0.640209,1.5579208,6.028796,3.4455988,132231
9.813023,-0.13062148,1.6991223,6.249883,3.4556482,114000
8.441606,0.602757,1.4160463,6.9342985,3.7529054,375000
0.36112678,-0.06982386,-0.013654888,8.293345,3.4556906,170000
8.56223,0.7712794,1.0930902,6.3056917,3.4553237,119000
8.881534,0.61488384,1.5987464,6.032408,3.4580312,140495
0.40703824,-0.31001166,0.14207129,8.095484,3.5086272,170000
9.524563,-0.4682348,2.1238053,6.509635,4.3850794,160000
9.577535,-0.4647968,2.1410592,6.4204674,4.3418794,82500
1.6698728,1.1310911,1.5420302,6.9608364,2.7036803,195000
1.0374528,-0.09804272,0.9039648,5.5150247,4.7483673,189000
0.33183944,-0.53297615,1.3724673,5.0158224,3.2019186,98000
9.020171,0.7490508,1.8439195,5.986574,3.524243,140495
0.57349896,0.022744656,1.4180474,5.5044794,3.9286537,228000
10.408754,0.3260034,0.94364625,6.6769,2.985483,130000
9.53473,0.19041067,1.3535222,7.809353,3.6192575,113900
10.496434,0.31431305,0.8517596,6.7181745,2.9952078,110000
-0.33521324,0.06524627,0.8680749,8.100549,2.1644228,170000
0.31286108,-0.34068128,0.13967599,8.00241,3.4780066,94900
2.0927885,0.8115531,1.5909666,7.220537,3.1807837,315000
1.098175,0.25391665,0.8191517,7.8609138,3.6094592,277000
-0.36176935,0.10453588,0.56285435,7.638159,1.9414816,115000
9.393933,0.31425378,1.3529693,7.792061,3.7271087,187000
1.4394244,1.0230495,1.04168,6.690491,2.4823446,180300
-0.048696626,-0.057418145,1.1793966,7.785944,1.2939517,55000
0.30014667,-0.32768255,0.10541288,8.015669,3.468872,137000
4.2861605,2.219631,1.5138682,6.944333,4.2898464,160000
2.1965206,1.2694477,0.095290616,5.775933,2.3055637,107000
-0.1542246,-1.0242888,1.1557082,4.1834035,1.9162896,67500
9.7874,-0.47265637,2.3566117,6.620907,4.4418187,90000
10.0809145,-0.5485243,1.9955907,5.9025154,3.912208,58500
1.7592106,0.04105625,1.2853394,6.6747303,3.4960096,212200
-0.21997862,0.0061190515,0.19193712,8.7535,1.7245122,125000
-0.15953256,0.18629579,1.2188752,8.165675,1.9931022,64000
0.05941487,-0.011426674,1.2180285,7.775367,1.2932683,110000
9.548083,-0.34381822,2.0050015,6.386425,3.95171,144999
-0.18038224,0.11450193,0.78078586,7.715552,1.4287596,51000
-0.37159917,0.09166939,0.589465,7.671111,1.9364848,89900
-0.19744295,0.14389162,0.7204363,8.45945,1.8103902,178000
1.6210649,0.6053816,0.8436972,7.0935197,3.140302,174990
9.277048,0.110198855,1.8832017,5.7009654,3.9350832,115000
-0.85147256,0.026786633,0.6634322,7.895693,1.951818,84900
0.25586644,-0.512168,1.3851746,4.994429,3.1498735,91000
9.564308,-0.49038154,2.1564078,6.474696,4.373914,89900
9.055395,0.6840597,2.3840504,5.811284,3.9357314,80500
-0.059353296,0.042877533,1.218199,8.251498,2.1206248,104999
10.329019,0.60682213,1.7896298,5.7246723,3.2285795,30990
-0.22499758,0.09470862,0.8403932,7.660709,1.3924192,61500
10.584776,0.57470477,1.3801916,7.95131,3.641237,168000
0.40398818,-0.09580808,0.02931405,8.28474,3.457314,147000
1.4461563,1.1445417,1.4240626,6.803709,2.8479562,277000
-0.022537157,-0.8951525,1.0868129,4.438683,2.2866094,69500
1.673357,0.76446486,1.2563194,7.0656767,3.6463182,350000
-0.56923276,0.26330152,0.16071033,9.051945,1.4592102,97000
0.53387797,-0.23682699,0.73110557,7.5733957,2.5922143,109500
1.4862903,0.845865,0.06988169,4.885257,2.6071692,61900
0.32612085,-0.5302704,1.3812388,5.020104,3.1990852,78500
0.028425323,0.3274161,1.1990676,8.149471,2.0143924,129000
1.8950733,0.84575945,1.1874366,7.2419734,3.5508664,423000
0.25204343,-0.28320283,1.2994885,5.2135267,3.1640184,98700
0.58341455,-0.28402376,0.7171165,7.62684,2.8030567,129990
1.7897149,0.9796333,0.35066608,6.487564,1.7295859,88000
1.5171785,0.81564033,0.08871502,4.9144464,2.644628,146900
0.20218447,-0.30913365,1.3078098,5.1552343,3.0987,82800
0.6082496,-0.12438498,0.6529221,7.7839746,3.8005342,145000
9.023422,0.6402728,2.3947294,5.883248,4.013245,128800
8.935567,0.72202927,2.4800363,5.781975,4.0019703,109000
2.322862,1.3066441,0.011504542,5.7048497,2.261303,94000
2.050109,1.0707088,0.034594204,6.2112823,2.2259169,75000
0.8473073,-0.10234278,0.84855145,5.2866483,4.61944,100500
1.1308134,0.28206,3.0801363,7.162385,2.9537597,139000
1.6526432,0.6687192,1.4858187,7.3048935,3.5738702,283000
2.2482905,0.103423,2.670075,7.6195226,3.355096,172915
-0.570968,0.15302521,0.6839429,7.546674,1.8647865,67500
1.9703083,1.1161268,0.28705147,6.226757,2.2572873,140000
0.91378057,0.352543,3.423064,6.928691,2.9191976,114180
0.79989177,0.011359893,4.058417,6.137809,3.2065167,84900
0.5296825,0.21057197,4.487176,6.1015754,3.0635126,86900
0.8866893,-0.15264946,0.86425924,5.9131875,3.1105223,216090
1.8108262,1.0945021,0.519913,6.351402,2.5304327,114000
0.24996713,-0.29786897,1.2764505,5.197107,3.191766,110900
0.2899607,-0.33500463,1.2051022,5.2187777,3.2214646,117200
0.54721785,0.22094426,4.4111447,6.1308355,3.0456245,80500
-0.11650652,0.29170874,1.0697069,8.2924795,1.9276019,125000
-0.3706192,0.98902076,1.210033,4.1963058,3.1137323,88000
-0.4538266,1.0560138,1.1357834,3.9987178,3.1141534,86363
10.568092,0.6099717,1.4990715,8.101127,3.5889788,199000
1.8903958,1.0865847,0.9208438,6.632763,2.4412954,178900
-0.11145413,-0.75363207,0.7903586,4.276379,1.8143604,69000
8.859765,0.51703185,2.159387,6.427891,3.7992828,95000
0.86047804,-0.023843793,1.044867,8.2837,3.737289,119900
0.8386443,-0.0402769,1.030854,8.293497,3.7275279,119900
1.7038022,0.7156829,1.2136154,7.3140483,3.5479286,299000
10.667711,0.686984,1.5618197,8.171128,3.5702107,310000
0.040341202,-0.059401847,0.7312913,8.26255,2.1638994,149900
10.582398,0.57444584,1.3800815,7.9485903,3.643318,200000
-0.34634492,0.9502945,1.0946218,4.0561395,3.194102,130000
-0.27294517,0.97392863,1.0205148,4.063796,3.1000865,130000
-0.054657303,0.11097156,0.712044,8.402599,1.370678,66999
8.453986,0.52894664,1.7781096,6.3495784,3.1021297,229000
8.675522,0.475999,1.5198135,7.0553718,3.7698019,280000
2.0397444,0.84026635,0.8439958,6.4913945,2.0433433,188000
0.8018623,0.02667163,4.004234,6.155703,3.196953,129999
-0.249118,0.0198665,0.18557745,8.765345,1.7259398,99800
9.077808,0.6304555,1.6585923,6.14341,3.664782,265000
8.326761,0.5252087,1.515425,7.058931,3.7707183,600000
2.2898014,1.120763,1.308195,7.0498037,3.4501336,200000
0.7548148,0.032355133,0.7633001,8.717489,3.1720166,220000
10.652295,0.5769353,1.3704224,6.937928,3.3777528,159500
2.2905974,1.1657361,1.3020493,7.0332246,3.420489,205000
0.8674089,-0.14020874,1.0891718,8.241628,3.5531578,122900
1.8123168,1.1218916,0.5141814,6.337533,2.5086937,104000
1.0904251,0.19958177,4.7002273,7.5555115,4.3734,128066
2.1571298,1.4611272,1.3339256,6.822449,3.0483878,153000
2.1621807,1.397301,1.3434659,6.8405294,3.0012064,155000
10.066947,-0.5320247,1.9523369,5.8386784,3.8637831,57000
8.959196,0.6308945,1.4432517,6.1003294,3.6939366,159900
0.24831067,0.45408085,1.2724506,7.6983485,2.1464312,176000
1.1514968,-0.39182848,0.8423862,6.9511485,2.786926,99500
10.4375515,0.30646205,0.9776505,6.665175,2.9583905,97800
1.8415531,0.89958966,0.6820245,6.732792,2.7438083,252000
2.5719714,0.46056148,1.7261096,7.120515,2.7976797,300000
-0.5795982,0.2657743,0.14315243,9.078511,1.4502923,86900
10.650595,0.68471557,1.5777758,8.095445,3.5409472,210000
1.5809536,1.1155114,1.4827523,6.9417834,2.6755311,225000
10.611515,0.5476754,1.3755231,6.9902782,3.3905487,125000
9.067782,0.67108333,2.3812623,5.80512,3.9518423,61776
0.008560679,-0.8106647,1.1588991,4.535718,2.4047236,69938
0.7202606,-0.20045535,4.9412227,5.95849,3.3986692,102245
0.38236213,0.48414895,1.4187053,6.023205,2.6639075,105000
0.20414542,-0.2856195,1.260328,5.4312553,3.021179,105000
-0.57396024,0.2649911,0.14803924,9.07061,1.4473623,109990
9.176944,0.5922453,2.2557695,5.9019203,3.9765494,84900
8.854898,0.85701567,2.6163297,5.733343,3.84631,110500
-0.028561825,-0.6973305,0.7517384,4.3642178,1.9215406,59000
0.54337895,-0.2797914,1.2532247,5.4399753,3.6688392,131890
0.06754762,0.073870964,1.1435292,4.4494977,3.1151974,102000
0.95407337,-0.16466606,4.1404066,6.1559124,3.3667483,61775
0.012088508,-0.67130166,0.7289592,4.407409,1.9679172,65000
9.298441,-0.019914124,1.9775137,7.4785647,3.40512,134999
1.8901184,1.3058233,0.2057901,6.2910814,1.9048265,46000
0.9538591,-0.16402057,4.110558,6.1570387,3.361996,100927
0.70955944,-0.01989194,0.6863336,8.626072,3.2607691,290000
1.2746814,0.07048373,4.7772326,7.4019833,4.2820807,137919
2.2004662,1.084427,0.014782824,5.770051,2.385154,140000
1.2703835,0.08542493,4.810717,7.428892,4.301555,190986
0.95982575,-0.18744554,4.158684,6.140555,3.39128,121252
0.20905498,-0.35511112,1.3206918,5.117991,3.087683,89000
2.0652869,1.1236624,1.5387408,6.911436,2.6234138,193000
2.3655121,1.0693045,-0.14299385,5.860786,2.285586,80990
0.41929832,-0.30962497,1.6018361,5.331797,3.230282,125500
1.9055952,1.3176588,0.22290157,6.2738185,1.9133145,36500
0.93049085,0.072892554,1.1749039,5.8231015,4.223122,173000
0.05579911,-0.6872175,1.2037591,4.690853,2.5848234,75500
1.8714582,1.2985022,0.21741273,6.313072,1.897764,48900
1.8867918,1.059797,0.9079102,6.5532703,2.2920315,173000
0.92332566,0.063874304,1.1663359,5.801046,4.230389,162000
1.1162214,0.31045413,4.3074217,7.3852463,3.8697329,120471
0.24455784,-0.3556797,1.3399885,5.143293,3.145436,99500
0.48089224,0.52014184,4.261441,6.750933,3.0162857,86900
0.7628537,0.041187245,0.775024,8.730517,3.1681044,235000
0.2455642,-0.37514222,1.3288718,5.1579437,3.1144524,106000
2.6507607,0.45159492,1.795331,7.1688013,2.8521855,359899
0.6297303,0.077677615,4.565713,6.0879292,3.1781583,103305
8.853771,0.50274575,1.7772671,6.9277167,3.4628885,109000
0.39815715,-0.078646086,0.05518553,8.283781,3.4339523,130000
0.57410693,-0.3137582,1.1541885,5.4380236,3.674921,169900
1.8686323,1.3135242,0.19839017,6.31115,1.8691164,49890
10.578235,0.4729997,1.2723393,6.820155,3.2165198,85000
0.8022432,0.028041061,1.2235413,5.649743,4.174228,350000
9.32172,0.26048344,1.8745029,5.828062,4.1122236,103000
-0.21256396,0.017319478,0.3094534,8.52441,1.9941008,130000
-0.31454635,0.4748907,1.8170313,4.8396935,3.505335,175000
9.252298,0.36379364,0.8474412,6.1802845,3.0936172,35000
1.667607,1.1463363,1.4431496,6.8532143,2.7636425,298500
8.93121,0.83810353,2.4907823,5.6859283,3.8181827,87900
1.4942008,0.8483186,0.071943894,4.889596,2.6095438,90400
1.711518,0.31874013,1.3233216,6.8917303,3.7109082,350000
1.4878377,0.5476721,1.024056,7.166951,3.4593742,258000
10.077971,0.40397817,1.2135103,6.558927,3.0548139,130000
8.180243,0.4832276,1.9278077,6.6286716,3.265662,359900
8.443194,0.5095892,1.7624254,6.289841,3.0625098,195000
0.6591693,0.480143,4.2418075,6.9345336,3.176171,78620
-0.49261022,0.7009511,1.6453109,4.7414994,2.8767564,134900
0.4634726,0.54636234,4.279268,6.746237,2.995706,85900
1.7609161,0.73177123,1.2075438,7.31237,3.579421,269000
2.2693946,0.87115556,1.3331532,7.183952,3.6067019,430000
8.621924,0.7634464,1.0790424,6.2685666,3.5371678,169000
8.469675,0.5890906,1.6940389,6.720354,3.607587,208000
8.951318,0.7841401,1.7634894,6.0012507,3.5186536,203280
0.5091851,0.5014134,4.260156,6.758925,3.0407531,110000
1.7151082,0.76596,1.3859924,7.3201017,3.5248759,349999
8.391854,0.68152434,1.2967879,6.8014693,3.7266781,325000
8.759843,0.5067154,1.6429209,6.135514,3.1818724,107500
1.4351305,1.0247165,1.056935,6.713954,2.475874,181380
7.952705,0.20883647,1.8285048,6.9465594,3.1489856,566500
1.8123199,0.70688486,1.3511523,7.331545,3.4181292,190000
1.9039207,0.85443896,0.6179368,6.6362667,2.7247322,309000
8.141768,0.5183761,1.5776362,7.2315707,3.8278825,240000
-0.14404583,-0.10694324,1.1310536,7.7334666,1.2443784,59500
2.0251112,1.5074857,1.383987,6.804612,2.9334579,179000
0.7255484,-0.098781094,0.30772522,8.495131,3.49608,127000
1.0129186,0.09282574,0.8552907,7.9384637,3.7145383,225000
2.003705,1.2266452,0.32371706,6.1110206,2.3174355,124000
-0.10098412,0.34080258,1.2802553,8.148202,1.8429841,125000
1.1383468,0.11836331,1.2837604,8.021685,3.4408298,185000
2.2257156,0.59614784,1.4697617,7.3898625,3.7193804,550000
0.78800756,-0.27830702,0.99050725,8.292488,3.6138473,135000
1.6330898,1.1825473,1.2402321,6.8133364,2.7006774,235000
-0.1938257,0.07276135,0.6206471,8.558257,1.9813445,165000
2.1259406,1.2912482,1.2611511,6.9118466,2.9651968,145000
0.55394936,-0.15924779,0.12253642,8.355896,3.537793,137000
8.423927,0.4031844,1.40158,6.986782,3.7626314,159800
9.011339,0.8336078,1.3820822,5.7890916,3.3348908,159600
0.4993112,0.54279727,4.2522388,6.796462,3.0062559,74000
-0.20953341,-0.23079957,0.7056966,7.9519134,2.3009558,65000
2.7295396,1.454721,0.031294197,5.7852755,2.391363,149000
2.0074565,1.13724,1.5965102,6.924655,2.5818212,188000
2.6690962,0.4701858,1.812239,7.16442,2.8092606,240000
0.8185115,0.105890796,1.0339152,8.363839,3.6303227,116990
9.790427,-0.3313,1.8713186,6.115014,3.6963582,85000
1.8635963,0.9193218,0.6486071,6.668062,2.6929483,304000
9.557663,0.16954131,2.196328,7.1763473,3.7548037,111900
9.084797,0.1223842,1.9785566,5.85665,3.8326166,67000
0.1259483,0.18164377,1.0615108,7.737682,1.2163415,84900
8.426577,0.44948417,1.8114649,6.280852,2.991854,249000
1.9883112,1.1508086,1.68431,7.011229,3.0247438,137000
0.17180057,0.2418919,1.1632036,7.852558,1.272795,52000
1.616728,0.68063015,1.1651083,7.3005905,3.3781633,139999
-0.13953963,0.15061942,0.7507485,8.552656,2.0696948,255500
8.834705,0.2278606,1.3247668,6.8890953,3.4614666,125000
-0.119280405,-0.9568927,1.2531153,4.2711983,1.9548569,70000
0.7997807,0.116532795,1.0397577,8.372113,3.6406288,105000
1.1891778,0.15132114,1.4101712,7.9256353,3.2919385,310000
0.6059595,-0.0049165566,0.687661,8.602383,3.0912504,199000
0.90046096,0.33077502,3.407602,6.7960234,2.9510646,144900
8.719446,0.31197992,1.8366909,6.8728504,3.859504,395000
8.440471,0.74667126,1.3526775,6.318217,3.314969,160000
2.420575,1.0792189,-0.19442709,5.8746395,2.231782,71148
9.01295,0.8311827,1.3680849,5.7900167,3.3315527,138122
2.2483568,0.8754967,1.3500786,7.202086,3.6705735,390000
8.321611,0.4205065,1.7728082,6.8544035,3.433753,579000
10.690982,0.6844903,1.5275486,8.246386,3.6009555,735000
-0.014595463,0.39903834,1.2966111,8.094635,2.0119493,146000
2.2097368,1.0446334,1.2516093,7.0636244,3.561462,356950
0.26646435,-0.15664841,0.04370151,8.180793,3.3699737,124000
10.18221,-0.29534456,1.9333843,6.1018224,4.0309625,57000
10.85439,0.69556075,1.3470014,6.6880136,3.1718733,99000
0.06684775,0.3875192,1.5682957,4.8824754,3.8457432,165900
-0.50050753,0.86547047,1.4384675,4.2349906,3.3029752,118200
1.1145909,0.30754057,4.3180823,7.3807173,3.865863,116900
8.3786545,0.68296593,1.3456507,6.8621492,3.7615035,302500
9.585762,-0.34168348,2.102204,6.508251,3.6413224,110000
10.275836,0.49881953,1.7643085,5.7801466,3.1393592,75000
0.16830029,0.080488294,1.3015444,7.9247785,1.4172761,58000
8.571533,0.53108984,1.4922091,7.0724435,3.7489848,269000
2.0571034,0.96785223,0.015553183,6.1391296,2.2897964,144000
1.9201005,0.8448405,1.2037157,7.2260566,3.5558605,423000
-0.3612717,-0.13696118,0.05072445,8.767629,1.302406,64499
0.5371123,0.5078646,4.2182727,6.8021936,3.0371325,100000
9.921311,-0.2517607,1.9916216,6.1240015,3.1367447,89990
0.35927534,-0.30565912,0.42107087,7.7944803,3.5613916,149900
8.487093,0.4384622,1.642095,6.312555,3.058924,170000
8.892142,0.27063927,0.96996224,6.2454185,3.3194153,124999
0.9011876,0.022057476,0.93959004,5.5312233,4.4160323,165900
2.1552367,1.0288954,1.2359043,7.0621977,3.5757606,254100
0.75964874,0.08593793,4.0402107,6.1959515,3.1500528,128000
2.4546227,0.49153718,1.5764489,7.385605,3.9438612,850000
0.48965487,0.40738508,4.388238,6.515897,3.0485017,127500
8.996684,0.017255621,2.023416,6.6931386,4.0643945,167000
2.294086,0.84134895,1.3080637,7.209581,3.6385868,475000
8.791159,0.81525224,2.6284287,5.972918,3.7409446,190000
1.8664867,0.8203551,1.2244847,7.24799,3.553966,445000
10.281546,0.33879048,1.6339694,6.489117,3.239526,115000
-0.20532459,0.05344062,1.0226656,8.224767,2.111752,119999
8.109176,0.51342636,1.5868598,7.271715,3.8297727,485000
10.274609,0.39705834,1.7938981,5.7490034,3.1337917,67000
8.347193,0.4761399,1.4642154,7.1172147,3.852215,95000
2.3805258,1.0207607,-0.14877482,5.8459883,2.3297656,115500
9.585145,0.3546947,1.7460879,6.476348,3.917956,169000
0.64887094,-0.323206,0.71984065,4.8797674,3.1161423,73140
9.312207,0.1127291,2.2000885,7.3247557,3.344788,159000
8.959818,0.80605555,2.4733365,5.738231,3.775815,105500
0.60186696,-0.016357843,0.6946308,8.57103,3.0557308,225000
2.2035024,1.2072637,0.034721144,5.7219563,2.3128393,150000
9.54923,0.39963314,0.8309935,6.1771884,2.9619362,85000
-0.3169839,0.02653653,0.43586895,8.725447,1.7636639,91999
-0.5479897,0.09572507,0.6204074,7.5791125,1.9426881,91490
0.26322812,-0.33543062,1.3307471,5.162487,3.1762192,103000
1.0903603,0.32878375,4.2374806,7.3062983,3.7202966,118755
2.0513735,0.7757773,0.7208871,6.4193482,2.000219,146990
10.170251,0.43807262,1.580356,7.9081583,3.5537019,235000
0.16093194,-0.47697833,1.3761641,4.9224825,3.033992,89900
1.4023749,1.1449609,1.4856567,6.855038,2.862343,210000
9.10701,0.5390464,1.6407502,6.0004964,3.7408254,188999
0.9402983,-0.002551903,0.8438466,5.43296,4.5184965,121605
-0.12975511,-0.9807074,1.1329825,4.2460146,1.9901843,47900
10.66068,0.4674406,1.3517416,6.9532948,3.1724923,93000
-0.36383724,0.901763,1.1096741,4.0441833,3.2501843,99825
8.239191,0.46370792,1.4953805,7.165791,3.8449695,95000
0.7171175,-0.28050292,0.07751923,8.508296,3.5633328,108000
10.285476,0.20870881,1.3948206,6.4964423,2.9077828,145000
-0.50944996,0.6677589,1.8822281,4.5383425,3.5282326,55000
1.9073198,0.8425293,1.2238916,7.24158,3.541464,395000
9.250787,-0.17738844,1.8429428,7.6871347,3.2894073,90900
9.9766655,-0.4807924,1.9503837,5.8770638,3.8794875,53000
2.2255456,1.2316368,0.031336885,5.7192793,2.3026457,122000
-0.45969918,0.20394248,0.22085567,8.924255,1.5385643,107000
9.863565,-0.29180595,2.1937075,6.5536985,4.3644395,127000
9.650955,0.39298564,0.8320665,6.198738,2.9353423,56000
2.425171,0.25205103,1.6666944,7.1875176,3.31567,420000
9.860426,-0.3147171,2.2143042,6.553944,4.3753843,127000
8.947956,0.7120711,2.4711254,5.8097253,4.0123453,145600
-0.43929106,0.8641447,1.384846,4.2588954,3.261673,106000
9.927571,-0.21215309,1.9888927,6.1151814,3.0909526,85000
1.013118,-0.10222464,0.9166611,5.500468,4.746672,190000
1.1419191,0.29925606,4.3270197,7.3972726,3.890893,142905
-0.24995579,0.93004274,1.2398869,4.4129376,3.0544724,87900
1.1289002,0.2977246,4.3289485,7.3886986,3.883805,134500
-0.10402993,-0.021886606,0.32193655,8.456187,1.3660241,81000
1.6214203,0.7746934,1.2138901,6.999628,3.618717,268622
9.403678,-0.37110892,2.260622,6.9498186,4.027145,145000
9.335668,0.1561422,1.9364367,5.722942,3.5739102,110000
0.44269267,-0.3926916,1.4033953,5.2439585,3.4280849,132000
0.94170934,0.3315375,2.3141506,7.1656566,2.5445254,127500
0.53465945,0.22907099,4.521294,6.1903987,3.094855,112000
-0.4278666,0.84134686,1.4688475,4.3891697,3.2724407,115800
8.067704,0.520142,1.589619,7.294875,3.8389864,515000
10.071859,-0.04099012,1.2442065,6.2806344,2.449415,117990
9.607715,-0.5321364,2.4454346,6.914483,4.2877545,177000
8.090466,0.52798164,1.529167,7.31738,3.890949,308000
0.08734871,0.087630145,1.1042979,4.4504023,3.1111257,114999
1.7867322,0.112829156,1.2675828,6.725152,3.319501,195000
9.340577,-0.11131802,1.8305577,5.5343304,3.9991443,64900
0.87529093,-0.07302616,0.8236783,5.3152175,4.59736,121500
0.5649116,0.50336146,1.660291,6.207655,2.5988166,120000
0.6213398,-0.16144986,0.12034475,8.704197,3.569071,149500
9.6255865,-0.5214836,2.449592,6.9033475,4.294273,117000
-0.4294275,1.0456483,1.2178985,4.13247,3.0896075,74250
-0.2582888,0.927083,1.2397058,4.401271,3.0640996,105000
0.6330848,-0.22575812,0.887002,7.742676,2.867597,205000
9.646364,0.40351048,0.8229666,6.1900473,2.9372802,81000
-0.38316333,0.5315386,1.7966039,4.763313,3.412256,86500
0.59066945,-0.29313144,1.2495371,5.4709377,3.6559582,169900
0.6606013,-0.023311807,0.65138376,8.658728,3.2131727,230000
-0.9148543,-0.024135986,0.58463925,7.8198957,2.0116057,69900
1.5012087,1.1007881,1.2432103,6.6838374,2.6592498,213740
1.5230536,0.84662867,0.06874335,4.915842,2.6350343,148500
-0.16629146,-1.0137652,1.146376,4.197415,1.8952807,64100
0.92855537,0.02562852,0.9409709,5.556341,4.431161,125900
0.84444946,-0.10629456,0.8441168,5.2773876,4.6172905,98280
-0.4792339,1.0692971,1.1787963,4.0261807,3.1060834,73780
0.9506236,0.36202455,3.5037916,6.992265,2.9997714,94600
9.242139,0.62517804,1.7184557,5.8035455,3.2963147,37500
1.9396733,0.9473896,0.45531964,6.4039106,2.601679,165000
8.876298,0.3741045,2.0676315,6.46734,3.91194,231120
9.083112,0.54528886,1.8350452,5.9448075,3.6915457,156500
2.0273786,0.46019998,1.6430777,7.2713013,3.8312624,250000
1.5613887,0.6927921,1.4770076,7.349215,3.5074208,217000
2.3757734,1.0603305,-0.16311303,5.939935,2.2304497,58800
9.658348,-0.28897613,1.8508173,5.83223,3.8546822,53000
0.89887846,-0.14095438,0.8648191,5.941869,3.1124704,243120
1.8782655,1.0220377,0.48497033,6.383349,2.5792117,139000
1.803815,1.1192592,0.5250391,6.3370805,2.5200377,100000
0.52406895,-0.32676575,1.2369745,5.4104333,3.5940733,156500
1.1393872,0.2101682,4.688316,7.5185328,4.32671,116900
0.837634,-0.1270314,0.83764595,5.253214,4.6292963,128925
0.82713795,-0.12251057,0.83569247,5.250728,4.6280394,110743
1.8899347,0.9446471,0.077745005,5.4497333,2.4820895,136900
0.5971748,-0.02878774,1.3251569,5.4710493,3.944021,185000
8.443794,0.5811271,1.366054,6.903266,3.73454,329999
1.0520334,-0.16477586,1.0600797,8.452526,3.6865013,174999
9.812747,0.16468863,2.3327827,7.059056,3.9801,141000
0.5012232,-0.27958316,0.6866023,7.6607013,2.941794,143000
2.3628812,1.2827328,-0.05932704,5.695515,2.237151,63000
0.6926978,-0.18389688,0.8228794,7.731723,2.9309573,195000
2.1709754,0.73432493,1.3292243,7.118111,3.615842,375000
0.83425665,-0.34264848,0.25853541,8.175976,3.6226196,103999
10.34324,0.28302822,1.6257086,6.4495964,2.9662967,147990
10.021858,0.16017614,1.8588407,6.322351,2.739959,119999
1.4507267,0.06823384,4.9677935,7.416833,4.2123084,133705
8.955926,0.21615264,1.0339468,6.272437,3.1932929,70000
-0.30386218,-0.043747798,0.95286256,8.138324,2.1262944,115000
0.5254487,0.40893838,3.6652472,5.981658,2.9649851,102477
2.0252612,1.0030272,0.055435877,6.1444936,2.2818503,140000
1.9299568,0.90767,0.56486917,6.4400783,2.5541506,204990
-0.45523426,1.0616294,1.1826307,4.0520167,3.0960116,82500
9.340517,0.112920314,2.1982703,7.3405957,3.4924824,129999
2.0264432,1.1872516,1.568903,6.899494,2.619336,169000
1.8639184,0.92375064,0.63577384,6.6512237,2.6816125,304000
-0.07406079,-0.0096023865,0.36691374,8.371096,1.274098,86000
9.638984,0.39981598,0.8301807,6.1880827,2.9386399,81000
9.052892,0.691379,2.3726914,5.8021703,3.884346,105000
1.0746545,0.19165815,0.72946364,7.827013,3.5454323,294900
-0.2286022,0.26639804,0.8357869,8.406738,1.834311,55000
1.0139254,0.17936695,0.6510214,7.931182,3.5395796,295000
2.3732858,1.0495479,-0.15951225,5.883926,2.2690644,63000
1.110305,-0.12404707,1.052764,8.411244,3.7573001,143000
0.26984945,-0.14802852,0.7742746,8.027699,2.4112895,93000
10.642573,0.6292724,1.4785166,8.285129,3.6371152,210000
-0.0018359141,-0.86731875,1.1070714,4.4671097,2.315581,69500
10.243687,0.33716735,1.2284427,6.6394815,2.9958777,136000
0.32218623,-0.5676818,1.3544093,4.984363,3.1697702,98000
8.7677765,0.77889436,1.540635,6.327627,3.5256448,160000
8.694297,0.5054601,1.7278397,6.8973684,3.7671392,287000
1.2126622,0.5606289,2.376697,7.1461287,2.7477894,120000
0.63537776,-0.24456339,0.8889502,7.761901,2.9382615,200000
-0.15743025,0.22576594,0.83571064,8.526831,1.9748632,119900
0.31555134,-0.55402964,1.3693879,4.989666,3.1903071,92500
0.32199326,-0.539429,1.373625,5.01613,3.1947033,91000
8.593563,0.7669587,1.087389,6.315836,3.517336,165000
8.614898,0.3292977,1.8892177,6.9192324,3.577093,111000
0.02910587,-0.7681241,1.1802586,4.595315,2.4818568,74000
8.529298,0.5360694,1.5363991,6.325944,3.2352555,178900
1.2851074,-0.036550652,0.90784836,8.068535,3.769707,349000
1.0808562,0.014512427,1.0017333,8.013783,3.7245057,285000
10.635207,0.5323163,1.3514291,6.838075,3.2770557,149800
0.7483199,-0.44596875,0.044277146,8.506428,3.75606,125800
10.531075,0.5759992,1.4312075,7.656383,3.654339,185000
0.5944757,-0.0118104005,0.6823828,8.615839,3.0670965,165000
0.93650526,-0.10674614,0.8629372,6.0417705,3.1160913,301750
0.5461265,-0.3121624,1.2599092,5.437914,3.6189144,181900
0.2651149,-0.2948301,1.2364131,5.20253,3.1987479,104400
1.8112266,1.1086302,0.51147753,6.3474073,2.5172775,113000
0.5314481,-0.41449067,0.8680454,4.9067216,3.099459,93500
0.6747489,0.4898177,1.702948,6.386482,2.5732007,116500
10.61551,0.31980476,0.9666778,6.605708,2.8398325,105000
8.925768,0.091522574,1.110731,6.0735774,3.539884,60000
9.299057,0.13467567,2.2026525,7.1868544,3.2703366,113999
0.1381722,0.32710168,1.2892259,7.9296265,1.4781489,39500
0.12046289,0.008401726,1.22223,4.609289,3.1499202,157000
10.295288,0.69021565,1.8160379,5.903768,3.1574605,39000
2.320976,0.4856281,1.5716792,7.326971,3.9172692,768000
1.3758621,-0.15992916,0.96933734,6.973165,3.0096695,789000
2.272999,0.57769126,1.4210861,7.2088313,3.4528785,660000
2.2284393,0.7703468,1.4122388,7.203221,3.6192544,583000
2.2280164,0.6981106,1.3786666,7.1911364,3.5025394,561000
1.9267414,1.296306,1.4568224,6.8616395,2.8421745,286000
3.1259437,0.15651265,1.9077278,7.146627,2.5594347,453772
3.1125035,0.1417837,1.9064918,7.156621,2.5360818,273995
3.136573,0.16927938,1.9310317,7.1617994,2.561111,221482
3.1308491,0.15252557,1.9169339,7.1629915,2.551114,249804
3.1408565,0.16234098,1.9299968,7.1638794,2.555275,242840
1.4501833,0.059137117,0.9329844,8.0709505,3.8311155,350000
2.0510054,1.4643303,1.3603315,6.8401732,3.0389044,190000
2.0387259,1.4554673,1.3629919,6.8468075,3.04234,206850
2.0364192,1.4648627,1.3597759,6.8412695,3.0406425,232000
0.7129099,-0.1715764,0.8883285,7.677196,2.9789398,250000
2.1571906,0.94149065,1.3089606,7.1421347,3.5141535,375000
4.266499,2.181761,1.4762921,7.0068893,4.350124,464000
4.2141657,2.2190874,1.4739956,6.9508924,4.3276963,319000
0.44909522,-0.08001618,1.0505298,7.783587,2.463209,130000
2.3132076,0.66006356,1.4399526,7.330775,3.8131108,534000
2.1266284,1.0290942,0.047182884,5.7595496,2.426742,150000
1.996531,1.1033969,1.5724738,6.937114,2.5889652,222000
2.050006,1.0915958,1.5858326,6.9391165,2.5766375,222000
9.600568,-0.33024248,1.9212058,5.940744,3.7902064,96000
3.1420915,0.16426283,1.93422,7.164451,2.5595753,221482
0.16362706,-0.17183737,1.3224663,5.167939,3.0368323,79900
1.8052292,1.1290988,0.51442534,6.330599,2.4929461,101000
8.366983,0.4984366,1.6888918,6.906153,3.595042,365000
3.123522,0.18156032,1.9517289,7.1812234,2.5763214,223587
3.1248872,0.14861968,1.9181409,7.167665,2.5502844,246857
3.1269877,0.14619459,1.9095106,7.1552052,2.5383348,270643
-0.47257215,0.21415135,0.23478921,8.935527,1.5359082,99900
4.300969,2.221243,1.5216192,6.943186,4.2980175,160000
1.9999303,1.3745546,1.3814619,6.8686724,2.9758966,280000
0.6773817,-0.11165208,0.3872803,8.581567,3.5185058,115000
2.059171,0.9791347,1.5633878,6.857428,2.408621,290000
2.3176546,0.67808604,1.415138,7.2957053,3.8221796,590000
2.3008368,0.80266327,1.3195752,7.250633,3.759122,720000
1.9357387,1.3029745,1.4532082,6.880701,2.897838,308000
1.9042672,1.2618183,1.4514928,6.882837,2.8746834,330000
2.2568274,0.7281994,1.3868009,7.197123,3.5824952,572000
-0.52221906,0.21303572,0.7870345,7.5949655,1.90154,83500
10.531604,0.5166064,1.5102533,6.82029,3.1662712,90000
9.828105,0.17020941,2.4546788,7.115381,3.9831712,117000
8.421388,0.5764076,1.6290227,6.312526,3.1670551,240000
0.24642833,-0.33431926,1.3236318,5.1784644,3.143164,97500
0.2466199,-0.11554139,0.9112096,7.978924,2.2661176,65000
1.9170916,0.6592092,1.9533972,7.127002,2.7914162,168000
8.404784,0.5426137,1.5928211,6.943564,3.7161372,305000
8.58567,0.47629443,1.9279853,6.3196115,3.0447893,185000
8.546057,0.4641431,1.9144714,6.373671,3.047805,199800
0.20693515,0.20190018,1.1586066,7.744468,1.2049242,38000
1.904752,0.65987056,1.9583923,7.1271186,2.7884321,171000
2.1649282,0.5610177,1.7910206,7.1974196,3.158245,373000
-0.34567446,0.8941246,1.3099366,4.33879,3.1831152,125000
0.21655053,-0.4849541,1.3950534,4.9791856,3.0943196,89900
10.327732,0.6490635,1.6911553,5.955317,3.2371724,25500
1.0029618,-0.07076292,0.76020676,8.077818,3.4317324,293000
1.8688017,0.70968425,1.9442104,7.121277,2.7654235,186000
10.158299,0.21244095,1.3419783,6.464779,2.8887126,118900
2.3702226,0.47416386,1.5356144,7.436224,3.9796262,790000
1.9541249,1.4129908,1.2947819,6.81475,2.8547776,210000
0.8120068,-0.3268432,1.0905347,8.240191,3.4079337,129500
2.063132,0.4988026,1.6410629,7.304681,3.827488,320000
-0.08756741,0.039442156,1.2102952,8.22853,2.0888743,75000
9.092774,0.6772995,2.1662416,5.8060045,3.6378086,75000
0.72522706,-0.47803035,0.027010558,8.4756365,3.7302363,99000
0.13656999,0.19868217,1.1131994,7.7439137,1.1724888,75000
9.219643,0.67443705,1.9474262,5.813367,3.438244,39990
2.0201035,0.5382958,0.73924077,6.6431346,2.7740533,270000
9.253554,-0.24397673,1.8879325,5.6733828,4.1421213,83000
-0.3435288,-0.1238072,0.061662365,8.75892,1.3311498,105000
0.36714444,-0.4456399,1.4634919,5.149818,3.285469,115650
9.393209,0.29475695,1.7066855,5.5612693,3.7270389,41000
0.17581308,0.0018129111,1.3604906,5.1637244,3.1535811,114000
0.6755355,-0.31865126,1.0210879,5.386893,3.8514915,149000
0.16903551,0.10999321,0.99142635,7.760072,1.3834996,67000
9.316607,0.14772716,1.8592293,5.794497,4.1451035,106000
0.6739976,0.00018498994,4.776244,6.0705123,3.2790377,86100
1.4835904,0.12332244,4.7589593,7.3978553,4.053082,123400
10.499609,0.3064652,0.8288459,6.7071943,2.961878,94900
-0.12626532,-0.10361542,1.1293628,7.7188587,1.2582809,89000
1.4478766,0.50252765,2.1193805,7.345638,3.0124588,292000
9.558687,0.13114329,1.571269,7.6971135,3.4880924,140999
1.840162,1.1331853,0.47499746,6.3081336,2.503566,99000
0.3485843,-0.44418675,1.4622054,5.1309524,3.2618496,77500
8.867202,0.6801938,2.508133,5.884536,3.983215,224000
8.202246,1.0285531,1.4700166,6.6680684,3.8323362,104000
8.919088,0.28669068,1.0251215,6.274819,3.5116336,150000
0.6759539,-0.32462788,1.015799,5.381103,3.8492084,149000
8.84622,0.34613684,0.8998425,6.3040195,3.3868084,81000
2.406914,0.96791726,-0.17399956,5.886534,2.330434,115500
0.15523861,0.1124472,1.2057348,7.818129,1.2642337,75000
-0.20494439,0.0008968085,0.35143462,8.664626,1.8890511,117000
-0.5080162,0.9339901,1.2664831,4.0420427,3.2886975,85320
-0.124212086,-0.82137823,0.8945002,4.2627378,1.8202621,75420
8.787626,0.6141079,1.5146086,6.097273,3.3953831,155000
1.5561509,0.5418434,1.6250784,7.325789,3.1908057,260000
1.1289164,0.20242721,4.687569,7.5424957,4.33013,118755
1.1179854,0.19998786,4.701675,7.5426607,4.3483253,116391
1.1181821,0.1930853,4.7060394,7.5385723,4.34866,122000
0.5514539,0.41497383,3.585103,6.031665,2.9777558,102000
9.505031,0.39578763,1.2516111,7.03359,3.6508465,199650
0.7195564,-0.19310707,4.9358788,5.9625463,3.3966758,84500
0.07705018,0.26873925,1.0258334,7.5800643,1.1174322,138000
0.41394174,0.3091082,4.507715,6.0306654,3.0358057,90000
1.1819608,0.18616663,4.6420145,7.5003276,4.265945,129920
0.43923116,0.28647035,4.5284367,6.0470486,3.0396812,79781
0.24288419,0.50527185,4.089434,6.120292,3.076803,70655
9.067061,0.52470887,1.5845634,6.0176873,3.825835,155223
-0.51004356,0.8653186,1.4421606,4.224088,3.318721,110000
8.8828125,0.77523226,2.4735844,5.864301,3.8334894,120000
1.6810933,0.44720423,1.9183768,7.44696,3.0398393,290000
1.8259927,1.1353396,0.48837236,6.3198786,2.4724443,72000
0.16641697,-0.23287183,1.3056444,5.1520386,3.0045178,67900
9.543259,0.12382783,1.3748606,7.8757296,3.5389075,109999
8.476768,0.63693905,1.5952367,6.3715014,3.3429203,260000
-0.46523842,-0.10605848,0.7351068,8.044344,2.179854,99999
1.7382033,0.7588146,1.3492174,7.22767,3.5928876,345000
0.021455195,0.27927172,1.0755734,4.354367,3.110021,118500
2.0194974,0.6508421,1.3932278,7.3657384,3.8007069,375000
9.331758,0.47750694,1.5612625,5.7101903,3.4939919,59000
8.753686,0.4897714,2.2233973,6.534685,3.3984241,135000
0.835746,-0.11929306,0.8363568,5.260191,4.616985,133999
7.960272,0.20059067,1.8418307,6.9143887,3.1145225,375000
1.4883852,1.1646247,1.5130962,6.9218035,2.8063812,200000
9.473462,0.22497214,1.9086683,6.1608562,4.067975,169900
0.28761,-0.33753756,1.3225386,5.1698966,3.1595752,103000
2.3177161,1.2293459,-0.054405697,5.8103876,2.2224505,67500
-0.18047643,0.38574222,1.2146889,8.079268,1.9158437,116500
9.659495,-0.68629533,2.4778135,6.8505406,4.399175,80000
9.361974,0.22980215,1.8462479,5.8908896,4.124627,96000
0.010571408,-0.80600667,1.1790388,4.5565596,2.4326563,74000
8.355896,0.55833596,1.5407583,6.937573,3.7064657,410000
8.772702,0.79190135,1.1281396,6.131919,3.4287665,129000
0.8692095,0.057720516,1.0355434,8.265133,3.7129126,119900
1.8043433,0.74768865,1.2064942,7.3109655,3.6016114,350000
8.767748,0.78240037,1.4916848,6.2932825,3.5231712,159500
1.2050412,0.7218458,1.5879865,6.9562187,2.3360465,158900
8.632297,0.7746663,1.0793005,6.264698,3.5206044,129000
0.42482093,-0.27500272,0.5002675,7.8171453,3.6014183,120000
-0.31900746,0.06017708,0.4226172,8.63402,1.5564709,129900
2.2339365,0.97646207,1.3868036,7.024964,3.094159,225000
2.3919675,0.6176349,1.5299382,7.109659,3.0788622,220000
2.1124291,0.7798159,1.3749628,6.931255,2.7747016,155000
2.3013763,1.0635676,1.3453637,7.0626597,3.2151763,240000
10.204902,0.45213392,1.5681031,6.352413,3.3605745,40000
2.159172,0.7532786,1.4072917,6.9542475,2.8104904,220000
2.1241357,0.8043828,1.3967031,6.9394064,2.7883458,175000
2.1118462,0.7353815,1.370614,6.9261527,2.760096,155000
9.260356,-0.1502985,1.8283647,5.549365,4.0636606,58500
2.1072998,0.78616184,1.3814775,6.919722,2.7354097,175000
2.118651,0.78172314,1.36243,6.959795,2.8901849,225000
10.035256,-0.5619983,1.9590174,5.813886,3.8436325,58000
9.361087,0.14337485,1.9034826,7.4250684,3.6261308,226000
10.180043,0.23520516,1.3183692,6.48075,2.9245698,135000
9.245201,0.12321146,2.115452,7.2901735,3.4893186,179000
9.307967,0.15941949,1.7211,5.9617033,3.7267299,250000
0.61732614,-0.16276887,0.083251506,8.712167,3.5754602,138000
8.583147,0.60388243,1.6306536,6.8838043,3.7555797,216000
10.223445,0.24165148,1.2633383,6.514823,2.9159753,135000
1.3891778,1.0517232,1.0997118,6.6434336,2.5280046,118000
0.2692155,-0.3370264,1.2701046,5.1922464,3.1948957,180000
-0.35000652,0.73658,1.6184803,4.642258,3.3739958,145000
0.52132183,0.50145835,1.6333795,6.109079,2.6301153,133000
1.9728693,1.0369533,1.3705453,6.7588835,2.429171,224999
8.628518,0.53360975,1.533037,6.83282,3.7956083,454999
1.1659831,-0.090414576,1.1102082,5.9563923,4.245038,164900
9.263301,-0.27558672,1.8827467,5.715202,4.1551313,136000
-0.5583593,0.71313995,1.8845371,4.503371,3.5194795,93000
9.258482,-0.2616777,1.8889176,5.7870827,4.1544576,94500
10.690786,0.5960699,1.394138,7.084378,3.4244769,103700
10.390791,0.25548625,1.4737453,6.4936113,2.9376504,138900
10.653922,0.64161146,1.4491475,8.134485,3.638735,199900
9.39918,0.041832495,1.9597917,6.1256714,3.0615218,173000
0.7637729,-0.18609129,0.68205804,7.801715,3.754643,175000
2.6608632,0.52213794,1.8071412,7.1425924,2.7564068,228000
0.93621236,0.041974597,1.1684407,5.748664,4.2668424,160000
-0.3060554,0.054257322,0.6110466,7.802733,2.0435636,90000
1.5889515,1.1509696,1.5210329,6.969073,2.7268305,229000
1.5444698,0.38005885,1.3778067,6.7881007,3.681798,250000
0.019965297,0.051519804,1.3889014,5.028855,3.1135416,180000
4.1191373,2.129572,1.4745791,6.928606,4.227621,160000
9.270716,-0.03978026,1.8521467,5.6245694,4.112103,58500
1.215776,-0.0022134734,1.0568452,6.3113647,4.025436,220000
10.635952,0.54050756,1.3676114,6.8254004,3.2927363,59990
-0.11049811,0.3555584,1.9106014,4.9046273,3.790883,112000
0.09190133,-0.021013867,1.3653361,5.0902696,3.1434622,180000
0.08371047,0.04224788,1.4589745,4.797986,3.245879,135000
-0.10244289,-0.9982146,1.1756706,4.2684016,2.048351,57500
9.840242,0.044186383,1.9814891,6.5681877,4.096517,150000
8.672775,0.39005077,1.7590235,6.8923974,3.8369656,359600
9.303865,0.21525143,1.8047372,5.813895,4.0474796,74000
9.256191,0.5329627,1.8788332,5.9073124,3.1581142,43000
9.412361,-0.3689803,2.2548733,6.92489,4.0094566,150000
0.0747393,0.100731425,1.1333643,4.464563,3.1195676,115000
-0.41797113,0.8992369,1.1344193,3.9918306,3.2806387,93000
9.690266,0.1500144,1.9116486,6.3338637,4.1185784,130000
-0.06970748,0.20716707,1.4492581,4.9186773,3.106188,130000
10.43504,0.302835,0.97522044,6.667841,2.9556484,93499
8.849922,0.25168747,1.3314241,6.980818,3.527573,138000
-0.45777184,1.0286628,1.1563908,4.0090365,3.151143,73220
-0.42792258,0.6555923,1.7722679,4.597634,3.427776,124000
-0.4534107,1.0307578,1.1556458,4.0164957,3.1432693,72660
9.745463,-0.50891703,2.3523295,6.56506,4.461355,167500
-0.25330022,0.92862016,1.2353148,4.405277,3.0587587,87500
-0.44002038,0.6576543,1.7763258,4.6012454,3.4630907,140000
1.0628405,-0.12526655,0.9838213,5.602733,4.7255106,240000
-0.3352111,0.08678928,0.9248226,8.052864,2.0784385,179999
9.217063,0.24048561,1.833494,5.759772,3.9632924,104900
0.31658757,-0.42563334,1.4412837,5.120808,3.2239048,76500
-0.36698103,0.91820145,1.101187,4.029992,3.2246108,116765
-0.065052606,-0.7005128,0.70641613,4.278405,1.7964329,83490
-0.061072458,-0.69629663,0.7209098,4.282711,1.8058068,78650
-0.90786445,-0.016433192,0.5973944,7.8385525,2.0060217,89999
9.601747,-0.24328461,1.9199975,6.471649,3.4739454,138000
0.32180387,0.094809264,1.4154228,5.290477,3.277283,228690
1.9563642,1.1872363,0.28847837,6.26201,2.2751243,55500
1.9114599,0.9210127,0.6345429,6.472543,1.8501066,127000
2.3146904,0.76645017,1.3347987,7.2510233,3.729603,750000
9.851939,-0.3523026,2.241709,6.561912,4.3880744,124000
1.4841493,0.8526699,0.062268,4.879603,2.6159415,105043
1.484041,0.85821635,0.063557014,4.883693,2.6094532,104591
1.4837428,0.85929024,0.062397685,4.880904,2.6079183,95346
1.4837534,0.85795015,0.060988422,4.877548,2.6094956,96568
1.4617212,0.87518746,0.040836763,4.854953,2.6219704,103100
1.51417,0.8322744,0.07652001,4.9112244,2.640052,154476
1.5220206,0.83662754,0.07614164,4.920165,2.631996,115719
1.4830351,0.8600631,0.061502147,4.8804245,2.6076744,95631
1.4902359,0.81055146,0.09673659,4.8857603,2.666154,154477
1.4939591,0.8726785,0.041021943,4.890211,2.6652687,121000
0.72523874,-0.41769224,0.8086796,5.11062,3.9612923,136125
-0.31857812,0.095778026,0.89188516,8.07925,2.1399431,248999
-0.23916012,0.16017997,0.55054957,7.6819553,1.9928341,88500
1.9354043,1.3346043,0.20692915,6.2348843,1.8799931,49900
0.69525784,-0.2732506,1.0528158,8.03021,3.0802386,129500
0.8171315,-0.08369297,0.8928172,5.3105035,4.580397,118500
-0.4438107,0.83110356,1.4375129,4.2663817,3.2878826,109000
0.84404093,0.032532856,1.194626,5.663867,4.264187,150000
9.354336,0.47467306,1.4849302,5.6305423,3.536263,61900
-0.56935114,0.26103637,0.1538806,9.062688,1.4525137,88000
0.7328887,-0.4623118,0.046604518,8.454752,3.7140074,112000
-0.606526,0.7729556,1.6676437,4.6681275,2.7940786,72000
4.754258,3.6105776,1.445536,7.0201797,5.190513,274500
-0.3082502,0.530018,1.8076504,4.717238,3.5480082,105000
-0.34261122,0.5549737,1.827092,4.6918693,3.5455854,105000
2.2115433,1.1992998,0.0326708,5.7175727,2.328712,122000
0.9623988,0.34971046,2.2900999,7.189851,2.5427434,127500
2.003105,0.805393,1.4909158,7.2449145,3.2235394,245000
0.068008415,0.089048214,1.1269339,4.441684,3.1105094,111925
2.335083,1.173684,-0.10968414,5.8472834,2.2382524,63000
10.66337,0.58520454,1.3927969,6.9667106,3.388753,120000
0.0743481,0.0686559,1.2468232,8.029186,1.6060122,72000
8.874902,0.25712684,1.1913725,6.446526,3.684689,130000
0.87764955,-0.015146266,0.88155884,7.995806,3.7343752,169000
10.066481,-0.017038278,1.2572429,6.3035493,2.4928088,100000
9.065937,0.6013885,1.8041215,6.0059557,3.51251,299900
9.360408,0.14875951,1.7754716,5.503087,3.9311495,49000
0.8772964,0.033618033,1.0141546,8.244719,3.7511027,138900
8.788775,0.8516879,2.6578228,5.8615203,3.8298602,169900
9.509956,0.26230773,1.3286341,7.6481724,3.6347678,125000
9.696223,-0.37023035,1.9654273,6.003423,3.575153,56000
9.946576,0.23406231,2.2666636,7.038531,3.94387,119500
-0.20630066,-0.0009241291,0.3189338,8.247388,2.2725573,113000
9.874181,0.2305614,2.360738,7.111046,3.9385579,169000
10.686595,0.5999261,1.4243891,7.140118,3.4078605,98000
9.98039,0.11646387,1.5429854,6.34003,3.266287,119000
10.305304,0.20355241,1.767817,6.2850595,3.1893215,107999
9.367643,0.10495992,1.5573807,7.588703,3.5667946,124990
1.2147359,0.1874195,4.586765,7.4865108,4.206376,238000
9.919315,0.15155962,1.993943,6.3075924,2.8161967,94800
10.167498,-0.50880516,1.9561183,5.935252,3.9980433,45000
2.1366942,1.252251,0.258074,5.982207,2.2038994,120000
2.4277527,0.4803535,1.5239624,7.0968885,3.0275939,358000
-0.46822196,0.62954986,1.8368447,4.615992,3.4891207,64900
9.319561,0.03969296,1.8099726,5.547984,4.0629253,48700
2.231928,0.97806805,1.5922998,6.9608436,2.5194523,255000
9.647288,-0.49149632,2.2234204,6.3688655,4.3275547,119980
10.186137,-0.51111203,1.9615992,5.9163547,3.9653385,79999
1.9729184,0.93518716,1.2368858,7.091823,3.5328195,305000
9.263084,-0.050972197,1.8507885,5.677141,4.1547885,104000
9.335483,-0.0086015565,1.8078353,5.511955,3.9994175,71000
2.3952837,1.2867337,-0.05954929,5.718364,2.2419765,69800
2.4559555,1.358869,-0.05756863,5.6846275,2.227708,62400
0.69034743,-0.33585152,0.9829478,5.364704,3.8692455,165900
-0.06980181,0.19414803,0.698453,7.9768896,1.0927801,69500
-0.12794171,0.322561,1.0851629,8.304666,1.8685237,79900
1.5941597,0.72790295,1.0947933,7.1221824,3.344531,378730
8.69541,0.7561336,1.0699575,6.329249,3.5544255,130000
1.2333244,0.26751444,4.3625894,7.4415793,3.956893,184000
1.0023869,-0.09442257,1.0471326,5.7008796,4.423058,169000
9.345832,-0.04366733,1.7732123,5.4772983,4.059895,59917
0.1921957,-0.25579342,0.38733867,7.7808356,3.4400997,120000
2.2726085,0.15288661,1.5427202,7.0849266,3.2429543,468000
8.452472,0.6059511,1.6197487,6.2786865,3.2352443,205000
0.52160364,0.26613587,4.3219094,6.1139736,3.0071657,80000
10.161048,0.47633687,1.5359212,6.4110065,3.3916929,46000
0.4790572,0.25210473,4.501613,6.057721,3.0264096,89450
0.24224539,-0.16659,0.04460836,8.147249,3.3651876,98500
1.1998024,0.15076807,4.6637397,7.466535,4.27962,143500
1.5362005,0.23045664,0.7876506,6.930917,3.2705374,155000
1.1949776,0.18118697,4.6148763,7.489038,4.254349,140900
9.713985,0.37021157,0.9832785,6.172757,2.9271662,89000
1.4215885,1.0076649,1.0584016,6.706559,2.552033,243120
-0.13809916,-0.9779827,1.1074653,4.189853,1.8701743,71499
9.187376,-0.09181309,1.990251,6.048838,4.1921782,110000
9.36555,0.21545544,2.1996338,7.224629,3.5695481,149999
7.9046426,0.31308672,1.9494997,6.7055717,3.0198512,299000
-0.04870368,0.2488938,1.2412689,8.236511,1.8821245,120000
2.2403877,0.49045935,1.5678248,7.2982163,3.886559,249900
9.284184,0.31415132,1.955274,5.6296377,3.965512,88999
2.383148,0.9224672,-0.15555662,5.942954,2.332204,150000
-0.09951121,-1.0178872,1.1581043,4.2524943,2.0484142,68500
9.249719,0.101953655,1.8627665,7.358381,3.6835911,134990
0.64870524,-0.22018957,0.8870267,7.769217,2.9111214,152000
1.1131774,0.22186768,0.80064476,7.86481,3.617656,285000
-0.018959813,-0.8838068,1.1218711,4.4389677,2.279654,69900
-0.39183912,0.6562003,1.7098418,4.593695,3.4029868,88500
0.26375523,-0.27599758,1.2393448,5.1969485,3.2067063,118808
-0.6465258,0.15056168,0.69169784,7.665994,1.8401437,74900
-0.25392887,-0.18632238,1.1012614,7.6702266,1.196874,54400
-0.193418,-0.11247755,0.16697732,8.660984,1.5649635,78000
0.9433868,0.0058876923,0.84330237,5.449851,4.5155163,106650
9.150485,-0.09384665,2.0239224,6.149921,4.125304,95000
0.110469,0.08118261,1.0754639,4.455133,3.1023672,76725
0.564835,-0.42417997,0.86065453,4.9639416,3.1059124,103000
0.55028325,-0.42590457,0.87045765,4.958482,3.1095433,100000
0.52734613,-0.2416723,0.5948167,7.7425184,3.5432553,180000
0.2776634,-0.34681687,1.2841765,5.1883416,3.201426,103000
-0.14510757,-1.0273956,1.1646769,4.1912937,1.9352412,68500
-0.09348782,0.17279492,0.81644905,8.535141,2.0746224,150000
-0.15362714,-1.0132961,1.1570269,4.1927185,1.9054879,67500
-0.4720817,1.0527538,1.1463838,3.9997132,3.1325302,99900
-0.21333338,0.44698623,1.860881,4.8011417,3.6645405,103000
-0.38570306,0.9080901,1.1306301,4.041197,3.2497153,89850
8.338078,0.45003825,1.8856875,6.805304,3.380786,369000
-0.03711458,-0.66232854,0.66981643,4.274428,1.7814206,75140
0.12259693,0.14600909,1.2916417,7.9200244,1.4331943,75500
0.5940602,-0.27434114,1.3005687,5.465135,3.6807158,176900
9.552669,-0.4746705,2.140106,6.5178976,4.4516854,124000
10.41839,0.5181831,1.482364,8.01685,3.5910172,135000
-0.3324535,0.4949105,1.7623165,4.7981873,3.3996837,80000
0.84475666,-0.18928975,0.7092551,7.807792,3.7599998,179999
-0.05688059,0.28934148,1.2775457,8.235398,2.078856,115000
0.91815925,0.35313317,3.4137268,6.935272,2.9168026,114180
1.4670242,1.1605765,1.4062119,6.7872543,2.8438041,174890
1.3979678,1.0344651,1.5557492,6.9769807,2.9971058,185600
0.9459757,-0.11551578,0.8436093,7.7889433,3.3780975,250000
2.1587894,1.0571247,0.047118917,5.7488656,2.4278443,227490
-0.42404088,0.78386515,1.5840696,4.5238175,3.3136024,82600
-0.34560657,0.6802729,1.6887591,4.7078786,3.3899772,85900
0.16763434,-0.19127485,1.316031,5.1826963,3.0389864,78900
-0.052843697,0.29767343,1.9706906,4.9599586,3.896314,95541
2.2332013,1.2628342,0.030969178,5.665636,2.2880793,100000
2.1833086,1.2401947,0.034185495,5.6884365,2.271036,100000
0.80811,-0.12157921,1.0244267,8.155574,3.5382144,174900
9.461924,-0.30967575,1.9365672,6.1920877,3.818001,139000
2.7530127,0.036471717,1.8343318,7.266156,2.6105478,220000
10.091807,0.48844457,1.7884835,5.9449005,3.0181046,92800
1.4659957,0.20002925,4.5798783,7.412971,3.9605951,189365
10.139447,0.07326246,1.6944441,6.3191657,2.700325,120000
0.7790558,-0.23095748,4.858225,5.95059,3.4525843,85910
0.32216728,-0.5181839,1.4335903,5.0441537,3.2123096,133211
10.073388,0.25303075,1.6751287,5.97158,2.789095,103900
0.2615013,-0.5016416,1.3813485,5.021615,3.1698127,103792
1.7095044,0.74557215,1.3250151,7.2441564,3.5768852,298000
-0.07205006,0.20616652,0.84242296,8.162795,1.3871456,63000
1.6612586,0.78196466,1.3207324,7.216305,3.533242,230000
1.7134476,0.7494384,1.3299071,7.2460275,3.5819085,256000
8.953314,0.6317402,2.4386904,5.7831516,4.058165,115000
1.0450138,0.14684,0.8531328,7.904735,3.6961439,245000
1.978345,0.64496577,1.3918171,7.362592,3.7985818,443000
10.414717,0.27065066,1.5428796,6.3725834,3.138601,88000
1.0537995,0.37332577,2.0843785,7.1935344,2.6559327,180000
1.7318976,0.77012515,1.3322988,7.245532,3.6014383,280000
10.4066725,0.384556,1.0996184,6.810736,3.3276496,85000
2.1640248,1.0092211,1.2489256,7.11384,3.5687923,300000
-0.33413213,0.05870822,0.86784846,8.097061,2.1707206,169900
1.9961066,0.45027095,1.2715489,7.1778655,3.5656292,365000
0.642739,0.48041221,3.8039572,6.7610264,2.947279,95000
1.8188173,1.1571013,0.86107075,6.6306605,2.3364325,178900
10.402965,0.38394263,1.1051772,6.8172417,3.341483,90000
1.4709343,1.15754,1.5070176,6.91926,2.8098483,195000
-0.078765474,0.23903412,1.3105226,8.1461,1.8253021,75999
0.54843396,-0.31285354,1.2565213,5.4417086,3.6183271,184900
0.34229028,-0.42995006,1.4487906,5.141072,3.2585826,98900
1.543962,1.135422,1.4121171,6.899897,2.7031643,219000
0.6034413,-0.17669146,0.091368034,8.731869,3.5953314,139000
-0.15125479,-0.0420622,0.5611265,8.512118,1.9952635,139999
1.0482205,-0.100488394,0.9214213,5.5363064,4.7499847,259000
8.924714,0.15433952,1.923853,7.1597505,3.7932892,349000
1.9890537,0.91929275,0.7558805,6.450557,2.063192,175500
0.7947113,0.022822749,4.0466557,6.160774,3.1995158,125000
-0.033918392,0.43617287,1.3279537,8.077154,1.892244,84900
-0.060454093,0.37263793,1.3173089,8.115379,2.0299962,86000
0.12704507,0.2150029,1.0482849,7.7818375,1.1723169,69000
2.3333592,0.13581254,2.2360408,7.4288507,3.3837261,260000
8.605222,0.66318303,1.0549507,6.291869,3.4348059,151500
-0.0805082,0.20541424,0.8487103,8.204731,1.4276617,57000
10.507884,-0.1114866,1.7758254,6.003926,3.2628858,115000
0.301852,-0.31953585,0.37303823,7.786455,3.5218117,124999
9.227259,0.2610717,1.6828548,5.8677726,3.9943547,103000
2.023416,1.0885242,0.15422231,6.2796345,2.2284284,64995
-0.27011555,0.8869714,1.0504365,4.080102,3.1395202,111000
0.83633476,-0.12326547,0.8426313,5.26503,4.5556617,144000
8.66052,0.17450215,1.9442389,6.901379,3.608382,460000
10.158259,0.3853271,1.5762764,6.688394,3.6843748,81900
8.211892,0.24984536,1.757122,6.792833,3.1268878,175000
-0.55073506,-0.17528749,0.7229041,7.9807563,2.211759,109000
0.24271335,0.49970186,4.1260505,6.114509,3.0730824,77000
1.2792308,0.23738024,4.4028635,7.5090814,4.056016,209000
1.167149,0.15609983,4.7215033,7.5001187,4.3309197,230000
-0.54242986,-0.17640503,0.6249283,7.8579,2.2027838,75000
-0.11402809,0.157621,0.75711685,7.800182,1.2609344,77500
2.1998541,0.13651375,1.6264396,7.2406244,3.2339072,320000
2.3682642,0.16374984,2.313631,7.497304,3.4238732,630000
0.73138934,0.009924601,0.5825116,8.516898,3.2810173,233000
-0.3316487,-0.121913075,0.06338251,8.758746,1.348402,99599
10.1212635,0.41164193,1.6600336,6.6648264,3.7023664,45000
0.58152646,-0.28579506,1.287223,5.4707766,3.6420755,389620
8.603393,0.53627497,1.317149,6.953668,3.7953634,369000
0.25454164,-0.5216633,1.3838354,4.983753,3.150555,114000
1.8724829,0.9250472,0.5966441,6.614782,2.6700022,165000
0.5828685,-0.32313675,1.167548,5.4109273,3.686485,127050
2.2431583,0.88670695,1.572572,6.899449,2.413734,169000
0.26090392,-0.5505525,1.3840252,4.9652834,3.1525946,89500
-0.43137074,0.64985603,1.8003056,4.6124105,3.4590423,107500
2.836821,1.4567494,0.09707916,5.8495398,2.5123663,184000
10.1811285,-0.63166517,2.0038717,5.833754,3.9943142,69900
1.1311334,0.29458627,4.3412538,7.394187,3.897814,180000
8.875461,0.86167043,2.6154115,5.6509576,3.8851683,80991
0.73429865,-0.4760151,0.03992051,8.4620285,3.7207854,118899
1.0771931,0.10638707,0.80883193,7.9764957,3.826016,389000
-0.4491792,0.6411671,1.8092641,4.6002173,3.4879842,165900
0.8570993,-0.0057685324,1.1623088,5.6561766,4.2839394,180000
2.086125,1.556127,1.3594217,6.8311954,3.0746722,142000
1.04005,-0.096381694,0.9974587,5.6034503,4.6772356,243900
9.085188,0.2881088,0.93255275,6.307336,3.2466917,42000
0.56396234,0.19716941,4.420436,6.1292987,3.0680895,82320
-0.21193661,0.14449972,0.7553376,8.381867,1.8752245,129300
9.177698,0.18432501,1.8748997,5.886009,3.3908749,199750
9.5214205,0.103107266,1.3447605,7.9291716,3.5696893,107000
4.3498654,2.189584,1.5403743,6.9826727,4.308963,398868
0.98186755,0.43067637,2.1781442,7.149058,2.436441,64000
0.6369336,0.07922084,4.52355,6.0920334,3.1682613,91239
0.6218533,0.09611967,4.5393605,6.0924244,3.1616855,103719
0.23593847,-0.58917034,1.4084259,4.852395,3.1833677,84580
0.5753361,-0.36890742,0.7775001,4.840123,3.1399298,98700
2.3928633,1.0407932,-0.18360478,5.889721,2.2645974,81000
0.0765886,0.06945732,1.1437862,4.4542513,3.1194918,95000
0.5136114,0.5535702,1.4825584,5.9792194,2.6632676,69800
8.91449,0.8526141,2.5828354,5.68253,3.8334394,65000
-0.37641498,0.78752714,1.1375198,4.023247,3.3036697,62000
9.396669,0.28214857,1.7117307,5.56093,3.721963,31900
9.22283,0.16529848,1.7233187,5.797129,4.041111,67180
9.141977,-0.042082667,2.0284393,6.183156,4.170843,83500
9.886813,-0.4176629,1.9235939,5.926455,3.8161244,99500
0.62935895,-0.27725843,1.0848339,5.5442724,3.739999,133500
8.123415,0.5270166,1.5482672,7.2638316,3.8560932,369000
-0.30702466,0.1541205,0.5515164,7.8444266,1.9152961,130000
0.07112994,0.07256252,1.138745,4.4487643,3.112921,87500
9.184827,0.50369287,2.0843596,5.719931,3.7696347,93000
0.52478015,0.5293376,4.1715717,6.7869787,2.9990246,114000
9.252763,-0.0424795,1.8194947,5.6170554,3.9861612,69800
0.06258232,0.0812955,1.1368817,4.4427614,3.1093369,88500
9.263634,-0.008700938,1.8982631,5.7567863,3.7457902,64900
0.065986924,0.08035051,1.1254827,4.434472,3.1061692,93500
-0.31813812,0.14936486,0.5714358,7.6686354,1.9296055,72000
-0.08742308,-0.8376697,1.2235373,4.380798,2.0254333,50000
9.220083,0.15237585,1.7451607,5.7839684,4.0032578,89800
9.211895,0.235767,1.6712127,5.8603077,4.0672674,69210
0.71935594,-0.39452237,0.8425093,5.1457825,3.9849713,120400
1.8525687,0.5983486,1.2635984,7.4354725,3.7585897,315000
-0.29987743,0.13431938,0.56803703,7.678931,1.9732801,88500
9.523955,0.07182901,1.3286533,7.961366,3.5582597,175000
1.0577605,0.18940103,0.6391573,7.783704,3.5990717,312000
0.38046005,-0.3183171,0.10324764,8.131779,3.492913,135000
-0.21146868,0.005447315,0.4773981,8.599363,1.9416451,139000
9.750105,-0.18560143,1.8271091,6.329333,3.2868633,114900
-0.24468352,0.12778407,0.5210803,7.685547,2.0226054,114000
10.257745,0.3262233,1.7834716,6.5451436,3.255717,79500
0.501338,0.56603986,1.4689407,5.922779,2.6721115,75000
9.506561,0.098676614,1.3448671,7.9301624,3.5761857,175000
-0.34181216,0.12395407,0.57982403,7.6787796,1.9370655,94000
10.385189,0.27126822,1.5557091,6.531709,2.868439,114900
1.073411,0.2844651,2.9722605,7.1006284,2.8241966,157000
9.344446,0.015889961,1.9198194,5.806678,3.4986339,75000
9.919576,0.14757474,2.010504,6.2970004,2.8127363,94900
-0.15560526,-0.049966495,0.5358806,8.528409,1.987782,141000
2.3639345,1.017865,-0.14318417,5.8640833,2.318682,115500
1.1499379,0.8596837,1.3139678,6.7538056,2.5174298,211500
9.87383,0.31565875,1.8466654,6.8028646,3.776729,114900
0.41678387,0.52983797,1.4753679,5.871465,2.7565289,75000
1.1355599,0.89110357,1.2317383,6.7324076,2.5330534,199750
10.123824,-0.51106346,1.9448748,5.8845243,3.8970783,69500
8.342601,0.43769568,1.818973,6.717958,3.2874343,469900
10.5809965,0.6065059,1.5151457,6.3556795,2.9767718,35000
0.8962603,0.018603694,0.98152554,5.572379,4.3759766,155000
10.201951,0.6374583,1.83194,5.9318824,3.0666723,27500
10.225847,0.50671476,1.7030675,6.1422787,3.0663934,63000
0.8490803,-0.07424937,0.9577846,8.513536,3.677028,135000
10.137635,0.173987,1.2214215,6.4814906,2.8289518,142000
2.2057695,1.3725663,0.108620495,5.91075,2.0005655,45000
4.2688236,2.1910594,1.4681033,7.0074015,4.363091,456272
8.981162,0.7911301,2.443715,5.7392488,3.765756,85200
9.520159,0.10056161,1.3434503,7.927598,3.5656345,124000
10.148379,-0.49296775,1.9354694,5.87766,3.885123,57000
9.98042,0.2577216,1.7589129,6.470381,2.9699621,105999
1.4139981,-0.06601293,1.0048244,7.0489798,3.0652246,395000
-0.07532389,0.1873292,0.8947167,8.418759,1.9801167,134500
8.733425,0.50754356,1.0846823,6.6538224,3.6749876,252000
0.8051762,-0.32686695,0.9561211,8.296636,3.5340362,136999
8.582672,0.70954627,1.0322257,6.2881856,3.4692523,134999
8.842555,0.8438916,2.6078093,5.7421813,3.8749673,128500
9.6625,-0.70401454,2.5057323,6.888486,4.4125175,115000
4.7651777,3.6326373,1.4371483,7.0163946,5.207609,145000
-0.08131399,0.16272266,1.1730876,8.170199,2.0542698,115000
8.689946,0.23221852,1.2659335,6.742095,3.6868033,195000
8.954124,0.6306919,2.438124,5.7832527,4.0531774,115000
-0.46661183,0.29523796,0.8925847,7.7700243,1.8786192,120000
1.7768677,0.039092302,1.2861164,6.6830378,3.4981303,217300
10.676073,0.5820552,1.3908631,7.0506887,3.4123058,103500
0.45662728,-0.3014023,1.6297531,5.372443,3.2694077,121252
4.360007,2.1380196,1.5292065,7.039661,4.2886143,518892
0.5859958,-0.268449,1.4487113,5.505409,3.489159,190986
-0.3827604,0.58197325,1.8275144,4.6728773,3.544839,128260
10.680994,0.5827967,1.3894663,7.0476737,3.4061403,103000
9.204714,0.4456814,2.101429,6.2149415,4.0363903,137919
-0.04491203,0.34569037,1.2502865,8.129078,2.0301423,120000
1.9869118,1.1411018,0.17063561,6.240068,2.2830973,68750
0.9178988,-0.007788052,0.87602633,5.4423485,4.5116134,139000
0.7507093,-0.105283946,0.43090102,8.494247,3.5507464,179999
2.367525,1.0023125,-0.14540413,5.8576136,2.3320844,130438
0.45536518,-0.2945875,1.623664,5.374207,3.266251,100927
1.1142968,-0.3990778,0.8216339,7.014555,2.7492347,110000
-0.80974257,0.0887127,0.6676263,7.8258963,1.9050092,96000
-0.41422877,0.8863934,1.1329316,3.9968412,3.2942314,107500
8.652981,0.7044923,0.9937827,6.3233356,3.5619395,135000
10.343738,0.23568073,1.0173872,6.546405,2.7983916,114000
1.1720513,-0.36900434,0.84763145,6.963226,2.7953284,299000
8.895315,0.30835164,1.7796104,6.55707,4.0043325,249000
2.3732007,1.0273627,-0.16664402,5.8881545,2.281521,98010
10.586725,0.32055932,0.9574976,6.5943365,2.8360717,140000
1.2147969,0.14737177,4.7039332,7.4768615,4.2808795,159750
9.361867,0.47224477,1.4859594,5.626416,3.5409636,62999
10.355823,0.24669695,1.6674596,6.458439,2.8266878,82000
2.3801897,1.044156,-0.16856028,5.8760266,2.2783713,76230
10.282937,0.23836693,1.6974514,6.4613647,2.8890204,99900
0.86390597,-0.078902006,0.86026615,5.3526354,4.6011753,139000
9.637984,0.41997135,0.8166988,6.206294,2.9555542,69000
0.06925388,0.10977614,1.1266512,4.46466,3.1168332,138900
-0.0035526946,0.32149127,1.3411051,8.145311,1.772331,79900
0.6734312,0.49623284,1.7037536,6.355542,2.574027,125000
0.68505484,-0.021089582,0.683347,8.599883,3.1854835,225000
1.1414416,0.26474395,2.9823859,7.156069,2.8949547,120500
2.2850335,0.056920107,2.6224976,7.539784,3.3583748,167000
2.5316894,0.48628867,1.7009478,7.1189456,2.8555233,349900
0.79206705,-0.12934174,0.95855916,5.336736,4.5787835,164000
9.40578,-0.29893932,1.8451549,5.528572,4.055715,49000
0.4397586,0.49013036,4.2497854,6.7142997,3.030119,85900
9.792921,-0.37994936,1.982579,6.090843,3.763124,86900
1.2511417,0.26484227,4.379072,7.419627,3.9189692,184691
8.857572,0.85139745,2.6097038,5.6655645,3.8898525,86400
9.276197,0.28096002,1.8970276,5.768861,4.05929,97999
9.978817,0.24570727,2.207356,7.070508,3.9424105,139800
1.7978649,0.6434563,1.8748811,7.249914,3.0510514,145200
10.143989,0.36054453,1.7299843,6.03582,2.8674018,59500
2.1966357,1.111438,1.184391,6.987806,3.4687812,220000
-0.002984344,0.4386679,1.2813921,8.030188,1.9895072,140000
9.240638,0.17767978,2.2392387,7.22591,3.351976,199900
2.052528,0.49032134,1.6571342,7.3062153,3.8276176,296450
-0.0051127006,-0.8398561,1.1269156,4.501896,2.3515801,68500
10.086904,-0.07963984,1.8999666,6.311372,4.066687,56950
9.258284,-0.04996017,1.852317,5.6876545,4.157636,96500
8.573081,0.716488,1.016334,6.2891774,3.4682891,134900
1.5583105,0.7048411,1.4835914,7.2331796,3.3835583,224900
4.590662,2.216925,1.4976382,6.9330063,4.3314204,285000
1.9275452,1.0953242,0.46329585,6.3495493,1.8754356,61000
1.8997332,1.1517668,0.47285616,6.309024,2.401124,82500
9.680506,0.16435921,2.3356814,7.1093206,3.8430488,124900
-0.07920892,-0.7028383,0.7135394,4.2653627,1.7950416,80000
8.985761,0.8139672,2.5110676,5.7376904,3.7867618,147000
8.5582485,0.6605969,1.4529988,6.886141,3.7718842,189000
-0.3135654,0.81854033,1.0556064,4.004632,3.3259676,120000
0.95885587,0.35169175,2.3500485,7.1331935,2.564822,127500
0.35549185,-0.42581514,1.4649547,5.151481,3.2770464,99900
8.758283,0.30600277,1.850479,6.883703,3.870039,447512
-0.27627116,0.7804731,1.0675373,4.08084,3.3984146,145000
-0.39681575,0.5357276,1.8165159,4.7507133,3.445195,92000
10.625447,0.33696094,0.9204534,6.6104474,2.8310125,98000
0.58375007,0.16980822,4.420299,6.119518,3.0897396,104000
10.072252,0.5008628,1.5710998,6.526815,3.5135033,103000
9.222893,-0.0813744,1.8731842,5.6478186,4.1072555,99825
9.396156,0.27230692,1.8124583,5.529695,3.832776,89900
-0.31408504,0.82704055,1.0901854,4.0689235,3.325565,132000
10.163192,0.40042242,1.4669422,7.9745626,3.5951273,405000
8.581836,0.38507584,1.7609289,6.8768134,3.727722,224999
10.228618,0.31480274,1.8116747,6.4400735,3.0213802,87000
9.503013,-0.24661107,1.9017903,6.6699247,3.781177,120000
1.5815035,0.6554443,1.1261932,7.209957,3.433584,251000
0.85354936,-0.097905636,1.0055612,5.4525156,4.5798717,121605
8.51554,0.6912184,1.136725,6.322499,3.4279778,159900
1.1663635,0.19124478,4.6510186,7.506093,4.277404,119700
-0.5571652,0.83564365,1.5898567,4.3989687,3.2111928,103400
3.1105409,0.19448198,1.9375662,7.179424,2.6307814,155000
9.287804,0.2883465,1.9467642,5.6311107,3.9720135,88999
-0.5478748,0.1812992,0.7614229,7.6188498,1.9017857,85000
9.740618,-0.38492388,2.4114652,6.7817955,4.373455,105000
8.562162,0.7623395,1.0490625,6.294035,3.4700198,94900
9.409316,0.16082464,1.7776655,5.549275,3.9917467,19000
1.0466413,-0.101855926,0.9209258,5.5366054,4.7506175,259000
9.305855,0.28489667,1.905498,5.831556,4.0958686,84999
9.403598,0.19030039,1.8524791,5.8315887,4.1315355,68500
9.807419,0.15301666,2.415928,7.0979595,3.95723,107000
0.79821825,-0.08142809,0.88362294,5.2795873,4.5912185,137000
9.244689,0.09908844,2.0749326,6.2291126,4.230212,155000
0.71176445,-0.22439869,0.63468313,7.701229,3.7327626,175000
9.7341585,-0.3918086,2.4180868,6.8138084,4.3590994,105000
4.7630434,3.6295788,1.4390997,7.0175753,5.204868,124800
-0.041549705,-0.6653397,0.6899112,4.295793,1.7763153,69000
0.84447056,-0.10593464,0.8461724,5.279959,4.623374,96500
0.06441563,0.07884839,1.1344664,4.4426007,3.1124744,95499
0.71972364,-0.3950423,0.838694,5.1430736,3.9833553,115499
0.06856667,0.07816545,1.1326472,4.4423456,3.113416,92624
1.65837,0.64312494,1.5433922,7.3184214,3.61351,283000
1.2864159,0.23647738,4.4135528,7.5131655,4.05478,156500
1.1338075,0.19315308,4.6903143,7.526928,4.3261266,110500
0.49934015,0.23907264,4.4744153,6.0651956,3.0187628,71000
0.25791344,0.4881102,4.1134367,6.1241503,3.0813673,67609
2.0357957,1.189509,1.5391791,6.9122868,2.7028637,260000
0.7582807,-0.3367247,0.8062277,5.130438,4.1304927,152900
0.6907725,-0.32820627,0.9978484,5.385424,3.8615775,155000
0.754915,-0.18456988,0.75295943,7.796503,3.0360236,215000
0.8249024,-0.11412774,0.8391944,5.2549787,4.62045,122500
8.951062,0.06664318,2.0076537,6.657979,4.0733647,179000
-0.07676624,0.04146979,0.72091633,8.489954,2.043504,150000
9.312709,-0.24609847,1.8388058,5.8313684,4.1206913,82000
0.36107033,-0.27080026,1.4079143,5.2862244,3.1560578,189000
10.328695,0.40065604,1.7577518,5.6760044,3.1614597,90000
8.464011,0.5038665,1.8030517,6.2753277,3.0301287,258000
0.82456684,-0.36481357,1.0350561,8.461747,3.5304031,144990
0.9103072,0.15732801,1.0847827,8.23236,3.5649076,139800
0.29973412,-0.3581599,0.40393808,7.8041215,3.4732077,116000
-0.55250084,-0.18396778,0.70676196,7.9562206,2.1862822,67000
0.44280586,-0.25265914,0.6977602,7.6260986,2.7904847,125000
10.3526,0.23029523,1.0050961,6.5400534,2.7825108,93000
-0.17823438,0.39165258,1.8298687,4.877666,3.6680775,103600
1.0248567,-0.22579595,3.8448715,6.1765466,3.3892224,127500
0.8007078,-0.2366778,0.9956496,8.345807,3.530886,98000
0.8235841,-0.112670906,0.85853446,5.2661943,4.6170077,100500
0.5575216,-0.15180747,0.6278444,7.740761,3.766214,145000
9.655025,-0.71687794,2.4996066,6.880103,4.4089584,90000
8.266786,0.52995294,1.516705,7.0979457,3.7920194,590000
2.1925225,0.6463876,1.71175,7.2030387,3.26104,424000
2.1675353,1.1247591,0.31553042,6.013268,2.126559,84900
2.3745818,1.2876157,-0.06935202,5.693817,2.2422473,77500
2.2068257,1.2949991,0.18110009,5.8856277,2.1454744,69900
2.3475802,1.2123237,0.021640891,5.7116485,2.329513,94900
0.3280245,-0.42253777,1.4550003,5.1308255,3.2347271,82900
0.1306442,0.09205354,1.1976376,7.832057,1.3028997,69000
9.028198,0.7570484,2.3985806,6.1970096,3.2485094,115500
4.1887064,1.6664664,1.7173146,6.9821997,3.421428,96900
4.04735,1.529752,1.6909963,7.064398,3.3421633,112000
4.189565,1.6281812,1.679587,7.005704,3.4742677,199900
4.0880303,1.5559019,1.6924633,7.0420284,3.3714228,134000
2.055888,1.1476054,1.6415615,7.0284004,2.6509664,219318
4.0194798,1.622883,1.7452953,6.9681854,3.2929072,87500
4.051933,1.5455819,1.6652784,7.0311303,3.425545,179900
1.5074223,0.5035157,2.6961174,8.001591,3.0738537,149000
1.5453882,0.4674951,2.9236064,8.05777,3.0806403,172000
8.475117,0.5283828,1.7474488,6.273695,3.08506,210000
8.4522,0.49848905,1.7870252,6.292527,3.0441663,270000
2.1725152,1.2588016,0.2764649,5.9402413,2.1886542,134800
1.9007457,0.7962901,0.6290269,6.645425,2.7247584,152000
1.9728864,0.6837333,0.65920985,6.6118727,2.7161238,132000
4.050323,1.624182,1.7447048,6.9722905,3.308191,94900
8.94563,0.3066539,0.8668112,6.211073,3.1681972,41200
4.069871,1.5444447,1.6640604,7.0274854,3.4288762,209900
4.7988095,3.6913338,1.4149653,7.0077105,5.2539425,96000
1.3255304,0.5342544,2.5498388,8.00967,2.5796466,95000
4.0552173,1.5667982,1.6802287,7.020795,3.3968275,190000
2.5034053,1.433995,-0.0492919,5.609771,2.226459,63000
2.0202796,0.88526005,1.4246048,7.217459,3.4401214,450000
2.2413526,1.3228494,0.12805775,5.748276,2.244642,81000
2.506366,1.4297279,-0.04676762,5.6084766,2.233145,81000
2.1263535,1.3768712,0.12200838,6.0069685,1.8977894,41100
8.779795,0.2583413,0.8903874,6.264939,3.2611663,61600
2.1617749,1.2668275,0.25615716,5.9513354,2.1838193,67400
1.4316543,0.7936479,3.601552,8.727793,2.4812155,105500
1.241637,0.5992104,2.316645,7.1747665,2.730333,95000
1.0312301,0.4494614,2.2792528,7.1724706,2.5994506,106000
1.0968689,0.39552116,2.2444673,7.2512927,2.7296345,121000
1.9710724,1.2343256,0.3814253,6.1815853,2.281117,132300
2.2129433,0.9859118,1.6213924,6.9509215,2.498193,165000
8.667335,0.2617822,0.8005509,6.2386384,3.327024,106800
2.131464,1.0604573,1.594222,6.9536066,2.5576816,255000
3.2091758,0.13127594,1.9693278,7.189764,2.5613675,299000
2.0607486,0.7435733,1.4278613,7.2527843,3.3271983,280000
2.2094984,0.7333464,1.514909,7.191132,3.171893,285000
4.7966366,3.6880674,1.416249,7.0079336,5.2512403,152000
2.0546138,1.4084109,1.3265007,6.86303,3.0838604,165000
1.9837686,0.2399964,2.8059409,7.802581,3.169501,261000
1.3898184,0.58975154,2.87596,8.1702385,2.5707405,85000
8.784584,0.25529605,0.88708293,6.264039,3.2552023,51200
8.567829,0.79478395,1.1446137,6.364775,3.5488887,159900
3.7940416,1.4791648,1.6434891,7.0357447,3.3618417,214980
8.713119,0.34756747,0.8533576,6.2664595,3.3637586,75000
8.666842,0.26688305,0.800701,6.242401,3.3284147,74850
2.1806164,1.2508522,0.25928926,5.931742,2.1338797,55700
1.3710047,0.5536763,2.7118504,8.063494,2.5755541,84000
2.2200742,0.1584486,2.5758207,7.6256385,3.322479,299000
-0.16859123,-1.0143603,1.1164151,4.172506,1.8875538,67000
2.4655116,1.3954729,-0.030951452,5.6094384,2.250722,97900
2.7638934,1.3359215,1.2480806,7.003335,3.1638963,270000
2.1789753,1.2863435,0.26088172,5.9499254,2.1758554,49830
3.969524,1.5304527,1.6612659,7.027381,3.3957384,230000
4.0349135,1.5455562,1.6732521,7.033057,3.4037044,220000
8.917296,0.28598976,0.8762869,6.223027,3.1587427,33900
2.1786263,0.9150055,1.6373637,6.904968,2.435158,215000
1.8992509,1.3023547,1.5447791,6.9364257,3.0936694,109998
1.8902286,1.3176231,1.5457331,6.9318957,3.0680113,109641
3.934685,1.586173,1.7160028,6.988223,3.2981114,145000
1.9014015,1.1776721,0.38185078,6.310158,2.340066,62000
1.9185252,1.3219296,1.531937,6.942592,3.085714,123165
2.763609,1.3345034,1.2523167,7.0074325,3.1680624,270000
-0.40540856,0.53973544,1.8299456,4.7375035,3.469977,113100
1.3438381,0.19683431,1.723253,7.80471,2.7582872,166750
-0.15516794,-1.0197183,1.1431516,4.184008,1.913975,63000
2.409173,1.4250572,0.03939899,5.6385794,2.2435148,86500
8.730571,0.4991336,2.0341268,6.3049436,2.9747195,185000
-0.3149329,0.61514515,1.7203218,4.786068,3.3250117,80200
4.007009,1.5964001,1.7522943,7.0031796,3.3576586,145000
8.197174,0.35482645,1.8292286,6.713228,3.1717262,309990
4.603246,2.247429,1.4503918,6.9888477,4.4318867,369000
8.499948,0.5092635,1.8092322,6.316459,3.0647855,185000
8.660814,0.14510661,1.2700139,6.393948,2.8152583,130000
4.6185713,2.2387872,1.4768316,6.943676,4.379202,299000
8.981666,1.0204966,2.74529,5.865301,3.4470773,115000
4.6236,2.2405992,1.4663618,6.9591107,4.405279,245000
8.938035,0.711997,2.216445,6.717457,3.5181587,277000
10.234693,0.2551431,1.7711695,6.3562284,3.074091,122900
8.812248,0.23863481,1.3019736,6.7980475,3.4229264,275000
9.159681,-0.018028887,2.049215,6.1438046,4.177806,124000
9.253196,-0.18088493,1.8310628,7.6973114,3.2916675,119500
8.380841,0.54375833,1.5729065,6.9454937,3.711117,395000
1.9250541,1.1808436,1.4673228,6.8347936,2.604529,170432
8.150241,0.5601706,1.4713387,7.151267,3.8234706,145000
9.7545395,0.42460555,2.1826346,6.481751,2.834495,115000
9.127727,0.6821706,2.1316147,6.4521737,3.369267,228000
1.7095854,1.1778328,0.5961916,6.458528,1.9869084,110000
9.152762,0.54359514,2.189125,7.0211883,3.4743125,365000
0.75229836,0.024180165,1.2520075,8.137244,2.780315,170000
2.2828531,1.4696373,-0.0009972459,5.8401613,1.9568642,48900
4.335642,2.161709,1.5238844,7.016615,4.298228,365000
2.7494326,1.2807502,1.2780745,7.057613,3.2243655,478000
-0.2747785,-0.13235097,0.07335107,8.7245865,1.42966,127000
8.460734,0.7469841,1.259057,6.6167574,3.6598256,169900
1.4484011,0.52341557,2.965453,8.144396,2.666311,78100
1.4814789,0.4990017,2.9248264,8.100181,2.706593,84900
1.4456785,0.5232014,2.9564526,8.141331,2.6635945,78100
1.4882039,0.49444982,2.9233608,8.094952,2.710064,84900
8.698158,0.298343,0.8282969,6.2468996,3.333747,66800
8.366107,0.66744655,1.3564734,6.8380427,3.7148597,219900
8.46443,0.730666,1.2867908,6.666994,3.6702588,169900
0.9711252,-0.0019726036,0.8953561,5.5241966,4.5302334,155000
2.2173984,1.3373897,0.14043774,5.691888,2.2578642,71900
4.5561213,1.6634451,1.7104497,6.9352145,3.521514,64580
2.3191376,0.56311435,1.498516,7.2155523,3.3853521,364000
2.096982,1.0598614,1.5919949,6.953797,2.57015,194000
3.2145762,0.12546149,1.9690639,7.187926,2.5606859,344000
1.4531399,0.725256,3.4196627,8.581313,2.5377684,119000
4.282567,2.2052343,1.5150723,6.9475594,4.270158,215000
2.6933417,0.46513978,1.8049201,7.1401906,2.7500224,219500
9.031125,0.9028972,2.650653,6.001024,3.294234,75570
2.0275617,1.0788023,1.5730262,6.950786,2.5730226,185000
1.7054212,0.37209532,3.0588021,8.019131,3.104159,124300
4.737841,1.6332219,1.7157764,6.9086833,3.5238225,113000
9.35281,0.12097905,1.7842073,5.5034857,3.9694426,67000
9.29525,0.11026477,1.8307537,5.673789,3.8844597,82800
9.223831,-0.119925566,1.895717,5.6552105,4.0770326,88500
9.197928,-0.014688971,2.0182064,6.104357,4.2134757,125000
1.9662144,0.9510647,1.3726577,7.165211,3.5113857,337000
2.1220474,1.0658338,1.6147857,6.934234,2.53298,189000
0.77874,0.0933499,1.2954853,5.6910505,4.1210446,228000
8.336942,0.695959,1.3736795,6.858364,3.7561433,219900
1.1819409,0.43052775,2.2633164,8.005299,2.503313,142500
0.8106846,-0.08677734,0.9021577,5.318162,4.5784574,105000
-0.3740009,0.85418946,1.0912733,3.991242,3.3202722,87500
-0.08801516,-0.7193087,0.71408015,4.256614,1.7789993,65000
-0.08909597,-0.7405074,0.7340545,4.253,1.7951931,58000
8.985644,0.94773835,2.716923,5.9754605,3.3250167,104180
9.0088,0.9242531,2.6879613,5.9730406,3.3142715,87000
-0.047990456,0.18855749,0.7306293,7.9138083,1.1017934,58000
2.5442636,1.4796382,-0.06759222,5.6312027,2.1977026,65000
2.5130568,0.37640348,1.6811731,7.2655897,3.373034,699000
2.486123,0.3350034,1.6664274,7.2189918,3.300402,659000
2.4778016,1.5472612,-0.11596483,5.7060423,1.9799562,49900
2.2793505,1.3365225,0.1545999,5.8262296,2.1557345,65900
-0.13654763,-0.87238294,1.000253,4.2660613,1.8493965,80000
2.511625,1.4258249,-0.05504775,5.595721,2.2450848,80900
2.595672,1.3494705,1.2897314,6.9859295,3.1173513,169000
2.0625825,1.0872167,1.5887954,6.9444046,2.5705612,200000
-0.3973806,0.5552106,1.8081712,4.7151904,3.4865975,117000
1.5195507,0.48161155,3.0916245,8.129147,2.8987076,102167
-0.09020839,-0.7322795,0.75245917,4.269415,1.7948287,77000
3.1427147,0.15295646,1.9285413,7.166979,2.5518994,165000
2.5040605,1.5485471,-0.12279678,5.6838903,2.009932,48900
-0.4638082,0.9326417,1.1842027,4.0046563,3.2714858,102000
1.4197317,0.7488,3.4297183,8.593271,2.5552444,68880
2.5122745,1.4529964,-0.038357526,5.6362844,2.2035995,77450
1.362458,0.9876439,1.5156804,7.2768674,2.6157565,260000
1.4560448,0.7145566,3.400703,8.562365,2.5407062,77000
2.2642024,1.269535,1.3031943,6.962442,3.3254745,260000
4.077636,1.5844982,1.6980399,7.0168414,3.3672996,172000
9.154182,0.022274757,2.0359566,6.1575336,4.1912994,122000
2.047537,1.4311696,1.3215139,6.845747,3.1006465,158000
2.4458675,1.396538,0.018406797,5.7285767,2.1803446,77900
2.481485,1.442883,-0.0066345483,5.6225886,2.2363853,68900
2.1737757,1.278539,0.2630045,5.9533787,2.1611788,72200
0.39750788,-0.2872624,1.1176506,5.2230253,3.2828848,165000
1.6109163,0.45137787,3.3716872,8.254182,3.3232462,114500
8.79268,1.1397609,2.9451702,5.9792423,3.5299277,148700
1.7962574,1.1120607,0.6129973,6.389852,2.2234724,112000
2.3063252,0.55567,1.4572086,7.4308486,3.9072266,681000
4.227848,2.250625,1.4944189,6.9212503,4.3050656,260000
2.500478,0.49113256,1.589085,7.3848357,3.9348934,660000
0.14795414,0.23452167,1.8269838,5.1335254,4.001091,100300
2.4436815,1.5406026,-0.11207214,5.7200813,1.9677683,49490
4.297361,2.2202723,1.5262262,6.9379525,4.276344,320000
8.811544,0.84059936,0.9213885,6.068063,3.4049373,90500
8.809916,0.84155923,0.9146603,6.0695395,3.4096339,91000
2.227964,0.156503,1.4035869,6.966194,3.1872563,345000
2.3917255,0.49218854,1.6709653,7.2007723,3.2814322,330000
1.3822728,0.6642403,1.8488812,7.8577857,3.0154293,297000
-0.3662641,0.507628,1.862839,4.757167,3.558304,78500
4.355422,2.1289096,1.5300348,7.0444493,4.2852993,495000
1.4259788,0.5559939,2.9356856,8.167511,2.6174777,68100
1.4030702,0.59995157,3.0217233,8.254462,2.5550718,60900
1.4026574,0.6013234,2.99273,8.238913,2.563681,70200
10.257706,0.27135295,1.8205385,6.3681407,3.1555793,110000
1.4268359,0.78958225,3.6015549,8.714928,2.489031,108000
2.0667102,1.3677945,0.14209609,6.0477743,1.8774049,48994
4.211261,2.2291415,1.4861875,6.943597,4.316618,207500
2.1400754,0.4966914,0.708658,6.5441585,2.7099411,209900
2.1019702,1.4103216,0.11193026,6.0343823,1.9155151,49880
8.55503,0.8048665,1.1737522,6.3622684,3.5398178,159900
1.4168533,0.7527082,3.435406,8.599432,2.5487843,72632
2.7883468,0.4196798,1.7955282,7.0514417,2.5047638,265000
9.129714,-0.029676503,2.0174463,6.187539,4.17808,252000
4.671351,1.5189457,1.6868141,6.9544797,3.4789433,269900
2.1085799,1.065645,1.6284974,6.941263,2.5595577,210000
2.1400578,0.68786913,1.5538013,7.214303,3.156907,295000
-0.4564601,0.7805409,1.6237975,4.5206165,3.3179953,99000
-0.59071016,-0.122622,0.66466725,7.8926115,2.1573868,90000
9.150704,0.4794972,1.987591,6.024824,3.2829328,129500
9.595967,-0.49596733,2.1782923,6.5145555,4.4578066,115000
-0.06489021,-0.69934773,0.7251077,4.290816,1.7887437,53390
-0.13567194,0.3828499,1.9071201,4.892677,3.7848535,149000
9.510085,0.08254393,1.3492014,7.940617,3.5557938,114000
-0.23578581,-0.1704904,1.1062745,7.675932,1.1896503,49000
2.3631403,1.1420897,0.054866046,5.724929,2.4064515,129000
2.2578077,1.4224412,0.042340048,5.832176,2.0225005,72000
-0.85674006,0.034773033,0.6508061,7.8518786,1.9570266,90000
9.1828985,0.45790404,2.0166519,6.0438886,3.1556532,189000
-0.37350556,0.84959614,1.1849656,4.1305094,3.2792463,77000
-0.54696375,-0.17345197,0.72593915,7.9683847,2.2057714,107000
-0.16323124,-1.0165455,1.1310086,4.183026,1.9022527,67500
1.443811,0.5305846,2.9511783,8.14932,2.6522825,86999
1.3296274,0.18608375,1.6803111,7.7763367,2.817551,195000
10.4117,0.60289013,1.7791184,6.7010684,3.0048473,69000
1.8581953,0.48073745,1.9234015,7.704132,3.6358976,250000
9.722608,0.15294184,2.4011486,7.073064,3.90506,115900
10.065617,-0.036781795,1.2481266,6.283011,2.4599035,117990
1.4327002,0.83228356,3.685929,8.806812,2.4359055,76264
9.630966,-0.7309773,2.4847898,6.888958,4.384431,115000
1.7193847,0.7841466,1.5680641,7.5789433,3.3620236,265000
3.1056817,0.20498098,1.9350402,7.159957,2.571871,150000
8.248439,0.4063641,1.7678933,7.0289283,3.5298395,720000
8.685076,0.473726,1.8494148,6.9339037,3.6593902,152000
2.6181588,0.44496632,1.7886038,7.1777434,2.8643203,344000
8.096245,0.53366333,1.6930294,7.2209387,3.7846284,296500
-0.43209627,0.7737508,1.6114452,4.542363,3.318566,113000
2.5057683,1.4442073,-0.026799155,5.6391945,2.220408,64900
-0.42721438,0.5476354,1.8560964,4.717858,3.507663,90990
-0.5021474,0.8919681,1.2897927,4.0599275,3.3089917,76800
1.3928758,0.68533236,3.2136092,8.424627,2.5143173,57960
2.416061,1.4296077,0.036942426,5.6322775,2.2463956,89500
4.236407,2.1921964,1.477785,6.9770412,4.3239927,250000
8.155426,0.6061061,1.5344168,7.132665,3.8220813,319900
-0.5733893,0.7504029,1.6683567,4.6950426,2.8453376,104400
2.3796155,1.4186294,0.039512422,5.6157303,2.2090385,66900
8.499345,0.6868964,1.5028822,6.347057,3.3957415,220000
1.020763,0.41333142,2.0039148,7.9751463,2.4351714,196000
8.807352,0.2954368,0.9153347,6.2744803,3.270565,57000
2.4326887,1.3733883,0.074971296,5.7556524,2.2344704,90900
3.861673,1.4963297,1.6490883,7.0345798,3.3791232,205841
8.796742,1.1302319,2.9310117,5.9881725,3.5305963,230000
1.5060918,0.48927402,2.9556487,8.100249,2.7466152,96300
1.4827977,0.4981247,2.932248,8.103222,2.7071676,93800
0.46253943,-0.5030599,1.0799468,4.982747,3.1462758,120000
0.2735252,-0.3402224,1.3509227,5.175416,3.1955433,138500
2.1484432,0.6362188,1.4113714,7.3931646,3.8475451,359900
8.298976,0.5423797,1.8057103,6.5675335,3.4023945,204000
1.4461217,0.7045751,3.3402438,8.510446,2.618916,137000
1.0508103,-0.09929907,0.91905296,5.5383096,4.7542396,190000
-0.00845461,-0.84815574,1.142098,4.484744,2.3391037,68500
2.4179876,0.41630217,1.6044577,7.2088447,3.3224332,360000
1.8899213,1.0972703,0.53535146,6.279265,2.2208366,116600
8.14627,0.58020574,1.5431358,7.1623893,3.8283355,319900
4.3874145,2.100008,1.5608966,7.0405188,4.2219563,319964
2.5081396,1.4043239,0.0053346558,5.622718,2.2857795,115500
2.4456635,1.41424,0.0013828749,5.648095,2.23863,77900
2.5728002,1.4827633,-0.07519403,5.653947,2.1691706,78000
2.043495,1.1990694,0.25219443,6.144919,2.250869,56900
1.5627096,0.64944494,1.6757312,7.844813,3.3371253,471000
-0.2957037,0.4810165,1.8545471,4.794535,3.6023505,93470
-0.10852523,-0.8099966,0.8269152,4.232551,1.8216763,67500
1.4013401,0.6996414,3.281247,8.470025,2.5141366,67700
10.063183,-0.03366464,1.239184,6.265472,2.4448478,89300
1.8580784,1.0234404,0.62918854,6.3470893,2.1607547,169750
1.4329915,0.82295936,3.665103,8.788863,2.446807,89600
1.4325018,0.82302326,3.6665232,8.790924,2.4466841,89600
2.4464717,1.3791392,0.0036281508,5.6265516,2.2791672,105500
0.919481,0.0051847906,0.8592467,5.432496,4.521134,135521
-0.09217049,-0.7337729,0.75395846,4.2678504,1.8014379,68600
8.958023,1.094113,2.8346713,5.852093,3.4184003,105500
9.748629,0.40921256,1.006442,6.172599,2.9533288,99800
8.768751,0.47971278,2.1480894,6.30132,3.020197,97000
9.029568,0.2990714,1.0019811,6.2430315,3.080253,84900
1.2001773,0.5757497,2.289345,8.161231,2.5914466,85680
1.9547628,1.2477734,0.36255464,6.2008867,2.3193407,103603
1.1918042,0.57792234,2.2475421,8.161009,2.5964851,86220
1.4792358,0.52008146,2.492579,7.9337606,3.022374,186950
0.8526535,0.6689676,1.6257435,7.4472003,2.4272106,120400
1.0863671,-0.10701616,1.293544,8.271106,3.3229628,159999
8.366006,0.58408135,1.9793783,6.6454477,3.4639707,240000
1.4340703,0.7271346,3.396311,8.567592,2.574191,80500
4.8309693,1.5011286,1.6896482,6.9480615,3.4899561,499000
-0.20553957,0.34076303,0.93433887,8.275634,1.7049454,140000
0.54797685,-0.44683203,0.9175041,5.0118055,3.124505,99900
2.3215275,1.1251835,0.03401579,5.726443,2.39267,115500
8.834037,0.6286337,2.2608712,6.3026752,3.2446303,139800
9.246473,-0.17000392,1.8602194,7.6739025,3.268838,89900
-0.18964972,0.13167974,0.77272785,8.375591,1.9288636,75000
0.23785546,0.10285374,1.3624848,8.063446,1.6152779,50500
-0.39025533,0.53450805,1.8271197,4.7433133,3.4753582,76680
2.4314551,1.4268614,0.019976284,5.64682,2.2373655,82500
2.0091062,1.2716016,0.3233704,6.108556,2.2901845,64988
2.3932567,1.4138601,0.045953248,5.6618857,2.245504,82500
1.3933228,1.1322354,1.5026846,6.882669,2.8596501,189000
1.3418224,0.82662344,1.7706094,7.6263857,2.5791876,150000
1.6913295,1.201891,1.5166638,6.984412,2.8027914,140000
2.6751742,1.0186256,1.6425579,7.239741,3.032825,214999
10.150459,0.42809486,1.5889326,7.911041,3.550863,215000
8.439182,0.5560758,1.7423391,6.3059916,3.1062443,260000
2.7365024,0.34874862,1.8158562,7.205522,2.9931915,340000
9.913033,-0.08052938,2.0288923,6.5092173,4.2444267,127000
1.4076709,0.97256446,1.7554249,7.5470467,2.77832,140000
-0.31700963,0.48210815,1.7328538,4.818718,3.3580813,81000
9.386293,0.24311742,1.8671204,5.8667946,4.1529207,103600
9.063936,0.6918147,2.4714093,6.1287227,3.2794285,132000
10.058433,-0.039578155,1.2578624,6.291832,2.4901774,97000
2.063245,1.1083508,1.5484037,6.932947,2.5953174,230000
1.4500245,0.7006892,3.354452,8.525043,2.5527117,77000
1.87051,1.1898125,1.5284638,6.9212527,2.6667006,174000
1.8760613,1.3629848,1.3796499,6.837955,2.8125455,189800
1.976065,1.1401378,1.5619103,6.9351788,2.628506,201500
4.324976,2.155792,1.52189,7.0179687,4.294638,375000
1.9589262,1.2284014,0.3597059,6.2051153,2.3206851,107107
1.4173336,0.7173489,3.3456762,8.521828,2.5056574,63525
2.288513,1.4540585,0.00698831,5.8507433,1.9535034,55900
9.060033,0.8613966,2.6192663,5.9908214,3.2668736,89000
1.9218804,0.9881828,0.44698998,6.435045,2.6116114,207500
8.117984,0.55491996,1.6048614,7.267422,3.8361275,890000
8.633952,0.46780804,1.9161038,6.2478037,3.0245924,113000
4.019965,1.6105094,1.7395942,6.9785676,3.3031409,157000
3.8397532,1.4054933,1.6253499,7.0612855,3.4507241,315000
3.1608398,0.14005417,1.8898647,7.1115065,2.4935725,205000
-0.4337784,0.56073636,1.8570302,4.7090845,3.5080824,78500
1.2006687,0.4323889,1.9528195,8.158725,2.8746116,129420
2.8544586,1.419897,1.3310577,7.082858,2.8955553,135484
1.4336418,0.6878305,3.3216152,8.476967,2.623038,80500
1.9008231,1.2826278,1.458133,6.9028783,2.9103394,223850
2.3232696,1.1186317,0.03368736,5.740409,2.3938777,144000
2.196822,1.2495888,0.22005257,5.883643,2.1562784,99000
2.2774704,1.3482051,0.12024584,5.7909117,2.2005517,94500
2.8606946,1.4315284,1.322998,7.079917,2.9126482,132602
4.289588,2.162209,1.4527493,7.03059,4.3861895,384900
2.4659522,0.430208,1.6296917,7.362498,3.775853,495000
9.061758,0.8473739,2.6100342,5.99062,3.2536967,74000
9.047878,0.86220485,2.628205,6.005703,3.2771018,105400
3.2037437,0.118883364,1.936709,7.153986,2.5310607,419000
8.814172,0.26330215,0.9361253,6.2723646,3.2151034,48600
8.00042,1.0013078,1.2823198,6.457453,3.1748898,107400
8.883831,0.28466853,0.83880395,6.226601,3.2108338,76900
8.745504,0.5112199,2.1376815,6.3264527,3.1023576,113000
2.6758773,0.36163917,1.79053,7.229593,3.0957372,545000
2.4130535,0.56690574,1.5510302,7.1693892,3.1965685,525000
2.8711376,1.4317667,1.3257282,7.0878725,2.9052782,132602
9.050368,0.6204662,2.2141852,6.712126,3.48092,290000
8.65016,0.58577824,1.9309149,7.037625,3.6598501,307000
4.8955216,1.5478582,1.7238965,6.9011555,3.440819,133000
9.553282,-0.48044926,2.145314,6.508854,4.4483337,206000
-0.351052,-0.12046591,0.061022196,8.763331,1.3214749,71900
8.373471,0.62646276,1.4021423,6.837454,3.708186,269900
1.2395256,0.5411667,2.332673,7.9924183,2.5226727,82950
1.0541285,-0.032448556,1.3489894,8.39719,3.3855197,89900
-0.6176947,0.7932042,1.6786605,4.637724,2.8467948,119000
9.018247,0.843404,1.4075462,5.7600646,3.3279903,173600
1.8804702,0.99208874,0.80662024,6.4476595,2.207035,219000
4.376679,2.1067917,1.5573492,7.0399537,4.2312584,413000
1.8888806,0.664049,1.9590542,7.1406527,2.7842948,146500
2.2975025,0.84814906,1.6319563,6.916402,2.415644,215350
0.5294708,0.30643645,1.5517417,8.230449,1.7092072,123000
10.06713,0.0023846468,1.2278861,6.326052,2.5166836,125000
8.983278,0.78250337,1.821401,6.044386,3.473565,167500
9.046616,0.83434653,1.4447341,5.767091,3.325283,123950
8.99141,0.7473412,1.8211663,6.0250454,3.4816682,204350
9.004132,0.7450961,1.8043656,6.0275335,3.4568942,175875
9.037323,0.81743634,1.3840796,5.77419,3.3378205,127300
2.3434665,1.4028758,0.09860139,5.7161894,2.2363677,77450
2.455639,1.4408685,0.0054482436,5.625709,2.231863,65000
1.5128928,0.5008939,2.385553,7.939346,3.1458046,274250
9.036717,0.8766553,2.654041,5.9723954,3.2698698,74000
2.0261772,1.11696,0.38737786,6.1483636,2.1819675,92400
8.823309,0.25722122,0.9223489,6.265143,3.1840007,40770
2.636616,0.45827386,1.7515802,7.167849,2.8509505,344000
1.1125958,0.15406759,1.5371009,8.40093,3.2028208,132300
9.140872,0.7428205,2.008284,6.202032,3.4872534,132231
8.280872,0.5379932,1.7947197,6.56539,3.3714988,204000
1.4288497,0.7889993,3.59225,8.717023,2.489849,108000
2.223765,1.2704794,0.21292703,5.905015,2.1390476,91500
4.1752563,1.6487914,1.717004,6.98418,3.4054427,188000
10.355787,0.62075067,1.858815,6.850379,3.091526,135000
9.0183115,0.8479456,1.4003919,5.754756,3.319346,115385
8.128924,0.48562315,1.6375196,7.263947,3.7951114,730000
10.130978,0.30021015,1.790692,6.3360777,3.221015,169000
0.6143006,0.51442266,1.5625095,8.025623,2.222334,189500
1.6205374,0.43936726,3.4106247,8.255765,3.3487031,159000
0.14529903,0.36186525,1.4221356,8.174211,1.9283441,89000
1.2007257,0.28002486,1.6206387,8.35593,3.1921456,237000
1.2054676,0.25639993,1.6034615,8.376096,3.211386,260000
1.863755,0.6208182,1.947397,7.240743,3.0097222,239000
8.569198,0.8021522,1.1376641,6.3633137,3.5522082,169900
2.086426,0.35798523,0.8676062,6.661408,2.7802823,245000
-0.03904249,0.27812448,2.0115685,4.968114,3.9459517,89600
2.2895095,0.7583746,1.3814743,7.228756,3.6377964,485000
1.1193898,0.04146572,1.1605293,8.357929,3.5683875,234900
-0.033959236,-0.550907,0.72378343,4.4181504,1.6977947,86900
1.3433077,0.92079073,1.8302053,7.648429,2.7730477,156000
2.443737,1.5419486,-0.11176762,5.725038,1.9657795,59900
1.8354388,1.0465492,0.6063822,6.356382,2.1548789,116600
2.4525545,0.5163555,1.5692785,7.3704953,3.9273648,599000
1.9940106,0.76476234,0.74713,6.368478,2.0467155,117000
1.8457752,1.0148834,0.7069373,6.672905,2.6517723,271200
1.8045726,1.2047735,0.8577002,6.650419,2.4153953,209500
1.5927774,0.4650371,3.2428713,8.20021,3.1212022,185000
2.856099,1.4111816,1.317013,7.0966816,2.9671943,191876
9.055475,0.41336635,2.2746267,6.875484,3.3162565,218800
2.756188,1.4027911,0.27012616,6.023095,2.6660786,320000
1.5766125,0.89853466,0.17142202,5.0182323,2.5737998,109999
9.616851,0.18805592,1.673438,7.681614,3.5061092,134900
9.974421,-0.48804727,1.9957371,5.9448385,3.892525,42000
1.7715435,0.32868436,2.991446,7.9461727,3.092566,140400
2.194788,0.42936966,1.1298841,6.939863,2.979679,335000
0.7356789,-0.17292649,0.6800939,8.486744,3.6008594,199900
0.45233676,0.27008197,1.3779278,8.460174,2.0716276,139000
2.6106424,0.9885571,1.6386296,7.255026,3.026647,230000
1.8997835,0.7931445,1.3184139,7.2160354,3.5633426,330000
4.1132617,1.6418151,1.7204978,6.9822893,3.379741,115900
4.2552457,1.6952807,1.7080187,6.9799814,3.4765952,133200
8.38714,0.68852544,1.252009,6.732147,3.7017107,379000
2.67493,0.40249503,1.8081235,7.1992574,2.9599607,345000
8.546698,0.5161112,1.639442,6.8914003,3.8115182,375000
4.3744946,1.9611703,1.6153226,6.9921703,3.9314852,499900
0.98852205,0.6367509,1.6817443,7.8847103,2.3583703,175000
2.4308114,0.43195617,1.6155092,7.210989,3.337958,470000
9.738968,0.52852815,0.9608821,6.7425675,3.2972815,269000
2.259822,1.3443364,0.13114554,5.8044586,2.1801906,75000
1.4382861,0.53371733,3.01944,8.120308,2.6912842,146000
1.4828291,0.6885001,3.3906503,8.529931,2.6011755,141000
1.5976022,0.452325,3.2129207,8.171137,3.1156113,171000
8.980979,0.9678701,2.727305,5.932684,3.3708687,152000
8.680372,0.5301762,1.9727591,6.8002706,3.7125652,550100
9.118702,0.7209316,1.5800252,5.8395214,3.302815,150318
9.020273,0.8405541,1.4028373,5.7581,3.3260975,122031
10.108149,0.19433205,1.8703281,6.309739,3.0517087,75490
8.884373,0.7556585,2.1787827,6.659705,3.5271535,307800
8.975125,0.79691434,1.8175205,6.009294,3.5105743,230400
8.701697,0.5613396,1.965449,6.7308345,3.7114542,378100
9.022098,0.8453657,1.4201746,5.7554603,3.3254254,161200
10.140854,0.5780839,2.0155156,6.704098,2.9328,104000
4.8803315,1.5564533,1.7202853,6.9056687,3.451864,198000
4.1271653,1.5938616,1.674532,7.0117536,3.4472048,214900
2.3353431,1.4917312,-0.041625828,5.812046,1.9582326,48900
2.3960555,1.4306567,0.06684755,5.655101,2.243995,82500
1.8454906,1.2968993,0.4021144,6.36154,1.9431586,135999
1.6215239,0.43968523,3.4031782,8.251172,3.3418949,159000
2.6260695,1.4585236,0.010860236,5.72734,2.3062444,175000
8.66933,0.5362627,1.8758192,6.9327955,3.706991,395000
1.4164293,1.0510551,1.0709112,6.6488385,2.4942214,181380
8.96046,0.66920954,2.063247,6.579155,3.6059146,269000
2.3779056,1.40933,0.053543083,5.6792383,2.2335777,57999
0.7633124,-0.01569958,0.29178944,8.382643,3.4842885,152990
8.137163,0.5536532,1.5575782,7.216897,3.8248272,675000
9.105264,0.50633085,2.2709053,6.283754,2.9471905,120000
1.4217653,1.0530165,1.0476022,6.6348357,2.4771383,181380
8.304863,0.5049374,1.54286,7.0801415,3.7739053,600000
2.2642157,0.1583099,1.4678149,7.028224,3.201204,549000
3.1535718,0.14281811,1.9084561,7.13861,2.5314627,250000
-0.24397747,0.18917857,0.75520176,8.522182,1.95437,154900
4.3534513,2.1448197,1.5264361,7.036694,4.2942886,390000
4.183404,2.2125304,1.4815112,6.94598,4.3143435,155000
2.1216686,0.3697408,0.84460276,6.648904,2.7708673,208800
1.6578971,0.40083614,3.483529,8.246812,3.4091895,114694
8.966749,1.0758326,2.8150308,5.854267,3.4148521,70394
1.5602235,0.79986984,0.13298279,4.9573145,2.591626,119900
1.8022879,1.0800762,0.62199557,6.3780518,2.2358546,130800
1.5388366,0.7975381,0.12306513,4.965022,2.5980752,77400
1.4293126,0.7334396,3.4246476,8.58713,2.5492477,68600
9.172982,0.27569205,1.9786053,7.3033323,3.4858365,155000
-0.3658276,0.51329523,1.7933062,4.764892,3.4434662,92500
8.339808,0.5429386,1.9762752,6.6551094,3.4444032,204000
1.9579803,1.2531301,0.3485188,6.1946487,2.306786,101207
2.8369248,0.37439805,1.8080757,7.067357,2.5262012,265000
2.1071675,0.44315395,0.7856653,6.6070967,2.6759253,161263
2.649456,1.2694011,1.2735764,7.035879,3.2259398,240000
3.2051105,0.1135887,1.939407,7.1450496,2.5224648,490000
3.076369,1.6644388,1.2908196,7.117641,2.7085104,89908
3.086338,1.6756619,1.2889016,7.1190624,2.6998858,90826
1.5792843,0.23030417,0.8190557,6.8465853,3.2564535,176500
2.0926797,1.031458,1.4285595,7.1374288,3.6180155,269000
10.514563,0.63507783,1.7337446,7.1178303,3.1695912,60000
1.1860132,0.31718573,1.5511737,8.347983,3.2442365,244800
10.486704,0.30788696,0.86476636,6.700408,2.9660666,94900
1.202804,0.5313021,2.231611,7.9296703,2.46391,89040
1.6101495,0.9987511,1.5916978,7.1049333,2.569785,110000
8.792885,0.5729546,2.2744682,6.5843472,3.3282843,285800
8.8057575,0.60243005,2.3077967,6.474951,3.288284,186500
2.4097009,0.48731875,1.5683906,7.4082513,3.9366622,595000
2.3423615,0.41508818,1.6864554,7.4632816,3.6904187,565000
8.756123,0.58156174,2.2735913,6.515062,3.31339,186500
4.393943,2.1146328,1.5431685,7.0453644,4.2663,789000
-0.26608214,0.8637196,1.0368553,4.0536623,3.1598988,83000
9.066643,0.7907359,1.8946819,6.150981,3.4457383,233350
9.016542,0.8443585,1.395104,5.759646,3.325486,186000
9.171313,-0.01149424,2.0274677,6.1083646,4.216588,141980
2.4764347,0.48251116,1.5780034,7.3883963,3.9601693,660000
3.1335423,0.15192033,1.9013311,7.136139,2.523124,205000
3.1526124,0.14411901,1.9106615,7.1394105,2.5302532,305000
1.4052619,0.30806214,1.5174248,8.202957,3.4283853,350000
8.989793,0.94339144,2.692992,5.9922037,3.324557,102990
1.3961679,1.0791378,1.6709899,7.1361275,2.7951078,197056
0.021374198,0.34993064,1.3635682,8.168974,1.8063644,89000
1.0211635,0.16686146,1.5001533,8.482192,3.0412757,87900
1.8530685,0.7083893,1.9541171,7.1439,2.7965398,135000
2.080106,0.34606025,0.8807394,6.678658,2.803405,240000
1.6164906,1.2030494,1.3530214,6.85554,2.7238019,269000
4.3467855,2.1717963,1.5365075,6.9666295,4.234323,330480
2.4871416,0.5501303,1.5850896,7.3356123,3.8859978,595000
1.5395782,0.8103461,0.110279575,4.937674,2.6185358,146900
8.977729,0.79024893,1.823451,6.042119,3.485358,194300
8.97524,0.7939083,1.8110938,6.0173955,3.4895923,184250
9.024826,0.8356814,1.3897107,5.7625093,3.3287084,181200
2.0857956,0.46896824,0.74738413,6.6022463,2.730295,182000
10.606544,0.35026878,1.0706775,6.6454306,2.919511,119999
9.009748,0.7124713,1.825137,6.055608,3.4363923,234500
0.6130727,-0.18712378,0.07940791,8.722158,3.600833,132000
1.108454,-0.20516944,1.1122684,5.784529,4.616993,156500
4.850654,1.5764222,1.7194054,6.9078918,3.4612222,99999
2.041673,0.34689146,1.6632589,7.158303,3.8319454,164900
4.228007,2.2643168,1.5017405,6.9176674,4.3062463,171200
1.5389304,0.75994563,0.14257187,4.9948335,2.6087544,125600
2.1075058,0.58148795,1.8113146,7.207574,3.1303926,298000
2.0147033,0.7724756,0.7296443,6.3896627,2.0189755,117000
8.500885,0.6775583,1.5393525,6.3769507,3.4070444,400000
8.332505,0.52713436,1.588235,7.0576453,3.7533038,600000
8.38183,0.5306513,1.6293366,7.0059223,3.7232301,530000
8.402961,0.5138239,1.6885386,6.9096723,3.6317253,520000
7.992432,1.0079123,1.2711459,6.4418726,3.1501338,117559
1.9237791,0.96300733,0.61606437,6.449049,1.8840235,130000
8.319634,0.56203,1.5329843,6.954721,3.70984,395000
1.4019457,0.5886859,2.955302,8.208534,2.5492334,70200
10.028007,0.6029341,2.0759115,6.6449275,3.2457902,89000
8.181624,1.0034243,1.6212639,6.7990828,3.8846643,79338
1.0187198,-0.14917521,1.012828,5.5908003,4.642765,270000
1.9285866,1.2546852,0.37422758,6.252999,2.3191493,118948
8.972055,1.0303512,2.7522664,5.8928866,3.4403422,140000
2.6927934,1.005756,1.644995,7.229689,3.0248625,262500
1.9553537,1.4013376,1.3808012,6.832949,3.0242062,279900
-0.004982829,0.28789932,1.0807258,8.3626795,1.9844351,110000
4.040397,1.5623978,1.6885284,7.018842,3.3727946,184000
9.714582,0.6404815,2.416448,6.939636,3.4232998,130000
10.364704,0.21111645,1.5134339,6.491957,2.8216176,94499
8.639749,0.6274878,1.3237395,6.2104445,3.365132,350000
9.545462,-0.49072307,2.1535199,6.5378814,4.440342,115000
1.1488391,0.12930098,1.4367176,8.410652,3.3368015,248000
8.438333,0.4224178,1.6893358,6.868346,3.5650477,359000
8.582059,0.38840577,1.8427931,6.7769537,3.5044215,357170
9.723426,0.66842055,2.45785,6.937635,3.4344556,140000
8.161322,0.9982556,1.5986676,6.839191,3.893578,90909
1.0439777,-0.1924991,1.1112531,5.714725,4.6146674,163000
1.0533223,0.5424366,2.0398326,8.1462555,2.4829116,66000
-0.2385109,0.01476282,0.18836336,8.762706,1.726382,123000
1.6432039,0.70722055,1.2421665,7.245971,3.5600212,269000
1.527912,0.5195461,1.1779965,7.3663716,3.4681523,279999
9.01662,0.8464562,1.406439,5.756559,3.3272555,134033
9.024904,0.8490955,1.412151,5.7422786,3.322352,155736
8.958093,0.78392756,1.7904954,5.997706,3.5219612,246250
8.666865,0.48624966,1.8649476,6.786249,3.7661173,310700
8.973809,0.7975178,1.8213096,6.014379,3.5067492,211800
0.2075083,0.2309895,1.1556224,7.7224436,1.2050891,60000
0.29652572,0.2574115,1.4449357,8.290359,2.019073,69500
7.906543,0.4004124,1.9700619,6.5350475,2.9607947,180000
3.2096863,0.10841545,1.9380947,7.1510797,2.5210202,450000
1.1830229,0.49152982,2.2779527,7.963587,2.4697328,209000
1.1089572,0.22612031,0.86255,7.873664,3.585594,285000
2.7627718,1.3348515,1.2652243,7.016879,3.1632783,325000
0.6044081,0.3687559,1.6913713,8.237593,1.6303517,60000
-0.1980653,0.41325903,1.2245872,8.018481,1.9064864,94000
9.3505535,0.024260886,1.6837561,7.62254,3.4854975,125000
9.285605,0.23080409,2.2668068,7.1607275,3.2384331,249000
1.6777152,0.38088673,3.0438511,8.007355,3.0828958,145000
1.3928543,0.5440451,2.7947695,8.099693,2.6165128,87000
8.080684,0.50347304,1.619645,7.2658873,3.797303,1000000
1.1687735,0.31673032,1.5074195,8.372604,3.2241035,315000
1.486292,1.1600099,1.4902977,6.8939195,2.8325503,197056
1.2144029,0.17988533,1.4401847,7.914205,3.2784557,340000
2.1293113,1.0802449,1.6190637,6.9148893,2.5250118,240000
2.3992808,1.0968274,1.5949029,7.0445533,2.615783,170000
8.443138,0.54256344,1.7693595,6.334893,3.0750496,289000
9.696638,0.65116894,2.4914615,6.9603634,3.4743516,150000
1.5260113,0.7231096,1.6529568,7.804245,3.2597625,400000
1.4185036,0.7267896,3.3395357,8.535268,2.622811,105000
2.2786367,0.15074472,1.4499884,7.0138745,3.186437,609000
2.5186012,1.5311809,-0.1016496,5.6751404,2.055095,49500
1.3250911,0.89899385,1.8709474,7.7111893,2.7633502,190000
9.015076,0.84422326,1.4136392,5.7621527,3.3275495,154100
0.68217963,-0.19535479,0.9918603,7.927382,3.0146015,225000
9.258278,0.14769104,1.63242,7.5446715,3.5908518,134000
1.9864302,1.2405738,1.4332068,6.9164553,2.9218874,270000
8.656633,0.44410422,2.029517,6.361583,3.0504308,134000
2.079988,1.3390983,1.3836477,6.909291,2.9845295,235000
1.7628702,0.602396,1.999874,7.2948155,3.0377104,145000
1.3664298,0.8889176,1.7152404,7.63969,2.772808,235000
10.04177,0.6612633,1.9823205,6.2833486,3.0317202,35000
10.574942,0.32493722,1.0736524,6.606751,2.8975444,145000
2.5523574,1.4887905,-0.07285164,5.6502876,2.1579044,63000
9.229667,0.4663606,2.146319,5.898703,3.952823,85000
9.342689,0.4680324,1.7248266,6.0493865,3.7156107,139999
1.9183774,0.6498795,1.9337696,7.123998,2.765594,150000
-0.041890133,0.26995346,2.0294666,4.956673,3.9470937,55350
8.727,0.1699963,1.2136147,6.3659325,2.8562222,126340
1.54815,0.7837461,0.13073164,4.977866,2.6057734,144400
10.2226515,0.5411931,1.8107069,7.743809,3.4163427,115000
0.74751186,0.41801757,1.7712096,7.6930804,2.3754158,196000
4.2476926,1.6674148,1.6903509,6.992064,3.4937499,125000
2.0459678,0.9396645,1.4627732,7.0271096,2.901166,230000
2.3524692,0.7845332,1.3873378,7.2412205,3.6979654,700000
0.4643528,0.257424,1.400024,8.464068,2.1152759,87000
2.749667,1.3138386,1.2633047,7.035902,3.189831,259900
1.6113687,1.1385679,1.4269637,6.826359,2.7256777,131600
8.377036,0.6656883,1.3420537,6.8495317,3.7385924,285000
-0.260792,-0.10044994,0.12504975,8.721136,1.4833552,72000
1.0302032,-0.01567933,0.91218096,8.342272,3.6207633,262000
2.0520384,1.4698896,1.3572227,6.8372607,3.0489295,210500
9.245684,0.29249674,1.1135637,6.389595,3.22629,128000
9.886705,0.6674896,2.0998216,6.544054,3.1718535,146900
9.921541,0.37230384,1.383195,7.1142173,3.583384,99000
1.4052718,0.7359564,3.348488,8.514547,2.591946,105500
2.040234,1.4495322,1.3747215,6.8345885,2.9437702,259300
8.774529,0.58767945,2.2901664,6.488344,3.2933023,186500
8.922471,0.6425741,2.3020773,6.3008704,3.211291,139800
1.1720022,-0.061697442,0.9945028,8.133774,3.723775,335000
8.596358,0.5321251,1.7638754,7.026139,3.6899283,190620
8.825255,0.6330622,2.2625074,6.281582,3.2509801,139800
8.987017,0.78200847,1.8174596,6.0342793,3.4627202,174200
8.827,0.6353391,2.26156,6.2872458,3.2566645,119800
9.89834,0.47508895,2.0462995,6.5186305,2.8777912,135000
0.33058748,0.1908247,1.4461225,8.180474,1.7290041,62900
2.4826348,0.47910056,1.5876622,7.3812137,3.920133,660000
2.7398381,0.022665381,1.8472279,7.2878428,2.592726,220000
1.6106524,0.42366672,3.394937,8.180355,3.3934817,184000
1.7958246,0.70647925,1.943293,7.1843157,2.7102306,115000
4.2290683,2.2011251,1.4613763,6.9870725,4.361945,315000
4.20777,2.193911,1.4479852,6.9892097,4.370509,349000
2.371105,0.5451256,1.5137827,7.3053536,3.8919327,514900
2.1235938,1.0545212,1.6012483,6.944269,2.5140698,220000
0.4678294,0.279738,1.394043,8.433682,2.1165593,168000
2.0348616,1.0352678,1.5413493,6.867248,2.5045967,172500
1.2097802,0.22045109,1.5746032,8.355585,3.2545724,284000
4.035577,1.5449208,1.6658169,7.0281115,3.41799,185000
0.5506215,0.3638251,1.6485575,8.229622,1.8538173,75000
0.9675949,-0.056773324,1.2154394,8.261598,3.4855878,99900
0.5630578,0.33581635,1.624014,8.2432995,1.6398473,64000
4.8495073,1.5725126,1.7206932,6.9081783,3.4556808,130000
0.9981278,-0.038822334,0.91101396,5.5335765,4.605395,168000
2.3100193,0.14261226,1.636104,7.111856,3.2960832,533500
1.5436743,0.80311376,0.1326597,4.96656,2.5990324,77000
2.0432136,1.2270597,0.14268473,5.441811,2.3345075,62400
2.0682557,1.3818617,0.13285625,6.0599685,1.8692024,33900
2.0030556,0.7770476,0.7356411,6.385583,2.0268013,117000
2.4991264,0.41555536,1.6297972,7.375088,3.8527105,783000
2.2780912,0.16128588,1.4760123,7.0416884,3.2010083,549000
2.538829,1.4082203,0.20854029,5.872674,2.373497,187500
-0.3631917,0.9586877,1.21668,4.204574,3.1402745,107000
8.675429,0.800977,1.1694525,6.369679,3.5178313,229000
1.3884451,0.9178125,1.8022364,7.6539764,2.869069,255000
9.986691,0.13023849,1.2937592,6.147617,2.5488586,41900
4.2349763,2.2349446,1.4792514,6.9513936,4.33845,245000
2.442409,0.53966683,1.5562164,7.3641324,3.9305928,750000
9.861176,0.55081916,0.90212435,6.7098455,3.2622666,210000
-0.06412418,-0.015533273,0.36922386,8.372027,1.2757207,44990
-0.123447254,0.02202987,0.35242093,8.450466,1.361153,74990
8.987108,0.40731674,2.163087,6.821688,3.3806777,277000
1.1612333,0.3352222,1.5587181,8.346971,3.1777782,195000
10.105704,-0.50480735,1.9460629,5.8687916,3.8674924,85000
9.260872,0.100642614,1.889696,7.4034896,3.6050737,340000
1.6001748,0.416269,2.9700904,8.0081005,3.0521379,162500
9.2405405,0.55717164,2.129357,6.325068,3.057585,174900
9.236643,-0.2088981,1.8929423,5.6760273,4.139569,115000
1.6399643,0.52098686,1.6850997,6.778503,3.1276588,71499
4.155788,2.2374458,1.4816922,6.9288073,4.3128858,120000
0.40283173,0.26675975,1.3302386,8.357558,2.109294,170000
1.1163334,0.12550916,1.511032,8.430397,3.2582767,119900
1.6658669,0.71396554,1.2254345,7.2745104,3.4846933,194000
1.486222,0.84170604,1.5630279,6.919294,2.313132,93200
4.1439934,1.6227452,1.7096307,6.99015,3.3972106,185000
2.3755364,1.1181056,1.3251671,7.0893865,3.551175,299000
2.165719,1.0922998,1.6621273,7.053861,2.6456969,170000
9.988169,0.2722537,1.8492695,5.9282017,2.806244,60000
9.374105,0.29405108,1.3760262,7.802398,3.7224987,167000
1.2622586,0.25785545,1.7287517,7.8869867,2.7221398,263499
2.178897,0.6781795,1.251557,7.12834,3.2896576,365000
0.8567736,0.6385812,1.5266165,7.299626,2.3136222,159000
9.618455,-0.68053716,2.4505408,6.869728,4.347315,109900
10.562445,0.31773487,0.9550188,6.610217,2.8611836,104990
2.6376333,0.4237818,1.8156761,7.1989446,2.9219923,345000
-0.07343655,-0.022478027,0.37234947,8.403883,1.3106546,74990
8.080265,1.1089176,1.5802644,6.7667685,3.9268472,98500
-0.30602288,0.16269714,0.7868399,7.9395156,1.9940174,72500
2.744614,1.3363168,1.2871898,7.0457664,3.1209366,190000
8.354872,0.7879355,1.8565488,6.8779917,3.5955348,590000
1.7748089,0.85533744,1.450458,7.1377106,3.3606625,650000
1.588838,0.48050532,3.3258321,8.2592325,3.3029993,118755
10.658363,0.664149,1.5227375,8.233921,3.6008775,490000
9.327878,0.10057251,2.1407933,7.2798786,3.5899246,103000
2.673645,0.34904742,1.7875799,7.229539,3.101247,395000
10.692283,0.68601537,1.5224199,8.231615,3.6065946,335000
8.435966,0.4637166,1.8288717,6.7142177,3.3259532,469900
-0.09152495,-0.73998326,0.7368443,4.252179,1.7901413,77000
0.31950197,0.21918003,1.2156571,8.533343,2.0487704,150000
0.430604,0.27838463,1.4864057,8.354453,2.0935185,105000
-0.3158696,-0.096788205,0.08810769,8.735272,1.3575653,93000
10.435439,0.2985306,0.91868603,6.6577935,2.9300606,58000
2.7797363,1.4131422,0.20328344,5.947262,2.5962539,293300
1.7729787,0.112669334,1.2612923,6.7118845,3.3510249,282900
2.4913926,0.48896483,1.6092709,7.386711,3.9006042,660000
9.323492,0.60249734,2.2745497,6.8559904,3.4247048,235000
8.718322,0.48779103,1.5110836,7.0981064,3.7684145,259000
1.6653693,0.55947465,1.2705386,7.266855,3.6350098,359900
-0.38949868,0.6694953,1.5625873,4.7101274,2.9962068,90000
1.4965335,1.1520774,1.4583821,6.864083,2.8084598,197056
-0.35075346,-0.12812874,0.051173933,8.762247,1.3066707,93900
2.1621785,0.7996549,1.3097308,7.264639,3.690824,599000
8.440967,0.53662145,1.7781396,6.336329,3.080586,279000
0.75661194,-0.14561376,0.7992778,8.544372,3.6312342,199900
-0.054031786,0.1838788,0.7267433,7.9051986,1.0985737,52950
9.305362,0.25520357,2.2724683,7.1249223,3.2600203,110000
4.3798785,1.8684714,1.6520268,6.98259,3.7683642,375000
1.4785215,0.1781134,1.770351,7.809838,2.767225,260000
1.0369881,-0.04116183,1.3052865,8.260208,3.4438982,127000
8.615114,0.70382833,1.2180765,6.199583,3.386662,232000
4.2099676,2.1986175,1.4578633,6.9832807,4.358798,340000
8.723738,0.7831279,1.0564784,6.1894917,3.4854407,105000
1.3839386,0.56444967,2.7657146,8.112134,2.6436563,140000
8.722726,0.49611524,2.1972,6.62656,3.2764947,180000
2.009837,1.1807699,1.5351118,6.8332567,2.5897262,224000
8.780947,1.1404775,2.9498494,5.976806,3.541231,184000
8.283295,0.5116486,1.4972802,7.1060143,3.8020258,492000
3.1337175,0.16138723,1.9231467,7.160926,2.555618,310000
8.826094,0.7551847,2.493166,5.790277,4.0248327,145000
9.007017,0.7192461,1.8412644,6.0314045,3.4567091,233500
1.6188288,0.47071657,2.8297489,8.091911,3.3815112,300000
2.12287,0.74842066,1.4886155,7.2587996,3.3304214,392000
3.1666217,0.13342038,1.9200106,7.1502705,2.543444,453000
8.095646,1.0875734,1.5902122,6.7827725,3.9202206,89800
2.4699142,0.52061015,1.5704865,7.3687415,3.9455085,850000
1.4236362,0.74771714,3.433253,8.597639,2.5456386,99000
0.63628286,0.38719183,1.6005625,8.316308,2.1916153,145000
9.53818,0.07106167,1.3598015,7.945944,3.5569794,120000
8.975854,0.17625844,2.0301886,6.323545,3.9117534,137000
3.1668398,0.13154443,1.9140056,7.142522,2.528083,350000
4.907857,1.5486137,1.7221454,6.898994,3.4435003,149000
8.376435,0.63471025,1.252654,6.830474,3.7368383,255900
1.5270494,0.19807245,1.7668207,7.8206496,2.7775755,260000
4.614939,2.2419875,1.463945,6.958869,4.410181,297000
8.139316,0.5338647,1.5332223,7.2427955,3.8529193,635900
8.775569,0.26020133,0.8994695,6.261877,3.317055,66900
8.882085,0.103341065,1.0777112,6.185128,3.4194474,68000
1.9434122,0.5571305,1.9009846,7.1901026,2.9418323,247000
8.208737,0.7708639,1.317192,6.411472,3.0128498,136100
1.8881351,0.62085426,1.9587836,7.1475616,2.777259,143000
1.776704,1.1827509,0.8296327,6.658284,2.3114376,180000
1.9532186,1.0576339,0.6890752,6.423278,2.172815,155100
-0.3613212,0.5255834,1.7864544,4.7644916,3.45338,85000
2.820092,0.29632965,1.7541281,7.1095376,2.7135189,430000
2.358462,1.1621877,1.3107837,7.052754,3.4933982,225000
4.2617817,1.6942284,1.7073253,6.979229,3.4790797,78900
0.68192405,0.4216576,1.6888361,8.179882,2.1506722,119000
-0.2007129,0.17948383,0.7305606,8.598137,1.9536221,90000
1.1476609,0.4381745,2.2409294,8.011745,2.4697795,128000
9.782802,0.32130858,1.9968611,6.4331465,3.0808325,105999
10.50449,0.33149314,1.003164,6.6917443,2.9898577,169000
8.642047,0.5556265,1.1713015,6.7599506,3.723809,169900
10.052574,0.06284743,1.7367101,6.3121686,2.736025,139000
9.812113,0.40715247,2.169784,6.4696875,2.8359053,105000
9.077333,0.36878657,1.8731378,7.1491427,3.4419336,140000
10.276556,0.46413302,1.3865966,6.239203,2.9168773,57999
9.3531,0.07113548,1.815147,7.5168934,3.5311053,121800
1.0727392,-0.024778483,0.56743807,7.75675,3.52562,165000
8.981177,0.380789,1.702351,7.3641853,3.6317105,195000
9.993575,0.47185802,1.207706,6.713333,3.475402,129000
10.607932,0.6309988,1.5058953,8.232263,3.6039026,388000
-0.3271857,-0.120794274,0.0676308,8.754319,1.3533239,99600
9.626644,0.13861561,1.3599257,7.509769,3.5102122,159900
9.79393,0.6735919,2.1820898,6.5481625,3.1895418,146400
10.342501,0.61846316,1.8630049,6.6944385,2.9585,49000
0.9839236,0.07639041,0.87456965,8.044472,3.855175,169000
9.386934,0.091558814,1.7523754,7.497843,3.5465572,137800
1.1651874,0.17944597,1.5752419,8.375136,3.1988459,245000
9.488552,0.62473756,2.3923664,6.299543,3.0265472,141990
8.942139,0.7600751,1.1541874,6.043395,3.3628688,93000
1.2255743,0.52741414,2.3211617,8.0000725,2.5244946,64500
1.268655,0.30336943,1.6440276,8.2952175,3.2345743,329000
1.0877715,-0.013274479,1.0287102,8.412877,3.65122,205000
4.229245,2.2370954,1.4947252,6.9523025,4.321291,234500
1.4600022,0.35290843,0.8220235,6.9813924,3.5941215,125000
0.555144,0.29877722,1.5644184,8.311236,2.2223241,200000
10.031008,0.3561365,1.9746232,6.4313445,2.9492176,116000
-0.24099024,0.4161476,1.7202084,4.890798,3.3602185,95000
9.703617,-0.24448007,2.0019119,6.0451093,3.745671,64500
9.660245,0.44912145,2.1679451,6.463115,2.8580737,144000
8.522566,0.7017622,1.0459406,6.331472,3.4345148,112500
0.9049008,0.40228677,1.4822903,8.594101,2.7400355,103000
-0.3068293,-0.114252694,0.085989654,8.746025,1.398202,78000
1.9060868,1.3197063,1.5655798,6.949904,3.0913432,135000
0.5374864,0.21514015,1.4466988,8.172607,1.978488,58000
0.98397356,0.38487542,1.4959991,8.538831,2.8677084,177000
8.799367,0.59406173,2.295291,6.4954023,3.3003366,186500
10.123617,0.38419506,1.2274688,6.7493052,3.4266086,89000
10.718935,0.607032,1.411912,7.1014867,3.4138684,103700
10.148215,0.41237834,1.236094,6.7936654,3.4615972,87000
2.4087121,0.49444294,1.5451975,7.4103284,3.9533026,600000
1.9231083,1.393461,1.3399773,6.8372674,2.8605504,209000
0.87951386,0.13140088,1.2389096,8.577226,3.0112035,199900
1.9152715,1.3092713,1.345766,6.8896575,2.9194922,340000
2.0633829,0.75981003,0.716108,6.4065633,1.9904729,172000
9.997174,0.5412883,1.9733056,6.4265203,2.809087,49999
10.554722,0.64304036,1.6668204,7.6359067,3.3881524,129000
9.252523,-0.17993034,1.8257278,7.701165,3.2918203,117000
0.74287796,0.4485761,1.7005548,8.2163315,2.2325428,128000
9.646315,0.41785473,0.80900866,6.1940007,2.94348,76000
1.1593812,0.10957611,1.3783894,8.097608,3.3802087,199700
8.352876,0.52314144,1.7724758,7.153243,3.7205048,498000
0.61836165,-0.15097073,0.10753205,8.695616,3.5499668,132500
0.6127662,-0.1413306,0.11091106,8.697679,3.538901,132500
8.6722145,0.68726593,1.0006946,6.360292,3.5794673,139500
8.670515,0.7556871,0.96204734,6.2795057,3.432914,105000
8.82239,1.1066465,2.8854835,6.023788,3.5206158,177500
8.102273,0.5264457,1.6006621,7.26734,3.8227053,600000
4.834743,1.5597776,1.7008133,6.92223,3.4902012,170000
1.7092404,0.35907876,2.9593375,7.963931,2.9617662,156990
1.2147065,0.3268521,1.6187327,8.330021,3.2204924,253000
1.9414834,1.2134897,1.3529843,6.959875,3.080813,365000
10.404125,-0.0024128766,1.7548063,5.898615,3.4177043,107000
0.27060163,-0.08081034,0.9601209,8.074267,2.2617702,80000
1.605143,0.5514896,1.0044384,7.413557,3.3443696,309000
0.96622765,0.16493933,1.2308571,8.364495,3.4674532,105000
9.372369,0.35349068,2.3193467,7.027409,3.189773,199000
2.4075973,1.2046881,0.017578792,5.7258983,2.3613832,149970
9.926221,0.49614042,2.0244014,6.772838,3.4822311,174900
9.422148,0.09210211,2.2608192,7.2297416,3.625211,178000
10.622885,0.53108585,1.3687768,6.838708,3.269111,149400
0.16273984,0.15123866,1.172795,7.787257,1.2113233,79000
4.395759,2.1041493,1.5700393,7.041422,4.2183714,518892
1.7259812,0.48284313,1.9847825,7.808382,3.5226676,322000
1.3675665,0.899807,1.8279895,7.686189,2.869191,189000
1.5044578,0.6843953,1.5061421,7.472681,3.4550235,176800
1.1478612,0.4673723,2.2021484,7.988774,2.4532974,94000
0.71518683,0.010793989,1.2382187,8.130276,2.7403781,152000
2.0978744,1.1314958,0.36934087,6.0373693,2.159944,110000
0.062010977,0.45025146,1.408491,8.0608225,2.0250041,89000
9.664666,0.5719238,2.2548432,6.865538,3.2694592,105000
9.243417,-0.1886862,1.8445051,7.701895,3.2739115,87000
8.522094,0.63850695,1.0916458,6.4847527,3.525791,184500
8.494562,0.7720141,1.0607866,6.307147,3.4388201,94900
8.720063,0.16278873,1.2307782,6.3791943,2.8412526,79000
1.5772477,0.43972546,3.2853386,8.161369,3.2170088,112950
10.531222,0.59362775,1.5216495,8.1001625,3.5748785,135000
-0.2034694,-0.07903021,0.18572117,8.709898,1.6640164,105000
1.1107333,0.02301147,1.0535343,7.972086,3.5685272,234900
1.9653298,1.0857211,1.5497706,6.8314567,2.4794855,172000
8.373397,0.6120038,1.4037064,7.0304093,3.8143263,330000
2.2591383,1.423304,-0.0010968171,5.8733344,1.9765944,54999
1.1958845,0.3322712,1.5615069,8.333979,3.2444568,240000
10.412905,0.29884124,0.9484504,6.6954885,2.9592955,88000
9.353839,0.008172365,1.8282481,7.5421996,3.4305556,78900
4.741834,3.569003,1.4395131,7.0151143,5.1691093,265000
0.9289258,-0.03529718,1.0086515,8.161546,3.7206204,188500
0.45707345,0.24082373,1.4482279,8.327231,2.140513,116500
9.770265,0.31778795,1.9034125,6.769494,3.6187694,132000
1.6122031,0.59893125,1.34003,7.140681,3.650147,330000
1.4316362,0.8068156,3.6230297,8.75129,2.4694428,87000
10.718628,0.6293935,1.4042356,6.9695125,3.3657753,85000
8.530547,0.5972477,1.2339369,6.8067904,3.7461326,169900
10.240113,0.4993132,1.4557239,8.102855,3.6333609,228000
0.8583643,0.3522799,1.6036099,8.021917,2.3486984,170000
9.255034,-0.252435,1.891149,5.7600837,4.145363,79000
0.8154686,-0.084058374,0.910963,7.7404523,3.0389514,155000
1.275215,0.074667126,1.2374115,8.232323,3.549061,388000
9.296232,-0.10912392,1.8301152,7.647365,3.3578703,116900
1.0020648,-0.063255884,1.3069023,8.389989,3.407928,119000
2.1355252,1.1818336,1.3761241,6.965771,3.112244,159000
1.0177226,0.0912172,0.8461095,8.008874,3.8666246,188000
-0.016682047,0.09077241,0.7006222,8.43993,1.5544908,54700
9.685793,-0.31249952,2.1078207,6.483751,3.5059655,99700
9.819064,0.44816798,2.045303,6.7933083,3.4352612,169000
0.97234213,0.11798167,1.2508653,8.430184,3.4553566,135000
2.1619873,1.3319162,1.4259343,6.835964,2.804956,199900
4.2240047,2.16203,1.4362385,7.0277843,4.3901415,340000
8.79872,0.23935927,1.9087543,6.926086,3.8085814,292000
8.348109,0.5524605,1.4858463,6.940316,3.72091,179500
0.5629386,-0.16397257,0.7806971,7.9745817,2.8456507,110000
1.9126767,0.9752605,1.5534378,6.8567266,2.4222682,229000
1.3579289,0.25324062,1.5025097,8.258515,3.425157,320000
10.527763,0.5850551,1.4939305,8.092278,3.5988655,249000
-0.31917876,-0.09999514,0.10963958,8.73214,1.3895681,96000
9.288719,0.35647175,2.2382214,7.088849,3.3463664,195000
1.9148049,0.5499249,1.5506026,7.410161,3.6877096,624900
-0.49337593,0.8850384,1.217302,4.002718,3.3256953,124500
9.149513,0.3550453,0.8761079,6.198294,3.20594,74950
9.090642,0.64547944,2.230565,6.72663,3.492533,177000
1.7020053,0.7758626,1.5067037,7.485216,3.4284961,181450
0.386519,0.24434938,1.3007474,8.507104,2.0717506,112000
4.2411895,2.1841486,1.4523994,7.0099397,4.379252,380000
9.379469,0.28826708,2.1913276,6.5947556,3.5797153,132500
0.09527599,0.3236991,1.0478,7.6415296,1.1694739,57000
1.0555813,0.06925981,1.3730198,8.409175,3.3686037,112000
-0.07814162,-0.712589,0.71016985,4.2683034,1.7914456,62000
0.6989237,-0.16028935,0.8867076,7.789773,2.9644935,113000
10.545918,0.65596247,1.7076181,7.7593136,3.3675044,215000
2.107751,0.959579,1.696354,6.943512,2.4398098,144000
1.5377411,0.7127209,1.6737939,7.789578,3.2572722,330000
-0.1560043,-1.0154839,1.1397963,4.193047,1.9226309,61150
10.550724,0.58841825,1.4237412,7.8173738,3.635478,328000
0.69817066,0.42854756,1.6433325,8.249225,2.2155833,247000
10.076163,0.092624955,1.5028558,6.3446,2.6782765,118000
-0.4170044,0.54143447,1.848492,4.728442,3.4959447,75000
3.193756,0.119552076,1.9302521,7.150545,2.53318,470000
1.8485857,0.7233017,1.9652865,7.1479096,2.8009636,189000
3.138982,0.16525145,1.9336808,7.163651,2.5576072,221482
8.005026,0.9898207,1.3044046,6.4965563,3.2060516,119600
1.3553684,0.19086947,1.7210711,7.796999,2.764427,212500
8.995588,0.2700363,1.0142546,6.2636766,3.0495348,84900
9.062639,0.58245146,2.195843,6.6014614,3.3689415,153900
8.713608,0.1888519,1.2556515,6.36194,2.809628,124900
7.9826627,0.995903,1.3182683,6.514835,3.1971202,129700
8.721483,0.5867092,1.0007784,6.2767725,3.35162,75025
1.9678919,1.0462756,0.66714704,6.405088,2.1673038,155100
2.0960183,0.48774627,1.1182009,7.0523553,3.0582142,452600
1.8458816,0.99379325,0.707701,6.6858273,2.6657345,271200
2.1639857,0.5500292,1.1652931,7.061117,3.1298394,460100
4.796559,3.687964,1.4166191,7.008473,5.2511344,119000
4.1594176,1.6201339,1.6823262,7.00762,3.455794,164900
4.789972,3.6763616,1.420603,7.0095754,5.242011,119000
1.6328286,0.74021065,1.6106812,7.684031,3.3326738,375200
4.043055,1.6006979,1.718194,6.990079,3.349809,175000
8.003967,0.98765177,1.321565,6.509842,3.2117743,175433
8.752212,0.18050759,1.2484677,6.36363,2.834738,124900
1.8206892,1.1267413,0.602481,6.391705,2.2584522,115500
2.0981357,1.0525838,1.6594391,6.9526176,2.5500333,185000
4.12254,1.5940294,1.6816018,7.021198,3.4351692,169900
2.054472,1.1919601,1.5497916,6.832362,2.5812953,140000
2.9060657,0.3733,1.9023999,7.115909,2.6070063,141000
1.4377166,1.1511139,1.3737907,6.7145357,2.8410466,245000
2.8981164,0.3754539,1.8972082,7.119681,2.6234503,171000
4.7906976,3.6779115,1.42009,7.0095716,5.2433386,119000
2.3566232,0.5183899,1.4983865,7.423639,3.9383867,567000
4.757784,3.6206093,1.4425197,7.0187106,5.1978035,119378
1.6929063,1.1808748,0.62684065,6.4967427,1.9776373,79900
8.933058,0.25841895,1.2389449,6.36113,3.040947,119900
4.193164,1.6632835,1.7183889,6.9815745,3.414796,139500
4.1008506,1.619502,1.7078552,6.996678,3.3865504,138000
8.938176,0.27921107,1.4873108,6.6500325,3.3141434,159900
2.936027,0.35654488,1.9136451,7.124509,2.6127677,230000
1.227657,0.45835567,2.391771,8.020175,2.5008824,84000
1.9228714,0.24961868,2.7299688,7.802234,3.134649,245000
1.6897194,0.84770954,0.13581705,5.168482,2.5143387,135900
1.3744011,0.59485257,2.8033917,8.144427,2.5736523,94000
1.9740993,1.1600059,1.494913,6.8538995,2.649843,209900
1.2424527,0.44471356,2.3892846,8.011529,2.5388794,101000
0.8681014,0.066059895,1.1811444,5.728624,4.202615,252000
10.047134,0.62346965,2.0594392,6.5144434,3.1083453,113500
1.9090611,0.9852573,0.47885868,6.420422,2.6357462,170000
4.7831483,3.6645393,1.4256427,7.011724,5.232324,152000
4.795181,3.6860518,1.417096,7.008045,5.249538,152000
4.2744584,1.7023052,1.7044536,6.9774084,3.4887064,76975
4.7937665,3.6835961,1.418028,7.008441,5.2477174,164338
4.1860332,1.665933,1.7166462,6.982085,3.4211617,108800
1.236517,0.582142,2.3625169,7.1641088,2.733299,105000
1.3397909,0.5634622,2.285517,7.2587442,2.8720853,121000
4.1370625,1.6317729,1.7151159,6.98967,3.3892193,127900
0.42904904,0.21969445,1.2767975,8.567032,2.1412323,200000
1.9639535,1.316514,1.4321387,6.923949,3.0453498,214999
2.0683706,1.1102915,0.42889124,6.131334,2.1327055,106000
2.070986,0.7531886,0.69240445,6.3963842,1.9833065,98000
2.0502791,0.7760246,0.70972407,6.4174533,1.9993114,104000
-0.24023552,0.040583108,0.20448369,8.768301,1.757529,124990
0.7332953,-0.12570396,0.3492175,8.491973,3.5267467,124900
9.478556,-0.5001665,2.1317303,6.620234,4.390708,170000
0.55744296,0.32468134,1.6017625,8.237126,1.68008,88900
-0.35243303,0.57414526,1.6958407,4.83798,3.2175071,153000
-0.22237612,0.008244872,0.18223403,8.747927,1.7461149,120000
-0.08149594,-0.07496219,1.1513422,7.736708,1.2624269,100000
1.0784711,0.17559485,1.2649957,8.19883,3.4949224,253000
2.1082544,1.4110897,0.1015434,6.019953,1.8882875,49800
2.005993,1.3788116,0.17776635,6.140037,1.8830402,49808
2.1249201,1.0281479,1.2872962,7.095692,3.5414307,390000
0.4688413,0.2560591,1.5275494,8.341856,2.120891,100000
10.396404,0.5459807,1.5764487,7.8068852,3.5572822,250000
8.997398,0.30197263,1.1033338,6.277359,3.3364499,75000
1.9362365,1.3360119,1.4176681,6.8777046,3.022376,290000
1.7912793,0.7732308,1.2430774,7.271966,3.575885,375000
8.867613,0.36586675,0.9400921,6.301369,3.3318348,106000
0.63540477,0.45322084,1.6416653,8.200399,2.1788437,107000
1.5838822,1.1678683,1.4163634,6.854887,2.713278,174500
-0.10248407,0.09999312,1.2954895,8.169024,1.8380349,79900
9.390095,0.34075978,2.3238282,7.0040045,3.1665645,139900
0.8823691,0.41533908,1.4864925,8.613268,2.691725,89000
9.370085,-0.024792973,2.2062612,7.223429,3.4876566,130000
9.0936775,0.23532422,2.0841606,6.6137114,3.2768548,244700
1.3560864,0.30054075,1.5006596,8.222295,3.4089222,365000
9.985749,0.14282523,1.3096361,6.144474,2.5704598,51900
0.009569958,-0.22735958,0.6843246,7.7561703,2.490962,76000
10.67639,0.5964598,1.4307103,7.1360598,3.3914526,109000
0.13661002,0.2724033,1.0714719,7.649165,1.1372201,84900
10.615723,0.660379,1.5766119,8.167573,3.5529666,289900
0.62708527,0.2893089,4.2162957,6.372411,3.006784,128500
-0.4043277,0.13484082,0.68619984,7.6915083,1.9589037,44900
0.776612,-0.0069340593,0.29031223,8.327554,3.4394503,169900
0.82651055,-0.09777801,0.8960649,5.3171563,4.612,130000
9.868669,0.21581583,2.0040016,6.31662,2.8067622,114800
0.82259554,-0.08143207,0.52646905,8.397682,3.5866804,185000
10.532863,0.61169535,1.434904,6.7796903,3.4111316,70000
9.830206,0.002587873,1.4278941,6.3168883,3.001259,110000
0.094594434,0.3027082,1.1868644,8.418122,1.9868842,178000
9.242701,0.35977918,1.8639063,5.815101,3.9690382,110000
0.95353115,-0.056968465,1.0142194,8.017663,3.5415964,160000
8.414595,0.6345115,1.49335,6.364305,2.9970522,210000
4.3808827,1.8624895,1.653532,6.9827704,3.7602313,499900
1.0865936,0.14559528,1.5140022,8.449318,3.2040896,119900
9.270301,0.15274577,2.2057307,7.1907797,3.5301487,160000
10.275663,0.54317254,1.8371364,6.6695232,3.0049365,139800
-0.429823,0.6272526,1.7348294,4.594335,3.4652236,104000
-0.18054268,0.025506249,0.30429298,8.678666,1.8670868,105990
8.403925,0.54016256,1.9097443,6.690931,3.5395947,256700
1.9107636,0.62413496,1.9273033,7.245472,3.0206773,215000
9.2576,-0.28368074,1.8951786,5.8447433,4.0813913,102000
8.253355,0.5454082,1.8161192,6.5574937,3.379397,317700
9.442522,0.5279356,2.249358,6.9179325,3.348057,179000
10.518801,0.6375109,1.6874579,7.763927,3.380827,520000
1.5987227,0.90779454,0.15873039,5.008273,2.5533872,91900
-0.3176805,0.95748645,1.2131685,4.2292085,3.135735,98700
10.61904,0.6335494,1.5054512,8.246059,3.6034558,350000
10.353968,0.37583184,1.7699904,5.640009,3.1439297,65000
9.980563,0.17245014,1.2358937,6.178818,2.6151326,69000
10.017244,0.56777334,2.0365777,6.670631,2.9527822,250000
0.09727276,0.46383414,1.272437,7.8671036,2.0951827,175000
1.9261574,1.1183382,1.476438,6.826682,2.5654051,375000
-0.10344966,0.35765958,1.8908358,4.9201155,3.8052938,96100
10.215656,0.44056103,1.4781286,7.969611,3.5856884,399999
0.73569477,-0.14954197,0.61078614,8.505279,3.6078029,250000
1.9061718,0.9622118,0.6563584,6.4236684,2.0639803,189000
2.113495,0.5585859,1.8674085,7.2271624,3.1419568,280000
-0.2180394,0.06780301,0.7596987,8.349424,2.013798,148000
0.6777505,-0.018501496,0.6661212,8.674451,3.2269773,340000
1.0125575,0.13349292,0.72970307,8.03432,3.590301,340000
0.8136856,-0.06272477,0.94879824,8.539327,3.6551857,157000
0.3594166,0.21827416,1.4004596,8.015518,1.4929785,93000
1.2406764,0.19502449,0.91325444,7.865129,3.8530905,284999
9.174605,0.69554734,1.8210856,6.09889,3.570694,178500
0.54430073,-0.45178652,0.88049024,4.956021,3.1161878,120000
0.6216439,-0.12025526,0.6449297,7.7775407,3.8058102,165000
9.03276,0.5676441,2.2658067,6.8043714,3.4254432,265000
10.493047,0.31492063,0.87707275,6.7111707,2.9900758,106000
0.47596556,0.21229458,1.4017073,8.393855,2.1691756,111000
0.106856585,0.13983016,1.1018381,8.270736,2.1091905,111900
0.73224986,0.015524014,1.2042975,8.110358,2.7759206,183900
0.8147519,-0.29187503,0.47848925,8.124014,3.467184,199999
0.6498134,-0.21583484,0.8884916,7.768136,2.902905,162000
10.622292,0.560679,1.3760617,6.8784175,3.3513002,137000
0.48746705,0.018488478,1.1433022,8.154115,2.4512634,88900
10.747231,0.67253053,1.3533306,6.8007627,3.2978702,96000
9.253247,0.5853554,2.2575266,6.857067,3.4412518,249000
8.129157,1.0248458,1.6030223,6.842023,3.9096463,130000
9.245846,0.26575795,2.1134787,6.1254773,4.08169,182000
2.4285145,1.4267393,0.033881847,5.6232796,2.2586591,65250
9.402358,0.51394445,2.1870344,7.071078,3.3827968,188800
2.258944,1.3357049,0.12712154,5.770006,2.222048,81000
1.3717105,1.10969,1.5840714,7.034766,2.6880474,99900
8.6120405,0.45451912,1.6249082,6.924351,3.8755786,385000
9.266956,0.41534653,2.2857556,6.944733,3.2910104,247000
10.132461,0.48079133,1.5785757,7.9288487,3.5830195,544900
10.482943,0.5576981,1.6140302,7.0211573,3.137234,89900
0.052709613,-0.17661063,0.72275907,8.029902,2.3203254,107000
9.466504,0.38852984,2.253663,6.983294,3.1751592,115000
0.8706538,-0.33557665,1.0935835,8.346494,3.4862483,130000
1.0855707,0.15276031,0.6205143,7.7289104,3.578312,130000
0.54653186,0.4625594,3.3807523,6.0201793,2.979868,125900
8.90789,0.7788095,2.266005,6.650594,3.5165687,330000
0.25200087,0.17455056,1.2724947,8.350788,2.0726025,155000
10.269106,0.12723525,1.7783638,6.2873535,3.1681025,109000
9.421169,0.0028090738,2.0900092,6.471178,3.4488268,104000
1.8901964,0.8216838,0.63882625,6.636251,2.6995363,257000
2.4602816,1.4401151,0.0020625168,5.6265087,2.2325792,56500
9.357978,0.14601964,1.773066,5.492438,3.9571,74000
0.22913381,-0.019553816,1.0239879,7.9814262,2.2747612,125000
9.283656,0.000657793,1.6007268,7.4787383,3.5541832,143000
0.72350156,-0.44612932,0.053366184,8.441385,3.696817,143500
10.469716,0.28096202,1.0303208,6.5782557,2.8659384,99900
9.583206,-0.519597,2.342795,6.8211093,4.1618524,145000
10.610005,0.53560024,1.3730356,6.80914,3.285873,75000
-0.2940894,0.046914283,0.44033867,8.607064,1.5793295,90000
10.549897,0.65278953,1.6860745,7.7665024,3.3834558,249990
10.553675,0.5669303,1.3908955,7.926612,3.6354783,131000
9.296448,0.12256976,1.7967192,5.6133204,3.9668663,78500
0.9662578,-0.18553942,1.2452406,8.365259,3.3844893,107000
10.574033,0.6621892,1.7082566,7.658596,3.3184476,180000
-0.022965584,0.28134894,1.9845898,4.9872165,3.9341543,131250
0.76825327,0.0134561695,1.220134,5.6117883,4.1596427,174000
-0.45475984,0.9540025,1.2541738,4.102826,3.2259302,89747
0.5022109,0.35810766,1.6048423,8.264384,1.9749743,58000
1.1745425,0.3041803,1.5534012,8.353913,3.2399285,225000
2.2977645,0.14933217,2.4739711,7.5639143,3.3595955,887999
1.7939324,1.1210781,0.60274327,6.4737625,1.9509538,129000
0.5189794,-0.08568382,1.1329973,7.556032,2.5922396,104900
-0.018831443,-0.23341654,0.7084452,7.8923573,2.3945155,90000
3.054691,1.7395353,1.5290425,7.0442977,4.0065317,135000
9.365699,0.5213317,2.212693,7.029911,3.3995554,340000
1.3445531,0.2064756,1.7596343,7.819208,2.759047,200070
10.281368,0.37867483,1.7611008,6.4616585,3.014425,85900
9.348315,0.040018234,1.8518759,7.5111976,3.4900975,195000
8.3799515,0.5423576,1.7337881,6.628443,3.4399955,179999
1.0665578,0.19963953,0.6145823,7.7530055,3.5897923,205000
0.63168174,-0.20042503,0.8375484,7.742581,2.995165,164900
2.4753466,0.9644911,1.3456074,7.1608424,3.6434624,430000
4.227116,2.254499,1.4952469,6.9261894,4.3134804,199000
10.085889,-0.5270546,1.9466107,5.840148,3.8700078,80000
0.020885188,0.4195132,1.2374532,7.9931693,2.0749016,135000
1.9267288,0.98016477,0.54204,6.423655,1.8419163,124000
10.534299,0.56363446,1.3983918,7.8963146,3.6249034,165000
8.97668,0.15496913,1.900184,7.054787,3.809829,205000
9.714721,-0.5067555,2.337246,6.517249,4.472541,124900
0.41628236,0.28340444,1.3400669,8.501421,2.0706167,114900
0.5657264,0.32402086,1.5599233,8.220089,1.7902757,139900
4.2345276,2.2567446,1.4837083,6.9318514,4.334272,234500
2.4816658,1.5588815,-0.12993187,5.6955976,1.9761152,52499
9.345923,0.38267246,2.3118136,7.005728,3.2493882,199000
0.6479945,0.39590752,1.4032631,8.353146,2.3283412,75000
2.4428673,1.4626927,-0.024973422,5.7377396,2.0687118,50500
2.0802999,1.383888,0.12632301,6.0251837,1.8783985,48908
2.4546545,1.5492514,-0.11819602,5.714729,1.9637027,52500
2.5536146,1.4751234,-0.06440753,5.648312,2.1748955,82480
9.736097,0.37595934,2.0808473,6.8914175,3.4802575,142000
9.119979,0.1789877,2.0685618,7.1216965,3.6989455,345000
8.319237,0.50950205,1.5774587,7.167327,3.8276906,529500
10.327195,0.20410874,1.7816672,5.6916437,3.1910012,49900
8.842986,0.23922518,1.3423259,6.9359283,3.5190365,304000
-0.26699114,-0.113790825,0.098697856,8.734326,1.4399812,76000
0.84583706,-0.35428908,0.9961907,8.332531,3.5022626,125000
9.312264,0.47224823,1.2415894,6.9496913,3.504537,179900
8.877085,0.64788884,2.3142111,6.2865796,3.229724,119800
0.9105113,0.016656505,1.0315382,5.6086144,4.3692408,150000
2.3365264,1.1306596,0.03573068,5.742729,2.3868155,130500
10.297544,0.47373384,1.7260691,6.663537,2.9543962,88000
9.34367,0.13192701,1.7953677,5.5076065,3.967835,69500
2.7257814,0.01315468,1.8437694,7.298548,2.5980582,195000
2.4052873,0.52401143,1.5693781,7.358167,3.895717,875000
8.748988,0.57781625,2.2600994,6.5932965,3.3617244,285800
-0.414501,0.6517088,1.5901749,4.764243,2.9283512,130500
10.460173,0.5849889,1.6888796,7.0211596,3.1281986,205000
10.061505,-0.007061947,1.2472068,6.310091,2.501575,115000
0.17836691,0.23274772,1.8134453,5.1626563,4.0160484,162726
9.267332,-0.26634702,1.8735002,5.8270364,4.0649323,135000
10.551917,-0.19162756,1.8244396,5.899196,3.3483467,70000
9.240404,-0.15419294,1.818543,7.666278,3.2982595,115000
2.4317148,0.46295118,1.4749483,7.120743,3.1317022,290000
8.102668,0.51098204,1.6159525,7.2981567,3.8218708,995000
1.1949111,0.43435007,2.300527,8.006755,2.503054,152000
1.502374,0.5582142,1.1172062,7.379556,3.4283009,230000
10.386235,0.56371367,1.6270856,7.920477,3.5317535,450000
1.3023651,0.6012755,2.613826,8.13511,2.623106,210000
1.8655396,1.2577071,0.16400062,6.3215675,1.9239342,62900
2.7995672,1.3414831,1.2293627,6.985564,3.1831443,315000
0.91688466,-0.2653409,0.43119982,8.069727,3.5857048,159950
1.0889353,-0.15158346,1.0350841,8.475199,3.7621005,156000
1.1693573,0.28335896,1.5580589,8.368085,3.1925254,128900
8.975638,0.80017954,1.817756,6.0055413,3.505025,211800
1.115373,0.22449075,1.2314966,8.067359,3.4923809,238000
1.4154305,0.37643132,1.1616063,7.522756,3.43547,264900
1.1445491,0.10742272,1.2789763,8.042329,3.4562378,231000
8.764434,0.61583436,1.6423293,6.424248,3.4224896,158970
0.86593693,0.081755295,1.3341616,8.314245,2.915324,154999
1.3885723,0.58001107,2.9118857,8.186724,2.5824711,68500
0.74020976,-0.44814613,0.03347819,8.464494,3.7142239,127500
10.009365,0.2964757,1.7306826,6.5326786,3.1037407,104900
2.0755434,1.2380027,0.13407287,5.472459,2.3210702,103900
4.0704627,1.6351333,1.7488455,6.96726,3.3184571,129900
4.566514,2.1945963,1.5090146,6.9382186,4.2929773,155000
10.02933,0.06330941,1.8875357,6.4563518,3.9475315,87000
0.48598233,0.2727049,1.410619,8.289578,1.8255535,75000
9.294681,0.5496428,2.1431153,6.3146987,2.9999175,197000
9.273158,0.19203041,1.9670125,7.379696,3.55031,259000
8.955929,0.49123377,2.3086083,6.6655254,3.3981233,197000
9.00301,0.73271596,2.5335894,6.255532,3.2764635,197000
9.918511,-0.28434876,2.0109959,6.1165967,3.1982071,77500
9.527178,0.059137963,2.3102615,6.5753574,4.147968,177500
1.3411721,0.48306492,2.0879095,7.594339,2.7055962,120000
8.494726,0.6696973,1.4539032,6.3261256,3.3002384,199500
1.6040571,0.6175678,1.1604271,7.391924,3.5586066,205000
8.70326,1.122062,2.9419343,5.980793,3.574811,375000
10.550891,0.6573286,1.7063607,7.76688,3.3601053,340000
9.239195,-0.122942284,1.8440133,5.574002,4.066429,95000
2.42898,1.5350093,-0.104542345,5.7380958,1.950823,57999
2.4097252,1.0885261,1.6276954,7.0603514,2.6096644,189000
8.744342,0.6044733,2.002376,6.656306,3.6665223,308700
8.924804,0.8297288,1.8129326,5.975144,3.5545316,277000
0.7478697,-0.46877944,0.078575216,8.450351,3.7260933,119990
8.962726,0.80536944,1.8191862,6.0280757,3.5012987,280500
0.9115061,0.12622105,1.2155575,5.8347273,4.1112313,228000
1.0770147,0.1849015,1.1884966,8.115166,3.5081956,210000
10.35436,0.68402207,1.7242968,5.882081,3.2385232,20000
9.387987,-0.14801413,2.218928,7.0946794,3.700809,135000
2.1466992,1.478869,1.3344483,6.8218203,3.054127,120000
1.5635455,0.80607563,0.1417986,5.0008435,2.5866213,100000
8.418986,0.4881774,1.7616371,6.3080845,3.0467541,165000
8.401897,0.49121067,1.7437831,6.3010116,3.0437174,160000
1.5542114,0.449113,2.9368217,8.05456,2.7692611,119900
1.1706976,0.2422972,1.3296928,8.047558,3.4458122,284000
2.1476994,1.3992598,0.09328668,5.984209,1.9067845,55000
9.33688,0.32401565,1.3885416,7.761504,3.745004,180000
2.5285048,1.4131888,-0.06555665,5.5805073,2.2572582,115500
1.82478,1.1296905,0.6254533,6.4227347,2.2651167,217700
9.201064,0.09648356,2.0008233,6.2006803,4.2026577,198000
8.309482,0.49321866,1.6218969,7.228329,3.8336587,350000
4.629992,2.237289,1.4664179,6.9441986,4.396817,161000
0.9320907,-0.15410052,0.8438268,8.049252,3.5844116,270000
2.3212662,1.4019345,0.0931739,5.7451177,2.2189398,50900
2.5446446,1.4513272,-0.081599146,5.5883536,2.2245102,63000
2.3671927,1.1625187,0.011981295,5.6844788,2.399584,115500
10.560039,0.62835395,1.5987431,7.798094,3.4746501,279999
0.8091518,-0.09268671,0.88273585,5.284701,4.6068325,149000
0.38361377,0.2435715,1.2871033,8.511012,1.9946315,85000
8.768126,0.463049,1.1397685,6.307359,3.3318841,219997
0.578465,0.52122045,1.5948571,6.154036,2.6143343,98857
2.398879,1.0595133,1.6163523,7.0485315,2.5961897,170000
8.0520315,0.9492975,1.3907557,6.571285,3.2825751,259000
8.854181,0.11636453,1.3031368,6.390058,3.41489,132000
4.0844235,1.6237414,1.7090061,6.9897847,3.3790967,172500
10.126435,0.4962999,1.8178744,6.094037,2.8959568,59500
-0.33071423,0.6128145,1.7034222,4.7039948,3.3345442,119900
-0.5630641,0.113297075,0.640862,7.5824857,1.9106146,84000
1.4321374,0.5835168,2.803914,8.190901,2.9258938,115900
0.83530456,-0.3220089,1.0429204,8.467605,3.5368142,120000
1.9733317,1.0093929,0.38473675,6.2570257,2.1614273,180000
9.595107,-0.22568196,2.0010772,6.0559516,3.777098,74800
-0.1976104,0.4078714,1.7735103,4.8334947,3.6225605,82999
9.635699,0.3915415,0.8393948,6.1889143,2.9403784,63000
9.481961,-0.19921008,2.259091,7.012013,3.7392166,107500
4.796474,3.6876307,1.4166229,7.008376,5.2509217,119000
1.5595154,0.7344122,1.6090361,7.5815134,3.0472736,175000
1.6617905,0.5443822,1.610909,7.4819207,3.56598,322000
9.354153,0.20243536,1.8495734,5.544064,3.8607426,63500
9.043733,0.19868022,2.0627828,7.115909,3.6753647,254000
-0.1724121,0.4065481,1.8957406,4.869318,3.7414057,175000
0.562124,-0.26762223,0.7775149,7.6562552,2.640944,137700
0.8159772,-0.10850501,0.85931116,5.2742186,4.609443,103880
0.8919616,-0.077407405,1.1214207,5.57646,4.463101,173200
1.5475873,0.8283628,0.12120534,4.9503546,2.5916812,88400
9.280026,0.0608275,1.9122472,7.325541,3.639156,183000
2.2862477,1.4283632,0.038318444,5.8607783,1.9716191,48900
2.4598494,1.5616163,-0.12281884,5.7139573,1.954014,48900
2.4757116,1.5568268,-0.124861024,5.701832,1.9721953,49880
1.3662618,1.1127524,1.5190886,6.902321,2.8940094,210000
1.995355,1.3837224,0.18066914,6.147317,1.8807582,49888
1.3826513,1.1276524,1.524152,6.8984666,2.889217,189000
2.4574666,1.5557299,-0.119420774,5.715201,1.9568304,49900
9.062954,0.83784145,2.604258,6.014503,3.243718,139999
9.02561,0.9476336,2.6911616,5.897224,3.3648202,112000
1.3746345,1.1445588,1.5189211,6.88552,2.8822742,189000
2.3678963,1.4837214,-0.050053213,5.7908125,1.929008,49900
0.890386,0.13067102,1.1290922,8.634863,3.0795217,230000
1.3439502,1.1713936,1.5617976,6.853363,2.8404326,189000
10.226322,0.67254275,1.8677171,5.9786196,3.1084087,37500
1.1565037,0.31444195,1.5232126,8.34473,3.2351317,294900
0.87468445,0.41317892,1.4840287,8.595538,2.6793702,112000
9.20757,0.054537836,1.8638183,5.676599,3.9748492,114500
9.275774,0.3840302,2.3099225,7.015457,3.26484,229000
8.566687,0.38838026,1.7525902,6.853441,3.674769,149000
0.68554586,-0.21154125,0.11568943,8.505078,3.5091474,127000
10.168033,0.17405733,1.3218389,6.436238,2.810249,118900
1.3407015,0.5337624,2.6915894,8.117233,2.6293457,125000
10.593728,0.5833445,1.3926781,7.894482,3.6379602,175900
0.18004346,0.17160729,1.0931634,7.7448754,1.2189023,59000
1.8057864,0.30672553,2.9458942,7.9121537,3.073411,124000
1.4340153,1.063161,1.0385011,6.6285214,2.475958,180300
8.487625,0.5621572,1.6222903,6.4926467,3.3826132,265000
8.889652,0.37210384,0.98701227,6.3166847,3.3260083,130000
8.7030525,0.3489659,1.3182276,6.8678203,3.6262941,185000
8.765332,0.36829877,1.1624353,6.7232943,3.5652406,165000
8.899337,0.48000902,1.9681487,7.135376,3.6191254,349000
8.472686,0.70368046,1.1276063,6.3420606,3.419332,180000
0.5897888,0.35784552,1.5923862,8.19055,1.749272,77500
-0.50972664,-0.098032415,0.75701857,7.919225,2.2122488,110000
10.647187,0.653538,1.511631,8.251807,3.6046817,374500
1.938609,0.57337546,1.3595612,7.458404,3.8006237,309000
8.086722,0.53351194,1.5507516,7.2899055,3.862831,376000
9.363922,0.09285553,1.7000458,7.5766263,3.5329256,149500
0.88501656,-0.086575784,0.9597029,8.175318,3.570442,158980
10.5804405,0.6613137,1.6705767,7.787312,3.4020503,280000
0.11313934,0.22301795,1.0885824,7.696992,1.1764954,73400
1.4649422,0.51543903,2.996154,8.1461,2.7002325,66066
1.497933,0.6573348,2.1973474,7.4843144,2.720512,105000
2.432083,1.2783438,-0.01755941,5.654678,2.3235219,159000
1.5484467,0.81352115,0.120799966,4.9466467,2.6091006,120900
1.4482515,0.48499852,1.3417544,7.8052936,3.40912,474999
10.052564,0.42559874,1.5595669,5.79232,3.1626542,88000
1.0035547,-0.023510776,1.0182432,8.440525,3.649905,145000
10.053524,0.29265293,1.9326888,6.4349804,2.7559097,128000
1.1108891,0.019365694,1.1838431,8.371737,3.543515,143000
-0.19074152,0.06796178,1.0651424,8.207773,2.0990565,193000
2.2064734,0.5762541,1.4223702,7.422905,3.8738701,395000
8.742025,0.27419966,0.828433,6.24367,3.2966404,58000
1.4172338,1.0534862,1.0708371,6.6402736,2.504821,181380
9.411297,0.026637675,2.1096413,6.4461026,3.5348458,124000
1.3923655,0.71944785,3.3118346,8.503766,2.4907837,58660
1.5281605,0.5499916,0.81993735,7.058624,3.242883,301750
10.1339655,0.1560389,1.8778293,6.339415,2.9999595,113500
9.187568,0.46189624,1.9617552,6.1177964,3.1194232,190000
9.090429,0.46005723,2.1298065,7.1378775,3.5091443,370000
8.563702,0.4827938,1.9926378,6.6587586,3.274935,220000
1.6092682,0.70002896,0.8105177,6.9442873,3.097869,230860
9.509605,-0.049419392,2.1693912,7.01501,3.4797375,92000
1.5946144,0.6397306,1.4979519,7.716269,3.2856185,222000
0.7743839,-0.088694915,0.98850286,8.448093,3.4111428,119000
9.871914,0.5372823,0.90001917,6.7105346,3.2726772,175000
1.4203079,1.0557013,1.0293618,6.622181,2.47062,181380
10.564057,0.6015796,1.6384981,7.115407,3.1744473,109000
-0.46895075,0.96921265,1.2080477,4.031283,3.2251682,89460
1.4180138,1.064009,1.0490254,6.623547,2.4797323,180300
1.5797043,0.63504195,0.7927831,6.9422774,3.1157699,236800
1.3931803,1.0465354,1.0655885,6.65292,2.4934158,181380
0.72042406,0.0077968887,1.1900192,8.103233,2.7672586,130000
1.5699011,0.8682752,0.13172956,5.0839424,2.5623114,95000
2.4238088,0.4943632,1.571678,7.3940954,3.9569733,520000
0.6080855,0.4852082,1.6057737,8.138039,2.1814306,205000
8.380292,0.5221814,1.7390954,6.364908,3.0888464,385000
10.13837,0.5496385,1.9047005,6.5647345,3.4597788,26000
1.462844,0.5023347,2.9798746,8.123182,2.6919944,113000
-0.3560431,0.102678224,0.7406758,7.860314,2.037952,80000
10.674105,0.53758025,1.3436346,6.831022,3.2456777,145000
2.3876183,1.3803283,0.1175345,5.714132,2.3182216,110000
3.9469788,1.6272113,1.7581078,6.952305,3.2519963,138000
4.0517697,1.6237708,1.7427288,6.973346,3.3114715,98000
-0.12379897,-0.7506312,0.850367,4.2890325,1.8228685,77999
8.836425,0.5167924,1.830593,7.2656603,3.5728648,188000
9.657291,-0.72980297,2.506001,6.8866925,4.417217,78000
1.9069163,1.2417696,0.43560925,6.292698,2.3449404,218000
2.3245907,1.3923284,0.100468956,5.7335076,2.2371838,64999
1.3960934,0.61295754,3.019577,8.26632,2.5454776,74000
1.1967609,0.54852104,2.232578,8.084523,2.565767,118000
1.0314864,-0.05245677,0.9274384,8.409435,3.6495144,262000
9.801083,0.25478977,2.4705217,7.0957484,3.9084086,116000
8.374108,0.5708635,1.3953485,7.044586,3.8117409,158000
10.4873085,0.6091963,1.64669,7.70301,3.4039924,300000
-0.55852425,0.14933199,0.68488353,7.5522504,1.8578817,61000
9.370297,0.11080585,1.7958645,7.513464,3.5455825,138000
8.666296,0.57162315,1.548778,6.2476315,3.400802,226000
9.209012,-0.1033815,1.8433015,5.5854044,4.042565,129500
8.603193,0.75682276,1.2080302,6.28901,3.4314167,204980
4.153661,1.6356492,1.7159992,6.9918365,3.391079,155000
3.2142556,0.12954746,1.9717953,7.188116,2.5601516,354000
8.21257,0.55330765,1.5919011,7.2253175,3.8399942,370000
1.4467671,0.6673033,2.211392,7.396019,2.6940384,107000
1.4760648,0.7544668,2.0991988,7.3435855,2.6181605,88000
1.442313,0.71907324,2.1451814,7.338499,2.6336298,86000
4.920274,1.5461949,1.7229288,6.899589,3.446694,135920
1.3840045,0.45272464,1.7284484,8.087736,3.2910526,215000
10.359845,0.26479915,1.5721183,6.5049005,2.8747945,90000
1.7686634,1.2208532,0.89828277,6.6143794,2.5831532,165000
8.878676,0.701431,1.4372728,6.1784315,3.5989053,228000
1.8222158,0.63689715,1.8533151,7.377181,3.1481,159000
4.082977,1.54812,1.6850898,7.045429,3.3797085,186000
4.0367174,1.5313909,1.6683116,7.0481944,3.4127944,216000
10.382415,0.3741727,1.0922104,6.829621,3.3243499,85000
1.9548404,1.1255789,0.4157864,6.22953,2.212249,131499
10.580911,0.31375825,0.9626243,6.6195793,2.8581095,99900
8.464983,0.402543,1.7330303,6.874212,3.6043942,350000
2.137609,1.573795,1.3247975,6.78126,3.1284955,98900
1.3492167,1.1138844,1.5336788,6.90385,2.905428,189000
9.387868,0.040064905,1.7028993,7.6347723,3.4781864,115000
8.822227,0.31390145,1.8644979,6.9520636,3.8396363,235000
2.1428518,1.2849531,0.12834679,5.5435586,2.284763,96900
-0.29098517,0.13366275,0.5911387,8.5551815,1.6318972,125000
4.6060987,2.2170413,1.4846269,6.9593916,4.3625345,297000
9.355024,0.3407987,2.3227391,7.0486326,3.1812258,189500
2.022431,0.8301917,0.70006496,6.4517126,1.9433787,127000
10.5362625,-0.15704097,1.8154672,5.9337497,3.3218162,69900
10.358526,0.23226221,1.6402237,6.494518,2.8314734,89000
1.8842124,0.85765374,1.2493551,7.1442194,3.5779648,499900
8.699546,0.5045161,1.1109636,6.6865883,3.6669688,175000
1.2314869,0.36228436,1.5633339,8.2845,3.252386,268900
-0.36170596,0.8790026,1.1626756,4.105674,3.2552578,92500
4.047913,1.5529876,1.6968389,7.0553856,3.4318435,221000
4.095224,1.5547525,1.6919924,7.044483,3.3748372,132000
4.0469604,1.5381523,1.6957569,7.050325,3.3437066,119000
4.0722947,1.5226663,1.673992,7.0720725,3.3760488,116000
1.4275173,0.7122906,3.3847046,8.524848,2.587478,154500
2.4437284,1.4298878,0.008947383,5.6485367,2.2229528,65000
1.8992662,1.3113629,1.5404208,6.9542904,3.1066036,127000
2.4868255,1.5578861,-0.1265731,5.695934,1.9797267,49500
2.4153428,0.30661792,1.6061554,7.1647654,3.2506957,350000
1.6478481,0.41384843,3.439858,8.257795,3.3483024,110000
0.7172936,-0.45978963,0.07601263,8.425179,3.7065475,123000
-0.043088328,0.19215068,0.7224897,7.931109,1.1052264,72000
2.541899,0.29601085,1.7688888,7.237656,3.2494955,695000
9.413239,0.06872574,1.579053,7.6617236,3.5129097,138000
9.509177,0.51173526,2.1895974,6.5568957,3.0655634,239000
1.7311001,0.85230416,0.13401683,5.1800637,2.511497,149900
1.5356562,0.47094718,2.8574846,8.038878,3.0592644,166000
2.7059636,1.0343719,1.6551155,7.2226634,3.0163162,197000
9.169467,0.3118326,2.0684907,7.2471685,3.4668736,165000
8.431496,0.5792966,1.5971813,6.3149757,3.2087998,184000
8.414486,0.52796465,1.6310811,6.946152,3.7044473,599000
0.97524136,0.16475853,1.2907443,8.423038,3.4052007,87000
2.5093126,1.4382764,-0.02352414,5.6216216,2.236108,105000
9.0788,0.72966045,1.8635155,6.0740786,3.4495325,253000
4.2253056,1.6730477,1.7044394,6.9896493,3.4607582,175000
9.055087,0.25810987,1.6567601,7.4396386,3.6388745,215000
0.68759364,-0.1419489,0.1096563,8.520094,3.502681,135000
9.254689,-0.2227716,1.8831631,5.656228,4.1159368,90990
9.285935,-0.037829716,1.6250873,7.6721854,3.480202,105000
2.330498,0.72592014,1.4147495,7.256314,3.7723947,450000
2.6616323,0.4291103,1.7256484,7.11391,2.7937195,259900
9.641022,-0.38357633,2.1523995,6.3269844,4.109936,77999
9.295247,0.3745404,2.305208,6.957955,3.2472737,279000
1.4353956,0.7241597,3.4194815,8.563282,2.5650156,85900
10.567141,0.6728824,1.6956027,7.995913,3.434631,214000
8.067314,0.51695836,1.5640441,7.3246813,3.8670106,790000
2.0215442,0.18769825,1.3553623,6.9417973,2.958014,270000
-0.55786985,0.7753392,1.6615205,4.5879097,3.0304124,130000
0.77489847,-0.0812735,0.8540668,8.560658,3.652414,159000
2.1134996,0.37636274,0.82090974,6.6338296,2.7503664,241700
2.106191,0.41268304,0.7898091,6.6233144,2.748924,229375
1.17776,0.20190519,1.5742223,8.406411,3.22314,185000
4.351856,2.1576455,1.5477457,6.9611106,4.2046533,220000
0.8081707,0.054528557,0.987454,8.365443,3.713218,129999
1.9304626,0.8660621,0.6766651,6.315252,2.131889,190250
1.3855084,0.7216112,3.3007407,8.500037,2.482864,64800
1.7897772,1.0888625,0.63535625,6.3819795,2.2098873,148525
9.244879,0.71940356,1.9135289,6.1660476,3.4297826,199000
10.043786,0.38583657,1.6809719,6.5308905,3.2358768,84000
8.479022,0.26386267,1.8661121,6.9962416,3.5695496,449900
9.634308,0.39224306,1.8134054,6.1891055,3.2292018,82000
8.742472,0.18105721,1.1539342,6.3444505,2.9299276,104000
1.2691453,0.83578664,1.8351221,7.6633143,2.6128283,119000
1.6616595,0.39959633,3.4916673,8.2540245,3.4142761,118755
9.998046,0.5888752,2.0779357,6.708643,3.3162916,95000
1.3783467,0.67601997,1.8966494,7.894007,3.0117106,313050
1.3834057,0.8277295,2.0346231,7.810551,2.8456442,213700
2.1017125,0.4435379,0.76627916,6.612562,2.7398694,194800
2.8813298,1.4363849,1.3204223,7.085146,2.9170208,132602
8.593091,0.66657096,1.0745101,6.2636833,3.462447,180000
-0.10935121,-0.74394023,0.7973691,4.279304,1.7956326,67600
1.1619487,0.64635533,1.234423,6.3467283,2.579048,143802
-0.3625867,0.8654528,1.3405195,4.348223,3.1780877,101862
-0.3942378,0.83808625,1.3931221,4.3659606,3.2022865,101862
1.4912895,1.0536749,0.82686156,6.470673,2.1435413,95868
1.3530211,0.17544761,1.7123692,7.797785,2.7656667,175500
4.1658587,2.182522,1.5055274,6.9873986,4.3018517,195425
10.435401,0.5011301,1.4528502,7.7949677,3.5382342,158000
0.8903544,0.015206662,1.0757751,5.663047,4.2814364,160000
10.155421,0.38079825,1.1976725,6.736952,3.356664,98500
4.2497587,1.6925123,1.7063106,6.9810753,3.4765062,140700
4.252508,1.6952443,1.7109767,6.9792314,3.4692636,139100
4.1837006,1.6707214,1.7156938,6.983192,3.424641,129200
2.4901156,1.1206939,1.3345757,7.106454,3.6819873,178500
-0.41891095,0.8977851,1.1750424,4.0446215,3.2867022,105000
9.133509,0.34482878,1.0240326,6.276253,3.512335,62900
8.88626,0.5934016,1.5612742,6.042564,3.374502,160000
8.185904,0.36184034,2.0313647,6.661172,3.045865,169500
1.0478076,0.10347122,1.5416965,8.470362,3.07833,129000
1.1410725,-0.03623384,1.1788536,8.367958,3.5979242,129500
1.4330806,0.8327084,3.6865194,8.8078785,2.435852,129500
1.4361584,0.74089193,3.4389522,8.600066,2.5506244,127500
2.9082723,1.466324,1.3120841,7.094203,2.9079096,185000
2.9125516,1.4666103,1.3115101,7.095163,2.9099743,185000
9.5757265,0.28663972,2.0448477,6.2205753,2.8608985,139000
4.2804646,1.7108158,1.6866522,6.9888563,3.544196,229900
9.831199,0.30705002,1.9614519,6.1643786,2.8079898,128000
8.744853,0.5295508,2.2195501,6.5216603,3.237478,162000
1.4766185,0.4919934,2.5913184,8.008766,3.0404067,107900
1.431983,1.1190602,1.5659269,7.077923,2.6651464,100000
10.563276,0.66673785,1.6840181,8.012804,3.4451814,235000
0.689901,0.4053958,1.6249865,8.274753,2.2405539,239900
8.645943,0.14577906,1.3033051,6.4133463,2.8358102,148000
8.500534,0.51914495,1.6498739,6.2642374,3.1328735,289000
1.4327188,0.8347016,3.6913028,8.811418,2.433418,76264
9.927392,0.032083277,1.9634871,6.564143,4.0986853,129900
1.4168129,0.27549186,0.90365356,6.4630976,2.9920125,310534
9.291185,-0.020869236,1.974063,7.462629,3.4267833,190000
4.2441044,2.197454,1.4779602,6.977839,4.3292475,280000
4.1900907,2.2288892,1.4813843,6.944617,4.322755,169000
2.4207203,0.52426654,1.5432423,7.3849506,3.949588,720000
8.690512,0.73071045,1.17271,6.2832503,3.3747125,145000
8.618509,0.7109558,0.99931407,6.310482,3.5049288,144000
8.7099,0.5464772,2.0858474,6.7710204,3.552141,146650
9.120825,0.39247337,2.1722372,7.1827245,3.49771,235000
0.47824073,0.27059814,1.5143523,8.349976,2.1361046,106000
1.323402,0.55952173,2.2071028,7.7012177,2.5618324,123000
1.5363024,0.70942765,2.1726367,7.5200877,2.7277024,104000
1.4785548,0.6739467,2.1642044,7.5493784,2.6976268,112000
1.3854363,0.62000585,2.1173127,7.646692,2.5666144,92500
8.408674,0.5712305,1.6443889,6.321866,3.1880395,229000
8.766278,0.27945894,0.875977,6.2839856,3.2877603,89000
1.3260175,0.73955214,1.1817764,6.42974,2.4386804,158000
4.2260094,2.1926117,1.435238,7.0013237,4.393454,333160
2.3555913,1.4026856,0.07491078,5.7869954,2.1052272,63000
1.5013103,0.6827596,2.1923742,7.522642,2.6268332,86000
1.4526765,0.6614284,2.175224,7.5690446,2.5953214,78000
1.2760092,0.5626905,2.1886091,7.73411,2.4626458,89085
1.4550477,0.638063,2.26663,7.6229863,2.5913827,82000
1.4101888,0.7252971,3.3553247,8.532025,2.4948463,63525
4.613376,2.2443972,1.460404,6.9625654,4.4156575,315000
0.3080684,0.22612733,1.1990775,8.492721,1.9671503,69000
0.8374639,0.41946903,1.73235,7.9976506,2.0293174,135000
2.395961,0.21287914,2.4461553,7.5446115,3.4511724,499000
4.023075,1.515259,1.6518673,7.0745764,3.4558892,244000
4.0566382,1.5488383,1.6729363,7.045087,3.424265,206000
9.975898,0.20848882,2.050438,6.8046308,3.9739099,139800
9.021235,0.48246828,1.692698,7.0261464,3.4675272,189000
4.2550464,1.6873841,1.6914554,6.9911566,3.509462,159900
2.7080233,0.47366542,1.8167646,7.1377697,2.7349708,235000
4.0780015,1.541671,1.6809399,7.055122,3.3958406,192000
8.328075,0.67785335,1.2922794,6.8075576,3.7301424,184500
4.7809167,1.6325899,1.7006724,6.920131,3.5221484,123500
1.7481357,0.333376,2.9498706,7.9287987,3.0166996,104999
4.793562,3.6835043,1.4179124,7.0083327,5.247678,169000
10.215935,0.5280235,1.8029273,5.7950006,3.1699214,75000
1.7233953,0.3543222,2.9463553,7.9600534,2.9688225,99999
-0.5625567,0.26085702,0.16009597,9.054978,1.4550366,108500
2.9984505,1.309294,1.6974922,7.07443,2.9729636,144000
2.6725986,1.0173056,1.6460588,7.232689,3.0179217,238000
9.14692,0.13568076,1.6032165,5.7929335,3.8546383,140000
1.1972041,-0.018568272,1.1955225,8.2261505,3.5586238,179800
9.194085,0.29248837,1.5536358,7.541231,3.6328657,210000
9.358181,-0.28258678,2.059319,6.7083044,3.909778,167000
9.961971,0.35225078,1.9052554,6.24662,2.7237086,58000
2.089528,1.1987734,1.5461137,6.922751,2.7159808,230000
2.1121292,1.0875467,1.6151522,6.9450097,2.5916355,205000
2.0802457,1.1527734,1.5816828,6.9218554,2.6276624,205000
8.982468,0.69558716,1.821949,6.0629044,3.3906968,201000
9.739356,-0.21164057,2.4278662,6.8809314,4.236084,114990
8.718769,0.7060169,1.7500758,6.2582297,3.3155344,169587
8.14099,0.5236505,1.600591,7.2385206,3.8157454,720000
8.778033,0.5815089,1.5578299,6.0798593,3.3500428,130000
8.992337,0.70737064,2.1589391,6.6654577,3.4746406,249000
10.014644,0.20039578,1.9121646,6.355664,2.7437918,75000
2.087499,0.34088054,0.89421964,6.6883874,2.8247147,255000
2.245258,1.4618338,0.0143574,5.8947453,1.9185245,49900
4.7965555,3.6879141,1.4165952,7.008384,5.251097,106000
10.090923,0.06749123,1.2357092,6.374158,2.609289,106800
2.144101,0.66221905,1.4788785,7.296783,3.3943903,326326
2.1046007,1.085514,1.5851917,6.943855,2.5679078,242412
2.6235344,0.37054017,1.7483876,7.26409,3.2448761,567244
2.5004954,0.3704563,1.6627517,7.198407,3.2002816,427130
3.2318926,0.1172472,1.983549,7.197298,2.5580149,494500
3.20701,0.114206456,1.9313133,7.1455736,2.5199049,493350
2.3641636,0.530016,1.5392944,7.247241,3.4362855,268796
9.739547,-0.24417143,2.4233222,6.885118,4.240516,105000
4.793987,3.6839795,1.4179903,7.0084157,5.2480145,161000
9.222534,0.59206885,2.248757,6.8466473,3.456014,269000
0.63464034,0.41542813,1.3966095,8.304576,2.2978554,97500
2.2258003,0.7105884,1.4279499,7.2104955,3.6611316,778800
2.0758648,1.0620891,1.6068225,6.9398713,2.5323524,272250
2.0742495,1.0459439,0.06813733,6.186408,2.2535717,124000
1.3905205,0.56943244,2.7755663,8.098174,2.6228504,109000
9.916602,-0.25801474,1.9991422,6.0954843,3.1975093,80000
10.492848,0.6274107,1.6783136,7.729606,3.3893,405000
1.0191472,0.0989555,1.4471917,8.497133,3.0954142,84000
2.17474,0.680885,1.3831823,7.180237,3.6494694,595000
0.7479656,-0.112685494,0.7875338,8.52546,3.6259515,155000
4.8715115,1.5718751,1.7149456,6.902509,3.4624937,146000
9.261264,-0.1454807,1.8819855,7.647156,3.3093452,115000
10.595428,0.66453046,1.6226645,8.12211,3.498784,380000
8.425171,0.37992793,1.6768248,6.9186954,3.6676276,186000
4.1442204,1.6114671,1.7100548,6.988229,3.3891475,150000
2.2024665,0.71014977,1.4655613,7.194788,3.2207255,196000
2.060248,1.1321315,1.5807106,6.9433994,2.6030405,159000
4.3190966,2.1532419,1.4543905,7.045332,4.381486,364188
4.204099,2.2397203,1.4731184,6.9453163,4.3413067,227000
4.345703,1.892965,1.6439345,6.9702864,3.788558,155100
4.388281,2.1140168,1.5531427,7.048569,4.2538767,447080
4.384448,2.104204,1.5705098,7.0070305,4.1747637,252119
4.38118,1.8671894,1.6528971,6.977338,3.762277,164505
1.1695805,0.18851076,1.578462,8.411594,3.2074788,174900
2.2661843,0.78716886,1.3922884,7.272387,3.772838,385000
1.9376128,1.2509658,1.4893467,6.895844,2.8109903,250000
10.528974,0.64301825,1.696355,7.7828403,3.3679564,240000
1.7507162,0.8374738,1.4394108,7.145321,3.3739188,650000
10.608266,0.6791028,1.651166,7.9994287,3.4598665,170000
1.6648965,0.7497583,1.3279041,7.28505,3.5186718,293400
9.084061,0.50959754,2.2864115,6.3106327,2.9731464,128500
8.954334,0.81132644,1.815961,6.018218,3.5136232,185000
0.7343834,-0.47124878,0.075134635,8.448508,3.7225907,85000
8.899696,0.7023835,1.8888323,6.3139663,3.497113,364900
2.257691,0.8831234,1.628666,6.8943667,2.3888366,175000
2.2475936,0.8798667,1.6254232,6.8886085,2.3805087,175000
2.296094,0.90118325,1.621157,6.9398665,2.4587739,175000
2.115343,0.44709346,0.7693794,6.586381,2.6508987,240000
10.137549,0.12469983,1.1793219,6.41049,2.6884136,136500
8.19991,0.50272954,1.5235559,7.1780295,3.8172066,600000
0.24460217,-0.25742885,0.33693588,7.776836,3.515177,110000
9.228884,0.37212157,2.1992514,7.0803013,3.4310894,270000
10.236071,0.12225424,1.7130182,6.264152,3.2707345,124000
1.9878685,1.0202622,1.4492887,7.1577764,3.5729544,158000
4.364545,1.8346163,1.6644306,6.9802527,3.709165,230000
8.348725,0.6401527,1.2242988,6.835333,3.7423081,255900
3.443898,1.4674448,1.6676588,7.016083,3.1487732,119999
2.4329443,0.5049819,1.5530884,7.09593,3.0030603,240000
1.3906248,0.5751281,2.8224876,8.128892,2.602286,103000
1.3772912,0.55269736,2.7431839,8.078889,2.6042364,99000
10.193609,0.38790244,1.3953074,6.270573,2.9480333,105000
4.839599,1.5973138,1.6998587,6.9131136,3.5036392,190000
2.2361686,0.88161314,1.4343657,7.188005,3.4606957,245000
1.4496933,0.65875345,2.3181772,7.579736,2.735036,163500
2.4621382,0.28123397,1.8205973,7.3278656,3.5255208,1054000
9.254394,0.41760162,2.2570422,7.033081,3.3153389,198000
2.473931,1.5471184,-0.11423199,5.7042894,1.9801698,44000
1.9727017,1.1525326,1.5364684,6.8453007,2.576358,219318
2.0328627,1.2015185,1.5934225,6.9348187,2.6340616,219318
2.0381277,1.1783242,1.5782034,6.9318504,2.6406775,225600
2.473316,0.35651043,1.645093,7.199684,3.265399,740222
2.4787176,0.41851467,1.6276635,7.2097,3.2854457,740222
2.4469006,0.3116183,1.6321232,7.192754,3.2818894,740222
8.171463,0.34141746,1.8865898,6.9732127,3.3158405,773913
1.916437,0.13804421,1.2354273,6.7879543,3.3398306,205700
7.986596,0.19574958,1.8320984,6.919643,3.124156,229500
8.146373,0.18847527,1.791084,6.868384,3.147949,156600
8.405425,0.16847537,1.5956341,6.5738134,2.9679618,166750
8.331063,0.5587321,1.7269236,6.3582206,3.1729898,250000
2.1480699,0.6671985,1.5023161,7.2759275,3.2897172,202639
2.020946,1.156428,1.55075,6.924362,2.6587703,189900
2.0822632,1.0190588,1.3282874,7.10773,3.562606,350000
2.8777664,1.2078747,1.6963845,7.1369815,2.9735832,194000
3.0051215,1.3073617,1.7027092,7.075956,2.9748693,153000
2.9395454,1.2816719,1.7148509,7.0896997,2.946776,124000
2.006335,0.20070574,1.7712729,7.4877625,3.2108681,260000
2.997319,1.3035911,1.7116882,7.081622,2.9708583,131000
2.50557,0.38648313,1.6797769,7.359056,3.734803,614000
2.5129797,0.41880995,1.6672038,7.34764,3.7552931,595500
2.511811,0.3747215,1.6802788,7.339986,3.6748815,520500
2.4749126,0.3944221,1.6585085,7.2940497,3.564623,501200
1.9234339,0.7598453,1.3800777,7.300486,3.3558185,310000
0.90461135,0.37342054,1.498807,8.561149,2.7251167,107000
2.1475992,0.4637042,1.3494502,7.256123,3.4264593,365000
1.7717947,1.0868835,1.4494394,7.0060143,3.097212,465456
1.7465444,1.2540766,1.3577405,6.862747,2.8801818,385184
2.1407347,0.8911024,1.6641446,6.903383,2.3999906,144000
9.44335,0.25475442,2.2822688,7.0836153,3.3955338,110000
7.955286,0.19691427,1.832127,6.9271812,3.1211696,239250
8.078557,0.18495384,1.7989904,6.8785453,3.1219046,221000
10.56447,0.5777606,1.414359,7.625525,3.681634,199910
0.8765811,-0.013636909,0.9753683,7.9801292,3.3626595,124990
1.4020703,0.5655777,2.84106,8.119758,2.6091454,120000
3.2136073,0.12856728,1.9707826,7.189607,2.5588565,315000
2.053863,1.1323503,1.6046816,6.914824,2.5782456,188900
1.9167489,1.2066748,1.4349196,6.953075,3.0202029,390000
8.968697,1.0784376,2.8193645,5.864303,3.4085429,105270
8.799203,1.1314534,2.9343004,5.978107,3.5244577,138825
1.7057246,1.170837,0.60419655,6.466183,1.9573944,82500
1.4824632,0.85657525,0.058425482,4.873729,2.6152556,96000
1.4962454,0.8343295,0.07302507,4.895551,2.6541135,116000
8.111788,0.5466738,1.6355501,7.222951,3.7867231,780000
9.261137,-0.27214885,1.8804415,5.6737976,4.1340775,99500
2.0900064,1.1430587,1.5979648,6.9188366,2.5904293,162000
2.0302644,1.1877023,1.5990725,6.936106,2.6348085,156000
2.0485024,1.1907057,1.5764395,6.9174304,2.6362581,188000
2.0734742,1.1726749,1.6095159,6.937185,2.6178901,184000
1.5305603,0.830805,0.128054,4.9534254,2.593014,77400
4.9096847,1.5285621,1.70598,6.9175406,3.4699616,244990
4.0941978,1.6411358,1.7215532,6.9795027,3.368089,104500
8.646314,0.47555926,1.9425403,6.248843,3.0255673,89250
3.6586456,1.4934201,1.6857725,7.0213375,3.2286909,180000
4.2064013,1.6810375,1.7144389,6.981299,3.4406085,149970
4.7987146,3.6915824,1.415193,7.0078626,5.254037,106000
2.1455524,1.5796846,1.3234191,6.777849,3.1257896,105000
8.660369,0.47348267,1.6983111,7.1114054,3.6434078,285000
2.455361,0.4205231,1.6402774,7.238933,3.3439696,367425
2.4415493,0.44578657,1.5464646,7.127047,3.1029315,285944
1.5679903,0.7809952,0.13521533,5.0187078,2.5895686,216600
9.745062,0.24814743,2.3733637,7.0552907,3.86798,135000
2.376049,0.5538378,1.5435992,7.180116,3.1692162,325288
1.7983649,1.1399475,0.68654376,6.48733,2.251599,154900
2.36014,0.719253,1.4209468,7.272256,3.734803,383000
1.8746071,1.1255051,1.4884404,6.957905,2.8602884,218900
1.1518264,0.30824465,1.8832071,8.0066395,2.8956833,349999
8.687519,0.29498178,0.8230458,6.251288,3.3184016,79716
9.234829,0.20074399,1.9880536,7.324118,3.6202695,287000
1.0399765,-0.0832537,0.9175941,5.5410385,4.7114162,214000
-0.049616635,0.28033873,2.0043097,4.953634,3.9246244,63335
1.113192,-0.09365918,1.260616,8.444355,3.5018895,139000
2.5043035,0.43291578,1.6509472,7.3616195,3.7789218,750000
2.4840465,0.37081164,1.6601288,7.2818856,3.5314975,520000
2.2520533,0.7124892,1.4403123,7.2611527,3.6607473,420000
2.0633242,1.1514903,1.614857,6.9239016,2.5973117,265000
8.727345,0.16612858,1.205694,6.3612037,2.8454115,127140
3.192062,0.12528664,1.9157072,7.13629,2.5122182,295000
1.9590951,1.1491212,1.5582012,6.8605757,2.6188877,240000
0.39504698,0.24240619,1.3034341,8.5029955,1.9983741,100000
4.3857145,1.9347763,1.6310343,6.987244,3.8771799,244629
4.3776045,1.8680326,1.6527989,6.983142,3.765343,305777
4.3894496,1.8614656,1.6536199,6.981616,3.7607188,304896
4.3881855,1.882907,1.651847,6.979139,3.7796466,249876
4.393078,1.8762269,1.6492465,6.9829903,3.782297,312332
1.351329,0.3962681,2.4121706,7.9963803,2.703477,212000
1.3706839,0.51197994,2.6977074,8.068507,2.6056902,111000
1.4035853,0.55873406,2.8405128,8.119602,2.6157274,105000
1.402193,0.547611,2.8197129,8.104784,2.6108432,109000
1.3883425,0.5901196,2.8330219,8.142099,2.5735219,86000
-0.5829675,-0.16161716,0.6663509,7.909751,2.1669695,76900
4.7977505,3.690068,1.4157994,7.0080986,5.2528133,119000
8.809381,1.1163191,2.9133923,5.990155,3.5160513,128080
4.798255,3.6909785,1.4154965,7.008029,5.253515,96000
1.0220281,0.45426893,2.2476025,7.1585484,2.5821912,95000
4.787418,3.672326,1.4227691,7.011002,5.238677,96000
4.797222,3.6895857,1.4162621,7.0080385,5.252301,119000
1.5038009,0.4866164,2.7155886,8.016194,3.0404353,149000
1.8909713,1.1225768,1.420434,6.998575,3.13932,461241
2.2752123,0.67546135,1.4519541,7.2786384,3.8085744,596756
0.6220494,-0.05807449,0.7162267,8.461214,3.2024477,125000
3.806734,1.402976,1.6202857,7.0645165,3.4516175,298000
8.451652,0.6131118,1.3221159,6.927705,3.774059,268000
4.062824,1.5659086,1.6794997,7.021568,3.399612,195000
2.1648958,1.0208739,1.6241242,6.938104,2.501426,365873
2.1618817,0.51761454,1.4109547,7.2284327,3.5514953,550000
1.4921193,0.079823345,0.9812804,8.04425,3.8368878,445000
1.9575104,1.1793643,1.528227,6.8074183,2.5349889,161500
1.2724618,0.7586874,1.6127169,6.9477487,2.3619757,149530
8.4365635,0.62618405,1.2404324,6.8657503,3.7561293,166700
4.799048,3.6918533,1.4150311,7.0079074,5.2544236,119000
4.795517,3.6868238,1.4171122,7.0081997,5.250142,169000
4.394334,2.090141,1.5740361,7.033379,4.1858144,273634
2.0311775,1.2648361,1.1875039,6.874967,2.8948185,165604
9.062039,0.2975465,0.8728961,6.1970344,3.0987847,54300
1.917309,0.9429876,0.58901805,6.5744185,2.6271331,133400
8.618607,0.3989018,1.3344289,6.3648996,2.8499627,138200
3.1341097,0.17458665,1.9789768,7.201812,2.549753,242840
2.0870008,0.851437,1.3657199,7.2096725,3.5762527,325000
8.84372,0.41003832,1.3229024,6.549119,3.4666994,399000
4.797896,3.6900938,1.415845,7.0082717,5.2529297,119000
1.6404613,0.9577808,0.06098995,5.046104,2.5148218,71900
1.3518287,0.1915423,1.7215656,7.798331,2.757224,131950
3.8565536,1.4558262,1.6316622,7.0495462,3.4179027,325000
3.950361,1.5782362,1.7134016,6.9948497,3.3144903,170000
1.593693,0.45639318,3.241388,8.190731,3.2173822,145000
4.8285284,1.6037434,1.7143146,6.921476,3.4850829,115000
9.271944,-0.26605412,1.8821694,5.7000303,4.117725,57000
1.4582223,0.56814677,3.0421824,8.228949,2.6759574,99500
8.823435,0.6501594,1.9785533,6.736083,3.6907349,321000
9.10095,0.6992012,1.835736,6.0941396,3.52188,218000
1.4511099,0.52049327,2.9650435,8.141598,2.6677234,84900
2.015676,0.7707988,0.7445557,6.391888,2.0131927,117000
1.1735576,0.46668673,2.2356906,7.979865,2.4750435,119000
4.4658813,2.0985909,1.5625025,6.973346,4.150132,350000
3.11807,0.17635208,1.9303601,7.1638765,2.56494,270000
2.7085698,0.35369125,1.8004441,7.203192,3.0108695,591000
2.822798,1.3709164,1.329006,7.0990734,2.984586,180075
1.5438975,0.80045635,0.120301016,4.9529552,2.608493,120900
1.5563164,0.7898956,0.14061561,4.97072,2.5952659,90400
1.5715603,0.8013723,0.12857307,5.0055537,2.5838735,89900
1.5497559,0.8430638,0.12618448,4.9496226,2.5884025,88400
1.1024693,-0.09232817,1.0353016,8.417323,3.742082,178500
9.064015,0.8442419,2.6088293,5.993545,3.2501016,79000
1.8435014,0.99179065,0.70631063,6.6824217,2.5951338,271200
1.8446672,0.29775643,2.935814,7.899318,3.1121562,144500
1.8875139,0.28047678,2.9165013,7.8777556,3.120924,143500
8.984611,0.94588655,2.698311,5.9921646,3.326099,108420
1.865642,1.2246114,0.91059226,6.684897,2.5053084,209500
3.8688707,1.4264811,1.6201254,7.0585623,3.4654038,369127
1.4740777,0.5002343,2.9627588,8.125706,2.6833222,84900
-0.47933185,0.22364366,0.22388944,8.941113,1.5119755,124900
-0.06708663,-0.030799024,0.37295893,8.387558,1.3018082,69500
1.5442626,0.82659525,0.11953985,4.9467597,2.5908675,61900
10.29213,0.6202031,1.8202388,7.699117,3.3775663,405000
8.746975,0.55389917,2.2332606,6.5755477,3.3211854,152000
-0.52538586,0.24370836,0.19290641,8.995874,1.4827896,119900
1.1119972,-0.19539912,1.1119605,5.793385,4.5893335,185900
-0.5797157,0.766453,1.6640681,4.667527,2.8680835,129300
-0.5907835,0.78128713,1.6634573,4.6676097,2.8339946,118800
-0.5960048,0.77901673,1.6660914,4.662173,2.838365,117200
-0.05384676,-0.5663668,0.73930025,4.401837,1.7151939,88000
8.998844,0.9365589,2.7058885,5.9723873,3.313683,84000
10.454977,0.5398786,1.437762,7.8073444,3.5805347,65000
3.813583,1.4158487,1.6208407,7.0660534,3.4383943,331500
3.822862,1.4291246,1.6281127,7.0603356,3.4334223,331500
10.055909,0.53169435,1.8944252,6.090681,2.909674,110000
9.240321,0.37095708,2.0451427,5.6991024,3.9657073,94500
9.173377,0.24177912,1.9719148,7.276443,3.5463126,136000
8.879102,0.24048439,1.0547723,6.301443,3.079774,139000
9.843163,0.5064235,2.0030663,6.282846,2.7564921,90000
9.264587,-0.2525543,2.1856213,6.7354455,4.0147557,195000
8.957619,0.06764696,1.9896698,6.834195,3.9898188,210000
9.103186,0.15219215,2.1049297,7.1623797,3.5887551,249000
7.9307885,0.29628968,1.9217954,6.746059,3.0444102,450000
8.504992,0.6084337,1.2211518,6.6329174,3.6227133,164000
10.1847105,0.14158177,1.7636523,6.390083,2.8037746,74900
10.072864,-0.040319093,1.2319007,6.282165,2.455857,99900
9.1261425,0.7680965,1.875212,6.1425376,3.4583032,64800
8.686801,0.15493406,1.2620618,6.4002705,2.8474195,115000
8.624492,0.7623368,1.2462953,6.29428,3.4154325,179900
10.005888,0.20013027,1.8749765,6.3486967,2.7486067,115000
10.71706,0.5980132,1.3520088,6.626016,3.0969603,49999
9.77234,0.54484475,0.92600036,6.6912518,3.272151,255000
8.508277,0.7023366,1.0050676,6.327268,3.460463,99000
8.584687,0.6398508,1.0657805,6.4053426,3.4907339,128600
2.0114784,1.4422491,1.335,6.8283634,2.9349537,129500
9.972365,0.31624162,1.909918,6.242845,2.735784,83000
1.9212339,1.1339121,0.39869717,6.3412414,2.4730625,104314
2.1278203,1.4002337,0.09864394,5.992749,1.8910542,30300
2.5025303,1.3903975,0.045895446,5.723362,2.2635946,71925
1.8848712,1.3205907,1.5349507,6.9313645,3.0839157,110964
1.9022782,1.3257116,1.5400035,6.934797,3.080823,118230
2.811944,1.3812939,1.3001978,7.0148854,3.079398,158000
1.481335,0.51686347,2.479401,7.9245954,3.0129936,187950
1.4725018,0.84724844,2.007301,7.526955,2.725853,151500
2.7302465,1.2961532,1.3360858,7.144062,3.0716925,333100
2.7735107,1.3463339,1.2724226,7.0423613,3.1255076,325000
2.218065,0.7510978,1.4146842,7.3140564,3.814073,295000
-0.047607303,-0.011762301,0.455556,8.370151,1.3348448,135000
7.833741,0.22097255,1.8716112,6.9159007,3.1048195,299999
2.3123746,1.3581212,0.07619761,5.700669,2.2648542,96500
8.894283,0.32830358,0.96744907,6.2665453,3.3201153,87000
4.2186112,2.2235012,1.5011768,6.938292,4.2909493,155000
9.584101,0.48837742,2.2361507,7.009216,3.2564566,153000
-0.025611067,0.28199348,1.9918367,4.988095,3.948088,108000
8.776229,0.4286723,2.189691,6.575773,3.1137304,240600
8.085786,0.49614343,1.6400983,7.2575097,3.792397,384900
2.2328622,0.38376722,0.94203025,6.6738997,2.8660147,278000
1.1964047,0.32307774,1.563648,8.324497,3.2412882,238000
1.4226693,0.5633794,2.919254,8.1646805,2.603757,61400
1.0786133,0.101049304,1.4719168,8.443236,3.247972,126000
0.7007682,-0.22129084,0.08173143,8.51557,3.545112,127000
1.0444096,-0.10401264,0.9313968,5.5410323,4.7429976,153440
10.024348,0.079809956,1.8083407,6.2916913,2.7893941,120000
1.3854507,0.8918034,1.8063015,7.673214,2.901712,210000
1.8073758,0.81832206,1.2007289,7.251927,3.562967,450000
1.4310527,0.796423,3.619581,8.738734,2.4837246,112000
-0.025189439,0.28364265,1.9879837,4.984383,3.9398603,112000
0.118143514,0.23882164,1.8867564,5.1147423,4.005431,159000
8.08117,0.50550425,1.6215953,7.2733464,3.8037224,675000
1.4689627,0.51297474,2.9854405,8.147011,2.6934526,114180
-0.5278832,0.8262404,1.5887135,4.42679,3.2296715,86500
2.0398211,0.7922564,0.7045019,6.4094296,1.9849054,166900
10.4097395,0.5859228,1.7890024,6.852845,3.104728,100000
9.155988,0.42516902,2.1253848,6.312841,3.2597811,157999
-0.04517912,0.27871075,2.0229962,4.9592204,3.9474854,91240
1.4317467,0.8283843,3.6800432,8.801879,2.4395506,91240
-0.44259298,0.8861726,1.1574863,3.9738705,3.3214574,99247
-0.4802506,0.884155,1.3543793,4.1659136,3.2918875,89947
-0.4044905,0.8707993,1.1411623,4.0077257,3.313179,89747
-0.4989226,0.942605,1.2529866,4.0399113,3.2770624,86650
1.4095522,1.0969015,1.5984696,7.1201043,2.7567506,196077
0.59946096,0.37387386,1.6555805,8.167464,2.1901922,135000
2.3386352,0.5285671,1.5996,7.4296737,3.8919957,790000
8.725995,0.41742966,2.181722,6.6436834,3.146636,152000
8.771673,0.4888471,2.1288364,6.3117743,3.0442295,93500
8.710129,0.45149627,2.035335,6.274198,3.0275059,100000
8.721534,0.50067997,2.1113458,6.33036,3.080581,128500
10.270538,0.24608843,1.7171386,6.47514,2.8453593,144900
10.090217,0.07104729,1.2217554,6.3710465,2.6140532,108000
2.1554394,1.3967403,1.347633,6.8468246,3.0283556,155000
-0.023649935,0.2582261,2.0477946,4.9683166,3.9584591,82500
2.0021732,0.9436715,1.2265226,7.0439477,3.4952505,412000
-0.04341853,0.27437297,2.0249014,4.9596267,3.9394546,78000
1.4145758,0.7451455,3.4064531,8.577099,2.5639684,74871
2.4306228,0.5392149,1.5340462,7.295987,3.915964,780000
1.4614513,0.52034396,2.9729354,8.144075,2.6762865,63895
8.684122,0.7667643,1.1205169,6.28097,3.5342596,235000
8.803677,1.1345656,2.9321208,5.9748073,3.5204341,230000
8.054572,1.1315739,1.5777994,6.771921,3.941972,104900
2.1855912,1.454947,1.3205497,6.828082,3.0499778,140000
8.778587,1.1433877,2.9555237,5.979606,3.5401804,209000
2.1133308,0.19966887,2.7596164,7.743998,3.2406256,254376
8.963148,0.94680965,2.7242212,6.0018015,3.340635,126500
1.9895935,0.24911977,2.8535073,7.8209805,3.166515,193146
1.9966127,0.24504226,2.8645012,7.8224597,3.1675432,193627
8.958164,0.92869395,2.7122889,6.022824,3.3293962,127500
1.9951488,0.24698827,2.8513148,7.820106,3.1703897,194342
2.090889,0.21166028,2.7821748,7.761629,3.2271483,282638
8.980565,0.9491124,2.715094,5.979162,3.32779,104530
8.61767,0.5354358,1.9248202,6.8799553,3.6043923,395000
1.4188168,0.59495556,2.5176783,7.922156,2.7812603,188050
-0.48483944,0.9558317,1.2564168,4.0718374,3.24562,87500
1.89286,1.3335984,0.31486347,6.2871017,1.9141483,97960
2.0509593,1.086802,0.44349468,6.1678424,2.137355,133480
8.775055,0.12835668,1.2254494,6.425922,3.5336277,160600
2.0996313,0.42836714,0.8175354,6.627124,2.6521904,159053
2.8877532,1.4442698,1.3238486,7.091349,2.9024942,119541
2.9261687,1.4718988,1.3108203,7.0999255,2.9050977,118349
3.0944881,1.6824955,1.2879964,7.1213074,2.696623,91284
3.06591,1.6497647,1.2934512,7.1155653,2.7131045,108257
2.8507972,1.4010243,1.3242857,7.104361,2.9592965,159244
2.9147584,1.4625825,1.311928,7.0977993,2.9142005,118807
2.9263723,1.4713893,1.311141,7.1002703,2.9159243,119266
3.0982764,1.6874983,1.2878658,7.1213393,2.689031,100917
3.094898,1.6829356,1.2889252,7.1206293,2.6951923,99083
8.800825,0.84424955,0.92062026,6.0721188,3.4054232,91500
8.59237,0.7683049,1.0475992,6.296447,3.533415,162500
8.809554,0.84007996,0.925557,6.063433,3.4034395,118500
8.8152485,0.8666066,0.8733686,6.0079536,3.3781128,108500
8.792543,0.8621433,0.90849143,6.058957,3.4073937,104500
8.831378,0.25899398,0.9288037,6.268244,3.182774,49830
2.1696768,1.2993549,0.24346009,5.9498653,2.2562437,54000
4.071948,1.6195242,1.741055,6.9779334,3.3228219,119900
2.238398,1.355642,0.18526477,5.872602,2.1594856,48630
1.1566846,0.43777806,1.964703,8.148336,2.7883222,105120
1.176371,0.5453288,2.1688888,8.165622,2.6397064,115583
1.175677,0.54728645,2.1863139,8.169238,2.6310515,119520
8.009109,0.9846673,1.293042,6.4558406,3.1520798,119700
1.3537745,0.18986487,1.7284883,7.8025784,2.7505765,159500
2.2212374,1.4463689,0.032066535,5.9302235,1.923159,33900
1.3571649,0.18332584,1.7310787,7.8053956,2.75586,156600
1.1770327,0.5700003,2.2181349,8.156186,2.590676,85320
1.1313295,0.54841423,2.1209953,8.160429,2.585367,90180
1.662113,1.1422929,0.8203969,6.5402865,2.578123,145000
1.5563833,0.16872188,1.7048279,7.664753,2.844003,229500
8.932843,0.2753791,0.8523699,6.211189,3.1527588,32910
2.5086937,1.4105844,0.026769381,5.711978,2.2353675,75600
2.1214852,1.1090577,0.053621843,5.5359683,2.4067757,136900
4.051083,1.6440467,1.7544591,6.9551296,3.292195,77600
2.0547066,1.2896323,0.20831974,6.11574,1.8817443,105124
10.616385,0.6842604,1.6365228,8.047225,3.4971912,180000
1.221394,0.42062697,1.9749863,8.159014,2.9253747,132600
2.123005,1.1729796,0.08405144,5.512586,2.3657677,132900
0.8956374,0.11851539,1.0543858,8.656723,3.1188717,220000
8.031147,0.96079564,1.3484193,6.5386047,3.2512188,129300
8.85859,0.35978138,1.0385331,6.2985215,3.2472627,154000
1.8986088,1.3147681,1.5499492,6.9160585,3.0718741,119574
4.795344,3.6870968,1.4172391,7.0083113,5.2503133,152000
1.9416476,1.3515,1.5100473,6.9227843,3.0846639,106890
10.599655,0.5634889,1.3844734,7.2298985,3.4167657,69900
8.004276,0.9976105,1.2829263,6.4557657,3.1707942,108900
4.8555503,1.5602102,1.7202443,6.9106693,3.451447,130000
4.8529925,1.5340532,1.7034441,6.924756,3.4732435,229900
8.857855,0.37881407,1.0026879,6.273935,3.2786524,100000
1.8220594,1.1282711,0.59498733,6.3947062,2.2836156,110500
1.9007261,1.322817,1.5411693,6.913362,3.0660455,106890
1.9929174,0.79003525,0.71602666,6.3591137,2.0330193,117000
1.9952029,0.78875154,0.7137794,6.3550425,2.0322413,117000
4.2999067,2.205744,1.5300254,6.9463525,4.2615957,179900
4.7996316,3.6924987,1.414838,7.0079036,5.2549667,119000
7.9818115,0.4075978,1.9862216,6.6248927,3.066403,185000
1.8125088,1.2134801,0.86239266,6.648755,2.3957596,150900
1.8225491,1.1853325,0.8151783,6.6030498,2.321955,180000
1.7620447,1.227031,0.80884486,6.691339,2.3841026,150900
2.1715775,0.5539475,1.1939248,7.0788097,3.2208333,452600
2.156249,0.5489042,1.1121714,6.9954424,3.0882392,460100
1.9524165,1.0505074,0.7124634,6.448445,2.1748567,182200
1.9584044,1.0454178,0.7178425,6.4383273,2.1705291,182200
1.7794505,1.2055247,0.8480324,6.6731553,2.3720777,209500
2.4687135,1.4308642,0.0004783225,5.7200394,2.1565614,58275
8.843007,0.5899189,0.93053496,6.187179,3.273924,75000
8.968763,0.71980417,1.8950105,6.083019,3.3689432,101500
2.4965959,1.4419627,-0.009973278,5.699881,2.1723092,58275
2.53241,1.4573368,-0.038722213,5.648299,2.203141,58800
7.997616,0.9982448,1.2859409,6.451123,3.1487617,117800
1.1843158,0.5716661,2.2517414,8.165862,2.58687,86220
1.1810108,0.5597959,2.2066202,8.18008,2.618717,103673
4.784718,3.6673007,1.424762,7.011376,5.234486,119000
9.050454,0.41963947,2.2749112,6.877765,3.3209832,218800
1.7180259,0.8715545,0.1407948,5.218096,2.4927473,98900
2.006494,1.2534899,0.24594922,5.640627,2.2394633,115000
1.7760352,0.9293697,0.13901319,5.2602863,2.4657683,101900
8.057034,0.9641165,1.3006634,6.447771,3.2122679,190971
1.0711129,0.1661433,1.495588,8.487072,3.173998,149800
2.9258993,0.3598662,1.9081341,7.1204104,2.6124558,177000
1.9984188,1.249184,0.26096135,5.670408,2.240308,115000
1.3956761,0.17455755,1.7179097,7.768549,2.7623959,229500
1.6091654,0.7007677,1.6455201,7.611984,3.3572564,265000
1.4187424,1.0998363,1.6423218,7.1269407,2.769961,176000
4.2589097,1.7104039,1.7159348,6.9727974,3.4738562,115500
2.056449,1.2157959,0.13613881,5.4962406,2.328381,101900
8.314676,0.52549213,1.4279846,7.112548,3.8364656,160000
8.019716,0.9799625,1.2786638,6.4356656,3.1317384,114700
-0.34844518,0.5118634,1.7591941,4.7914925,3.3971336,82800
2.9220338,0.36439982,1.9061711,7.1191964,2.6118956,175000
2.892941,1.3592114,1.17632,6.8922877,3.162746,291300
9.025172,0.5089139,2.2595403,6.2669983,2.9759905,125200
1.6122437,0.44283685,3.242467,8.1759205,3.169752,300000
1.6973045,0.86137223,0.13718852,5.1833434,2.5038993,101900
2.9412756,0.3407423,1.902819,7.1204515,2.5978582,174000
8.753479,0.1594089,1.2048151,6.3629065,2.8451698,135000
2.2040188,0.88599133,1.4328471,7.2052283,3.6492813,299000
1.5096775,0.49973977,2.3785317,7.9537587,3.1519506,274250
2.021281,1.1840259,0.1354275,5.4731445,2.3458483,106900
4.8406954,3.7336345,1.38228,6.996005,5.296532,96000
4.8004665,3.6932278,1.413889,7.0076475,5.2557755,96000
1.2364178,0.7362085,1.6056354,6.9534845,2.3261738,120400
4.0425763,1.6364076,1.7500318,6.963827,3.3020532,95800
9.123446,0.32855743,0.87570673,6.1808047,3.0753703,60000
4.801145,3.695538,1.4135727,7.0075083,5.2573614,119000
2.6063821,1.322019,0.4679963,6.1663995,2.63601,216200
1.728018,0.87148637,0.16212611,5.256144,2.4726417,92900
2.001026,1.2518301,0.2521714,5.658008,2.241189,115000
3.0969212,0.19305003,1.8941313,7.113841,2.5034163,197000
1.4825143,1.1165165,1.2850689,6.657353,2.7627225,296000
4.2119117,1.6644963,1.7087924,6.987668,3.440652,138000
2.0617735,0.7506628,0.56158185,6.4469404,2.5568452,138901
-0.16171531,-0.9397575,1.0390555,4.225953,1.8449323,68000
-0.13136199,0.36871746,1.8994377,4.8958535,3.7946012,96000
-0.16597934,-1.0201154,1.1331537,4.1770167,1.8984923,69500
4.801267,3.6944337,1.4135827,7.007499,5.256789,119000
1.4670122,0.6993932,3.4009273,8.537926,2.5633094,150000
3.0648673,0.18982084,1.8856491,7.1416073,2.5838058,273000
9.122737,0.3509089,0.9846257,6.1570168,3.0654562,115000
1.7614944,0.33977577,3.0625181,7.973372,3.153751,451000
1.855686,0.2994156,2.9921486,7.9150825,3.1946661,599000
2.110537,0.65049255,1.401602,7.4144683,3.8715181,550000
0.81664056,-0.051620252,1.0483408,5.483424,4.4110637,119000
4.7864847,3.671696,1.4227563,7.0103197,5.2382503,152000
4.044861,1.5785134,1.683489,7.019495,3.39085,157600
1.7009759,0.8600226,0.13233854,5.1770673,2.5053976,94900
9.105444,0.31957662,0.89291644,6.201452,3.103298,64326
9.096116,0.30431506,0.8654142,6.1940374,3.094716,67355
1.9684554,1.2638694,0.3596924,6.18396,2.3121536,90000
9.02307,0.85278696,1.3986082,5.7357116,3.3238168,49980
-0.16488566,-0.9636455,1.0744965,4.215796,1.8647918,68000
3.9667754,1.5894206,1.7162468,6.9907312,3.3108032,93750
4.248259,1.7059652,1.7060643,6.9820356,3.489164,139900
3.0102682,0.22555785,1.8720956,7.1401587,2.6166189,295000
4.066247,1.6140368,1.7214268,6.9881587,3.3526535,112300
2.5736017,1.2863449,1.4292563,7.0372047,2.805227,189000
0.8585931,0.010441846,1.1380901,5.6655464,4.25199,127000
3.098195,0.17937183,1.8920432,7.131023,2.5499358,225000
4.250745,1.6987935,1.7055757,6.976582,3.4747696,111000
7.996136,0.98894346,1.3139526,6.505672,3.2017577,129800
3.7714603,1.5353726,1.6794187,7.003538,3.271307,123700
1.3823472,0.5699093,2.5280554,7.965733,2.687361,143500
8.299607,0.4666114,1.7795513,6.6190605,3.3114254,199000
2.4957013,1.5679404,-0.13367525,5.680176,1.9869682,111400
4.219846,1.6715486,1.7084626,6.9864254,3.448998,124900
2.7792375,1.3326001,1.3364067,7.118263,3.0289478,300000
8.466754,0.5221602,1.5387765,6.3251586,3.1714811,195000
1.3744667,0.5950995,2.7919235,8.136416,2.5723464,78000
1.9786581,1.2031307,0.33401752,5.787993,2.2160258,85500
-0.36734912,0.53297013,1.8112199,4.7367134,3.5177042,97500
4.7973557,3.689326,1.4159861,7.008252,5.2523513,152000
4.2109456,1.6683686,1.711846,6.984842,3.4366634,117900
1.9719021,1.2677698,0.3394633,6.183133,2.3479047,100000
1.6651719,0.39773414,3.1646507,8.10291,3.152955,379000
4.411258,2.0980127,1.5583446,7.065991,4.252943,546400
8.684678,0.1530147,1.2562373,6.386826,2.8281019,178000
8.13328,1.0187689,1.6018656,6.838553,3.8989787,111250
4.2332206,2.2220182,1.464013,6.980099,4.3682737,430000
4.2601395,2.2138383,1.4586067,6.994935,4.3810687,439000
2.1236796,1.0195782,1.4364843,7.129222,3.62256,234000
2.8210442,1.3693774,1.1297852,6.8674335,3.0985556,184000
9.075056,0.31241634,0.9211346,6.1924906,3.0608263,109000
1.730941,0.8833875,0.14523725,5.2586923,2.4832246,96900
2.2104068,0.8593589,1.4429115,7.2064247,3.674091,230000
2.8965628,1.4475083,1.3101544,7.088594,2.9452584,179100
8.077234,1.1178914,1.58159,6.7648115,3.9312642,63750
3.5832572,1.4780885,1.6528494,7.0208135,3.2261708,155000
1.4279748,0.69089335,3.3118896,8.482755,2.5406404,85000
-0.35766423,0.51261246,1.8442565,4.7676225,3.5285172,89500
0.69628423,0.59497124,1.5868237,7.5969105,2.324834,189000
2.9269083,0.36437836,1.907767,7.118517,2.6133919,190000
2.922944,0.36547777,1.9093562,7.120366,2.61393,185000
3.023181,0.22989973,1.873838,7.1129255,2.5358205,184000
3.0119996,0.24112257,1.8791103,7.115037,2.5473225,186000
0.5376537,0.37396884,1.5898323,8.24525,2.1094365,100000
8.777734,1.1390924,2.9496987,5.976611,3.5436022,165000
8.784899,1.1352599,2.943757,5.976674,3.5427468,155000
2.410795,1.418695,0.0979236,5.712419,2.2767692,139600
8.800358,1.136262,2.9376898,5.9788566,3.524938,175000
3.9257042,1.5354797,1.6798025,7.0110264,3.3589919,205841
2.4454248,1.4480692,0.06585746,5.6747456,2.2576573,155300
10.326012,0.2902758,1.5503483,6.548256,2.8722105,86500
2.1703925,1.2057368,0.3038762,5.9765,2.1660678,99900
9.328743,-0.2345756,1.8687285,5.8151073,3.971895,89000
9.680914,0.38655525,1.7660767,6.2059894,3.1842957,72000
0.75168204,-0.3146352,0.3537377,8.412857,3.6398098,108900
-0.21187505,0.32834172,0.9124088,8.37654,1.800159,65000
1.0642194,0.7207196,1.3233788,7.3251634,2.329739,43000
9.871455,0.139165,2.0089817,6.619618,3.9568782,93900
2.106613,1.0210973,1.6690553,6.9625416,2.5368967,185000
2.5099,1.454989,-0.040127788,5.6392355,2.1944423,68900
1.7772626,1.248229,0.4091043,6.406362,1.9271067,83000
2.1219895,0.41697323,0.7938425,6.620705,2.7344265,155000
2.0790179,0.8927599,0.601011,6.2878203,2.043668,113000
1.8455905,1.1737103,0.5588083,6.357622,2.257701,108000
1.8158823,1.2318116,0.5375794,6.3602996,2.3156748,105000
1.8434665,1.1863574,0.57855505,6.3642178,2.2717252,105000
0.90174115,0.03564678,1.1433722,5.729673,4.274863,149999
9.048431,0.8316238,1.4088919,5.7243934,3.3370173,62999
9.72319,-0.5079443,2.3557315,6.5463734,4.478293,124988
2.086853,0.41296884,0.8473975,6.691101,2.8283725,330000
1.3895799,0.95700943,1.8024518,7.626028,2.8230073,190000
9.539913,-0.49157855,2.1449213,6.5286937,4.4485173,113000
10.109249,0.025332296,1.3574581,6.4115496,2.9269736,85000
9.829814,0.53075963,2.028306,6.288268,2.7847507,81500
-0.40858224,0.56809723,1.8179773,4.6965504,3.4953856,79086
10.548864,0.66408056,1.7452625,7.737038,3.3290074,162000
9.939185,0.5448216,2.1395872,6.8941317,3.4829493,130000
1.6234068,0.43347594,3.3961554,8.244492,3.3404686,122000
8.986123,1.0104507,2.7383025,5.8546324,3.4529657,110000
1.6390437,0.40591896,3.4527671,8.20431,3.4016626,163000
0.6748448,-0.11017423,0.70654786,7.8635955,3.8022387,174000
9.916142,0.3603116,1.7701306,6.6690955,3.4531007,99990
0.66693574,-0.08442931,0.4333549,8.5804405,3.4600763,155000
1.8747152,0.84976727,1.3008038,7.148537,3.4690201,399000
10.709674,0.60834575,1.4085102,7.154719,3.420164,125000
0.67579615,-0.093749695,0.17958337,8.440277,3.36215,113700
9.960869,0.10363342,1.8378174,6.309357,2.7830238,135000
9.790256,0.43292463,2.0737789,6.858508,3.5378406,204900
9.763671,-0.2056694,2.0132976,6.2618947,3.2919023,68000
1.7438891,0.64318746,2.004363,7.262016,2.7038352,171600
2.2418094,1.1031424,-0.020531384,5.80009,2.3292134,125000
10.60965,0.56659067,1.3645022,6.899281,3.3687403,210000
2.0977533,1.4177788,0.110377155,6.034033,1.9204379,53718
2.1076236,0.7337271,1.6037103,7.4317565,3.301804,288500
2.077356,1.4137858,0.12669171,6.0648665,1.8976835,41238
9.583123,-0.20698461,2.0586581,6.3686466,3.4570224,81000
2.1166556,1.2053572,0.2915511,5.903757,2.1699204,104000
-0.25675854,0.44312048,1.7295955,4.87898,3.3516197,95000
9.496517,-0.050728515,2.0320292,6.2219567,3.5463855,79000
0.4743331,0.26067248,1.4792966,8.241324,1.7562445,84999
9.788177,0.6732519,2.1396081,6.5405383,3.2056556,138000
10.094323,0.3804021,1.8138059,5.911724,2.893801,79500
0.94082785,0.55278677,1.8450273,8.107235,2.3836358,110000
1.4185737,0.66078717,2.9502254,8.256634,2.7574997,124990
0.5730782,0.34602702,1.6428622,8.265716,1.6392733,56000
1.8717339,0.91607106,0.66161263,6.6933537,2.7100675,235000
-0.6228491,0.10676637,0.7819904,7.8938847,2.0177205,245000
8.450935,0.5448683,1.6027681,6.964029,3.7367263,610000
-0.58047146,-0.14827868,0.67799056,7.9684467,2.1974733,89990
4.635811,1.6559509,1.7011551,6.935316,3.5188324,162000
-0.099370904,-0.09332381,1.1466118,7.7263813,1.2600777,99999
10.3286295,0.3984737,1.7503697,5.694965,3.1141455,44000
9.884772,0.24385296,1.1512492,6.2412148,2.7598977,54900
9.4494295,0.4584461,1.6656784,6.3191857,3.8402154,173554
0.8474915,-0.262052,1.1465923,8.215917,3.3853874,85000
-0.600188,-0.036042936,0.594353,7.7313733,2.0758655,72000
0.24436447,0.44500938,1.496315,8.005354,2.1220777,120000
1.5093404,0.5464382,2.8814445,8.136724,3.0692353,174999
1.2347231,0.25883126,1.6227057,8.356785,3.2290678,243000
1.1786695,0.19435732,1.5890552,8.406783,3.2074416,152000
10.154903,-0.5297477,1.9667294,5.907483,3.9782805,67000
0.6659288,-0.2459074,0.96402514,7.8721337,3.0288174,129500
-0.122741535,0.1389553,1.2568074,8.183636,1.8943598,89000
8.460166,0.5762502,1.6082854,6.8158197,3.649579,399000
1.6776867,1.0029836,1.5649136,7.1056595,2.5611851,177000
9.700774,-0.40825647,2.4083219,6.8244176,4.339405,107000
2.003876,1.2531253,0.24235791,5.6341968,2.2337787,90000
9.900923,-0.295453,1.9915744,6.127152,3.1984868,89000
1.9954292,1.0164019,1.5411897,6.839601,2.4255977,300000
0.9525348,0.06979747,0.7847214,7.932952,3.9355571,139900
10.184096,0.54554623,1.9342899,6.6920047,3.3520207,44500
8.73986,0.36524874,1.8121489,6.8516235,3.8680344,194000
-0.08397912,-0.0012938086,0.39552575,8.404625,1.3315287,66000
1.7773808,1.2076559,0.90335023,6.6494102,2.42804,217000
1.5709549,1.0404482,0.93387383,6.728771,2.255356,174900
0.7458858,-0.1951186,0.9311153,8.348001,3.4999127,123000
10.284066,0.24007982,1.0803497,6.5429206,2.8399026,93000
2.3836496,0.45844045,1.6505357,7.192509,3.2700787,320000
2.3954597,0.991332,1.3466895,7.1544776,3.587051,315000
9.146859,0.34524283,0.9002288,6.1907516,3.0927315,76000
-0.114125066,-0.74862075,0.78620094,4.276652,1.8084852,60500
-0.39361793,0.80731004,1.1021551,3.9577923,3.37866,82000
-0.33880454,0.9016327,1.100949,4.080422,3.2496476,109000
0.6268686,-0.23954475,0.7228981,7.884828,3.5692136,96500
1.9552734,0.70788,1.553165,7.496012,3.5519416,620000
4.290903,2.2250764,1.5015095,6.963912,4.2977962,178500
0.44938204,0.2632284,1.5057762,8.33263,2.1354413,95000
1.1024783,0.25170022,1.5567708,8.41596,3.142383,164000
10.557563,0.5332695,1.4050182,6.865613,3.342283,132000
8.975713,0.8358727,1.4977125,5.865614,3.359962,118000
10.648909,0.5401098,1.3577298,6.8428917,3.285609,88000
9.947054,0.36163998,2.0615084,6.4318404,2.8966162,89999
1.8549249,0.9834169,0.57812136,6.606686,2.6763628,275000
10.103416,0.5714854,1.9666516,6.5991826,3.4158003,67000
9.899316,-0.039134584,2.0215535,6.5340705,4.1930003,129000
2.6736107,0.12084739,1.7789795,7.220063,2.714579,450000
2.5285523,0.69696915,1.511174,7.315355,3.8895633,374000
1.352116,0.775839,1.1349468,6.4234295,2.5840676,180600
9.742159,0.3904123,2.0710213,6.898701,3.4980068,189999
0.86059093,-0.19839641,1.0975922,8.358102,3.5281556,145000
8.016114,0.9508936,1.3560238,6.5733447,3.2719333,228000
10.179818,0.51410407,1.9083724,6.432336,3.097041,97000
1.4703647,1.1595663,1.4714546,6.862405,2.8233318,219000
9.98187,0.1732366,1.2325491,6.1774116,2.6238434,69000
2.7133932,1.3306237,1.2607116,7.0024447,3.1631584,165000
9.770501,-0.099710874,2.01953,6.4891415,3.4894497,98900
9.9011545,0.5233562,1.9563307,6.4241676,3.2107534,180000
10.568561,0.504977,1.3569089,6.8043923,3.2472687,170000
10.499604,0.6224193,1.684525,7.772369,3.3964295,125000
8.979211,1.0717939,2.7967947,5.8727746,3.4082355,85000
-0.3609762,0.5198674,1.8073152,4.763119,3.5000908,106000
1.1762074,0.32937214,1.5471582,8.346811,3.2387261,245000
-0.2120615,0.22465645,0.899224,8.30885,1.8394638,129000
8.995658,0.9276864,2.6847317,5.9949355,3.312352,101990
0.8769693,-0.09886746,0.93710494,5.3794155,4.5552053,130000
2.0002823,1.2546208,0.24789639,5.634764,2.2280543,114999
4.7696543,3.6401398,1.4332186,7.014181,5.214175,198000
0.18607876,0.070150904,0.9785558,7.7455416,1.4366436,69000
1.0725126,0.08141039,1.556548,8.448854,3.1011927,145000
4.3173885,1.7727125,1.6800747,6.984356,3.6156845,197760
4.332303,1.7526927,1.6905082,6.975346,3.5757844,150960
0.70082873,-0.07503161,0.16633558,8.490181,3.4670053,134999
0.15324962,0.16027488,1.1421614,7.7572756,1.1831256,86000
-0.45724288,0.94726413,1.1897274,4.016199,3.2650409,112500
1.4390385,0.52964085,2.928205,8.147863,2.6532123,99900
10.012721,0.57246655,2.044246,6.785736,3.3895226,135000
9.499391,0.5369389,2.1639762,6.395039,3.0022466,196800
0.16330719,0.44297907,1.400313,8.040614,2.078176,116000
3.0185149,1.7516955,1.5395163,7.029355,3.9750965,54545
9.360639,0.22254488,2.276573,7.1838045,3.2448387,125000
10.481363,0.30272466,0.88880855,6.696061,2.955612,121990
1.0481594,0.07245639,1.5428094,8.482548,3.0924737,145000
-0.10195672,0.14186925,0.8173549,8.424858,1.9059573,75000
-0.11594091,-0.09149496,1.1158131,7.7222257,1.2443787,91900
10.094519,-0.08268218,1.888399,6.1801634,4.0039635,68000
3.0062025,0.2763052,1.9054868,7.157406,2.6226525,225000
10.652345,0.6824283,1.5717313,8.132147,3.5547743,298000
9.7789955,0.3329243,0.97233415,6.1921306,2.8470936,65000
1.0643771,0.100651205,1.5529139,8.470152,3.0998883,141500
1.0695771,0.22622964,1.4605473,8.455234,3.2477484,136000
2.3819115,0.9567284,1.371818,7.184005,3.6679256,250000
8.774812,0.8489236,0.9264805,6.102115,3.4131486,75000
10.332539,0.3111025,1.566198,6.5069413,3.4231887,105000
10.362442,0.6266309,1.8510966,6.829623,3.1125352,69900
9.3169565,0.37354815,2.2924633,6.99248,3.290493,187000
9.23728,0.28241688,2.2900898,7.0958405,3.2833962,172900
9.28426,0.19121313,1.932434,7.396319,3.5341284,259000
2.0245767,0.9760174,1.2524918,7.0436854,3.4970264,423000
9.928723,0.2982121,2.0713987,6.389113,2.8169568,115000
1.454295,1.022834,1.609485,7.065944,2.5678787,129000
9.679222,0.6702463,2.460811,6.941287,3.4678762,134900
10.496782,0.62234116,1.6835624,7.721099,3.3599946,399999
9.256819,-0.16402593,1.8648224,7.6645365,3.268367,167000
1.3380126,0.26874673,1.5533943,8.23226,3.35489,548900
0.007851462,-0.063414425,0.654807,8.353324,2.1807969,112000
1.3750956,0.96271557,1.8334429,7.639738,2.8120284,197056
8.3810625,0.5936317,1.2895391,6.8981256,3.7249346,319900
2.4623792,0.46514785,1.6375151,7.3164554,3.4241476,599000
10.402172,0.2714397,1.0241969,6.5505004,2.859369,139500
9.853562,0.5019907,2.0535753,6.2934866,2.774104,62000
9.244265,-0.27307066,1.9111148,5.8550816,4.186438,125000
1.1073905,0.23316008,1.2290888,8.11039,3.4890146,265000
9.413419,0.053584136,2.1140387,6.4631543,3.5108552,109000
2.1797862,0.8267217,1.3837713,7.2316203,3.544571,410000
10.003276,0.05671701,1.7644527,6.272652,2.758244,71500
10.223215,0.56071466,1.8607157,6.7563367,3.1441193,90000
1.3901421,0.9577345,1.8014475,7.6069903,2.8014212,216000
9.801547,0.28733036,1.9930322,6.6909423,3.6560645,160000
-0.01767993,0.15384977,1.1921706,8.284008,2.0499954,97000
0.30859932,-0.3313001,0.3827327,7.786366,3.5167933,95000
0.31895977,-0.32132247,0.39556345,7.7732415,3.5448918,95000
2.0248144,0.6403568,1.5202816,7.551732,3.6558797,359900
10.189199,0.2075756,1.6764575,6.504999,3.7448077,96000
1.0983753,0.16778864,1.5073965,8.436811,3.2449257,119900
10.015766,0.66871816,2.0123487,6.2606845,3.0528238,88000
-0.3397144,-0.120179474,0.06487821,8.759009,1.3351017,99900
10.47981,0.5311251,1.4308317,8.046583,3.6169531,195000
0.39592195,0.27400964,1.4307327,8.368674,2.130134,114000
10.365468,0.3601506,1.7701175,5.624074,3.117813,65000
3.9991164,1.587056,1.7101554,7.0002,3.3277442,159900
8.962659,0.14395036,1.9881932,7.031183,3.7921598,245000
9.286954,0.28872094,1.9407338,5.6335945,3.979024,98500
0.18644111,0.20673695,1.7924652,5.170637,3.990165,108000
-0.17145155,0.044808242,0.55123013,8.603902,1.866771,107500
0.6214937,-0.1957498,0.8513021,7.77988,2.9515774,135000
1.244318,0.2642161,1.6237783,8.354201,3.2469885,244000
1.3404369,0.98777723,1.6690152,7.275716,2.6781247,170000
10.385687,0.38381892,1.5162897,6.5343404,3.0393162,159500
8.9326315,0.37775743,0.9546138,6.3290944,3.4155674,137000
8.345909,0.5759372,1.9773742,6.6535616,3.4736276,245700
8.280037,0.55533653,1.9216467,6.6159744,3.4276404,245700
8.263961,0.55523837,1.803478,6.551063,3.385308,245700
8.258033,0.5533829,1.8158493,6.5512333,3.3815413,245700
8.252815,0.5536852,1.7978835,6.5568147,3.3875542,256700
8.307421,0.5453765,1.8173108,6.5887017,3.4409368,256700
10.033589,-0.46241122,1.9996333,5.947788,3.6236475,77000
-0.8546385,0.015538755,0.6626893,7.8786073,1.9620137,87000
8.310655,0.5621592,1.9618398,6.6397333,3.452483,256700
8.332133,0.5586615,1.9716774,6.6400924,3.4574218,220200
0.72716284,-0.09303589,0.25037548,8.479239,3.4974337,186999
8.260336,0.551542,1.826404,6.5695953,3.3886333,220200
8.249508,0.55286527,1.8113432,6.554316,3.378658,220200
8.277657,0.5745167,1.9340888,6.5965066,3.4377518,317700
8.461159,0.5839538,1.9741527,6.6835423,3.5533097,317700
1.7086859,0.36719736,2.9610813,7.9814653,2.973542,175000
8.23892,0.5727578,1.841169,6.5271306,3.3737993,317700
8.380688,0.55028164,1.9709672,6.6653776,3.5161836,204000
8.871268,0.2803308,1.0197346,6.294461,3.158547,111000
9.410254,-0.0012813444,2.2995255,7.1619053,3.5310972,128000
8.991756,0.7177507,2.2086685,6.7016506,3.5134988,277000
-0.105827264,0.31672573,1.0201641,8.361737,1.9519291,123500
10.428543,0.31805587,1.5000074,6.509794,2.9879599,85000
1.1175609,0.30380145,1.4734051,8.362008,3.2302897,179000
9.996132,0.6733036,2.0450375,6.3027205,3.0754945,68000
9.737821,0.6737551,2.4683685,6.939184,3.4326558,145000
8.661842,0.36050388,1.8879789,6.9144998,3.72665,220000
1.4604286,0.49694142,1.1607926,7.3971095,3.5506325,220000
1.0238664,-0.017624147,1.2912425,8.369112,3.4512463,97000
2.171106,1.6163163,1.3150687,6.765042,3.1567135,93900
-0.28352427,-0.10590997,0.104139425,8.728283,1.4066715,82000
-0.070356935,0.19225697,0.6904958,7.9481673,1.074989,57990
1.0659763,0.09998742,1.5322746,8.465794,3.119969,145000
-0.20829156,0.20895778,0.91435343,8.006872,2.0352252,70000
10.584491,0.66563064,1.6925217,7.7115192,3.3533866,120000
0.47236076,0.3169332,1.4869739,8.07643,1.5343312,109000
0.7219916,-0.4399851,0.053621765,8.433325,3.6914482,110000
8.956001,0.5432299,2.1575258,6.286003,3.193327,172000
2.1032124,0.5563726,0.7976956,6.6600027,2.7573333,250000
10.508073,0.6235852,1.6657829,7.7221456,3.3819184,135000
9.311823,0.0650368,1.8206697,5.7309055,4.186974,123000
-0.3277828,0.060733385,0.8456624,8.090856,2.1848814,170000
-0.072372206,0.27102348,0.9505995,8.549277,1.9711046,155000
10.581575,0.5590568,1.3743323,6.938777,3.433473,120000
3.5682678,1.4951121,1.6561222,7.009849,3.2052872,155000
10.45782,-0.13751273,1.8177713,5.970207,3.328688,115500
10.353115,0.20933324,1.616928,6.461971,2.8296864,139000
9.765025,-0.012544426,1.5799414,6.296116,3.1184967,125000
3.954294,1.5754961,1.7085238,6.9982376,3.3084886,215000
4.015785,1.6231977,1.7535356,6.964364,3.2787244,145000
1.3800503,0.57494646,2.8478334,8.195286,2.649108,139900
9.050822,0.33391935,1.0125071,6.29846,3.5333421,139900
9.523918,-0.513319,2.304217,6.862221,4.1192603,125000
9.078464,0.24233717,2.1805499,7.0635147,3.5314002,250000
0.74943215,0.46173596,1.6986825,8.198678,2.2368538,204000
0.9698446,0.10075977,0.60668874,7.867195,3.5965965,209990
1.9502276,1.3449384,0.24596566,6.2162266,2.0001814,76955
2.136077,0.8048527,1.3046525,7.2641087,3.6770113,610000
2.2085302,0.8074426,1.3097082,7.272592,3.7130542,399000
9.698294,0.6703902,2.472695,6.953506,3.4755278,145000
2.1459239,0.80362374,1.4899629,7.4280567,3.5664964,649999
-0.48998067,0.09444291,0.61362803,7.6519523,1.947301,44900
9.858103,0.52661914,0.9867972,6.696545,3.3076503,129000
2.4420922,0.84008914,1.37388,7.21665,3.7082503,620000
1.3856918,0.31257945,1.5073513,8.237479,3.4235997,350000
2.3182473,0.7153416,1.3761375,7.288955,3.8043792,680000
1.9446315,1.3957044,1.2997923,6.8229694,2.8357995,209000
2.2358384,0.59396005,1.4292217,7.407168,3.905655,685000
2.1741076,0.60872966,1.4385102,7.417405,3.8882382,685000
2.6474671,0.93082744,1.4813273,7.288177,3.6220965,590000
9.829731,0.24899799,2.3858888,7.02292,3.919093,144900
0.7334136,-0.20900822,0.6585565,7.780614,3.7174332,170000
0.7307737,-0.41257322,0.793897,5.076548,3.9036179,167000
-0.569905,0.26901007,0.15918551,9.064252,1.4504107,84500
9.766389,0.41661102,2.0925503,6.8783555,3.5012836,150000
9.1703005,0.6217626,2.399943,6.328138,3.3652647,160000
1.9627635,1.3441527,0.24755521,6.2019353,2.0046058,76955
-0.15422505,-0.9975659,1.1369007,4.2054014,1.9068907,64000
1.4681878,1.1185844,1.3676327,6.8241434,2.7171574,179000
1.1170933,0.13059723,1.5334787,8.439734,3.2262177,139999
2.3822615,1.0884697,1.636876,7.062444,2.6063254,170000
1.9283637,1.2442032,0.37852523,6.2626214,2.3357708,118948
10.487779,0.30009618,0.8831985,6.696294,2.9439569,75000
9.127913,0.19178537,2.0646937,7.1408997,3.7659726,249000
0.73061943,-0.47287002,0.055779327,8.458741,3.7226381,118000
9.303777,0.35302985,0.8583435,6.1807632,3.0345986,78000
0.40241775,0.28961894,1.3430613,8.497661,2.0882819,119900
10.665629,0.59422344,1.4840851,7.0040865,3.3083751,104000
0.06422675,0.25094622,1.1714709,8.160259,2.1071575,120000
-0.11318488,-0.7525571,0.7952205,4.277015,1.8055903,60500
-0.09517517,-0.7540112,0.75585234,4.2542615,1.804584,77000
0.8449729,-0.0702387,0.8831645,5.3446307,4.5751543,112500
9.385284,-0.34090155,2.2584767,6.954562,3.9236615,134900
1.9624718,1.279297,1.4452002,6.8937225,2.8482368,209330
1.1852926,0.32978958,1.564865,8.343987,3.229323,260000
10.507914,-0.14107235,1.8132243,5.961757,3.3020654,65000
0.31310567,0.011003042,1.1342353,8.129771,2.196246,88900
0.6229733,-0.11846296,0.9674363,7.93467,2.8282588,125000
1.0964016,-0.048600174,1.2827187,8.4512825,3.4908195,115000
1.281663,0.7391881,2.0157998,7.091322,2.636535,225000
1.9861265,1.003427,0.7180787,6.4348106,2.1226852,135000
-0.04980917,0.2775206,2.012593,4.9546833,3.935044,98900
-0.26727593,0.9302589,1.226349,4.3659067,3.0770824,88500
9.071812,0.27686808,0.95683694,6.1830525,3.16572,74800
9.13165,0.5225873,2.2075984,6.313668,3.0712593,83000
1.9301077,0.7159819,1.9010017,7.0917687,2.7387638,108500
4.3295426,2.2279775,1.5338583,6.9338,4.2700205,280000
-0.34356493,0.9408091,1.1176522,4.095919,3.159163,95000
1.2356613,0.25837284,1.6238885,8.360345,3.2379794,247000
1.6501205,0.5118831,1.389129,7.5067616,3.581804,360000
2.4649758,1.2365415,1.4521563,6.9999714,2.7235117,91990
1.4726238,0.55410075,1.0805495,7.395747,3.456601,239900
9.346731,-0.2390136,1.8828058,5.8951173,3.9257872,104900
2.6428187,0.9800778,1.6417345,7.2322407,3.0191374,254900
9.466789,0.083442435,2.0824912,6.3417544,3.3753972,126000
9.363467,0.199673,2.2495978,7.1811037,3.2258356,227000
-0.026599849,0.2987402,1.2952658,8.21581,1.9049764,116000
1.7168609,1.1824636,0.5923414,6.4759765,1.949478,134998
-0.095712185,0.36096886,1.2428154,8.1342745,2.000105,105000
4.059043,1.6210623,1.7407382,6.977246,3.3161037,115000
0.6949211,-0.07860483,0.71679235,7.878896,3.7922213,119000
0.8710962,0.016676432,1.0485991,8.281255,3.7349389,119000
9.651914,0.48294622,2.2142608,7.007719,3.170798,115000
10.373209,0.46840078,1.4642706,8.051456,3.5771399,194000
10.101621,0.35090253,1.6850225,6.3845906,3.3082159,110000
2.4033532,0.51474035,1.5829878,7.3634896,3.9230587,240000
8.216744,0.2943533,1.7838205,6.7739124,3.1431131,395000
10.178663,0.5674898,1.9234884,6.680575,3.0282128,139000
1.3087107,0.29755878,1.322611,8.032588,3.432849,350000
10.323177,0.47235292,1.4885865,7.9615655,3.5512106,235000
1.9501987,1.4001012,1.3115224,6.826352,2.8556156,209990
8.988566,0.46283928,2.0715063,7.0970345,3.4611738,475000
8.743913,0.65977967,1.0747151,6.273271,3.5808587,65000
8.110577,0.51534516,1.6122646,7.276864,3.8225017,790000
9.114881,0.43462276,2.1605241,7.14734,3.4677424,400000
8.653549,0.4962344,1.9368885,6.861258,3.7129085,360000
9.298959,0.1092852,1.9792033,7.422332,3.5419624,185000
9.17419,0.28068146,1.9649409,7.1707406,3.3664677,120000
0.5975335,0.36508343,1.6829946,8.249668,1.6234086,65000
0.57549626,-0.15591365,0.6195252,7.7733502,3.751361,165000
8.445885,0.4379412,1.96462,6.3452034,2.9850042,72000
-0.07225169,0.013624635,0.6728315,8.492806,2.1622527,120000
2.1008759,0.38176396,0.8569464,6.6689024,2.7513545,199000
1.5421681,0.8172026,0.13129726,4.94208,2.6194966,100000
9.311817,-0.03140141,1.6303744,7.644418,3.4804635,135000
1.573601,0.87543267,0.13877241,4.980483,2.57562,89000
-0.10281185,0.06526212,1.0906895,8.281936,2.0099833,117500
2.6417446,1.3575921,-0.109940335,5.687419,2.232408,59000
9.735993,-0.2508633,2.4014218,6.8869977,4.2225165,93990
-0.35266927,0.5116694,1.808064,4.7712717,3.5101535,121900
9.543844,0.24061908,1.6962941,7.429787,3.4666224,135000
0.6365986,-0.25565696,0.75397384,7.7295675,2.9467223,149900
2.7662673,1.2175214,1.6619236,7.085664,2.913937,179500
10.069185,0.19329031,1.8857126,6.298762,3.0768514,124500
1.357016,0.4297772,2.0434103,8.085363,3.159718,265000
9.447124,0.48373416,1.5389457,5.6845994,3.4914901,99900
-0.31594673,0.09413772,0.46857584,8.63863,1.6050274,95900
0.6837786,-0.39900744,0.083638385,8.418277,3.6529856,142900
2.2742212,1.3827626,0.13859373,5.709668,2.255972,137490
-0.32083163,-0.107446015,0.095556304,8.74504,1.3796268,124990
-0.06416064,0.18241148,0.7128756,7.9071364,1.1016018,69900
10.282967,0.29288548,1.2400692,6.562283,2.9296749,104900
10.481187,0.3152504,0.8491833,6.703869,2.976892,138990
-0.24170674,-0.099915184,0.12985536,8.722118,1.5315819,137900
-0.29249373,-0.12120733,0.076028824,8.745786,1.3930883,134900
-0.20919856,-0.08857535,0.17671725,8.706929,1.6456074,121900
0.71320057,-0.235811,0.06425851,8.53263,3.5572205,138900
1.9680095,1.3162193,0.21712175,6.211389,1.8013929,149900
9.479969,0.18765661,1.3714068,7.7410054,3.605034,148900
0.7339745,-0.0040727896,0.24616589,8.395147,3.4659462,159900
8.831397,0.38117167,1.2260392,6.922273,3.6366544,188900
0.72862226,-0.46706477,0.06081274,8.466617,3.7244112,157900
1.1696314,0.092919566,1.2461939,8.063523,3.5483017,248000
8.884649,0.82145077,1.7316502,6.044477,3.456612,170000
9.729009,0.6779717,2.4673548,6.938446,3.4320202,156000
2.9473612,1.4180928,1.338945,6.9654794,3.0251708,184990
10.013766,0.45793363,1.0713342,6.653792,3.1433728,210000
0.9903133,0.15106417,1.3656919,8.545294,3.103001,200000
0.114870645,0.3274896,1.1541469,8.338791,1.9646592,179000
8.956802,1.058152,2.7964146,5.833728,3.4531665,59000
-0.5018125,0.10616043,0.6225955,7.628148,1.923276,76000
10.265598,0.35180053,1.4226143,6.5436754,2.999493,210000
8.809983,0.54408073,1.0211021,6.358867,3.5353909,155000
8.749812,0.52676904,1.0175124,6.509929,3.6065483,255000
8.793356,0.63111454,1.864069,6.2335315,3.0490134,144999
10.01548,0.46717957,1.867434,6.3915114,3.1765885,187000
0.116274774,0.44887385,1.2784464,7.899382,2.1080067,174800
1.1970041,0.22017457,1.2066007,8.191661,3.6132066,299800
9.325729,0.5232653,1.8481028,6.1180534,3.4501579,115000
1.0952269,0.22485258,1.2412074,8.145964,3.4815557,265000
9.230541,0.3829173,2.2879438,6.987302,3.3011055,247000
0.66038704,-0.091856256,0.6986422,7.8271565,3.8264136,165000
10.138553,0.51798046,1.9801886,6.6578913,2.8939116,119000
10.255025,0.3913117,1.2902943,6.586923,3.3378236,155000
1.5062842,0.57749104,3.1065269,8.273248,3.0458999,169000
8.249877,0.6520253,1.7471913,7.038116,3.7094731,379999
0.92824835,0.39145088,1.5044832,8.589329,2.7597826,125000
10.121303,0.02576206,1.8667655,6.2886977,3.0889416,119900
0.7991754,0.07272371,1.30742,8.095613,2.7844048,227000
1.1976801,0.23778081,1.8066354,8.062865,2.7963588,299000
9.374802,0.30834034,2.323969,7.076623,3.224364,119000
9.605341,0.15098393,1.4290615,7.847668,3.5294354,160000
8.58988,0.5979371,1.4379506,6.998518,3.7709892,339900
1.3277048,0.41035536,1.4674487,7.3717637,3.5840101,163000
0.49872774,0.27815616,1.5266312,8.2436,1.6898363,93000
1.1186547,-0.058996577,1.2221342,8.389429,3.5494723,164000
-0.016203795,-0.073573336,0.738885,8.305635,2.095139,129000
9.773678,-0.26479772,2.0113187,6.0568957,3.8067338,68800
1.6100909,0.7097654,1.3952854,7.4748197,3.3660607,199000
10.567576,0.64005786,1.6286379,7.701104,3.4401963,115000
10.520221,-0.13454163,1.8100302,5.965866,3.3067222,97000
0.46389458,0.34536332,1.4935776,8.329538,2.0592477,159000
10.546073,0.59672743,1.5110415,6.2933745,2.984893,67000
0.59752345,-0.22093497,0.65569973,7.780694,3.6559372,111000
10.157961,0.39057148,1.8037839,5.924077,2.9127414,75950
-0.5662919,0.26586232,0.16286294,9.059507,1.4528213,84500
10.059468,-0.010502908,1.255792,6.3087673,2.5066717,124999
10.063848,-0.024595413,1.2408879,6.3015184,2.4944282,106999
0.5653085,-0.2402556,0.7814745,7.644591,3.05223,145000
10.359121,0.23800811,1.0143108,6.5423794,2.798451,97999
9.707954,0.48421574,1.2544566,7.1399074,3.6382766,215000
0.7889651,0.0045323274,1.1507508,8.075004,2.8888526,300000
0.3184841,-0.14084929,0.8127282,7.9152045,2.3829868,177990
0.29799205,-0.06797545,0.96578574,8.061975,2.319594,152000
-0.27184904,0.035076603,0.4878499,8.648692,1.7923907,125000
10.684221,0.65125144,1.343257,6.8143935,3.3385973,66000
0.5844179,0.35366428,1.6607361,8.252207,1.6202513,83000
0.47745293,0.35031745,1.5543834,8.188092,1.7512859,54999
4.592224,2.236786,1.4695332,6.9571204,4.396447,224900
4.744669,3.585002,1.4512389,7.019447,5.171589,185000
4.7615805,3.6274478,1.4391085,7.0169134,5.20364,172000
0.56200546,0.16039687,1.3532213,8.20491,2.2716365,133900
0.55094063,0.22984603,1.4241112,8.211518,1.9973586,98500
0.43500075,0.06259952,1.1675323,8.133274,2.229499,79000
10.568283,0.55042404,1.3756515,6.866748,3.392549,128990
8.167169,0.17514743,1.729208,6.8206944,3.0483727,330000
9.847947,0.41035965,2.0533671,6.81644,3.417498,107000
2.046827,0.78441095,0.704943,6.407247,1.9911631,165000
3.7406719,1.4557464,1.6294546,7.044122,3.365004,289000
4.404548,1.8637184,1.6515505,6.980049,3.76627,395000
8.102767,0.94098014,1.6048415,6.9443917,3.8925526,140000
3.0384724,1.7537848,1.5368282,7.0347924,3.994063,80991
4.1753397,1.6522311,1.7171726,6.984249,3.4077694,179500
-0.21752885,0.06684525,1.088607,8.199822,2.041944,110000
2.340945,1.1495616,-0.007452537,5.6822686,2.3796687,115500
1.460137,0.71688575,3.419238,8.570286,2.547396,73550
2.3241675,1.0945768,1.6152717,7.0496163,2.5967922,149990
10.075265,0.4538759,1.9153721,6.5606656,3.4404452,85000
0.5441456,-0.4547276,0.87645304,4.9463916,3.0981126,120000
9.371839,0.330322,2.2938154,7.04009,3.2006755,120000
9.629624,0.15874842,1.4339987,7.8201103,3.5228863,124900
9.982191,0.39917013,1.900411,6.1015716,2.7763228,85000
10.586102,0.6137569,1.5081425,8.217457,3.5968728,290000
0.03870712,0.29019868,1.1278394,8.344226,1.9920727,129000
9.23933,0.17311105,1.6088079,5.6852803,3.7873924,145000
9.840199,0.47688723,2.063981,6.314723,2.7810562,59900
9.77502,-0.5050009,2.3621554,6.6008596,4.457317,105000
10.272535,0.24876182,1.251383,6.540141,2.9064221,91990
8.597261,0.39318913,1.8682821,6.8856983,3.709899,250000
10.123895,0.5643115,2.0275135,6.708857,2.912985,119999
10.783503,0.6525713,1.344869,6.6783333,3.161342,99000
8.4228735,0.54510045,1.6095123,6.9457817,3.7311249,609899
10.270866,0.24354985,1.7146542,6.483002,2.8264985,154999
8.949067,0.5051301,2.120634,6.893412,3.5295048,260000
8.459123,0.40935254,1.6750576,6.901269,3.6086352,345000
9.328427,0.02959152,2.0360546,7.4263263,3.4266937,195000
9.986505,0.13972802,1.2867279,6.1484623,2.5520391,58000
9.071109,0.72249264,2.4930882,6.11682,3.1218617,105000
-0.18867022,0.11287931,0.74787515,8.400242,1.9345112,134000
8.188308,0.84556353,1.5716362,6.736544,3.4460797,260000
10.594149,0.3628213,1.0693649,6.647235,2.919093,99700
9.31154,-0.21958087,1.8608252,5.953363,3.9282024,84500
1.2534163,0.44091314,2.4012432,8.004866,2.5449998,133000
-0.1377276,4.5839537e-05,0.6695564,8.4772215,2.0381174,135000
9.735108,-0.258933,2.4125714,6.853967,4.2648273,123500
9.738026,0.46951675,2.215182,6.4761295,2.8561122,105000
-0.051290408,0.29713205,1.9836202,4.9652705,3.912639,91360
1.429678,0.74377084,3.4411838,8.602514,2.5508776,117000
9.365505,0.3121114,1.3527306,7.803969,3.7401896,147900
1.986711,0.77406055,0.6777452,6.57509,2.4180686,169900
9.434783,0.4611333,2.3120682,6.9322786,3.2623148,198500
-0.33155775,0.033105478,0.44338867,8.7356615,1.7531583,116900
8.929968,0.7660458,1.184549,6.0419745,3.3595493,93000
-0.3848287,0.8409723,1.0935783,3.955555,3.330591,89000
0.94335175,0.018264398,0.9051968,5.5291214,4.470171,134000
-0.49524584,0.9389176,1.2629899,4.055067,3.2794,96500
8.630477,0.62861276,1.610205,6.307396,3.3176746,200000
0.37466687,-0.12158855,0.9289326,7.8317385,2.3758388,119900
1.2448275,0.4462226,2.417296,8.012336,2.521685,133000
8.442029,0.60098004,1.3068211,6.9395733,3.7797961,330000
8.063896,0.37290996,1.8950329,6.662919,3.100157,330000
9.114785,0.5895008,2.268744,5.699854,3.930131,109000
-0.06699744,-0.03412387,0.3488755,8.386167,1.2720621,79900
0.5879194,0.35660133,1.6695205,8.255717,1.6287838,83000
0.34883723,-0.3290881,0.3756555,7.7846217,3.546955,136500
9.677101,0.4062104,0.8269133,6.1926136,2.9233134,69000
1.1693577,0.16513598,1.3037845,8.012602,3.441366,242900
0.13866903,0.14688952,1.1490406,7.773572,1.2310472,55000
10.275514,0.27447718,1.6048964,6.3889513,3.3677976,109000
9.521634,0.16989903,1.3707776,7.8085966,3.5988796,105000
0.7959993,-0.28335536,0.9730371,8.283815,3.554187,95000
9.806662,0.38752592,2.1708856,6.492572,2.8487678,101500
2.1031432,0.56622756,1.5224661,7.231691,3.7880738,432000
9.236427,-0.19060084,1.8523402,7.698637,3.2680967,134900
2.6887264,0.46025485,1.8079256,7.147327,2.7748816,228000
1.0953084,0.294938,1.4485617,8.425256,3.1787772,150000
-0.100604504,0.42104053,1.3074751,8.075987,1.9029076,115000
8.932672,0.97311527,2.760416,6.014277,3.359614,126500
9.153612,-0.11571455,2.0105972,6.12528,4.207678,198000
2.3726423,1.3483601,0.0125729,5.6915684,2.2253528,76230
8.769463,0.24249183,1.3382124,6.336986,2.8137043,229000
10.429938,0.311605,1.3818744,6.575562,2.9133265,144900
8.809301,0.78007233,1.2177054,6.044987,3.3650727,200000
2.0542798,0.80373496,1.5611808,7.2316318,3.2360418,290400
2.0185585,0.91852987,1.4247342,7.21036,3.425259,297660
10.211058,0.15077433,1.4472696,6.4445467,2.771343,119000
1.5696821,0.7194994,1.6134098,7.746619,3.2664955,249900
-0.53462416,-0.17577583,0.69393396,8.023089,2.1945817,144900
1.2723734,0.4837216,1.6187667,8.2032,3.2282615,181999
10.468311,-0.07588689,1.7569416,5.860837,3.4335887,90000
9.04191,0.56664926,2.2460833,6.3147397,3.182174,75000
9.642473,0.42019448,1.9627123,6.59654,3.4734008,160000
10.651745,0.36453453,1.0703442,6.6608806,2.9181032,265000
10.127355,0.46871975,1.8589551,6.3480597,3.141562,85000
0.93846494,0.38102967,1.4981941,8.578378,2.7907014,124900
0.57984704,-0.36880782,0.78274286,4.87472,3.1208596,88000
0.83359635,-0.027358161,0.9737525,8.527045,3.6825557,92000
9.990347,0.40575382,1.912166,6.1329722,2.7741392,52000
8.581816,0.4990772,1.3298682,6.7619605,3.617176,130000
1.0377436,0.13549106,0.671513,7.8181953,3.6211193,128900
4.7280774,3.556052,1.460589,7.0220027,5.1466813,185000
1.9572643,1.2079782,1.5299194,6.8146243,2.5524206,193000
0.36154613,-0.38671112,0.25314322,7.954373,3.518129,94900
1.528954,0.22666025,0.7951159,6.9069138,3.274111,165000
0.78726846,-0.2893473,0.92654425,8.297406,3.5269067,155000
10.03418,0.21958724,1.6252131,6.124182,2.680508,65000
3.2210438,0.1247967,1.9741744,7.190338,2.5578356,359000
10.691184,0.5936701,1.3964567,7.19945,3.4415953,225000
3.044114,0.19355866,1.8748693,7.1365743,2.6014276,453772
10.683817,0.6798563,1.5197037,8.21025,3.6079497,178000
0.9018095,0.37193325,1.4833896,8.56341,2.728092,129700
10.732288,0.6289354,1.3685364,7.0157256,3.397561,79900
0.27022538,0.2706418,1.2371322,8.464126,2.028812,120000
0.8824315,0.056643587,1.0988287,8.414371,3.5143385,135000
-0.17364712,0.062356085,1.0889865,8.225295,1.9971987,88000
9.203974,0.26625857,2.0178797,7.3215604,3.47631,170000
8.829069,0.2603409,1.331947,6.797788,3.4318175,318000
0.092990555,-0.15931384,0.7431395,8.029328,2.3125942,120000
9.250301,-0.05290251,1.9521313,7.4722157,3.4420385,152000
1.5155557,1.100003,0.9395284,6.564555,2.4638236,79000
-0.55429846,-0.107933246,0.5878397,7.773324,2.154249,71499
9.945053,0.23872787,1.9640243,6.3518057,2.7346296,120000
10.539942,0.6552298,1.7144232,7.7415566,3.3584523,179900
10.058981,0.10667623,1.8791723,6.303613,2.983766,127000
9.929487,0.1629153,1.314535,6.168542,2.6022565,73500
-0.052819803,0.122012444,1.2130563,8.226216,2.1021793,85000
1.4697767,0.688085,1.7055467,7.8712263,3.2090037,150000
8.526052,0.7977701,0.9911745,6.317273,3.4928277,149500
9.36567,0.364748,2.3225484,7.0231013,3.190592,220000
1.6883428,0.60293645,2.002358,7.279207,2.70913,176600
0.71129394,0.42141402,1.6678283,7.701399,2.309835,220000
9.043548,0.5511556,2.330957,6.3087916,3.1124566,127500
8.503767,0.5668677,1.6673348,6.8119283,3.6209588,295000
-0.20582873,0.20728874,0.82590294,8.189613,1.9422565,69700
1.6023356,0.4595443,3.3341384,8.244973,3.3023593,230000
1.6217645,0.4444267,3.3994257,8.260355,3.3368812,122800
10.351261,0.47351235,1.4738166,7.978378,3.5636644,199000
1.7331452,0.6273271,2.0040612,7.2937603,3.0146728,129000
1.9575222,1.100258,0.46083462,6.205779,2.2025452,125000
0.9368858,0.14242932,0.6431223,8.018267,3.5211744,165000
9.076994,0.6833715,2.235113,6.7366414,3.4930904,295000
0.89233214,0.40790054,1.4829592,8.607012,2.719721,120000
0.69650084,0.40692547,1.5919825,8.278034,2.267897,235000
9.312405,0.49760604,2.1068568,5.691272,3.8544474,73900
10.088276,0.56918025,2.003066,6.76314,3.3760977,79900
10.376652,0.62777776,1.8694301,6.839745,3.0451264,64000
9.581694,0.26892835,2.1551523,7.039731,3.400402,110000
0.26242617,-0.32134894,1.267899,5.1869483,3.2082136,153000
0.27631366,0.34707746,1.4862843,8.214113,1.9362411,69950
9.647259,-0.24163152,2.0050635,6.5553265,3.4828937,124888
9.194177,0.06328122,1.8763195,5.7144194,4.029123,114900
9.751053,-0.5029182,2.322099,6.581537,4.351413,89900
9.15375,0.5342449,1.6418842,6.0937514,3.2017062,119000
8.993192,0.9901385,2.7390234,5.9299464,3.3495805,148000
-0.2324308,1.1859757e-05,1.0586741,8.156315,2.1402962,200000
0.60371697,0.366529,1.6890696,8.251228,1.6195964,68999
10.595277,0.32388824,0.99296343,6.6135774,2.8653376,95000
2.1637647,0.7010162,1.3711218,7.1518936,3.6748455,395000
0.6325071,-0.014589792,1.2530318,7.5526767,2.5680542,195000
0.5333677,0.32282576,1.4509946,8.202084,1.8674229,79000
0.83009034,0.49782977,1.7436532,8.146681,2.2684665,147000
2.1077824,1.5601271,1.3472811,6.7927012,3.0955312,215000
4.3771477,2.1289768,1.5759503,6.9795566,4.1437497,349000
4.900223,1.5379449,1.7093438,6.9124627,3.4672909,275000
10.484107,0.6245119,1.6920748,7.8209395,3.432994,168000
3.1293225,1.3279471,1.6884406,7.0708785,3.039281,180000
10.59772,0.6310836,1.5139133,8.194242,3.6005545,209900
10.108844,0.44044414,1.567886,7.922084,3.5749507,545000
9.326884,0.33896455,1.6240958,6.060008,3.952464,225000
0.58328444,0.35218352,1.6648743,8.256733,1.6080927,62000
9.965239,-0.031744063,1.9603962,6.2707014,3.001766,99900
1.8135167,0.6165777,1.4873667,7.4123135,3.618787,359900
4.8642144,1.5681185,1.7038907,6.9155064,3.4880116,270000
9.1202965,0.34653684,1.9094868,7.1336293,3.4115553,99999
9.787589,0.533309,2.0391712,6.258985,2.7527823,76000
1.9693868,0.8754946,0.6369959,6.44846,1.8871585,127000
1.6054376,0.46308723,3.3357174,8.257781,3.2748554,145000
0.6652256,0.43434715,1.6494676,8.254713,2.1893928,153000
10.216558,0.5087272,1.8796583,6.413941,3.0812001,99490
3.2880945,0.11713751,1.9049972,7.117326,2.5004525,122000
10.140235,0.39522347,1.2553437,6.7994356,3.4483867,103000
10.356946,0.36074156,1.7626,5.6280265,3.1457703,61500
0.8753601,0.4138255,1.4844385,8.604951,2.6819735,147990
8.822592,0.8660893,0.8820832,6.0281987,3.395765,42000
8.578889,0.37945193,1.7438596,7.182733,3.789708,480000
1.9217384,0.8686329,0.56018436,6.5628614,2.6461537,169900
1.4608591,0.7136779,3.4097495,8.561196,2.5528493,85124
-0.21938138,-0.099263914,0.13904953,8.717969,1.5500513,110000
0.45555848,0.26672876,1.5133483,8.346109,2.1273246,109900
-0.21618076,-0.0787399,0.17337249,8.713132,1.6196944,123000
0.17700617,-0.20981182,1.2990199,5.27663,3.0551372,105000
10.60115,0.5954296,1.5862281,7.0896096,3.2288282,108000
2.09496,1.1681856,0.31757587,6.044521,2.1604726,106000
0.82369506,-0.39294428,1.0305563,8.46519,3.53168,115000
1.6152374,0.7133169,1.5697145,7.638871,3.3737102,363000
1.0604645,0.13269393,1.4764924,8.494905,3.1528068,190000
-0.17894332,0.27031896,0.90861756,8.350517,1.8243775,124500
8.827312,0.5302147,1.8277395,7.282623,3.592166,188000
9.649266,-0.7075088,2.4787042,6.853505,4.4195166,114990
10.623218,0.68360645,1.6356137,8.087543,3.491164,175000
10.186882,0.15603113,1.1264629,6.489001,2.820667,123000
9.609668,0.38838127,0.872893,6.1900306,2.9474092,95000
0.9004661,0.012694856,1.1319019,5.74837,4.221573,248000
1.4594972,0.71804863,3.4133022,8.56735,2.540987,73554
8.101387,0.5116657,1.6093574,7.2568307,3.8149102,385000
9.214007,0.24996908,1.4794171,7.6551895,3.7241557,164990
1.1657407,0.0057326523,1.2116998,8.32534,3.5492408,250000
0.6021749,0.36629623,1.6908077,8.243955,1.6187105,62000
9.576394,0.30052292,1.9780264,6.9661007,3.463359,110000
9.329484,0.039818615,2.1932185,7.3108873,3.3281426,129900
1.991147,1.1047082,1.40459,7.005558,3.1589859,365000
10.115144,0.5233392,1.8941828,6.6649675,2.9740434,129900
-0.554454,-0.1573301,0.6993166,7.9636836,2.195601,84900
-0.56361735,-0.16546781,0.693708,7.9656024,2.198358,84900
0.6563406,0.51009274,1.6806918,6.3624544,2.567263,106000
1.0490996,0.08456993,1.5579027,8.470407,3.091425,145000
9.307636,-0.09863027,1.8294346,7.653043,3.3689198,136000
-0.2888985,0.34414127,0.9375597,8.18544,1.7762859,78980
9.553074,-0.45078996,2.149435,6.5397277,4.431064,149000
10.137576,0.5648168,1.9890318,6.700817,2.9668832,122500
-0.14897953,-0.21136135,0.70932233,7.981784,2.3176818,110000
2.200233,0.10647071,1.6537267,7.1714272,3.249716,254800
9.335775,0.33747396,2.313278,7.0019174,3.2221098,209000
10.0586,0.16473559,1.8013164,5.8833776,2.8048036,38000
1.3037714,0.50071645,2.5099494,8.050677,2.669629,130000
9.969612,0.66303545,2.0191388,6.22153,3.0166347,105000
9.4189415,0.20732152,2.2814078,7.1149898,3.3915036,99000
9.377264,0.09254058,2.1131032,6.523614,3.443797,124900
-0.047767818,-0.006526938,0.35220033,8.40138,1.2664225,60156
9.718843,-0.5236945,2.3643403,6.578886,4.466442,125000
0.85243434,-0.3822435,1.0744677,8.489481,3.540316,115000
-0.2386744,0.01119785,0.17986135,8.764467,1.7271831,82000
9.943109,0.3063951,1.8498311,6.4564548,2.7912927,91700
10.5913315,0.3269989,0.98009396,6.6206074,2.870502,140000
0.6996428,-0.23107623,0.0646041,8.530939,3.5432377,133998
10.621056,0.62688583,1.4875215,8.277424,3.6218717,167000
9.537766,-0.01985596,2.0927277,6.479072,3.7156913,99000
0.82922876,0.05200383,1.0201963,8.389307,3.569896,149000
10.144813,0.17837329,1.8347615,6.382228,2.7778683,75000
9.380108,0.30856714,1.3598458,7.789285,3.7271144,147900
1.547397,0.6766528,2.1366365,7.5097623,2.681475,182900
9.846402,0.2955733,1.9609177,6.252249,3.179522,98000
0.4374621,0.2776665,1.3685968,8.46567,2.1090336,119900
4.2864466,2.1923497,1.5044514,6.961778,4.282317,195000
10.723647,0.5853903,1.3456231,6.7492385,3.1834097,135000
1.4114463,0.7016012,3.1713345,8.426885,2.6960506,119998
1.4477614,0.73009247,3.4293506,8.589538,2.5445256,102000
0.74798566,-0.014998629,0.6949792,7.872346,3.686602,107000
10.431533,-0.029358016,1.7450955,5.918381,3.420681,90000
7.9629264,0.54719913,1.5886157,7.2974625,3.836026,349000
9.2527485,0.23574132,2.133652,7.1908703,3.6368067,160000
9.719195,0.28678665,1.9276016,6.4611516,3.4084322,190000
1.1027617,0.19706918,1.2093449,8.103458,3.49372,237900
8.309101,0.46077946,1.7252418,6.988907,3.5990858,525000
9.7203665,0.675521,2.4659116,6.940327,3.435979,151250
-0.016460031,-0.00056892604,1.1834812,7.8618484,1.4200386,49000
9.248398,0.027434533,1.7721765,5.6471176,3.944891,156900
-0.55431116,-0.17087069,0.69776446,7.980751,2.1988318,88900
0.56544065,0.32616258,1.5498885,8.304343,2.2137065,150000
9.342143,0.14449093,1.812163,5.651226,3.8438063,104500
8.436594,0.49653962,1.6631744,6.29499,3.0821779,119000
9.9196205,-0.052996986,2.0179207,6.5162883,4.216696,127000
4.992033,1.4871018,1.6985521,6.927673,3.4818208,590000
2.3659244,0.64966404,1.4713569,7.3254023,3.824134,545000
0.05924746,0.031769685,0.6966928,8.519031,2.360452,99000
10.321893,0.19766305,1.6019986,6.4324417,2.8811827,125000
4.9905005,1.4843049,1.6816547,6.942564,3.4957867,525000
0.05784376,0.089597076,1.3209761,8.244739,2.0570302,63000
2.4365003,0.51909435,1.5690378,7.372289,3.9334152,875000
1.5018526,1.1440915,1.42289,6.8875933,2.755816,199000
10.341242,0.439306,1.2710807,6.8469872,3.4756722,160000
-0.26950216,0.060139798,0.9855874,8.147755,2.1417134,180000
1.7206289,1.1641562,1.4456418,6.859591,2.7574592,339000
0.60955524,-0.16688125,0.086281955,8.716769,3.5707476,139000
9.976711,0.23449245,1.9091599,6.322925,2.800557,123998
0.1969003,-0.21766035,1.2754148,5.2676945,3.058819,105000
10.33345,0.6966602,1.7846215,5.8790016,3.188641,81900
10.138398,0.3990652,1.2137406,6.7858434,3.4599357,122000
10.572643,0.6641096,1.6991549,7.7461495,3.3595307,178000
-0.06978984,-0.030808916,0.35754943,8.397089,1.2957762,90000
10.573004,0.59921575,1.4649699,8.118886,3.6105592,178000
1.8806854,0.9939118,0.57905996,6.4576607,1.8500452,128000
1.0982451,0.16479008,1.4957975,8.448874,3.2400937,134000
-0.07772246,-0.033328306,0.34175846,8.415443,1.3112818,74990
0.7054191,-0.25170228,0.05550921,8.5205,3.5631413,139000
9.650797,-0.7648363,2.523073,6.9007297,4.4320626,125000
8.159822,0.573733,1.4440187,7.2123556,3.8815475,480000
-0.2539538,0.051823545,0.9807245,8.196045,2.1468232,185000
9.646998,-0.7424468,2.512527,6.9020348,4.4168987,124900
10.391739,-0.06867559,1.8047005,5.875109,3.403998,107000
9.069501,0.61741906,1.9041668,5.9945025,3.3960757,116000
2.227356,0.58490247,1.4380486,7.404576,3.8678281,700000
9.699848,-0.26870936,2.004103,6.0319915,3.80433,31000
1.1845385,0.51895416,2.223483,7.9650354,2.4500058,78960
0.7234289,-0.39990222,0.03344468,8.481539,3.6625612,130000
9.642975,-0.7709191,2.533207,6.917217,4.4392,125000
10.625748,0.51396996,1.4457818,6.888225,3.1283636,80000
1.2396666,0.52971715,2.2749405,7.9859576,2.5418062,131610
10.465616,0.3328494,0.9190986,6.7022576,2.9874468,93500
1.4832922,1.1607423,1.4172773,6.868924,2.7097487,179000
9.375943,0.10753005,1.7001175,7.548132,3.5302663,108000
9.646025,-0.7483773,2.5172029,6.912055,4.4196434,125000
0.98997486,0.10439083,0.72441643,8.098852,3.5532656,339900
1.2657138,0.41980743,2.0409815,7.921213,2.6916237,177840
8.647773,0.56209135,1.1971835,6.862137,3.7389753,149000
10.001061,0.61156815,2.0324984,6.5366335,3.115907,118000
0.4488709,-0.010178204,1.152286,7.9598417,2.4697354,78000
8.117503,0.5386586,1.5137457,7.26736,3.8742378,350000
9.6965275,0.6310178,2.4023013,6.934443,3.414299,95000
1.0790278,0.035633318,1.4617689,8.435927,3.2716143,119900
0.43496314,-0.33598664,0.9302703,4.8204336,3.1271534,120000
9.950545,-0.22056304,1.9948577,6.105837,3.1081824,83000
0.9978723,0.44717488,2.0748725,8.061468,2.2212873,72900
1.1403135,0.3355612,3.084596,7.156894,3.0003417,162500
10.696358,0.5922807,1.4115478,7.025856,3.3743744,68000
9.247379,-0.013471266,1.9802268,7.4858036,3.4140189,159999
0.46424448,0.10354164,1.2327807,8.28617,2.2618506,119900
1.1722366,0.3345399,3.1388662,7.2418647,3.0156589,162500
-0.13683906,0.30293754,1.4888607,4.867722,3.1088307,129900
1.1931381,0.5227727,2.2401638,8.008899,2.5293126,166870
0.81733567,-0.123989545,1.0109792,8.239697,3.5658228,139900
8.6675005,0.17284702,1.2787113,6.3795257,2.8446064,120000
8.05991,1.1270142,1.5735722,6.7731333,3.942299,60661
2.002864,0.8559129,0.6812126,6.3888893,2.0452683,178000
1.2312226,0.54582196,2.2739472,7.984777,2.5182078,144730
9.032074,0.6653906,1.7394651,6.1073227,3.3426583,120000
-0.40976188,0.88197553,1.1302189,3.992356,3.314187,86364
8.965326,1.0794631,2.8199172,5.8621726,3.4111383,122000
1.4788579,1.0863297,1.2497241,6.66261,2.7302582,296000
1.6532226,0.62062985,1.3022,7.3984632,3.5354152,360000
0.92173326,0.1415837,1.159664,8.620057,3.1011803,230000
1.7003037,0.76193905,1.2594585,7.2370253,3.532379,315000
1.0053877,0.3838796,2.032202,8.0808935,2.4225988,194900
2.2574825,1.1135857,1.253683,7.0526714,3.5333598,184500
2.3474047,0.8243646,1.3944051,7.248454,3.7410827,585000
4.9150095,1.560657,1.6665573,6.8747225,3.4669938,99900
-0.49816126,0.8716641,1.3704499,4.1571884,3.3268902,106000
9.350732,0.095029995,2.2256203,7.262302,3.2720666,92500
10.079399,-0.5351058,1.954405,5.846118,3.890745,59500
10.048687,0.35876727,1.3034688,6.8057737,3.3497608,122000
0.83957773,-0.33082518,1.0703571,8.454124,3.5236008,140000
0.108877115,0.042416096,1.2308793,7.8494587,1.3336141,57500
0.029241603,0.1055899,0.56080824,8.647042,1.914685,124000
1.2140337,0.3333454,1.887429,7.4936705,2.934773,150000
3.1427186,0.15188515,1.9154005,7.1511917,2.5494971,400000
0.9067036,0.40310192,1.48169,8.601524,2.7393153,137000
-0.38447985,-0.043732055,0.87835085,8.04264,2.1594076,200000
2.518656,1.3150192,-0.11473099,5.698632,2.23538,79500
2.555958,1.4426519,-0.045988586,5.6470227,2.2294893,59500
0.71763057,-0.117210396,0.26610413,8.481036,3.472284,139000
10.586855,0.6105225,1.5062844,6.3469915,2.9958768,67000
1.1920584,-0.049919333,1.0111487,8.1627,3.716867,293000
1.4459028,0.7394186,3.4490736,8.610503,2.5258694,117990
0.8909798,0.12737082,1.1460508,8.616844,3.0763984,160000
0.86946005,0.49549797,1.8733693,8.168234,2.3084266,130000
10.375892,0.3350433,1.7781675,5.609791,3.1220267,49000
9.935465,0.23585626,1.9594523,6.349945,2.776649,119000
-0.21752608,-0.0095736105,0.39488968,8.672043,1.9183131,122000
9.693494,-0.3654086,2.4295154,6.902476,4.2553706,109500
10.490435,0.6040175,1.6944473,6.748428,3.0315063,75000
0.83243835,0.036806505,1.0190761,8.433636,3.644062,160000
1.4418074,0.79981416,3.6148257,8.743303,2.46622,85124
-0.016885232,-0.24611229,0.6904262,7.8376737,2.4549432,69000
0.6992913,-0.099387966,0.14577061,8.490883,3.4862773,134999
0.6786847,-0.12767954,0.11014294,8.544567,3.490176,149000
9.302444,0.020682482,1.84419,5.564096,3.9314103,72900
0.8087707,-0.36557028,0.29905593,8.390579,3.6767762,175000
-0.5293618,0.21019793,0.7935765,7.6146884,1.9116898,89900
8.696975,0.47527352,1.9832488,6.7816195,3.7109401,290000
10.243202,0.123185754,1.7384927,6.2466,3.236729,109900
1.5017517,0.6085503,1.9654408,7.548806,3.2961943,129600
9.16243,0.6724052,1.0011588,6.14339,3.2394714,130000
-0.09688952,-0.012133825,0.3494446,8.4625635,1.3833916,80000
9.267281,0.61422354,1.6700746,5.8195333,3.3616698,219636
9.990028,0.6268196,2.0716794,6.507115,3.1159194,116000
8.701346,0.41279343,2.1662035,6.613537,3.1286101,240600
9.135896,0.29841477,1.9937023,7.316009,3.4923725,160000
8.723525,0.58940035,2.287737,6.548378,3.3193426,285800
8.752631,0.5699943,2.2961988,6.5662255,3.313201,285800
8.776067,0.53393614,2.2563088,6.5671134,3.2918134,196300
8.785833,0.5524537,2.2712946,6.541078,3.2784312,196300
10.029566,0.67221785,2.0217109,6.2614927,3.0789132,25500
9.87898,0.45241073,1.8762219,6.3754663,3.4914832,125000
9.297554,0.3525027,1.7945385,7.400533,3.534662,149999
8.849182,0.5036415,2.1866488,6.3238964,3.0580628,171200
9.6491995,-0.74675786,2.5173593,6.9139905,4.4183135,84000
-0.3622969,0.67114073,1.675013,4.6938257,3.364337,79500
0.4586662,0.30998018,1.5398587,8.297651,2.1143906,120000
10.695925,0.68913835,1.5296232,8.274454,3.6045375,269936
9.748592,-0.18078844,2.374836,6.8912535,4.2080693,98000
9.248299,-0.18126984,1.8333251,7.7021747,3.284817,134900
1.9019718,0.81221783,1.1960208,7.2606444,3.6100366,375000
1.9916786,1.3892987,0.18551393,6.153182,1.8846564,52444
9.458333,-0.09260388,2.069579,6.325069,3.7435184,99000
-0.15902196,0.2671391,1.2513417,8.181401,2.0418487,97800
8.83297,0.6226728,2.2726967,6.3157735,3.2356842,161900
8.855946,0.62906086,2.2926009,6.3187404,3.2272553,161900
9.325288,0.19837695,1.9041218,5.6511726,3.7993453,135000
2.4841182,1.5540619,-0.12277635,5.6903396,1.9876057,52500
-0.29875672,0.039203197,0.5596628,8.11208,2.2426305,123000
8.732579,0.47952604,2.1317139,6.2911224,3.0151112,160200
8.83608,0.48706195,2.1908908,6.3103466,3.0036173,160200
0.30195877,0.25547886,1.2476797,8.504046,2.03061,114899
9.537363,-0.16355966,1.9799356,6.062806,3.7312295,84990
0.955402,-0.012811905,1.2702613,8.504218,3.2425952,130000
2.0264783,1.265273,0.32643977,6.104569,2.267537,65000
-0.14835346,-0.040426645,0.19430275,8.712877,1.7349364,98000
2.155897,1.0102029,1.5939106,6.8823805,2.4479785,299000
8.947114,0.4478954,1.766582,7.0586467,3.4670577,229000
2.188852,0.6211729,1.414973,7.3975616,3.8252113,395000
0.50264275,0.35256895,1.523724,8.331611,2.0625112,133900
4.275936,2.1899378,1.473779,7.0101504,4.3583384,420000
2.075048,1.2606715,0.30316532,6.056188,2.243403,77444
0.5978152,-0.11054228,0.08270397,8.691288,3.5019352,124990
9.792232,0.5425032,0.92735523,6.677253,3.2622032,155000
8.889843,0.6363985,2.3025935,6.293179,3.2092752,139800
0.16677305,0.17952321,1.1347582,7.7444077,1.1556824,80000
10.128988,0.40202814,1.2184296,6.767307,3.4510024,97500
10.115601,0.4007711,1.2040768,6.7790484,3.4464812,125000
10.091417,0.13206834,1.7546266,6.3330917,2.6881425,113000
10.152017,0.41197583,1.2148914,6.792989,3.4562378,116500
9.567493,0.55453837,1.1724707,6.5460067,3.5301456,98000
1.7269037,0.48110452,1.7723739,7.876747,3.5287848,335000
9.907946,0.52795035,2.0177763,6.237724,2.7986736,49500
1.3081023,0.89478976,1.8291676,7.691471,2.7546651,169999
10.3051605,0.24449894,1.6870731,6.4568014,2.91565,86000
9.615642,0.39744622,0.8199587,6.179627,2.9382043,40990
8.920223,0.23740219,1.3160939,6.3353777,2.9818099,139000
1.8763919,1.3369893,1.1704476,6.763493,2.7549074,140000
7.9208975,0.3674584,1.9606851,6.6077,2.9888458,400000
0.4717089,0.26504055,1.4850415,8.221116,1.6963271,114900
9.299105,-0.06792348,1.859831,5.564168,3.9663575,72800
1.0827167,0.23580028,1.202487,8.143906,3.494964,238000
4.9391274,1.5351208,1.7137871,6.912545,3.4633765,315000
9.925434,-0.26188862,1.9956291,6.1027403,3.1304572,89980
-0.056378037,0.29897538,1.9282782,4.959521,3.8457694,100840
0.9542494,-0.104937114,1.2269601,8.28463,3.4688492,100000
0.95537394,0.13311973,1.2240577,8.36775,3.4387066,120000
9.3111725,0.13386053,2.2026308,7.2524085,3.5538583,117000
9.361435,0.30506662,1.3598236,7.798552,3.7334983,147900
10.58646,0.31557065,0.95199186,6.61577,2.8520026,109500
0.8968168,0.0852803,0.9617132,8.081504,3.7555518,160000
1.2472336,0.4687522,1.8349892,7.973396,2.926588,266000
-0.038709786,0.2798212,1.9348965,4.9753985,3.8424225,105000
0.5837996,0.3492601,1.6035988,8.18877,1.7224836,98000
10.595255,0.51633567,1.3589869,6.8054504,3.2460485,149000
8.838401,0.9776617,2.6396842,6.265343,3.538272,178000
-0.4348631,-0.036488134,0.78389484,7.991184,2.192516,145000
1.3294468,0.25882593,1.5098841,8.267627,3.3877306,364000
-0.0665048,0.13010618,0.7427799,8.375768,1.4196105,88000
-0.47251213,0.19173823,0.77741194,7.5063457,1.9234128,73000
2.0694697,1.0864421,1.714525,6.995171,2.5630643,199900
8.309635,0.5893274,1.6912082,6.390565,3.305653,174000
9.982232,0.442522,1.8512834,6.3634577,3.1903784,230000
8.156061,0.44380224,1.8894018,6.4617558,3.0173082,169900
0.47519127,0.3007075,1.3882366,8.4027,2.1226726,160000
10.441607,0.30596215,0.9314176,6.676143,2.956884,93500
0.29102716,-0.31559843,0.3636276,7.7775087,3.5280423,74900
-0.2537833,-0.097792625,0.113973126,8.740292,1.5104479,75000
9.354695,0.002205467,1.6885833,7.6025414,3.5042417,133000
9.940122,0.31263462,2.0487902,6.4098015,2.8678555,110000
2.4392886,0.4914438,1.5642248,7.3922105,3.960635,649000
2.42447,0.76530755,1.4140992,7.2711244,3.7837152,749000
2.016018,0.88101906,1.2642134,7.214147,3.5296504,395000
4.116278,2.1948345,1.4593079,6.959817,4.3158803,163000
9.215871,-0.07217104,1.8928208,5.6727023,4.1058497,73780
-0.39428815,0.944536,1.1766319,4.109691,3.1935484,71470
3.0065937,1.7473674,1.5418986,7.0262737,3.963997,68925
4.983361,1.5082949,1.7113844,6.9062567,3.457203,199000
-0.47260985,0.22749652,0.23110285,8.926708,1.5104386,115000
9.240183,0.094179034,2.1923153,6.089308,4.219747,160000
10.28613,0.53436834,1.7844155,5.76014,3.3617654,37000
4.5273323,2.1954668,1.4660524,7.0005007,4.3914666,435000
9.114535,0.6239711,2.2032597,6.2857614,3.2079287,184000
-0.18426348,-0.040072978,0.37890303,8.624639,1.8645902,110000
8.660836,0.2691735,0.7965373,6.251708,3.2979364,92500
10.069793,0.20592593,1.8179668,5.9208474,2.8518105,34000
8.455649,0.61139923,1.4895973,6.3077965,3.2807205,230000
9.60396,0.42440164,0.8284319,6.1710935,2.9601796,69900
9.15283,0.32002166,2.2327178,7.020316,3.3920982,254500
9.195916,0.37352312,0.8373519,6.1823125,3.194296,55000
10.431895,0.58652663,1.7630012,6.6473227,2.949488,46000
10.333055,0.60098684,1.786414,5.714433,3.2517164,58000
9.220356,0.55026925,2.2428315,6.8286867,3.4651022,269000
0.72874206,-0.45587358,0.07683283,8.434816,3.706643,159998
1.9686066,0.9177902,0.670521,6.470412,1.9842422,115000
2.7130992,0.35126558,1.8051326,7.231838,3.085604,395000
-0.349825,-0.127528,0.0547396,8.763568,1.3148347,72000
2.6927183,0.35839653,1.7997156,7.2308927,3.090744,395000
9.960459,-0.51581955,2.0289888,5.9793324,3.9648259,74800
-0.055171736,0.2848692,2.007199,4.95256,3.9229133,109000
8.105726,0.5213881,1.5966564,7.2608585,3.8224187,790000
8.923178,0.5077133,2.2195024,6.294079,2.9955018,133300
9.323229,0.47715038,2.2825322,6.873855,3.364079,225800
8.8052225,0.48927683,2.1965516,6.289909,2.9620204,133300
10.340104,0.37427375,1.2516693,6.7554593,3.2376325,88000
8.866493,0.5082908,2.2268128,6.2938333,2.9732904,133300
8.832377,0.628952,2.269223,6.304282,3.2101133,119800
1.7605265,0.7915781,1.3425857,7.2758446,3.544786,265000
-0.4414696,0.09663413,0.58173394,7.6070733,1.9574459,91490
1.0163606,-0.044809796,1.2924209,8.230419,3.433131,137000
8.508447,0.49418163,1.6291246,7.125291,3.7984958,365000
2.2890167,1.158789,1.300851,7.0331535,3.4287715,200000
1.3873554,1.1026722,1.5797658,7.0350156,2.8064392,169999
1.8585651,0.9305527,0.64432776,6.6688833,2.6851377,304000
9.306845,0.5227965,2.2231834,6.8957005,3.4237275,160000
2.6617458,1.3050003,1.3293139,7.036585,3.0695615,249000
0.55755126,0.3671421,1.3289957,8.246152,2.245848,77000
8.390858,0.4846288,1.7558162,6.3490853,3.0702224,179700
2.4715827,0.9269735,1.592379,7.353881,3.0940275,400000
3.9231985,1.521685,1.6639014,7.023085,3.340456,180000
8.676742,0.4053089,2.1581876,6.628812,3.1268911,284800
2.3837047,1.4136248,0.08188302,5.6987953,2.254267,77000
-0.35751662,0.89460576,1.1785061,4.1390514,3.2224722,75500
1.9905683,0.86672735,0.68940836,6.493508,1.9351037,139200
9.271881,0.21466482,2.2629857,7.1724215,3.2420156,149999
2.3061988,1.4593283,0.026405226,5.856561,1.9403223,51990
1.5806661,0.479925,3.247301,8.21975,3.0688813,175000
4.8110023,1.5686749,1.7218221,6.9127917,3.4455633,175000
8.8712225,0.77412003,2.5444646,5.905937,3.9461446,288000
8.972936,1.0676806,2.8076725,5.860668,3.413496,77900
1.0947057,0.22378874,1.2046626,8.125327,3.5130966,238000
1.4221629,0.5321311,2.8792124,8.1199255,2.6460383,120000
9.655864,0.40885586,0.82914966,6.194416,2.9374173,69000
4.216793,2.2261448,1.4934822,6.9418373,4.3044105,160000
0.6412335,0.14267287,1.3602407,8.134963,2.4343486,173000
9.191987,0.310679,0.89878064,6.3925037,3.2115974,114999
0.4668132,0.2932642,1.4080139,8.355222,2.1724124,235000
0.36811033,-0.10420506,0.94335794,7.8960576,2.368868,124000
0.9482808,0.086960435,0.8694725,8.09941,3.8356273,188900
9.988678,0.45537686,2.0692017,6.4377418,2.919714,55000
0.6528238,-0.39512482,0.075149864,8.502936,3.6863017,119500
10.479637,0.31212622,0.9138934,6.701502,2.9679122,96900
1.0762002,0.056891162,0.9748267,8.318399,3.5848875,390000
0.13085549,0.44915763,1.4291894,8.010532,2.0618043,119899
10.038569,0.528694,1.9676788,6.4878845,3.074252,73200
8.813942,0.24245161,1.3155216,6.8170524,3.430302,165000
-0.28261426,0.007351606,1.005521,8.13422,2.1110158,85000
9.367613,0.064304926,2.2308352,7.2023077,3.6421566,140000
8.657816,0.3954979,2.151665,6.641062,3.1246936,240600
2.3683183,0.54199916,1.5093356,7.371859,3.9394307,625000
2.0418093,0.9818557,1.2552418,7.114301,3.5211666,200000
0.06028917,-0.006321304,1.2104416,7.800796,1.3178438,109000
8.449503,0.53469616,1.7152942,7.0886254,3.787847,307000
0.33311632,0.24155247,1.2633245,8.489701,2.0328658,126000
1.4814256,0.8138621,1.0512325,6.390995,2.362933,175000
1.4301666,0.74719775,3.4573421,8.612427,2.5503623,80500
10.253593,0.15180199,1.6953052,6.2111497,3.3321507,130000
-0.48706242,0.07420983,0.5954056,7.678198,1.9995048,75000
10.103674,0.55609745,2.035868,6.697015,2.903913,155000
0.78262776,-0.35993093,0.98201907,8.3074665,3.5823407,90000
9.790949,0.47154602,2.2245436,6.5143905,2.8549237,85000
0.6096022,0.38946262,1.4140164,8.328862,2.2787895,79000
7.992101,0.6774156,1.51918,7.101972,3.7540061,374000
2.0370584,0.8102193,0.74434245,6.4414835,2.0122366,250000
8.4971285,0.28792125,1.890966,7.1195927,3.5668201,349000
8.054069,0.60550356,1.4897183,7.167691,3.8102362,374000
0.80483407,0.013177383,0.3575208,8.35208,3.4908824,240000
4.264559,2.2330844,1.513377,6.9330273,4.2842,179000
8.74916,0.5262048,2.233789,6.577781,3.2907417,196300
8.506659,0.61969864,1.1792022,6.7531323,3.717281,220000
-0.3065374,-0.11874086,0.07685843,8.744297,1.3827065,126000
1.1188271,0.21788226,1.2363217,8.089787,3.5039673,238000
1.9268402,1.2199819,0.35148504,6.24103,2.3184707,139900
9.195372,0.3302532,2.1820629,7.089002,3.5139027,238000
9.717687,0.16223137,2.3844285,7.056149,3.878485,105000
0.46415207,0.26650175,1.4491237,8.407993,2.1217518,163000
2.753291,1.3196455,1.2621815,7.0283446,3.2003245,299900
-0.24380639,-0.08862579,0.15929422,8.716962,1.5472118,74500
-0.2885343,-0.22409031,0.6681633,7.903687,2.322916,80900
2.0179603,1.2560962,0.22355694,5.5938134,2.261149,100000
8.81077,0.22702277,1.9134237,6.898866,3.8753762,249000
1.9585351,0.8708385,0.70320505,6.448459,2.012223,150000
8.621457,0.42810166,0.9194782,6.289312,3.4230995,139600
9.316087,0.12325762,2.227353,7.2946906,3.34246,123000
2.1378214,1.1527783,1.5665565,6.8931704,2.61314,119900
9.003248,0.8459058,1.4901372,5.8047986,3.3444557,117999
10.444787,0.61959136,1.7385974,7.812941,3.3893917,169000
10.061541,-0.02910679,1.2429196,6.2951183,2.4780407,99000
7.869919,0.31523296,1.9517026,6.6928105,3.0015836,299900
9.52709,0.084183596,1.413118,7.8968477,3.54095,132000
0.95723987,0.022677086,0.8561961,5.484078,4.484945,100500
10.068197,-0.027717855,1.2411131,6.2944765,2.4701662,99600
10.131434,0.097850226,1.1985066,6.4053817,2.658234,122000
2.024542,1.2529125,0.24171767,5.614241,2.274484,134000
8.88631,0.34263593,0.9843904,6.2779036,3.3108716,140000
9.071788,0.3073551,0.87685055,6.198154,3.1561253,75000
9.032512,0.69976836,2.1680532,6.686016,3.5279155,220000
9.302457,0.68121874,1.85542,6.109657,3.4286175,81700
9.026548,0.7807344,2.4098117,5.811043,3.6180625,129500
1.9172328,0.568435,1.5668067,7.5679636,3.7362175,350000
10.615342,0.5320652,1.5000949,6.9948125,3.134404,150000
9.248506,-0.26176566,1.8957882,5.7445264,4.16631,79500
8.559066,0.77283955,1.0846937,6.2859707,3.4934642,148500
8.353999,0.6517362,1.4118001,6.8758974,3.699148,220000
-0.40762264,0.86176664,1.1177466,3.9762022,3.3224647,88500
9.919106,-0.051008016,2.0221026,6.526431,4.215891,127000
0.6534462,-0.1852502,0.88427573,7.795985,2.9499016,134000
-0.54968417,-0.17551365,0.713765,7.9696317,2.1903374,107000
-0.112073846,-0.23989385,0.7083423,7.926763,2.3409653,65000
10.062286,0.5753445,1.9867085,6.490211,3.054936,64500
10.368379,0.23257664,1.5215256,6.352008,3.0747397,97000
8.307313,0.5816754,1.1911819,6.778868,3.7027528,209000
1.111093,-0.0049255113,1.1841199,8.421824,3.581914,139000
-0.4048598,0.54291546,1.811534,4.7411156,3.4346895,120000
3.9200482,1.5114436,1.6551565,7.0148077,3.3696184,202000
2.6656997,1.0803962,1.5892321,7.161762,3.025407,199000
8.9374695,0.7411691,2.1590686,6.61273,3.5239687,160000
9.74164,0.66362137,2.4985845,6.9573874,3.474116,115000
10.534963,-0.16341536,1.8158052,5.923904,3.3337564,70000
10.306058,0.48037183,1.7268125,6.65892,2.9777353,139000
10.242532,0.5091782,1.7521634,6.178242,3.0676227,79900
9.02058,0.45952484,1.8152503,7.0654216,3.512852,152000
0.051434577,-0.018153688,0.70456743,8.436795,2.2546048,108000
-0.2393042,0.20324476,0.77184063,8.412793,1.7420406,112999
0.7505418,0.021539215,0.6849879,8.654441,3.2481155,204999
0.57781136,-0.015719812,0.6826337,8.596654,3.065046,114999
0.44647336,0.29051873,1.3987658,8.441378,2.079896,124999
-0.28975448,-0.13805702,0.061287083,8.728052,1.3815275,92999
10.059028,0.6305084,2.0681095,6.639677,3.092612,92500
-0.05392405,-0.029935021,0.38329023,8.333057,1.2974861,69500
4.2284365,1.6823615,1.7120454,6.9819202,3.4516182,115000
4.0683446,1.6176869,1.7290696,6.984689,3.3399005,120000
8.6823635,0.15140915,1.2527485,6.3882775,2.8070076,169999
8.954485,0.15493084,2.0480258,7.1082845,3.5732892,247900
0.7393793,0.44144943,1.6759529,8.223343,2.2357197,239000
2.3057027,0.5647989,1.472797,7.4070477,3.9207354,459999
10.501041,0.301725,0.9861415,6.644712,2.9120624,134500
-0.053219613,0.43673652,1.3043475,8.032818,1.9920064,117000
10.052052,0.029071806,1.8871454,6.2784295,3.022221,138000
9.640737,0.4067454,2.0709958,6.5654464,2.8411422,108900
9.257049,-0.1683992,1.8818176,7.6604385,3.2487185,120000
9.817082,0.43165025,2.148199,6.4731407,2.8708057,119000
1.4427669,0.7214008,3.3820333,8.553854,2.5780368,125000
10.315768,0.3390997,1.4294773,6.5176563,3.0114167,115000
0.9935968,-0.08027835,0.91828644,7.971468,3.5403585,240000
9.735807,-0.08146478,1.9957951,6.13651,3.0907984,120000
10.492814,0.3076004,0.8566884,6.7062063,2.979067,92800
0.8734897,0.47954032,1.8386085,8.155855,2.3088655,195000
0.098451436,0.45533597,1.271032,7.885036,2.1062067,176000
0.8269275,-0.029447196,0.97840405,8.518518,3.6830351,119000
2.002952,1.0261729,1.4384722,7.14755,3.5780046,138000
8.784995,0.25550643,1.3616217,6.889791,3.4744112,365000
8.754493,0.17260258,1.2482226,6.367712,2.919274,140000
9.781075,-0.49527287,2.3410916,6.5758233,4.446505,95000
2.12931,1.303042,0.26534894,5.960133,2.2553332,134800
2.2061615,1.330111,0.21473709,5.881453,2.2349362,129900
0.73111266,-0.47202975,0.05415149,8.46801,3.7260118,83000
1.7540387,1.220831,0.5696607,6.466692,1.9859657,124999
10.102098,0.26595634,1.6914551,5.9812555,2.7922232,69000
-0.14408639,0.37313592,1.8976103,4.8891077,3.7760375,67000
0.1489243,0.240504,1.8091872,5.1340604,3.9984639,102000
4.760481,3.6260176,1.4407473,7.0172834,5.2015767,117000
0.13876446,0.24566855,1.813178,5.124258,3.987065,108100
1.8401306,0.36635646,1.7529714,7.028332,3.9232373,145500
10.625531,0.67974675,1.6369298,7.9209433,3.4578018,150000
10.07987,0.24368758,2.0751987,6.3733044,3.492637,139999
10.171351,0.23743767,1.8504859,6.2646074,3.2810988,149999
0.20279801,0.242039,1.769276,5.1620073,3.844813,112800
0.02089325,0.32558084,1.804112,5.0192633,3.7990007,86000
-0.3031133,-0.063514486,0.19689588,8.696702,1.4570271,119500
1.0914145,0.1584618,1.4492677,8.342532,3.18502,164950
8.7474,0.47481066,2.1370146,6.313183,3.0429454,171200
0.28811118,0.23377362,1.2164901,8.514168,2.0270689,169000
-0.10152007,0.3421513,1.9241145,4.9238024,3.821429,140000
10.44776,0.5593106,1.5342376,7.4824514,3.5893013,82900
8.761745,0.2572193,0.88583994,6.26784,3.2776752,73000
1.9403139,0.9085674,0.66921383,6.4344053,2.094758,139000
1.6091208,0.44862896,3.350946,8.238186,3.2963407,157900
10.488841,0.30674773,0.8622567,6.698845,2.9643738,105000
8.819392,0.63129795,2.272016,6.3118887,3.2568994,161900
9.402371,-0.32753232,2.2543004,6.95055,3.9123402,143000
1.1131492,0.2322541,1.2187457,8.116238,3.4913592,238000
9.306928,0.07385378,2.1270714,7.3655815,3.4379892,134000
-0.28860396,0.023042353,1.0282853,8.160663,2.109792,120000
8.920551,0.93225366,2.5834112,6.2791777,3.4866045,169000
-0.16095117,0.11755522,0.7701091,8.396481,1.9239147,157000
0.7860471,0.055209406,0.8120643,8.719723,3.1576998,298000
1.0436196,0.08961024,1.5417216,8.47532,3.06597,227000
-0.05263104,0.12654105,0.7495485,8.391143,1.405827,76000
10.505103,0.30979365,0.854688,6.696469,2.962884,92800
8.2762,0.57634526,1.6985676,7.140509,3.7537405,447000
1.2623535,0.6449374,2.6104443,8.163962,2.5243933,69900
1.4817321,0.65113926,1.7081764,7.8793592,3.2439353,339500
0.7589046,0.4760423,1.7202812,8.191981,2.2322671,205000
10.604899,0.5435956,1.4883668,6.909145,3.2426472,135000
9.983229,-0.05429339,1.850303,6.33419,3.075057,93500
1.1603049,-0.06715922,1.2488878,8.382717,3.5363886,130000
9.171909,0.6576159,2.171377,6.2553773,3.2693658,105000
0.29554054,0.24762318,1.241394,8.500381,2.042593,124900
10.283069,0.48469454,1.5455012,7.93582,3.5664423,130000
0.48179945,0.3400078,1.5593855,8.150681,1.5956211,57000
9.021759,0.8447768,1.3962439,5.7518907,3.3167577,115763
9.066577,0.8139853,1.4563935,5.7588162,3.282116,115637
9.988628,0.32774177,1.8449523,6.01005,2.7820265,68500
-0.23966585,-0.0029411993,0.43377692,8.672331,1.8500557,99900
10.50787,0.32255208,0.86069506,6.7223096,2.9949474,92800
-0.28137797,0.45178774,1.8044745,4.880822,3.4839394,114800
0.6352426,0.42535144,1.6301818,8.250772,2.1517875,141900
10.575265,0.32304224,0.97201866,6.6177874,2.8565574,109900
2.3540015,1.399081,0.08721558,5.684889,2.254534,82499
1.2598089,0.31124756,1.6678951,8.327692,3.2228758,225000
9.284698,0.18176927,1.8236003,5.7055554,3.901908,105000
8.659752,0.18203455,1.3117573,6.641686,3.7207754,167800
2.2432535,1.2933403,0.19857153,5.8604226,2.139979,48990
10.5678215,0.29765135,0.9271191,6.6147,2.8236544,92800
9.265076,-0.1610269,1.8499358,7.678122,3.3030145,90799
9.839106,0.53431463,0.93145394,6.69526,3.2530794,185000
0.057640217,0.36369616,1.1917155,8.275476,2.008703,124000
8.933225,0.41358572,2.25108,6.799324,3.3375647,197000
9.782613,0.65573895,2.1623688,6.545795,3.190407,140000
0.68879926,-0.44627354,0.0416979,8.422331,3.6894052,124900
9.021431,0.96090406,2.7095618,5.903474,3.3646748,120000
10.335591,0.22962639,1.0209093,6.514731,2.770527,123000
8.5424795,0.6615203,1.1213965,6.3395886,3.3976033,105000
9.16224,0.616502,1.6538948,6.1726503,3.6514034,119000
8.625263,0.60856724,1.4439026,7.0030627,3.7679362,340000
0.5079768,0.33785823,1.4694726,8.212009,1.763739,71999
9.246797,-0.16646004,1.9793012,6.0587997,4.0342665,139000
10.496722,0.62857616,1.6907866,7.0946207,3.2852085,94000
2.0348423,1.3752755,1.33046,6.812168,3.1036634,265595
9.04459,0.81721216,1.5589617,5.804876,3.305144,128000
1.9806881,1.2630125,0.3368904,6.166144,2.2943552,53488
10.346449,0.6808995,1.7691528,5.7879167,3.2158654,51900
0.81393516,-0.109490246,0.9957686,8.189679,3.5684319,175000
2.4711218,1.5684793,-0.13228212,5.702296,1.9508089,48500
1.4228418,0.77632904,3.582017,8.696957,2.5021338,108000
8.7050295,0.46648845,2.1062493,6.319158,3.0066926,160200
0.8875617,-0.066327386,1.0947571,8.447359,3.5301116,134000
9.460963,0.53872305,2.0837014,6.271755,2.8944786,108000
-0.40238404,0.64798397,1.6831281,4.656588,3.2715375,91800
8.513058,0.66860473,1.1755075,6.312966,3.3923352,129000
1.6970229,0.52362776,1.2084023,7.373004,3.3219106,260000
9.324418,0.14110568,2.2226713,7.286769,3.3095398,125000
-0.05066026,0.28979826,1.9963806,4.9645333,3.9228055,110000
5.009624,1.5203907,1.7298692,6.8854084,3.43203,174999
10.4673815,0.6047976,1.6532971,7.834561,3.493215,195000
10.084004,0.60253716,2.0405378,6.805543,3.2892144,139500
0.5216816,0.2984618,1.496674,8.38474,2.140851,163000
2.028703,0.82229096,0.7109965,6.4271865,1.9928298,188000
9.335605,-0.060519967,1.6812865,7.576335,3.4522877,144990
8.233196,0.17909577,1.7585478,6.8219333,3.1219716,255000
0.699523,0.03803307,0.8397385,8.562281,3.1632051,140000
0.22605403,-0.29087484,0.33519968,7.7777743,3.4867887,138000
8.407637,0.47002336,1.7633941,6.3362193,3.0591385,175000
8.718386,0.47202554,2.1067035,6.285058,3.0066545,133300
8.280369,0.30604294,1.8386743,6.917633,3.3567293,325000
-0.1807685,0.39421287,1.8356394,4.9144316,3.6041684,108000
0.43626696,0.2816672,1.3733647,8.458162,2.1022723,145000
0.8451328,-0.40105772,1.0549874,8.455434,3.5419474,115000
8.916108,0.24803385,1.0270717,6.2950497,3.1535113,131499
1.2025293,0.28481525,1.6280515,8.369998,3.2061489,225880
0.7321012,-0.48198155,0.03789166,8.459603,3.7281344,100000
9.058476,0.62770855,1.7292572,5.9524884,3.6684768,153000
8.363551,0.4001195,1.8079218,6.953194,3.5137055,750300
1.5340657,0.09583594,0.9939995,8.030964,3.842079,445000
2.026553,1.2592468,0.31754103,6.0944567,2.2839227,77498
10.5423565,0.6402242,1.6915016,7.7204776,3.3462641,168000
10.050309,0.23738803,1.6812778,6.4273996,2.9671633,108000
0.9177723,-0.3098666,1.0811845,8.457983,3.5691776,129000
9.740406,-0.27344802,2.3984704,6.848953,4.272814,134999
0.7530414,0.04037777,0.74462163,8.740151,3.1608734,259000
8.717454,0.32738405,1.8402462,6.9172025,3.8298783,158000
1.9986619,1.1684923,1.540171,6.8206043,2.5412169,215000
9.7286,0.3735057,2.0500512,6.877593,3.4967723,148000
2.134076,1.2885454,0.13720798,5.5498133,2.2882605,71500
8.551533,0.5840631,1.8421818,6.9239206,3.710258,233000
9.75948,0.39720017,2.0390608,6.7468762,3.6784468,179000
9.23182,-0.122963786,1.8449724,5.5814457,4.08091,155000
9.182842,-0.12564522,1.9801722,6.005207,4.2156024,225000
10.109684,0.57380843,1.8386356,5.911673,3.0414252,94500
0.23129036,0.35039368,1.449859,8.230648,1.9605285,115000
1.022783,0.16752382,1.4635262,8.508917,3.0881503,125000
2.1347027,0.49134028,0.74971193,6.5419025,2.5186832,199000
0.1663701,0.23631203,1.7907165,5.147268,4.0041876,102500
-0.119267,0.36856565,1.8886305,4.9086385,3.7926605,96300
-0.14314526,0.37902793,1.8898578,4.8906074,3.7769735,86000
-0.14667685,0.37952808,1.900164,4.8904796,3.7819016,71700
0.7506837,0.46983123,1.7118393,8.195402,2.225059,239000
10.547974,0.65233165,1.7117877,7.691411,3.3285625,219000
9.233858,0.16206448,1.5749636,7.566956,3.6274705,155000
2.7016408,0.014474406,1.8217831,7.2864614,2.622517,245000
-0.1602173,-1.0213373,1.1582279,4.1801424,1.9180562,58500
9.518129,0.4684755,2.2030685,6.4248266,2.9086492,180000
-0.37267637,0.8541509,1.0885733,3.9881465,3.3319674,89842
0.2416412,0.26289767,1.1955503,8.52524,2.0604513,170000
1.5996503,0.69675535,1.2935355,7.3918324,3.3815172,222000
10.658847,0.6828629,1.5526843,8.127486,3.575195,210000
1.4271924,0.33969778,1.5424656,8.178916,3.4225464,349999
1.0340438,0.15742353,1.4270959,8.485481,3.1569436,116000
0.90557396,0.39465952,1.4417709,8.59049,2.776533,130500
9.247551,0.4527758,1.8504511,5.942279,3.0500634,67500
10.22957,0.5518899,1.7600005,5.936146,3.0808964,89000
9.555658,0.47505865,2.3080158,6.99076,3.2536504,133000
1.7001377,0.62804925,2.0591965,7.3865256,2.9912107,125000
8.303937,0.15389268,1.6260979,6.7493224,2.9962225,199000
9.056682,0.7440929,1.9380776,5.994918,3.4917126,89000
-0.4700729,0.21462502,0.22130583,8.932286,1.5242859,98500
2.0557353,0.9024269,1.2708589,7.0666003,3.557274,369050
-0.1551042,-1.025993,1.1554556,4.1818542,1.9189887,58470
4.899427,1.5177222,1.7192199,6.9306817,3.4798527,200000
4.919285,1.5238789,1.7071217,6.918173,3.4709492,200000
-0.20418115,0.42180452,1.8762684,4.8577275,3.7207947,82900
1.9351546,1.1317794,0.29498193,6.2873135,2.2553086,104900
1.4708897,1.1681024,1.4935546,6.9072905,2.8268332,275000
8.416934,0.47964126,1.5826705,6.8882327,3.6246696,500000
0.7715339,-0.47320926,0.08392319,8.4611,3.716729,96990
2.7163432,0.02185441,1.8383112,7.294371,2.6096106,195000
1.0519712,0.026734147,0.89769405,8.32897,3.5787563,360000
10.415503,0.63044184,1.815476,6.776856,3.040075,61980
8.970445,0.8081623,1.8180416,6.028411,3.4970703,227750
8.946699,0.82056165,1.8059627,5.9963923,3.5191858,270500
-0.2500877,0.23072624,0.7236751,8.5975895,1.9471295,91000
8.958363,0.8071899,1.8212478,6.026532,3.512058,275100
8.947409,0.81788814,1.7997369,6.0020013,3.4979606,270050
9.172005,0.7018946,2.3098733,6.2136254,3.1663167,123000
10.327664,0.6828136,1.77951,5.7951374,3.22635,19000
8.998208,0.9785027,2.7275815,5.9059186,3.3784873,97000
9.3210945,-0.018941082,1.619929,7.64743,3.4906902,114900
1.2365178,0.14924131,1.4292581,8.321528,3.402375,200000
1.0503278,0.10728504,1.5429043,8.4915085,3.073253,227000
0.11994434,0.07206155,1.4251553,5.070735,3.1913252,126500
9.875591,0.14493956,2.0188909,6.6332088,3.95838,94900
0.12407413,0.20130101,1.1010643,7.72299,1.1588068,74700
1.5520381,1.1197356,1.3644233,6.7557,2.674546,195000
9.845599,0.43077227,2.0560749,6.78421,3.3926065,74000
10.359215,-0.20478573,1.8367506,5.8582964,3.4574454,71500
0.79253113,-0.021379456,1.1406347,5.567015,4.2577024,143500
8.065499,0.6087431,1.5586797,7.195774,3.8279588,258000
9.5279665,0.17743735,1.4483099,7.701795,3.5563235,112000
0.043865696,0.14845195,1.3121176,8.266035,2.1077492,109900
10.080937,-0.55968416,2.0062683,5.897563,3.9238338,55000
10.378379,0.33972922,1.7752435,5.610506,3.121601,49000
9.435617,-0.070739165,2.106491,6.369422,3.8097699,128000
0.7214601,-0.4601115,0.038762044,8.465579,3.7131176,142999
10.528319,-0.18386006,1.8220621,5.8955517,3.3637109,80990
-0.5934643,-0.07002027,0.56273615,7.7237353,2.1281164,59500
9.53931,-0.49258098,2.1479554,6.538457,4.4481707,128500
2.4580407,1.5558779,-0.12331534,5.7146974,1.9534273,49900
8.763037,0.30722377,1.221284,6.7707,3.605819,168000
-0.28492016,0.43639827,1.7597265,4.852339,3.4008174,80000
9.518406,0.118408695,1.3679535,7.881875,3.5640042,95000
9.312843,0.6804246,1.8590988,6.132395,3.4162266,69700
-0.5930447,0.27913982,0.14121176,9.0885105,1.436251,70000
1.0204734,0.10097806,0.9488926,7.998759,3.7292187,253000
-0.29807764,0.4483026,1.8002193,4.8583245,3.474869,118000
9.994299,0.45553735,1.9295392,6.1463094,2.8136187,69500
8.102118,0.6905455,1.5659022,6.973248,3.5932844,279000
9.541847,0.076150864,1.3690491,7.913802,3.5396757,114000
1.8826785,0.8432797,1.3480597,7.267038,3.5461848,446585
9.35226,0.42617396,1.6265965,5.686437,3.53074,97000
0.7678306,-0.21428403,0.3122856,8.44661,3.571965,140000
0.2755449,-0.046094034,1.0098777,8.1062765,2.2299628,125000
0.82108337,-0.30944723,0.97181153,8.280776,3.5354629,175100
1.4479653,0.62963074,2.8444355,8.187712,2.8892033,115900
10.0249815,0.012717905,1.9213861,6.248629,2.9814053,114900
10.079644,0.48247957,1.8274236,6.522789,3.0909622,150000
1.0697545,0.19281955,0.62061715,7.7512746,3.584017,200000
8.36508,0.6615569,1.34671,6.82858,3.7210808,302500
10.509466,0.6341522,1.7000054,7.7399755,3.3557904,300000
0.61836606,0.37847048,1.7111411,8.25358,1.6011997,60800
1.7324511,1.2094625,0.87711626,6.693047,2.375006,249500
2.0182228,0.31135318,0.890826,6.705276,2.8996158,245000
1.9663557,0.41302714,1.08401,7.011697,2.8251324,245000
2.3882573,1.0634782,1.6542424,7.087134,2.6304731,174000
2.1650734,0.9685884,1.5974925,6.8845873,2.4374695,174000
8.756311,0.69989675,1.9093571,6.7502794,3.6133962,315000
10.333394,0.32908374,1.2853202,6.5925927,2.9548593,105000
8.172492,0.500882,1.6218295,7.2771835,3.818991,169000
-0.24170952,0.049074996,0.21038099,8.78912,1.7332757,112990
2.4724462,0.49469686,1.5779672,7.181308,3.1669834,299990
8.815064,1.1256542,2.9201264,5.975656,3.5201557,160900
-0.18699405,0.74333036,1.0258806,4.1482453,3.4741316,123900
2.6508536,0.021878675,1.8127147,7.2834826,2.6461508,400000
2.2658143,1.1007131,0.099228956,5.739543,2.4401038,115500
2.4889667,1.3854722,-0.07898271,5.586286,2.2469478,62900
0.7013534,-0.41433012,0.092409454,8.42175,3.670559,167000
0.5912101,0.35888618,1.6312087,8.19432,1.6747632,50000
0.9145679,0.16122812,1.2423781,8.604995,3.0370176,220000
10.642833,0.52214587,1.3196007,6.7827206,3.2131398,153000
0.49781978,0.35544574,1.5326192,8.30812,2.0724194,97000
9.094719,0.3005569,0.87803274,6.199515,3.113946,64000
9.720866,0.36904103,0.9595392,6.159582,2.9164886,67500
0.88865465,0.40210932,1.4762827,8.596948,2.7100797,148000
9.726093,-0.3628444,2.41783,6.8347607,4.3433537,165000
-0.25746474,-0.12130877,0.102104865,8.725024,1.4653952,82000
2.36166,0.176808,1.9500837,7.299064,3.409698,630000
2.3175824,0.1633179,2.285755,7.499816,3.4031568,630000
2.3897254,0.17329165,1.9424031,7.2939453,3.384983,630000
2.3167355,0.17429964,2.257389,7.4938164,3.3979895,630000
1.8166906,1.0959027,0.57732886,6.448619,1.9011478,120000
0.21860695,-0.108529314,0.78961086,8.081857,2.2956161,169000
2.4349043,0.44265833,1.5054702,7.095297,3.058863,310000
4.190536,2.200565,1.434362,6.990679,4.3905463,389000
1.1751913,0.32277787,1.5546969,8.341988,3.2358341,235000
9.026563,0.5698727,2.2034414,6.3400645,3.1785004,240000
4.230959,2.1726062,1.4505912,7.01487,4.375727,260000
2.302938,1.3459338,0.14249077,5.8227715,2.1422584,62900
4.971577,1.5225195,1.7187039,6.905915,3.462182,315000
10.137394,0.260969,1.7982682,5.8498816,2.8551311,78000
0.29437006,0.26518062,1.4547147,8.280836,2.0184236,69500
9.104674,0.54020303,2.3380237,6.3609767,3.0431256,129800
9.259032,0.15934026,2.2706513,7.2396836,3.2472405,174500
9.3045225,0.62159324,2.2749956,6.8128514,3.442893,197000
-0.1660245,0.10085946,0.75822896,8.409349,1.9357882,135000
1.3455834,0.5378443,2.641279,8.03572,2.5572553,103000
2.0664985,0.9071846,1.2644283,7.1105022,3.2625985,229000
1.811824,0.8361511,1.2424178,7.14447,3.5644312,150000
1.5253677,0.5568683,3.139475,8.260616,3.1314278,160000
8.028759,0.9916579,1.2810463,6.433817,3.1640797,199000
8.891166,0.2546569,1.1311837,6.297555,3.169499,119000
1.4172701,0.74823105,3.425071,8.591455,2.5515082,76264
1.4220159,0.7521937,3.450533,8.607242,2.5451138,121700
1.4478339,0.724426,3.4018092,8.567635,2.5468552,94200
1.2476517,0.54197234,2.3117414,7.911332,2.4745815,80900
1.4209231,0.6852632,3.1571321,8.414428,2.7031572,101900
1.4684529,0.71110654,3.4087634,8.571043,2.513967,105990
1.4511867,0.7289097,3.4206138,8.585666,2.5348332,107000
1.0721245,0.5084411,2.109168,8.029865,2.4054668,115900
1.218878,0.42654878,2.2217329,7.9646015,2.4784527,121000
1.2061664,0.5045099,2.2442033,7.9622407,2.4884007,124900
0.65968806,0.40598342,1.6235538,8.290202,2.202478,159900
1.1712844,0.2434565,1.4067694,8.329096,3.4251957,147900
9.278617,-0.11477402,1.8969549,7.6151586,3.3284314,135900
10.167663,0.21851341,1.8223295,6.411886,2.7966542,119999
2.2314887,1.4193338,0.070847765,5.871426,2.0016496,45000
9.316125,-0.0016373335,1.5959041,7.6342936,3.5060256,137000
9.34114,0.059276596,2.1802568,7.292186,3.5533547,155000
8.727689,0.18625002,1.2178146,6.3786244,2.9153543,215000
10.011769,0.20522752,1.8968929,6.3270493,2.723102,120000
2.1748617,0.9389278,1.6205103,6.892495,2.4059916,258000
2.0991123,0.72194713,0.7251001,6.4526205,1.9550016,158000
2.1651785,1.3747407,0.22436886,5.9250526,2.26664,134750
0.3972973,0.2221025,1.2888302,8.571236,2.110059,119900
1.6048573,0.41544878,3.4174516,8.1509075,3.4217658,278000
2.159313,0.5906445,0.5964087,6.435485,2.649171,184900
2.1372721,0.4942151,0.71639204,6.553634,2.7095757,209999
2.1782305,1.311947,0.2342892,5.908554,2.219593,132950
10.010203,-0.03442163,1.9391026,6.251576,3.0165112,114000
9.339976,0.6073458,1.6849498,6.1264763,3.3636453,73900
0.5681523,0.11501673,1.3279204,8.179051,2.319136,117000
1.2043587,0.19824064,1.5877415,8.396013,3.2504394,249000
9.076371,0.6792318,2.4218848,6.158514,3.1102872,131000
1.3850081,0.71254593,3.2774165,8.47707,2.4929488,73755
8.970703,1.0759162,2.8156395,5.8604436,3.4093773,95900
10.389479,0.5541332,1.7569811,6.74873,3.0582442,92450
2.4428935,0.42262372,1.5117828,7.0968,3.0514915,450000
1.0786034,0.0883082,1.2118528,8.0922785,3.5199125,227000
1.5269299,0.81372666,0.1160286,4.923402,2.6053526,99000
1.6472149,0.9129111,1.5623004,6.888182,2.3785462,179900
1.6220589,0.7408929,1.6111836,7.685719,3.3314235,375200
0.91892946,0.06457452,1.1275501,8.386402,3.5040946,129999
9.287418,0.23645785,2.2949648,7.1294174,3.1861055,139000
0.056757007,0.07046729,1.3748971,4.7243123,3.1925457,139999
1.4332377,0.829508,3.680714,8.801987,2.4391775,87360
0.8203231,0.08177698,1.3480555,8.117029,2.7906644,245000
8.517678,0.6153437,1.1504045,6.654461,3.6636813,159000
-0.4887906,0.06344454,0.58846915,7.6752024,2.0131378,63500
1.1120818,0.21364209,1.5385798,8.450552,3.1841137,159999
0.5105765,-0.34741798,0.08967438,8.291102,3.5764267,119500
-0.39060593,0.53358155,1.8216956,4.7452736,3.470836,89500
0.04555946,0.045506217,1.2521963,7.999451,1.5583382,65000
9.2477045,-0.18666302,1.8273871,7.701022,3.2865121,119500
2.0981948,1.0081415,1.4887156,6.9104805,2.6620617,176900
-0.45890102,0.20799653,0.22333111,8.923984,1.5318229,139900
9.125144,0.59160876,2.255057,5.827935,3.857469,139900
9.525809,-0.47354966,2.1416118,6.5280666,4.426418,149000
10.313063,0.6008239,1.8953149,6.715101,2.941959,45000
0.5323669,0.28657958,1.5578731,8.341628,2.11841,115000
2.1700068,0.6589705,0.519323,6.3450003,2.6206176,184900
10.0548525,0.053418312,1.6484809,6.309861,2.70736,149500
9.745363,-0.41759548,2.404014,6.7496643,4.396798,78000
2.1467211,0.58499503,0.6190345,6.464607,2.6530805,209900
9.943272,-0.23499852,1.9836328,6.0241466,3.1715765,69000
9.635654,0.41279337,0.804217,6.1866655,2.942162,72000
10.160659,0.5219878,1.9329349,6.6579814,2.9679637,119000
9.74776,0.0729881,2.4138455,7.067758,4.015533,142000
-0.22751437,-0.095333554,0.8716998,8.060105,2.2024221,94000
9.714134,0.6562185,2.4462674,6.946774,3.422258,220000
10.013833,0.16746232,1.4463128,6.090783,2.6188192,105000
0.13567372,-0.151073,0.7441986,8.063541,2.3003652,210000
8.82384,0.42961347,2.133592,6.7748957,3.3318746,99000
10.533368,0.6281928,1.6413767,7.762455,3.442886,154990
0.77021796,0.4433414,1.6544155,8.178489,2.2638009,109900
1.1591208,0.2514146,1.5667759,8.409686,3.220165,198000
0.11901534,-0.035710428,1.3491362,4.7473893,3.2164748,97900
2.0952444,1.1193547,0.06526001,6.1062183,2.2673552,118500
0.8789198,0.42195627,1.4840411,8.61818,2.687235,103990
8.80884,0.36275232,0.99766976,6.444662,3.454046,160000
2.1450088,1.3191198,0.2807718,5.9331894,2.2092981,134895
2.633086,0.4605939,1.7812968,7.1581273,2.8537977,345000
-0.3368434,0.8383542,1.0823473,4.02885,3.3173285,76700
4.332491,1.73737,1.6936908,6.9747424,3.5519083,194999
9.048583,0.9347364,2.655038,5.972736,3.3164175,130000
1.4462491,0.7383829,3.4497035,8.611359,2.5287642,129000
0.9572804,-0.2354823,0.43123958,8.014171,3.568542,165000
-0.371722,-0.12975402,0.034361567,8.777089,1.2951846,97500
10.065463,0.52882296,2.0267787,6.6208367,3.2779608,78000
1.1782119,-0.026244834,0.9079453,7.978501,3.720045,367999
9.304929,0.39404196,2.289138,7.0326433,3.2918038,210000
1.3239366,0.20214032,1.7226026,7.8145266,2.742293,327000
0.80594397,-0.31324676,1.0119054,8.315423,3.5034256,137000
0.7869132,0.019679038,0.7506099,8.655578,3.2462409,299999
0.7079567,-0.040026437,0.20365512,8.391534,3.4720767,165000
9.239723,0.701917,1.8786021,6.167732,3.427423,294900
0.7317869,-0.429556,0.0085641835,8.476064,3.6762767,138000
1.598729,0.46515083,3.3481338,8.256292,3.2974403,114500
1.4314067,0.80654764,3.6248882,8.753091,2.4684873,76472
1.6362549,0.42469385,3.435606,8.25438,3.3671374,110500
0.742104,-0.013052272,0.2721561,8.390706,3.472268,196997
10.058928,0.021599479,1.3112012,6.357778,2.6281123,104998
10.388916,0.25040126,1.5758591,6.4918118,2.9042037,189000
-0.73076314,0.004823836,0.5764016,7.716219,2.017035,67000
10.355682,0.53996706,1.5831249,7.603406,3.4068735,139000
3.010122,1.7495989,1.5407861,7.03026,3.9764946,52892
0.46039557,0.27614766,1.503614,8.351391,2.1365616,120000
10.051544,0.4184824,1.6604164,6.397521,3.4120445,71800
8.704065,0.1559687,1.2378501,6.3810287,2.8292723,165000
8.813195,0.64366394,2.2349267,6.260058,3.2740014,160000
8.9653,1.0801259,2.8201313,5.8521004,3.4144387,76264
1.0520278,0.25961456,1.2792248,8.508193,3.186262,125000
1.9415417,0.96492165,0.5401322,6.4296265,1.8181794,125000
0.5865692,-0.13336472,0.63256323,7.770769,3.7968314,135000
9.8244505,0.42230293,2.0819268,6.4620194,2.8323503,71990
0.16499881,0.16439924,1.1409808,7.7636886,1.1758454,80000
-0.18263377,0.83853674,0.9959724,4.1039844,3.1265182,83000
10.598985,0.6104724,1.418408,7.779765,3.6761897,409000
9.371726,0.08521379,1.9920299,5.943737,3.2599628,139000
1.7430935,0.7600789,1.3313906,7.2550015,3.5591912,375000
1.7090065,1.2038352,0.5753335,6.4695582,1.9688535,135000
1.8785045,0.958697,0.50149876,6.5821333,2.6743462,252000
1.722904,1.2419875,1.4998188,6.9653974,2.8667176,162500
2.292249,0.36458442,1.4689367,7.18759,3.2860708,349000
9.189626,-0.13402873,1.9996881,6.147013,4.1924257,190000
9.591821,-0.49789414,2.280965,6.7292624,4.1717143,126000
2.0074165,0.85838795,1.4371419,7.1161184,3.0944998,249000
8.9608135,0.3938179,1.1312659,6.3016367,3.2990384,137000
9.501475,-0.004109359,2.053343,6.2704115,3.5285668,87000
-0.24202655,-0.09288286,0.124972,8.73267,1.5503452,132999
1.8856435,0.9355266,0.56670237,6.588598,2.6436028,304000
2.7651186,1.3361071,1.3344849,7.1025224,3.033264,185000
10.716961,0.5986093,1.406147,6.9883924,3.3613176,103000
10.283808,0.13066985,1.6031531,6.412232,2.7980711,110000
1.1875722,0.68480664,1.6866059,6.989538,2.3330998,85900
1.2974051,0.3976281,1.7505021,8.209109,3.1730204,257000
9.024568,0.7423151,1.7897813,6.0242105,3.50963,159999
1.8624266,0.93789375,0.6160476,6.6597652,2.6924922,304000
-0.4578936,0.67912626,1.6224031,4.7754025,2.8930044,95900
9.270485,0.31041417,2.179668,7.0773807,3.5809739,230000
-0.46400133,0.67515564,1.6249149,4.791341,2.8668525,93900
9.348027,0.14910822,2.2272377,7.30144,3.330754,125000
1.8256615,1.1486455,0.58189136,6.412531,2.2795322,229000
2.5407813,0.6333244,1.5357373,7.1595826,3.15462,330000
8.701829,0.6423527,0.9542189,6.284017,3.472694,71000
0.7463262,-0.4242011,0.00872396,8.46188,3.6604228,104900
10.684201,0.44743723,1.3003508,6.8130603,3.0706081,124900
10.380796,0.24602301,1.5159862,6.539883,2.837014,90000
5.126253,1.4970009,1.7253228,6.8575187,3.4243617,162000
0.57539105,-0.017620996,0.7037334,8.5804825,3.058809,245000
0.30830574,-0.36156705,1.3952993,5.1611753,3.2210987,106000
8.338852,0.53930336,1.4629537,6.8933125,3.6971545,184900
1.4141321,1.0821775,1.0522094,6.616532,2.4815218,180300
0.049318228,0.22461651,1.0524993,8.49453,2.054924,84900
-0.5078585,0.23786227,0.21200593,8.975664,1.5020179,95000
1.9586245,1.1441314,0.34381244,6.2302337,2.2409568,140000
-0.11632298,-0.755433,0.7974529,4.271669,1.8113875,69000
3.6829007,1.4218004,1.6048065,7.0568595,3.400895,200000
7.9447346,0.19722675,1.8409492,6.9455595,3.132735,490000
10.635142,0.68973124,1.6280494,8.093088,3.5031414,310000
-0.2123671,0.86698616,1.360332,4.5228844,3.268719,130000
9.431516,0.031778667,2.1032913,6.427819,3.488464,105000
-0.587891,-0.16371775,0.69887084,7.9595957,2.1872704,119000
9.325884,0.5491039,2.2317548,6.953759,3.3939764,159000
9.444059,-0.22903492,1.8839456,5.8811345,3.8322883,63500
0.28790635,0.22890864,1.4051436,8.3372965,2.0811687,76000
9.325398,0.004868019,1.945587,7.4645557,3.4016879,134999
0.328408,-0.26212674,0.41666633,7.774402,3.5898604,89000
1.4546093,0.52521366,2.9642355,8.152221,2.6677675,87000
1.4172049,0.5800851,2.9915771,8.22098,2.586429,74000
1.7313132,1.1650808,1.4902261,6.8973064,2.8308818,298500
1.5463395,0.83338636,0.1187749,4.943443,2.5915902,91400
1.7133654,0.8016335,1.4863731,7.462167,3.4443111,349999
9.930444,0.23941924,1.9847518,6.356436,2.7563412,158000
0.71709734,-0.12213888,0.23921902,8.504533,3.508419,127000
2.3821824,0.9637852,1.3562375,7.182352,3.6911705,340000
8.444733,0.36326602,1.3369908,6.9063206,3.735372,159800
2.4447763,1.0676186,1.642583,7.116579,2.6837132,175900
3.2546551,0.096600994,2.0118847,7.2276793,2.5672197,230000
4.550824,2.2354157,1.474375,6.9477997,4.377435,195000
2.6401074,0.50666136,1.8154778,7.1667457,2.7872717,240000
8.670689,0.75106996,2.0052717,6.752085,3.5471344,395000
9.5256815,0.031828668,2.0509672,6.312107,3.4375722,90000
0.52702546,0.34802654,1.5174724,8.309982,2.0693307,64499
1.8264649,1.0496087,0.7181978,6.5281525,2.164833,176900
1.5630716,0.78495926,0.13034156,4.9576817,2.6410732,146900
1.8263255,1.1130863,0.86804765,6.57438,2.305879,176900
2.1116269,0.91949886,1.789333,7.1163597,2.6346767,162600
9.12308,0.6565521,1.8864499,5.997186,3.551628,109900
-0.025741586,0.3068402,1.2406356,8.221777,2.0440986,84900
9.072843,0.6285988,1.6536199,6.3219233,3.4100816,173000
8.831821,0.5984111,1.5003728,6.263155,3.7702942,395000
9.344999,0.5258608,2.1513174,6.983319,3.401721,149900
2.0203164,0.88123715,0.74626875,6.443667,2.018692,86500
8.954121,0.24934925,1.1760193,6.2253356,3.3334692,124999
0.93651444,-0.11559298,4.0416183,6.196386,3.3194253,127500
2.46799,1.5003029,-0.06411583,5.7140565,2.0411658,48900
10.146987,0.48192462,1.8289648,6.525257,3.1209934,155000
2.4716134,1.5702407,-0.13460475,5.708179,1.9415816,49900
8.031761,0.45055977,1.923747,6.5893426,3.1352437,349000
2.4549942,1.5550492,-0.12206922,5.7159724,1.9548749,49890
2.4333942,1.5255249,-0.0828381,5.740989,1.9665416,49899
2.1253755,1.3983599,0.10009778,6.0046988,1.8774828,49808
2.0584548,1.381524,0.14098208,6.073111,1.8646352,49900
-0.2400664,-0.05655144,0.27769208,8.701601,1.7184827,88000
9.212541,0.18503389,1.7115498,5.7829766,3.9457276,155000
9.245213,-0.1878119,1.8363781,7.7055535,3.2834923,91000
8.781301,0.171289,1.1891116,6.344136,2.8243144,129600
10.071403,-0.04615856,1.2415912,6.284018,2.450436,105000
10.669105,0.5859496,1.3911005,7.139666,3.4364889,93000
1.3643063,1.134693,1.5317528,6.8965964,2.87493,189000
1.2335377,0.43954778,2.4114804,7.972464,2.5194137,127500
-0.20858863,-0.15492591,1.1017702,7.689769,1.20794,54500
8.101974,0.50594825,1.5442795,7.32167,3.8830893,308000
9.377584,0.62104565,2.290764,6.828468,3.40214,181700
0.8426051,-0.019070184,0.8702732,5.3403244,4.5537148,121500
2.0066965,0.8454978,0.7147412,6.4537663,2.0053518,172000
-0.17421287,-1.0141028,1.1449962,4.2016354,1.8900582,64100
9.223581,0.41352808,2.283434,7.0178914,3.316665,220000
9.729115,0.6713773,2.4666545,6.950973,3.442539,140000
2.1930594,1.2430861,0.26053652,5.9325447,2.13265,63000
9.958637,0.23718873,1.9682896,6.334731,2.7208042,119999
9.230449,-0.08207796,1.8188734,5.5398464,4.044843,120000
9.069077,0.7550242,1.8499279,6.12396,3.5273907,89999
9.908115,-0.2038352,1.9932721,6.102357,3.0900295,73000
8.639411,0.573288,1.7570925,6.8475795,3.5989974,175000
9.995054,0.075835474,1.8178978,6.29596,2.7502635,107000
4.156286,1.6423361,1.719848,6.9854054,3.3953354,145000
3.1919787,0.12042342,1.9222703,7.1522846,2.5475993,453772
8.761188,0.28274983,1.4694133,7.054369,3.5699487,185000
8.332885,0.48213792,1.7169871,6.831021,3.5244672,365000
2.177132,1.0678581,1.5876232,6.958505,2.534336,290000
2.2526553,0.6893345,1.4240475,7.2335176,3.6127708,572000
9.836911,0.18793973,2.4716733,7.099835,3.975529,117000
0.2481504,0.13911062,1.3810449,8.105114,1.6574327,65000
9.394961,-0.32641464,2.2563632,6.9925833,3.9409263,140000
8.590213,0.68188685,1.9090337,6.8141313,3.6270354,305000
4.7575316,3.620318,1.4428157,7.0199165,5.1978188,225000
3.1681576,1.3475308,1.6314348,7.0390115,3.0806456,145000
8.344985,0.5820092,1.6354779,6.4398317,3.359258,259000
1.4455909,1.0603266,0.9755543,6.578307,2.4225662,213000
0.765858,0.04129905,0.7718879,8.733087,3.1759357,420000
9.214588,0.2090168,2.2371495,7.2256107,3.350288,260000
9.434093,-0.029129216,2.1189332,6.539914,3.4147325,115000
3.2120523,0.13008069,1.9622624,7.180983,2.5581176,420000
0.55522394,-0.0319269,0.7000859,8.536141,3.0209205,159900
8.40811,0.508981,1.7312845,6.344679,3.0896127,222000
1.823054,1.1888479,0.8999991,6.6729927,2.4293866,195000
-0.2060898,0.011479095,0.32089865,8.6466675,1.8926255,117000
8.498513,0.64322054,1.1836821,6.4668193,3.5003366,159900
0.101485245,0.072692215,1.1928353,7.827989,1.3044702,59500
9.207587,0.6935859,2.2824695,6.7653003,3.5078108,276500
8.824841,1.123924,2.9128997,5.972743,3.50945,117000
8.436626,0.67462015,1.5338036,6.3477554,3.3397052,260000
8.423717,0.5118479,2.00381,6.700876,3.4451032,298000
9.902028,0.31444666,2.083016,6.4061074,2.8024554,93000
9.674398,-0.4845772,2.2233388,6.4327083,4.3089724,80000
1.2208061,0.7273842,1.5680335,6.9335403,2.346086,158900
-0.32970053,0.52039224,1.6608447,4.8622394,3.131887,180000
2.0050216,1.0815748,1.3603952,6.781189,2.4386628,224999
8.72568,0.67823684,1.9888371,6.790562,3.6135883,454999
4.123172,1.6568317,1.7339289,6.9714646,3.3657227,166270
1.617642,1.1709285,1.502725,6.9409413,2.7629344,229000
-0.18557298,-0.029226592,0.45301768,8.628312,1.9662836,99000
9.327033,0.20334816,2.2172554,6.732901,3.3359632,138000
0.13106617,0.13013719,1.1444732,7.775485,1.2113665,42900
4.6740294,2.2301958,1.4723982,6.937118,4.386065,115900
0.061151475,-0.0011046564,1.2182851,7.77659,1.297588,103000
4.763128,1.6477412,1.6961007,6.9212666,3.5379636,149000
4.652399,2.2423277,1.4795483,6.9335504,4.3812146,195000
1.4674273,0.5119972,3.0041928,8.1463785,2.7076795,63000
8.113495,0.53022116,1.5417725,7.2883267,3.8719702,280000
8.73979,0.5885091,2.3064036,6.5719724,3.3250546,118800
1.4505867,0.52211964,2.974318,8.147963,2.6632066,63895
8.909061,0.37919837,0.89329183,6.288074,3.4451568,130000
9.363886,0.100436,1.5440958,7.5941453,3.5552006,124990
9.650126,-0.0902151,2.0036404,6.1500835,3.597467,45000
2.445492,0.46640924,1.5440775,7.109766,3.0473514,358000
-0.35019323,-0.12201969,0.05805852,8.762393,1.3125205,89000
1.6082553,0.43004084,3.3330305,8.171201,3.3883018,184000
1.8524519,1.2641506,0.7334011,6.4973817,2.4447691,150000
1.5054592,0.21653564,0.77201617,6.9634004,3.2850568,155000
9.850737,0.5710434,2.0033457,6.301342,2.8883278,92800
10.421012,0.24849853,1.4923402,6.492856,2.8973646,124000
9.795327,0.5313641,2.0326204,6.267373,2.7828648,103900
10.441487,0.29270825,0.9687502,6.665624,2.9395468,97800
1.8415333,1.1372522,0.8294628,6.595785,2.2960088,178900
1.5675409,1.175447,1.5051742,6.947071,2.7857885,219000
9.861143,0.54331213,0.90414405,6.697527,3.2499518,164900
2.1548357,1.3321902,0.2439965,5.914908,2.281755,128900
10.13783,0.6419722,2.0675006,6.725555,2.9918804,88000
8.632352,0.6216476,1.0437222,6.2980704,3.4038634,151500
8.964759,0.49681184,2.2584975,6.303351,2.9835374,299962
1.2531343,0.44080123,2.4303544,7.998104,2.5174084,112000
1.917569,1.1973295,0.39288488,6.2848716,2.3223732,125000
-0.29034647,0.15761259,0.44808036,8.713601,1.7747061,135000
9.063922,0.8650954,2.6272943,6.015758,3.2450237,99900
2.3243988,0.16966026,2.2611663,7.490999,3.4103348,630000
10.573944,0.32937813,0.9269851,6.616209,2.8591123,64990
10.08025,0.029980266,1.2394168,6.324611,2.5435634,84999
1.1649934,0.040553413,1.1620487,8.356968,3.5853698,223500
9.355632,0.24373227,1.8434938,5.5446663,3.8987749,75000
1.8830969,1.0222939,0.55872345,6.4388824,1.8541158,120000
1.4229434,1.1648506,1.3977739,6.755224,2.861182,230000
4.6528826,2.2510507,1.4750344,6.928915,4.3895955,179000
-0.3249442,-0.12609759,0.06587376,8.750598,1.3515307,99599
2.2672474,0.8875582,1.6395323,6.9070477,2.3922963,169000
10.028378,-0.07826556,1.2659636,6.2370267,2.3998466,64900
10.026186,0.663544,2.0377555,6.206042,2.9790337,69500
0.72218424,-0.458952,0.030166525,8.459874,3.707362,118899
8.936332,0.7819731,1.750056,5.994772,3.5918791,128000
9.855378,0.07508807,1.9706182,6.555843,4.05708,135000
8.76222,0.67417705,2.0487838,6.741705,3.603495,375200
8.863092,0.12111514,1.2457395,6.362086,3.4708838,140000
4.305832,2.2059484,1.5234969,6.945618,4.266938,398868
-0.31000733,-0.1227045,0.06968366,8.748162,1.3758827,109900
0.47441033,0.26263413,1.3881141,8.445373,2.0952427,141000
0.98161197,0.544496,1.8017997,8.035135,2.3917217,199750
10.227033,0.4731752,1.8252529,6.629208,2.9209695,139000
10.608389,0.6854901,1.6680275,8.040786,3.4561858,550000
4.5433125,2.22418,1.4775459,6.9643025,4.3754086,215000
10.250267,0.31791225,1.2386488,6.6056113,2.984091,114500
-0.24789086,0.17700018,0.6317312,8.631189,1.8659258,92000
9.873215,-0.15778287,1.9862411,6.167603,3.0592716,119990
0.6324232,-0.15870228,0.13701254,8.38582,3.4958887,135000
10.69353,0.58976305,1.4168543,7.0104575,3.3599403,103000
4.3581557,2.137788,1.5340253,7.0363445,4.282362,518892
1.0529006,0.18226938,0.58728915,7.738819,3.588024,178000
10.239382,0.57137114,1.928645,6.705142,2.9690218,82000
8.0173235,0.99615,1.2800826,6.440148,3.164341,144668
-0.3190015,0.027823133,0.43435454,8.729533,1.7624791,92000
9.461984,-0.37399805,1.8594712,5.5525174,4.0357227,49000
0.9031535,0.1278178,1.2356557,8.577181,3.0333045,225000
9.091019,0.67442495,1.3005267,6.5154014,3.3441045,142000
8.882453,0.39440167,2.216414,6.796869,3.2185495,121000
9.518451,-0.030376902,2.0438411,6.2499747,3.506423,86900
0.5943571,0.38181278,1.6173043,8.228775,2.145216,139999
1.8274511,1.1467869,0.85033894,6.6140695,2.3156166,178900
-0.5515486,0.2534552,0.16843279,9.034338,1.4661533,96999
10.083675,-0.5682693,2.001518,5.8879566,3.9221904,55000
0.11454355,0.24090073,1.8911817,5.1099772,4.0069675,164000
1.6239591,0.43732047,3.4041793,8.24966,3.350081,164000
9.525179,0.16904575,1.5990478,7.5675883,3.5526288,214000
4.6132646,2.2665434,1.4451182,6.9882927,4.4456553,350000
10.026563,0.5896132,2.073471,6.5276737,3.0475528,87000
2.399298,1.4216299,0.03551451,5.6551266,2.2361639,72999
8.607835,0.6998406,0.99204487,6.345277,3.5549536,159900
0.13441984,0.4428901,1.406141,8.021105,2.0733867,85000
8.091587,0.53056747,1.5411154,7.293226,3.8717523,349999
2.1102405,0.55907595,1.5135994,7.4493017,3.8756816,445440
10.11445,0.37894768,1.2291728,6.7486224,3.4262257,119900
9.936828,-0.20173626,1.9031142,6.236595,3.1308448,75000
8.202555,0.52338356,1.6727054,7.2340226,3.7929761,475000
1.5288635,0.48162863,3.0928884,8.149846,2.905015,102167
2.844235,1.2538028,1.7134217,7.071505,2.8917875,220000
-0.11608491,-0.7600462,0.7361525,4.224054,1.781537,58000
9.097549,0.49005002,2.2618864,6.304086,2.9481716,125000
10.187966,0.61220264,1.8815475,6.168808,3.0822754,78000
9.942214,0.29341644,1.7322655,6.5976844,3.1742425,78000
10.524946,0.5405237,1.4823242,7.0143166,3.2357993,170000
2.1958783,0.89646405,1.5932368,6.8680844,2.3706183,260000
10.06011,0.63513345,1.9657758,6.1659455,2.9983912,70000
9.19011,0.33508196,2.2797527,7.0395217,3.30127,309000
10.678971,0.58082557,1.4090135,7.0613174,3.3989816,79500
10.095417,0.6359079,1.9803985,6.250936,3.0519173,67500
8.347316,0.63332325,1.2451189,6.8443666,3.743365,255900
9.967848,0.6282422,2.04576,6.4734707,3.1377926,156500
10.22265,0.3827797,1.559311,6.108355,2.821429,80000
9.25933,-0.16509701,1.8130969,7.697859,3.3051703,123000
10.561475,0.5749769,1.403336,7.9287734,3.6324432,220000
1.0699035,0.22213149,1.149191,8.116806,3.5438797,205000
0.6737032,-0.08668983,0.1183215,8.482194,3.4881396,89000
3.0536857,1.7586365,1.5375568,7.033268,3.9941447,132338
2.080762,0.7424639,0.67459714,6.4105163,2.09321,129900
10.591378,0.6815415,1.6841521,8.028724,3.4383993,310000
9.974629,0.5422245,1.9936689,6.2199183,2.855902,53990
-0.3911436,0.54450065,1.8033396,4.7401304,3.4460135,86000
9.75405,0.6748168,2.480163,6.9395123,3.439866,125000
0.84922266,0.13730809,1.121298,8.371178,3.5751953,99000
8.648784,0.71903086,1.2334094,6.203248,3.389207,170000
10.696004,0.5917859,1.402325,7.045587,3.4009063,103700
1.4350905,0.7382192,3.4377158,8.598746,2.5449367,115000
9.968899,-0.24127539,1.9859678,6.0986505,3.1462462,89900
10.554294,0.3096013,0.952258,6.621931,2.8658307,138999
8.722568,0.27736762,0.8439898,6.2579722,3.328747,63499
0.9355154,0.14252211,1.2469516,8.437489,3.4567225,105000
1.1342404,0.26025146,1.5674117,8.399732,3.1951878,120000
1.1167145,-0.0694537,1.2989639,8.418686,3.4803274,99999
0.8919409,-0.05946598,1.0398195,8.179975,3.6942134,159000
1.20518,0.59662914,2.4118152,7.1709523,2.693755,70400
1.7607001,0.8552836,0.6928859,6.5978117,1.7675731,65000
1.8258759,1.163987,0.8397329,6.6043077,2.3034456,176900
10.132031,0.55901587,1.9203653,6.562913,3.5010302,70000
10.579038,0.65974015,1.6781899,7.7251296,3.3754299,165000
0.6139147,-0.15202717,0.11300389,8.689085,3.5473409,138900
0.7770818,0.05017129,1.2555627,8.10456,2.773159,268000
9.372269,0.043526053,1.83534,7.488054,3.4617941,78000
1.5880613,0.47504178,3.2942903,8.239587,3.2866752,148700
9.638271,-0.37174693,2.1232464,6.4980903,3.6752813,119500
-0.40389866,0.52900213,1.7956572,4.7777686,3.419678,114400
0.32352638,0.2686838,1.4887315,8.289249,2.0483162,71900
-0.042226408,0.45157254,1.316211,8.035941,1.9855144,114900
8.959868,0.9658124,2.740569,5.9880257,3.3358557,113800
-0.46148324,0.9155288,1.1707174,3.9747393,3.304443,76725
-0.24933417,0.4234957,1.1866375,8.033838,1.8677897,82000
8.562754,0.69736207,1.0298475,6.324666,3.482711,179000
9.296925,0.022999054,1.5632702,7.63808,3.5142236,149000
1.8442258,0.29655507,2.9439712,7.904265,3.099751,181262
1.3626881,0.77508104,2.2682252,7.9347763,2.7952888,161398
10.393596,0.10345462,1.6261871,6.3923817,3.4098206,123000
0.79435414,-0.049244553,0.88065946,5.290462,4.5681014,100500
1.4714503,0.5137145,3.0070865,8.145847,2.7050457,65975
-0.009186743,0.050225765,1.3087286,8.0877075,1.7306464,58500
9.192743,0.42873967,2.1138263,5.8082314,3.985983,109000
9.264496,0.31253943,1.9968249,5.762008,4.057466,133500
9.272702,-0.26579496,2.1813245,6.97183,3.8650143,170000
9.145617,0.33449244,2.2360256,6.9931045,3.4010956,255000
3.9556751,1.550952,1.6867647,7.001263,3.3342695,180000
0.3376277,-0.12708285,0.8836123,7.876962,2.3720877,129500
3.226335,0.12460996,1.9785465,7.1927342,2.5569155,386000
1.4502082,0.77091664,1.7670289,7.7686744,3.1310413,176800
1.1372569,0.26161876,1.5290972,8.399727,3.2231424,255000
10.072268,0.054143656,1.7049962,6.273098,2.6899145,118000
2.1441236,1.547414,1.3238902,6.790271,3.0979424,117500
0.54003394,0.3285736,1.5096428,8.234528,1.7824448,72900
9.428029,0.0334889,2.108096,6.433901,3.5061922,109000
0.690594,-0.18986864,0.8835366,7.7894983,2.9909196,159000
2.4296288,1.557162,-0.1158862,5.7375197,1.9280987,49500
2.2295434,1.3645283,0.19148624,5.857101,2.0990481,57999
1.9492447,0.99084556,0.47116625,6.392097,1.8087034,137900
0.8506461,-0.38639155,1.0654858,8.474848,3.5531003,115000
10.294284,0.43585622,1.7321947,5.668224,3.11142,58000
10.200251,0.64782894,1.845781,5.908978,3.1191454,56900
0.7114751,-0.29929388,1.0526187,5.4234796,3.855259,167000
10.601205,0.47291747,1.3101982,6.805671,3.206211,158000
1.4445856,0.72502875,3.380136,8.556196,2.5639,117000
10.20162,0.20730521,1.4155265,6.4573407,2.8572488,135000
1.4910214,1.0025996,1.033635,6.8489056,2.273793,149999
9.717026,0.3688745,0.9709914,6.1815214,2.9116435,83000
1.7979019,1.2260519,0.6232724,6.501917,2.0893254,115000
9.680186,-0.48372486,2.1763365,6.343159,4.256339,61980
0.9040427,0.14445336,1.2622902,8.57544,3.020145,255500
9.401077,0.38649043,2.3071187,7.005511,3.2427194,229000
9.418062,-0.25793788,1.8854393,5.8942556,3.8408048,80000
10.05536,0.6837291,2.0241308,6.2403946,3.0411596,25500
4.268404,2.203947,1.4854748,6.980761,4.3452163,334000
-0.11705546,0.11210895,0.78732556,8.395515,1.8624964,79900
0.20260356,0.16305436,1.2582253,8.351551,2.0816965,165000
10.31749,0.4276074,1.7525796,5.6974344,3.1323829,68000
0.27613592,-0.05422717,1.0107739,8.070775,2.2771108,118900
10.563719,0.6025172,1.6736902,7.080052,3.110221,60000
10.492704,0.30515155,0.8969507,6.683535,2.9395564,97499
0.07205864,0.31301007,1.3860668,8.200147,2.0773346,113500
1.7095517,1.2002248,0.5792289,6.4678555,1.9529228,124000
-0.01624787,0.28726104,1.3529958,8.147477,1.7794476,75999
10.322325,0.36586097,1.7579738,5.6613746,3.1689417,87000
-0.49559337,0.10182056,0.6026407,7.5924764,1.9473778,110000
10.0820875,-0.057512566,1.239516,6.301545,2.4443102,112000
10.415256,-0.018666685,1.7401937,5.9380546,3.4170902,99500
1.3608787,0.41236955,2.4464025,8.008488,2.74069,187900
0.83486015,0.4727591,1.8612757,8.186634,2.2676756,130000
10.145496,0.18024613,1.6133839,6.4292297,2.8388052,159000
10.566574,0.60744464,1.5044001,6.3659577,2.9881105,85000
9.235718,0.16216782,2.1272447,7.2288294,3.3231447,128900
9.595348,0.271489,1.3854716,7.685234,3.630959,217000
2.5039253,0.38789317,1.6657387,7.335231,3.6714976,750000
-0.07451776,0.43350512,1.2954684,8.03486,1.9608389,149000
2.4994514,0.40159678,1.6581317,7.33226,3.694962,750000
1.1072613,0.040411826,1.0896809,8.380346,3.6003566,245000
2.2687752,0.6753511,1.4235227,7.22381,3.7632463,590000
1.4266104,0.78783214,3.6028192,8.7145605,2.4900558,112000
2.4924636,0.40937266,1.644266,7.340555,3.745364,800000
0.5627076,0.17421326,4.5522947,6.121959,3.1122043,112000
0.5241562,0.19652724,4.5405126,6.063927,3.0891967,112000
-0.32944465,-0.120687984,0.06709198,8.757155,1.3560737,104000
2.3467042,0.8553581,1.4143406,7.208696,3.6542172,600000
1.830134,1.1518949,0.8478421,6.6128902,2.31629,176000
8.9487,0.32081982,0.9740836,6.284674,3.309691,85000
1.1250217,0.18840991,4.7155614,7.5290585,4.348135,159000
9.251453,-0.24827626,1.8848879,5.671829,4.134174,83000
9.75212,0.43413454,2.2050636,6.503526,2.8480067,97500
10.131493,0.2622991,1.7986454,5.940737,2.8714442,62000
-0.19294645,-0.041387793,0.9959932,7.680825,1.2861567,64000
10.452616,0.40854245,1.0565761,6.5523224,2.9404244,105000
10.563522,0.6222454,1.5270146,6.2797303,2.9886749,35000
9.615992,0.5518885,2.2877626,7.0192995,3.3272743,150000
-0.17010388,0.16945507,0.8056836,8.42012,1.8792772,182000
9.345919,0.030122405,2.1383567,7.394556,3.3350055,260000
10.015686,0.2850247,1.9536351,6.4061837,2.7339387,149000
0.69755805,-0.14118123,0.16699778,8.518139,3.5078611,97000
4.3866673,2.108191,1.5569952,7.048233,4.243567,670000
1.1069068,-0.07061737,1.2681593,8.409,3.4938505,120000
10.510881,0.6152535,1.657206,7.8120475,3.3985937,128000
2.2937455,1.0942993,1.3124595,7.088711,3.5103297,359900
-0.3068159,0.48119736,1.8548033,4.795549,3.5841887,88888
9.850574,0.3927887,2.1468573,6.44496,2.8254895,74000
10.591749,0.6901537,1.7027093,8.038459,3.4367332,197000
10.067108,0.14841336,1.9014443,6.3207707,2.855468,118500
8.135215,0.47044683,1.6875134,7.324377,3.7879941,850000
1.8555982,1.2128067,0.502514,6.365484,2.3813064,197000
10.350473,0.20372574,1.5639285,6.2832723,3.1822042,97000
9.490062,0.0040757703,2.0724638,6.2853875,3.4673352,99000
9.864717,0.2382078,2.0398953,6.393118,2.8049302,75000
0.97894233,0.43281543,1.7048101,7.8113284,2.3400588,149999
1.4423206,1.0769978,1.1137754,6.637022,2.536237,180300
0.6232898,0.38906154,1.5967727,8.297087,2.196709,144900
9.147161,-0.017482925,2.0166602,6.163978,4.2003255,143500
-0.44724932,-0.063371584,0.81076336,8.006766,2.217671,144900
10.552494,0.58689636,1.4343663,7.694219,3.6577551,197000
9.38603,0.10110783,2.1300862,7.251509,3.6899023,105000
9.401065,0.14050473,2.139701,7.254398,3.648516,105000
0.67016834,0.3857266,1.759105,8.224266,1.6367708,63900
10.572858,0.31231648,0.94724184,6.6304383,2.8578126,134900
0.36770043,0.27343735,1.3003914,8.5109415,2.082719,170000
4.212213,2.2539623,1.4717923,6.9404655,4.3500433,225000
-0.50341386,0.93020356,1.2623996,4.0395875,3.2982304,76725
9.816488,0.6095834,2.3261788,6.929749,3.450784,130000
9.3301525,0.6506025,1.8525125,6.10418,3.430929,69421
10.021719,-0.0063472604,1.917884,6.27296,2.9702806,99800
2.0147488,0.7521514,0.67788106,6.5805383,2.471899,204990
1.9034978,0.8929611,0.58504033,6.5512743,2.6192849,187000
1.4238657,0.59698653,1.694598,6.8010464,2.343361,116000
0.73048353,-0.47541514,0.043354817,8.455388,3.7225983,141900
0.9381848,0.11002847,1.1188639,8.323091,3.5289714,165000
8.703464,0.15909325,1.2204497,6.364706,2.8079753,93900
0.83432615,-0.012320414,0.9509049,8.51157,3.671544,159000
0.8747794,-0.30066222,1.0939702,8.380725,3.5040166,121900
8.657592,0.7440826,1.1356083,6.369385,3.4561915,114900
10.63782,0.5148113,1.3443782,6.800348,3.2066703,154500
10.686823,0.68042064,1.5225029,8.247579,3.6017308,129999
10.35925,0.48904425,1.4799156,6.175941,2.973459,95000
0.462435,0.30487272,1.478838,8.338157,2.1155467,114000
10.191242,0.44372386,1.599112,7.8718877,3.5440872,137000
9.257939,0.1346784,1.6831114,7.508459,3.6107726,156900
2.719603,1.2846813,1.3226044,7.0605636,3.1269155,279999
9.755642,0.6149034,2.4054964,6.971673,3.5109076,157000
0.9345549,-0.035838865,1.0126654,8.089273,3.5460544,155000
1.9142809,1.2679797,0.42302373,6.296438,2.3465486,134000
4.2375793,2.1963933,1.4489547,6.9998364,4.382108,299900
-0.2083711,-0.0018276497,0.37657887,8.649077,1.9287447,105000
1.1501532,0.11978731,1.335756,8.131546,3.4182353,280000
2.0314164,1.0592852,1.523541,6.9450636,2.6653016,215000
0.14226955,0.12805948,1.1840822,7.8132353,1.2398157,69900
1.9394503,1.0529538,0.46533656,6.3705087,1.8180698,137500
-0.3575457,-0.1245479,0.051337093,8.7678795,1.3117206,112000
1.434558,0.7251104,3.3897586,8.562048,2.5722413,89950
1.0427043,-0.015615177,1.2709029,8.220298,3.464633,129900
2.7730258,1.3507289,1.2790564,7.0362782,3.1208036,259000
0.68791026,-0.22808093,0.7727498,7.7417126,2.9837904,137000
-0.24285623,-0.10484156,0.12508538,8.718241,1.5069925,138000
10.722337,0.6188201,1.4227991,7.103664,3.4206905,115000
9.4249115,0.09856422,1.7345932,7.6078324,3.5026736,115000
10.389804,0.622143,1.8410794,6.895577,3.088362,90000
8.439387,0.5437387,1.4074795,7.0307903,3.8077254,369900
4.6519475,2.2529967,1.4580992,6.9722614,4.428802,350000
10.736876,0.6657223,1.3482485,6.7908216,3.28774,125000
0.7243705,0.43576437,1.66118,8.183703,2.2117672,92000
0.46969768,0.2639295,1.447749,8.294053,1.7713903,95000
10.594013,0.67878866,1.6781778,7.9871697,3.432328,480000
9.568061,0.6227869,2.3741176,6.8874683,3.3811603,139000
-0.20926155,0.21918036,0.8075254,8.521068,1.9661585,105999
2.182394,0.51009196,1.4002101,7.4871216,3.9103107,430000
8.557627,0.5634581,1.2689669,6.848561,3.768193,255000
8.993262,0.33821112,0.9676945,6.34532,3.43906,134400
10.266083,0.26948747,1.082831,6.564805,2.8773842,100000
8.693982,0.4936375,1.9865808,6.779589,3.7173967,200000
0.23250395,-0.14390913,0.7690648,8.042663,2.3183005,85000
10.122595,0.57458824,2.03569,6.744444,2.9380603,114900
0.71031797,-0.4221939,0.019335445,8.465231,3.6712441,146900
1.5922588,0.6546256,0.7939468,6.933924,3.1040604,284950
1.7387037,0.7408419,1.4825046,7.4520097,3.4988027,329990
2.0394208,1.2559345,0.18059045,5.5049777,2.2903237,79500
0.58179927,0.34690645,1.6106393,8.20739,1.6955022,80500
10.270048,0.117300816,1.6880318,6.396193,2.7088382,149000
10.580403,0.6378797,1.6313497,7.365936,3.3494945,119900
1.9132875,1.1619784,1.1519707,6.8638415,2.8357701,196000
1.4307071,0.8114674,3.6323378,8.760397,2.4657369,76000
9.23289,-0.12983613,1.8482995,5.5816536,4.085994,115000
9.370381,-0.25160488,2.001094,6.244484,4.0764127,75000
9.72276,0.66037905,2.45711,6.948932,3.4275596,124900
10.1476755,0.34092432,1.7011834,6.5180764,2.9674084,79500
10.075247,-0.052752264,1.2285613,6.2971673,2.4397411,117500
9.523515,0.18631816,1.414418,7.7619777,3.6057608,95500
0.42274028,0.23519099,1.3259064,8.471286,2.1118667,129500
0.7985926,-0.15281664,1.0428207,8.258221,3.5750172,124500
-0.2544437,-0.097705804,0.12727572,8.728032,1.5046955,94950
8.713599,0.55224204,1.0302943,6.3441057,3.3979945,173000
4.642925,2.245103,1.4762477,6.935106,4.387773,195000
1.3625641,0.97195965,1.6391119,7.0629473,2.6200273,155000
8.7923975,0.1701922,0.99047506,6.278928,3.369286,102400
4.07723,1.6131067,1.7257226,6.983268,3.353763,129990
1.0071691,0.10433514,1.2345848,8.48184,3.1535707,125000
1.8475972,1.2738615,0.22259067,6.339962,1.8955094,71500
2.439883,0.40669158,1.498351,7.083521,3.0506463,379000
8.500357,0.73367643,1.0779412,6.415332,3.543459,74000
2.4810522,0.96009964,1.3296071,7.158561,3.6259987,359900
9.97135,0.09104989,1.9421078,6.3069677,2.8620152,94900
2.4348938,0.5239797,1.5564216,7.3306503,3.9265392,720000
2.2719145,0.6933981,1.4109764,7.339157,3.790796,585000
1.4220151,1.0742834,1.0682786,6.6202607,2.4963949,180300
1.9553164,0.8414996,1.5191277,7.5662436,3.2983801,310000
7.893195,0.41651475,1.9897547,6.5814376,3.020677,315000
1.7154278,1.1943177,0.58945286,6.47278,1.9507821,135999
0.70838094,-0.4957984,0.06402438,8.427379,3.7428916,90800
8.879811,0.28069672,1.1198616,6.306053,3.1356385,140000
0.04160639,0.09655051,0.9028061,8.467975,2.0375047,115000
0.806663,-0.017339386,0.9651796,8.536672,3.6599004,94950
2.07013,1.3835808,0.13276774,6.052451,1.8585527,48988
2.3187165,0.5810064,1.4767684,7.273962,3.8425128,429800
0.70532113,-0.25051293,0.06373819,8.502196,3.5537922,130000
1.895041,1.2374036,0.35660052,6.268798,2.3368697,190000
-0.21726984,0.19807248,0.7181781,8.599992,1.9124845,95000
-0.40254256,0.8648273,1.1090546,3.9712284,3.3361242,76725
9.362194,0.34092173,1.3327137,7.8096666,3.7609544,149500
0.9526652,0.16846704,1.3011103,8.582468,3.0559509,120000
8.395632,0.5968956,1.2974659,6.8805227,3.7406776,300000
-0.42373595,0.88465846,1.1519698,3.999171,3.317592,68740
9.38965,-0.38565204,2.2705038,6.9513626,4.0063944,135000
8.621263,0.5233717,1.9603258,6.86552,3.68789,338650
0.3577533,0.48611996,1.4529779,8.034225,2.1466308,190000
8.856035,0.51492274,1.822279,7.2580366,3.5759788,145000
-0.37537268,0.092024505,0.42119294,8.7678995,1.6738027,122000
0.73574597,-0.12309513,0.2827709,8.490052,3.52242,115000
9.392886,0.12781925,1.8004504,7.525476,3.5428703,115000
-0.054130945,0.4386067,1.3088893,8.031154,1.986214,116000
2.3966064,1.4171356,0.049079884,5.666634,2.2442079,82500
2.5483274,1.4698024,-0.055019822,5.662279,2.1785467,57998
10.32744,0.23915985,1.0321221,6.5661273,2.8531218,95000
0.7660181,0.010062854,0.4219162,8.438153,3.4836922,249000
-0.31057376,0.37404785,1.0561522,7.956731,1.8825349,94900
2.030852,1.0016811,0.21054539,6.249221,2.2646778,135000
8.843998,0.64431715,2.2241344,6.2561398,3.2780972,130000
4.015874,1.6288128,1.7500861,6.964996,3.287127,95900
9.205706,0.33201572,2.2506766,7.042249,3.3860424,259000
9.079744,0.6778839,1.8110398,6.0244093,3.498725,159900
10.55444,0.6398477,1.644785,8.029339,3.4656277,135000
0.67273974,-0.19671635,0.8632758,7.720203,2.9651458,225000
0.55369925,-0.15559317,0.62185395,7.747014,3.7655518,144900
2.1689832,0.854643,1.3583325,7.2165484,3.6169934,620000
4.19279,2.2754538,1.452171,6.944095,4.3798423,225000
1.43827,0.7549423,3.4923353,8.644509,2.5166736,91750
2.404236,0.62427294,1.4975268,7.3329806,3.8627343,440000
8.81427,0.22787738,1.2944314,6.3416195,2.8005645,126900
8.314547,0.54776907,1.7538531,6.533092,3.301613,209999
1.193166,0.1510381,1.4637355,7.896692,3.1981125,310000
9.3456,0.6609385,2.2944534,6.7958093,3.475983,215000
9.146564,0.3950053,1.7643988,5.8680086,3.835901,120000
-0.19356026,-0.07225427,0.18169661,8.716335,1.6797976,112000
9.38721,-0.38086304,2.2672024,6.945605,4.0046787,132000
2.3395543,0.78573257,1.4051038,7.263372,3.7386758,550000
0.73123163,0.46460518,1.7003502,8.209783,2.2209246,189500
9.868731,-0.3252354,2.199312,6.5312357,4.378979,106000
2.1460311,0.76251924,1.3626276,7.219387,3.4752066,360000
2.0545435,1.4824103,1.3558415,6.831322,3.06839,180400
0.6288735,-0.108137816,0.67173374,7.8166447,3.8254342,132000
8.961074,1.0646453,2.8061485,5.856507,3.4407883,129000
0.39261457,0.2824005,1.3238381,8.510547,2.109964,119900
0.68551457,-0.16531733,0.89324063,7.821064,2.9643977,140000
0.66600466,0.4146749,1.6510191,8.157735,2.200593,96000
-0.4535991,0.20902155,0.23365305,8.910361,1.518377,125000
0.96486753,0.13429135,1.1254728,8.232036,3.467899,139000
8.557284,0.5715153,1.7920876,7.0764937,3.73323,570000
0.7039772,-0.5108221,0.012126939,8.513449,3.7587636,93700
4.648742,2.2421265,1.476653,6.9366693,4.385514,265000
0.97353256,-0.0076698945,0.89189225,5.513329,4.5492663,180000
9.357959,0.2959059,2.196507,6.6700425,3.4870675,115000
0.9481375,0.008343289,0.86120385,5.4712105,4.504591,112500
0.76683414,-0.18104891,0.8349317,8.332117,3.483363,135000
9.385349,-0.011817489,2.2313592,7.149411,3.455046,105000
8.772246,0.835964,1.6936502,6.076384,3.4234686,135900
1.0961432,0.16941224,1.5127167,8.474043,3.1719234,129000
10.09716,0.24151869,1.1775987,6.410881,2.8637497,75000
9.752186,0.457785,2.2101834,6.472258,2.8571775,105000
1.660579,0.4009272,3.4878945,8.254841,3.4093437,110500
0.88236004,0.41457972,1.487031,8.610688,2.6935,124900
1.4226143,0.4827896,2.6425397,8.083517,2.930363,208000
1.2572533,0.45269004,2.4361186,8.023066,2.5379114,113000
1.4084643,0.5411607,2.8185282,8.100662,2.6459827,123000
10.301173,0.6250064,1.6942189,5.9769373,3.19701,30000
2.4125507,1.426636,0.026826445,5.6339226,2.2315378,72800
2.493287,1.5476768,-0.116945885,5.6926374,1.9979388,49000
9.5228815,0.17819713,1.4000813,7.768558,3.5942194,117999
9.932161,0.4960189,2.0281537,6.4857373,2.9163868,79000
4.903545,1.5464904,1.7165532,6.9086514,3.4594073,239000
10.124801,0.11606797,1.5894811,6.3378305,3.0970135,39000
4.6390686,2.233995,1.4711964,6.932856,4.382068,115000
1.2392156,0.28030837,1.6230512,8.344719,3.2316115,265000
4.2731295,2.1723652,1.4595668,7.023822,4.379972,515000
9.106623,0.382553,2.1642776,7.0404954,3.5465715,245000
0.96314883,0.15235119,1.2048224,8.593933,3.127349,250000
0.6564465,0.40144888,1.3677564,8.389075,2.376237,60000
10.362138,0.5207419,1.7519869,6.692802,3.021925,130000
10.325708,0.24332498,1.6268057,6.4402122,2.9145439,130000
9.330262,-0.003808846,1.5966226,7.676771,3.4965355,139900
9.289925,0.573258,1.4847757,5.6695285,3.504896,110000
1.0645354,0.14504628,1.4993515,8.49522,3.1605635,98000
2.580261,0.5031128,1.7972567,7.2118883,2.9020498,345000
10.280677,0.5942817,1.9125178,6.7805996,2.9813147,123000
2.069126,0.5754462,1.856929,7.21407,3.1165948,285000
10.096398,0.66704905,1.9675821,6.3020997,3.0407279,62000
9.720452,0.6654435,2.4344163,6.9425893,3.4245205,108000
0.21318114,0.44949478,1.4072934,8.114797,2.0142276,84900
8.132364,0.78194267,1.5456736,6.8937793,3.5248067,395000
7.9908566,1.0151426,1.2729733,6.4396415,3.1513371,175000
1.9596806,1.2696657,1.4103639,6.9313383,2.9175012,350000
9.834614,0.47373527,2.178618,6.544916,2.8536258,115000
9.831371,0.5267199,2.0349927,6.2951856,2.7746506,78500
2.3148568,1.3968549,0.13269678,5.7538767,2.2180526,77450
0.6653151,-0.43918502,-0.021797966,8.43907,3.688429,109000
-0.22133157,0.039622936,1.0076348,8.209397,2.1177783,193000
10.493554,0.5484989,1.5808189,6.857326,3.1531441,159000
10.392521,0.563727,1.6730527,7.7395225,3.5193312,220000
0.50349694,0.33482605,1.5085797,8.323066,2.1399598,129000
9.649231,0.6654765,2.4537337,6.959257,3.454194,170000
10.457747,0.59502584,1.6548172,7.7084794,3.371511,258000
10.589174,0.58244824,1.3954858,7.9216695,3.6305015,600000
1.9396986,1.0936811,1.3992666,7.0366316,3.1711855,382280
1.1670718,0.14407207,1.3105667,7.7773337,3.3383746,287000
10.530846,0.55526656,1.403227,7.870245,3.611253,125000
1.3809799,0.532411,1.670736,8.042296,3.2287292,177000
1.2021763,0.2947115,1.6175194,8.360252,3.2031581,295000
1.2178466,0.25393373,1.628013,8.37941,3.2155347,250000
9.152195,0.06788083,2.028391,7.0781994,3.8940246,250000
1.0378339,0.083898835,1.5433136,8.476761,3.0752954,133000
0.55615366,0.3427034,1.5586892,8.186913,1.7068295,100000
0.55571276,0.5555965,1.5281856,7.8070464,2.246552,197000
9.858036,0.6606307,2.1067467,6.5197544,3.1866658,150000
2.3437672,1.3904696,0.09793984,5.7018275,2.2572598,82500
0.63152367,-0.12953417,0.20005651,8.674829,3.5477297,122000
-0.21846578,0.015136234,0.34062287,8.677085,1.8509648,105000
1.4347742,0.7445994,3.4420166,8.60252,2.53606,76860
2.406012,1.4217203,0.050160002,5.6603417,2.2431345,82500
9.012195,0.15326604,2.0088496,7.1109033,3.7364385,245000
10.67652,0.7017639,1.6004683,8.161719,3.5320883,430000
10.3790455,0.5234979,1.505421,7.9917693,3.5788949,285000
10.00559,0.6530744,2.0882163,6.514728,3.1370823,89000
9.442417,0.36477512,2.3008754,6.998522,3.162103,203500
-0.46740383,0.8949697,1.1788682,3.968242,3.3176138,125800
8.955855,0.34848946,0.9639901,6.2694483,3.3492575,135000
1.9860361,1.2418939,0.2658981,5.6573386,2.232736,120000
0.171147,0.4385175,1.3314044,8.147249,2.0425262,119999
-0.4990505,0.6992494,1.6456699,4.745796,2.8890293,85900
9.612476,0.41359827,0.82903284,6.1787624,2.9530551,91900
0.8410709,-0.080587804,1.044436,5.4911914,4.4801884,130000
1.172599,0.046703655,1.1749809,8.370974,3.596222,235000
2.4385705,1.4013716,-0.01983306,5.6356745,2.2280226,62950
-0.23091947,0.1940768,0.6733727,8.633049,1.8947821,99000
1.779789,0.762687,1.2186357,7.296499,3.5995355,375000
9.963114,0.2965268,1.7943377,6.288409,3.0068784,63000
0.89751357,-0.22892642,1.1405972,8.364484,3.4713364,74999
0.1745972,0.19871858,1.1647234,7.8103004,1.2170186,74000
10.376758,0.6718435,1.6580374,6.025759,3.290316,47000
10.353724,0.68631536,1.6789293,5.9378686,3.2552707,24999
10.521739,0.61582935,1.6296704,7.689677,3.4586473,119999
10.6256,0.5577018,1.3576394,6.858993,3.349076,145000
1.6481851,1.082662,0.72921747,6.475919,2.5442204,134900
1.1037352,-0.027164815,1.1643106,8.215322,3.5854447,153990
-0.54785144,0.16378418,0.70277286,7.543514,1.840024,63500
0.61625314,0.39886656,1.3994296,8.320269,2.2645054,59990
0.1500125,0.19760986,1.1210723,7.753164,1.2087452,132000
1.6665286,1.0811998,0.68795365,6.444131,2.5629857,134900
9.63786,-0.6803564,2.4841027,6.8933415,4.384354,130000
9.052045,0.26786402,1.5830419,6.2681894,3.4438608,134900
10.51225,0.6446726,1.7083725,7.0683303,3.2361672,59999
1.4263095,0.77142775,3.4890606,8.655812,2.5148394,111999
1.9389356,1.2735121,0.36033276,6.2343273,2.2920146,124743
-0.34842706,0.8766628,1.3226209,4.351043,3.1632304,87500
9.200726,0.42994973,1.9659083,5.899663,3.9509346,135000
1.3134214,0.192267,1.7253299,7.8263087,2.7460124,191000
2.138903,1.3311954,0.21408553,5.9302416,2.264136,71660
1.9766304,1.3901198,0.20710933,6.176054,1.8846468,56630
10.221359,0.59596,1.9308398,6.766155,3.0658107,134000
10.574964,0.5703832,1.3964702,7.8068204,3.5959032,128000
8.715662,0.17663687,1.2210743,6.360481,2.8115847,95000
9.300711,-0.03272853,1.9547913,7.5230007,3.3756018,203500
9.049248,0.14421515,2.0009391,7.321016,3.656516,250000
9.927976,-0.08964437,2.0210488,6.4902415,4.240098,87000
1.1695434,0.18350068,1.5809025,8.423693,3.2141888,172000
0.068795405,0.027479088,1.203566,7.8102713,1.2988752,67900
9.957021,0.49581516,2.000521,6.2093344,2.8082266,41000
2.2890122,1.291363,0.039977897,5.552968,2.2969186,117000
2.4758635,0.28907716,1.7449429,7.2593303,3.4072938,700000
10.252722,0.5842251,1.8986092,6.711273,3.0385368,129000
4.610999,2.2399244,1.456738,6.9780207,4.4235597,350000
9.193513,0.4997967,2.2101772,7.051814,3.460315,150000
1.1299154,-0.057373844,1.3003868,8.398056,3.4799867,143000
9.562537,-0.17927939,2.003446,6.094738,3.722447,83000
9.231025,-0.2115711,1.8559623,7.729663,3.2581832,90000
8.82643,0.29643902,1.018144,6.3023376,3.2161562,67500
8.856799,0.27898434,0.97036815,6.2690916,3.213497,55000
8.824263,0.23479623,1.0263542,6.298586,3.0877552,67500
8.784132,0.2464533,1.2798176,6.7692633,3.4479854,96250
1.6738561,0.7242166,1.1914319,7.302802,3.547924,355000
9.309792,0.12660363,1.9137633,5.6838317,3.6765368,115000
-0.06452849,0.07713123,0.7054366,8.548011,2.1956458,150000
1.9814837,0.8892745,1.3249953,6.921741,2.7384083,320000
9.185971,0.67085373,2.285408,6.895967,3.5026526,289000
10.061944,0.6208424,2.0626988,6.707104,3.0988815,141500
8.622489,0.5032987,0.9468202,6.2883387,3.4120045,125000
8.604098,0.7398964,1.0154815,6.3046613,3.533948,105000
0.59708005,0.3578206,1.622557,8.189625,1.7156935,79990
1.1128087,0.04934371,1.0987264,8.389413,3.6141765,175000
0.32836244,0.28392333,1.3260353,7.9258265,1.4054623,79990
9.189461,0.41613746,2.058487,6.05531,3.1106977,190000
8.532591,0.54899323,1.679286,6.8827825,3.7143474,395000
-0.3545386,-0.12260493,0.0550137,8.768138,1.3148053,110000
2.4195824,1.4277741,0.031484284,5.6434145,2.246513,109999
8.638005,0.5516063,1.4844207,6.929301,3.7503226,194990
1.8492941,1.3066922,1.4538254,6.8758073,2.8902988,129500
0.08785011,0.073507324,1.1824346,7.8742566,1.3358699,24500
1.9914892,1.381506,1.348669,6.8566484,2.9464433,245000
8.523024,0.5851911,1.6160848,6.997261,3.7959101,275000
-0.09435644,0.34533373,1.2432525,8.161754,1.7945427,89000
0.45216697,0.36807474,1.560748,8.241997,2.0028055,89000
0.43904197,0.23571408,1.3420637,8.433,2.1123638,124900
9.222851,0.7644622,1.928846,6.2636647,3.4172516,249000
0.562578,0.25761276,1.4862105,8.2223015,2.1949854,86500
10.681697,0.5956873,1.4293435,7.0390806,3.4006546,80000
10.68321,0.6870574,1.5474538,8.22464,3.5806174,367000
8.941259,0.83125645,1.723311,5.9472823,3.5555909,70000
10.188255,0.45674902,1.5948012,7.964392,3.5627875,259000
-0.37000042,0.85679317,1.3673966,4.373739,3.1750944,107164
1.4393806,0.5244935,2.9238198,8.131928,2.6556466,81000
-0.4156662,0.54274106,1.8525516,4.7202673,3.5180874,92500
0.9862586,-0.028789438,1.071182,5.852422,4.1614017,126850
0.14850217,0.116147265,1.1905355,7.80666,1.2387158,77000
0.60918885,-0.14169452,0.10679931,8.703767,3.5386944,105000
0.584242,-0.10790208,0.12240957,8.734978,3.5263155,105000
0.62086535,-0.13245268,0.10515251,8.681364,3.5299597,105000
0.6049756,-0.13886777,0.09173868,8.705704,3.5425847,105000
10.163625,0.03894821,1.8643885,6.2326765,3.0436137,100000
7.866037,0.41404456,1.9913434,6.5973034,3.0217204,155000
1.3989568,0.6788088,3.2667341,8.42827,2.5279431,88700
0.15165249,0.13794555,1.1639911,7.7753997,1.1962428,75000
8.330802,0.61126447,1.4123673,6.9116135,3.7353399,250000
1.1965344,0.20358536,1.3078084,8.038135,3.4558148,259900
1.029552,0.0073622917,1.3313705,8.421874,3.410779,110000
4.386238,2.1063602,1.5685121,7.005701,4.1769447,456272
0.35740215,0.24892807,1.27762,8.523997,2.0410018,69900
8.505161,0.56315887,1.5946777,7.026938,3.7853703,495000
10.22913,0.49589396,1.6926649,6.033462,3.033812,70000
10.3692,0.29550937,1.1819994,6.5792127,2.9096797,97000
8.798433,1.1366088,2.938956,5.979793,3.5280318,136500
9.8758745,0.6501559,2.249534,6.717871,3.2847655,85000
9.8850765,0.49112022,2.0629067,6.776002,3.4235983,105000
10.078187,0.07151497,1.2368288,6.3292227,2.5866575,80000
1.1265378,0.4977742,2.169054,7.980771,2.418146,70000
8.869951,0.5052012,1.7216125,7.006498,3.4673176,229000
4.192691,2.2282095,1.4561801,6.963501,4.358094,323000
2.7233322,0.014344392,1.8415897,7.2952237,2.6007528,299000
8.973598,0.5742687,1.6355534,5.9961987,3.4612267,175000
9.7788515,0.21209466,2.4298983,7.128663,3.8649657,107000
1.9963026,0.9035444,0.41088742,6.4259243,2.4605043,175000
1.3889558,0.720336,3.3035038,8.499404,2.4890337,69472
10.494071,0.67685217,1.7756426,7.852215,3.3588474,340000
-0.20794259,0.19795522,0.797056,8.417271,1.9114891,178000
9.980957,0.15523796,1.2947975,6.1544843,2.5872416,63700
4.0568686,1.6371031,1.742902,6.968518,3.3172505,115000
1.1038048,-0.19244772,1.1111223,5.7839975,4.5971527,156500
9.136444,0.17205852,2.1236014,7.1425314,3.6259031,261200
8.530484,0.6951682,1.3528129,6.349312,3.4065533,230000
-0.18315573,0.15277596,1.1687319,8.163532,2.0152981,107000
9.591387,0.62201756,2.402136,6.987934,3.455823,159000
1.6396723,0.67494935,1.4497874,7.1179476,3.4663215,278000
-0.043102343,0.28379273,2.0004594,4.9641986,3.9319499,89600
1.4298351,0.82531184,3.662428,8.787813,2.4391732,70000
0.6351314,-0.24890131,0.7711911,7.730753,2.8839064,208000
9.976647,0.4570316,2.0069065,6.5002756,2.9088323,90000
0.7620848,-0.20017962,0.9384472,8.255572,3.558373,99500
4.1783648,2.2118213,1.4376832,6.984547,4.3788033,390000
-0.111076005,0.3366158,1.2222166,8.15391,1.9827143,114999
8.371195,0.6807512,1.3016425,6.7836766,3.7056456,389000
8.4286,0.5248702,1.758483,6.2977905,3.0719848,148500
1.9214102,0.7550898,1.2373198,7.3044095,3.6451538,365000
0.76384145,0.47154504,1.7113388,8.198271,2.2375493,239000
10.1428175,0.4036916,1.825754,5.8626547,2.9913151,69500
9.3223915,0.08976491,2.078235,7.375502,3.5897431,125000
8.97477,1.0581161,2.7948816,5.8562737,3.4248338,121999
8.410806,0.46613064,1.8073807,6.3205776,3.0225441,166000
10.358556,0.6854668,1.6903615,5.928599,3.2539105,25000
8.536542,0.655223,1.3444834,6.2522545,3.3646483,169000
9.615445,0.24974462,1.9003197,6.396382,4.017249,310000
2.117809,0.37301162,0.8431618,6.6500444,2.7646797,294000
1.1660448,0.24018103,1.3875372,8.34885,3.4064302,150000
9.784791,-0.22130188,2.3700082,6.827688,4.2319913,99000
-0.58889633,0.7685021,1.6758666,4.675342,2.8434308,98650
1.8888437,1.2730265,1.4603919,6.9115148,2.9350812,365000
1.0713483,-0.01346327,1.3248224,8.05455,3.342308,235000
2.0207937,0.9058318,0.6994593,6.4053707,2.0628767,167000
2.112848,0.9825217,1.5874339,6.870926,2.4289238,229000
9.140061,-0.053203948,2.0303195,6.1897273,4.186987,153000
10.058282,0.016224083,1.3298439,6.3286414,2.5502717,110000
4.078463,1.5379738,1.6962396,7.060931,3.3546996,135000
4.0733213,1.5568786,1.6888324,7.0384493,3.374725,166000
9.687354,0.5574353,2.1717482,7.122936,3.3070323,176500
0.5462144,0.3295887,1.578259,8.326829,2.1428063,107000
2.292459,0.53790694,1.5094861,7.260111,3.8814332,599900
8.619401,0.42617354,2.0487034,6.6044436,3.124116,189000
0.8495348,-0.3668375,1.0690794,8.47731,3.544468,125000
2.411942,0.46811092,1.5906969,7.153066,3.2043223,299500
0.7865361,-0.08933907,0.9187902,8.497282,3.6407163,89900
9.895505,0.27693522,1.1490532,6.23974,2.7636166,69500
-0.089997366,-0.7383119,0.71942914,4.248454,1.7872539,53400
-0.096880585,-0.7509376,0.7321732,4.238355,1.7888743,58000
10.498946,0.5672607,1.6014702,7.0378757,3.14129,94900
8.379112,0.4981729,1.7455277,6.366414,3.135465,209000
9.581114,0.5626602,1.8288051,5.990891,3.373383,115000
8.305368,0.4628065,1.7880701,6.558511,3.2399127,248000
1.9375677,1.2888569,0.3765314,6.221073,2.3271036,123615
1.0509943,0.19744411,1.4587706,8.4668455,3.2683818,105000
1.0378138,0.037419584,1.4865642,8.454612,3.1872425,100000
2.7415714,1.3325686,1.271086,7.0204296,3.1517534,269000
10.796573,0.6352523,1.3448946,6.73279,3.1664543,89000
2.3267665,1.3810623,0.08903156,5.726314,2.2123322,63000
9.08892,0.49699524,1.3083962,7.24063,3.7469542,255000
9.403083,0.055311356,2.1056716,6.4563484,3.5714786,98000
8.427641,0.5250143,1.6447036,6.9455705,3.7040849,599000
-0.17281592,0.17674127,1.1680362,8.145132,1.995176,97500
9.287181,0.1072281,2.2164252,7.2801695,3.311705,160000
1.0699537,-0.20241727,0.96825224,8.351803,3.6957011,159500
-0.3942094,0.7299111,1.5739648,4.587489,3.1780455,86500
8.341444,0.44682786,1.8701906,6.3712344,2.9852479,260000
9.973067,-0.09430386,1.9645716,6.259147,3.0313766,124000
8.329779,0.50001395,1.4742187,7.099097,3.814932,449500
10.122876,0.39384416,1.2219071,6.762452,3.4461586,126500
4.548431,2.2388968,1.4611377,6.963922,4.4056454,189000
0.6220939,-0.21559323,0.83164406,7.7169676,3.0180225,134000
0.42714095,0.3647248,1.5544988,8.217905,2.0391567,96000
1.978219,0.7075752,1.3443938,7.330152,3.738845,401700
0.7670598,-0.1548104,0.8099767,7.8449006,3.0779881,339500
-0.0752388,0.17480691,0.7355703,7.851553,1.1667196,73000
1.1564208,0.072682835,1.0296053,7.8745823,3.6261308,300000
1.2283806,0.21176292,1.5712361,8.343604,3.280879,300000
1.1376544,0.054701347,0.9811125,7.836918,3.641329,300000
1.1816742,0.10844997,1.3095993,8.061357,3.4534733,300000
8.813639,0.24449474,1.328608,6.7859726,3.4023027,329000
1.0955061,0.32296008,1.4993198,8.312478,3.1751125,137000
10.412324,0.6040035,1.7406683,7.769688,3.4242759,218300
1.4272777,1.1110967,1.5820696,7.0120735,2.80409,197056
2.1672692,0.5455325,1.5123655,7.444735,3.9118743,445440
4.84383,1.5633553,1.7260034,6.907812,3.4428115,150000
4.3899674,2.1170554,1.5602621,7.0224037,4.215731,335000
8.607694,0.73489803,1.0086473,6.3105254,3.5407095,149000
8.951615,0.9767779,2.7529173,5.957176,3.3443904,94000
8.984978,1.0061545,2.732293,5.922007,3.3810394,107000
1.7980627,1.294605,0.50444585,6.4621773,2.0279503,126000
10.37363,0.2726269,1.0018824,6.6414666,2.9414985,87000
9.317247,0.67105794,1.8470932,6.1083684,3.4184742,60000
10.241794,0.4575816,1.7847781,6.6224046,2.9274273,90000
1.9076599,0.90067035,0.7343826,6.4878907,2.0533574,154617
3.1328895,0.18765333,1.9439778,7.166077,2.569363,386000
10.250243,0.66166496,1.7921565,5.838103,3.1922128,135000
-0.25035366,0.06728715,0.788475,8.099718,2.248771,115000
2.528524,1.4623917,-0.042758014,5.6420913,2.1919851,72900
1.1391805,-0.004036251,1.220471,8.406424,3.565256,139000
1.1183065,0.07471711,1.2054375,8.383449,3.5742276,150000
9.919968,-0.23447129,1.9903616,6.1023617,3.1154013,105000
0.7958066,-0.13863343,0.9362988,8.55937,3.6559422,100000
-0.09414611,-0.7567532,0.73266137,4.2399354,1.793424,80000
9.5715475,-0.25717148,2.1452594,6.6250024,3.5205076,124000
0.79564,-0.006012176,0.8930672,5.3242393,4.54486,93900
0.93951136,0.13336152,1.1754507,8.398872,3.5158503,125000
9.301101,-0.021679392,1.6295537,7.5995703,3.4940593,143000
10.648164,0.68384063,1.5893838,8.136339,3.5347834,335000
2.359428,1.4043661,0.0894621,5.6977487,2.2410572,105000
10.780592,0.62746227,1.3620077,6.7183466,3.1603284,99000
1.7775571,1.2737257,0.6991445,6.580939,2.1950774,115000
9.279236,0.25434336,2.277772,7.047925,3.1640146,114000
2.0849218,0.70643276,0.70025754,6.4363513,2.11462,175000
1.9608784,0.93031675,0.72948223,6.4419136,2.083629,175000
1.2087606,0.79928434,1.8352042,7.1768084,2.5992506,153000
2.0089736,1.0753659,1.365207,6.771001,2.440631,170000
1.8391807,1.1409091,0.7929744,6.5669756,2.2433274,169500
8.609979,0.45164746,1.933175,6.6548624,3.2206607,209500
9.974885,0.14062819,1.3008348,6.149885,2.5677905,63500
2.008396,1.2617521,0.23749048,5.593809,2.2541761,107500
0.8674511,0.4286558,1.489677,8.614034,2.6571515,89000
8.707781,0.16045652,1.2289646,6.367247,2.8119528,188000
9.343101,0.047871158,1.5259849,7.6913967,3.5250213,124900
8.75839,0.62043214,2.0677557,6.863302,3.580024,399000
10.410576,0.62012947,1.7627678,7.664867,3.3857095,169900
1.4321723,0.8284888,3.682006,8.8032,2.4405248,76264
9.225909,0.22905847,1.989006,6.2649293,2.9786737,210000
9.388352,0.301433,2.2837718,7.029222,3.1905313,105000
9.979682,0.66170734,2.0323105,6.308577,3.0796814,83900
-0.11663695,-0.7296288,0.70406526,4.2334876,1.7590045,71000
9.773422,0.537159,2.2402463,6.9268174,3.450363,80000
0.95622855,0.3781786,1.495922,8.574494,2.8251653,133000
-0.22416122,-0.09370303,0.13973787,8.725476,1.5904124,83000
2.4171216,1.5034668,-0.035571497,5.7617064,1.9835544,52000
2.3548944,0.88111573,1.360043,7.2023745,3.6886182,375000
0.94999254,0.15897208,1.186092,8.618427,3.1070852,270000
-0.16650677,-1.0272359,1.1819248,4.183425,1.927237,81900
9.708118,0.6210979,2.4007397,6.935263,3.4280095,108000
1.1704272,0.8068544,1.3265151,7.3866973,2.4600346,115000
1.4182777,0.74906754,3.426605,8.593673,2.5542648,76033
-0.4444539,0.5723683,1.8621904,4.687304,3.526179,84000
0.7300712,-0.43448496,0.051495135,8.465913,3.690485,114500
-0.2993567,0.44186673,1.8161672,4.8594313,3.5077837,135000
8.800406,1.1340699,2.9375937,5.9885573,3.5304942,250000
8.547616,0.72984,1.0309813,6.303278,3.449071,85000
2.0198643,1.1086068,1.5435529,6.837558,2.5037446,168464
-0.5634924,-0.18323855,0.61721647,7.8689466,2.220568,74500
1.4294859,0.7869015,3.5763767,8.708722,2.4988043,90000
1.9268937,1.2900363,1.1062002,6.7809134,2.6756663,189800
1.6364563,0.4203057,3.4235885,8.242426,3.3523052,113000
-0.46231952,0.6786499,1.6044006,4.731962,2.932097,109000
4.8867154,1.5502934,1.720457,6.908601,3.4516516,175000
7.9733944,0.20777088,1.8352472,6.939652,3.151047,499000
8.258179,0.17221695,1.6646843,6.7641997,3.0217342,235000
9.238205,0.55070645,2.1126993,6.3053126,3.0284867,130000
1.4304179,0.7230701,3.3507407,8.544445,2.5789013,137000
10.38092,0.2633582,0.9831663,6.606397,2.883673,123000
4.002199,1.6006006,1.718394,6.988741,3.323388,139999
1.8022479,1.1900791,0.87973416,6.6393657,2.3012881,170000
9.761115,-0.048704766,1.9550927,6.2818856,2.9741611,105000
1.4409592,0.9986255,1.6156604,7.2735534,2.6778612,364900
2.2924168,0.79398745,1.4596335,7.1850605,3.546725,385000
2.0717356,1.0977098,1.4527701,7.12621,3.618837,127000
8.436201,0.5991929,1.2981535,6.9198017,3.7720265,180000
0.14994879,0.2368756,1.8285772,5.136877,4.012671,136791
1.4223558,0.7473613,3.4368305,8.600841,2.5576007,85200
9.021354,0.8263205,1.4075308,5.7794876,3.3316433,98516
1.622837,0.69957966,0.7701821,6.8972807,3.0498917,230860
10.271602,0.4526331,1.5485739,8.052522,3.5494468,186000
9.881469,0.25471073,1.7661889,6.5833683,3.0850391,90000
1.1112128,0.14729334,1.5011473,8.448903,3.2271113,114800
2.4450364,1.5422199,-0.10773513,5.716282,1.9851632,49500
2.4462101,1.4368942,0.014286374,5.6322346,2.236038,60000
2.4167838,1.5340483,-0.09835916,5.7452335,1.9512551,44000
1.5847421,0.6495834,0.7957218,6.968927,3.1420581,237160
0.416705,0.43576062,1.5621718,7.9141836,2.2046216,195000
1.6443079,0.7762309,1.6520001,7.6452136,3.3571062,375000
2.5204203,1.4541254,-0.02873295,5.6550484,2.2013705,61999
2.4595675,1.5550094,-0.121175826,5.7160525,1.9547533,46500
2.476516,1.5722743,-0.13403441,5.708319,1.9424229,45000
2.434267,1.4327124,0.023502618,5.65019,2.2317953,59000
2.4303014,1.4323175,0.027396416,5.656707,2.228559,53500
2.480214,1.4486529,-0.012037567,5.6202536,2.227089,60000
2.484219,1.5591338,-0.12607925,5.6999307,1.9746475,44000
1.3987355,0.65794694,3.0886102,8.36583,2.656973,115900
2.1207025,0.68730164,0.59083104,6.425121,2.3167374,219900
10.105826,0.051568706,1.1951684,6.3921576,2.598486,119000
1.9770856,0.9457817,1.1825709,7.082851,3.2153804,180000
9.681193,-0.3508284,2.0623362,6.338965,3.5370402,95000
2.427669,1.5198548,-0.07421997,5.7515297,1.9574264,48500
10.519069,0.6425636,1.6810982,7.613648,3.4439695,149900
-0.0871952,-0.23169377,0.6907326,7.84083,2.3827763,66000
-0.34874034,-0.12590207,0.05088117,8.769103,1.3197883,105000
8.467767,0.47138014,1.6927581,7.1458488,3.7625911,550000
1.2076633,0.2627302,1.6051149,8.387747,3.228387,259900
1.6791968,1.1062621,1.5686647,6.9921756,2.6727083,195000
9.673086,0.17400302,1.4408785,7.8274508,3.4967122,119990
1.0142065,0.11240268,1.4289218,8.524278,3.1179125,150000
-0.26113328,-0.106638245,0.10979516,8.736139,1.4564873,137000
0.79888827,-0.090170085,0.50856066,8.402917,3.5726657,185000
0.9323367,0.12789868,1.2047144,8.400814,3.4839833,130000
0.62201184,-0.24448569,0.8710372,7.615633,3.0599766,110000
10.587889,0.32441208,0.9898659,6.611556,2.8664646,107000
10.344954,0.23586199,1.0023992,6.5322733,2.7926674,103000
8.685627,0.5236738,2.0021784,6.7780285,3.735666,203000
1.5903871,0.47462896,3.318959,8.255232,3.2851584,147600
1.4321396,0.8130684,3.6382296,8.765232,2.4611306,89000
9.724399,-0.5119705,2.361845,6.5585504,4.487811,122000
8.895037,0.3477438,1.0154408,6.313229,3.2891374,134900
8.907356,1.1116022,2.8744917,5.887487,3.4462922,104585
1.623278,0.42368546,3.3924787,8.221813,3.3253605,110000
9.001819,0.7717249,2.3006709,6.6650505,3.522765,450000
0.7073898,-0.47323617,0.066330925,8.415458,3.71484,123000
4.6400237,2.2502463,1.4883019,6.927604,4.3735104,325000
1.4191843,0.73092735,3.3631878,8.54789,2.608026,93400
1.5891967,0.47854716,3.2967634,8.248616,3.2810316,123250
1.4165303,0.7303377,3.3579397,8.545201,2.6074915,93400
9.895242,-0.43891978,1.9792173,6.0282707,3.8428764,69500
2.7688468,1.3472534,1.2783046,7.033644,3.1317608,255000
4.9137154,1.5232075,1.7004848,6.9277267,3.476593,199000
0.8722703,-0.22004099,1.0677863,8.098945,3.4541852,166998
10.451517,0.6288241,1.7500155,7.6981106,3.3370914,267000
10.261655,0.51339686,1.8201026,6.6379066,3.0010214,125000
10.6381235,0.4038987,1.2202933,6.699643,3.0021343,149000
2.9339092,0.3429605,1.9068922,7.1165943,2.5949686,215000
1.4399495,0.6976019,3.1739056,8.428295,2.7252827,86900
4.585144,1.7155081,1.6709285,6.936996,3.5926194,216200
0.8460457,-0.2620805,0.9403269,8.223124,3.5485294,140000
10.386936,0.31359848,1.475899,6.551331,2.9354246,106000
10.0922575,0.6007902,1.9976295,6.543281,3.0769536,130000
4.643182,1.7767686,1.6615684,6.9380994,3.6948428,339000
8.526879,0.66542417,1.1881442,6.300894,3.3818252,91000
8.498185,0.6775625,1.172312,6.3137407,3.401257,91000
0.52752936,0.30552682,1.5509138,8.237259,1.7042208,123000
9.524121,0.17517208,1.3910596,7.7954807,3.6076832,114000
1.7530757,0.31978646,2.8998137,7.9111986,3.0251315,215000
10.311135,0.39129645,1.4534279,7.9542375,3.5791712,233000
1.6108781,0.44171616,3.357678,8.222891,3.324544,128900
1.4326669,0.8196456,3.6623728,8.786254,2.452091,80992
2.4615293,0.6080172,1.5212169,7.339647,3.9002602,374800
10.657241,0.6674444,1.5070488,8.087341,3.6117506,224000
0.7276727,-0.47591463,0.06235677,8.466925,3.7268054,88999
3.7273676,1.5057709,1.6619885,7.015642,3.2817028,175000
9.992111,0.3779425,1.8745985,5.9967527,2.8310297,94500
10.531146,0.62528044,1.70039,7.15863,3.184536,195000
-0.21059787,0.41901278,1.8836669,4.8512607,3.7080278,64900
0.058995266,-0.0056902687,1.2054526,7.7629857,1.2864631,108000
10.332065,0.49390623,1.7176851,6.69908,2.979224,119000
1.4988956,1.1966228,1.5062916,6.932122,2.8433313,199000
8.658989,0.41053995,1.943839,6.872576,3.6947746,360000
1.43089,0.745549,3.448426,8.608538,2.5483837,87360
10.693076,0.6428667,1.3602978,6.873795,3.3764863,44900
2.1046536,1.5276332,1.3755126,6.8250656,3.00344,179900
2.2228026,0.72538525,1.4007084,7.1933546,3.6901162,530000
0.55362535,-0.34294182,0.13794875,8.320786,3.5825648,99000
0.6362157,0.3957207,1.6076256,8.297481,2.1887202,165000
2.3335252,1.194483,1.2978142,7.007646,3.402759,235000
9.026619,0.40263978,1.8718009,7.1525903,3.4701777,106800
1.050453,0.120679066,1.4752605,8.498613,3.1365302,150000
1.4297864,0.7785258,3.5791693,8.709888,2.497725,100800
9.773086,-0.46777374,2.3770711,6.642584,4.438322,92500
1.4587742,0.72693855,3.4071946,8.572836,2.5342798,78582
8.305157,0.51745236,1.4644754,7.118235,3.8272467,420000
2.3953924,1.0913798,1.629696,7.0654197,2.6280258,185000
8.943036,0.24438661,1.994852,7.148053,3.7113695,328000
0.53140277,0.31474486,1.5511067,8.333034,2.1595623,119800
9.289531,0.17155735,1.8402846,7.4189997,3.5628545,209900
-0.22561267,0.012139423,0.21081442,8.741471,1.7527547,120000
9.25402,0.24880141,2.1173651,7.206899,3.617081,125000
10.70507,0.48968953,1.3334918,6.854865,3.1129467,94999
9.010096,0.3679211,0.91313016,6.3380647,3.4538307,124900
9.590523,-0.12286086,2.0107656,6.2641835,3.454617,84700
2.2251353,1.1535044,1.252689,6.9934907,3.440183,169000
0.7139896,0.025617803,0.67856747,8.69068,3.2104282,295000
-0.33892837,0.9398168,1.1788131,4.1833067,3.1546159,98970
10.617405,0.5319526,1.3981438,6.9242563,3.3386703,127000
9.524526,0.18592677,1.3601197,7.8082457,3.6139545,116000
9.380256,0.53684074,2.1419625,6.3752313,2.9984307,239000
1.8389385,0.6335392,1.80242,7.286598,3.194058,212000
-0.070174724,0.30438375,2.025054,4.932958,3.8997488,114000
4.9107947,1.5381528,1.7098296,6.9136443,3.470938,229000
0.91540116,-0.0303591,1.066877,5.7589335,4.1538224,126850
9.5879345,-0.118603654,2.0349412,6.164685,3.6629672,41500
8.779472,0.7860047,1.2221912,6.131207,3.421131,92999
1.4330281,0.8271412,3.675692,8.79758,2.441764,89102
1.1266663,0.5841198,2.1298935,7.1587725,2.5756161,175000
1.6529006,0.40755743,3.4849484,8.261707,3.4064765,118755
2.479014,0.5223178,1.5556473,7.1526217,3.109304,330000
4.2014074,2.2437987,1.4962118,6.92948,4.307264,175000
9.371374,0.2489472,2.3469365,7.0936575,3.1209126,120000
9.149975,0.5454614,2.0098872,5.9194584,3.7725005,135000
9.0409975,0.42751923,2.008934,6.115837,3.0987082,115000
1.9466033,0.89494306,0.7494115,6.5592823,2.0983942,125000
2.0449896,1.3866816,0.14495803,6.0619264,1.8669918,57000
-0.2003279,-0.07584202,0.18169944,8.716003,1.6744782,95000
1.6560696,0.7254798,0.8039387,6.9111547,3.083958,256120
10.570499,0.32316244,0.9409309,6.6068773,2.854439,94900
-0.17544131,-1.0247425,1.1262593,4.1645904,1.8840482,69938
-0.43183646,0.5591125,1.8511417,4.7040114,3.5027893,84579
10.245833,0.41110417,1.4619107,8.005272,3.5703442,233000
10.029144,0.12370135,1.9380459,6.3016725,2.882847,93000
4.87093,1.5753115,1.7128961,6.906781,3.4711504,168000
0.5272811,-0.3206256,0.09417513,8.292264,3.574363,105000
1.3834401,0.76308024,2.1847534,7.9006495,2.835553,155000
1.4184756,0.74280745,3.408348,8.58072,2.5730546,85200
-0.43173996,0.5513412,1.8853946,4.700276,3.5501747,78529
1.649698,0.8282761,0.13246259,5.1133394,2.5405898,153900
8.116034,0.5042245,1.6223754,7.2161527,3.7769706,770000
1.5210333,1.1201851,1.3956941,6.8007975,2.7677796,285000
1.4542385,0.7219196,3.4154227,8.574779,2.5354958,78582
10.370264,0.6910988,1.7074778,5.8912587,3.2469947,25500
1.7630281,0.32744095,2.9338713,7.934611,3.0556014,125000
9.242963,-0.10495969,1.8803209,5.652515,4.0551662,99000
1.421455,0.7483894,3.4367747,8.602466,2.5618134,85200
0.66258204,0.41140598,1.6506312,8.151799,2.202258,96000
10.58376,0.6520852,1.6906115,7.4648314,3.2812152,169000
0.093361504,0.275095,1.1463817,8.471727,2.020152,75000
10.586705,0.6737475,1.662645,7.984373,3.4630609,192000
9.833961,0.23837666,2.445496,7.123202,3.9080484,124900
9.31832,0.36520576,2.3083544,7.011019,3.2586124,187800
2.0013747,1.0439101,1.4268388,7.1466813,3.613829,159580
-0.23497497,0.011553406,0.18928587,8.7533455,1.7201352,87000
8.802437,0.10076701,1.9487303,7.0133467,3.6477726,240000
9.368897,0.09152484,2.1444912,6.550051,3.5127943,149000
2.074118,1.0485595,1.4396678,7.14218,3.6412904,161175
10.299115,0.30215412,1.2643358,6.6155763,2.9497943,136000
0.291909,-0.36952534,1.3927864,5.1083407,3.2352884,100000
8.475323,0.79208577,1.3619635,6.2723756,3.2938533,230000
8.622367,0.34847522,1.4911026,6.612709,3.296659,249000
3.9848554,1.5387523,1.6713015,7.0181437,3.3822064,215000
8.442373,0.6063737,1.2652256,6.892554,3.7678404,249000
4.2365975,1.6844244,1.7122644,6.980074,3.4529285,125000
8.829663,0.5212349,1.8283561,7.283591,3.5675719,187000
1.5410254,0.7194719,1.7096298,7.785815,3.1915905,327999
-0.26211005,0.17024639,0.9845928,8.0642395,2.1018639,185000
9.524083,0.2026988,1.3629564,7.763529,3.624914,123900
1.1980828,0.45970908,2.326012,8.014479,2.508954,89900
8.127074,0.536516,1.5153544,7.2553973,3.866001,365000
9.783852,-0.19240326,1.8232188,6.2022967,3.193526,109990
0.30654395,-0.07096958,0.9535731,8.076861,2.3109438,155000
0.4495815,0.34349626,1.4824877,8.352013,2.060375,89000
9.75738,-0.26135117,2.3980098,6.850114,4.2577157,100000
1.3872659,0.71270394,3.2753627,8.481335,2.5061603,64800
0.7761615,-0.2905842,0.92193794,8.257693,3.546172,135000
8.977246,1.0678473,2.8047535,5.8659253,3.4064634,85900
0.27518064,0.35374394,1.4881481,8.2109165,1.9519026,125000
9.235516,-0.29151574,1.9032701,5.669309,4.158137,83000
-0.32876822,0.49481854,1.7552278,4.796439,3.3933723,114000
10.331999,0.32167974,1.3660768,6.578993,2.948368,114000
1.3841934,0.32944587,1.0596993,7.5753236,3.4587903,264999
9.712642,0.39442655,0.81623083,6.206064,2.9130836,65300
2.4305825,1.4307046,0.030794416,5.6473656,2.2410455,76500
0.41941744,0.2523588,1.2241383,8.400028,2.0271807,145000
4.372037,1.8243756,1.6625524,6.983967,3.7065744,256000
2.0753062,0.8176276,1.513078,7.2179923,3.2701633,295000
9.316429,-0.066198245,1.6981272,7.664312,3.438534,115000
9.363975,0.1271005,2.1758347,6.6333575,3.4292338,120000
1.4366655,0.82527286,3.6653807,8.789728,2.4434273,80992
1.434676,0.81496215,3.6484556,8.772483,2.4573407,95041
-0.5325754,-0.07154025,0.67171156,7.851532,2.1344745,95990
10.634069,0.40027788,1.1899842,6.71565,2.993172,129000
10.585055,0.64656943,1.6092463,7.847626,3.4707313,200000
-0.1399749,0.70846283,1.0124779,4.185557,3.5228565,134127
1.4334077,0.8244684,3.6694186,8.79191,2.4451187,93000
1.651661,0.4114608,3.4624422,8.255887,3.3849533,115702
4.340073,2.1930723,1.556463,6.9467955,4.2163925,304425
1.4323019,0.8282492,3.6825745,8.8027935,2.4387844,76033
9.260436,0.051978968,2.1302638,7.2703204,3.4965093,107500
4.1850767,1.635746,1.6803468,7.0066123,3.4827187,240000
-0.054532122,0.18960224,0.7206649,7.904879,1.104903,57500
8.586526,0.4957536,1.5936733,7.0918174,3.7412062,263000
8.72612,0.7417679,2.00885,6.741564,3.582633,469000
9.905085,0.21139719,1.9860507,6.3258853,2.7355895,119900
8.48684,0.5758736,1.3598723,6.798547,3.663831,230000
9.492857,0.08956761,1.3903047,7.878748,3.5478764,112000
9.97015,0.08658636,1.9554604,6.283733,2.852268,119000
-0.2972918,-0.11812826,0.080209464,8.735547,1.3938408,92500
1.5955521,0.4706612,3.3183086,8.251084,3.295169,148700
2.5440943,1.4921384,-0.071563736,5.64791,2.1465147,73000
4.6271286,2.2378397,1.4660176,6.959426,4.406184,359000
8.20126,0.49900353,1.8304156,6.479203,3.1620812,190000
4.6154985,2.2386882,1.4684339,6.9596257,4.4014773,299000
4.631524,2.2411633,1.4688817,6.9531245,4.4016747,299000
9.137431,0.6057833,2.1434946,6.4311357,3.1992035,155000
1.4342921,0.7931442,3.5872488,8.720691,2.4861317,92975
9.24376,-0.2242156,1.8907642,5.6607103,4.12818,82990
1.9428327,1.2261368,1.5044525,6.920362,2.7178235,185000
4.7167687,2.19768,1.4635345,6.9838843,4.410895,459900
1.1947272,0.36399078,1.5764154,8.297979,3.233076,279450
10.072353,0.6706316,1.9914495,6.1885734,3.0468147,25500
10.654596,0.66870254,1.5430356,8.2143755,3.5893111,250000
-0.24053235,0.06746212,0.2798852,8.715309,1.8051276,124500
9.233625,0.7313756,1.1824876,6.322313,3.3710537,47500
10.251103,0.49820116,1.86245,6.531249,3.04263,94800
8.973661,0.60348636,2.2045803,6.814658,3.4592216,485000
9.163305,-0.06417412,2.0157032,6.1399655,4.151724,95000
1.6087812,0.44696808,3.3504863,8.228681,3.3187923,128900
2.800881,1.3281235,1.2468213,7.0108895,3.1958027,368000
9.136923,0.44079405,2.1695168,7.137119,3.4598088,369000
1.3885244,0.7165588,3.2903175,8.490382,2.4940462,64800
0.76039433,-0.062338565,0.91005874,5.2830606,4.5705485,93900
-0.48406518,0.939384,1.2204041,4.0170054,3.2839732,76700
8.868278,0.5832262,1.6847973,6.903592,3.653253,165000
2.057025,1.0878807,1.6021979,6.946869,2.5538971,165000
9.32454,0.09667469,2.1680868,7.303617,3.5758038,115000
10.395985,0.4759471,1.4572611,7.9011455,3.5385053,145000
9.407764,-0.124491155,1.82436,5.5564933,3.93686,73000
0.34933877,0.26582175,1.2718964,8.547306,2.088579,154900
-0.0072038835,0.46658698,1.3152441,7.969951,2.0302355,118000
0.64420265,-0.2575426,0.7668403,7.772494,2.921444,200000
-0.2042503,0.40998304,1.2263426,8.047357,1.9010894,115000
2.450706,1.43556,0.014520139,5.634915,2.2393456,77450
8.710784,0.5331534,2.0031345,6.7477636,3.7478378,188000
9.4834385,0.0990968,1.6755987,7.602458,3.474295,125000
-0.2311679,0.033779737,0.3146903,8.685405,1.8223774,129500
10.169443,0.5897832,1.990383,6.723103,2.9905498,92900
0.3758322,-0.16224644,0.3720308,7.714042,3.5565603,128800
1.4180975,0.7325874,3.3660433,8.552188,2.6043346,102899
1.5366138,0.16909647,1.2741632,6.6010995,3.8344412,261735
1.4150065,0.7423969,3.4037921,8.575298,2.5662632,92000
2.0252168,0.9291642,1.078053,6.915317,2.8874178,299000
1.0532644,0.39557937,2.028559,8.022834,2.4333584,154000
8.618764,0.45123,2.0080597,6.4262447,3.0645928,159000
9.332352,0.2605867,2.3175972,7.1243734,3.1925848,141000
0.43099988,0.24476404,1.3159419,8.532725,2.121871,175000
4.834218,1.5557104,1.7242056,6.904955,3.4317553,124650
10.438506,0.0026838365,1.7094868,6.084653,3.5307863,70900
9.335521,0.25579035,2.144117,7.26606,3.497415,130000
4.730478,3.5926244,1.4703113,7.046817,5.1702857,210000
1.4259632,0.8170954,3.66342,8.788655,2.4514341,91240
0.15480438,0.1700619,1.1297495,7.7389884,1.1623731,74900
1.2536128,0.39553407,2.4104433,8.029418,2.5556762,157000
8.345407,0.5129863,1.7350559,6.614007,3.3350449,189900
-0.57004976,0.11098678,0.6468641,7.5719357,1.9203753,77000
9.43279,0.12454215,2.2006617,7.0773554,3.8855462,188500
0.16029574,0.32383016,1.2660251,7.9304805,1.4571619,70000
8.691556,0.2670255,0.80715805,6.247703,3.3350518,65000
4.7499933,3.6089988,1.4427058,7.0169625,5.190435,158800
9.049143,0.76147276,1.638285,5.9148765,3.2358963,85000
9.15254,-0.0786003,1.9732559,5.654494,4.142178,137298
-0.13535863,0.7064957,1.0096228,4.1902328,3.5229878,146766
-0.21871981,0.7797049,1.0282288,4.1126637,3.4150157,109251
-0.20225836,0.7530976,1.0301226,4.1282353,3.4620976,119958
9.899891,0.23579913,2.016385,6.3691697,2.8304403,86500
9.509819,0.09845165,1.3569477,7.9156427,3.562578,107000
8.174961,0.51109123,1.5574571,7.205039,3.81931,540010
9.371009,0.24335866,2.271145,7.0860066,3.1982505,119000
0.19181202,0.15281092,1.2487618,8.34315,2.084965,160000
1.2085156,0.2711336,1.459714,8.349065,3.263809,170000
1.3636452,1.0279828,1.6925136,7.194101,2.803662,177000
10.306208,0.49239463,1.4788553,7.934801,3.5841303,405000
10.49674,0.5959865,1.6751266,7.147912,3.1765516,184900
4.778869,3.6590848,1.4277244,7.0123544,5.228231,195000
1.9476787,1.1938965,1.3347957,6.8633485,2.7325914,170000
8.3295355,0.5018711,1.740014,6.3847046,3.1069202,215000
-0.39653742,0.099606365,0.64092267,7.754739,2.0017889,70000
-0.1648681,0.34595767,1.255136,8.111229,1.9503634,78000
4.042899,1.6237063,1.7514951,6.9681163,3.295398,81100
2.350474,1.4080303,0.07710845,5.6779613,2.2311795,84500
8.690039,0.78760624,1.1149727,6.2483354,3.5272255,129000
1.2951225,0.40701085,2.0283701,8.158157,3.0472798,250000
8.51818,0.743154,1.066433,6.308533,3.412499,130000
2.235704,0.98204476,1.6074201,6.981919,2.5610874,349000
10.538651,0.6488048,1.7063274,7.7659383,3.3601384,170000
8.674785,0.26016438,0.8127751,6.2551827,3.333223,99900
-0.091362365,0.26612726,0.9089003,8.088461,1.4266223,139000
1.3811784,1.0495759,1.341379,7.02078,2.5007994,59000
0.6881927,-0.03266306,0.657596,8.642143,3.2803428,245000
0.6452729,-0.026681975,0.64005536,8.676546,3.211501,175000
10.494653,0.62888354,1.704371,7.73943,3.349683,330000
0.51038414,0.30399874,1.5082749,8.211131,1.7494273,115000
8.955595,1.0906326,2.8358624,5.8636975,3.4131289,85600
9.096686,0.027773846,1.9831432,7.1348042,3.6567729,249000
10.597364,0.32676408,1.0056033,6.6188173,2.872713,107000
8.065591,0.9889634,1.2556504,6.399907,3.1478212,129500
-0.09429239,-0.055979516,1.122223,7.705953,1.2479479,105000
9.937043,0.5504749,2.0082884,6.189367,2.8152277,68000
8.440541,0.47413734,1.5808735,6.895324,3.6755104,295000
9.2060795,0.41474226,2.187809,7.167522,3.483196,149999
0.4970856,0.2901866,1.4069318,8.268577,1.8257875,76000
9.80266,0.5103403,1.9984719,6.2971845,2.7595584,79900
8.1251545,0.52445406,1.5507581,7.2587843,3.8493721,485000
8.245666,0.16680141,1.6901689,6.7948427,3.0419264,240000
4.010813,1.4902309,1.645725,7.0396333,3.4295073,260000
1.7568635,0.7844912,1.340861,7.2796645,3.5059483,280000
1.3279514,0.3411565,1.525766,8.234306,3.3675263,320000
2.3698382,1.4175696,0.08585173,5.6830583,2.2510247,77450
2.441612,1.4170347,0.0058878073,5.6541724,2.2331958,64999
2.0464702,0.5931535,1.4025775,7.4248304,3.8287365,443000
0.61663085,-0.015692454,0.719781,8.550915,3.119025,157000
9.517511,0.1875968,1.3943584,7.75892,3.597717,120000
9.280272,0.19164865,2.06033,7.3396554,3.488762,95000
-0.3611562,0.020245701,0.941761,8.152508,2.100757,94000
-0.043809358,0.2880508,1.9956324,4.971222,3.9346008,95371
8.478324,0.67193115,1.2257564,6.2959027,3.3238723,73498
9.120667,0.31327796,1.9652988,7.2589993,3.5210197,159000
0.6911306,-0.062486093,1.0533813,8.003128,2.8441086,130000
-0.099206224,0.46148825,1.3214066,8.005569,1.9977659,119000
2.5077796,1.4339514,-0.051314395,5.602271,2.231783,76230
0.94827694,-0.13258837,1.0976468,5.6232047,4.5496783,160000
1.4247198,0.739192,3.4110487,8.578552,2.5857124,104865
1.8371097,1.3179356,0.5942393,6.5085974,2.1081445,108999
9.238018,-0.1859078,1.8477587,7.6770678,3.2810843,131900
1.4153721,0.71777564,3.3213873,8.515819,2.6135151,95000
9.037544,0.9386418,2.6282923,6.0039363,3.3270557,136000
9.24174,0.15094031,2.202406,7.299149,3.4648464,161999
1.6301202,0.09774089,1.1908903,6.640463,3.5814285,335000
8.601247,0.7334631,1.1329967,6.266659,3.4016871,200000
0.03215581,0.2152684,0.8094684,7.7657924,1.1518327,86000
8.815918,0.22591385,1.3270137,6.791409,3.4024866,325000
2.2049584,0.26641002,1.0991044,6.8113794,2.9416373,368800
2.2010067,0.24109349,1.1336303,6.820984,3.0022268,368800
2.1226223,0.38329384,0.8228524,6.6307864,2.7372146,241700
2.1201808,0.40418237,0.7808501,6.612829,2.735415,233625
2.1137373,0.3962167,0.8013128,6.6357837,2.7629256,233625
2.1177843,0.4053747,0.79157,6.6137223,2.7388282,229375
-0.2935204,0.5767044,1.7544798,4.7770023,3.481213,105800
10.049397,0.27221036,1.7550609,5.998806,2.7807095,52000
1.2023722,0.29074556,1.4361979,8.376405,3.2810361,300000
0.39738744,0.31171018,1.59743,8.283068,2.0118446,120000
0.53492635,0.47431156,1.5726752,8.109235,2.1731026,204900
1.4010559,0.72267973,3.335411,8.519427,2.490839,77000
1.3818897,0.6573226,2.951114,8.265059,2.592013,64800
9.2903595,0.36597484,0.8431242,6.183073,3.0804894,35000
8.856128,1.0974501,2.8936834,5.966993,3.4654808,135000
9.75312,0.4215382,2.195664,6.47419,2.845376,87000
1.9004064,1.0363673,0.52789783,6.2309313,2.183028,190250
1.7723411,1.1158532,0.6351415,6.4119434,2.2342753,172625
1.7483164,1.1031612,0.66058713,6.413566,2.2535572,172625
1.8517102,1.02456,0.63865936,6.3603325,2.155895,169750
1.7881249,1.107572,0.62906015,6.3913064,2.2140384,149125
1.7814364,1.0981855,0.6218538,6.3801,2.1937804,149125
1.8114029,1.0958344,0.6145629,6.3646646,2.1938348,148525
8.408906,0.49574894,1.7343932,6.3161373,3.0646436,159999
9.571319,0.06509016,2.0131838,6.270352,3.4668236,125000
9.93099,-0.042710163,1.935172,6.227323,2.9521847,99990
0.7266743,-0.47158393,0.04937327,8.481918,3.7257934,119800
9.659268,0.16727543,1.3853917,7.919387,3.5593677,210000
0.24842133,0.32825658,1.3641517,8.333859,2.0093036,85000
2.351861,0.6170117,1.447867,7.2130375,3.8668616,790000
0.091360606,0.24490279,1.0414661,7.6326895,1.1349888,86000
10.180398,0.37938476,1.8964846,6.5515547,2.802949,109800
1.8352021,1.1536785,0.61793536,6.419653,2.295829,178999
2.1397028,1.5116532,1.3956872,6.837258,2.9978955,125000
9.962622,0.25726146,1.3181381,6.656329,3.2168622,109000
9.90844,0.11938204,1.9081774,6.294241,2.9202375,94500
3.3653176,1.4309198,1.679491,7.029098,3.1091862,124999
8.551349,0.78156245,1.1398612,6.2839847,3.4040465,159900
0.6335692,0.07752296,4.5412807,6.0867443,3.173288,89600
1.326763,0.58156806,2.6321414,8.062414,2.5749967,74000
2.1450531,0.34420228,0.8883214,6.6800942,2.8124306,265900
2.1541638,0.34706277,0.8782291,6.669403,2.8094962,265900
2.1252532,0.37311575,0.8351003,6.643024,2.762023,208800
8.642797,0.77173233,1.151865,6.274361,3.55922,229000
1.3033285,0.56494164,2.4177985,7.9883595,2.5866647,145000
1.1727957,0.21034862,1.584737,8.398495,3.2121973,169750
9.049079,0.5347682,2.3406532,6.3642282,3.066972,148370
9.957746,-0.19928554,1.9748135,6.0876946,3.1234002,86500
0.8905033,0.12523787,1.0237075,8.701769,3.1167939,225000
1.9820497,1.3400425,1.2266462,6.8309064,2.8676496,182900
9.215664,-0.033190202,1.879144,5.650404,4.0325017,78500
10.417879,0.63931876,1.8370078,6.83846,3.0323822,85000
1.9451293,0.62142515,1.6138743,7.606579,3.5687883,629000
0.5093219,0.35625944,1.3709645,8.39728,2.2092247,79500
10.578837,0.5715533,1.3739513,7.9303145,3.646166,199900
9.29522,-0.052881766,1.649578,7.662462,3.4564319,130000
4.228437,2.223314,1.4549938,6.9782205,4.3770695,299000
9.212244,0.56960523,2.275204,6.827448,3.4679525,249000
0.33344552,-0.30231777,0.4072338,7.7796,3.5704744,98000
10.26123,0.19776472,1.3783023,6.4895763,2.8036916,93000
1.5364276,0.81486636,1.4509867,7.1547313,3.274129,316500
1.89874,1.2384133,0.4470614,6.3206544,2.3847125,166000
1.0455554,-0.06017655,1.3363658,8.415429,3.3862777,120000
8.756669,0.5644858,1.2031267,6.2061973,3.298575,189800
9.6069565,0.37675214,0.8821073,6.199515,2.9536343,61999
1.5925232,0.44202602,3.290964,8.201977,3.2662928,199500
9.881702,0.2143238,1.9665866,6.4037166,2.811508,90000
10.623689,0.38438347,1.175914,6.703736,2.9986572,168000
10.330416,0.62320584,1.8252505,7.7256413,3.3760338,299900
0.50903684,-0.19656168,0.57615435,7.699567,3.7267802,144900
9.962165,0.39630818,1.7597382,6.3433805,3.3312387,192900
1.2924392,0.33703956,1.4970703,8.267754,3.3409598,335000
-0.22406214,-0.091443,0.15488045,8.715993,1.5818568,90900
9.950209,0.6667142,2.2210414,6.768722,3.2025154,73000
0.9926143,0.18784519,1.3955364,8.424597,3.2578716,105000
-0.09316613,-0.18444894,0.7366563,8.010139,2.30303,83900
2.1147866,0.4403849,0.7634526,6.6050825,2.7350922,194800
0.9036143,0.15987648,1.2708932,5.8871493,4.0596805,228000
-0.06156674,0.43635476,1.3040146,8.03326,1.9860563,118000
2.2940621,0.106399685,2.30189,7.4211063,3.3332064,369000
3.0735807,0.16640636,1.9034208,7.1794705,2.6332128,410441
3.1525862,0.13640775,1.9356028,7.1757965,2.5597503,269182
3.132181,0.13780385,1.9319174,7.1786942,2.5484476,187801
0.14035738,0.16583486,1.2428463,8.30614,2.1013806,176999
4.893853,1.5501431,1.7236618,6.903932,3.4445908,149875
10.48275,-0.14684926,1.8257191,5.964084,3.2729065,79000
8.18598,0.5403312,1.6619984,7.2307863,3.7814999,850000
1.3860395,0.5901406,2.8624434,8.160668,2.5741923,83000
-0.50072515,0.9359874,1.2552296,4.036006,3.2875268,93847
2.29815,1.4105754,0.2511019,5.8738422,2.2974603,129000
9.845891,0.08746768,1.9848665,6.2328463,2.8614686,188000
1.3098114,0.21297799,1.4060794,8.212919,3.4671617,364900
1.0921377,0.22073203,1.2264953,8.139576,3.4929535,265000
8.561661,0.5686909,1.0137986,6.402118,3.5163944,92500
2.0978227,0.46636143,0.75409085,6.607918,2.7324464,182000
1.9019153,1.0622733,0.5351647,6.239077,2.220878,164100
1.8842771,0.9174648,0.65780324,6.305722,2.1412733,140400
1.422676,0.5543005,2.8988657,8.140754,2.6222093,84000
1.4288763,0.7837557,3.581243,8.709462,2.4910986,89600
10.111184,0.5710639,1.9824755,6.7521276,3.1711628,133000
2.468909,0.6525669,1.4789219,7.169788,3.1936784,330000
9.271627,0.3514276,2.0590916,6.247496,3.1814177,58000
0.8728823,0.093639076,0.9778853,8.648792,3.1476274,222998
2.0518808,0.8555938,1.2973514,7.102428,3.2402518,229000
8.623415,0.63017774,1.183186,6.3230896,3.4286103,175000
1.9303966,1.2518597,1.3599101,6.852444,2.7478855,158000
4.6380925,2.2371397,1.4721836,6.9474063,4.3938804,150000
1.4346831,0.8522647,3.7069356,8.827778,2.4147637,90074
0.6920949,-0.17709313,0.8691779,7.7821097,3.007491,148000
2.1022513,1.4699954,1.3491733,6.8284674,3.0519814,215000
4.070187,1.6301725,1.7436731,6.9727106,3.322641,108000
1.1123593,-0.08945586,1.0479033,8.371629,3.7510557,188000
8.567684,0.33432764,1.3050002,6.878901,3.7691057,340000
-0.065777205,0.07914011,1.1516223,8.27574,2.0933373,129998
10.297799,0.47065148,1.7969292,6.6369557,2.9249828,155000
-0.21818022,0.20288388,0.7467069,8.580911,1.9275213,97990
0.15564777,0.17880832,1.1308645,7.744608,1.1918031,62500
0.2991926,-0.30484822,0.38540682,7.768684,3.5548592,74900
9.157612,0.19488807,2.0807471,7.1482024,3.7327373,249000
10.527775,-0.15945292,1.8140754,5.9338894,3.321111,68500
-0.31109786,0.1515882,0.769735,7.9015937,2.0031075,78000
10.410213,0.007606504,1.7498472,5.899782,3.401576,65500
2.322066,0.73431474,1.3990234,7.25674,3.7849853,179000
0.8434202,-0.2519792,0.46570763,8.282291,3.5818717,214000
10.353211,0.24807669,1.03308,6.5498214,2.8112214,100000
-0.27534527,0.17436425,0.71541107,8.544861,1.9399493,154900
1.9687483,0.8143886,0.7040134,6.3342156,2.0590305,118400
0.7399005,-0.1741181,0.89472216,8.416224,3.5392683,119900
1.6065029,0.3811676,3.4854033,8.028238,3.4633381,186375
1.5833493,0.37838537,3.5026221,7.9959726,3.466946,186375
-0.28588375,0.1821721,0.7260307,8.515898,1.9258556,130000
9.797248,0.4279506,2.1528583,6.449487,2.8427048,97000
2.4320145,1.4330237,0.022412525,5.6246443,2.2416434,83000
4.637403,2.2489462,1.4730043,6.936738,4.395982,280000
9.172275,0.50188,2.1415904,5.8667955,3.9215844,129000
10.542816,0.5752578,1.4225624,7.6315947,3.6603868,249000
1.9849539,0.93478715,1.4453894,6.949027,2.774938,224500
2.9769945,1.2830096,1.6715593,7.0853047,2.9864588,143000
0.68132585,-0.10829608,0.117635734,8.53635,3.4800727,124500
8.859311,0.5861664,2.0505438,6.7913394,3.612595,267000
4.6122465,2.2496812,1.4532105,6.9653106,4.426232,318000
1.8687686,0.2862689,2.912787,7.8833933,3.0965521,150000
1.7969123,0.30951113,2.9306142,7.9170537,3.0473897,123000
0.6930042,-0.38016155,0.89735574,5.2149925,3.8043027,165900
1.4394314,0.7783244,3.5544252,8.696963,2.4894912,104865
1.5863389,0.48386112,3.3121579,8.264595,3.2698276,126140
2.245453,0.5752893,1.470466,7.4039106,3.931774,790000
9.37151,0.08454055,2.1781962,7.229876,3.7016916,139200
0.97084135,0.15081778,1.1477026,8.31136,3.494508,233000
9.720774,0.6645287,2.4511838,6.942253,3.433574,137000
9.214221,-0.089641236,1.8748139,5.6276913,4.0913486,99500
9.179402,0.4221462,2.200654,7.154802,3.4835274,149500
1.0978365,0.094488464,1.4919579,8.43618,3.2563171,137900
9.306452,0.08981559,2.214255,7.280237,3.2920136,121900
9.7185335,-0.505155,2.3827083,6.541144,4.509442,99900
9.968249,0.5765666,2.1767783,6.9013195,3.486136,107900
8.705364,0.17339806,1.2250324,6.3612595,2.805488,93900
0.6647782,-0.32332972,1.0535877,5.3954372,3.805927,165900
-0.24313858,-0.07860697,0.12609087,8.723017,1.4815818,245000
8.934349,0.6563796,1.9299188,6.60643,3.4758785,156000
8.432537,0.4845252,1.6960411,7.253153,3.7293496,233000
1.582386,0.4933779,3.3083985,8.27505,3.2510142,111157
1.9933213,1.1377685,1.5339609,6.9326677,2.6032453,260000
2.3366587,1.4039856,0.09161118,5.7196035,2.236863,82999
1.8894539,1.1636604,1.4443476,6.818329,2.6145902,260000
1.4376929,0.74236995,3.4467242,8.607241,2.5419722,87360
1.594508,0.4548957,3.256355,8.196043,3.174557,105840
10.415827,0.6287377,1.8177743,6.750937,3.0034049,49900
0.47950926,0.13751519,1.3010871,8.021564,1.8895265,60000
2.4042282,1.3662496,0.025661625,5.7742953,2.1453464,48999
1.4161452,0.7404621,3.3881488,8.56853,2.5842385,74000
1.3819144,0.7668813,3.403954,8.588092,2.552551,70000
8.813293,1.1274792,2.9222908,5.984371,3.517142,108000
1.4148046,0.7394973,3.3826563,8.563609,2.5905385,80500
8.819886,0.26622596,1.0407242,6.338026,3.2462096,134900
10.508855,-0.19143881,1.826742,5.918097,3.3860366,69900
0.6096774,0.36268568,1.5664823,8.326801,2.1980913,148000
2.242777,1.338386,0.09762175,5.563492,2.271383,79800
10.622036,0.69000113,1.6675744,7.8972898,3.4388468,145000
0.59394217,0.35077053,1.6400236,8.206608,1.6681736,108000
9.821013,0.5272448,0.9381835,6.6803336,3.2474341,189000
2.3864403,0.5116321,1.5916159,7.369212,3.9102108,206600
1.5402578,1.1013715,1.5779628,7.084251,2.704099,168000
2.0782213,0.99895686,1.2222878,7.118291,3.5633512,305000
0.8989919,-0.022601303,0.9015455,5.401703,4.4165916,129000
4.3106136,1.6925826,1.7111648,6.9761987,3.4767728,109000
1.6037979,0.6959493,1.249581,7.289793,3.5045636,267000
8.717751,0.5037209,2.178001,6.632227,3.5356367,290000
2.6105354,1.4586602,-0.012911194,5.7087955,2.2715294,163000
9.239513,-0.12956725,1.8268583,5.9749713,4.135431,93000
8.716983,0.336433,1.5173489,7.052607,3.618374,160000
0.6021504,-0.26283154,0.13423124,8.361822,3.56874,143000
0.8732485,-0.11683595,0.67060286,8.263468,3.5331864,305000
1.4426281,0.8037281,3.6217828,8.749636,2.4635794,93612
10.338743,0.25941816,1.6685609,6.4868307,2.8294325,165000
1.1224898,0.5731301,2.1636403,7.1601157,2.58185,140000
1.0553443,0.52519286,2.1202137,7.1750016,2.5402067,149000
1.0446619,0.51891375,2.1400523,7.191493,2.5467324,153000
1.1900288,0.62944275,2.1186538,7.146447,2.614031,177900
9.325838,-0.020682724,1.6335605,7.6266413,3.489997,192500
1.2258285,0.6491984,2.112263,7.137895,2.6374664,172700
2.228716,1.1871272,0.3155809,5.829,2.501672,240000
2.219468,1.3298001,0.1092136,5.56052,2.2760506,96500
2.2579155,1.3426706,0.097500555,5.5667806,2.274551,98500
1.6187032,0.41481197,3.4007378,8.1615505,3.4106889,184691
1.5950893,0.4357815,3.0933979,8.096589,3.1059546,126500
8.82829,0.21480459,1.8496941,6.9536734,3.8399584,260000
-0.20382084,0.1829801,0.81352115,8.398814,1.6902238,107000
1.6098738,0.45392606,3.3753557,8.256112,3.3135767,122000
9.319695,0.30211997,2.329305,7.0297604,3.1686258,156000
0.7077368,-0.2769196,0.03452636,8.527533,3.5698204,106000
0.21221545,0.2835358,1.2737548,7.8677983,1.3758535,63750
1.55492,0.45021564,3.0081556,8.057377,3.1094766,124000
1.5942094,0.47295666,3.3320622,8.2594385,3.2897294,122000
8.269251,0.91707444,1.6508164,6.8667765,3.8307407,175800
0.79850674,-0.39318174,0.99606067,8.487613,3.5249317,139990
1.8767568,0.9796067,0.4992268,6.5369177,2.6475883,297000
10.297136,0.22809164,1.050776,6.533811,2.823158,124990
1.4318166,0.79419684,3.6043515,8.731325,2.4803538,84900
9.007924,0.69207746,2.2272086,6.7067623,3.4927557,159000
8.671065,0.14293945,1.2737238,6.4121857,2.820771,165000
2.032871,0.78437495,0.6849345,6.4098616,1.9640726,188000
2.5140963,1.4564428,-0.041148555,5.626102,2.2062993,65000
2.4809384,1.4479501,-0.015488319,5.6204863,2.2249966,77450
2.6471963,0.016655115,1.8318138,7.322633,2.6061544,249000
9.879578,0.20573011,1.9915432,6.3736153,2.8009,144300
2.508362,0.6259589,1.5380155,7.319909,3.8583386,545000
8.737719,0.36686662,1.8005288,6.8747854,3.8476489,269000
9.724748,-0.24674582,2.4184005,6.816076,4.2784715,124990
0.084462665,0.24851795,1.9053453,5.079192,3.996096,159000
-0.021006515,0.27309418,1.9971237,4.9873896,3.9527926,125000
2.073447,0.915658,1.4303634,6.934252,2.7010067,299000
1.6038464,0.7250836,1.4234328,7.3779106,3.471232,235880
3.1577795,0.14943327,1.9471759,7.1761193,2.5565677,225000
1.4471663,1.0752761,1.6026199,7.027522,2.732932,182822
2.506222,1.5468996,-0.111167684,5.680584,2.0230055,49900
8.385005,0.5186177,1.8892787,6.376084,3.0813632,164000
1.440525,0.7346834,3.4248312,8.589498,2.5520668,129500
1.4551015,0.72444,3.4606292,8.605935,2.5406375,129500
9.781368,0.5197653,1.976112,6.2798305,2.7468743,145000
10.560787,0.6512254,1.700948,7.4410124,3.2915235,149000
8.998803,0.881768,2.542621,5.8072076,3.6099148,105000
2.0537698,0.8993978,1.4842552,6.9205627,2.6216016,245000
0.96108055,-0.047437698,1.3033365,8.470613,3.275849,115000
9.363077,-0.35333067,2.235173,6.945107,3.9666226,200000
8.576796,0.11818674,1.9096792,6.921673,3.5699277,335000
1.627066,0.40780583,3.4272606,8.164415,3.3997638,132500
8.140542,0.48645398,1.6654625,7.316083,3.799674,750000
10.504605,0.6401413,1.7117318,7.755366,3.3541727,405000
1.43203,0.7330195,3.401962,8.573471,2.5701802,85900
0.70995915,-0.06814333,0.1597605,8.495156,3.4586613,125000
8.944534,0.87314504,2.645456,6.149428,3.3344073,205000
3.4475505,1.4668995,1.6366265,7.0196686,3.1651978,175000
2.0226784,0.818446,0.703731,6.4379764,1.9776961,188000
4.117891,2.1297708,1.4525273,7.0075254,4.3273377,260000
0.5240996,0.28285855,1.5486058,8.34508,2.1587136,115000
8.715682,0.2920364,1.3439084,6.92065,3.5809803,118000
9.062973,0.2892321,0.8777312,6.2016697,3.0877697,85000
8.648388,0.22869556,1.245883,6.661845,3.6602244,250800
10.606079,0.3449448,1.10046,6.645809,2.9170058,178000
8.558812,0.52083486,1.5597094,6.256488,3.1698048,308999
2.3248897,0.909496,1.3320194,7.188868,3.6233587,430000
10.40228,0.60303915,1.7411782,7.8873096,3.4329376,175000
10.544017,0.6637852,1.6927791,7.9960675,3.4525695,119000
0.027246878,-0.778685,0.95875484,4.4567223,2.2209935,45000
8.918272,0.22483294,1.0332904,6.271822,2.9406798,99000
8.40879,0.49317443,1.7598269,6.305954,3.047866,250000
4.070548,1.5888306,1.6463382,7.0742183,3.568284,355000
1.6197914,0.4259467,3.3927822,8.223574,3.3232543,128000
9.085635,0.30865276,0.8502111,6.1871753,3.1238148,49500
8.8263235,0.58146083,2.2197468,6.342079,3.1836789,134000
8.770404,0.41100353,2.215978,6.678424,3.1609466,180000
8.734666,0.39800417,2.1838973,6.671701,3.1341085,162000
8.73669,0.46038005,2.1061242,6.3157125,3.0198028,130500
1.1942593,0.20899746,1.5707527,8.381187,3.2504032,284000
8.230944,0.5044236,1.5128218,7.1620846,3.8181884,369490
10.546646,0.66515726,1.7247287,7.766905,3.3812485,155000
2.2595,1.0476217,1.2938575,7.099741,3.5374215,195000
2.401245,1.3475473,1.3304656,6.973157,3.026752,155000
9.35296,0.2991532,1.3663368,7.798484,3.7314608,154000
9.062631,0.28910634,0.895482,6.2040367,3.058629,94500
9.324763,0.21966599,2.2668524,7.143814,3.170269,225000
9.604674,0.15840444,1.4386349,7.8346,3.5356967,110000
-0.5710271,-0.14112094,0.58841944,7.8067627,2.1958442,77000
8.546087,0.7817983,1.1468472,6.3484535,3.4885051,125000
8.920936,0.840148,1.8394803,6.045901,3.5112393,179900
2.7239294,0.013236693,1.8423569,7.2988396,2.602137,330000
10.255726,0.2137454,1.0492879,6.516118,2.8146944,126000
0.99265546,0.08229359,0.7974774,7.9456124,3.918706,250000
0.8842356,0.4174113,1.4839731,8.62186,2.6941202,110000
8.853864,0.46308434,1.8565494,7.019838,3.4889922,110000
9.529481,0.19333778,1.3706042,7.7956,3.6227648,99000
8.420479,0.51419896,1.722747,6.291943,3.0736477,170000
9.811376,0.53325653,2.0324025,6.267517,2.762262,116000
8.810951,0.30546436,0.91974366,6.2844634,3.3181682,153000
9.8575325,0.5094279,2.008501,6.287372,2.7424493,77000
1.5668468,0.49261236,3.2621295,8.199476,3.2658489,136363
8.570036,0.6353907,1.0134767,6.3429284,3.4956949,94900
9.447497,0.39192665,2.3237245,6.985138,3.1414764,84500
1.3113029,0.27266926,1.4069054,8.213409,3.4420452,345000
1.3772732,0.32968602,1.5012182,8.223297,3.421054,345000
0.6785067,-0.08172687,0.12897442,8.471437,3.4819698,119500
1.4276433,0.7504962,3.4618006,8.619132,2.5482213,85900
2.203105,0.52409625,1.4821659,7.455234,3.9100077,599000
10.230422,0.45750862,1.6275941,8.0393915,3.5448406,315000
8.33469,0.50363326,1.6133338,7.1655493,3.8305237,550000
4.801323,3.6938658,1.4134754,7.0078115,5.256508,96000
4.078793,1.6126086,1.7098975,6.9957347,3.3684044,159900
0.16228421,0.26074868,1.1231148,7.7058425,1.1920044,75000
-0.2841714,0.12166299,0.59535843,8.559501,1.679973,194999
1.414848,0.6941662,3.1421244,8.402221,2.727408,86500
9.147499,0.33579704,2.250753,7.0439687,3.3964813,231000
1.5628892,0.44399798,2.9343255,8.062367,2.7964025,82500
1.6723161,0.69063663,1.2721759,7.353002,3.422127,295000
2.6758811,1.3558128,1.3891397,7.0492983,2.8215845,180000
2.567136,1.1625335,1.3491307,7.1213665,3.6904116,178544
1.2284948,0.4154681,2.1265924,8.07525,2.8553538,162000
-0.39766222,0.5351293,1.8312333,4.741653,3.4827259,91000
1.747144,0.7702035,1.1904758,7.291455,3.58957,269000
-0.7070369,0.13075064,0.701628,7.855376,1.8954449,82998
9.853651,0.52382046,2.0256894,6.317997,2.797,59900
1.670149,1.1830261,0.571319,6.4668336,1.9717685,168354
0.568734,-0.44175637,0.87122995,4.974464,3.178488,99900
9.665935,-0.48027313,2.188206,6.361032,4.2720575,80244
1.0926251,-0.14475723,1.0762532,8.451206,3.698995,160000
2.4089422,1.4220375,0.033391442,5.632632,2.2395825,73000
2.3947902,0.5067502,1.5359625,7.402644,3.9550447,845000
4.2548766,2.1901143,1.4731946,6.9881907,4.3380055,249000
8.324364,0.5323413,1.4024662,7.0814943,3.8314493,165000
8.078677,0.27525467,1.8590578,7.005734,3.289586,250000
-0.47147313,0.21677494,0.22714452,8.92811,1.5285306,121000
9.743999,-0.25409776,2.4176133,6.8297954,4.2780085,120000
8.120302,0.30079052,1.9689465,6.8883796,3.1587868,470000
4.8010178,1.5480673,1.7121018,6.919524,3.4482112,190000
0.6042669,0.36703777,1.6960616,8.250201,1.6095608,38000
8.775377,0.17076468,1.1948414,6.3432775,2.8138611,73900
9.86847,0.4139101,2.123808,6.399386,2.8312144,64000
9.1228,0.44544235,2.2079327,6.9351435,3.5087676,295000
0.7405188,-0.09833419,0.31759256,8.491428,3.5272467,118900
0.41121078,-0.31605303,0.09473307,8.181829,3.4990814,104000
0.72059894,-0.45993587,0.04367506,8.455711,3.7091715,129800
1.0055387,-0.03020405,0.9022996,5.5379043,4.597206,203000
-0.48448887,0.9143494,1.20314,3.9793704,3.3035905,93700
8.345611,0.55079097,1.7299457,6.5131593,3.3140512,259500
4.1724653,1.661188,1.7154936,6.9872417,3.4145865,134000
-0.52301437,-0.14338169,0.67420524,7.9466534,2.1799965,110000
9.644888,0.21064867,1.4364594,7.7687216,3.5490859,87000
10.3712225,0.5750467,1.7060069,7.868734,3.4456542,169000
8.064101,0.5492801,1.7050384,7.250651,3.804642,296500
4.2070913,2.2346609,1.4917247,6.935143,4.2985253,195000
10.1686325,0.3050048,1.7964149,5.820631,2.883133,59000
4.228119,2.203257,1.4696251,6.973975,4.3378105,269900
0.6591305,-0.2356407,0.796147,7.7665787,2.9574418,215000
4.183643,2.265998,1.4653891,6.9152737,4.343057,179000
9.567095,0.65891314,2.41151,6.9313602,3.4723263,210000
9.699613,-0.32811904,2.0375967,6.3076625,3.4845405,71000
9.32082,0.15091641,1.9331229,5.684448,3.772618,104000
1.6308641,0.695173,1.2206033,7.2956824,3.4715319,269000
8.39012,0.57196856,1.687212,6.3194,3.1545725,260000
10.155709,0.2128114,1.708568,6.4453335,2.9551988,119900
7.883696,0.38780916,1.9808044,6.5894575,2.9811954,435000
1.9207532,0.9603958,0.81150895,6.4196377,2.1845694,149990
1.20413,0.23794812,1.6040416,8.376149,3.208009,280000
4.2130847,2.266039,1.4709067,6.9347305,4.3559656,119000
8.816181,0.6067683,2.214192,6.2776494,3.1691363,66430
9.750547,0.38051036,1.3864261,7.239803,3.7043743,215000
3.0697625,1.6618762,1.289785,7.115438,2.706277,104900
2.8377135,1.4474698,1.3326085,7.076194,2.8705363,147000
9.493041,0.31177145,2.0851996,7.2793336,3.5538797,130000
1.5074279,0.6646919,1.55485,7.7642894,3.2628105,190000
1.6343747,0.69259393,0.7957816,6.849191,3.0074148,249900
0.5324689,-0.31598565,1.1868905,5.3961864,3.5986993,120000
-0.05255431,0.18716975,0.7214406,7.902771,1.0922695,54900
2.5075624,1.5659213,-0.11914044,5.684185,1.9952451,49500
8.557809,0.6833487,1.0436424,6.318501,3.4493012,139000
2.2890584,1.1253107,1.340876,7.066039,3.3922524,230000
9.430697,0.33168444,2.3271022,7.021534,3.1526473,94900
2.0768685,1.1700219,1.6039407,6.9360857,2.617183,215000
3.1169164,0.16023499,1.9112331,7.1596036,2.5804758,467000
9.287355,-0.054906458,1.9988643,7.4413643,3.3681824,190000
9.67628,-0.3281206,1.9437634,5.804291,3.8962762,31000
1.788269,0.7769722,1.3181105,7.1749144,3.5817282,320000
0.75946563,-0.018306956,1.1081172,8.052468,2.8955886,154999
1.0472572,0.13520256,1.4927665,8.514583,3.1148255,115000
2.039751,1.3270795,0.2609414,5.8123627,2.2985163,124000
4.886631,1.5607284,1.7219595,6.9038167,3.4510386,99999
2.5777779,0.99824053,1.6272682,7.243061,2.9957478,250000
-0.4115302,0.54505247,1.8483335,4.7295227,3.5005805,80000
9.888771,0.5384165,2.067139,6.545588,2.9982266,159000
9.544362,0.46859235,2.3448067,6.989621,3.2770782,112000
1.3925288,0.5705189,2.8328722,8.125878,2.5762372,70200
4.2781267,2.2284603,1.5134066,6.9372244,4.288628,325000
9.145896,0.23150775,1.6546757,5.825534,3.8946266,125000
9.13957,0.67772806,1.6918095,6.161842,3.4226425,142000
0.64438635,-0.0055836234,0.70178556,8.520183,3.1260917,405000
2.0297835,1.0252655,0.5317924,6.1439204,2.1054394,119000
1.9526575,0.9141319,0.6860068,6.4361606,2.057493,119000
10.663425,0.70798236,1.6275551,8.107618,3.4957848,365000
4.241557,2.1876373,1.4438477,7.007905,4.3881316,362478
4.1595364,2.2374492,1.4894722,6.936754,4.3095016,174345
-0.19475116,-1.030786,1.0998315,4.1505866,1.8611935,71600
9.963642,0.23077255,2.2155805,7.0645127,3.9519258,149950
8.537948,0.5759962,1.232294,6.8402176,3.7665203,219000
9.851233,0.54356134,0.90363604,6.6933866,3.258788,185000
10.63475,0.6646238,1.5156543,8.025923,3.6315274,250000
8.742222,0.50293565,2.2409103,6.5823503,3.2263093,120000
9.249861,0.18255328,1.6423892,7.537268,3.582979,165000
9.736746,0.6660673,2.455789,6.9562163,3.4346042,126000
0.6831146,0.4053465,1.5580009,8.266536,2.257359,97000
1.26007,0.42368427,2.4137056,7.9873557,2.5387964,127500
1.4347434,0.769127,3.5297225,8.67202,2.5322514,85900
8.106709,0.9425516,1.2705034,6.4669647,3.266739,259000
9.745767,0.6835178,2.5064218,6.9474006,3.446976,112900
2.6637828,1.2235179,1.7044724,7.1157017,2.829712,135000
9.69189,-0.48418418,2.1648126,6.3216157,4.2313538,79999
0.17494705,0.17637935,1.1406136,7.75361,1.185979,65000
1.7026247,0.51094455,1.760209,7.8633475,3.4915524,399000
2.0751789,0.9623107,1.3122389,7.098361,3.4369311,305000
9.899777,0.1083891,1.9837489,6.273048,2.816947,117500
2.0648994,1.4791654,1.3649051,6.8299265,3.002395,142000
0.10606642,0.19216949,1.0367831,7.8310013,1.17808,107000
8.990575,0.7236588,2.3991563,6.3439474,3.2872844,177000
10.135614,0.21481273,1.6392967,6.5538845,3.699888,118000
10.201419,0.571315,1.850618,6.6753764,3.0232966,230000
2.6596735,1.0170045,1.6376773,7.239232,3.0060136,195000
8.748225,0.74632555,1.1923459,6.2702823,3.5288236,200000
0.042514354,0.03549649,1.2603478,7.989768,1.5387067,54000
1.4253855,0.6951285,3.174896,8.425857,2.7320337,88466
-0.6495528,0.13870806,0.6809695,7.657812,1.8611789,75000
3.1442752,0.1438474,1.9218419,7.1587963,2.5375867,273995
0.9544467,0.10733389,0.8993029,8.181383,3.5987592,146000
0.8198598,-0.33268318,1.0560147,8.339735,3.4912915,137000
8.527821,0.4449311,1.71267,7.1382003,3.7620978,245000
8.50704,0.556225,1.777779,6.8816266,3.7090716,199500
10.690835,0.6872773,1.531114,8.231629,3.6001585,475000
2.026805,1.0297201,1.5688047,6.844653,2.4292185,165000
0.79178864,0.44375896,1.7024016,8.135973,2.2409184,115000
0.4675501,0.25730085,1.506087,8.341394,2.149732,120000
1.4145497,0.5903291,3.0036707,8.2567625,2.5695252,70200
9.853083,0.21399856,2.0348961,6.3369756,2.7752342,116000
1.6496896,0.4087156,3.4666798,8.248232,3.3908274,117082
10.479847,0.6295061,1.7038077,7.7449465,3.374265,405000
8.741949,0.1359058,1.1965704,6.355381,2.754429,165000
1.9418062,1.0595895,1.5153072,6.8120894,2.4283621,225000
-0.14483994,0.19215448,0.9215457,8.362018,1.8884026,82500
8.931404,0.30258304,0.9399627,6.301691,3.343668,94500
8.389304,0.490253,1.9914608,6.7278757,3.3619163,274500
4.078092,1.552283,1.6787263,7.0349383,3.4016843,166000
8.245545,0.3720295,1.8560536,6.7798786,3.2350986,350000
4.745217,1.6513187,1.6936264,6.924126,3.5395527,190000
-0.47800967,0.23479424,0.24317768,8.931934,1.5365872,107900
9.702307,0.6429632,2.415662,6.9618034,3.4095547,123000
8.980879,0.72945917,1.7984585,6.032807,3.4054346,185000
8.268736,0.567993,1.6167599,7.1444254,3.8059118,595000
8.528352,0.64801854,1.8180699,6.9278164,3.7166667,610000
8.609216,0.67310995,1.8105292,6.9105906,3.6981902,475000
1.2274437,0.70565087,1.210236,6.3511643,2.4778845,158000
9.030792,0.70278686,2.1359959,6.707536,3.5729494,395000
8.610121,0.47288674,1.9037842,6.80518,3.694667,320000
-0.07024164,0.44139817,1.305115,8.024227,1.9801301,148500
1.5073836,0.5610985,3.1068585,8.226199,3.0089796,115900
9.211776,0.33617505,2.1950932,7.1751037,3.468706,189000
10.316872,0.5717167,1.8375876,6.7048545,3.0071416,105000
9.185926,-0.007836196,2.0593793,6.129562,4.166638,135000
1.8900597,0.6705987,1.8445494,7.284898,3.1578124,322000
9.141707,0.4204201,2.170928,7.1780643,3.482832,230000
2.3204658,1.1600493,1.3111819,7.031893,3.4305906,310000
4.05923,1.5480734,1.6957066,7.0457344,3.353766,127000
4.063055,1.5549531,1.6871247,7.0384436,3.3744967,199000
1.9666167,1.3836281,0.23404665,6.1953173,1.8998903,87000
9.058878,0.58864206,1.9464715,6.164793,3.3355742,179990
1.3921094,0.7222979,3.3194811,8.509928,2.489828,57440
-0.39830515,0.5384754,1.8402519,4.744553,3.490672,78500
4.087267,1.5490851,1.6838858,7.0457263,3.3827314,166000
8.374664,0.47518072,1.7562805,6.3662257,3.0996838,210000
4.0435,1.5180688,1.6887546,7.0677533,3.3442218,116000
4.7815094,1.6368241,1.6971275,6.9201617,3.5288553,159900
1.452984,0.7288624,3.4310908,8.589704,2.5427966,73140
1.4399884,0.52740335,2.9423952,8.139219,2.649276,91200
1.7050582,0.3638161,2.9514532,7.9730797,2.9524283,100000
0.81008744,0.021457568,1.1683071,5.613294,4.266176,108500
4.2402396,1.6711922,1.71296,6.982623,3.4432719,155000
9.213365,0.3941493,2.2841718,6.9962993,3.3166552,365000
10.412612,-0.20699088,1.8246983,5.8609586,3.4541066,82500
8.925094,0.81860363,1.7841605,6.0449114,3.5152686,135000
4.930044,1.5399091,1.7242941,6.891457,3.434227,130000
9.315779,-0.27852997,1.8763037,5.8927703,3.9711711,71500
9.390303,0.34978646,2.322166,7.0123186,3.182164,155000
1.576258,0.92209107,0.1707128,4.998627,2.5700192,89000
2.246777,0.12895723,2.6189637,7.6051393,3.3891413,110000
1.7348584,0.80200225,1.3258997,7.271103,3.501561,269000
10.079296,0.10280905,1.7270814,6.3061366,2.71692,129500
1.4058362,1.0951073,1.5376781,7.071134,2.6291308,131707
3.2091048,0.110073015,1.9404653,7.153239,2.5259132,774000
1.109043,0.123218104,1.5188727,8.451926,3.2469962,129000
9.263093,0.09323794,2.1915402,7.169885,3.5798826,150000
10.463738,0.5688327,1.7116361,6.8919053,3.0546591,110000
10.021083,0.54879624,1.9721875,6.167283,2.8447866,63500
10.476209,0.6235235,1.6837842,7.876403,3.4685245,164980
4.208829,2.2485313,1.4656667,6.948475,4.3579593,188000
9.352907,0.03461211,1.7885613,5.4765496,3.9973147,65500
8.745065,0.35342237,0.8770022,6.2828717,3.3543916,73000
4.5418725,2.1635451,1.5177593,6.9373302,4.2433624,152000
2.7576323,1.339315,1.2626673,7.017369,3.1611092,298000
9.309514,0.22559002,2.2714617,6.836415,3.321763,170000
0.8075095,-0.2840844,0.9801633,8.289506,3.532601,144999
8.667949,0.14066418,1.2908485,6.47054,2.8783188,82500
10.509494,0.6608205,1.7269398,7.93693,3.4283082,185000
8.496261,0.658634,1.1720774,6.3924108,3.4474075,125500
1.7177593,0.5477342,1.3319645,7.062309,3.5445557,284400
1.1497283,-0.36104497,0.8553343,6.9704075,2.7942107,259000
10.578754,0.6072335,1.4886796,8.218094,3.6146467,175000
8.532424,0.46837413,1.9083111,6.5628138,3.2030835,199990
9.975163,0.24059966,1.7146335,6.419926,2.795772,110000
0.078239605,0.2008804,0.98640734,7.8444414,1.214758,80000
1.456541,0.5154829,2.9793875,8.1421,2.6899536,97800
1.7653084,1.202084,1.4531101,6.929845,2.7175243,95000
8.883285,0.83887315,1.2489116,5.906841,3.3465333,155000
10.603899,0.57498586,1.5695672,7.170302,3.1698515,230000
1.6036443,0.4530052,3.3402233,8.230132,3.3066297,159970
1.6129892,0.450627,3.3816435,8.255456,3.322568,141000
8.546121,0.6995244,1.396716,6.258624,3.3525422,281000
9.744434,0.38038427,2.095553,6.8747625,3.4906597,128999
8.964288,1.0870031,2.828999,5.8593483,3.4098458,101450
1.4373593,0.7512416,3.4808328,8.635569,2.5177302,92970
1.6074542,0.44991025,3.3489263,8.236669,3.3034372,116900
2.06306,1.193296,1.5592498,6.835277,2.587276,182000
0.86838126,-0.3319708,1.111487,8.364436,3.4864504,122000
9.260654,0.5633326,2.1359076,6.293617,3.038901,108000
10.542612,0.30655783,1.4539744,6.6407356,2.956163,67000
10.475703,0.6173899,1.6598381,7.7350507,3.4044976,405000
10.637721,0.66418225,1.5336381,8.124561,3.584951,594900
10.168882,0.5542304,1.9842036,6.6996794,2.9070532,119000
8.34688,0.44774207,1.7195811,7.129775,3.687999,517000
0.5994184,0.36069804,1.633966,8.188127,1.7211292,99000
8.969643,1.0810409,2.8183038,5.8617697,3.409995,135000
10.047367,0.24773759,1.8005484,5.9615917,2.7987547,67000
-0.37921017,-0.06811018,0.8286654,8.136846,2.1458652,94900
10.696407,0.5946833,1.408774,7.02843,3.398188,60000
1.9124326,1.2206008,1.4303194,6.9523153,3.0749712,345000
10.069278,-0.02371494,1.2410427,6.3007073,2.4887245,119000
9.242697,-0.20612991,1.9369167,5.9105225,4.2245994,144900
9.787673,0.112810224,2.3741949,7.0392375,4.003594,150000
0.9120038,0.5359608,1.6691507,8.031162,2.3333404,86500
0.9001047,0.40549788,1.4940397,8.610999,2.7186751,124900
9.658536,0.11880067,2.392871,7.11531,3.8845816,133000
9.6642685,0.3498862,2.1546068,6.478081,2.8326583,88000
0.4437893,0.2367254,1.4852748,8.276558,1.8166478,73000
8.050996,0.5112166,1.5382979,7.3301997,3.9015923,308000
9.158232,0.15945259,1.6171557,5.8100753,3.9819798,61000
10.577128,0.6507581,1.6995207,7.449537,3.2646644,92000
9.345758,0.2550451,2.1466718,7.2972827,3.4542975,180000
1.538165,0.7536858,0.1465253,5.0029755,2.61051,192800
1.5446463,0.7153224,1.6519309,7.7774267,3.270406,400000
2.7390993,0.36512575,1.8400478,7.205259,2.9130287,580000
1.0862228,0.082549565,1.5069531,8.44862,3.238994,120900
4.0840077,1.6187835,1.713679,6.9917693,3.3683722,179000
1.9431459,1.3055129,1.1652141,6.79864,2.7184048,189800
8.81673,0.5659012,2.2764306,6.6277127,3.3574152,158000
-0.43032044,0.54505366,1.8602712,4.7182393,3.513742,75206
-0.4295573,0.5434119,1.8532169,4.724371,3.493607,80991
2.0192957,1.2439474,0.23870471,5.6319504,2.273155,134000
2.0637774,1.2768899,0.18658856,5.559819,2.285724,81000
8.465635,0.5137889,1.7640424,6.2843013,3.0708687,185000
0.28858057,0.16004945,1.3389858,5.3161125,3.0447707,220000
1.9106923,0.9706362,0.46305722,6.4203854,2.6422553,225000
9.151348,-0.025670199,2.030526,6.183161,4.1965194,116000
8.554636,0.6083769,1.7722121,6.8779607,3.7140255,178690
8.786077,0.23463511,1.325976,6.8805737,3.4616435,192500
10.301445,0.45986518,1.4914689,7.990133,3.5708506,225000
2.0029998,1.2543418,0.24776015,5.652841,2.240031,137300
10.05539,0.2894412,2.0130444,6.440461,3.498819,139900
8.845234,0.26166183,0.8701959,6.2244396,3.2459254,78500
9.237134,0.21212262,2.074904,7.2659574,3.4091814,103000
2.383796,0.4973719,1.5263271,7.4219313,3.9669964,720000
1.8084401,1.2483034,1.3511975,6.82049,2.8867133,200000
9.863712,0.5441948,0.89730597,6.6976185,3.251417,214000
0.8531735,0.017849034,1.1612245,5.671792,4.235109,104958
-0.3688549,0.52944875,1.8168188,4.7426605,3.4852166,80578
-0.414648,0.58237296,1.8071994,4.6785145,3.5012786,85123
8.15168,0.9453682,1.2681683,6.3813877,3.1872122,96000
10.572266,0.66291463,1.70896,7.6891823,3.336846,185000
4.9751787,1.5212935,1.7223552,6.8999987,3.447183,219500
1.9272467,1.249041,1.2682147,6.8491073,2.7436714,189800
1.5963829,0.4700733,3.3616595,8.256765,3.3040535,123400
2.1685812,1.4839952,1.3243105,6.8242817,3.0875518,130000
10.22618,0.5407906,1.8299377,6.0597253,3.0767844,74000
1.4893194,0.6972281,1.746153,7.8642488,3.2330341,334172
1.6578381,0.70017976,1.2587833,7.324461,3.458762,265000
2.0541797,0.776775,0.706185,6.415491,1.9708937,160000
1.0206927,-0.06759482,1.3003993,8.379857,3.3960428,125000
10.571284,0.6910701,1.718043,8.029795,3.42044,160000
3.8873246,1.4965136,1.6459565,7.034809,3.3901854,210000
3.4565873,1.4725385,1.6352519,7.017631,3.1707659,175000
10.010104,0.3027389,1.8447452,5.997082,2.781286,57000
0.30100963,-0.029108936,1.09806,8.055475,2.0623927,56000
9.102647,0.7236649,1.2102454,6.4129553,3.418444,145000
2.15179,1.6034238,1.314606,6.7686114,3.1616478,110000
10.208305,0.46220735,1.84791,6.4775276,3.0181131,100000
1.8707252,1.1990433,0.96587276,6.6818447,2.444142,245000
4.230871,2.2640655,1.4779447,6.93051,4.344819,65000
9.52968,0.18221752,1.4028273,7.7717032,3.6036985,108000
10.652412,0.68683815,1.5871542,8.116677,3.5381866,249999
4.1541834,2.233963,1.4424181,6.9683833,4.3757315,314000
10.618195,0.63394743,1.5018502,8.242823,3.6061149,229000
2.2964683,0.5673819,1.474673,7.4013386,3.9291024,450000
0.9516177,0.61073035,1.683053,7.8979793,2.417627,205000
3.1656055,0.1351547,1.9211656,7.149117,2.5448947,453772
1.5117823,0.5765862,3.2012403,8.313229,3.0600395,120420
1.6071827,0.45584342,3.3674572,8.253197,3.3197272,118755
8.819589,1.158284,2.9613097,5.953997,3.5121548,102493
8.963868,1.0872705,2.8300831,5.8574095,3.4099858,87037
8.5437565,0.5780192,1.226215,6.668161,3.631386,119900
1.4245142,0.69119406,3.1571128,8.411214,2.7497995,84180
10.473568,0.59849554,1.6494163,7.607733,3.3360102,119900
0.8103455,-0.049634643,0.45338202,8.39505,3.563442,240000
1.3871086,0.71883684,3.3026989,8.493958,2.482681,61774
10.289087,0.20441866,1.6319957,6.3784547,3.4440818,72000
9.117273,0.35776746,0.99724835,6.307386,3.4942346,79990
8.460173,0.55026203,1.6482776,6.3229556,3.1316216,174900
8.647438,0.43150273,2.0324512,6.520766,3.09736,112000
2.0444522,0.768912,0.7060786,6.4124284,1.9704137,191000
8.371751,0.6616966,1.3357834,6.8443775,3.745274,250000
-0.30680823,-0.11801189,0.07874313,8.74773,1.3918653,102900
1.6215373,1.1032307,1.4831479,6.866079,2.8265622,230000
8.377272,0.63917595,1.1851313,6.818888,3.7445002,220000
2.137179,1.5941035,1.318644,6.773652,3.1319292,119500
10.113667,0.21174969,1.932727,6.3255577,2.8968365,89000
2.1505878,1.4796932,1.3294579,6.830277,3.0741668,219000
1.5894908,0.47522283,3.2987022,8.243723,3.2800524,120471
1.4502033,0.6918284,3.305616,8.500126,2.6386425,84180
9.212449,0.5735775,2.2355454,6.738282,3.504178,260000
2.4536335,0.54487926,1.5531065,7.3706827,3.9354186,620675
2.0755312,0.791642,1.3498223,7.172866,3.5189724,520000
10.454987,0.6381744,1.7525074,7.7760363,3.3911548,179000
8.359216,0.22134344,1.8810785,7.036594,3.4088078,360000
1.343688,0.37295982,3.17939,7.732447,2.9734716,129000
1.0437022,0.17676027,1.4225562,8.474384,3.3081965,125500
10.0524845,0.35804525,1.3124938,6.881322,3.4587245,107900
8.809469,0.18139617,1.1265827,6.309739,2.827831,69900
2.0997157,1.1112833,1.6154561,6.9296823,2.566993,255000
1.6249353,1.118288,0.78747034,6.5055223,2.0856478,173000
2.346528,1.4024314,0.08509635,5.7150536,2.2317872,64999
8.93941,0.85618,1.8229766,6.0253186,3.5050273,230000
9.547784,0.6976048,2.4318893,6.889975,3.4776614,99000
9.513088,0.085004814,1.3272704,7.930629,3.555724,113700
9.877482,0.24721785,2.3814812,7.0891223,3.908588,130000
2.4210258,1.430187,0.02889066,5.6585913,2.2298245,64999
10.2987,0.58561766,1.8556103,6.814931,3.1649845,81000
8.568773,0.17402631,1.9409915,7.02669,3.505184,349000
10.295681,0.44862705,1.7613817,5.707941,3.072097,39900
10.153899,0.61289674,1.9206599,6.1827016,3.119178,39900
10.049262,0.66388464,2.0282369,6.2502675,3.0333586,39900
9.323622,-0.06544735,1.6657283,7.6732435,3.4313521,128500
8.4417925,0.5965181,1.3344357,6.948124,3.7804143,258000
10.126033,0.5919292,2.0297925,6.7156034,2.9539485,90000
1.759378,0.61684257,2.0091438,7.305969,3.023825,151000
1.7199916,0.6170218,2.0339494,7.2983794,2.999808,145000
8.419848,0.52227503,1.7074246,6.9286637,3.6701488,520000
1.5909458,0.6461281,2.1082456,7.3096027,2.8523676,139000
4.646963,2.2294717,1.4605488,6.975793,4.418903,345840
8.288275,0.48706955,1.4514998,7.1224985,3.8253143,225000
8.642268,0.61760306,1.0432659,6.310036,3.4226928,155000
4.8012285,3.6946723,1.4134861,7.0073457,5.257039,108706
9.525089,0.44442937,2.3342311,6.9680667,3.1845279,110000
9.692414,0.2716158,1.3937298,7.7142415,3.6026015,132000
-0.47519428,0.22535905,0.24102314,8.927977,1.5390317,119000
9.435118,0.09218983,2.1203325,6.5154676,3.4253204,120000
9.083937,0.3754045,1.9042583,7.2092953,3.4972546,103000
0.8000286,-0.088484585,0.9102112,7.911205,3.066535,178000
1.9106445,1.0380222,0.44576716,6.4738035,2.5832672,148760
7.8329678,0.2243583,1.8786575,6.8899574,3.079306,819980
8.651699,0.5673095,1.9537944,6.8151026,3.7210865,290000
0.4089785,0.28880948,1.3698548,8.309793,2.1262975,220000
10.6201,0.6808575,1.631025,8.032174,3.4857175,135000
9.947722,0.51662767,2.0128367,6.2183623,2.7921045,59500
10.48592,0.6242256,1.7324905,7.0715494,3.147448,92000
10.664107,0.4241311,1.3184059,6.782395,3.0367413,125000
9.298486,0.2938315,2.0730517,7.2681746,3.5492506,145000
8.140691,0.9443569,1.2687807,6.426188,3.255559,147000
9.689093,-0.3233873,2.099258,6.456008,3.5058568,100000
9.098951,0.6509687,2.1631887,6.7120137,3.5333326,330000
3.2309194,0.12167613,1.9702861,7.181103,2.550302,423000
4.27814,1.6892867,1.6924276,6.9896207,3.518895,140900
8.329184,0.45751715,1.4599783,7.1109276,3.8087666,225000
4.235184,2.2150905,1.4548973,6.9874296,4.3799763,545800
1.380087,0.56701034,2.7236402,8.055689,2.567555,62500
10.623335,0.6276783,1.5571485,7.146666,3.3664932,107000
10.638307,0.52971053,1.3609681,6.8447075,3.2609756,149400
2.4372509,0.5027179,1.5643035,7.384073,3.960268,1080000
2.4385347,0.48691785,1.5791738,7.390461,3.9481544,1080000
2.4029112,0.49306774,1.5983391,7.4118795,3.905659,1080000
9.079493,0.3064888,0.9389138,6.205287,3.0593553,136000
0.9993442,0.10350463,1.2705783,8.4425745,3.4509819,144900
4.049542,1.5848945,1.6796968,7.013364,3.3923357,244999
1.576525,0.44314906,3.0710971,8.089799,3.0885253,126500
0.5837112,0.39145696,1.4103092,8.290528,2.2337193,105000
9.499686,0.09147656,1.376809,7.9097004,3.5636873,115000
2.7927532,1.3689059,1.2925906,7.046323,3.1236255,235000
0.0779828,-0.0943488,0.7075246,8.21081,2.2279713,139500
9.097818,0.64410686,1.8848842,5.9526434,3.5373673,144000
1.4772303,1.181621,1.423297,6.805571,2.8449636,270000
1.4204569,0.69676656,1.7842716,7.84159,3.1618328,177000
2.7461252,1.333705,1.2721823,7.013947,3.145141,275000
8.72678,0.78604656,1.1233474,6.278768,3.5594287,215000
1.5608906,0.85251087,0.1300146,4.9629188,2.5811317,77000
8.786146,0.4064339,1.9986607,6.834955,3.6477535,289000
9.2389555,0.57052654,2.1156251,6.3149962,3.0310786,177000
-0.19053566,0.2518536,0.9524049,7.9975576,2.154398,219999
9.297543,0.15072964,2.2480414,7.2140894,3.2888963,122000
4.2852163,1.6901278,1.6977948,6.98931,3.500288,264000
1.6079094,0.45100188,3.360517,8.239227,3.3210473,118755
-0.26459745,-0.10384008,0.11932087,8.730264,1.4815925,127000
9.743729,0.39569193,2.1023273,7.456403,3.2776933,269000
1.148298,0.06978265,1.2170213,8.367413,3.5664487,165000
1.5953478,1.1144726,1.3116065,6.7647834,2.7171795,145000
0.19484916,-0.10938983,0.79795486,8.0822,2.2804868,135000
9.95888,0.3836916,1.8607352,6.426663,2.982172,124500
9.122547,0.35498142,0.8688575,6.2050753,3.208572,76950
1.157196,-0.028430916,1.0415522,6.6033707,3.88104,130000
9.303111,0.5830606,1.7556695,5.8364177,3.270609,167000
0.58041674,-0.13769232,0.63126194,7.7677627,3.7801223,144900
8.956717,0.81641454,1.8326508,6.1057687,3.494837,220000
2.2108457,0.898031,1.6232919,6.8955994,2.3943563,224000
9.961269,-0.2618347,1.9974831,6.0464764,3.1056068,76000
0.2546455,0.34094813,1.4721627,8.217589,1.9953661,81900
1.8937943,1.0796678,0.419644,6.4308567,2.537915,166000
2.3259017,0.6041803,1.4635673,7.3650975,3.8886647,428500
2.045486,1.0271633,1.214117,7.0674014,3.4749837,242000
9.684147,0.55108094,2.0377676,6.220479,2.7959898,45000
9.857522,-0.24796563,2.00799,6.154357,3.1635988,86000
4.522763,2.2565393,1.446388,6.947281,4.422135,319000
3.8254914,1.4559592,1.6310852,7.0485034,3.408134,229000
8.022292,0.9867781,1.3079417,6.4979715,3.223,275000
8.805888,1.1454036,2.9444494,5.965919,3.5209062,175000
10.220419,0.57537687,1.9287125,6.6957035,3.0163527,155000
8.600477,0.6800408,1.1096925,6.229684,3.4334412,169990
9.235639,0.41340756,2.131634,5.9650426,4.0149355,89000
9.203178,0.46050468,2.1602335,5.8900237,3.9999542,89900
0.23508154,-0.2793615,0.1550512,7.9675198,3.4195142,71900
1.6494341,0.47747174,2.3559442,7.984911,3.4074697,300000
8.086841,0.48184645,1.6389796,7.2862883,3.7923548,520000
2.731544,1.4048489,1.3209472,7.0393605,2.9338267,145000
9.637186,-0.04774311,1.9838368,6.2793903,4.2391677,83500
10.228587,0.18243496,1.3307914,6.482222,2.8189032,127500
8.963444,0.78607154,1.8519747,6.018097,3.449294,184500
9.243444,0.56816965,2.2694108,6.8844576,3.44358,197000
2.4499016,1.0064508,1.3174073,7.132143,3.605311,375000
10.087626,0.052322403,1.7701011,6.291594,2.8180408,112000
-0.50620437,0.856046,1.2119238,3.9540675,3.3611624,79000
0.35847676,-0.120285094,1.3095846,5.2793555,3.120609,296000
0.55383444,-0.31981215,0.95696485,5.084447,3.0722692,245000
1.7495246,0.8415448,0.15272768,5.255009,2.5004737,153900
2.0232654,0.8100327,0.69810927,6.4355083,1.9540516,61000
2.0610173,0.9910296,1.5785525,6.8676424,2.4253588,220000
1.9627109,1.0691469,1.5369973,6.835452,2.4521592,165000
2.050722,0.8320016,1.4375008,7.2035913,3.2894013,350000
2.230409,0.58684283,1.4779351,7.3992596,3.7330434,550000
2.2916298,1.0714172,1.3689479,7.036558,3.3561232,295000
-0.15460548,0.4219624,1.2459813,8.099207,1.9259611,100000
-0.15997529,0.42032328,1.2403843,8.094842,1.9182346,100000
-0.493676,0.93826675,1.2267247,4.000171,3.3036678,103000
10.67977,0.67731434,1.5256612,8.245436,3.604752,627000
9.494388,0.077262275,1.3521028,7.9290686,3.5374663,113700
8.973139,1.0314331,2.756647,5.8795404,3.4369855,147000
0.71233666,-0.114882626,0.122822665,8.545479,3.5081477,125000
8.693625,0.68952215,1.9315076,6.7282085,3.5882912,530000
2.1760662,1.2935572,0.10900155,5.5253673,2.293389,75000
2.0910952,1.2767066,0.15223035,5.53348,2.2855275,79000
1.9596192,1.2514867,1.449094,6.8942285,2.8658786,395000
8.881839,0.7348821,2.1556137,6.718456,3.5304134,480000
0.61887985,0.36099255,1.5103664,8.338943,2.2254887,120000
8.242111,0.35191858,1.8045218,6.740919,3.223019,323400
2.1601896,0.61470824,1.1674826,7.0596204,3.1751735,330000
2.6860294,0.4829885,1.8049088,7.135757,2.7419024,225000
0.9781452,0.18294276,1.247393,8.3586855,3.4508598,114900
10.670438,0.5872634,1.4708885,6.9754047,3.3156104,77000
8.607423,0.7622498,1.2439976,6.2877817,3.3510494,144900
8.299309,0.5546376,1.9779794,6.651772,3.4331844,288511
8.255124,0.5327667,1.8255774,6.5930557,3.3740833,288511
8.25377,0.5304595,1.8405801,6.600532,3.3730824,288511
8.301215,0.5412563,1.9476817,6.6357446,3.4315028,288511
9.870091,0.1787808,1.9342327,6.389428,2.8837883,75500
4.7778316,1.5456402,1.7091554,6.93287,3.4551215,189500
10.625822,0.69273436,1.6628166,8.0496645,3.4622874,179000
10.541532,0.42106485,1.2174804,6.7803063,3.1596546,177500
8.432194,0.6132195,1.2701808,6.893385,3.7649577,185000
9.174397,0.31255528,2.1427145,6.101388,4.0770674,151000
9.388827,0.3869428,2.3274348,6.9434657,3.192751,173900
9.58874,0.46784064,1.7185062,6.1915226,3.484296,118700
8.677228,0.59631103,1.8852861,6.269149,3.0616226,165000
4.6921434,1.6096269,1.7144606,6.9285827,3.4711943,138000
2.8367896,1.4503073,0.12932575,5.8775473,2.5363178,226800
2.2523308,1.1541175,1.2612416,6.9861794,3.3470376,185000
8.968752,1.08374,2.82571,5.8537292,3.411832,62622
9.180026,0.27470976,2.0292938,7.301505,3.44502,105000
8.976201,1.0502608,2.781814,5.859998,3.4324248,110000
-0.5260603,-0.16498347,0.7232329,7.992863,2.1847577,90000
10.037948,0.55948395,2.0220573,6.788227,3.3599982,177500
8.561834,0.78745276,1.1369349,6.3036275,3.4606752,160050
1.1945262,0.2925089,1.6192954,8.381958,3.203858,225000
0.87100667,-0.015080462,0.95321035,8.136749,3.1633043,419900
8.557427,0.6942345,1.0246582,6.3033104,3.4591725,110000
8.529402,0.57461375,1.2437923,6.7288556,3.6521888,195000
8.8248005,0.27443787,1.2998856,6.940154,3.538655,113700
0.81724447,-0.15379599,0.98035026,8.539281,3.6360254,99990
2.0111938,1.3895847,1.3748393,6.8508887,2.8558023,232500
-0.13804168,0.41915658,1.2737329,8.05896,1.9003485,103000
1.0159538,0.18126309,0.5826838,7.7540555,3.5869975,126500
1.4728673,1.1471615,1.5096357,6.9665384,2.762577,184900
0.29086363,-0.36328092,0.37120286,7.802418,3.4858677,101000
10.572144,0.6312727,1.4749222,7.9506187,3.625428,235000
0.839578,0.101173714,1.0180582,8.534146,3.185007,156900
1.7589023,0.61370546,2.0057924,7.3085055,3.0306938,125000
8.940827,0.35544348,0.9371103,6.2927184,3.3888404,112000
2.1423724,0.49007162,1.3625058,7.255957,3.5645468,549000
10.516347,0.6458435,1.724087,7.7469435,3.3560152,130000
1.1225064,0.38877627,1.7654614,8.183612,2.8043377,194990
0.71270305,0.45361397,1.6929678,8.202316,2.2050736,204990
9.14069,0.5925504,1.6126434,6.216992,3.3980026,129000
4.192647,2.275358,1.5290171,6.9011555,4.281694,139000
8.552475,0.45592546,1.6469251,7.088281,3.779937,149000
8.018061,0.9336522,1.3899305,6.604452,3.2797356,319900
2.028095,0.77773696,0.75878656,6.4246516,2.0065434,240000
1.1716859,0.028899409,1.2347531,8.274079,3.55303,288000
8.05745,1.1295207,1.5740236,6.771801,3.9426248,80000
2.2826807,0.5885065,1.4618152,7.27156,3.8156705,488700
9.407097,-0.24755502,1.9915149,6.206783,4.1199946,145000
2.1020222,0.8002716,1.5104675,7.4276724,3.488969,279999
4.2560863,2.1842663,1.4473673,7.012694,4.3879976,459000
9.384018,-0.291626,1.870528,5.731021,3.9808323,81000
8.390783,0.47675306,1.7279595,6.318073,3.0474863,275000
0.41732737,0.2418517,1.321567,8.477748,2.0199392,60000
0.2738907,0.23150471,1.2061716,8.519635,2.036127,124000
8.050233,1.1416032,1.5718428,6.7741857,3.9533272,74100
0.93163717,-0.00069556327,1.1292382,5.785996,4.2166033,142500
0.3130198,0.2359448,1.2426945,8.535639,2.053434,135000
2.1308975,0.62650645,1.1649106,7.0778604,3.1868858,345000
8.677065,0.683732,2.0131614,6.728512,3.5524676,460000
8.683638,0.67658395,1.126246,6.1663814,3.448466,225000
10.474184,0.6114699,1.6658889,7.8251834,3.4800308,125000
8.076655,0.18196179,1.7852744,6.8730907,3.0891633,330000
8.984409,0.35952824,2.2604952,6.90399,3.2351282,212500
8.984557,0.7872525,1.8548534,6.0632863,3.4203641,189000
8.898211,0.74633384,2.1875405,6.7107463,3.5153944,449210
8.913027,0.73918253,2.1753802,6.704378,3.5248656,449210
9.38988,0.6625734,1.979071,6.1781316,3.0087562,82000
8.634309,0.410033,1.8131969,6.8764973,3.7632756,449850
8.041314,0.39027357,1.9338254,6.560971,3.0040448,223112
8.937337,0.73072666,2.211331,6.6900597,3.517875,449850
8.708994,0.5476284,2.0054398,6.757182,3.7092376,449850
8.654035,0.46622726,1.9352467,6.3064733,3.0829926,110000
8.316727,0.55039,1.8131793,7.140339,3.7367685,597360
4.6911154,2.2319465,1.4719889,6.9347215,4.3883104,115900
9.751828,-0.24300335,2.4158492,6.922398,4.2241917,99500
8.410079,0.4845707,1.7580858,6.317771,3.0485425,239000
9.200029,-0.17362322,2.0451407,6.267829,4.2170362,124500
9.023104,0.73863024,2.073133,6.5188293,3.4738352,239000
8.041863,0.58711404,1.5967451,7.277203,3.8374445,480000
8.5057125,0.7345401,1.394482,6.3718987,3.4288695,200000
8.754988,0.1323538,1.1694908,6.4109187,3.511574,103000
8.599202,0.6606085,1.5713531,6.253086,3.2463021,165000
8.797542,0.16160123,1.0766141,6.2724013,3.44933,95000
9.3172,-0.16843466,1.7644441,5.9335513,3.7828655,59900
8.547645,0.12085692,1.4396076,6.612297,2.9081666,127000
8.043411,1.1456035,1.5796987,6.779291,3.960352,55900
8.791634,0.39920694,2.0192885,6.197415,3.0386815,255000
10.325874,0.4334877,1.454657,6.755514,3.3559256,155000
8.920777,0.10510275,1.9711826,6.8936677,3.9778259,255000
8.250674,0.40358856,1.8037183,6.624107,3.1679173,365000
8.466835,0.4853921,1.518785,6.3173614,3.1133623,120000
9.24342,-0.1463998,1.8400843,5.5639305,4.076782,79900
1.0404174,0.14533581,0.8553464,7.9103374,3.5231113,234990
4.4009485,1.8870717,1.6430678,6.9838614,3.807816,370000
8.989756,0.6848234,1.7650808,5.9307165,3.6268034,120000
2.1671793,1.2407063,0.086322434,5.703606,2.2700121,83000
8.505659,0.5230899,1.6187305,7.0336165,3.7266607,340000
8.118894,0.49787366,1.6108823,7.288247,3.8161147,400000
8.862176,0.7501238,1.3299128,6.087839,3.4483554,164900
8.581796,0.7245241,1.00857,6.3502607,3.5465233,184000
2.8224123,1.4021808,1.3009077,7.0469007,3.041102,164339
9.753925,0.1050659,2.3926086,7.055943,3.9798334,150000
3.3088944,0.11767868,1.916147,7.113036,2.4978473,285000
-0.1709336,-1.0208738,1.1241304,4.16971,1.8893576,55785
9.233029,-0.115179054,1.8649143,5.63151,4.1427627,95000
1.7662066,0.78808475,1.5173934,7.4924636,3.4470096,230000
1.538383,1.0964352,1.5830858,7.0613933,2.7078812,140000
10.573931,0.58907115,1.3966633,7.895567,3.6276164,160000
1.6197679,0.41175172,3.417378,8.171877,3.4137049,184691
8.367846,0.6785231,1.3247741,6.834601,3.7365355,251900
0.31487155,-0.27653608,1.4946277,5.258574,3.1362891,145000
9.108511,0.14163615,1.6983031,6.0976124,3.1933804,230000
9.602472,0.54585207,2.3706784,6.9677863,3.3152618,114000
0.76073587,-0.31959158,0.81015265,5.1426077,4.1120567,134000
8.970563,0.71115845,1.5017867,6.1767087,3.5926025,220000
4.333592,2.1838095,1.5293858,6.9866242,4.282776,239000
1.485599,0.48420313,2.302559,7.840786,3.163324,150000
9.329687,0.19668548,2.2698348,7.1805687,3.413533,123500
10.670376,0.67124647,1.5249854,8.243951,3.5976925,259500
2.3049133,1.0113654,1.3110343,7.11749,3.5769715,243400
10.430296,0.5804355,1.6382383,7.867133,3.5274,199000
1.032804,0.13449211,1.3596003,8.442614,3.4041262,138000
4.220529,2.1920743,1.4548551,6.994336,4.3642488,350760
8.373716,0.5440611,1.3952426,7.063345,3.8348231,249000
10.245787,0.25855032,1.5190651,6.4791603,2.9365165,125000
2.0993211,1.5270914,1.3536123,6.8199067,3.006639,212500
8.7486105,0.49832857,2.0632458,6.697093,3.7046409,214500
9.136716,0.57168984,1.8792007,5.942987,3.692461,115000
0.6255625,0.4939557,3.3223112,6.116203,2.9622402,129000
9.743453,-0.23623706,2.4214761,6.8467355,4.2662086,120000
1.8701082,1.0163836,0.478823,6.4623656,2.6444578,129000
8.263758,0.50065726,1.5139525,7.1160474,3.7970822,614999
1.4799547,1.0452337,1.6272664,7.240868,2.765285,199990
4.3201904,2.1740975,1.498986,7.033011,4.347475,398000
9.53858,0.19299534,1.3890041,7.7814507,3.6123245,94000
0.88668704,0.41341928,1.4885079,8.617796,2.6991217,126000
2.3826818,0.73622566,1.445818,7.2780175,3.807351,629900
1.8673203,1.2022411,1.461693,6.885267,2.677225,299900
9.0343075,0.23350295,1.2063245,6.0864224,3.6420307,114900
10.444805,0.63491464,1.7552999,7.827997,3.3962235,419000
9.754874,0.35187212,0.9867113,6.1984243,2.9100037,69500
0.6357569,-0.19405104,0.6724358,7.788989,3.694952,146500
10.620538,0.45731083,1.259775,6.8011165,3.1533303,133000
10.540773,0.58957446,1.4401273,7.71658,3.6567304,129900
8.184272,0.52398604,1.6515278,7.2722034,3.8058016,595000
8.3564,0.63741213,1.2343514,6.8436923,3.744646,255900
1.8754082,0.9293886,0.6340386,6.6589847,2.6957932,279000
4.180636,2.2411191,1.4453614,6.9664803,4.3752456,235000
8.891167,0.71111333,2.1770723,6.733686,3.5067048,449240
8.826407,0.16929115,1.1992792,6.3258524,2.7786353,91000
1.4670441,1.0951498,1.3135817,6.822142,2.6750467,130000
9.342682,0.09555771,2.1580024,7.304193,3.5985203,102000
9.599519,0.51464677,2.214447,7.0081215,3.2754998,185000
8.957098,0.71039927,2.2253072,6.720941,3.510161,449850
8.918202,0.7424896,2.213036,6.7269974,3.5275886,449214
10.417988,0.0072318083,1.6959301,5.9466577,3.4361296,85000
2.768759,1.3698797,1.3027339,7.050643,3.0857046,169493
10.086277,0.05371223,1.242483,6.357293,2.5779736,100000
4.210565,2.2263627,1.4259609,6.9705176,4.3820977,403250
2.0317628,1.0614606,1.4726264,7.138305,3.6659122,178500
0.784347,-0.33048654,0.85273695,8.290146,3.531478,99500
8.942442,0.8147814,2.4004743,6.4545717,3.4581304,117000
1.9273224,1.2208204,1.5309365,6.8033557,2.569272,204915
9.139859,0.61052114,2.2403338,6.934016,3.4862506,370000
9.064479,0.82763517,2.2696583,6.0751915,3.3624532,79000
9.017695,0.28518617,0.917218,6.220308,3.0770388,94500
9.081808,0.51006955,2.240163,6.3047695,3.005065,109500
9.740662,-0.5127342,2.3259428,6.5610104,4.4351625,116900
8.529033,0.6934955,1.0145932,6.3562994,3.470607,145000
2.2347124,1.0410777,1.2470337,7.028932,3.5258548,184500
0.58451414,0.35790426,1.6684229,8.245358,1.6091908,36000
8.460071,0.48583263,1.6363301,7.1071234,3.8240824,219000
10.570556,0.6598088,1.7084657,7.6286554,3.3200786,157000
1.0558621,0.15096198,1.487063,8.499624,3.1316006,183000
2.3216848,1.3652177,1.3338977,6.902789,2.9600334,149000
0.22989133,0.48694825,3.9424367,6.0367293,3.1142428,61775
8.869209,0.35152024,1.0216677,6.3247533,3.2956955,95000
4.478009,2.2009826,1.4527582,7.0033817,4.4011464,145000
8.522949,0.54738724,1.4053253,6.7088585,3.5812216,169000
4.0189557,1.5534557,1.6784129,7.0235734,3.387457,207000
8.85759,0.50651914,1.8369818,7.286502,3.5612361,126500
2.0489285,1.0814333,0.44330916,6.123464,2.142872,139900
2.429366,1.418568,0.15058544,5.760026,2.3229785,142700
1.0566652,0.13049902,1.509225,8.492105,3.116973,186000
9.233749,-0.051815074,1.8604572,5.712354,4.2024393,69900
1.460543,0.69384396,1.7330967,7.8476405,3.1946318,293000
1.4595908,0.6138748,1.7572765,7.9109664,3.2344375,312900
2.1659374,1.0393167,1.258825,7.08441,3.5445027,184500
1.5831721,0.62967086,1.7651936,7.850377,3.3608232,393000
1.3431318,0.9201858,1.8506137,7.683652,2.776564,154000
10.008012,0.39910516,1.8702619,6.3932514,3.2014344,160000
9.226019,0.6740403,2.0679252,6.2981467,3.3381107,230000
1.6352991,0.48622188,1.9221772,7.974652,3.457559,455000
1.6367478,0.488454,1.9015493,7.9595976,3.4583418,455000
1.3567413,0.9181265,1.8417882,7.659153,2.8138926,182000
8.766765,0.2850602,0.8037168,6.2303295,3.2831297,50750
1.388013,0.5591931,2.7604709,8.079518,2.6306787,101000
9.29158,0.31518903,2.3129938,7.046607,3.289242,175000
9.763571,-0.5081319,2.3223484,6.5422773,4.4193916,73990
9.954688,-0.28325048,1.9893378,6.0395045,3.282266,75000
0.874055,0.11530806,1.1120371,8.61398,3.0976117,224000
1.4703196,0.512801,3.008569,8.151358,2.706118,66066
3.2126865,0.12598994,1.9640336,7.18239,2.5495894,299000
9.744741,0.42560458,2.203741,6.510209,2.8256068,86900
4.7984357,1.6441664,1.6759528,6.940269,3.5467222,170000
2.2953856,0.9099186,1.3947967,7.159723,3.5172226,245000
2.2575004,0.93131363,1.3834106,7.144142,3.514028,245000
9.123125,0.09663588,2.071892,7.333894,3.509559,295000
-0.17291048,-1.0221264,1.1239372,4.168629,1.8858774,73800
1.5726228,0.6825657,1.6763382,7.816092,3.3200614,466890
9.998157,0.36820138,1.3849796,6.2335835,2.9827425,126000
9.383372,-0.3341755,1.860805,5.5746403,4.0626726,67500
4.5005307,2.0646846,1.5760357,6.9572854,4.086793,280000
-0.46830118,0.8857147,1.1859213,3.9670608,3.327498,79000
3.2089157,0.11968152,1.9672414,7.1967945,2.5815,418345
8.868037,0.4021054,1.0001781,6.300995,3.3461819,110000
8.761401,0.29156432,1.2416866,6.8061533,3.5189655,144000
1.4031107,0.97398025,1.7873616,7.6008563,2.8286471,203280
1.5274391,0.8043166,1.690098,7.732001,3.1267467,278600
3.2052286,0.122468755,1.9432548,7.161057,2.5352309,398000
9.976071,0.39562538,2.0105264,6.5313125,2.7821512,114900
8.020157,0.96182334,1.3302145,6.5340204,3.2552817,176000
8.967804,1.0451288,2.772505,5.9002037,3.4146874,121000
8.979377,1.0504607,2.7817326,5.8483734,3.4365869,74000
9.193014,-0.038388252,1.9372221,5.8194947,4.0677624,152000
1.4061207,0.97067225,1.8000094,7.6081953,2.8206947,237220
1.4353763,1.1283662,1.5827445,7.0546784,2.687279,159600
1.3889292,0.9690462,1.7978328,7.622378,2.816516,203280
9.112444,0.30219954,0.901545,6.1932178,3.033745,61500
0.4196708,-0.05124099,0.003740349,8.32119,3.4638522,337500
1.2650417,0.30700326,1.6649091,8.297984,3.2197597,329000
1.5148089,0.5451517,2.375424,7.781863,3.036529,192600
0.6140685,0.37049803,1.7059574,8.247402,1.611793,55000
8.213466,0.519464,1.5416858,7.210374,3.8382714,485000
1.0697775,0.22126508,1.492293,8.398716,3.189841,156500
9.4717655,0.42409128,2.2984886,7.0834517,3.316316,89000
4.3780885,2.1179872,1.5466217,7.048181,4.2624784,495000
8.709543,0.27370968,0.80939984,6.2577085,3.3566437,74850
8.137421,0.5485255,1.5711201,7.2326674,3.8156192,620675
8.490725,0.668502,1.5670824,6.4316845,3.4201345,353609
2.2194211,0.7245172,1.3986971,7.1943555,3.7047725,600000
4.168335,2.215002,1.4657731,6.952672,4.3264465,161000
8.77982,0.26925716,0.7752282,6.21116,3.2255127,44450
8.687262,0.26328698,1.8295717,7.1220813,3.8240907,337500
4.3655963,1.6630431,1.7078196,6.974349,3.4710503,199000
9.163722,0.8290029,2.4854202,6.149596,3.236384,65000
9.033141,0.77996516,2.464499,6.1958323,3.2303894,80000
9.137084,0.8221891,2.4900577,6.124668,3.2539454,76000
-0.047195062,0.31020606,1.9746053,4.979721,3.883615,115000
2.2439702,0.13954616,2.6328197,7.630891,3.345339,160000
-0.3523639,0.5108274,1.7807274,4.780264,3.4202204,82800
-0.16210718,-0.9835628,1.1152428,4.206908,1.8842374,73800
0.8011528,-0.059190497,0.92222184,5.3511915,4.540541,125000
2.1119988,1.3145958,1.5325559,6.8328457,2.7272692,239900
10.369463,0.27226946,1.5483043,6.5229216,2.8571606,85000
1.3904495,0.72388405,3.3217826,8.51117,2.4832118,83900
8.962841,1.0757468,2.8159792,5.8416686,3.4395897,83000
2.5225432,0.47787774,1.6361021,7.34504,3.7876003,490000
8.171772,0.9364434,1.2839695,6.3657827,3.2011707,156000
9.663247,0.5001819,2.269965,6.981438,3.1638749,160000
-0.42391506,0.5554326,1.8437878,4.7108426,3.499691,76167
-0.42840937,0.54015976,1.8485842,4.7277436,3.48885,75200
0.44895008,0.22513407,1.3209386,8.476877,2.1435242,139900
1.3864117,0.96415293,1.795183,7.60128,2.8379383,265000
8.834947,1.1121134,2.8816967,6.0262437,3.4995832,147600
8.994947,1.0533906,2.763555,5.891633,3.4020607,91800
9.011296,1.0289636,2.7309766,5.8925843,3.4306955,83700
10.3914,0.58508354,1.7922686,6.8460503,3.0624795,110000
9.258698,0.5282725,2.1120982,6.2965198,3.0168688,238000
4.147973,2.205491,1.517889,6.8972173,4.240227,250000
9.355787,0.10271426,1.7042198,5.407176,3.9731638,105000
1.6987671,0.7035728,1.6174235,7.6836953,3.3321528,500000
0.462195,0.27296942,1.3823167,8.486231,2.1031194,98000
-0.033115216,0.12326891,0.7483719,8.409241,1.4111751,59000
-0.17128615,-1.0201813,1.1246523,4.1727962,1.8885945,68560
8.954437,0.95770437,2.7377372,5.9591393,3.3662133,126500
0.7305742,-0.4777693,0.03968368,8.463915,3.7284672,69000
9.208933,0.2793834,1.726958,5.8311152,3.832799,156000
2.2962906,0.6764513,1.3963449,7.2708006,3.7228186,720000
-0.19867118,0.12608822,0.7512734,8.401294,1.8817536,89500
1.9872508,1.1907816,0.22604366,6.225089,2.2849007,92561
1.3531477,0.7500415,1.8645855,7.772586,2.8688285,325000
1.8534442,1.0802866,0.68533665,6.4381485,2.1960783,185000
0.75141567,-0.11033697,0.33098292,8.484835,3.5367296,220000
2.1374657,0.7986213,1.2084255,7.076661,3.1825671,260015
0.74680775,0.4090184,1.4310359,8.459691,2.5134077,107000
2.3415682,1.1152309,1.3473123,7.019399,3.3479853,295000
8.299171,0.5616189,1.9529504,6.6265917,3.444819,220200
9.602873,0.44531253,2.177463,6.481641,2.9565518,129600
1.1496567,0.07459974,1.0846126,7.8228135,3.4663172,279999
10.715454,0.45747155,1.2978096,6.796097,3.0744486,78900
2.8373363,1.3594543,1.3388101,7.095412,2.9656377,260011
10.541083,0.5346406,1.3024935,7.0570574,3.5221627,109900
4.258987,2.2420237,1.5073367,6.933201,4.2992854,195000
0.61733377,0.37029964,1.6533706,8.1784935,1.7497001,116000
9.318719,-0.11205675,1.8291321,7.6118536,3.313889,79500
0.81657445,0.4858297,1.7478691,8.142239,2.2521224,90032
0.2584545,0.25222063,1.2165983,8.485614,2.0178633,89500
9.068838,0.37389955,1.8923501,7.1527424,3.4586515,108000
1.434966,0.75406647,3.4871702,8.63739,2.5333254,110000
-0.43455005,0.5467496,1.8693155,4.7164593,3.520771,78500
2.3684514,0.5074799,1.5691612,7.3942795,3.9286308,650000
1.4001873,0.66533583,3.1018505,8.383879,2.673292,133500
1.5935299,0.46212402,3.2365549,8.197373,3.1490834,146500
1.5872574,0.08122925,1.174521,6.630803,3.613245,335000
4.2613897,2.17092,1.4411274,7.0338526,4.406959,398000
2.0180862,0.85839,1.1751659,7.095086,3.1983721,170000
8.780834,1.1422788,2.9541526,5.9776464,3.537465,161746
2.9114797,1.6170849,1.5307914,7.0730624,3.9405835,135000
10.362696,0.47247803,1.4909116,7.975183,3.5476818,165000
0.8632819,0.034166075,1.1298461,5.684314,4.233614,119000
10.566016,0.66127986,1.6684101,7.9089656,3.4535012,259000
8.787373,0.1745639,1.2110083,6.3372297,2.795109,91000
8.7338505,0.23228951,1.2655661,6.350905,2.7965503,91000
8.59888,0.55389804,1.2375077,6.85419,3.7978833,285000
2.0981064,1.0541161,1.4529619,7.1436124,3.6376326,178500
2.0361938,0.9946076,1.5215025,7.196012,3.4936252,158000
8.081691,0.5273218,1.5976334,7.2900352,3.83434,1000000
2.0959454,0.3583553,0.84964925,6.656824,2.7727425,240000
9.219757,0.24891292,1.733365,5.7951045,3.838179,159900
8.591062,0.76590925,1.0249617,6.286279,3.5400925,133000
8.817942,0.8887388,0.8935003,6.0374627,3.4040997,127000
8.423187,0.64470345,1.339164,6.781475,3.6789653,173500
9.648278,-0.7363047,2.5142157,6.910998,4.419535,120000
-0.16025674,-0.9485153,1.05843,4.221959,1.8474449,71000
8.625735,0.47519514,1.316133,6.8176956,3.6497386,181000
1.8467009,0.4839002,1.765113,7.7963314,3.597261,398000
1.8926562,1.228017,1.4458544,6.922867,2.961127,199000
8.629122,0.7292056,1.9695152,6.8062696,3.6102328,279000
4.4015584,2.1143587,1.5521363,7.05529,4.26352,790000
2.1385994,0.454894,1.686367,7.589491,3.7658274,750000
10.5580635,0.6029474,1.5477653,8.235112,3.6005747,240000
8.521494,0.6666265,1.2153661,6.284744,3.381818,152000
10.541714,0.63015866,1.6744821,7.1351695,3.2572792,81999
8.447836,0.52089643,1.7153223,6.269658,3.0780597,176000
1.7006357,0.5008092,1.730219,7.8822174,3.500046,660000
4.0279737,1.633537,1.7606109,6.9539056,3.274082,99900
4.034644,1.6035014,1.7123064,6.9944263,3.3457444,129300
9.013264,1.0247021,2.761778,5.8954372,3.3683524,86500
8.427498,0.5166712,1.7076613,7.0254817,3.7314038,485000
-0.042630825,0.2767657,2.0096323,4.9583964,3.9344904,67300
-0.05135523,0.26646447,2.0181868,4.9455657,3.9304476,59900
8.654278,0.38555548,1.5198523,7.0780263,3.6586852,140000
9.298095,0.043291356,2.1670117,7.3485923,3.3313382,113990
1.300059,0.7275264,1.0927894,6.2963347,2.5566568,97000
1.5755827,0.87214625,0.10352657,5.046624,2.5591068,103500
1.5300802,0.87153035,0.090463445,4.9755087,2.581283,95000
1.7529192,0.95022446,0.13152157,5.3339467,2.479931,96000
1.5460932,0.86502963,0.10646301,5.0113792,2.5722313,95000
4.914393,1.5377773,1.7126669,6.9110336,3.4634545,185000
1.0715733,0.047114562,1.1411291,8.402397,3.5839972,128888
-0.18983169,0.14221713,0.7693036,8.371388,1.8824201,87000
10.170642,0.5360046,1.7369436,6.0226207,3.064789,104000
9.738019,0.6469591,2.4507387,6.9406066,3.4344163,97000
9.325797,0.30570552,1.3557737,7.8244505,3.7469375,150000
10.424547,0.55806094,1.5451995,8.118099,3.5830865,290000
1.8744726,1.3290683,1.4985338,6.8913956,3.0047379,165000
4.8608623,1.5655293,1.7219312,6.906886,3.4504957,110000
4.7168794,2.21798,1.4749929,6.9381676,4.383345,79000
9.25995,-0.28423807,1.8985717,5.7108145,4.1507473,90900
1.4304034,0.774367,3.527017,8.670936,2.5165896,85900
-0.16951749,-1.0112588,1.1083014,4.1710563,1.8813643,58700
1.4354142,0.74077845,3.4338996,8.600358,2.5525055,127500
8.839664,0.38467804,1.039172,6.3132906,3.2636569,106600
8.866319,0.5715681,1.6632333,6.1185756,3.460965,211000
8.929775,0.60183257,1.6464065,6.0183663,3.44483,179000
2.3066564,0.8812491,1.3132176,7.203473,3.6866393,245000
0.075917214,-0.24355271,0.68915516,7.7200427,2.5408885,70000
2.146814,1.5629194,1.3349539,6.817835,3.16834,135900
8.798519,1.1381532,2.9424121,5.9747715,3.5230722,136720
2.3652196,0.53744876,1.5129074,7.2957783,3.8935628,705000
1.6711413,1.1947234,0.60131717,6.4736357,1.9622414,125000
1.4685973,0.073271826,0.9762663,8.052577,3.8183808,444900
8.316985,0.5581213,1.6030619,6.9616785,3.6801505,699000
0.8055295,-0.08074507,0.9096987,5.3183928,4.596771,144000
4.324392,1.75182,1.693566,6.9737334,3.5660677,104500
4.7425747,1.6458325,1.6980908,6.9247813,3.5289407,135000
1.5288819,0.664947,1.5981486,7.8395734,3.2973342,244990
1.0299901,0.14363065,1.4592971,8.51709,3.119957,119900
10.654231,0.6988847,1.6292986,8.124836,3.5038583,550000
10.671337,0.6966218,1.5570813,8.192858,3.5844135,550000
1.5198133,0.8467387,0.10636395,4.9314027,2.6514225,155000
10.366147,0.23913495,1.0131749,6.5411286,2.799952,85000
-0.4216109,0.5686939,1.8455962,4.6947136,3.4917052,80600
-0.37423354,0.52334356,1.8401088,4.7541018,3.5147576,79752
4.087733,1.6149737,1.7229247,6.988469,3.3529866,120000
4.0469623,1.5497755,1.6738241,7.033967,3.408911,210000
0.89782286,0.10212999,1.2679069,5.768233,4.2469244,271000
8.729551,0.45911294,2.0984058,6.2687063,3.008849,89900
8.704922,0.4532875,2.0624888,6.294872,2.9979532,105000
7.9742894,0.18429483,1.830303,6.9109516,3.0945482,515000
7.967363,0.17061359,1.8173529,6.9382124,3.1044846,499000
2.8089943,1.3754667,1.1106033,6.8555093,3.0930538,185000
8.61259,0.5586512,1.1934206,6.82651,3.7759578,284900
8.665505,0.6792161,1.0065557,6.3494906,3.5668035,151000
4.7870674,1.6391397,1.6932393,6.920553,3.5342,190000
4.7998424,1.6273526,1.6982462,6.918334,3.5187407,119500
1.7736698,0.8166248,1.4756193,7.4153967,3.4253867,109800
1.1677296,0.2979666,1.5275855,8.371833,3.1840801,150000
9.836704,0.21612345,2.4448977,7.124731,3.9263375,95000
7.996881,0.17231552,1.8191175,6.89874,3.0866969,520000
8.181139,0.17455898,1.7067045,6.798079,3.0383897,255000
8.248442,0.15361933,1.6568412,6.7635584,2.9942777,245000
4.2155657,2.1922457,1.4526087,6.9952064,4.371566,335000
9.066016,0.7863195,2.4430912,6.1794753,3.2407904,87000
1.4988537,1.1387354,1.5728767,7.0538855,2.750043,175000
3.2424815,0.11192936,1.9813771,7.192307,2.5513427,360000
1.8355154,1.3085558,0.3388638,6.346044,1.9182193,119900
10.021121,0.48000416,1.7829072,6.9272532,3.397056,95000
1.5881745,0.68742925,2.1100128,7.4437313,2.8125236,139000
1.7436136,0.6549694,1.996109,7.340733,3.0271854,209000
1.5452746,0.75603694,0.15916063,4.99252,2.612282,107600
1.5692624,0.78307253,0.1359783,5.018688,2.589961,174600
2.000436,0.8844208,1.6601205,7.295488,3.3032877,219000
0.7774469,-0.37161475,0.4120422,8.367507,3.6240196,128500
2.0224023,1.1855954,1.4898747,6.897529,2.6932454,242500
1.9859127,1.1591787,1.5218722,6.812415,2.5374157,225000
1.9687618,0.8130755,0.7031703,6.341142,2.0546124,118400
1.7824583,1.103718,0.6355595,6.3928413,2.2170193,130800
1.9224256,0.8880222,0.68390095,6.344745,2.091734,140400
2.1223016,1.4633554,1.3407981,6.8403187,3.0897088,160000
8.615483,0.7047495,0.9927632,6.319304,3.529944,119900
8.4399395,0.4957904,1.5323023,7.0054464,3.7574399,337000
10.428158,0.6371714,1.7699208,7.742966,3.4188826,275000
9.973867,0.212881,1.2220325,6.2148337,2.7306242,88000
10.684507,0.5961286,1.401399,7.028492,3.4276474,85000
8.64301,0.62200874,1.0536592,6.279546,3.3988123,153000
2.5072083,0.45995465,1.5716031,7.146514,3.112029,569300
9.096094,0.32087722,0.9086852,6.168484,3.0096848,135000
10.644213,0.67405653,1.5759985,8.17489,3.5483332,130000
4.3022,1.724881,1.6918119,6.9830866,3.546441,255000
1.1336213,0.14716144,1.5910063,8.245174,3.0957177,445500
8.819206,0.1951337,1.3345791,6.8013988,3.422989,192000
8.6293745,0.12508895,1.3048072,6.4275217,2.8537903,151000
9.125502,0.3047319,0.87343097,6.1746893,3.1083767,96000
2.0141747,1.2989339,1.1708221,6.841272,2.7906153,133115
2.0625567,0.97116303,1.1663206,7.0500765,3.2101648,229226
4.409826,1.9643469,1.619098,6.979997,3.9228933,350000
1.9423916,0.999786,0.38930824,6.465984,2.5855827,195000
9.339701,-0.25798917,1.873407,5.8197613,3.9719534,89000
1.8814235,0.85948515,0.6156968,6.6354094,2.6930487,151000
8.22099,0.5559926,1.4892794,7.1925783,3.875267,725000
8.522326,0.56379056,1.0392048,6.4587135,3.5199113,99162
8.648659,0.49853757,0.9641893,6.306315,3.3849769,83300
8.624498,0.55682343,0.9743111,6.3119574,3.431303,82054
8.647637,0.46039864,0.911554,6.3007984,3.403902,81200
2.1445272,1.4887106,1.3289198,6.8137217,3.0740523,175000
0.8157537,-0.09581396,0.90242594,5.313974,4.605034,144000
9.325394,-0.10598734,1.8092159,5.5134287,4.0103893,68000
0.43690953,0.35575727,1.4724962,8.339018,2.0340123,136998
0.42776588,0.2569882,1.307317,8.545888,2.1427565,89500
1.7467287,1.2243186,0.5156893,6.4379144,1.950329,140000
0.4458029,0.34530652,1.4769636,8.360908,2.0772567,142000
2.0518749,0.8152084,1.2801216,7.265584,3.636608,500000
4.411728,2.1054733,1.5872846,7.0081983,4.1589775,398868
3.79097,1.5404434,1.692038,7.0002003,3.2473102,175000
1.9915378,1.2556989,0.24989018,5.660926,2.2294657,63000
2.008319,1.2543335,0.227777,5.590049,2.2584884,81000
1.6051792,0.4297686,3.2840686,8.103681,3.3728483,128230
4.302843,2.1775835,1.5366579,6.9542274,4.223559,215000
10.653573,0.69025385,1.6032814,8.133644,3.5238876,459900
-0.09388841,-0.7558308,0.7056314,4.2262726,1.8029809,58000
10.20726,0.556386,1.8266525,6.0650854,3.0300794,59900
1.4369918,1.0758324,1.4216733,7.072491,2.5755277,191120
2.021378,0.81906736,0.69699234,6.4270005,1.967236,186500
9.269817,0.5403171,2.1649015,6.3097386,2.9958231,145500
8.149309,0.3710176,1.7653317,7.102589,3.55819,565000
8.468838,0.21884975,1.8955575,6.9922085,3.491892,349000
2.0113912,0.99390817,0.6231126,6.343532,2.1106522,138100
2.0593045,1.078265,0.43861464,6.1618648,2.1473343,104000
10.575238,0.632711,1.5987458,7.7242303,3.4675715,101000
8.715326,0.16012725,1.2139044,6.3610263,2.8143194,123840
8.693125,0.16710517,1.2284559,6.3683352,2.8124099,127600
-0.42662266,0.56347835,1.8476291,4.7034245,3.5084667,64875
0.7438258,-0.49850777,0.03233833,8.441684,3.7434812,119999
8.021776,0.98260313,1.2548312,6.4163294,3.1161702,94700
8.430965,0.5208301,1.7219484,7.1481,3.7813263,259000
8.842603,0.36197236,1.0189024,6.286291,3.3041897,100000
10.295987,0.12896146,1.6996464,6.2333794,3.2399042,116900
2.1574373,1.512902,1.3216453,6.8098507,3.0850804,104000
2.3786366,0.76538336,1.4221089,7.280255,3.8062866,440000
2.3664033,0.89197403,1.3690587,7.213398,3.7347121,320000
2.2473035,1.162213,1.2965809,7.0206594,3.3972325,210000
2.2876642,1.1008002,1.3114088,7.0472507,3.4604979,228000
2.1697147,1.5143702,1.3135046,6.8081694,3.0944588,158000
1.1617563,0.21988727,1.3111132,8.032847,3.4358292,345000
8.944072,1.0985498,2.848284,5.874803,3.4245934,79781
8.95161,1.0954177,2.840459,5.8708587,3.4152,79781
9.231694,-0.1303854,1.8395308,5.5611725,4.06283,81000
-0.21549477,0.4273881,1.8853182,4.84497,3.7088444,64000
-0.36877495,0.62817407,1.6965535,4.6449723,3.3555052,68500
8.809597,1.1383976,2.9377,5.971749,3.5149932,111956
10.037713,0.19036311,1.2350587,6.2645307,2.6792595,82900
-0.42633292,0.541459,1.8581076,4.72799,3.499344,91000
9.1536255,0.7762283,1.8749374,6.1802993,3.4111633,128500
2.4776676,0.4733911,1.6052225,7.3812423,3.905514,599000
8.463391,0.6607093,1.508872,6.311896,3.2940228,176900
10.386927,0.6120898,1.7736454,7.8429008,3.4139516,170000
1.4713672,0.07470539,0.9751649,8.062645,3.8251715,445000
-0.17099057,0.09877181,0.7679869,8.4300165,1.9368103,198500
1.9121968,0.9231831,0.67354167,6.3406687,2.1063004,164100
0.33126885,0.2363206,1.2290071,8.530189,1.9466683,51998
2.209087,1.5101945,1.3188941,6.8192987,3.096309,115000
1.1493969,-0.07349378,1.0440264,8.249908,3.7022324,178000
8.010548,0.3153727,1.8996211,6.7218137,3.0697274,328500
8.344945,0.42405748,1.7275654,6.8741517,3.539509,343500
8.411633,0.49272245,1.6840003,6.936492,3.6597216,356500
1.3926057,0.5764335,2.8392434,8.130374,2.5787513,91000
0.8636549,0.5179299,1.7532202,8.106073,2.2932894,85000
9.833892,0.21102563,2.4607956,7.100235,3.9414575,95000
0.43955466,0.24220142,1.3269459,8.532043,2.1146653,91000
8.636776,0.52156764,1.3932182,6.870099,3.7977767,500000
8.939371,0.43547234,1.8741529,7.27075,3.5542762,130000
9.300927,0.61985254,2.182669,6.5469975,3.2526307,220000
9.696726,0.64238375,2.4187477,6.9431047,3.409642,115000
8.310355,0.40451342,1.7204812,6.87236,3.4788795,564000
7.989054,1.015551,1.2693213,6.4335155,3.143725,165000
8.993447,0.90380156,2.5830803,5.7861867,3.6288784,103500
8.962326,1.0879483,2.8307111,5.859419,3.4135702,105000
9.017569,1.046589,2.7552285,5.8445992,3.370946,84000
8.970197,1.0866566,2.8282814,5.8596187,3.402449,65130
1.7290137,0.61095625,2.00076,7.2775497,3.0219042,150000
8.997624,0.8913789,2.6800764,6.022999,3.2828546,106620
0.40790823,0.29293388,1.3821354,8.437805,2.080342,79500
-0.36340037,0.51623493,1.8451691,4.7622046,3.528646,89500
9.170883,0.2016128,1.6238091,5.842795,3.9470947,65500
2.3925462,0.5441767,1.5235032,7.2783575,3.9212286,620000
1.7960352,1.1150278,0.6273684,6.4196463,2.2902043,102000
2.0436146,0.74844205,0.7324078,6.367251,2.0110765,102000
2.1064765,0.44287327,0.76411635,6.618154,2.743479,135000
2.1204638,0.39397258,0.80343217,6.630544,2.7467844,133000
-0.1769768,-1.0041683,1.1148245,4.192685,1.8695364,68000
2.060656,0.52909774,0.72618264,6.6142817,2.740163,134000
2.513405,0.5498465,1.5888915,7.3917394,3.9627345,603999
2.1519935,1.0916313,1.5764425,6.882148,2.5376976,243900
10.65984,0.6659234,1.5094209,8.159497,3.603024,199900
1.90701,1.053506,0.75787306,6.498184,2.1951814,189500
2.0845501,0.46494144,1.6896635,7.604548,3.7361372,625000
1.5086447,0.70043063,1.6663175,7.819528,3.2423496,165000
2.1904674,0.64466083,1.4136828,7.3940506,3.8664796,337000
10.235935,0.4638511,1.5769476,7.8624063,3.581866,168000
10.580733,0.6681631,1.6691539,8.005427,3.4440312,250000
1.7380096,1.2266556,0.76431483,6.6512446,2.237068,95000
2.176226,1.0402408,1.2522322,7.0822606,3.5647254,229000
4.2416306,2.2465663,1.4932711,6.9321046,4.317292,237800
8.007842,1.0054233,1.2691084,6.4288726,3.15031,125000
7.987608,1.0153887,1.2693795,6.438539,3.1500425,165000
4.7611,1.663775,1.6897749,6.924123,3.5565476,180000
8.784238,0.13120732,1.2182153,6.4181337,3.528872,158000
4.755605,3.617981,1.4449637,7.020867,5.195393,131500
2.063543,1.2680247,0.15999894,5.4802294,2.3043785,69800
2.0497975,1.2402955,0.14136903,5.444957,2.3261073,72600
4.03312,1.6334708,1.7464461,6.967428,3.3021162,106000
4.212781,1.6777686,1.7130103,6.9810314,3.4432313,149900
9.906542,-0.51948214,2.0504556,6.0734262,4.057494,45000
8.702218,0.5719254,2.011544,6.787006,3.6986394,407800
10.149616,0.060742382,1.8353448,6.2868714,3.143795,75000
-0.15590239,0.39542004,1.8799101,4.8796887,3.766174,75000
8.709932,0.2621914,1.8736187,6.9338255,3.7116005,102000
9.098511,0.5533409,2.2777746,5.728578,3.9798968,101900
2.9802725,1.6840743,1.5303597,7.059435,3.973647,112000
2.1716912,0.9864278,1.601015,6.87761,2.4208179,245000
-0.1706051,-1.0213894,1.1293433,4.171343,1.8898219,57450
4.0581255,1.5657964,1.681373,7.0221257,3.3963068,195000
2.1925707,0.16395508,2.6267166,7.655035,3.3049417,328000
-0.22551076,0.049323242,0.30463377,8.6993265,1.7997768,123900
8.90781,0.33023483,1.1402373,6.365265,3.2560654,157500
3.1623409,0.14207894,1.9125075,7.1473074,2.5487926,238000
0.76465636,0.055583317,1.2587903,5.6256127,4.2130485,108500
9.310048,-0.02450917,1.8064734,5.5429773,4.0920043,79900
9.217072,-0.10161595,1.8981822,5.7378488,4.2083793,109900
9.273817,-0.11380672,1.9093685,5.8911023,4.26382,146900
2.2133725,0.57938206,1.4333969,7.411885,3.8273623,481990
9.348408,0.12882322,1.7933052,5.507458,3.9657593,67500
1.9312396,1.3534638,1.4080487,6.8805523,2.8928077,210000
-0.1555399,0.3852937,1.9011375,4.8839803,3.7761307,64000
8.649201,0.38432956,2.0342953,7.1014323,3.4499264,419900
8.730952,0.31580913,1.8388157,6.9314656,3.8443446,158000
1.5727181,1.0899048,1.1614043,6.648592,2.6268404,166000
1.4941516,1.0495744,1.1817678,6.6025815,2.6274798,166000
0.9946126,0.62507325,1.7062864,7.932801,2.360954,166000
3.5620015,1.4500782,1.6439081,7.0258613,3.228123,325000
9.029123,0.2901543,0.91072834,6.2081738,3.0813606,99000
9.094647,0.27017114,0.9205802,6.2051663,3.0177455,115000
8.421443,0.5331949,1.6185628,6.883847,3.664267,365000
8.975255,0.88416874,2.6227148,6.099404,3.3070955,105700
1.3402343,0.6185624,2.7883291,8.191779,2.5596526,88500
1.3596498,0.59382856,2.7649684,8.126384,2.5699084,78200
1.8929402,1.2655886,1.4140188,6.826122,2.69162,200000
1.3636972,0.5779918,2.6872635,8.062775,2.6003232,93500
1.4147714,0.98991776,1.7565447,7.5395484,2.8150022,218500
8.636139,0.6587131,1.0131036,6.3484507,3.5115361,139000
2.1745353,0.39432833,1.7799805,7.5968885,3.6743631,655000
1.8986999,0.4646153,1.7735747,7.7804456,3.6303463,448000
8.543448,0.5238712,1.9581559,6.966573,3.6443012,387000
2.0267217,0.58279973,1.4064289,7.450241,3.8426943,375000
8.647474,0.51880527,1.9865595,6.676253,3.6861541,230000
1.5665592,1.1813666,1.4070793,6.8580937,2.7246785,200000
2.2249613,0.7379405,1.4003165,7.267333,3.6434627,485000
2.4192607,0.5062349,1.548847,7.382625,3.981735,698000
0.90505195,0.14561847,1.1853596,8.597635,3.0811687,140000
2.3241544,1.3428198,1.3946633,6.942352,2.8913488,155000
4.3170414,2.2079704,1.4459715,7.04562,4.4323597,394995
0.8116512,-0.39660272,1.0323147,8.465514,3.52898,120000
2.2385771,1.0693461,1.2388707,7.0606785,3.542846,245000
2.246085,1.0582211,1.2298203,7.0472207,3.570355,229000
4.208605,2.2535725,1.4718949,6.940114,4.3467317,250000
1.4922584,0.9313757,1.6834092,7.5431485,3.0096133,209900
1.626065,1.1624204,1.4624012,6.8744407,2.7753358,233000
-0.22802244,0.4371636,1.8700951,4.8372397,3.6779282,71100
2.7979434,0.30394047,1.7959557,7.1849613,2.960889,750000
2.0419867,0.5804781,1.6067445,7.535032,3.7260318,439900
1.6582409,0.7350735,1.6201199,7.6862826,3.3562536,294900
1.5975473,0.744561,1.6198261,7.7043414,3.32147,249900
1.4695483,1.0464395,1.6573914,7.3668885,2.794807,184900
8.009071,0.8702562,1.4664602,6.740102,3.4276338,309595
10.601514,0.6883586,1.6718633,8.032292,3.4612067,97000
9.00362,0.4293669,2.0970306,7.161381,3.518394,310000
8.358155,0.4260303,1.638246,6.815485,3.5039341,331524
2.2002459,0.7048726,1.2540317,7.11637,3.3149655,355797
2.495198,0.41902754,1.6247663,7.3511653,3.7855475,588000
2.1493921,0.8111471,1.2275243,7.094997,3.268921,359874
2.0636003,0.9942712,1.1731038,7.0497494,3.2081208,231484
2.0323536,1.2476798,1.1670614,6.883988,2.9174752,203247
2.1377585,0.8080826,1.2085311,7.0922375,3.231781,300031
2.0274646,1.280706,1.1514953,6.854156,2.8499637,168323
0.445639,0.18220004,1.2815722,8.465949,2.1677995,207000
10.619181,0.6294717,1.5072874,8.257363,3.6011631,156000
2.0119927,0.74425006,1.5500765,7.6109734,3.3368433,449000
10.368334,0.5850072,1.7976772,6.6762986,3.0096867,99000
-0.29751113,0.45087034,1.7876803,4.862432,3.4421296,87190
1.9834543,1.2440754,0.2575628,5.6336985,2.2371075,115000
1.5434469,0.512304,2.9517627,8.13549,3.1894743,127120
-0.17141993,-1.0220757,1.1239674,4.169187,1.8876172,55785
1.4925605,1.0589261,1.2331485,6.634538,2.6590488,166000
1.5822223,1.0948963,1.1722432,6.651642,2.627865,166000
1.0246006,0.64944565,1.6638893,7.8640046,2.3654702,166000
8.7690935,0.69447434,2.022158,6.779972,3.6171389,450000
-0.41981125,0.54786634,1.8227135,4.730057,3.4543657,66100
9.147212,0.13477041,1.5859165,5.7425103,3.9180772,245000
1.5550814,0.7975952,0.13008927,4.9708004,2.602984,125600
1.5298966,0.51870066,3.0662103,8.177252,3.0861235,160000
9.043798,0.6410371,1.5397407,6.227944,3.5461729,239000
2.0470984,0.77038354,0.7207886,6.4238205,1.9834937,155000
1.5687785,0.78271264,0.13231179,5.0116954,2.5897312,192800
2.0179663,0.7229368,1.5443211,7.4722495,3.5134935,380000
2.2581453,0.67424923,1.4012266,7.194251,3.453773,499900
2.364771,1.4003808,0.088044666,5.676037,2.2624986,90500
3.1331184,0.16494721,1.9274096,7.1641717,2.5587652,245000
2.2341883,0.70650846,1.4156373,7.192732,3.6937637,580000
10.405236,0.539536,1.5498396,7.9766254,3.5527701,249900
4.264416,2.2080882,1.4261059,7.0113134,4.405122,460000
4.224059,2.209721,1.4592588,6.9855094,4.367575,525000
3.2158434,0.11213513,1.941531,7.1545787,2.5265253,775000
1.5279654,0.75089663,0.14528021,4.9804254,2.6137843,104800
1.5714363,0.82287395,0.14554614,4.9761877,2.573208,93500
1.8980503,0.7011289,1.50977,7.4078007,3.615229,342500
8.317149,0.51597434,1.6296034,6.9978757,3.6880317,650000
1.9439188,1.1366764,0.3728301,6.341923,2.333335,95000
9.054806,0.47931698,2.2190144,6.227471,2.9832644,150000
8.327511,0.56837827,1.478713,6.9167967,3.7058697,475000
8.11004,0.89589894,1.4792421,6.674546,3.3670142,260000
1.2844537,0.21069857,1.7103416,7.821821,2.6962078,146200
8.313987,0.4887595,1.4688663,7.087684,3.8066604,437000
3.0333576,1.3158766,1.7019241,7.0749674,2.9859354,140000
2.3901486,1.3432188,-0.02025321,5.6597834,2.248503,81000
2.5343506,1.4479089,-0.060863663,5.5737977,2.255955,63000
2.0654883,1.2066371,1.571063,6.822668,2.566694,170000
3.8391883,1.4465871,1.6237236,7.050095,3.4176111,275000
10.587289,0.6089032,1.4717871,8.264819,3.630681,388000
-0.49203315,0.9340206,1.2138666,3.9936116,3.2942784,99800
8.565881,0.8119514,1.1432579,6.338837,3.5461972,169900
4.971264,1.5298154,1.7277534,6.887673,3.4309545,105000
-0.34636512,0.80173045,1.4862529,4.5099926,3.2053046,117000
1.3925847,0.72144824,3.3175435,8.508387,2.487145,76865
1.4597683,0.7091217,3.4065967,8.568039,2.531318,93170
4.085762,1.5179852,1.642411,7.067734,3.4418228,240000
4.0638843,1.5703807,1.6802849,7.0232778,3.4006336,235000
8.986477,1.0602474,2.7870212,5.875389,3.4074717,65915
1.3984396,0.72320795,3.3325644,8.518126,2.487942,68925
1.4553856,0.72063017,3.4095843,8.569314,2.5482626,90450
4.07889,1.5535322,1.677402,7.026612,3.410321,214000
1.4479392,0.7205986,3.3980255,8.556595,2.563751,90450
1.448828,0.72259086,3.406209,8.563761,2.547139,85425
1.4470203,0.71322024,3.3828287,8.54774,2.5441217,89500
1.6412331,1.1780312,1.4685128,6.900673,2.687031,219000
1.2306898,0.5317718,2.290422,7.969935,2.5108058,152110
8.99326,0.35020617,2.0152495,6.1551156,3.0008812,117900
9.043851,0.5051865,2.2607753,6.2851048,2.9696944,117900
8.994388,0.5709141,2.2443676,6.3018303,3.1159294,72000
3.181813,1.8239626,1.5358306,7.017113,4.034153,70999
2.816744,1.3681031,1.305754,7.0789976,3.0492926,300000
8.604641,0.75809777,1.0362959,6.289418,3.5289323,127500
8.595874,0.76104254,1.0067754,6.3071504,3.553456,142400
8.593535,0.76740485,1.0244038,6.3004127,3.546531,142500
8.6224375,0.72970057,1.0536207,6.268901,3.5075521,141000
8.587618,0.76861304,1.0384303,6.293191,3.5343378,154500
8.601132,0.76879746,1.013824,6.288836,3.5392582,145000
2.004985,1.1335524,0.36053374,6.1636505,2.2200468,74900
2.8182793,1.389097,1.3483742,7.0656776,2.8588095,136100
2.0538583,0.76291955,0.7160623,6.421723,1.9908633,121043
9.90299,0.53047985,2.0721276,6.289713,2.821562,67000
2.0565794,0.7605396,0.71265733,6.4214935,1.9889567,127921
2.923448,1.4593365,1.3113399,7.100596,2.903988,117431
2.0262341,0.945071,1.421029,7.1981053,3.6140907,234000
1.5083146,0.64985025,2.177192,7.556895,2.656877,147000
2.840954,1.3771654,1.327096,7.09515,2.9823844,180075
3.087653,1.6777009,1.288376,7.1197715,2.6982312,110092
3.0942452,1.6819863,1.288205,7.120371,2.6955872,105505
3.0938344,1.6832066,1.2872087,7.120402,2.6980813,89725
2.2868893,0.14287515,1.520036,7.043251,3.2503479,605000
0.09303796,0.11358832,1.5269732,5.0818076,3.3097749,115900
0.74894685,0.45776048,1.7112927,8.187611,2.2108104,129900
4.673577,2.2423303,1.4553813,6.9747815,4.432013,359000
2.944325,1.4830571,1.3049438,7.1021476,2.9159808,134034
3.089351,1.6807226,1.2876508,7.12027,2.6966958,108257
1.969737,0.9798042,1.4824728,7.202698,3.4861903,169000
9.477135,0.16881807,1.3675597,7.759222,3.6151586,135000
2.126605,1.5165839,1.3845774,6.8319445,3.0096526,129500
2.2097607,0.6457677,1.4362965,7.191876,3.7378757,650000
2.4423497,1.4354278,0.016128765,5.6419644,2.2301638,77445
0.06270558,0.105795085,1.123696,4.436045,3.1128895,125000
-0.3444854,-0.11828151,0.068670325,8.759785,1.3350179,110000
8.719176,0.7227605,1.0470071,6.27655,3.5291424,79500
2.6750703,0.057900596,1.8145572,7.2866883,2.6512432,298000
0.15475574,0.21736413,1.0991688,7.726894,1.207775,61000
0.3992014,0.29647276,1.3584362,8.471374,2.1088958,155000
8.620361,0.25470775,0.77272224,6.2045226,3.312316,82000
10.5809555,0.653792,1.6821129,7.4116993,3.2987983,215000
0.79427046,-0.3721705,0.46691334,8.396933,3.61629,125000
10.33006,0.2176959,1.0097076,6.5250525,2.7654202,124500
2.3034382,1.3320931,0.06449899,5.791019,2.2400067,63500
-0.47102892,0.26422468,0.26883277,8.968535,1.5239588,108500
9.859698,0.6446677,2.0837996,6.4912705,3.18419,144000
4.8221207,1.5646293,1.7245529,6.91103,3.4378228,155000
2.4354548,0.53405315,1.5485238,7.338785,3.9266925,720000
0.032527927,-0.10953969,0.6743772,8.238582,2.2814202,112000
9.923821,0.16887653,1.9393452,6.3597894,2.8013182,86900
1.0665601,0.10308572,1.5506468,8.476468,3.0968425,129000
-0.22918569,0.21523014,0.79280543,8.517711,1.9529154,124000
0.36835405,-0.2994041,0.44063148,7.7850466,3.5753174,118000
2.1608207,1.5328292,1.3114029,6.7987833,3.1278517,139600
8.643486,0.73152274,1.0085602,6.290041,3.534348,152000
8.861676,0.10538397,1.1999921,6.3797894,3.46303,141900
1.5111958,1.1636374,1.5061506,6.9235535,2.8165593,228000
3.1045172,1.6906619,1.2866282,7.121904,2.6920128,115596
2.9219558,1.4698846,1.3100587,7.0978255,2.9137013,125630
2.9298449,1.4714874,1.311124,7.0991397,2.9085882,125210
2.9260623,1.4692352,1.3129828,7.09789,2.9102676,119725
2.7561753,1.3442594,1.3248199,7.0074716,2.7085764,114679
2.884377,1.389012,1.3366687,7.1143312,2.9284875,200840
2.90256,1.448546,1.3224183,7.0926065,2.8978722,134454
2.9273965,1.4735808,1.3094789,7.0982385,2.9093263,123950
2.876719,1.4370636,1.3302852,7.0821667,2.8785036,126891
2.8476567,1.406759,1.3404847,7.077293,2.8717873,118624
2.9462976,1.4793228,1.3084401,7.1034484,2.9038057,126471
2.2029462,1.3211427,0.20986633,5.9033318,2.1374967,40770
8.004839,0.99322265,1.2418709,6.404558,3.1037476,84900
9.00352,0.7939995,1.8166742,6.038452,3.5020463,145000
2.1756885,0.34637684,0.9140758,6.689606,2.837953,179900
2.096641,1.2157661,0.32347393,6.036772,2.2047138,111975
2.1826549,1.2636924,0.2752655,5.9117765,2.1813679,117550
10.50522,0.49494344,1.5082512,6.753197,3.258917,78000
2.1065748,1.2054724,0.3275531,6.0287676,2.1816561,106550
2.1309445,1.2139837,0.31630507,6.0297036,2.1653128,111975
2.1243978,1.1685233,0.3450919,6.034473,2.1497812,111975
-0.15942311,-1.0214841,1.1513529,4.1932597,1.9243017,67500
10.155425,0.52387136,2.001296,6.6748853,2.8748722,74000
1.3602922,0.17852391,1.6949984,7.809205,2.8195693,221000
8.4589615,0.7997953,0.9568738,6.366204,3.5266595,124000
1.991482,1.2574613,0.33368653,6.12773,2.2994025,119500
8.457852,0.8139212,0.93040985,6.3459864,3.5111117,111403
1.7976236,0.6604079,0.88350576,7.0444245,3.0904152,319869
1.990838,1.2300929,0.3342798,6.136142,2.3119624,126000
2.0628946,1.3849156,0.13605535,6.0658693,1.86311,94000
2.0981753,1.1826141,0.3420794,6.05383,2.1810396,106550
9.015105,0.2666759,0.89366317,6.2244997,3.0840745,94000
8.672278,0.38129422,1.7783272,6.953843,3.8174894,120999
8.371953,0.49340987,1.4944863,7.116037,3.829418,450000
9.004962,0.2759147,0.88930416,6.2232223,3.1077433,94000
0.9354797,0.10071273,1.030936,8.62086,3.1879983,270000
1.4414121,0.9148931,1.1170993,6.5752344,2.6611402,180370
8.720706,0.1505287,1.2294611,6.3922825,2.8463905,69000
1.4768088,1.0026296,0.9388836,6.548599,2.516006,180370
0.88798916,0.53572,1.7213581,8.077923,2.3200905,180370
1.6866869,0.8483537,0.13360037,5.16239,2.5154912,132900
8.972893,0.45320362,2.1508505,6.2350984,2.9684649,67000
1.9817971,0.9928126,0.38736656,6.276869,2.5672746,202000
10.540035,0.63477373,1.6837981,7.9568863,3.412459,399000
10.661204,0.6642627,1.519737,8.232714,3.5999625,499000
2.0305753,0.61517006,1.3685559,7.407,3.8250318,298700
1.7585467,1.1547337,1.4561783,6.868157,2.743445,285000
0.8964905,0.15226248,1.1885239,8.601499,3.0641773,169500
-0.17052995,-0.990713,1.1114752,4.2069345,1.8753753,68000
1.2375102,0.2430743,1.7306883,7.841586,2.6618884,130900
2.293279,0.49642634,1.721644,7.2041645,3.2218683,333000
8.001617,0.99800473,1.3075029,6.486921,3.189822,175433
8.026698,0.80143315,1.4885845,6.8639393,3.4980173,405000
2.0729058,0.5568615,1.0362903,7.005486,2.968984,374100
2.1629727,0.53521955,1.08256,6.9914494,3.0788178,374100
0.92154783,0.42656392,1.6622353,8.007254,2.329379,88000
8.467251,0.627135,1.1825557,6.789204,3.7228124,175433
8.442524,0.64073515,1.2088348,6.803591,3.730117,175433
-0.16929966,-0.9931488,1.1177208,4.2049937,1.8798331,68000
0.89678514,0.4017785,1.4945378,8.603163,2.7121584,149000
2.5063353,1.4488988,-0.023725513,5.685549,2.1751897,52675
-0.17217903,-1.0234572,1.1238698,4.1679583,1.8861164,60000
4.756412,1.6718023,1.6792467,6.9285417,3.56563,170000
8.838809,0.26116225,1.0269979,6.290992,3.1341238,85500
-0.15704489,-0.91126156,1.0044324,4.233246,1.83878,60000
2.0281148,1.1228827,1.5026329,7.109751,3.629059,245000
9.327088,0.53378516,2.1754315,6.3621464,3.0346353,205000
1.5500555,0.49865124,3.0014923,8.131768,3.1602197,125400
2.075375,1.0370349,1.4686507,7.1331344,3.5885203,174000
9.22972,0.7656481,1.8940583,6.207421,3.4136076,102000
-0.17285174,-1.0245128,1.1250032,4.1691537,1.885531,74000
4.805344,1.4962385,1.6964256,6.944272,3.4853048,549900
1.6030138,0.4567354,3.25891,8.202468,3.1456814,220000
8.415951,0.6279917,1.244901,6.8955398,3.7759001,166300
8.066452,0.92027205,1.3639529,6.5473504,3.2768965,245000
1.267332,0.74518156,1.6214234,6.942003,2.334502,144210
0.9215385,-0.21892214,0.48518172,7.989803,3.5132275,180000
9.237456,0.101871006,1.6437556,7.4223285,3.668402,140000
9.042555,0.5063839,2.2660685,6.2758102,2.9679747,116700
9.944292,-0.41504732,1.9188913,5.923009,3.7845347,71000
1.6084088,0.45014817,3.2482216,8.190706,3.1637228,226000
1.5909477,0.47156623,3.2614348,8.222728,3.1122706,230000
8.645582,0.42934123,1.8955243,6.806581,3.7356536,222000
8.421887,0.83510816,0.9151221,6.3815207,3.5358074,142481
4.009297,1.6397102,1.7722259,6.9366174,3.2472968,85300
9.044059,0.6620189,2.2227075,6.818472,3.4847631,139000
8.247058,0.56159073,1.3958024,7.110492,3.8350532,350000
-0.043573625,0.26955238,2.0268574,4.9550524,3.9405088,60000
3.9466996,1.5559331,1.6801723,7.026514,3.3275647,139900
9.30722,0.6072176,2.2574873,6.8412023,3.4251432,215000
8.432854,0.8162578,0.91841525,6.372786,3.5343041,141818
9.247676,0.6658882,2.3004391,6.8172884,3.4796033,325000
7.9890876,1.011676,1.2725768,6.4460616,3.157611,142481
7.990732,1.0094849,1.2760985,6.451144,3.161767,141818
4.755911,1.6647276,1.68783,6.924872,3.5592015,231941
1.4941114,0.51587534,2.4849062,7.9619565,3.0282013,186050
2.2795293,0.19226928,1.3622345,6.9941034,3.177787,299900
7.9852004,1.0129867,1.2712047,6.4442544,3.152326,139404
8.437326,0.8129807,0.93122095,6.3710876,3.5275972,139404
10.614822,0.49475208,1.3150138,6.806014,3.2125797,200000
9.010077,0.60568607,1.5250174,6.040061,3.7356,255000
9.144048,0.41477194,2.2872498,6.976169,3.3042269,390000
-0.08036676,0.31895554,1.9550816,4.9257183,3.8846874,77603
8.4837885,0.67835474,1.5455412,6.364311,3.4008927,390000
7.9897156,1.0181167,1.261775,6.4370003,3.1497443,129770
1.9009749,0.98234403,0.46311545,6.3986235,2.6275465,256700
1.8591287,0.22392468,1.5488472,7.011552,3.045495,150800
8.000391,0.9875363,1.3110049,6.505041,3.210105,124700
2.9416938,0.35058147,1.9149901,7.120961,2.6018004,183000
8.40873,0.82484156,0.9061445,6.370411,3.5136998,129770
2.2873542,0.5024164,1.7203519,7.1973658,3.2271492,333000
3.1253817,0.15722169,1.9040889,7.1531873,2.5861716,440000
8.512086,0.67718285,1.0366856,6.3524094,3.4449966,120000
-0.23067541,-1.0789249,1.0662467,4.110037,1.8261434,67000
-0.18059896,-1.0388914,1.1170219,4.151227,1.8740984,60000
2.6725798,0.3985247,1.7896483,7.205188,3.0475075,545000
-0.17341411,-1.0234839,1.1239558,4.166802,1.883924,60000
-0.040789172,0.2678161,2.0408087,4.957492,3.9388895,60330
7.9995236,1.0044425,1.2654171,6.4250774,3.133479,111403
1.951637,1.368953,0.24704234,6.218688,1.9135265,55000
4.369353,2.1226685,1.5552162,7.0069757,4.210154,348736
10.486149,0.29937354,0.84279424,6.70135,2.9570632,90000
1.4868269,0.6704972,3.3901684,8.49353,2.6549757,160000
8.40904,0.6359245,1.2564853,6.8962436,3.7610276,165400
2.8879175,0.36118326,1.889562,7.1345305,2.6670864,266000
8.526204,0.6129045,1.4665358,6.3028355,3.306879,200850
1.5765368,0.53038055,1.604477,7.241767,3.6875153,399000
1.7972057,0.58704746,1.9711607,7.1751394,2.7363513,180000
-0.1376627,0.36280584,1.9313117,4.9070983,3.8095133,68100
9.796448,0.45605478,2.191397,6.4932213,2.8568184,125000
7.98048,1.0168674,1.2664886,6.4426174,3.1489034,124608
2.096685,0.77484006,1.5684959,7.232279,3.2052433,315000
2.0283287,1.2173699,0.35867617,6.120446,2.2386196,95000
1.9886953,1.203226,0.33319065,5.806551,2.2107368,95000
3.9915664,1.6142334,1.7490591,6.964807,3.2694066,81300
2.920191,0.35985103,1.9056628,7.124896,2.6243143,230000
3.0870266,0.18778951,1.8909644,7.1368194,2.5621943,238000
2.1256883,0.62032807,1.3064001,7.293947,3.6518998,640000
-0.3033975,0.9510404,1.1889268,4.2395096,3.121104,98700
8.412813,0.83827025,0.8955855,6.354617,3.5242946,124608
8.436178,0.8271882,0.91561383,6.3519206,3.5250351,119120
8.441676,0.83502215,0.89807427,6.3453116,3.5164297,111734
9.305072,0.77374625,2.3710005,6.18072,3.223022,119999
3.130783,0.16558704,1.9140918,7.1499977,2.56018,295000
2.2285752,0.69015145,1.5276067,7.1934814,3.1098862,221000
4.3579216,2.1439219,1.5418041,6.9946246,4.2290735,307268
8.061111,0.5386599,1.6333566,7.2797494,3.813505,660000
7.981562,1.0155971,1.2671515,6.4423785,3.1477296,119120
-0.052082676,0.28054887,2.0180767,4.9537115,3.9405613,67300
4.217822,2.2482824,1.4699578,6.947162,4.3537292,250000
2.2107596,1.0071214,1.2992524,7.0933957,3.4682012,240000
4.2197556,2.245814,1.4628484,6.954558,4.367569,258000
1.4568244,0.6137651,2.1063251,7.595991,2.6039855,168000
8.432656,0.81664246,0.921319,6.3553305,3.5179014,117559
8.814129,0.38652378,0.96722996,6.28493,3.296234,90000
3.8896933,1.5577145,1.7076156,7.0016026,3.2851925,109550
0.8021935,0.002954606,1.1825864,5.6181946,4.2156653,127000
7.9797196,1.0155748,1.2662805,6.4355636,3.1363606,117558
10.4974785,0.6093285,1.6737156,7.7193213,3.3931031,165000
2.6827738,0.36368325,1.8012803,7.215865,3.0634232,499900
4.1842647,1.6520512,1.7119465,6.9891405,3.4193144,127900
-0.5076872,0.95718396,1.2390728,4.0172706,3.2726386,97350
-0.35525906,0.5156823,1.794125,4.7691936,3.4502823,82800
8.430272,0.8283731,0.91207707,6.3539257,3.52406,117558
4.2476573,1.6824608,1.6909007,6.9944906,3.5059648,154500
-0.40778282,0.91135937,1.2054999,4.10459,3.2432537,94700
-0.048790857,0.2851078,1.9984828,4.955337,3.9250667,84550
4.225642,2.2409718,1.4648752,6.959146,4.365714,343000
7.979594,1.016582,1.2667433,6.441889,3.147125,117370
8.367196,0.55951995,1.4849436,6.8734045,3.669523,451500
8.427102,0.8288579,0.90363747,6.3523507,3.5241692,117370
2.3829265,0.5930299,1.4923106,7.2803783,3.6781714,577000
8.864202,0.30358365,0.9744584,6.2940464,3.2319875,95000
9.724996,0.64730185,2.4198642,6.94733,3.4241753,110000
4.2139683,2.1637998,1.4463542,7.0193877,4.3813457,290000
10.735909,0.69494396,1.4982104,8.298649,3.6335547,380000
4.295724,2.2143273,1.523665,6.945056,4.2716317,300000
10.034351,0.64231503,2.0793068,6.5347304,3.0893228,113500
8.55914,0.517642,1.5908865,6.9753714,3.8222218,415000
0.87440896,0.04546577,1.1596122,5.718712,4.21776,252000
2.4563756,0.49946842,1.5819324,7.3868246,3.94885,750000
1.9170219,1.0729836,0.3587022,6.367837,1.7848004,108999
2.2332006,0.73668736,1.3356197,7.181369,3.512925,399000
1.6406685,0.41951433,3.1941364,8.128072,3.1579065,361000
2.1747565,1.084277,1.2314862,7.044632,3.4951184,325000
1.6581287,1.17423,0.65375435,6.520167,1.9752955,94900
4.2528815,2.238346,1.4646187,7.0163226,4.41354,520000
8.852042,0.32088745,1.0007892,6.292588,3.2356284,85500
-0.21874928,0.43112585,1.8693125,4.837382,3.6862092,83400
1.2487955,0.6028896,2.2931159,7.1846447,2.7221897,95000
-0.30571687,0.45276392,1.8115296,4.84809,3.50108,97500
4.3601007,2.1302733,1.4987402,7.0683365,4.3414216,656000
4.258986,1.6353194,1.6357288,7.037843,3.5481467,163500
8.438339,0.5719695,1.4652282,6.845449,3.6735685,220000
-0.37866682,0.5314349,1.8092365,4.751056,3.4607682,77400
10.1877775,0.24268527,1.8179635,6.410269,2.9247806,110000
8.248359,0.5351699,1.4816468,7.163653,3.8421512,440000
1.3964986,0.54163843,2.2624502,7.3115463,2.9625552,146000
4.3176513,2.1709104,1.472109,7.047819,4.361523,543000
1.9473672,0.85682374,1.1905608,7.235229,3.5429554,430000
4.3216033,2.1758876,1.48077,7.0325527,4.36478,575000
9.046408,0.48085523,2.2128484,6.2408276,2.9525824,67000
10.626873,0.67272717,1.6062768,8.079608,3.5053859,195000
2.4462895,0.62223405,1.5031123,7.1667023,3.1680017,521000
1.5638843,1.0968794,1.5594373,7.02372,2.717258,160000
2.4330373,1.2313741,-0.11704221,5.7703896,2.2347882,59900
0.86544454,0.02366042,1.147771,5.7010474,4.2161217,132900
10.363457,0.2791507,1.6237643,6.408169,3.0539432,84900
8.981191,1.0646143,2.805375,5.8592896,3.3973138,123080
-0.055214547,0.31777984,1.9187505,4.9592166,3.8686805,149000
0.3258266,0.27482688,1.2727473,8.508312,2.0940855,98000
1.0202425,0.32528558,1.3604374,8.473852,3.0558176,130000
9.315345,-0.2453895,1.8763994,5.8263855,3.9974194,89000
9.999289,-0.53244793,2.0157075,5.9519906,3.929066,42000
-0.64797026,-0.045469034,0.5715008,7.688297,2.1176214,59950
0.7498965,-0.3266907,0.3316632,8.420763,3.6490955,113000
10.1286545,-0.5530467,1.990261,5.9006705,3.9610338,63900
9.438423,0.13955182,1.4893698,7.6783204,3.5821893,92900
-0.08392844,-0.02652345,0.3462627,8.414298,1.3154261,85990
9.379412,0.11445675,1.5125401,7.639701,3.5666943,92900
10.458283,0.61343116,1.7642871,6.9350743,3.0949886,60000
-0.5694121,-0.014779842,0.5817195,7.7129602,2.0909522,115000
9.161691,0.66292226,1.9867334,5.932153,3.547902,97000
9.653066,-0.39473787,2.309329,6.638827,4.190182,87500
0.23008384,0.26650044,1.2142131,8.521707,2.0498085,124900
0.11283829,0.4593161,1.4205229,8.005672,2.057469,119999
10.1074705,-0.51811665,1.943728,5.8506956,3.8733847,80000
-0.47064137,-0.030743763,0.49343637,7.903388,2.2024891,76000
-0.15222661,0.29937506,0.96062374,8.4582,1.9559859,55000
2.0364223,0.85359377,0.70191324,6.422678,2.0312467,130000
9.36098,0.23251022,1.8147289,5.7427583,3.7324104,83000
0.8021506,-0.36434868,1.0408082,8.358141,3.5869286,120000
10.0751,-0.065702386,1.2249829,6.269827,2.4180393,86499
-0.88970745,-0.023518082,0.5630277,7.8207335,2.0214026,82900
-0.02780107,0.25450113,2.0350266,4.9664226,3.945458,135000
0.8918172,0.41905907,1.4870058,8.625481,2.7069366,102999
1.5173037,0.61547434,0.94030833,7.192408,3.2454803,235000
9.49422,0.06745915,2.0520403,6.288605,3.4660876,90000
9.295449,-0.019675529,1.5902554,7.6856527,3.47959,144900
-0.23091297,0.07893133,0.30861238,8.727601,1.7755352,71900
10.199697,-0.3741179,1.8830156,5.8470807,3.710399,80000
9.080791,0.674298,2.221344,6.728503,3.4833698,155000
9.721812,0.3612804,0.9317121,6.2083836,2.9085693,75000
-0.4711521,0.22739804,0.2344755,8.923416,1.5075208,115000
-0.19009711,-0.067141786,0.20789482,8.708898,1.700743,135000
-0.20473093,-0.0007740489,1.1389215,8.194416,2.1292827,80000
1.9672626,0.25053623,2.8644357,7.8354983,3.1623354,199000
-0.23327397,0.21010163,0.7901309,8.425385,1.7340293,74980
9.226438,-0.15103747,1.8812797,5.627021,4.11515,93990
9.965408,-0.1802805,1.9738045,6.022329,3.0738232,69999
1.603431,0.4539326,3.3405836,8.238621,3.295295,119835
10.15559,-0.5338293,1.9769251,5.9090204,3.9791658,79989
9.80405,0.43940923,2.0939398,6.870306,3.4929483,159000
9.257944,0.65174806,2.3059154,6.913799,3.4844627,260000
1.8868927,1.205927,0.5252446,6.2945113,2.2648988,118500
1.8827435,1.2056519,0.5098453,6.303316,2.2676396,122500
2.119881,0.40677336,0.80518126,6.6219597,2.716871,150000
9.777273,-0.35039118,1.9936589,5.9612045,3.8324544,64000
10.006154,0.26768237,1.5013027,6.3467946,3.063585,100000
10.022605,0.5493425,2.0131984,6.7545853,3.374138,179000
9.746701,0.37923384,2.1149993,6.899176,3.505749,122000
0.38450214,0.25715646,1.311429,8.504958,2.0618308,125000
10.658182,0.58058584,1.378021,7.146945,3.471298,230000
1.4618915,0.71147597,3.4040914,8.560376,2.546931,73554
9.792098,0.44460213,2.09523,6.874626,3.5153224,189000
9.7845545,0.4372834,2.139902,6.932502,3.4999146,175000
1.8441042,1.1982759,0.5529455,6.3500633,2.3068051,130000
9.631668,-0.5418596,2.44641,6.910184,4.2923107,95000
1.9205784,1.2438719,0.40687463,6.253603,2.320212,118500
9.190401,0.67353046,2.1646528,6.7866464,3.550768,255000
1.8695128,0.8868206,0.59526294,6.686347,2.7154217,365000
2.0608163,0.7556377,0.7097017,6.4159374,1.965708,100000
10.15493,-0.5332409,1.974174,5.9072,3.9762769,59500
9.298454,0.15147302,1.8121983,5.69853,3.913283,94500
2.0525496,0.78519917,0.6998375,6.410815,1.984843,105000
9.584757,0.40711254,1.316334,7.539521,3.6926517,160000
9.680319,0.41127887,1.3105237,7.449636,3.6566284,160000
1.6546237,0.40757197,3.4742258,8.258875,3.395392,122314
9.2454815,-0.13828737,1.8444912,5.562753,4.0746965,72500
1.579752,0.46968833,3.1893067,8.178257,3.2253478,123250
1.6660299,0.3932837,3.5041344,8.252399,3.4257689,118755
1.4346902,0.8283609,3.6762297,8.79851,2.4407728,93438
1.3660563,0.75247973,3.3273554,8.510076,2.4453595,70500
1.5843868,0.4707957,3.2622445,8.219061,3.2516286,154977
1.6567367,0.40510234,3.4793468,8.258895,3.400413,147520
10.146429,-0.5531032,1.9826478,5.8991165,3.976316,69950
9.239307,-0.2526998,1.9000936,5.630642,4.1403637,82990
10.4454975,-0.054220892,1.7446227,5.9333515,3.4310842,89950
-0.0729276,0.044484384,1.0231901,7.729227,1.3023138,47450
9.173843,0.71571136,1.9199936,6.0486636,3.5503037,68000
9.436541,-0.33476517,1.8553817,5.5603385,4.0305505,46950
10.019964,-0.51313233,1.9997289,5.923722,3.9377017,72900
9.026245,0.94806993,2.6142402,6.016924,3.333174,114999
0.8835846,0.39906228,1.4903797,8.5996275,2.6987157,109999
-0.57388276,0.09273065,0.62221634,7.5830154,1.9208276,74950
0.11450066,0.28659624,1.1773146,8.140063,2.1331844,71900
9.238646,0.04250152,1.8638369,5.7093005,4.083792,81995
9.772427,-0.5045299,2.3689451,6.6077847,4.463133,104950
0.0113273915,0.35130772,1.378589,8.208767,2.033777,109990
9.308587,-0.041820228,1.8394024,5.555179,3.9735699,73950
9.436201,-0.33800402,1.8523338,5.555656,4.03143,46900
10.221658,0.6739761,1.846384,5.944758,3.1712132,87950
10.040165,0.67832226,2.0256069,6.2580237,3.0280313,65450
10.511774,0.3806895,1.0870956,6.7572026,3.1102076,99700
8.356041,0.49219614,1.6429232,7.1118355,3.7500696,690000
0.28915682,-0.21602684,0.35714692,7.7847404,3.5332048,123000
1.6155066,0.42296356,3.275496,8.095768,3.3616736,155158
0.54259926,-0.15894052,0.61583763,7.7314386,3.7487602,150000
10.285605,0.66095024,1.8035973,5.834022,3.1975522,83500
9.369024,-0.36635217,2.2596526,6.941455,3.9981742,160000
10.088584,-0.06990598,1.2111566,6.315739,2.4802945,117990
8.259652,0.8591949,1.5129865,6.2953377,3.3068235,153000
0.4497647,0.47464827,1.5554099,7.915064,2.1614926,159000
1.2348787,0.6920909,1.6067574,6.9743586,2.3387084,165000
0.00074868754,0.24693625,1.0353171,8.413796,1.9939294,86000
8.977041,1.0773315,2.8113363,5.860345,3.4054558,107000
0.0063862563,0.31467924,1.32745,8.179823,2.050633,110000
10.282129,0.21539536,1.6574082,6.379254,3.5072389,97000
0.77640486,-0.043395262,0.87793314,5.2721014,4.566063,93900
2.3918598,1.0496404,1.2916859,7.0706253,3.5927022,229000
-0.4425938,0.8959045,1.176873,4.002455,3.3136053,76700
-0.3795248,0.844453,1.1637026,4.0531454,3.316727,75600
1.1532533,0.20645694,1.5616341,8.437268,3.1784763,278000
-0.37269548,0.9652851,1.2205194,4.197735,3.137229,73500
1.8068094,0.3112906,2.9454806,7.9181185,3.061482,124000
-0.15803988,-0.0990147,1.0940853,7.703475,1.2360661,46000
1.4337558,0.8324675,3.6868563,8.8071575,2.435129,89000
1.3844775,0.60479444,2.941518,8.22147,2.5443215,61400
1.5897638,0.4651528,3.218115,8.189118,3.2678075,130000
9.227317,-0.12333812,1.8900348,5.660768,4.1144843,95000
-0.6206374,-0.06773132,0.5228442,7.693493,2.1489809,67900
1.5901865,0.4725604,3.286905,8.231994,3.2884188,144504
3.0783718,0.112625554,1.8610175,7.205716,2.564523,125000
-0.21714284,-0.09294368,0.14226139,8.728082,1.6004509,125000
-0.023868594,0.36856177,1.1362394,8.35439,2.0003843,85000
-0.09054784,0.17089354,1.2842479,8.208244,2.0700889,105000
9.298307,0.33273664,2.1690385,6.992889,3.4844897,247000
9.419768,-0.05694229,1.9506667,6.0133386,3.6546316,75000
10.000518,-0.07654341,1.923442,5.9600396,3.0189698,56000
10.033044,0.04599626,1.8802935,5.935812,2.922005,45000
9.294055,0.07801161,1.7948362,5.636035,3.836736,77000
9.993834,-0.12278363,1.9499978,5.9623547,3.049755,53000
9.313325,-0.033637214,1.8127717,5.5564523,4.0967703,44500
9.171264,-0.08678474,1.9671104,5.9431386,4.187418,109990
0.3050875,-0.036937505,1.0424144,8.087075,2.1597636,68200
1.593703,0.48822856,3.3208256,8.276646,3.2938364,117081
9.426668,-0.3387194,1.8620797,5.5517335,4.0443764,62999
0.67292285,-0.05831304,1.0846423,8.017309,2.7873456,124900
0.4357449,0.21338978,1.2927907,8.515137,2.124628,155000
0.41440785,0.5381554,1.4832221,5.8538885,2.7540944,145000
9.332264,0.16901141,1.932251,5.9950323,4.175362,169800
-0.4686639,0.2465849,0.25560686,8.919178,1.5329612,123000
8.711792,0.28327686,1.9343007,6.944004,3.7516093,220000
8.370999,0.4600331,1.8452529,6.7901726,3.3782496,550000
8.809181,0.23382558,1.358338,6.350419,2.8198535,167000
4.90208,1.5357287,1.7004522,6.9147015,3.472728,299999
10.05986,-0.54461753,1.9589992,5.832817,3.8503616,67900
9.941888,0.66933715,2.0268207,6.326442,3.0698924,109800
0.7198742,0.46612868,1.7011408,8.19013,2.2026184,204900
0.78612596,0.47947076,1.7171719,8.184498,2.2491217,245000
10.254448,0.6759674,1.8098136,5.828374,3.186502,104500
1.0793594,0.2142907,0.62439984,7.746046,3.58708,298000
0.23771131,0.24784583,1.2005218,8.533549,2.0490143,134000
10.556075,0.604228,1.66012,7.0552077,3.1286376,60000
10.22947,0.35844663,1.214044,6.6933694,3.203801,107000
1.4244746,0.7353976,3.340175,8.526861,2.6045952,125000
1.1450679,0.009572896,1.2057797,8.240783,3.5536308,175000
0.9033478,0.40496275,1.5067667,8.604494,2.713456,109999
-0.39074352,0.9848169,1.110988,4.0683284,3.171259,95000
0.83359355,-0.1116908,0.8725682,5.2922554,4.5340867,128000
2.0083055,0.8869784,0.65325314,6.466737,1.9088879,139000
2.3639715,0.1448978,2.2634282,7.461155,3.397565,320000
-0.5649982,0.12472459,0.6819951,7.6356106,1.7957076,74500
0.9399644,0.05942404,0.76718074,7.9196477,3.9596844,180000
3.1795232,0.12664531,1.9074633,7.139043,2.5130992,122000
8.304487,0.49558067,1.4757714,7.0893636,3.8061738,224000
10.057684,0.5590529,2.004576,6.696628,3.3901374,77000
0.3319771,0.33830428,1.5070324,8.264503,1.9546579,71999
8.98467,0.90534747,2.5972571,5.7775116,3.6443934,118500
1.538125,1.165764,1.3889577,6.8668766,2.811487,235000
0.9891152,0.25956032,1.3823339,8.353477,3.258582,179000
8.62792,0.6887528,1.0079414,6.296125,3.5015416,154800
-0.21227227,0.19164224,1.107674,8.221513,2.036927,124500
10.29315,0.23995298,1.0050583,6.555142,2.8515592,124500
8.801984,0.380725,1.6243101,7.174713,3.6071684,209900
9.592771,-0.13548133,2.081841,6.674657,4.1896567,119999
2.0164793,1.2878137,0.2972291,6.079021,2.3200386,64048
10.243182,0.4636817,1.787064,6.6225705,2.928066,90000
0.57999045,-0.45347962,0.8486028,4.9691195,3.1556406,120000
0.44072366,0.24782367,1.5023062,8.368813,2.1345754,108000
1.7505488,1.130642,1.5552481,7.0567126,2.6275856,195200
2.3329756,1.5013243,-0.03825768,5.8349915,1.9540228,41499
9.231371,0.16172524,1.5614861,7.592693,3.629438,154990
9.494258,0.044381034,2.0489554,6.2577777,3.4535596,79900
10.5513935,0.35871348,1.3759925,6.6230936,3.0631874,39000
9.331102,0.27792802,2.2775695,7.0878873,3.3261023,135000
0.85194063,-0.308175,0.9520048,8.285633,3.5541475,120000
9.14949,0.4556005,2.215099,6.918801,3.4998772,268500
1.980155,0.72364825,1.5639565,7.5408535,3.5375302,650001
0.12865357,0.14781469,1.1051743,7.7837186,1.1735916,85000
-0.36803126,0.84113884,1.0602705,4.0243206,3.3029165,58500
2.368703,1.4116186,0.080497846,5.6952596,2.2428865,77449
1.8208029,0.9671957,0.52858365,6.5783334,2.698633,239000
1.0273567,0.16651006,1.3956778,8.484671,3.3487353,95000
9.386132,0.3251228,0.8810173,6.189422,2.993929,32500
10.6515875,0.6822573,1.5226934,8.121501,3.5686908,230000
0.7225079,0.029785644,1.2619804,8.165963,2.7176223,130000
10.037532,0.49861112,1.9425887,6.4744034,3.0445333,100000
1.0644438,-0.040860754,1.3313891,8.256839,3.3234499,245000
4.712,1.7158879,1.6432362,6.936155,3.6095614,220000
1.3648337,0.75999373,1.7531962,6.963244,2.606411,106300
0.76198494,0.6359053,1.601333,7.5544887,2.403994,162990
9.971331,0.15153627,1.8293979,6.253348,3.945116,100000
10.587534,0.6472598,1.6894542,7.4225473,3.2414489,249000
4.2029076,2.209633,1.455479,6.976226,4.3620844,245000
1.619803,0.41039106,3.3473163,8.086789,3.4220457,241524
10.632715,0.65239114,1.5008715,8.030508,3.6187227,215000
1.1511306,-0.025195096,1.1871759,8.396093,3.6046493,190000
9.818575,-0.2865445,1.990554,5.9810057,3.756729,60990
0.48705816,0.40622422,1.5910524,7.9081354,2.217473,295000
-0.39410043,0.87067074,1.1044135,3.9775577,3.3194916,89850
0.9309728,0.005815034,0.8653004,5.4458065,4.5290413,109500
0.71103776,0.020045409,1.242576,8.160751,2.7231748,129900
10.415252,0.2788743,0.96239346,6.6400986,2.9241254,92790
10.704902,0.6971626,1.5375634,8.232203,3.5956419,180000
10.439677,0.30919552,1.4912101,6.495869,2.9992857,125000
9.310081,0.010797785,1.586134,7.6276827,3.5022469,149000
10.181575,0.21775556,1.8122731,6.3948035,2.8582551,85990
0.87816554,0.05937117,1.0591003,8.422462,3.61034,125000
10.356288,0.70110786,1.7361107,5.80737,3.2544684,61990
-0.21511415,0.41201198,1.2225764,8.055853,1.8967755,95000
1.5628918,0.48603126,3.1132607,8.181895,3.2641077,240000
0.598073,0.35477787,1.6779945,8.268067,1.6008431,56000
8.602713,0.5669577,2.02078,6.766014,3.5562534,220000
1.0429089,-0.08803468,0.9150852,5.5331287,4.730503,190000
10.07502,-0.07019688,1.2346628,6.278067,2.4205232,88000
9.726675,-0.5206752,2.3641548,6.557218,4.487273,117500
0.5883477,0.14295621,1.338266,8.23922,2.3309221,85000
9.191034,0.2412025,1.6498194,7.3544264,3.6250327,245000
9.705352,0.3970151,2.154256,6.456742,2.8547184,89000
0.15831567,0.16168134,1.1385052,7.7591953,1.1721362,69999
2.1041417,0.790428,1.6892557,7.372977,3.1130767,245000
1.1451275,0.2519165,2.9729447,7.1642375,2.889027,175000
9.973482,0.14503929,1.3139265,6.138328,2.5718937,65000
8.814757,0.8063078,1.03414,6.1719394,3.4387114,129000
1.4415528,0.53009105,2.9440897,8.139602,2.64922,102000
9.265692,-0.06959676,1.9288807,5.9507737,4.2644687,167000
0.66223395,-0.20583229,0.8344229,7.71127,2.9821815,247000
2.0418797,0.9561723,1.5588211,6.8463664,2.3838675,165000
10.028642,0.57948965,1.9888339,6.2151527,2.8938482,53999
10.524832,0.56187874,1.4169381,7.882577,3.6119535,245000
2.4232814,1.5532798,-0.11959822,5.7427106,1.9246169,48890
9.196576,0.79743034,2.448773,6.1728945,3.241209,104000
8.663392,0.30387506,1.8532236,6.8636556,3.7052279,270000
0.7147032,-0.25183877,0.07011257,8.467866,3.5274527,130000
0.053067684,0.34673727,1.303977,8.211124,2.076534,109990
9.297934,0.33045125,1.3973539,7.728236,3.723646,139800
9.512049,0.1784729,1.4131593,7.764685,3.6026094,118000
-0.14764419,0.08453631,1.3535109,8.143365,1.7683686,89000
2.3109906,0.77825147,1.4539348,7.144663,3.6603596,589999
2.324363,1.3912485,0.11490773,5.726246,2.2516499,64990
9.830215,0.446047,2.0727694,6.8298774,3.5537038,245000
10.606705,0.33371606,0.9937267,6.629397,2.8708863,169000
0.45840386,0.073910035,1.2731373,8.1831665,2.1105676,51000
2.1816242,1.0658877,1.6079445,6.980268,2.5505967,285000
2.2150276,0.69207156,1.3193262,7.206581,3.520595,550000
2.2192526,0.707246,1.3162342,7.1998277,3.5165322,550000
0.5960654,0.35890365,1.6305739,8.193092,1.6934787,108000
1.834393,1.292026,0.3156077,6.358899,1.9109306,123999
0.073532864,0.050412793,1.4078549,4.78217,3.202225,139999
1.4733328,0.70863235,3.4737077,8.634184,2.504864,131668
-0.47235543,0.29008463,0.8919135,7.740144,1.8888923,120000
9.58071,0.47180688,2.1871443,6.4254107,2.8574994,114800
9.760768,-0.19056845,2.4329078,6.885538,4.229322,119990
-0.07057866,-0.25144193,0.7016915,7.9084134,2.3631713,67000
0.53144056,-0.24021393,0.76087487,7.6380363,3.0030408,127000
9.923842,-0.08649724,2.02786,6.512141,4.2597437,114000
8.472766,0.7349658,1.4220002,6.2878394,3.347727,179900
1.4319959,0.8303252,3.682736,8.8042345,2.437087,71000
0.15780415,0.21309432,1.0928751,7.760637,1.182624,68900
9.985337,0.22252394,1.9570575,6.3759985,2.727855,120000
1.6087271,0.44506913,3.234337,8.153391,3.2990413,159750
1.587677,0.46446276,3.302351,8.233027,3.2909675,141450
9.513936,0.30649918,1.8619747,6.950209,3.464874,317000
-0.06230751,-0.6856474,0.7026674,4.290651,1.7876353,53390
9.41521,0.3576631,2.342414,7.0119834,3.1549785,99900
1.5708728,0.50314593,3.219934,8.244989,3.229953,179927
9.273289,0.28293565,1.9200513,5.744426,4.042773,97990
9.921687,-0.2680206,1.9982572,6.114388,3.1376681,89980
9.218313,0.03981804,1.8652552,5.698486,4.063489,81990
9.95217,-0.08104196,1.9599459,6.212571,3.0145266,107499
0.61851037,0.37302962,1.7120907,8.2498,1.577941,59999
9.230025,0.3146758,1.2285867,6.7481046,3.4667819,275000
0.5737409,-0.146834,0.6216365,7.7614665,3.7854786,132000
-0.35275346,0.84417343,1.0624901,3.9876015,3.322654,68740
2.0883856,0.9829982,1.4896325,6.9240932,2.6311016,226000
9.348047,0.2905662,2.3434842,7.077532,3.2135339,139900
10.565739,0.69569176,1.7302896,7.9349837,3.4374948,186000
9.301697,0.09012168,1.8144898,5.5717006,3.9779453,78500
0.7731789,-0.02906121,1.0729424,8.055429,2.9273272,207900
-0.36356595,0.15004648,0.66326666,7.7729297,1.9551902,75000
9.326139,0.6593072,1.8352805,6.1036005,3.4210105,57439
2.073247,0.74656886,0.7166276,6.4176044,1.965713,165000
9.76341,0.6551162,2.2095149,6.599475,3.214646,124000
-0.40084636,0.85979545,1.1082575,3.9721565,3.3281846,95600
9.369317,-0.18834367,2.2275069,7.0414453,3.7199776,145000
10.452044,-0.08144693,1.7743341,5.868947,3.4236672,93000
0.8044591,-0.09729603,0.87147576,5.2748494,4.611707,121600
1.5607886,0.8958664,0.15239017,4.9903398,2.5703578,53000
-0.5042025,0.94273084,1.2501717,4.028885,3.2861419,82500
0.7768632,-0.054402012,0.9345449,5.346456,4.546323,100500
-0.16875069,-1.021533,1.1266736,4.176324,1.8983688,67500
-0.44926435,0.95290524,1.2578623,4.1257315,3.2097814,75500
-0.21922857,-0.09246656,0.14074583,8.726594,1.5944955,118000
-0.50550556,0.9158661,1.2515966,4.0197034,3.320583,111900
-0.3945236,0.54893804,1.8094947,4.7169104,3.50319,103000
2.171595,0.81429726,1.4892474,7.4147954,3.5496206,650000
-0.09752592,0.3478543,1.3004969,8.155772,1.799097,69000
9.717639,0.13549349,2.3289828,6.9911933,3.9792864,155000
3.0100458,1.7199064,1.5315677,7.04445,3.9859636,120000
9.447636,-0.31360933,1.8505871,5.5772853,3.989913,72636
1.6413059,0.4087145,3.4636133,8.229372,3.401262,159750
1.4343283,0.83412117,3.689238,8.80896,2.4346159,92900
1.4331539,0.8329594,3.688398,8.809242,2.435239,85899
8.56497,0.5934753,1.185759,6.246058,3.325033,180000
1.6326998,0.42771995,3.4241009,8.252047,3.3612208,116900
1.3984966,0.7643768,3.4571536,8.6071615,2.5909996,86899
-0.019823473,-0.5032514,0.7203351,4.4559054,1.6664337,89000
9.27745,-0.056825515,1.6141154,7.6743875,3.4659057,144900
8.71868,0.16537555,1.2216864,6.3660154,2.8325207,169000
8.725333,0.17177495,1.206368,6.3611155,2.8018315,146990
0.5940223,0.372227,1.656281,8.188719,2.1744695,125000
2.17636,1.4834739,1.3300648,6.8331785,3.106462,135000
9.648776,-0.23291945,2.002057,6.0314903,3.7506945,64500
0.44306728,0.14711599,1.2802309,8.349279,2.1800025,107000
9.100763,0.1351979,2.0027306,6.2511253,4.1500773,208170
0.87742716,0.11287929,1.2340908,5.7985206,4.115558,228000
2.0832741,0.710017,0.7011801,6.4300017,2.1017003,182500
1.6453334,0.6405752,1.5025823,7.357291,3.5480323,327000
1.3499041,0.9053553,1.8981357,7.6924458,2.8100116,165200
1.3608736,0.9270781,1.8488084,7.6803775,2.8216372,165300
2.2034578,1.34662,1.3328339,6.9088273,3.1540222,165000
9.798736,0.4084413,2.066198,6.3910327,2.9201603,170000
9.4568205,-0.019392451,2.104028,6.4027057,3.522406,68000
-0.05382305,0.312086,1.9656806,4.9695687,3.8982224,91239
8.4221115,0.8047543,1.7187093,6.7788696,3.757175,179000
9.67858,0.36425725,0.92752945,6.1884,2.9266915,56000
1.9107741,0.9688956,0.45149526,6.496042,2.6062286,400000
-0.45901215,0.9145679,1.169937,3.9766326,3.302857,93300
-0.32497206,0.82818085,1.0716869,4.0353127,3.3375368,76700
0.78717536,-0.027583921,0.871676,5.2888975,4.551156,93900
10.057193,-0.55733556,1.9640167,5.833249,3.8575609,55000
9.512509,0.4940609,2.2174423,7.0627346,3.3058765,153900
1.9935839,1.2468045,0.23966981,5.5860868,2.2515318,129999
2.7089286,0.039900385,1.8071918,7.242659,2.6382365,220000
9.300594,0.17191099,2.2443404,7.2604814,3.3210168,123000
4.8206453,1.6023864,1.7089471,6.9149017,3.4895182,116000
8.049467,0.4846532,1.6507467,7.312269,3.788079,385000
-0.5555063,-0.17307115,0.6952664,7.960061,2.2008638,74000
8.394279,0.6091933,1.2822369,6.905379,3.766074,269000
9.169231,0.4240295,2.071642,6.096845,3.0559545,189000
-0.47977948,0.8138818,1.5977437,4.4957156,3.2944784,99000
-0.11309515,-0.7525685,0.7740574,4.261335,1.8043643,68500
0.21484855,-0.24952807,0.3154279,7.7746763,3.4803345,123000
0.7945653,-0.087165475,0.8842694,5.2874885,4.588498,124500
-0.5213567,0.95000625,1.2742896,4.048153,3.2852044,87500
-0.5104923,0.9364746,1.2294965,3.9839137,3.2949085,82000
9.709139,0.5874559,2.4149263,6.924047,3.458084,117000
-0.37914363,0.862727,1.1360435,4.0396037,3.305391,92500
0.9743972,0.03702055,0.8864747,5.515115,4.5066924,127500
0.7903279,-0.06229246,0.87794256,5.2842345,4.590442,105000
0.78306377,-0.054363053,0.92692775,5.336271,4.5776286,134000
0.79357874,-0.07259331,0.88539696,5.284899,4.5840006,144500
9.141971,0.44624245,2.063623,6.0782847,3.095238,189000
8.533798,0.60743266,1.4878045,6.8397903,3.7583113,470000
-0.39717406,0.8239474,1.0576391,3.9179447,3.3880103,101500
-0.5294511,0.9278483,1.2618065,4.01082,3.3316672,95500
2.0022068,1.2538625,0.2395102,5.603395,2.253213,130000
1.0615,0.09497581,1.5439314,8.467093,3.100684,145000
10.052651,-0.52836996,1.9905449,5.8998175,3.8316848,55000
0.060171504,0.07226765,1.3370537,4.6766367,3.1812952,139999
0.24024789,0.4481181,1.4976848,8.005548,2.1181276,120000
4.1933146,2.2195275,1.4676508,6.9522614,4.330789,215000
1.0375264,-0.10480711,0.95007735,5.5562644,4.713774,166000
-0.054534785,0.3036498,1.9740456,4.969959,3.8763943,118500
0.9364206,0.008969372,0.91036534,5.523279,4.464541,122000
9.620695,0.39807037,0.80878323,6.1841617,2.9395003,60000
2.050617,1.1911432,1.5576736,6.8263993,2.5757246,182000
10.00634,-0.3864501,1.9706757,5.982154,3.473389,57700
10.435468,-0.09008324,1.7757668,5.862588,3.431826,93000
9.151486,0.13047107,2.0479798,7.2433934,3.5981884,123000
9.176492,0.3922125,2.2573442,6.9682136,3.3744855,259900
0.35347036,0.15996629,1.3286124,8.32828,2.1853976,89999
8.635577,0.73409456,0.95365936,6.2967668,3.5609717,100000
9.741014,0.18862407,2.3395877,7.085984,3.9387217,139900
2.5057724,1.1945454,1.3737347,6.958711,3.0653563,140000
1.6078603,0.738135,1.6062467,7.7014375,3.3276823,415999
8.568501,0.55267644,1.8144361,7.068987,3.7294588,529999
1.1798213,0.12565397,1.4772546,8.38248,3.3224282,188400
9.132774,0.5084103,2.2645843,6.3026648,2.9553006,114500
9.931817,-0.29292953,1.9957156,6.028671,3.228345,74990
0.19643912,0.2409659,1.7646765,5.1581235,3.8402386,112400
3.2195766,1.8075007,1.514506,7.037184,4.0638123,175000
9.384091,-0.37630227,2.2725756,6.9669547,4.0108514,134900
4.2075796,1.6739762,1.7423168,6.96042,3.4050293,110000
3.1718464,1.8101948,1.524068,7.0285916,4.0469823,119999
8.067919,0.5215081,1.5657636,7.304229,3.8578517,520000
9.321963,0.06830769,2.2231915,7.2662525,3.3447394,99900
8.206523,0.5380337,1.5223749,7.2348585,3.8540773,520000
-0.11048965,0.104852356,1.3278143,8.156674,1.8008423,89000
-0.27609864,0.45202968,1.7933896,4.840101,3.5334442,83000
2.458191,0.3007177,1.6424241,7.195673,3.2760153,740000
2.1621163,0.91580737,1.6206793,6.884632,2.3839304,228162
0.86374,0.11974094,1.2673626,8.508734,2.940904,149000
9.2069435,0.42086568,2.0564406,6.0103216,3.1844072,192000
0.88517255,0.4100362,1.4956737,8.604588,2.691126,121001
0.5000413,0.2852276,1.5403829,8.35473,2.1544652,141900
-0.43925816,0.79494077,1.5858133,4.509049,3.3097107,99000
9.843494,0.46927398,2.0913823,6.844241,3.5134335,139000
9.301091,-0.00010019082,2.1807244,7.3311334,3.3958383,131000
1.8903117,1.2551736,0.37556332,6.3356233,1.952502,110000
9.295227,0.3240958,2.2949595,7.0571213,3.2262928,110000
-0.054857623,0.3578858,1.8341272,4.9548025,3.795824,84600
-0.21846245,0.21277146,0.78486866,8.543941,1.950919,122000
9.93385,0.11633096,1.9487857,6.621773,3.9811926,139000
1.5222988,0.94866276,1.601705,6.88406,2.568701,200000
4.1203127,1.6308391,1.717233,6.98837,3.3809798,152500
4.377179,2.1185288,1.5593894,7.014157,4.2099543,295000
9.516354,0.105832666,1.3541412,7.9177723,3.564634,121500
10.574601,0.56071913,1.3689398,7.834911,3.61753,249000
0.8030385,-0.078917615,0.8802422,5.291049,4.5947256,92960
-0.067937806,-0.70202357,0.7197248,4.283611,1.7885844,53390
9.318945,0.4977996,2.2358959,7.0592647,3.397103,140000
1.2104622,-0.0009885852,1.0781687,6.4699316,3.9065013,184900
9.665436,-0.51615757,2.2496397,6.387196,4.3816795,125000
9.401377,0.100034565,2.1145766,6.459977,3.6357236,127400
1.4441729,0.74687934,3.476674,8.632373,2.5193903,131668
1.6605071,0.40538132,3.4797997,8.273227,3.395773,152892
1.6083057,0.4303873,3.3663142,8.18825,3.3764598,199768
1.4319628,0.8292132,3.680265,8.802366,2.4381938,106323
4.0677543,1.5674325,1.6728834,7.0227237,3.416438,280000
1.5343661,0.3890273,3.1788619,8.149395,3.2321835,199500
1.5774795,0.2401535,0.8564645,6.8661036,3.2946074,306000
8.683213,0.25861213,0.8299336,6.240269,3.3372922,104000
9.266455,-0.13039313,1.7637401,7.6889706,3.3571908,120000
9.77635,-0.5055431,2.3703132,6.606285,4.4619308,118900
0.43129745,0.2956791,1.4484798,8.049602,1.4852588,84900
1.0876337,-0.22697327,3.9961495,6.3097916,3.4170845,86777
10.3741255,0.2648508,1.533079,6.603947,2.8538468,99000
1.525602,0.26745456,0.7965401,6.91893,3.268239,253500
1.514609,0.22892603,0.78893006,6.9254494,3.2848866,256500
0.09981149,0.2549391,1.0442502,7.6316743,1.1362909,84900
1.5990522,0.45406362,3.3270688,8.227447,3.2844641,127120
-0.47279823,0.9254983,1.1837887,3.9808533,3.3035471,98000
10.570994,0.6088591,1.4666667,7.899395,3.6241412,110000
10.308289,0.22688866,1.6380872,6.468219,2.841675,125000
1.1370704,-0.13725217,0.97265536,8.324846,3.7219899,229000
10.306866,0.56651413,1.7836103,5.7008696,3.2469037,79000
9.759074,0.6692383,2.179628,6.548109,3.1884217,146500
10.059653,-0.51445866,1.9594102,5.850673,3.7905686,68000
10.435743,-0.0619656,1.7682232,5.87542,3.43288,74000
9.888568,-0.3190349,1.9949071,6.1085525,3.2782059,75000
8.498376,0.5610062,1.772111,6.3135357,3.0948524,279000
9.581039,0.6458913,2.2128813,6.47585,3.1391978,146500
10.451033,0.30730307,1.4487754,6.6103926,2.9109452,144900
0.7964034,-0.080614574,0.8828953,5.2880335,4.586303,123900
-0.37131476,0.75746197,1.5973816,4.6199107,3.3359904,139900
9.319742,0.102178305,2.225816,7.2800937,3.4951262,145000
0.76721835,-0.1822049,0.7646191,7.8040147,3.6538885,159000
0.41432887,0.26456955,1.3251443,8.387797,2.0713527,145000
-0.21204849,-0.061395023,0.38215083,8.687217,1.9395909,113990
-0.60770917,-0.21849024,0.7268757,7.95007,2.2408402,74000
0.74021095,0.008644257,0.8251139,5.281048,4.5381327,112500
9.314709,0.13711157,1.6179202,7.506709,3.5960054,169800
9.611804,-0.48746142,2.4285083,6.9107957,4.2583985,107000
9.244681,0.14589506,2.0928698,7.1825867,3.8070385,189000
9.856647,0.4773657,1.9245534,6.3020883,2.7478714,69800
10.037246,0.16562565,1.8754919,6.3328958,2.7034864,123000
10.180259,0.348062,1.5408226,6.0801125,2.7829227,80000
9.435642,0.109869964,1.5635504,7.689126,3.5557237,148800
0.81929785,-0.060446568,0.9061074,5.3463,4.547066,144500
0.771878,-0.17943849,0.78459424,7.8261514,3.6414657,159000
10.273549,0.3350859,1.1955603,6.6215057,2.986092,130000
9.334177,-0.011219117,1.687212,7.6736083,3.440016,125000
1.9131445,1.2514552,1.4003755,6.864115,2.7501132,158000
2.4406981,0.3165638,1.6400778,7.1799264,3.251712,446940
10.600502,0.45451745,1.3527253,6.8878455,3.22182,185000
1.6173042,0.4139815,3.4404638,8.186227,3.4096892,235208
0.54307973,-0.21178655,0.5963096,7.7743154,3.6888032,124900
9.310436,0.17609482,2.2508965,7.2125745,3.2654078,155000
9.630461,0.6007114,2.3780293,6.938577,3.3970616,120000
9.240005,-0.20013162,1.8415489,7.7176256,3.2647293,120000
-0.3040445,-0.13200867,0.07061956,8.741431,1.3760705,104899
8.987784,0.9262051,2.6314163,5.7917128,3.6134803,128500
-0.24007463,0.08686756,0.4755558,8.679133,1.8635759,99000
2.0576308,1.4255359,1.3533406,6.841938,3.0814807,260000
10.326338,0.4596999,1.4856566,7.9985433,3.565767,225000
10.158902,0.6100105,1.8184844,5.937954,3.122035,119000
1.9966406,0.93304074,1.3809843,7.205462,3.467683,275200
2.4415772,0.43960384,1.5380288,7.1262903,3.116966,369000
8.196371,0.49830014,1.8942443,6.641,3.304817,345000
4.306278,2.2132077,1.5277907,6.946156,4.2692037,245000
0.15909643,0.052308127,1.4525349,5.061288,3.3361669,99000
8.8156595,0.3591299,1.8478966,7.2317686,3.6987638,365000
8.411496,0.48322228,1.7812678,6.3047714,3.0229626,180000
-0.5911912,-0.0044742418,0.5561804,7.66384,2.072117,71900
9.753946,-0.1399246,2.4218125,6.8764453,4.2039933,115000
1.985838,1.1619991,1.5390754,6.806213,2.504425,170000
1.5899249,0.46362555,3.2762063,8.21549,3.2725835,127120
0.5885841,0.35481092,1.6732635,8.263739,1.6027188,82500
8.306092,0.8349522,1.3595378,6.347101,3.1771736,90000
2.2043223,0.9000328,1.6053838,6.8681917,2.3580716,188000
-0.4925779,0.7667198,1.6546291,4.476748,3.3511796,88000
10.496502,0.6249241,1.6993301,7.74693,3.3615317,244000
2.3918805,1.4746302,1.4644524,6.880906,3.0229602,315000
9.92893,-0.047734845,2.01174,6.5072813,4.208066,115000
9.855214,0.3533445,1.1959786,6.295924,2.880886,66000
-0.1908232,-0.14401115,1.0919069,7.7027445,1.2522129,68000
8.467409,0.4827761,1.6095141,6.8938684,3.6864595,290000
-0.34202674,0.13033521,0.7933688,7.6245747,1.551238,66900
0.6041287,-0.20918584,0.66727984,7.760802,3.709213,145000
2.4148147,1.4537668,1.4541554,6.9029694,3.082891,325000
1.6362453,0.41412824,3.227071,8.072176,3.3867626,140505
0.5111855,-0.22534034,0.58234733,7.8084893,3.655933,145000
0.31043026,0.2360951,1.2515539,8.490092,2.0327067,139800
1.1981267,0.36679387,1.5892706,8.346428,3.1987028,245000
10.683537,0.5420564,1.3636221,6.914219,3.2787693,103700
2.5491724,1.021676,1.5993391,7.2481384,3.0295458,345000
9.812742,0.52189,0.9003001,6.611029,3.2143219,97999
-0.2886421,0.01490279,0.42359453,8.707576,1.7904488,122000
10.341413,0.24345487,0.9470964,6.6291356,2.8922691,79980
9.851184,0.52451324,2.010189,6.2869587,2.750111,100000
9.743026,-0.43270293,2.4234638,6.6952586,4.44148,104950
1.0454079,0.08076973,1.5312415,8.448608,3.1372263,125000
8.448397,0.51263076,1.7176085,6.978422,3.7066233,599000
9.245176,-0.11207272,1.8942903,7.5777583,3.3160388,131000
9.741962,0.32324326,1.4043368,7.4481335,3.589845,119500
9.298883,0.5031022,2.1800792,6.3482537,3.0411904,240000
0.7974548,-0.23693217,1.0075465,8.362079,3.5052502,123000
-0.25082904,0.24578269,0.7632323,8.542588,1.8877654,129000
1.8766979,0.96572024,0.46911165,6.5396204,2.6514792,275000
10.144156,0.68765026,1.855776,5.9259763,3.0758715,104501
9.591491,-0.2558587,2.1582468,6.7120867,3.5047061,124000
4.9637756,1.5334443,1.7232538,6.893489,3.4412103,145000
0.60105896,0.36525768,1.6873696,8.249971,1.6134294,60900
2.213914,0.71262234,1.3223753,7.2014375,3.506951,550000
0.68367743,0.54508716,1.6333613,7.668522,2.3304923,210000
0.010759367,0.10218801,1.2617823,8.273575,2.13305,109999
0.338362,0.2350526,1.2617022,8.496678,2.0377567,140900
8.814303,0.6505779,1.8353778,6.2303996,3.135696,131000
10.102465,-0.042120963,1.8840365,6.207377,3.0655873,119001
7.920555,0.4268875,1.9837288,6.60199,3.060592,408000
10.2260275,0.68030375,1.8622077,5.941124,3.1259844,36000
-0.10621196,0.1264486,1.2840719,8.163158,1.8707339,88990
1.5750539,0.87732184,0.15169273,4.9874625,2.6028266,84500
8.867392,0.6977521,1.8304523,6.141844,3.208461,138000
4.875332,1.5578903,1.7207699,6.90691,3.4502523,173000
-0.45029095,0.71917623,1.6366903,4.670818,3.0778449,104900
1.0037855,0.010669142,0.8896761,5.5375276,4.569972,225000
10.128983,-0.55830956,1.9921668,5.894805,3.9593682,65000
2.0966675,1.0299253,1.2318467,7.0763283,3.5219567,247500
1.6336231,0.7090134,1.2645608,7.281973,3.5173948,317000
0.29622206,0.45247173,1.5242466,7.9723954,2.12829,119990
-0.18717653,-1.0180043,1.1336353,4.205812,1.8886188,74000
2.5503516,1.473609,-0.061295956,5.641013,2.1799002,82488
0.99185675,0.21645851,1.0250134,8.011957,3.6094549,155000
10.454428,-0.11091622,1.7954537,5.9862847,3.3545663,59000
10.702961,0.69575495,1.5377972,8.28141,3.5990021,265000
0.51162505,0.27661598,1.5257874,8.246846,1.7114528,114800
9.937956,0.55974126,2.0347178,6.661928,3.2952418,94900
2.7486215,0.3143832,1.7755148,7.1626477,2.7804625,290000
0.38144276,-0.29854968,0.45790076,7.7811074,3.5816913,115000
9.530922,-0.5317217,2.3101099,6.846233,4.1421227,127999
9.378338,0.49554148,1.5308167,5.6709733,3.511586,99900
1.2450341,0.38140985,1.5768188,8.274284,3.2529938,278000
1.1468481,0.10665557,1.3744066,8.097999,3.3545911,218000
-0.2539601,0.92589915,1.2430197,4.4090867,3.0639915,88500
9.627314,0.6318455,2.372484,6.8956485,3.3950481,132000
1.40518,0.7186687,3.226612,8.4584465,2.6960833,115000
-0.15444064,0.12158374,0.73101634,8.518248,1.9992261,74999
2.0417204,1.1715901,1.6083003,6.9344964,2.6043274,204999
10.116169,0.379352,1.961018,6.475461,3.2987854,95990
0.82494366,0.048457064,1.221108,5.6986117,4.16871,228000
8.505917,0.80986893,1.2786593,6.30787,3.3721848,144999
9.996942,0.42250475,1.6981611,6.670965,3.5636296,89000
10.3546095,0.3719226,1.543569,6.506147,3.0173218,109000
1.6118045,0.45052677,3.379563,8.255219,3.3284585,165000
2.4048517,0.33763164,1.6184648,7.1671796,3.1879888,329000
10.040612,0.68373513,2.0302966,6.2444572,3.016301,65490
2.1791894,0.9213394,1.321634,7.127515,3.4817579,498000
-0.055245586,0.2825733,2.008404,4.9490743,3.9235756,109000
0.588235,0.1766128,1.4011616,8.137594,2.1191173,94500
9.76027,-0.52020067,2.336374,6.571617,4.4366045,94990
0.06562233,0.21683075,1.0435575,8.452734,1.9943504,125000
-0.22845562,0.04106149,0.26560566,8.7217245,1.7532482,85000
9.767917,-0.480227,2.3721995,6.617922,4.452264,104998
-0.20622846,0.3531788,1.1011275,8.287997,1.972712,76990
1.9776161,0.6386967,1.6533018,7.628989,3.481935,359000
-0.2189456,0.030417806,0.24158895,8.733085,1.729464,85000
9.800529,-0.36832842,2.2769597,6.6067247,4.4043283,155000
10.599817,0.6115956,1.532232,6.4154744,2.9776485,46000
0.47408676,0.2628137,1.5010576,8.239359,1.7272093,68000
1.8056232,0.7175186,1.1964905,7.343413,3.6463697,350000
-0.8931101,0.006910938,0.6297686,7.853527,1.978292,89999
-0.09959146,-0.7510533,0.73737293,4.2414465,1.7904024,67500
-0.5116152,0.9442981,1.2361618,3.9997237,3.3094673,82500
9.3107195,0.1885772,2.2824252,7.2227526,3.2494705,114900
8.73325,0.33642903,1.9576973,6.940453,3.7147148,220000
9.992615,0.6570347,2.099532,6.608644,3.1198027,65000
10.6796255,0.67460656,1.518279,8.260043,3.6057098,220000
9.260636,0.07551018,2.0006568,6.0803514,4.187558,115000
9.221003,0.64327985,2.2337081,6.7258706,3.5166717,235000
9.174922,0.3834328,2.3045359,6.9679823,3.273876,187000
2.0695872,0.7063236,1.3407309,7.1123714,3.5806756,609900
2.3656864,0.78859156,1.3827376,7.2376747,3.7748945,469000
8.239502,0.36547896,1.8028822,6.7722898,3.277016,490000
2.316822,1.0628679,1.6546068,7.075888,2.6223621,235000
0.32120872,0.23505773,1.2678146,8.475881,2.0422635,139800
-0.8562739,-9.167863e-05,0.65848815,7.8667946,1.9468601,66500
-0.49364352,0.86569095,1.1953274,3.9524112,3.344188,79000
1.7903273,1.0121057,0.75735396,6.557551,2.1750748,155000
0.9466706,-0.0030009267,0.8755866,5.48772,4.4914536,150100
0.4513999,0.28132874,1.385671,8.470058,2.103742,97000
-0.19102153,0.09520669,0.7183901,8.423728,1.9402721,90000
0.8653731,0.01698318,1.1581202,5.681892,4.2679663,122000
9.5806465,0.45682707,1.3142349,7.471078,3.68788,269000
-0.5153795,0.7701756,1.6743845,4.504456,3.2898576,89600
1.5247827,0.6934963,1.6316013,7.78393,3.2652419,222000
0.21563229,0.26991907,1.1907673,8.525468,2.053449,170000
1.4518489,1.1318821,1.5319866,6.997219,2.719592,268650
1.5554208,0.7135351,1.6163635,7.746023,3.298332,251000
9.195434,-0.11567105,1.9002396,5.6480064,4.099601,97000
10.125646,0.62299085,2.0410016,6.723806,3.0128062,99800
10.275139,0.5327226,1.8316826,6.6645207,2.9910886,139800
0.84470564,-0.03379717,0.681346,8.47244,3.4244304,249000
-0.35990044,0.8634063,1.1589531,4.1051016,3.2652004,68200
0.610428,-0.11946728,0.102653764,8.663367,3.4990802,124900
10.26254,0.5282062,1.8361943,6.661327,2.976381,139800
9.334433,0.09034531,1.8491416,5.61888,3.8790526,58990
0.8033874,-0.078632966,0.8888624,5.2970886,4.6101303,152000
0.93418586,0.011105635,0.9134598,5.5207486,4.4766507,149900
0.39098758,0.23496926,1.2758437,8.546656,2.091444,136000
-0.44243854,0.90284425,1.1346148,3.9532332,3.3141534,109000
1.5858272,0.47999117,3.0853758,8.160375,3.303135,170489
0.4044717,0.26373035,1.3293056,8.506784,2.0519764,88000
9.312742,-0.07683347,1.9380223,5.9699683,4.2724543,167000
10.275652,0.54148424,1.841205,6.6655445,2.966487,139800
-0.08148031,0.1327154,0.7432684,8.386567,1.4452106,88000
1.656757,0.40739885,3.4921198,8.26124,3.397393,175000
1.5927635,0.45834208,3.351689,8.235529,3.2964509,140000
1.5631452,0.409769,3.385382,8.179263,3.3378859,144628
1.6033261,0.46349537,3.0235093,8.135864,3.355047,161730
1.608928,0.4329082,3.299034,8.184878,3.2401311,114878
1.4335315,0.69539547,3.2030132,8.438069,2.721438,87900
10.598221,0.6224009,1.5236818,6.374491,2.9741611,45000
9.101878,0.5636183,2.2772064,5.7374735,3.878996,120000
-0.20197114,-0.14314944,1.0963614,7.69307,1.2198095,50000
0.805952,-0.038551413,0.8772567,5.307185,4.568683,112500
9.330843,0.66927034,1.8295081,6.101479,3.4169154,57438
-0.26203448,0.8828734,1.2572038,4.398635,3.1031492,105000
10.450647,0.03561697,1.6932781,6.1570354,3.6011045,78900
-0.09604339,-0.7367213,0.72986656,4.2490554,1.7887237,53400
-0.241728,-0.17807776,1.058609,7.6580086,1.1882976,50000
-0.46381485,0.8637759,1.309655,4.1440196,3.3271208,76700
-0.40943596,0.8817654,1.1205202,3.9834783,3.3179317,97350
1.0721238,-0.19408344,1.0793297,5.71009,4.665592,220000
9.918752,-0.2165627,2.0029418,6.1326394,3.1078598,83000
-0.36608705,0.9440422,1.1535692,4.118509,3.1829698,71470
0.9677864,0.008227596,0.88174397,5.5157104,4.5134034,125900
-0.17671563,-1.0188426,1.1208991,4.178273,1.876875,67500
8.47024,0.5096046,1.6551784,6.279456,3.1076717,119900
8.615802,0.38864723,2.090244,6.816184,3.2297091,309900
0.79102767,-0.078366406,0.86733276,5.270518,4.6070857,100500
9.25912,0.13822751,1.9150493,7.3795547,3.6281447,340000
0.82071865,-0.11289807,0.84831077,5.262954,4.624439,105000
9.396516,0.22328961,1.9260321,6.024616,4.1793146,135000
9.812836,0.14649622,2.3605537,7.04161,3.9821212,145000
10.014078,0.19996612,1.8471358,5.9480014,2.8563108,82400
8.991862,0.7481181,2.1126146,6.746173,3.593733,207000
7.880454,0.3002659,1.9429597,6.717213,3.017831,300000
8.795331,0.49740356,1.9052374,6.2577367,3.1267467,189000
9.720282,0.6706597,2.4841127,6.9587207,3.4593747,108000
2.1964695,0.93650734,1.6052315,6.8893447,2.408851,215000
9.310014,0.054558437,2.140599,7.3750515,3.4568846,125000
2.133073,0.5474405,1.4915384,7.4577203,3.9118018,445440
9.318806,0.041997254,2.1393094,7.3768563,3.4567327,125000
10.654043,0.6630893,1.4977531,8.142926,3.6079402,395000
1.4362352,0.8337723,3.695977,8.811721,2.4394972,115000
10.137468,0.595357,1.9235715,6.13601,2.9917026,39000
9.38873,-0.40208414,2.2691422,6.944173,4.0124397,132000
-0.1613877,0.7515218,0.95986104,4.093641,3.0932953,64500
1.6009133,0.45120463,3.243621,8.178051,3.353512,161729
1.5760148,0.49654204,3.2082934,8.229312,3.2549326,120419
1.3840154,0.70632946,3.2088702,8.437384,2.5690255,64800
1.4316843,0.7888645,3.5908692,8.720037,2.489818,104984
4.331748,1.7251025,1.6850334,6.985748,3.5662153,184990
8.339712,0.52334094,1.5037519,7.057393,3.789535,325000
0.7039926,0.43940315,1.6746534,8.205574,2.1893148,134250
9.308632,0.62048024,2.2835543,6.817793,3.436403,206990
9.735966,0.082550436,2.42312,7.078813,4.0097847,144999
-0.875675,0.022254113,0.6513368,7.865984,1.9584616,74000
0.63495946,0.4242756,1.6797429,7.8419843,2.3171282,169900
8.175655,0.484013,1.611963,7.227687,3.78976,399900
8.406299,0.5293241,1.804784,7.1656,3.7485275,219000
-0.12406857,0.36160615,1.9117811,4.906766,3.8126426,96900
0.17118594,0.22678906,1.8096193,5.1561728,4.0322313,132900
-0.46713278,0.93547916,1.1656088,3.9458685,3.2759278,93200
10.043233,0.66319495,2.005899,6.2160573,3.0351598,88000
10.08441,0.47800076,1.5505546,6.5232034,3.4288948,135000
-0.13020016,0.36265418,1.9011146,4.9072356,3.7970824,98900
9.677061,-0.55264795,2.2500951,6.3688254,4.3613143,125000
-0.11225545,-0.7113511,0.67568666,4.2306066,1.7520725,69000
-0.51917714,0.8700642,1.3880367,4.1482816,3.3475564,110000
9.439074,-0.4199399,2.2709308,6.904591,4.0357714,116000
1.4765563,0.39487278,1.511948,7.9570723,3.4630964,144000
0.59084964,0.3482421,1.6368394,8.218053,1.6913232,95000
9.225981,-0.010329337,1.8631493,5.7162557,4.135509,97000
9.096098,0.3418734,0.98419744,6.366982,3.356458,136500
10.034153,0.59364164,2.0590749,6.8237424,3.4062529,113000
0.6045907,0.3699823,1.5707542,8.156072,1.7984358,63000
9.261313,0.0024105597,1.8438355,5.694219,4.1556606,120000
8.638756,0.5375165,1.226814,6.8045483,3.763773,198000
1.0634309,0.09608511,1.5443921,8.478092,3.1052818,145000
10.102661,0.4595183,1.9439044,6.7113514,3.5272105,108000
9.193787,-0.036989145,1.893532,5.6539164,4.0710955,87000
9.647127,-0.7379875,2.5117772,6.905388,4.4178467,116300
8.897692,0.13524933,1.9923548,6.7172,4.0125136,367000
9.646859,-0.6914746,2.498859,6.909466,4.3918924,118000
10.0008745,0.6241118,2.0637755,6.5793552,3.339023,68000
1.4442583,0.6408637,3.210931,8.3842745,2.6421342,149000
10.372826,0.33520958,1.7817353,5.607893,3.1135452,69500
-0.093489304,0.22912177,0.95612776,7.9690948,2.0639613,71900
9.205976,0.32959923,1.2179178,6.527918,3.3208559,235000
10.091622,0.5807623,1.9841553,6.616348,3.389439,88000
0.7556674,0.40481615,1.7718489,8.14736,1.9181266,128000
1.0691584,0.19593656,1.4813864,8.489889,3.0921652,99000
0.8101282,0.4455151,1.7925017,8.108961,2.2338853,139000
10.449517,-0.11014303,1.7826763,5.8599377,3.4347668,89500
9.519828,0.13176791,2.2062829,7.1307263,3.8304434,155000
9.182764,0.13738894,1.8511775,5.750979,3.9615414,69000
0.4897493,0.2762558,1.5071795,8.23808,1.7051574,88000
8.848305,0.20088777,1.1080973,6.315542,2.96287,80000
9.181929,0.31522334,2.1750193,6.6785493,3.5025988,164999
0.08240865,0.272943,1.139489,8.458313,2.0118566,250000
-0.07776304,0.19279966,0.67590785,7.962274,1.070264,58000
1.8512647,1.0071608,0.4297902,6.533693,2.635116,147000
8.975011,1.0726852,2.814948,5.8607187,3.4093387,89730
10.486044,0.64999753,1.7613422,7.9806256,3.3991756,350000
1.505998,0.50329524,2.650298,7.9827075,3.0069156,133100
8.876006,0.24028784,1.2936199,6.9348984,3.4848535,125000
4.3881397,2.1077917,1.5647608,7.045587,4.2293854,453600
0.94527644,0.01878868,0.92400664,5.5333986,4.4486356,121500
0.9504245,-0.22615309,0.4358777,7.9898453,3.5601618,158000
0.049653847,0.4870367,1.2972705,8.089908,1.8981553,71999
10.445981,-0.07935386,1.767297,5.864926,3.4385762,90000
2.021374,1.0650611,1.1970693,7.0110493,3.2133217,179900
0.718343,-0.19667949,0.913516,8.198826,3.4344761,129000
-0.3497971,0.9143022,1.1109296,4.0767083,3.2332535,98000
1.598607,0.4685699,3.087107,8.16652,3.3370287,184000
-0.44631645,0.20861192,0.24546984,8.906307,1.5547678,69000
10.478179,0.61076784,1.7010971,7.7905664,3.37409,190000
4.43111,2.0728862,1.5940095,7.0854616,4.209777,615856
0.41197762,0.2918116,1.5105944,8.350414,2.081483,124500
10.037534,0.63263017,2.063084,6.455399,3.0798419,115000
4.4551635,2.0798802,1.6213396,7.026479,4.1434536,350980
1.9833765,1.3998177,0.18860094,6.1556773,1.8917507,67155
1.5043421,0.54602855,2.778776,8.060739,3.0727108,225000
9.805842,0.38545406,2.075033,6.478864,2.9075928,89900
0.49872032,0.25847375,1.5836955,8.3491125,2.1463773,108000
2.0814757,1.3885355,0.12556382,6.0128226,1.8774439,56999
9.349906,0.107243404,2.228251,7.3103,3.313969,123000
0.9556194,0.07341587,0.7804082,7.9241295,3.9406304,150000
-0.11866943,0.074104816,1.0201905,8.163763,2.1136205,85000
9.337601,0.11540222,1.715425,7.5335917,3.5625675,169900
2.060473,1.2110828,0.3291757,6.08736,2.2125118,77000
1.6185038,0.40673524,3.3900235,8.108979,3.4090712,137500
9.734508,0.28979975,1.7912067,6.695429,3.148646,88999
1.3860221,0.65078986,2.9482198,8.260688,2.7650323,170000
0.8172854,-0.11622577,1.0127821,8.326475,3.62114,123000
10.738935,0.60548776,1.3581661,6.744833,3.182769,149990
9.144772,-0.07671985,2.0194626,6.1652966,4.1922183,190550
9.110391,0.5285733,2.276688,6.2856092,2.951297,126000
9.7334385,-0.24041596,2.4225307,6.909037,4.2258787,93990
10.332114,0.30662903,1.3376422,6.53912,2.907443,100000
10.359418,0.36136764,1.4971482,6.649331,3.490339,116000
9.359941,0.09936394,1.7517978,7.5596695,3.5350385,122000
0.040702768,0.34254414,1.3668939,8.171976,1.8058777,94900
0.12401341,0.32211375,1.2031406,8.410207,1.9751304,144000
9.993155,0.1427451,1.3066423,6.1610675,2.5768816,58000
9.118567,0.19029848,2.0773454,7.180607,3.640623,245000
0.80056447,-0.04590439,1.0967853,5.51834,4.3303666,115000
0.58127415,-0.14270979,0.6234786,7.767238,3.7897067,165000
0.66531,-0.103744455,0.17189768,8.483894,3.3730505,120000
10.392982,0.5126047,1.4765855,7.9819455,3.585815,295000
4.477322,2.0558393,1.620643,7.1079855,4.2632017,592577
10.227365,0.5945946,1.9300176,6.8326263,3.2034397,185000
1.0182141,0.2201972,1.1780567,8.242821,3.3916926,349000
1.514229,0.33470598,0.7825971,6.9536066,3.2882051,253500
9.650595,-0.5057002,2.4570622,6.903872,4.3152833,125000
1.0277236,0.14582434,1.3602163,8.46674,3.382091,138000
0.27819136,0.16083765,1.3132513,7.9733114,1.4928949,120000
10.108137,0.392705,1.2092121,6.856211,3.4752862,91800
2.6967273,-0.003729148,1.8453488,7.314123,2.5892348,220000
10.117629,0.40090063,1.2205749,6.760878,3.452143,92000
9.793321,0.3457687,1.0381997,6.231311,2.8880813,74900
9.973046,0.035531983,1.603757,6.3081946,3.1162493,125000
9.882761,0.3991165,2.1355872,6.427261,2.827085,73500
4.2458153,2.2401628,1.4556936,6.9755335,4.390317,160000
9.236975,0.23987807,2.0353324,7.3381658,3.5095046,119000
8.592934,0.69182223,1.0329539,6.2848005,3.4662051,170990
0.6854008,-0.13922337,1.1274319,8.039693,2.9052827,133500
10.415819,0.25069913,1.5257329,6.4984355,2.8928556,129900
0.87641346,-0.15201142,4.159341,6.053647,3.4147186,81900
1.4174228,0.7456492,3.4266443,8.590318,2.5723658,105500
10.641927,0.5719286,1.3646238,7.116114,3.485443,130000
0.84888005,0.08653286,1.0074115,8.323228,3.731417,125000
9.38744,0.33064738,2.339227,7.031976,3.1651723,126000
9.301972,0.063839115,1.9306263,5.7830963,3.4796848,91000
10.155848,0.2815602,1.8009789,5.860282,2.8881187,61500
0.39609516,0.29441848,1.3417197,8.496735,2.0883641,119900
10.374395,0.33221686,1.7765424,5.615568,3.124655,49000
1.077085,0.21646541,0.5985437,7.732756,3.5688787,175000
9.440545,0.12230099,1.5411298,7.6842055,3.5693643,135000
10.097187,0.10104455,1.2178572,6.378655,2.6440265,79900
-0.252467,0.18985854,0.733137,8.564348,1.949263,123990
-0.007381623,-0.856267,1.1107535,4.462077,2.3045058,68500
8.9996805,0.8716401,2.5578918,5.773413,3.6373067,120000
0.70179147,-0.44759783,0.0661746,8.407117,3.6954591,119350
2.3566256,0.788069,1.404717,7.250242,3.7968917,469000
-0.51829565,0.89453816,1.3472095,4.110762,3.3335702,110000
-0.09758058,-0.7527364,0.734415,4.240569,1.79229,67500
0.54754883,-0.16417846,0.6108402,7.7629995,3.738862,138000
9.761167,0.40231618,2.10701,6.884012,3.4973054,173000
0.7764982,-0.19076683,0.947755,8.270069,3.550787,147999
9.314018,-0.022450332,1.6022085,7.665145,3.4845557,135000
10.47953,0.64195716,1.7491652,6.984865,3.1728823,79999
10.0032425,0.24949045,1.7243204,6.223582,3.0069342,59900
9.993158,0.26057333,1.6394455,6.213166,3.0049539,67500
-0.5536256,-0.165076,0.6788777,7.93883,2.198945,89990
0.91800314,-0.26459253,0.38434282,8.057679,3.5823352,158500
10.098777,0.0574509,1.6931586,6.3022604,2.67475,140000
-0.3266946,0.09150698,0.92626065,8.110402,2.1425292,272000
-0.63270605,-0.2106794,0.64877206,7.917524,2.232855,89990
0.66621476,-0.43603137,0.086546086,8.366991,3.6703966,99000
-0.13326693,0.11217679,1.3038447,8.170472,1.8323377,89000
1.0672822,0.124073334,1.5847316,8.497012,3.0523155,144900
10.345443,0.29595333,1.21845,6.577857,2.9378154,105000
10.465041,0.5688312,1.5222483,8.052889,3.5740669,293500
0.7703506,-0.358653,0.323806,8.390977,3.6342657,130000
-0.1758679,0.0036976133,0.38958666,8.619523,1.8816748,129500
-0.06740541,-0.009166409,0.6128873,8.435722,2.0560937,80000
-0.19736029,0.026322775,0.43667716,8.608613,1.8327894,135000
-0.17898865,-0.05610759,0.33515117,8.653548,1.8538828,100000
-0.29749322,0.0697162,0.45394075,8.618702,1.5868579,110000
-0.30956185,0.09514605,0.48807272,8.622847,1.6043348,94900
9.746378,0.37574005,0.9249442,6.20233,2.8979297,69000
9.996026,0.14763106,1.3289351,6.158857,2.5817351,69800
0.987011,0.102793515,0.9470422,8.019535,3.730627,339900
1.4744011,1.091562,1.3514519,6.847318,2.697442,125000
0.6868721,-0.46149042,0.049247216,8.42854,3.6907263,99000
1.4327493,1.0624948,1.0301522,6.6098404,2.461711,172000
10.335803,0.38252634,1.1720693,6.8217936,3.3146863,99690
1.3835111,0.31817546,1.4828577,8.203181,3.421123,350000
1.158537,0.29925206,1.4060485,8.394571,3.2450347,163000
9.703759,0.10645515,2.3075871,6.9587574,4.0307326,155000
1.4262651,0.8131772,1.1560011,6.473933,2.5404344,175000
2.313119,0.6128771,1.4490392,7.3582025,3.8705943,479000
8.137752,0.5321956,1.5394975,7.262383,3.8610158,280000
-0.1504994,-0.06795973,0.2032561,8.701342,1.714945,101900
9.243879,-0.04653791,1.9658189,7.3529453,3.4719832,137000
9.547067,0.12075951,1.3313515,7.9312167,3.5726023,134900
9.919906,0.6485482,2.1986551,6.628159,3.1829865,114000
8.68121,0.81455237,1.5853579,6.308986,3.5320587,94990
9.375081,0.35116103,2.3392467,7.0290422,3.1852584,145000
2.604917,0.5663018,1.7710167,7.0966926,2.7002225,225000
-0.13155471,-0.0690357,0.5996045,8.47942,2.019025,139000
0.82662195,-0.13158645,1.0136907,8.245272,3.6835206,122800
0.4515285,0.22942479,1.4907544,8.242629,1.789978,56000
-0.3572526,-0.12363298,0.051567707,8.770768,1.315586,84499
0.8277289,-0.12205048,0.8187781,5.2613254,4.631579,129930
4.7529564,3.6128104,1.4460714,7.0214524,5.191592,198000
10.317228,0.54981047,1.7860729,5.7110634,3.193221,29999
10.339168,0.5811758,1.7724446,5.690088,3.2578838,79000
10.002217,0.25988746,1.4070473,6.403416,3.0790353,67000
10.077591,0.059504326,1.2388774,6.3661976,2.5952303,105000
9.309099,0.68825334,1.8568627,6.129949,3.4133377,84000
9.66387,0.20725411,2.254334,7.175233,3.7958865,145000
-0.177727,0.42290923,1.245875,8.092591,1.8409759,114990
-0.10465996,-0.77065784,0.7532559,4.230766,1.7899737,67500
-0.42341113,0.09481187,0.62440026,7.684486,1.9907666,77000
4.7813735,3.6614513,1.426694,7.012684,5.230065,148000
0.24985538,0.124625646,1.3190223,7.9238353,1.4342518,76990
4.250214,1.6747603,1.7058785,6.9876246,3.4634955,270000
0.8879929,0.41806808,1.4984169,8.62022,2.6964571,109900
-0.19975056,0.1774577,0.8975876,7.6470623,1.3624827,58500
9.386378,0.09914992,2.1523626,7.191474,3.7926192,179000
2.2972207,0.7520791,1.4004368,7.297183,3.7864642,585000
0.17192622,0.19345419,1.1254122,7.724378,1.1887215,53000
0.8152076,-0.09550384,0.8834512,5.2855816,4.5700865,107380
-0.52174556,0.9253345,1.2914493,4.049994,3.3186567,96000
1.0490265,0.13656348,1.4863178,8.500839,3.1096363,160000
-0.35019362,0.025103306,0.46520066,8.735801,1.7399751,107000
10.214764,0.48423535,1.4081805,7.7791066,3.6072478,190000
10.090481,0.053140756,1.7194629,6.266621,2.6771173,140000
0.61893016,0.37315384,1.6999466,8.231498,1.6723759,82400
1.3883309,0.37313548,1.7131343,8.178038,3.29978,398999
9.666069,0.16057225,2.2989664,7.0089293,3.903119,155000
1.4407476,0.7210784,3.3676407,8.55007,2.5741606,102000
0.6950514,0.61183983,1.5578858,7.605542,2.350397,189000
8.797698,0.21547435,0.98404896,6.2770257,3.0733485,87000
2.4994571,1.1171956,1.3432834,7.1256804,3.6724403,178400
10.153969,0.5995137,1.9107245,6.1265273,3.0225558,56000
9.6127825,-0.37593904,2.0636718,6.3866706,3.9446428,139800
1.4024712,0.67324996,3.1138086,8.380527,2.7655463,85900
1.480887,0.46031126,2.6545582,7.9804716,2.9874885,123000
10.033788,0.66675746,2.0383985,6.249805,2.9790165,43000
1.9511465,1.2326111,1.4293556,6.8184276,2.6269937,174900
0.824929,-0.026420077,0.46884632,8.291193,3.4438035,207777
1.2294527,0.35591307,1.5490173,8.29002,3.2782006,275900
0.5489966,0.31638655,1.556121,8.355608,2.1652343,140000
-0.20897074,-0.0074897422,0.403258,8.654241,1.9370458,159000
1.0410894,0.093521364,1.5470053,8.471189,3.0481427,179000
9.263463,-0.096164845,1.9376513,5.960511,4.275506,167000
9.871552,0.4076317,1.2307298,6.3030367,2.899183,75000
0.7794505,-0.322965,0.3877415,8.418904,3.6528594,202999
0.5135056,0.33696195,1.5030332,8.328635,2.1291726,149900
0.05423095,0.44369343,1.396484,8.069466,2.0178182,89000
-0.04353636,0.29310715,1.991154,4.9740543,3.9114819,100826
1.427934,0.72206676,3.3622599,8.5332575,2.6199143,85900
0.71418387,-0.13120908,0.45962864,8.544622,3.5864584,185000
2.4401104,0.3644697,1.5612922,7.138675,3.168022,355000
1.0577404,0.145293,1.4912176,8.497504,3.1240854,189990
1.4180568,0.69097865,3.1468112,8.407733,2.747771,92900
9.906775,0.30688345,1.8477033,6.750843,3.7304246,119000
0.76336044,0.032883804,0.3298727,8.375354,3.4681015,230000
9.987938,0.14422397,1.2958832,6.1397796,2.5638156,58000
1.6114836,0.44613793,3.3740885,8.244018,3.3250241,229000
1.4301935,0.8260516,3.670655,8.79494,2.439823,76264
1.4320123,0.7922352,3.5984728,8.728258,2.4851267,89102
1.0444229,-0.21405809,4.0486717,6.2492547,3.402742,61775
9.287073,0.050634235,2.1072547,7.1410294,3.8073537,139000
9.228293,0.5873579,2.1201403,6.3174505,3.0141602,177000
1.4324347,0.74048173,3.4359558,8.590582,2.5689592,97900
1.434487,0.81625664,3.6531801,8.777224,2.4533505,88000
9.234094,0.17744547,1.9949008,7.3248463,3.5250723,135000
10.299849,0.2627299,1.7892907,6.252357,3.150564,115000
9.957008,0.6353531,2.0904043,6.543875,3.1462004,105000
9.964256,-0.21671331,1.9844071,6.0849323,3.097101,75000
8.832967,1.1316628,2.923112,5.9642277,3.498571,132500
1.4585197,0.7185155,3.4144666,8.568785,2.5410903,89000
8.881603,1.0542119,2.789425,6.027072,3.4841285,135000
0.55521256,-0.4463376,0.8611797,4.9539003,3.1067462,120000
9.329651,-0.06409218,1.9417106,6.0031614,4.276291,167000
2.4052005,0.38713643,1.4788518,7.0859604,3.1069856,415000
8.691075,0.57357675,1.1263286,6.291985,3.4233701,157500
1.0385388,0.15813054,1.38717,8.462881,3.3736262,148000
0.060531866,0.10457679,1.251594,8.259067,2.1564538,200000
9.271798,0.26336494,1.9416811,5.6275787,3.9446535,62400
8.969171,1.0654337,2.8027542,5.8595114,3.4253473,128490
0.65313435,-0.18489324,0.888342,7.820909,2.9502854,134000
9.784489,-0.3454071,2.0108924,6.162048,3.4150314,44900
9.769811,-0.35398126,2.0162237,6.167004,3.4410644,44900
0.5643815,-0.24449565,0.77335787,7.653194,3.0663257,145000
9.420546,0.38358414,2.3400636,6.998556,3.1728196,121000
9.324596,0.18842085,2.1877475,7.3113303,3.4224093,125000
9.780158,-0.3564994,2.014574,6.1428947,3.4214175,44900
0.3354325,0.22048202,1.4702703,8.213598,1.8313191,81800
2.3531792,0.479613,1.5923753,7.418666,3.9236307,899990
9.303033,0.287486,2.2015495,7.2299724,3.4117978,130000
2.017917,0.7665271,1.6193581,7.265526,3.1924508,295000
2.3396175,0.7825018,1.3474455,7.305433,3.7628477,650000
2.0372002,0.73053116,1.5409437,7.49821,3.5653853,530000
9.676211,-0.7211591,2.4959257,6.8736534,4.4516706,124988
8.360986,0.51852167,1.4985025,7.032909,3.792877,385000
0.6887098,-0.40146798,0.8271446,5.086904,3.7959871,100500
9.986366,0.35708117,1.2226211,6.63616,2.9981334,122000
1.9618542,0.9110831,0.46115902,6.43485,2.6417825,165000
2.1573088,0.7742938,1.4769251,7.4010024,3.608847,649900
2.3022325,0.7737154,1.3745131,7.27896,3.682671,430000
2.269841,0.7759689,1.3308291,7.2779403,3.7496371,435000
1.0758544,0.29444522,1.4303614,8.466098,3.1365151,226000
0.5710955,-0.30843276,1.1730407,5.461222,3.66332,122000
10.678349,0.43307686,1.2879194,6.790014,3.0472424,129500
1.951075,1.3841118,1.3191372,6.834354,2.8509367,206850
2.420684,0.82525796,1.3419242,7.2558784,3.7366033,469999
0.09214962,0.43930164,1.4104208,8.101155,1.9928253,75000
9.9135895,-0.061743125,2.0302477,6.5247674,4.2313447,127000
2.29008,0.68586326,1.4304769,7.212848,3.698515,588800
8.09639,0.5216011,1.5794232,7.275232,3.8417153,485000
0.78977036,-0.21022815,0.68940973,7.734079,3.7548938,141000
2.2301161,0.7244952,1.376514,7.3282895,3.7710264,584999
2.9087138,1.3036734,1.3238649,7.056823,3.2657025,375000
2.2146347,0.7237007,1.3057266,7.1902704,3.5075715,550000
2.3721259,0.50580746,1.5258535,7.4160423,3.9008822,799000
1.4418144,0.061589036,0.96554375,8.097544,3.813022,445000
2.088064,0.6946901,1.4893062,7.297101,3.3603048,529000
0.8709635,0.13673607,1.0737647,8.290415,3.6059175,124990
2.4053288,0.5239509,1.5213666,7.405817,3.9554145,720000
10.0446415,0.090389594,1.2901722,6.3860664,2.6383753,119900
1.806634,0.79262996,1.2681031,7.280177,3.5451295,423000
3.995278,1.5867476,1.7000669,7.0049753,3.3456702,220000
10.051861,0.5674014,2.017127,6.7851834,3.3754628,125000
9.883944,0.44912052,2.035488,6.8237357,3.5558453,120000
0.6698251,-0.24295416,0.9759968,7.8940263,3.0319567,126000
0.3276799,-0.3127578,0.579413,7.727541,3.0542116,116000
9.637165,-0.44744527,2.204586,6.378142,4.255308,114900
10.584623,0.54321283,1.3502928,7.055049,3.4704883,185000
9.816091,0.40956026,2.0723257,6.819654,3.4958773,145000
-0.5251455,0.77579284,1.6382258,4.564195,3.101385,125000
10.504803,0.59810334,1.6127744,7.650638,3.5133228,200000
9.942201,0.39856502,1.923797,6.7041254,3.5010238,123998
9.212991,-0.056498196,1.8880353,5.6662297,4.0988545,73780
-0.52917767,0.8622777,1.4526445,4.2165656,3.3286767,82500
-0.15739332,-1.0250673,1.1510667,4.181807,1.912052,67500
9.914967,0.47287923,2.0530076,6.807561,3.4081328,115000
1.4176879,0.7024589,3.1743054,8.428262,2.719427,157000
1.9810127,1.2799609,0.22312056,5.6935363,2.1340618,90609
10.46666,0.5030159,1.3163545,6.970724,3.4716313,185000
10.611614,0.5632613,1.3669791,7.145892,3.5010412,144000
10.126873,-0.14248103,1.9061654,6.2450757,4.04411,57000
9.832738,0.4332702,2.0602198,6.804076,3.500604,149900
-0.09408022,0.34608927,1.2949007,8.142494,2.013756,109000
-0.5440701,-0.16249917,0.718613,7.9795394,2.1964533,107000
4.3345656,2.2173557,1.5276692,6.939018,4.268947,280000
0.27289706,-0.29953042,1.3510602,5.180098,3.2172995,93780
-0.22940305,0.35661405,0.9444342,8.26217,1.7645789,140000
1.2036266,0.16738771,1.3459619,8.048108,3.4372206,246999
-0.01481668,0.047739983,0.8520705,7.711437,1.5714834,59900
9.408057,0.33486217,1.3499479,7.740115,3.7215211,187000
9.323082,0.663022,1.8294113,6.0899277,3.4185843,69500
1.1823007,0.2275318,1.7027669,7.8209634,2.7661107,195000
2.2314608,0.95153475,1.3745189,7.1849413,3.5158768,459999
0.9400212,-0.24001239,0.43500626,8.010709,3.569834,153000
10.577791,-0.2053498,1.8512908,5.8888493,3.3677034,73000
0.7988036,-0.07746899,0.8991932,5.3046117,4.6093183,144000
5.126768,1.4896866,1.7327133,6.864281,3.419027,150000
0.5617342,0.17012121,4.4890456,6.0854726,3.1065867,98000
9.358817,-0.21418467,1.8070575,5.5480046,4.0218234,56880
-0.5355149,-0.20489535,0.66874415,7.941748,2.2321892,75000
-0.24827379,-0.17323935,1.092521,7.676124,1.2006502,54500
1.3578887,0.80882674,1.6548796,6.918028,2.5172377,103100
1.4199612,0.72420144,3.3332746,8.527296,2.6307607,88466
1.6560365,0.4015671,3.483068,8.249384,3.4087224,119500
1.4149486,0.70221955,3.2279038,8.452811,2.693747,92900
0.8941097,0.033003192,1.1577835,5.748434,4.236866,136990
1.9374071,1.1822726,0.3120885,6.2742257,2.2852144,118948
1.37327,0.53920424,2.7484968,8.093127,2.626644,103600
1.9362168,1.2654387,0.38192585,6.2161837,2.324823,118948
-0.42085353,0.88262326,1.1237684,3.9674406,3.3211005,89000
9.340302,0.6702022,1.8292707,6.0979743,3.4277067,57439
0.8290376,-0.094690174,0.99021226,5.4137464,4.582643,94800
10.249797,0.6731305,1.8388356,5.9606333,3.1865573,49500
0.67428243,-0.15752727,0.072075225,8.538801,3.5260391,169000
1.4274219,0.75656664,3.4825835,8.63147,2.5366955,113222
1.444306,0.85254866,3.707823,8.825089,2.4206016,89256
1.5998179,0.46043545,3.3470628,8.25111,3.2976894,119833
8.618521,0.3768945,1.8841008,6.8746276,3.6855407,225000
10.027849,0.051281955,1.889342,6.458927,3.9816396,72000
10.038876,-0.13565452,1.9543315,6.3217845,4.1313853,75000
0.83610606,0.018335178,1.0242367,8.288317,3.7124996,125000
0.8656308,-0.031133037,1.141142,5.632885,4.358488,132800
-0.46281794,0.6587708,1.7703493,4.5976124,3.3910785,91800
-0.3515402,0.9080435,1.1692117,4.14314,3.200151,92500
0.8460926,-0.009277703,1.0437082,8.358057,3.5391176,125000
9.259468,-0.08932062,1.9329234,5.951353,4.281605,167000
8.820478,1.1436167,2.9421854,5.9625745,3.5013525,116400
0.5074905,0.32951093,1.5614563,8.310337,2.1242104,76000
9.2051525,-0.06487822,1.8949304,5.674764,4.1037354,97000
3.1463227,0.14494185,1.9205978,7.158818,2.5503767,342000
-0.8826797,0.026371608,0.6520664,7.8693295,1.9583989,85000
10.017335,0.55543244,2.033663,6.8052673,3.3435013,101999
3.1239219,0.1596971,1.9130633,7.1639614,2.5728555,482000
-0.046111643,0.27184927,2.0292425,4.953198,3.9385347,57800
-0.13226075,-0.10298877,1.1245062,7.7122483,1.2427626,87000
-0.5526909,-0.18027036,0.7095448,7.966743,2.1856833,73000
1.0904694,0.19401681,0.5934165,7.7184596,3.5830348,180000
0.09137145,0.25048488,1.87148,5.0819197,3.976765,100500
4.2455773,2.195797,1.443156,7.000755,4.3878584,159000
10.448852,0.035558112,1.6920414,6.164868,3.5989542,78900
-0.105765074,-0.7559688,0.70174176,4.21609,1.7897238,58000
-0.33691928,0.5074223,1.7850416,4.756692,3.5562556,140000
-0.04321825,0.27184966,2.0328763,4.954162,3.9432535,69900
10.099458,-0.58919865,2.0362403,5.9262495,3.9570456,55000
0.83619046,-0.09269309,0.99479526,5.4308553,4.5657477,110000
-0.052238993,-0.6508169,0.72588164,4.3176427,1.7513998,71000
-0.22734007,0.21553971,0.72023743,8.618669,1.9023807,88000
3.1729085,0.13365519,1.919503,7.147551,2.5373409,352000
3.1507661,0.14938031,1.9284879,7.1647916,2.5538795,320000
-0.052941382,0.26856476,2.0102096,4.9454303,3.915855,52996
-0.016914932,0.25129694,2.0596025,4.966493,3.966599,64900
-0.2696734,0.21967174,0.7774261,8.425888,1.7049364,75000
10.300549,0.29958117,1.2489675,6.593945,2.9572573,105000
0.5790296,0.34883672,1.6585292,8.261195,1.6175514,59000
2.4314861,0.3734741,1.5691057,7.1362,3.1249425,369000
-0.39762247,0.95516884,1.0718936,4.0023355,3.2314816,91000
-0.10132154,-0.75352275,0.7413201,4.2403774,1.7870785,68500
-0.512022,0.9346486,1.2496567,4.0134897,3.3066723,94000
-0.5582685,-0.16783708,0.68354493,7.957033,2.1962848,90000
10.05384,0.57847595,1.9936881,6.656204,3.0368843,178000
1.4536396,1.0232844,1.620077,7.239291,2.7054374,98990
9.964902,0.21181825,1.9560046,6.355949,2.7261088,119000
1.1013465,-0.21991326,3.9947317,6.349183,3.4259322,119835
-0.27669826,0.3738993,1.1374166,7.956033,1.9077905,124000
1.4339112,0.8286635,3.6792114,8.800504,2.4403832,105149
9.174724,0.5511201,2.241786,6.2425714,3.0250874,240000
9.63921,-0.5244717,2.443715,6.9150352,4.2902822,109900
1.7851168,0.31879434,2.95199,7.931517,3.047335,139000
1.5710582,0.5069104,3.2438412,8.259533,3.2277076,134000
8.891219,0.1341046,1.9446342,6.761943,3.9753175,179000
0.24704622,0.43902168,1.5021305,8.016751,2.1118233,119900
9.391003,-0.36581585,2.2440016,6.9340944,4.020743,165000
10.638058,0.6684493,1.5538472,8.064148,3.5735455,249500
10.559031,0.5630422,1.3899075,7.8391266,3.6105347,160000
9.71858,0.09456921,2.4239476,7.0868554,3.9453626,142000
0.400043,0.49932367,1.4720169,7.9033284,2.1876488,175000
1.9935797,0.23823127,2.8367035,7.809376,3.1820672,172917
-0.24216443,-0.2276148,0.6974583,7.9274526,2.3112297,73000
2.2226236,1.0533751,1.2279749,7.0498962,3.577962,320000
0.6877491,-0.16148268,0.14726673,8.501768,3.5012302,109000
1.5994627,0.46143153,3.346508,8.245779,3.296336,145000
1.9718418,1.3012936,1.1524411,6.806739,2.7688673,187000
8.992479,0.39901137,0.9948486,6.406614,3.4836884,177000
1.9717872,1.2694134,1.3846177,6.842802,2.7943108,159000
10.564267,0.63742834,1.6305025,7.736978,3.4366732,170000
0.6007267,0.36770737,1.6886073,8.267291,1.609932,53000
10.068883,0.063698106,1.2417693,6.358062,2.5888526,80000
1.1849439,0.23821034,1.5944366,8.399063,3.2136111,247000
9.824751,-0.023169514,1.5981655,6.3123803,2.9382675,240000
1.9162222,0.95742065,0.57418495,6.4512553,1.82346,129600
9.69509,-0.21214366,2.3420913,6.8368473,4.247147,162000
8.849205,0.5283882,1.835736,7.31901,3.5551136,190000
-0.027728286,0.23353025,1.23962,8.058774,2.0048547,99000
9.297874,0.11657907,1.8253533,5.648454,3.9008117,92500
9.185913,0.19438905,1.6888129,5.8073573,3.9281807,155000
10.231825,0.32491884,1.6640537,6.522685,3.4837,95000
10.655079,0.70680255,1.6564051,8.125331,3.4848568,310000
0.7085382,0.4592666,1.6945739,8.2060585,2.1969743,232000
8.82737,0.7368113,2.0970764,6.710994,3.52829,350000
9.886223,0.21168408,1.9835509,6.382448,2.7887547,120000
1.8381495,0.29803973,2.9284256,7.900255,3.0766594,192268
1.8176363,0.3011271,2.9291127,7.9040213,3.049309,173548
0.49556974,0.28004888,1.5072678,8.263076,1.7272495,79000
1.659869,0.39947715,3.488462,8.251794,3.412846,114694
9.522312,0.17846562,1.4147335,7.766524,3.594887,124900
5.0300593,1.5194476,1.7195535,6.8796415,3.4366117,129890
1.8609921,0.550899,1.4135555,7.421954,3.7525985,395000
0.14085166,0.21295907,1.1059815,7.705233,1.1460673,79900
2.0526996,0.7714428,0.70208454,6.4155674,1.982516,165000
1.3912258,0.72510487,3.32135,8.513589,2.4836404,67700
1.6093334,0.68525624,1.2401264,7.299126,3.5006573,274000
1.6138663,1.1267897,1.5375774,6.954939,2.7301497,218000
9.259444,0.46430668,2.1608174,7.0860424,3.4781008,216000
8.547833,0.52119243,1.9334952,6.974577,3.6433291,559000
10.376864,0.61857766,1.842869,6.913787,3.1401906,144000
8.744158,0.5368222,1.9698868,6.7274833,3.7694175,269000
10.390091,0.5065026,1.5357634,7.978063,3.615143,405000
9.056337,0.37145436,2.2207558,6.9260473,3.411855,275000
0.9188299,0.13848728,1.1595355,8.6263485,3.1006815,325000
8.454166,0.525138,1.5746629,7.1307745,3.8337977,485000
2.390725,0.96067667,1.3300811,7.1657076,3.6269805,360000
8.519999,0.51992035,1.6678463,6.904371,3.7209058,315000
9.279001,-0.04818387,1.9999564,7.484938,3.3989758,149900
10.394363,0.4837199,1.4513934,8.021077,3.5719883,249000
10.621885,0.6891631,1.6699026,7.874375,3.4123726,200000
8.130864,0.47567692,1.6162432,7.291537,3.809209,999999
9.309782,-0.053117882,1.9608879,7.5031614,3.3693767,200000
1.0935649,-0.21791373,3.999908,6.33974,3.4204862,127272
10.0849285,0.5566499,1.9211192,6.6355467,3.038619,230000
9.074414,0.4023972,2.1571627,7.1516447,3.4881942,235000
10.6248255,0.68122476,1.6359297,7.9825525,3.4706326,290000
2.2302206,0.68008626,1.3078645,7.18954,3.4964032,449000
1.7751578,1.2287877,0.63724446,6.506162,2.0674114,125000
2.0533092,0.75539947,0.7284983,6.420605,1.9850321,169999
1.4333906,0.827686,3.6783648,8.799983,2.440382,72632
8.136182,0.52063996,1.5705162,7.2438364,3.8311827,750000
9.108256,0.1945202,2.005996,7.3283753,3.615341,299000
1.3214657,0.5569085,2.5489528,8.039264,2.6181598,95000
9.145593,0.4188903,2.1613424,7.161702,3.4791949,205000
1.5874791,0.48238215,3.3073795,8.259036,3.2798054,179000
7.9927754,1.0069978,1.2670796,6.438354,3.1480772,159000
10.613314,0.6886091,1.6761129,7.928968,3.4307253,179000
9.819089,0.52883905,1.9999532,6.281083,2.750483,99999
4.3341436,2.13854,1.5618845,6.969982,4.1779866,250000
9.582762,0.47647947,2.2114284,7.0420785,3.3783934,220000
1.4420605,0.7276268,3.430186,8.584197,2.5126336,106323
0.14726761,0.23297766,1.8476964,5.134214,4.023757,252066
-0.32312578,0.12145636,0.27387413,8.806541,1.6550198,150000
1.4201562,0.71138585,3.4159021,8.566929,2.5918496,86900
1.6143512,0.44481313,3.3761177,8.246494,3.3276215,230000
0.14010759,0.2409348,1.8370179,5.1281986,4.010105,235000
8.739475,0.11924955,0.9041594,6.211384,3.4193017,91800
-0.037741974,0.2829305,2.0126386,4.973305,3.9524064,100826
2.6209798,0.008106395,1.8317076,7.3049793,2.569638,215000
4.1311297,1.6037499,1.6763476,7.017393,3.45305,235000
1.0345533,0.18781213,1.4419842,8.508821,3.120536,235000
10.513106,-0.14926007,1.8159777,5.941074,3.315193,107000
10.267,0.52672505,1.8416302,6.6650105,2.967227,169200
0.7232291,0.44271317,1.6430607,8.241343,2.2273061,248999
9.8717375,0.41786364,2.1183975,6.3957143,2.8286486,65000
10.313664,0.37485486,1.7756082,5.688332,3.0591216,45000
10.438332,0.30853426,0.94909465,6.6729746,2.9591508,97900
10.097706,-0.58723325,2.0080185,5.879111,3.923338,55000
9.769842,0.3594543,0.984652,6.1929955,2.8949661,73000
9.418884,0.3422528,2.3402529,7.03173,3.157182,97000
1.4173893,0.69765496,3.1431704,8.408192,2.7256176,88466
9.181168,0.2930546,0.91555446,6.2177024,3.0574849,76000
1.6037369,0.4245896,3.3625627,8.1569805,3.4099374,278000
1.602665,0.43816113,3.356302,8.216452,3.3023422,116900
1.4722165,0.7573949,3.5077114,8.660103,2.5061321,120080
0.94837296,0.07624081,0.7693503,7.904089,3.9627986,140000
10.440141,-0.06538045,1.7455373,5.841186,3.446406,90000
0.7535712,-0.054376315,0.8525853,5.2453384,4.615515,93900
-0.37309313,0.8440662,1.0905678,3.9855814,3.3453963,82500
1.4199284,0.5502505,2.4627836,7.875244,2.820535,126500
-0.1612662,-1.0291215,1.1499286,4.1751957,1.904557,66000
0.92378426,0.009113503,0.9170989,5.515985,4.464823,107438
9.803571,0.34978318,0.95220643,6.2080154,2.877892,80999
1.612132,0.4477028,3.3789608,8.249346,3.321303,179000
-0.5629103,0.1325671,0.6584755,7.5651927,1.8973689,74500
1.4135205,0.7024159,2.9774797,8.304881,2.7339137,105500
9.284713,0.26432773,1.9388027,5.646674,3.9601543,80000
2.278524,0.12282191,2.5528643,7.5839195,3.3694298,164793
1.6225396,0.45569742,3.404842,8.274742,3.308794,173553
1.4164236,0.71371907,3.18275,8.442114,2.7650146,102000
1.5571129,0.45082366,3.0491009,8.083095,3.120827,159000
1.3227973,0.5290719,2.544212,8.032997,2.6507,103600
1.432667,0.584071,2.941795,8.206368,2.735145,140000
9.549499,-0.4831233,2.138964,6.5124426,4.4600334,120000
9.058188,0.7177643,1.8181939,6.0082417,3.405757,80000
1.3250107,0.5763252,2.6350584,8.070622,2.5698657,79000
9.882072,-0.325959,2.0049026,6.104696,3.2440124,83500
-0.5673714,0.11482329,0.69000095,7.628734,1.9294121,75000
1.4303879,0.78626776,3.590827,8.717807,2.4959276,122500
0.19054803,-0.1572223,0.7374645,8.053779,2.2924044,139000
9.960777,0.5045856,1.9833394,6.143001,2.7812262,67500
4.283095,2.154384,1.4071499,7.044274,4.427216,297000
1.4070461,0.72555554,3.29524,8.507071,2.645082,102900
10.009803,-0.555291,1.9646717,5.7964244,3.894688,29000
1.4126357,0.70355624,3.155783,8.426047,2.7228932,112900
9.310572,-0.031804726,1.6064574,7.6825104,3.4763422,139000
1.5953344,0.47317454,3.3208911,8.254794,3.2978957,138600
9.395798,0.3673875,2.3349657,7.0344644,3.1891212,220000
-0.54820734,0.18210104,0.73635864,7.5667076,1.886733,70000
1.4353738,0.79724383,3.6135314,8.743681,2.4748065,106200
1.6068317,0.45197722,3.3634832,8.247474,3.3130848,149000
0.5734121,0.34377292,1.637609,8.235617,1.6289519,83000
1.3854284,0.7221537,3.3000083,8.50131,2.4867473,76000
1.5916588,0.46955022,3.3155663,8.240341,3.287975,114500
-0.24100971,0.9273232,1.2430491,4.4271345,3.0577438,93300
10.484261,0.3118634,0.89614195,6.681267,2.941989,119800
10.606859,0.67645335,1.6558714,7.909188,3.4459987,239500
9.640582,0.40372515,0.81669855,6.1878567,2.9402456,91100
1.1627157,0.1500127,1.2941363,8.015117,3.4529507,247000
9.082712,0.36573645,1.4209801,6.474212,3.22985,249000
1.3472227,0.9444028,1.6834407,7.2214193,2.6406465,155229
0.23013812,0.255035,1.210556,7.8406396,1.2881131,84000
9.231235,0.15215284,2.1086462,7.313981,3.361838,119999
10.595088,0.30103505,0.9313486,6.6124105,2.8221257,109999
0.61123574,-0.12055932,0.63435745,7.78823,3.7952747,135000
-0.17701818,-0.22002389,0.68771505,7.923348,2.3376255,110000
2.232964,0.53615016,1.5301389,7.4283524,3.9200795,700000
10.5825815,0.31376073,0.9648526,6.6133804,2.8527896,125000
2.160235,0.54771286,1.8985913,7.2397394,2.9805534,155000
10.411941,0.3830413,1.0959462,6.816901,3.3086283,99700
0.17599152,-0.18712017,0.14561436,7.946026,3.2373142,145000
9.5867,0.57517546,2.3451736,6.956128,3.3562596,131999
1.7180593,1.1932769,0.59110016,6.4734707,1.9546264,135000
0.45819378,0.32361645,1.4320853,8.437158,2.036712,104900
10.379873,0.3298722,1.4895554,6.6059113,2.896549,149000
0.7713485,0.46918234,1.708226,8.190703,2.2375135,239000
2.2969713,0.4908676,1.6024524,7.384432,3.9153132,900000
1.487232,1.1286238,1.510232,6.953308,2.8733232,380000
10.63825,0.35131598,1.2218995,6.64293,2.956253,185000
1.1894444,0.27739078,0.9215479,7.7764916,3.5692956,345000
0.367161,0.29944333,1.3698568,7.99818,1.442242,81000
2.1685262,0.9237465,1.3286127,7.183843,3.5111918,410000
-0.1855113,0.17402197,0.74697995,8.464756,1.7603954,178000
10.224994,0.59882146,1.963497,6.7281585,2.9473379,110000
1.4680184,0.30371356,1.5259967,8.172142,3.4764996,449000
1.1511352,0.14836319,1.3257879,8.044962,3.4231815,247000
2.0279734,0.94579804,1.379249,6.9932933,3.0650344,365000
3.4333315,1.476643,1.6416084,7.010861,3.1615913,170000
9.733984,0.67560714,2.4611132,6.9347153,3.4310884,147000
10.226254,0.31848285,1.6737522,6.5020304,3.4769478,95000
1.0602242,0.1360971,1.5148478,8.49453,3.133008,99999
8.82315,0.30190155,0.9047476,6.2898846,3.2690425,123800
10.465272,0.3019769,0.9045728,6.682813,2.947876,84000
-0.30767357,-0.122610316,0.07026646,8.74761,1.376791,106000
0.48489535,0.27029276,1.4922428,8.246787,1.7443247,115000
10.521045,-0.14848047,1.8117415,5.9465623,3.311927,90000
-0.18267877,0.04409556,0.689396,8.430798,1.976218,130000
3.6977699,1.4242562,1.6105193,7.0559397,3.399053,220000
0.49653175,0.33447897,1.5278473,8.113018,1.5878814,67300
0.5981642,0.368253,1.6935908,8.239094,1.6026922,62000
-0.56096494,0.08057156,0.624506,7.606229,1.9518409,76000
9.301391,0.05000137,2.1545467,7.365048,3.3412619,119499
9.027565,0.7837946,1.8434594,6.032523,3.5174391,65999
9.4430065,0.024552062,1.8265754,5.7584615,3.780798,96000
1.7253025,0.9306803,1.8365893,7.15107,2.5936632,84000
10.329638,0.6013818,1.7920964,5.7137284,3.2428336,88000
4.333961,1.7227982,1.6955197,6.9806495,3.5416195,132000
10.618655,0.32934952,0.93559474,6.6216455,2.8574781,122000
10.176645,-0.51253605,1.960359,5.9182076,3.9647813,85000
10.345498,0.6262163,1.7799816,5.700923,3.24273,88000
-0.33143553,-0.12372377,0.062021177,8.756202,1.3455077,129000
10.009452,0.48691618,1.5213418,6.4823065,3.4571118,99900
10.32835,0.602448,1.7954186,5.712557,3.2473679,88000
2.1580448,0.5740973,1.3778886,7.423362,3.8995757,310000
-0.1639185,0.41825384,1.2742234,8.076756,1.8639729,110000
-0.21171163,0.053480197,1.0512104,8.204829,2.110129,150000
0.008968466,0.38459504,1.3366712,8.150038,2.0454428,115000
10.204313,-0.462571,1.9262465,5.966653,3.9128394,71900
0.73672384,0.46845368,1.6998352,8.194153,2.220951,235000
9.89638,0.5259662,2.0219183,6.2462277,2.7519743,67500
-0.4587758,0.6440958,1.7379041,4.5695796,3.4704745,106000
-0.4387868,0.22945291,0.30680743,8.858092,1.5820941,135000
1.1830941,0.5824178,2.262958,8.123442,2.553778,78000
9.252937,-0.17621152,1.8209453,7.698924,3.2967434,106999
10.167102,0.6161407,1.8754171,6.0836105,3.0924559,87999
-0.4629027,0.7854353,1.4999219,4.2841587,3.3877969,139989
9.39938,0.113149196,1.8949909,5.820974,3.666031,37000
10.032553,0.28921625,1.838921,5.921692,2.826691,54999
0.2856264,-0.36595017,0.36729604,7.800463,3.4836884,115000
1.2278625,0.29880947,1.6618026,8.373773,3.2076793,225888
9.617579,-0.5632119,2.4405212,6.9392014,4.2829804,114900
0.74389833,-0.36945644,0.9834659,8.357033,3.5948396,99000
0.09060197,0.24617131,1.0454843,7.633254,1.135783,86900
9.238932,0.590431,2.2383711,7.0342813,3.4855442,365000
-0.34129897,0.9005816,1.2226937,4.216011,3.1857893,81570
8.512762,0.50240993,1.6277697,7.0455594,3.8596473,287000
9.860404,0.44920263,2.0761483,6.786837,3.402945,114900
1.082377,0.21790482,0.78034973,7.85822,3.6141107,245000
0.31540397,0.17620936,1.3734642,7.99051,1.5238184,85000
9.505687,0.42418084,2.349164,6.9636517,3.1676056,154000
10.321794,0.464823,1.7706618,5.6997657,3.1478367,45800
9.916797,0.18394361,1.8204687,6.174423,3.925489,88000
-0.024435073,0.2499339,1.1558756,8.1037,2.074525,71900
1.4281946,0.68334794,2.8106704,8.170128,2.7993314,161300
1.4919958,0.69086266,1.7232375,7.8570733,3.2306938,217000
-0.23756675,-0.16928469,1.0998948,7.6730456,1.1953802,49000
0.30112147,0.18115292,1.1585355,8.527749,2.081763,165000
-0.15865134,-1.0360343,1.164633,4.1796474,1.9213235,57500
9.737559,0.43195927,2.1579087,6.5317874,2.8146317,65000
1.4054041,0.9560869,1.906557,7.6438613,2.8691738,165200
-0.05653724,0.1128326,0.72255987,8.400375,1.3873557,67000
1.0043952,0.19340415,1.3485676,8.431785,3.358371,160000
2.4031668,0.5547293,1.5299981,7.4357677,3.9882743,720000
10.188949,0.63907194,1.8392811,5.9190125,3.1044135,36399
10.023883,-0.059051204,1.9257655,6.2377305,3.0505016,124000
10.308846,0.5706291,1.7812744,5.705523,3.245627,88000
-0.15843968,-1.0234334,1.1450727,4.1796007,1.9110917,67500
0.74941254,-0.3617646,0.8303308,5.1461945,4.054703,166999
8.499691,0.640884,1.5095029,6.8813734,3.7679389,315000
-0.50899726,0.92755,1.2683616,4.0451603,3.3271043,82500
10.061625,0.5850938,2.029832,6.8209443,3.3318253,92900
9.1872,-0.045888755,1.8948082,5.6735883,4.114122,73780
10.326482,0.41925392,1.4287668,6.82314,3.4897346,75000
9.690434,0.30725688,2.1408937,6.952388,3.410273,114000
-0.39506254,1.0277051,1.2225789,4.1864815,3.0811303,71470
9.701477,0.38781852,2.1088953,6.9223766,3.4931812,240000
7.960557,0.1963854,1.8453434,6.9191675,3.1173074,239700
10.046706,-0.5143849,2.0408857,5.969028,3.9000218,69000
9.21811,0.21967007,2.136102,6.614463,3.4250722,164990
0.5586608,0.3284545,1.5960268,8.205833,1.6235539,93000
8.580782,0.36506385,1.738568,6.8392425,3.5637076,389650
7.977166,0.2926225,1.8154902,7.0334997,3.3165984,767995
9.833763,0.53400284,0.9302385,6.6938105,3.2657647,155000
8.547783,0.6469762,1.5931209,6.38105,3.4388626,420000
2.6661537,0.42675513,1.8290842,7.2016916,2.9104445,360000
7.916614,0.422263,1.9836335,6.5882344,3.0424948,380000
7.853494,0.40397167,1.996252,6.6119976,3.0261962,700000
8.579429,0.40396735,1.9122522,6.9041467,3.683505,284000
8.380589,0.5135865,1.618851,7.0044894,3.722152,530000
8.6949215,0.7994867,1.1175863,6.224267,3.5000434,110000
8.331352,0.42546803,1.8215815,6.4921474,3.097089,275000
0.9528979,0.46040624,2.0254402,8.060453,2.1505604,46900
-0.42976215,0.8825746,1.1352115,3.9668965,3.3250225,104500
-0.7472806,0.10406732,0.67356706,7.7796164,1.909062,119899
9.471092,0.16749184,1.4913296,7.6642385,3.5340772,95000
0.05504626,0.06440564,1.4385532,4.824309,3.2026546,124985
8.99207,1.0377672,2.7760627,5.8819156,3.3929744,114999
8.970152,1.0256639,2.7344685,5.933879,3.413583,114998
10.312513,0.25561813,1.5937512,6.438318,3.4787257,119000
9.128109,0.63558143,1.570592,5.8732347,3.3653874,79999
0.8467705,0.1154849,1.0091581,8.317846,3.6913617,161000
0.09367011,-0.026934555,1.2982805,7.888533,1.3915226,65000
8.912354,0.72662944,2.461722,5.7041373,3.9414916,116000
10.479748,0.3014864,0.87978333,6.6934123,2.9484148,121990
9.414573,-0.22878072,2.1997006,6.9431663,4.039022,165000
10.60304,0.59620595,1.5514641,7.0654745,3.3287556,105000
9.80571,0.40506554,2.1613343,6.4781284,2.8331378,73500
9.294896,0.26105547,1.9738729,5.6446247,3.8027735,49900
10.39685,0.6394175,1.834931,6.828668,3.0452557,59900
2.3937817,1.5371432,-0.10284886,5.756709,1.9230497,50500
9.314676,0.090291604,1.822112,5.495872,3.9944117,67000
8.664773,0.55894464,2.0614507,6.6634884,3.5740871,129999
10.494741,0.5406675,1.5933368,6.8462973,3.196229,98000
0.80909747,0.0004951029,0.99773914,8.429934,3.6572514,120000
0.67520475,-0.19828819,0.8364108,7.7564754,2.978316,340000
8.007911,1.0051357,1.2639523,6.4270577,3.151714,159999
10.477564,0.6278216,1.7210034,7.7239757,3.341306,300000
2.3591778,1.4080774,0.08195218,5.6840816,2.2548668,77000
8.44374,0.4869622,1.7988535,6.28885,3.0311797,237526
-0.053299647,0.27088577,2.0326407,4.945431,3.9569094,109800
2.3421814,0.8441091,1.3524708,7.241773,3.6810484,520000
7.9314137,0.41549423,1.9845636,6.4968534,2.9441764,197000
9.539588,0.18065368,1.3960437,7.7805047,3.5871603,130000
1.1490272,-0.15240154,1.0598712,8.400635,3.7282197,164000
9.350608,0.22857383,1.856219,5.501987,3.8974993,35500
8.908412,0.58743733,1.652396,6.003313,3.4153736,50000
9.2932825,0.13852704,1.8154782,5.6857862,3.9130685,82800
2.4056299,1.4752648,-0.018359207,5.775011,1.9644288,52000
0.54187244,-0.24540122,1.2711977,5.42786,3.7015028,147920
-0.048062198,0.18638104,0.71648294,7.941117,1.1055073,62500
-0.4817799,-0.14714113,0.73420143,8.057649,2.1822321,96990
9.859239,-0.11969205,2.0454347,6.4880786,4.2726593,128500
9.376902,-0.35631293,2.248978,6.949037,3.9994674,165000
8.782075,0.3221242,1.2700099,6.8380136,3.5490847,165000
0.7302851,-0.16800003,0.92509556,8.212685,3.6816864,121000
7.958179,0.40622503,1.9598951,6.536205,2.9822333,187000
2.0412707,0.77687895,0.7140531,6.4242983,1.950944,145000
10.379034,0.66118246,1.86776,6.7828264,2.9338248,67000
9.247775,-0.18170516,1.8263295,7.707455,3.290227,116999
10.521535,0.30616817,1.0689076,6.6326666,2.9123013,91900
9.505309,0.088927515,1.3690338,7.916304,3.5583386,117999
10.283689,0.2236761,1.7474647,6.4704823,2.8084033,144900
1.6001701,0.45241758,3.2764468,8.205986,3.1961212,137040
9.320191,-0.033575103,1.6343812,7.677307,3.4645078,131999
8.036606,0.4161242,1.6920176,7.205983,3.6435764,650000
8.791303,0.23993328,1.3135198,6.7914443,3.4131386,325000
8.715951,0.2416971,0.833213,6.242134,3.3298175,56999
8.717424,0.24262321,0.97417736,6.320616,3.404533,61999
9.142433,0.36919942,2.1757078,6.7755265,3.3925357,164999
10.062599,-0.026154282,1.2331203,6.2944407,2.47844,98900
10.065391,-0.024896549,1.237718,6.2999134,2.4773042,114999
-0.18830408,0.40909186,1.1558803,7.934191,1.9542941,122000
10.067078,-0.016680483,1.2381,6.3111167,2.4945967,136900
9.330071,0.03296101,1.5394702,7.631085,3.5189195,136900
9.339037,-0.036185667,1.5887982,7.7142367,3.4698758,134900
9.260287,-0.16986959,1.8106625,7.7055693,3.3085623,116999
10.069529,0.0034299695,1.256836,6.3223085,2.5281277,81999
10.065075,-0.0536453,1.2352468,6.276575,2.4558184,94900
8.845181,0.38910413,1.0107964,6.306155,3.3097198,134900
10.42791,0.26175055,1.0905122,6.549596,2.8607652,99900
10.558411,0.30461487,0.9489419,6.628713,2.860777,116900
0.08020021,0.19711334,1.1421509,8.457975,2.0637429,133000
1.9219675,0.9116085,1.1510521,7.1495,3.3371143,299000
1.4405425,0.7200977,3.3517396,8.543582,2.5721116,92279
2.3133812,0.97322,1.2041568,7.0058365,3.6603823,245000
1.1547158,0.49388382,2.2114224,8.00374,2.4543056,106000
8.166789,0.4905218,1.6484259,7.280644,3.810765,465000
10.073353,-0.04622927,1.2365496,6.2840567,2.4494362,105000
9.220477,-0.071717136,1.8918482,5.6596284,4.083555,98700
-0.4016121,0.8765602,1.105327,3.9756498,3.3203146,68740
0.60520375,0.37273175,1.6806614,8.280589,1.6028532,69900
1.4204352,0.71810836,3.2968662,8.516948,2.6318812,80500
-0.09746434,-0.7399442,0.70002395,4.2305794,1.778586,53400
10.433504,-0.040699303,1.7422528,5.8968854,3.4037893,90000
-0.19597854,0.12058205,0.6710603,8.449351,1.7620726,195000
-0.24203931,0.22322454,0.87952536,7.9842887,1.9850655,75000
-0.20302181,0.10555834,1.1085637,8.187528,2.014239,110000
2.4862037,1.485471,-0.023646822,5.5803156,2.2130532,60000
1.4345264,0.81606036,3.6540182,8.7766695,2.4552603,113000
9.715739,0.6910542,2.4826536,6.957653,3.426438,98000
9.304459,0.16828628,2.1843877,7.2252927,3.2889686,125000
10.6428585,0.46092597,1.3399367,6.8734384,3.1819587,159936
2.0435762,1.1533605,1.6180546,6.9272213,2.5951517,285000
-0.12904996,0.19704728,0.5355358,8.203884,1.1960645,88000
0.7002934,-0.4042682,0.82748866,5.104302,3.8358328,128000
1.1974627,0.38448796,2.0366948,8.075002,2.8916218,162000
-0.16812278,-0.993607,1.125038,4.2059355,1.8819093,57000
-0.5474428,0.25440198,0.17404027,9.03213,1.468697,117500
10.45231,0.018333836,1.7013443,6.1417637,3.6028557,73600
9.186971,-0.07985368,1.9373502,5.802467,4.1602387,118000
0.9324788,0.012055738,0.93005556,5.5366745,4.461894,125900
-0.44665274,0.94175994,1.1426347,3.963116,3.261443,95000
0.79569244,-0.046488944,0.8726043,5.290322,4.576006,98280
0.54772687,0.36275926,1.632903,8.243342,2.0772645,89000
-0.3202472,0.82147175,1.0467507,4.004334,3.329422,68740
10.356846,0.24669836,0.9962386,6.5427957,2.8027356,125000
1.183341,0.22646883,1.59233,8.413247,3.2131987,247000
-0.091217965,-0.73228747,0.7174545,4.2452393,1.7833211,60825
9.324752,0.6783336,1.8487194,6.1310115,3.408937,84000
1.0617999,-0.11389652,0.9248144,5.5460324,4.768651,189000
-0.47219196,0.9042668,1.1489211,3.9315429,3.3349369,104500
0.14623515,0.26075304,1.4247211,8.261497,2.0705729,113500
0.3903966,0.26207316,1.3142822,8.421385,2.0880384,230000
8.651103,0.5511781,1.9155569,6.7635875,3.6952353,275000
1.6707969,1.1648235,0.67883444,6.528549,2.003252,117500
0.92137986,0.028188528,0.89729625,5.506464,4.4569097,135000
2.8769364,0.24158655,1.8668683,7.081449,2.4577549,71990
4.2386985,2.209916,1.5006189,6.941092,4.2873707,280000
4.1461,1.6293733,1.717213,6.983267,3.3886418,186000
1.8348294,1.2498895,0.95980346,6.697783,2.498003,160000
1.4310284,0.8263973,3.6758847,8.798447,2.4419458,76264
9.426711,0.013469016,2.1020365,6.4160333,3.5621705,92000
4.258667,2.1437674,1.467909,7.0370345,4.3726687,795000
1.6573074,0.40417355,3.4850304,8.257024,3.4060466,118755
4.0468535,1.5566874,1.671698,7.0242023,3.4064975,247900
2.1337206,0.8398576,1.3410918,7.146485,3.434241,410000
4.166439,1.6209737,1.6964767,7.0081,3.4249816,262000
1.228093,0.7218762,1.632564,6.9412093,2.3679266,85900
1.4856722,0.6049857,1.8741243,7.200692,2.9492896,149600
10.533732,-0.16659185,1.8154144,5.9301705,3.331784,73990
4.0759435,1.6331599,1.736452,6.9786863,3.3453548,109000
1.3153182,0.7613683,1.7114767,6.95422,2.474375,103100
2.823336,1.3791084,1.304059,7.0323887,3.050871,279900
4.0664625,1.6251912,1.7318138,6.980547,3.3371463,119000
-0.8504942,0.04779309,0.66946095,7.885506,1.9385374,74000
4.190015,2.229593,1.4653578,6.9550824,4.346164,161000
8.211067,0.5331891,1.4900496,7.220789,3.832594,485000
-0.95967054,-0.041056663,0.56264555,7.8149934,2.028208,73000
2.2986112,0.5617666,1.495622,7.2969966,3.833499,530000
-0.8843107,0.022567786,0.65440977,7.8698044,1.9526802,74000
-0.9375184,-0.03166467,0.5905521,7.8376536,2.0105343,73000
2.0365064,1.070454,1.48173,6.939712,2.7897325,260000
9.176916,0.57139635,2.0777617,5.8254404,3.649288,135000
10.145321,0.57306856,2.0105605,6.70505,2.9179578,124800
8.097326,0.87044835,1.5167347,6.7487082,3.4307942,259999
1.4343244,0.860359,3.7483444,8.8640995,2.3978362,85819
1.6630672,0.39738598,3.500419,8.252745,3.4270976,130200
1.6076202,0.39734167,3.4829903,8.125384,3.4585202,179938
1.6523515,0.3980113,3.4868863,8.23194,3.4215522,123399
1.4482288,0.71381015,3.3556702,8.537628,2.5697186,85124
0.7155905,-0.2970048,0.04189589,8.513084,3.5854852,130000
10.009748,-0.10732006,1.9918677,6.4083753,4.192221,114000
10.108981,-0.12499665,1.9154907,6.246064,4.0688334,57000
0.7146526,-0.11271374,1.1544839,8.072295,2.9025066,126000
-0.010793899,-0.8676099,1.1279826,4.464282,2.3068688,89900
10.06531,0.4634604,1.605954,6.622672,3.5810645,100000
0.6965465,-0.41013396,0.82949036,5.103164,3.8247612,128000
9.961682,0.2275007,1.9676266,6.7587247,3.8766618,139800
0.08589541,-0.15026261,0.75795627,8.065802,2.2975132,118000
2.4444366,0.3992841,1.4436884,7.0334373,3.00755,300000
0.47660124,-0.36877158,0.8970743,4.848697,3.1224518,95000
9.385816,0.23929043,1.8806322,5.8847227,4.1547527,103600
0.3402649,-0.5452222,1.364984,5.019471,3.1952543,125000
-0.10177384,-0.2560537,0.7074478,7.930738,2.3474936,65000
0.55732536,-0.24690282,0.7706596,7.636521,3.0572333,145000
1.4214772,0.6939714,3.3439114,8.451943,2.6263604,127500
1.7597927,0.5491459,1.8759899,7.1689997,3.020349,120000
10.435404,0.64181674,1.7737787,7.1806297,3.3348632,130000
0.39493558,-0.55206823,1.2154665,4.980872,3.1557853,120000
8.957171,0.43753815,1.441669,7.4548407,3.7537947,189000
10.113308,-0.15043285,1.9218702,6.24334,4.0631394,60000
10.031014,0.38800615,1.764232,6.419265,3.4991434,125000
9.304655,0.05611238,1.9197477,5.716469,3.5956628,75000
10.056215,-0.54143685,1.9581057,5.8368917,3.8455162,75000
9.529515,-0.48114377,2.1651285,6.558622,4.4128056,179900
0.678118,-0.22658472,0.8436171,7.4297266,2.967568,239000
0.30694282,-0.08364322,0.9747553,7.9076056,2.3471186,105000
9.938385,0.5993591,2.0981576,6.7982683,3.3821046,146500
9.998341,0.23422071,1.7226762,6.2132864,2.9831636,82500
0.510723,0.26805353,1.536289,8.374499,2.167813,96900
10.413243,0.5386182,1.5066102,8.050263,3.5838146,229000
8.089799,0.44557062,1.8952248,6.516525,3.0613005,224999
9.777411,0.38867348,2.0423687,6.8612056,3.5386763,239000
0.48250556,0.30010247,1.4227393,8.452926,2.110096,75000
2.1566603,0.5613312,0.61812276,6.4570484,2.6697297,184900
0.26532465,0.22051802,1.3308125,5.3806114,2.9939427,93000
4.2955613,1.6901122,1.7034477,6.977553,3.4877343,120000
2.0254416,0.7916287,1.2566065,6.930537,2.9717085,263000
0.7156315,-0.432778,0.08954422,8.433301,3.68161,125000
10.258036,0.23986804,1.7559398,6.468598,2.7749286,89900
0.5688988,0.46073323,3.438453,6.0715847,2.9697669,105999
0.94676656,0.07974983,1.2118341,5.8631153,4.228258,149999
0.5986273,0.47264078,3.394841,6.086964,2.9661577,128999
1.1112226,0.19736435,4.6490507,7.517893,4.336334,187999
0.5988034,0.47325364,3.3796701,6.085472,2.9668684,114999
10.593049,0.5829134,1.3880174,7.958278,3.6383114,200000
0.2017309,-0.033497855,0.6876523,8.468195,2.5087662,139000
0.77128434,-0.10534077,0.87158304,5.257077,4.598272,129000
0.8175625,-0.078538015,0.8906707,5.297669,4.553758,137000
0.7893339,-0.050446115,0.89782614,5.317562,4.567213,139000
1.1157413,0.15598205,1.5328957,8.465429,3.2048984,136800
0.15506287,0.1764949,1.1051323,7.7693872,1.1685755,59900
-0.080696814,-0.0045838584,0.5794885,8.599607,2.018562,97000
2.3106637,1.1707559,1.2932154,7.030872,3.4430237,250000
2.4713717,0.5173704,1.5781753,7.3741813,3.9342608,800000
0.7746023,0.46617436,1.7265584,8.17523,2.2433908,197000
9.010896,0.583313,1.6356707,6.0266557,3.407026,158000
10.11363,0.59892595,1.924015,6.156005,3.0176451,54000
0.30734432,0.26455328,1.4673094,8.311375,2.0610974,80000
9.072269,0.7381719,2.1642256,6.6214366,3.5409317,339500
9.154318,0.7706358,2.0019011,6.181469,3.4840834,223500
9.255774,0.50606227,1.7322476,6.777397,3.7460897,105000
9.636376,-0.1944135,2.0206034,6.0906897,3.7019885,38000
9.363402,0.7007003,1.9337331,6.1860075,3.3834403,110000
-0.27911922,0.02747062,0.18368179,8.779153,1.663659,83000
0.56828517,-0.24224906,0.77738243,7.649319,3.0533915,145000
0.58831286,0.3503735,1.5348198,8.327432,2.1804922,135000
0.58333635,0.35098884,1.4999936,8.340147,2.1986365,135000
9.626386,0.10270386,2.4072547,7.165742,3.8692324,142000
8.948396,0.58815426,1.6921208,6.0154505,3.3962963,71000
1.890232,0.9702785,0.56999886,6.4575925,1.8264349,58000
0.2203218,0.21313407,1.3198067,5.3513007,2.9782863,83000
0.59167546,0.3579578,1.670842,8.257169,1.6128465,68500
0.34849685,-0.32401782,0.38994595,7.772763,3.5485325,136500
9.029583,0.6170279,1.6957828,5.977224,3.7355227,135000
1.4584725,0.7305012,3.4575121,8.616038,2.5148392,73500
9.380393,0.24813731,1.8767507,5.8866353,4.1266847,105000
8.998375,1.0301882,2.7734294,5.878086,3.3935554,73550
1.1944788,0.22025603,1.6230805,8.448028,3.2243671,242900
9.128622,0.24171762,2.081408,7.091747,3.8850932,235000
10.217102,0.3036775,1.225561,6.589115,2.9952972,95000
8.322653,0.4972157,1.461885,7.1133413,3.8323174,449000
1.3837385,0.75926703,3.3282819,8.568538,2.641696,93400
-0.3109112,0.49460316,1.7525285,4.773401,3.5467687,80600
1.1168883,-0.21990798,3.978131,6.376414,3.428415,119835
0.46848285,-0.35809004,0.88803303,4.830205,3.1082397,120000
-0.20113946,0.42056218,1.8692272,4.8494053,3.7037878,100800
4.150823,1.5975605,1.7014656,6.974271,3.4014637,153000
-0.2529715,0.45052776,1.8757256,4.8227024,3.6766627,76500
9.388043,0.38154575,2.3130682,7.031933,3.2164204,220000
-0.17788161,-1.0343723,1.1286843,4.1609397,1.8826622,57800
9.324184,0.7251257,1.968062,6.2763023,3.4019217,168000
1.0818139,-0.2345895,4.0153513,6.287428,3.4216902,76033
10.434842,0.3965709,1.1169788,6.829756,3.308273,99700
-0.16283284,-1.0306115,1.1475766,4.172424,1.9019712,57500
1.0877465,-0.23493128,4.010311,6.298435,3.4244666,102479
0.48828238,0.2359069,1.4879769,8.325192,2.162412,109900
1.1010635,-0.22101691,3.9928663,6.345771,3.4233406,127272
7.9531546,0.41822994,1.9542433,6.5173144,2.9425926,330000
8.589208,0.47108704,1.5886557,6.8196754,3.7652748,295000
1.0747119,-0.023995088,0.77468014,8.2547865,3.549507,293000
9.065057,0.8662004,2.6080282,6.011633,3.2671266,74000
1.2799358,0.93154216,1.4090133,7.24632,2.5041332,204499
-0.22206832,0.22035913,0.7867399,8.498264,1.9107218,178999
0.7301864,-0.41899702,0.025268573,8.4802685,3.6729512,96890
1.0504408,0.13096522,1.497981,8.501977,3.121646,202799
8.734598,0.78372663,1.0719742,6.2182198,3.4968793,92999
8.689651,0.7618683,1.0722489,6.251314,3.5222023,130000
4.372142,1.7679976,1.6715084,6.9847217,3.64317,229000
3.1597543,0.12175303,1.8897437,7.119728,2.4921143,122000
2.4474247,0.4325518,1.6270953,7.1908927,3.2641368,677600
1.8913783,0.50552046,1.750201,7.7154546,3.6235988,478209
0.77182645,-0.068910085,0.8578143,5.2451763,4.5887656,134000
1.3016566,0.8985924,1.8848537,7.7161593,2.7217057,155000
-0.22768308,0.2565972,0.8278908,8.55291,1.9202487,89000
1.4726475,0.7047491,3.3565218,8.482577,2.575979,129000
1.3684633,0.5805583,2.578038,7.9218616,2.5653393,95000
10.603975,0.69415283,1.6950608,8.022492,3.4344587,230000
9.047952,0.9240499,2.6692681,5.961925,3.2974985,139500
-0.35019732,0.9444775,1.2004317,4.1997294,3.1503541,96500
1.2213012,0.0016089121,1.2856212,8.238459,3.5380197,180000
0.20882583,-0.07599607,0.51040196,8.271488,2.4926522,137990
9.683595,-0.49254048,2.2892835,6.4720845,4.4157434,125000
2.0687785,0.90955716,1.3292615,7.1479034,3.4776368,329999
2.0244117,0.79370105,1.5504614,7.4276376,3.4322767,244990
1.8258291,0.8237309,1.2962393,7.1560807,3.5142415,305000
0.9292441,0.08404279,0.8335568,8.268426,3.5968692,369000
2.2435393,0.6054966,1.4418471,7.4233203,3.902794,395000
3.9127114,1.5718445,1.7012168,6.9932246,3.3015637,119900
0.90840304,0.14003094,1.1934798,8.618946,3.0725896,169000
-0.21359266,-0.021692254,0.41797206,8.66199,1.9196857,116500
2.8348036,1.3640075,1.3350616,7.1017942,2.9613104,330000
0.15326852,0.26696202,1.1725492,8.454683,2.029415,110000
2.5176253,1.4533827,-0.043677896,5.626258,2.2096925,68900
10.815167,0.7102232,1.3742543,6.6844926,3.231022,73000
2.1853437,0.84451395,1.3408282,7.2128916,3.6308308,599000
10.621138,0.6362085,1.5008478,8.212558,3.6035733,235000
2.7804813,0.3322102,1.82173,7.2033715,2.9661605,635000
0.023484727,0.20485537,0.8624781,7.9036746,1.1626953,65000
4.199398,2.2308383,1.4786274,6.948119,4.3278775,174000
-0.04891431,0.18499249,0.7372115,7.950907,1.1360197,126000
4.2870717,2.1925313,1.4900403,6.973935,4.304497,249000
4.22497,2.1580741,1.426959,7.054995,4.4020185,369000
4.1738496,2.2385194,1.4628434,6.951847,4.353152,174000
4.1930866,2.2214675,1.4917978,6.9429975,4.3047795,120000
2.1822233,1.0694026,1.5901024,6.9558744,2.5361469,299000
0.5900285,-0.09942985,0.25454476,8.549875,3.306182,79000
8.424184,0.49483335,1.7605939,6.2918425,3.044238,187500
8.539876,0.6856751,1.620094,6.8960724,3.7550218,315000
8.338791,0.6755106,1.4034882,6.8863807,3.7649512,269900
0.73566604,-0.05885286,0.23594345,8.442088,3.4824822,149900
0.55982894,-0.01862009,0.67599386,8.6052885,3.0694542,218000
0.17494601,0.42497727,1.3481313,8.13703,2.0311713,119990
2.378138,0.7626441,1.412721,7.2641177,3.80003,590000
1.8290509,1.1396391,0.81670535,6.575889,2.3088355,178900
10.232447,0.44603455,1.7581552,6.4251046,3.095476,125000
8.695569,0.1881006,0.81642574,6.199639,3.375345,150000
2.132899,1.5127021,1.3468167,6.813023,3.083278,92999
10.515514,0.5010811,1.4574406,6.797044,3.1674213,182000
4.0882597,1.6289263,1.7630112,6.9609647,3.3221831,133000
2.6551638,0.6019739,1.621523,7.3185973,3.7945554,530000
2.1899123,0.5274274,1.4268698,7.4730372,3.8981721,450000
2.1363373,1.0128559,1.76744,7.1596107,2.638978,159675
0.31367347,0.44976196,1.4212972,8.145732,2.0706458,119000
9.077454,0.502572,2.286328,6.316779,2.9294968,60500
9.174994,0.05802924,2.065291,6.085066,4.1688037,72400
1.3771162,0.37534148,1.7470881,8.208357,3.2797518,399000
9.844581,0.17254888,2.3158019,7.009366,3.9692795,147900
2.1189218,1.1500101,1.6921828,7.071261,2.6620698,158675
2.1565926,0.5789255,1.4514885,7.4321346,3.8876667,425000
4.289379,2.1586456,1.4574039,7.0466986,4.4131026,464000
2.12243,0.711673,1.4879186,7.2145395,3.1768656,291730
2.076753,0.7244435,1.4429789,7.215991,3.2025847,291730
1.9746581,1.1452984,1.5362607,6.824065,2.5436502,159675
2.0028033,1.1643957,1.5486054,6.816551,2.5172126,159675
-0.5645098,0.13441224,0.67952645,7.560861,1.8900454,69000
0.82135856,-0.35917994,0.8940334,8.293839,3.5571308,139900
1.8518498,1.098209,1.5643142,6.8018208,2.4595296,159675
2.0748084,0.709554,1.4526006,7.2190533,3.1890981,291730
1.8412932,1.3209487,1.5334779,6.9587207,2.9860651,185000
1.365327,0.44157213,1.7866746,8.144359,3.2163782,295000
0.8047535,-0.062862694,0.940315,8.578109,3.672416,189000
10.264078,0.37375423,1.5992626,6.5062895,3.092449,182000
1.4668461,0.23893325,0.7460664,7.025349,3.3335683,164990
-0.073200434,0.1927004,0.6739306,7.964902,1.0805597,73900
2.0739791,1.0103619,1.250905,7.0990744,3.525489,305000
2.1199493,1.4365749,1.3311322,6.830715,3.0320761,110000
2.174108,1.4842681,1.2991633,6.8001013,3.0771875,112000
0.032247722,0.3180009,1.1757433,8.30604,1.9896506,82000
8.889822,0.66392916,2.0642548,6.7982464,3.596781,287000
2.4516842,1.1142095,1.3586619,7.1261983,3.0856316,263000
4.269377,2.1827915,1.4477304,7.0211153,4.3971014,349900
1.0689405,0.15531433,1.489916,8.491496,3.170829,115000
8.625025,0.71152997,0.9840033,6.312574,3.5359418,152000
0.77427626,-0.011739446,0.2968495,8.384134,3.4871874,159000
9.366215,0.24678132,2.1958065,7.310758,3.3986068,125000
-0.20823959,-0.15316065,0.062304907,8.749658,1.5349488,133000
10.180882,0.58018154,1.8675833,6.151556,3.0094242,71990
-0.1610994,0.22299361,0.9441631,8.344762,1.9184222,114000
2.0049803,1.1483369,1.5509423,6.795711,2.5217142,205000
9.238061,0.2291871,2.0517044,7.3368354,3.528823,120000
10.376228,0.5572239,1.778179,6.7313404,3.0099776,96000
0.70411927,-0.15215355,0.2693115,8.550215,3.491497,122000
-0.18169211,-0.0237459,0.42191732,8.628583,1.92232,105000
10.100922,0.5759949,2.0365787,6.7087274,2.960431,128000
8.571895,0.55934864,1.2035414,6.7811627,3.730384,154999
8.21155,0.7026399,1.4076442,6.9381905,3.789506,135000
8.600982,0.5666231,1.2090898,6.791445,3.773262,285000
8.636956,0.71548915,0.99769646,6.308093,3.5470858,171000
10.577542,0.6126553,1.529019,6.375085,2.9843216,93000
0.71121126,-0.13677503,0.4745839,8.511223,3.5098424,119999
4.7614765,3.6289568,1.4402511,7.018495,5.2042494,145000
1.8576736,1.2550254,1.0420829,6.711209,2.6227596,153000
8.622085,0.71832293,0.99021375,6.326815,3.555676,165000
10.257762,0.48335198,1.4695121,7.918027,3.5955985,300000
0.23279162,0.28688037,1.2477702,8.42396,2.0167809,124900
10.606457,0.47660154,1.3312714,6.8036413,3.214422,158000
9.228073,0.7427383,1.2410169,6.454482,3.4067075,139900
0.70104074,0.38749713,1.7602074,8.176501,1.8135682,133300
8.790241,0.33804718,1.8304335,7.271753,3.7154043,293000
9.90351,0.20469588,1.8501611,6.496331,3.5004756,99000
0.28187373,0.24369021,1.2174635,8.516909,2.0310612,165000
9.943458,0.17985685,1.5204659,6.087618,2.6684835,145000
0.9165783,0.119859,1.1863388,8.369369,3.450223,163000
1.9889936,1.1825166,1.5708878,6.7765856,2.4972503,168000
1.0598046,-0.15184543,1.0412847,8.468098,3.7259586,123000
0.87306166,0.07635165,1.1183871,8.410233,3.55791,130000
3.3950615,1.4419982,1.6649821,7.02987,3.1291554,175000
4.0881276,1.5702724,1.6738052,7.01509,3.4099789,255000
8.846395,0.82108545,0.9321199,6.0834103,3.386257,90000
2.2129345,0.93935156,1.374864,7.2379208,3.4888444,410000
8.030496,0.95837563,1.3146987,6.5197964,3.2515955,279000
3.9440157,1.5447214,1.7050072,7.019262,3.291622,137900
10.458609,0.64519936,1.7923859,6.936055,3.0954397,150000
0.31975633,0.23144211,1.239073,8.536274,2.0402925,120000
10.25985,0.69923913,1.8189175,5.871277,3.176351,104500
2.224883,0.8801223,1.6333541,6.8938394,2.3825238,199000
0.47186843,0.36040837,1.5090377,8.3383665,2.018123,89000
0.40268984,0.24534105,1.2985967,8.484146,1.8888605,79000
2.4815018,0.46558005,1.6258467,7.3045382,3.6910293,800000
2.4198651,0.5233899,1.5309032,7.268966,3.632557,800000
0.08849256,0.3970887,1.2983122,8.17981,1.9675138,179000
0.1518965,0.3976571,1.3946347,8.162059,1.9836067,148000
9.966022,0.24667086,1.9452056,6.3702083,2.7621338,142000
10.624054,0.70309335,1.692893,7.989257,3.4339032,175000
0.7495175,-0.040218856,0.22836377,8.41828,3.4697819,170000
0.75614107,-0.09930088,0.85844445,8.353631,3.577438,129999
10.3296995,0.41209468,1.6167812,6.5242457,3.1007953,109000
10.609237,0.4577103,1.3327299,6.8185515,3.1670742,90000
9.676931,-0.4877264,2.2001355,6.381661,4.266247,98000
4.191086,2.2420185,1.4634997,6.9535007,4.3565745,255000
0.3234808,0.23456748,1.2367392,8.544178,2.054744,145000
0.4268539,0.24635604,1.4219539,8.246453,1.7303158,100000
2.324898,0.6646262,1.4407266,7.345737,3.874839,430000
0.64987046,-0.32531077,1.0619334,5.3958077,3.785581,228000
10.622392,0.54271615,1.3724254,6.83652,3.2760203,145000
0.51976705,-0.29819757,1.1426458,5.3712344,3.4457047,225500
0.5683273,-0.24690078,0.7811769,7.625154,3.0563843,142900
1.5518816,0.5846798,1.1989609,7.3549414,3.4616528,205000
0.17049775,0.1751857,1.0894797,8.523579,2.0307403,165000
1.9876876,1.0956311,1.5567513,6.818445,2.4479275,159675
9.520599,-0.2671563,2.2201993,6.3090305,4.3648195,160000
0.86526835,-0.34169626,1.073313,8.454785,3.5417175,117000
2.3467221,0.82196087,1.362852,7.229026,3.754914,229000
1.1511706,0.24864258,1.5672884,8.402245,3.2263815,160000
2.4276025,0.54076666,1.6560718,7.204242,3.0490859,289000
2.43977,0.31769,1.7417243,7.316832,3.4683316,591180
2.467393,0.36227676,1.638456,7.2202964,3.2886643,360050
2.4380953,1.0004172,1.661171,7.2565913,2.9396024,216350
2.3729777,1.0880578,1.6894655,7.1066628,2.678941,159675
10.040509,0.20318381,1.7980086,6.553477,3.8113456,130000
2.5650797,0.8441396,1.406511,7.2164245,3.7082577,539000
3.2212398,0.11137243,1.9385978,7.150722,2.5211504,722000
2.3003154,0.59525007,1.4641186,7.3760686,3.8214371,680000
1.958593,1.1873618,1.5045543,6.8115187,2.5615315,204900
0.4236305,0.2717828,1.3524147,8.493735,2.0821567,124000
0.19911592,0.38061702,1.3428748,8.254198,1.992401,134000
-0.12211605,0.020819206,1.0660794,8.244306,2.0050325,78000
2.511738,0.41506428,1.6516998,7.3603845,3.7909734,699000
2.5021493,1.4518394,-0.025663633,5.6679134,2.185362,78000
-0.33871526,0.04232986,0.43268865,8.737665,1.7283016,124000
10.400794,0.6096004,1.8124206,6.695598,2.9846132,85000
2.1636112,0.5120578,1.5924523,7.4238124,3.867413,465000
1.8173383,0.67264163,1.4687222,7.437498,3.590451,284400
9.530449,0.18791068,1.3701735,7.799578,3.6191819,127000
1.8948066,0.6130637,1.4345207,7.429813,3.7748046,289900
2.3168464,0.89963776,1.3363268,7.201701,3.6938915,339900
-0.18856946,0.15243451,0.75274736,8.450926,1.7757215,129500
1.0777144,0.6538942,1.7820362,7.8463707,2.4006639,187000
1.5656034,1.1057696,1.559048,7.0121193,2.6906905,190000
0.76274246,0.6414905,1.6218041,7.5221305,2.4096224,189000
9.285066,0.47540885,1.6742606,5.962404,3.5592668,135000
10.266953,0.52844244,1.7834461,6.627948,3.0000691,138000
0.77707386,-0.2993399,0.9746647,8.31503,3.515632,137000
8.148182,0.54130065,1.5092947,7.2431793,3.8631485,249000
2.7856328,1.3565699,1.2237632,6.9759974,3.1630275,235000
2.1609454,1.5130872,1.2931304,6.784877,3.098919,128000
2.531501,1.5323242,-0.098636314,5.69923,2.0588617,110400
1.946101,1.1987104,0.3966314,6.234624,2.2760296,174900
1.9268028,1.2487165,0.3916893,6.258905,2.3398418,168000
8.17326,0.912576,1.5616683,6.8974648,3.8723273,169000
-0.21462905,-0.14993258,1.0919071,7.6856585,1.2113006,49000
2.8089473,1.3439603,1.2384791,6.990907,3.169893,279900
-0.09948187,0.10443837,0.77803046,8.454823,1.9474916,94999
10.388925,0.5952107,1.7316215,7.876731,3.433034,186000
2.2890146,1.0100915,1.3061439,7.125436,3.6493268,210230
2.2148666,1.1136651,1.2921914,7.0441275,3.476418,177522
9.867895,0.55139387,0.8967712,6.7061653,3.2596695,214000
2.0849478,1.5017401,1.3556129,6.825365,3.0651953,136385
4.246071,2.2632263,1.5168185,6.9047546,4.2910476,119900
3.0642529,0.21110314,1.8816915,7.1124597,2.5212681,149000
0.1391882,0.23765232,1.1186483,8.482259,2.0205028,75000
0.8593963,-0.2793869,1.0566972,8.466828,3.5493834,143000
-0.34323856,0.050536778,0.4484622,8.74382,1.7492026,108000
0.9711259,0.4089546,2.0029924,8.0469055,2.3882165,195000
2.2849605,0.85064405,1.3664492,7.24117,3.7371652,495000
9.978484,-0.5016393,1.9723365,5.9543834,3.8619843,41500
2.0038097,0.9336326,1.3587726,7.214246,3.555945,328000
1.8923005,1.344973,1.4703066,6.9068756,2.9711292,229000
9.568424,0.58575594,1.2645686,6.4651074,3.2578313,144900
3.0427322,1.63285,1.3029939,7.1139297,2.7315118,104900
2.6117277,0.9910999,1.6509445,7.2359905,3.0061789,289000
0.831003,-0.13734844,0.99559534,8.53259,3.634311,99990
3.6787758,1.5178652,1.6740096,7.007823,3.2358017,137900
1.1145391,0.22698694,1.5696448,8.43008,3.1451669,174900
9.919201,0.467594,1.0165721,6.6501336,3.188772,155000
10.515478,0.64129406,1.7032299,7.7428293,3.360118,460000
10.300424,0.54906183,1.840476,6.6888194,3.0282924,124900
1.9401819,1.2476528,0.38878542,6.2234125,2.3205805,146000
1.923606,1.255328,0.40578422,6.267616,2.347612,139000
1.7567117,0.80267584,1.267833,7.1988645,3.5536919,277000
2.04717,1.008993,1.2483795,7.0928783,3.498476,247500
2.7883303,1.3486065,1.2484132,7.003198,3.1705308,449990
10.231054,0.56721956,1.8439745,6.229836,3.038576,58000
8.3227625,0.52458876,1.5225639,7.06354,3.7701256,595000
2.345554,0.735821,1.4230404,7.30408,3.820149,537700
-0.17490222,0.00071634754,0.6228407,8.478844,2.0244262,152990
4.603937,2.2397614,1.4693068,6.9590864,4.4018393,329000
4.7793283,1.6280246,1.6922331,6.9255323,3.5304513,250000
4.6104503,2.234794,1.4722077,6.9471755,4.3876033,110000
4.6115828,2.2413874,1.4641402,6.960994,4.409758,406000
10.720256,0.69631267,1.5056349,8.28112,3.6241448,273000
4.25571,1.7005289,1.7087499,6.9796023,3.4787068,120000
2.3755717,0.5114963,1.5472102,7.3740835,3.7407196,850000
2.742496,1.3151597,1.3288316,7.095886,3.0595922,224480
2.8064768,1.3498704,1.1749778,6.9091997,3.1295483,187000
2.068576,1.1604096,1.6069992,6.9168468,2.5872483,265000
0.2055637,0.4287972,1.4861456,8.075543,2.0470889,135000
2.024469,0.9759392,1.2651371,7.1100245,3.4695113,446000
2.6488757,0.33424824,1.7349972,7.18867,3.0032024,370000
10.346603,0.38068077,1.6416042,6.5246954,3.1053724,139500
4.311078,2.1715932,1.499786,6.988442,4.294229,312000
1.1339887,0.20774771,1.5584993,8.439796,3.1876264,174900
0.9598335,0.601645,1.7952456,8.0422125,2.4094427,299900
4.2043843,1.6629977,1.7162539,6.9824367,3.4245837,170000
8.461199,0.798244,1.2736536,6.3300953,3.4041405,260000
4.633233,1.564975,1.6842777,6.956537,3.503905,500000
1.4618167,1.1305287,1.5577332,7.024566,2.6312196,161200
9.015246,0.7633159,1.8479383,5.9959717,3.5550292,233500
9.024358,0.7093402,1.8102784,6.040679,3.4155104,163000
3.9655023,1.5972023,1.7163783,6.986231,3.3112433,115000
0.43080494,0.25558245,1.373348,8.476399,2.0947292,92000
1.8241682,1.1523069,0.84194237,6.6044807,2.3045077,176900
0.25284955,0.20563503,1.2778299,8.376168,2.0651588,150000
10.649685,0.49081272,1.3442978,6.881493,3.2146652,165000
-0.066625915,0.09112665,0.76229376,8.500029,1.9248688,97999
4.200316,1.6559274,1.7166195,6.9807425,3.4184725,157000
0.8790851,0.00782271,1.0541246,5.5798297,4.364553,130000
2.087922,0.6409929,1.4207469,7.4214325,3.839237,420000
1.8895587,0.8976178,1.4344088,7.2880883,3.4895093,240000
1.9543386,0.9007332,1.4514081,7.26211,3.46349,220000
8.144721,1.0088103,1.6008419,6.8499928,3.8994355,210000
-0.25937495,0.1613211,0.6643311,8.498885,1.6552867,133900
3.4393585,1.4674996,1.6560646,7.0303974,3.1680448,160000
3.0155008,1.7269406,1.5325115,7.041841,3.98486,148500
8.267909,0.42077306,1.8313019,6.8971367,3.3385317,300000
8.021204,0.9793333,1.324282,6.5037665,3.2173636,198200
8.014889,0.98869145,1.3036599,6.4633594,3.1903534,154800
7.999779,1.0020249,1.2849231,6.4585433,3.1736398,147200
8.635419,0.30562657,1.3005242,6.36293,2.8303134,133400
2.6573098,0.953676,1.6522493,7.238764,3.0166771,267000
2.0765932,1.4941081,1.3466352,6.8232703,3.0667021,136300
1.4245249,1.1159986,1.6046097,7.04485,2.6886916,106485
1.4682002,1.1188943,1.5795258,7.057048,2.654522,97743
1.4060854,1.1683755,1.5972823,7.07986,2.7146857,167087
9.052337,0.8265054,1.4310391,5.7346783,3.3391962,78461
8.598486,0.6329347,1.878247,6.9259076,3.6804917,355000
1.1999336,0.31013754,1.5889089,8.352492,3.21848,270000
1.6941118,0.7707703,1.4812222,7.475968,3.461298,264000
1.4754503,1.112642,1.6066868,7.101603,2.7457767,185500
1.4276905,1.1133084,1.5868481,7.0556374,2.7564194,218000
2.7233179,1.2271471,1.4050349,7.1222057,3.0215383,216000
2.8059435,1.4099332,1.3539786,7.066161,2.8883216,147000
1.8903311,1.285851,1.4461257,6.9083962,2.844425,344990
10.3688965,0.38678843,1.5790368,6.5669074,3.0801818,85000
4.2181005,1.682395,1.7134007,6.980365,3.4445732,116000
0.03797565,0.33610335,1.3636878,8.18754,1.8519497,112000
2.1133478,1.0743715,1.5933062,6.9162517,2.5631754,229000
4.2812963,1.6961076,1.6865501,6.990974,3.5278752,189900
2.139286,0.57014894,1.4116842,7.4278865,3.8484907,475000
4.369654,2.0763388,1.5561935,7.0520697,4.2259645,320000
1.9497762,1.1567702,1.5366741,6.810863,2.531023,208000
10.471929,0.61171484,1.6769242,7.716167,3.3865743,215000
0.57676315,0.35803106,1.568078,8.19582,1.733239,98900
2.6573114,0.4818325,1.8177538,7.1762266,2.814497,345000
2.0777764,1.4894458,1.369033,6.8261933,3.072705,200000
0.8787898,0.41296384,1.4939082,8.6026945,2.6799045,148000
0.75262684,-0.108268686,0.89527607,8.4172325,3.596226,125000
2.1594634,1.0313873,1.6372442,6.993415,2.5338078,265000
0.5878587,0.38193303,1.6240642,8.197837,2.1867208,118900
1.2495644,0.14548732,1.4131019,7.973347,3.3367488,550000
-0.40548983,0.56326336,1.8417414,4.714851,3.524706,106000
4.2534747,1.6974323,1.7086275,6.980464,3.4768946,180000
2.0103316,0.57397735,1.4951435,7.434846,3.8132336,385000
1.1314024,0.26480162,1.2534858,8.12562,3.4481747,280000
4.3933764,1.8743049,1.6526297,6.980931,3.7731822,335000
0.95427287,0.15217274,1.1109357,8.350384,3.4972925,320000
2.3932898,0.5179324,1.5337377,7.373917,3.9602997,550000
0.8036387,-0.32324213,0.47823367,8.323775,3.6049173,129900
2.3125906,0.5802892,1.4910101,7.295971,3.8828664,550000
-0.16700956,0.057226498,0.7404164,8.40112,2.014926,168000
10.379806,0.54183495,1.5697249,7.9651046,3.5689704,255000
2.1035268,1.5148679,1.3587998,6.8274493,3.0660627,154422
1.5773102,0.69172436,1.6617683,7.8130746,3.324398,470000
1.5841838,0.52803075,1.6216128,7.9448714,3.4459887,570000
2.762315,1.3309265,1.2590483,7.02306,3.171983,250000
2.7274616,1.3499916,1.2725365,7.0096273,3.1353526,165000
2.402543,0.2746134,1.7326784,7.221796,3.2953646,344200
-0.35487884,0.504615,1.7804474,4.779128,3.415978,103000
9.825819,0.5296817,0.94000036,6.671932,3.245726,179000
1.5871212,0.96256846,1.6072433,6.887038,2.5088062,155855
2.3862224,0.309795,1.568838,7.1404877,3.1978838,323000
1.6962156,1.0771344,1.5111996,6.85679,2.6503592,178280
2.4071941,0.32000127,1.5842835,7.1521297,3.228533,329000
2.3166692,1.0380328,1.3471793,7.1731844,3.6114569,340000
8.634778,0.51362544,1.8262006,6.841068,3.8234653,287000
2.3883185,0.35886455,1.5181239,7.089143,3.1028483,225400
1.7953409,0.64494973,1.3625885,7.2698374,3.251551,214400
1.6205943,0.52762276,1.2070302,7.387558,3.374507,195000
1.7299854,0.9869096,1.513905,6.8332586,2.3793423,111395
1.7098284,1.0213375,1.5278311,6.851862,2.4034927,102600
1.9255507,0.46029016,1.7332636,7.756707,3.6285017,595000
10.317677,0.50795704,1.5894701,7.9253483,3.5250943,109900
-0.2919427,0.057248116,0.4430053,8.5786495,1.5434244,120000
1.9151483,1.2892132,0.41631022,6.2515974,2.3504403,139000
1.3280858,0.53185385,2.6198962,8.041959,2.5783484,240000
1.9115188,1.3005946,1.4258767,6.911208,2.8571248,281500
0.5745855,-0.057865605,0.70579284,8.576355,3.1779535,97000
-0.2610301,-0.007379031,0.43520182,8.688933,1.8530374,124000
2.6555693,1.0224,1.6347089,7.233662,3.0121896,279900
1.9004825,0.45869714,1.6933832,7.779756,3.6114452,525000
0.3833903,0.23757473,1.3369606,8.36701,1.9095854,124900
2.0940146,1.5235868,1.36305,6.8224306,3.0520978,129000
1.8454974,0.8688985,1.5557619,6.829737,2.352235,259999
4.3444357,2.1550398,1.541561,6.9826446,4.227866,306502
2.261461,0.14969946,1.5891342,7.18667,3.2273235,464900
1.9821666,0.9683266,1.6038717,6.864246,2.3656452,172000
10.597161,0.6705781,1.7150688,7.575947,3.2873292,249000
10.611716,0.5782341,1.4309511,6.793526,3.2995143,189000
3.91084,1.5912088,1.7318271,6.975881,3.2594223,130000
0.057748526,0.05465944,0.72937703,8.129783,1.6951507,130000
2.1146276,0.949964,1.3444138,7.179586,3.5222213,500000
2.7938597,1.3645484,1.2913271,7.050011,3.0921447,214600
2.8760078,1.409326,1.3152069,7.0463104,3.0528078,164338
2.3185236,0.8472884,1.3780221,7.2292547,3.7364905,310300
2.4973137,0.5344665,1.5588926,7.345549,3.9158401,520000
0.319784,0.22191082,1.2880567,8.423946,2.037625,155500
9.724287,0.67589843,2.4784667,6.951297,3.4414055,99000
10.053217,0.43516478,1.0872974,6.626487,3.1112251,185000
1.3963785,0.61617744,3.0462785,8.284771,2.5274506,74000
0.8707114,0.10020309,1.0096486,8.610409,3.1507814,230000
2.1792037,0.8705374,1.2373887,6.710521,2.236714,220000
3.1905744,0.12881175,1.9138336,7.134526,2.5120509,330000
8.017956,0.99505764,1.2701921,6.421026,3.1394694,190000
9.177145,-0.053569462,2.008579,6.1117563,4.253056,127000
1.3594655,0.7007324,3.0405118,8.407362,2.7535155,142000
1.0951788,0.21687225,1.5123093,8.496519,3.235642,149900
-0.2595362,-0.18190932,1.0933745,7.673545,1.1917852,49000
-0.06263498,0.2946037,1.9933804,4.9485917,3.9035547,109000
10.397966,-0.008986802,1.7638372,5.912752,3.4135945,85000
1.5704653,0.48883647,2.8542097,8.099155,3.2627928,209000
1.5202723,1.1112338,1.3313864,6.7611265,2.6884553,209900
2.6559567,0.9838095,1.6935132,7.269808,3.0704942,250000
10.067674,0.5688878,1.9723115,6.4952736,3.0811534,120000
0.7997554,0.61990196,1.4672209,6.2578893,2.551739,90000
0.62300265,0.3891909,1.5716484,8.318411,2.1879883,144000
2.1322136,0.59312433,0.6884572,6.4744835,2.3302388,199000
9.219499,0.6237943,2.2501867,6.7829776,3.4569674,249000
9.312813,0.1031248,1.8055052,5.653358,3.9075975,74000
3.1340978,0.17326663,1.929672,7.1596,2.55494,242840
4.3443694,2.0914755,1.557793,7.056581,4.231187,695000
2.34318,0.8029428,1.3353208,7.252478,3.7189128,485000
2.055033,1.1547202,1.6685431,7.0404444,2.6317728,172000
0.92960423,0.6119176,1.5259224,7.830162,2.2384365,75000
0.5012484,0.29183307,1.402368,8.438313,2.1511824,160000
9.921407,0.6098529,2.0433333,6.4857745,3.1634078,169900
10.192584,0.41562742,1.8791771,6.423606,3.0938063,99500
0.63134044,-0.054225493,0.23584679,8.715442,3.4378664,119000
9.034054,0.6331322,1.8319477,5.9807215,3.484851,179998
0.24313268,-0.16550945,0.66024566,8.067234,2.2415965,93900
8.504654,0.5006125,1.7689245,6.861646,3.6785493,450000
9.910634,-0.34634423,1.9907233,6.066209,3.3371189,57000
-0.3015718,0.13260718,0.93379027,8.075176,2.123159,250000
2.7134292,-0.0032129611,1.8401936,7.3059874,2.5924964,220000
0.7841567,0.49115893,1.7371222,8.225479,2.249874,245000
0.44025844,0.24047646,1.3375537,8.521223,2.126394,98000
9.723473,-0.50226265,2.3569725,6.5499935,4.478356,124900
1.2829906,0.7564675,1.5982547,6.967762,2.284631,85900
9.32913,-0.11810423,1.92027,6.1896453,3.810904,125000
0.94956076,0.06520964,0.7801297,7.9286275,3.9480932,149900
9.170723,-0.10187674,1.9682082,5.984395,4.238314,148000
9.005572,0.7405372,2.090263,6.5901623,3.5712879,155000
9.356464,-0.2986605,1.9630588,6.2110424,4.194724,125000
10.019677,0.59880507,2.1040063,6.964469,3.4588752,99000
2.4538631,1.5211202,-0.06310156,5.735569,1.9845103,53900
2.4318423,0.8547164,1.7258292,7.1344543,2.700591,225000
0.5775025,0.34661952,1.6507427,8.2500515,1.6063058,60000
10.668781,0.61113346,1.4705243,7.1685886,3.3739963,45000
10.609378,0.3208269,0.9595024,6.61497,2.8533463,92800
8.997417,0.7975876,1.8194196,6.032347,3.5052192,67900
0.55230385,-0.45166385,0.8762023,4.9665985,3.111533,120000
-0.39059025,0.8576582,1.0944883,3.9677024,3.33082,117800
-0.2308585,-0.09139065,0.118383355,8.741435,1.5639323,83000
4.5314307,2.2245278,1.4806089,6.957762,4.3677473,146500
10.211026,-0.53300065,1.9691557,5.9101324,3.9855912,80000
8.997847,1.0360805,2.770572,5.8873215,3.3916798,111999
0.5428007,0.23583259,1.295007,8.583538,2.332004,240000
-0.38647032,0.9958731,1.1796972,4.135186,3.138961,76700
0.8033012,-0.088338315,0.92970854,5.3327594,4.6169662,110000
-0.40829805,0.7393917,1.6354635,4.587861,3.352651,110000
-0.302543,0.12067401,0.8194913,7.637851,1.4549607,58450
10.305753,0.23980233,1.0389814,6.556205,2.8418083,124000
9.547533,-0.47213498,2.1453824,6.533332,4.4451866,130000
8.848477,0.65727425,2.1012273,6.688898,3.6160765,165000
10.196139,0.60985476,1.9592261,6.796031,3.1896698,124990
9.66475,-0.55243295,2.315379,6.450345,4.4710264,125000
8.761933,1.1405126,2.9565992,5.9803534,3.5537229,175207
9.627145,-0.727216,2.4887943,6.914093,4.3986697,124988
10.570099,0.5486863,1.3384497,7.900746,3.6603026,168000
1.3664932,0.88749814,1.8326607,7.692065,2.9046116,265500
8.122431,0.54467595,1.6850247,7.2265663,3.790832,675000
8.815507,1.1277958,2.918882,5.9696465,3.5149364,160000
9.355352,0.13982932,1.7943178,5.4932423,3.9593344,67000
1.4937695,0.73590046,1.7311519,7.812427,3.2279177,319500
-0.064741425,0.29894406,2.000064,4.965584,3.9619484,112700
2.460769,1.1130936,1.6643275,7.1027913,2.664985,229000
8.994679,0.4142843,1.859973,7.1313534,3.4796958,104900
0.5370394,0.34896967,1.5960164,8.269136,2.1032822,137000
9.265239,0.81344515,2.3203387,6.111906,3.4849505,127500
0.55838394,-0.25265038,0.76560485,7.6409826,3.0780041,145000
10.014522,0.40710455,1.5900544,7.8799696,3.575035,405000
1.9133348,0.6380968,1.3598188,7.028285,3.0539782,295000
9.37992,0.2505855,1.8656359,5.860682,4.13882,88999
10.1524935,0.6629786,1.9978893,6.763848,3.1545608,145000
9.2895775,0.13475838,1.804326,5.6643353,3.8855538,82800
9.388813,0.25166166,1.8635402,5.9076595,4.128603,91000
0.10698336,-0.7128736,0.90640414,4.506313,2.300725,68500
-0.55618966,0.1268409,0.6571415,7.5688415,1.8889427,75000
1.6873367,0.51105726,1.2874583,7.1907997,3.4561293,252900
1.3850983,1.0324297,1.5092558,7.1370482,2.5868537,121000
4.855046,1.5672809,1.7213823,6.907535,3.451635,145000
0.6562316,-0.19294888,0.8751098,7.787848,2.9550486,134000
0.6702224,-0.25269908,0.98949516,7.8866134,3.0338113,126000
-0.48465613,0.062043164,0.59378713,7.6765175,2.020448,63000
-0.06281504,-0.6436277,0.6991063,4.3200884,1.7226874,71000
-0.00408526,0.32680088,1.3267936,8.217772,1.8597946,114900
9.8074465,0.2832472,1.4446399,7.106639,3.481262,115000
-0.5943887,0.12541306,0.6532648,7.6183243,1.8597133,83500
1.3020082,0.4715698,2.3842025,8.01096,2.7292855,139000
9.315453,0.67491454,1.834963,6.0999312,3.414289,69500
9.233628,-0.14930631,1.931374,5.6494513,4.143305,88500
1.2995099,0.5366628,2.487007,8.022354,2.598076,91610
9.349141,0.2498576,1.8970015,5.8706822,4.1765695,103600
1.6080121,0.43603405,3.3506343,8.188567,3.363718,209000
0.07153197,0.2494361,1.0163157,7.653517,1.1326516,94990
1.1432488,-0.19397694,3.9382567,6.4494095,3.4345987,148760
0.5998731,-0.24238093,0.95794374,7.8958216,2.991149,116000
10.071698,0.4562536,1.5898113,6.62777,3.582776,105000
1.6478244,0.64889616,2.0976543,7.4430375,2.9165816,129000
1.1749038,0.33617008,1.5760933,8.362543,3.180157,266900
1.6060617,0.4450055,3.2996006,8.192597,3.292034,146000
1.6040243,0.45492432,3.3651912,8.24833,3.312803,179000
10.056004,0.17330077,1.8400015,5.8988276,2.8470721,39500
1.409553,0.701666,3.143623,8.417111,2.7313273,92900
1.3708194,0.54669863,2.7614295,8.095952,2.6224406,87000
10.504768,-0.14917922,1.8421205,5.97168,3.303147,85000
9.9725685,0.2164201,2.064341,6.831541,3.9663813,139800
1.4873843,0.68902075,3.3788905,8.534201,2.5664368,85124
1.6052301,0.4535484,3.350149,8.240318,3.2960017,119835
1.594801,0.47420752,3.3094482,8.25167,3.2975583,148700
2.0400372,0.7954923,0.693142,6.415884,1.9620973,139999
0.69025487,-0.4065339,0.83061594,5.0954022,3.7938313,125000
-0.120746456,-0.25358033,0.69772613,7.913555,2.348706,67000
1.4342828,0.84292173,3.7126584,8.830176,2.4252536,86000
1.5944859,0.4632645,3.3480775,8.254733,3.2990298,122000
9.930028,-0.06722812,2.0210307,6.519114,4.259982,127000
1.4579173,0.71852726,3.4086711,8.568315,2.539281,73554
10.573406,0.6576619,1.7004855,7.636873,3.3331592,249000
1.5847251,0.50334364,3.3002748,8.292155,3.26753,122800
-0.3129408,0.5720149,1.7008243,4.8636994,3.2353277,98165
10.646068,0.6480509,1.5057127,8.288869,3.61162,220000
9.223947,-0.11017922,1.8432772,5.585285,4.061625,105000
-0.88848984,0.039930746,0.6489648,7.850632,1.9394172,90000
4.768401,3.6397376,1.4356214,7.0164824,5.2127714,126000
-0.8758317,0.027771344,0.65440875,7.875435,1.9537114,85000
10.362396,0.68883634,1.7159518,5.878295,3.2441158,25500
-0.6770242,0.14825942,0.70034575,7.7266736,1.8533877,89900
-0.14941671,0.3239882,1.5008093,4.917966,3.0666006,129000
1.3165016,0.5455087,2.5192907,8.024288,2.6079595,104270
-0.10893862,-0.73557454,0.70553213,4.2273,1.7620944,60825
-0.10415148,-0.7336457,0.70712173,4.232573,1.7722272,60825
-0.40556252,0.8779732,1.1103399,3.9725308,3.3190196,68740
-0.101877555,-0.72738105,0.7002235,4.2382364,1.7554708,60825
-0.036337312,-0.6288687,0.6754242,4.338252,1.7109041,58900
0.78613347,-0.07346225,0.9488495,5.352366,4.60654,94800
9.688627,-0.5127987,2.3137133,6.4809213,4.456851,125000
10.034298,-0.57134926,1.9716337,5.820339,3.8154187,55000
8.527647,0.47129792,1.922868,6.7390366,3.5367022,315000
9.7262745,0.67641044,2.4735408,6.9605503,3.4370558,140000
-0.88586426,0.039043855,0.65684086,7.8588786,1.9497261,110000
2.1708817,1.0062366,1.593511,6.8774076,2.445064,235305
-0.44573683,0.787908,1.5799747,4.498054,3.2762384,103400
-0.35711655,0.10195618,0.66811895,7.74956,2.0109549,77000
9.428807,0.3878612,2.1387243,7.1915107,3.4479485,176500
9.254717,0.23382695,2.0428088,7.3744965,3.466466,199900
10.139753,0.3622321,1.9384766,6.5244975,2.7568457,113900
4.825703,1.5607243,1.7217239,6.910291,3.4395149,230000
8.49945,0.5663338,1.2490675,6.765253,3.6498144,184000
8.531068,0.53946793,1.376308,6.795631,3.6370018,104999
8.5878725,0.7627414,1.0754622,6.2774825,3.4205935,109000
8.786463,1.133753,2.9415932,5.9744925,3.541575,148760
1.6075555,0.44313937,3.3286192,8.220482,3.2926712,119835
1.4884381,0.72287947,3.4381492,8.594623,2.5822742,85124
1.4608625,0.7205587,3.4195192,8.572917,2.5421603,73553
1.6186619,0.44210666,3.4095128,8.255915,3.3406317,175899
1.416698,0.697496,3.1654248,8.4233885,2.7397244,112466
1.637555,0.42389092,3.4333146,8.253204,3.3659558,190777
1.4104893,0.7248805,3.313389,8.523594,2.623201,173030
4.620141,2.249271,1.482018,6.936028,4.37694,125000
2.836828,1.3856355,1.3005877,7.0591383,3.0419188,280000
9.001446,0.7401956,1.8536152,6.0288067,3.387367,114000
1.2876272,0.9736882,1.4748424,7.193042,2.5317485,99000
1.1996784,0.4791626,2.0914752,8.079352,2.6598935,135000
10.19279,0.44434965,1.8645631,6.625869,3.2463236,116000
10.751561,0.5107223,1.3430357,6.870721,3.1299171,150000
0.14793533,0.45687488,1.4486344,8.003171,2.0641153,120000
0.8972443,0.03481136,1.1528025,5.730445,4.2610245,134127
7.9998097,0.98642224,1.3184205,6.5125856,3.2090702,254311
0.7774219,-0.09911177,0.94803756,5.3130274,4.621826,110000
0.8321766,-0.36368036,1.0044205,8.40559,3.538255,139990
0.9312274,0.016153704,0.91291994,5.5197086,4.4736137,123900
-0.20844413,0.82288843,0.9950115,4.0724325,3.152886,83000
8.941265,0.23652747,0.99353576,6.319117,3.184934,138999
0.7778474,-0.10580325,0.8764443,8.566741,3.658182,200000
2.4198508,0.52601135,1.5440055,7.168283,3.2179778,459200
2.1186788,0.47541657,1.6839764,7.6025963,3.7429814,790000
2.435331,0.46994597,1.585845,7.4026833,3.8861194,845000
4.2851586,1.6727594,1.7100917,6.9795012,3.4582171,206000
0.42328385,-0.031477615,-0.0140969455,8.336847,3.4626677,125000
8.470977,0.49409524,1.6009904,7.1227684,3.8152287,385000
8.545727,0.46570477,1.6791062,7.1280866,3.7580633,385000
8.482313,0.5086702,1.537883,7.0960608,3.8201668,385000
8.588359,0.43908608,1.6668905,7.17457,3.7930894,385000
9.52143,0.43231308,2.3451889,6.984312,3.2365701,119900
9.981218,0.24512245,1.7450572,6.3643193,3.7922347,83000
1.6053721,0.45034498,3.2680175,8.195767,3.2221162,149000
1.4628698,0.7144837,3.408638,8.565564,2.5594368,115000
1.4698422,0.7168936,3.4475563,8.580866,2.5404253,107000
1.462788,0.7178411,3.4237247,8.575741,2.5452263,93000
9.921706,0.32285863,1.056525,6.198537,2.8158348,72000
3.9353411,1.5133312,1.6613126,7.023617,3.3684056,245000
9.858541,0.27058986,1.9380615,6.712235,3.6428447,159000
2.4252567,0.44323227,1.6286881,7.2069273,3.32242,510000
9.75099,-0.45316872,2.3603833,6.587621,4.470918,154990
2.097944,1.5268546,1.3453066,6.802757,3.0947235,235000
9.0297165,0.8295251,1.4252825,5.7646537,3.3122628,59000
9.187248,0.28908867,2.0077384,7.352046,3.4671197,110000
9.730295,-0.34264946,2.122061,6.4733663,3.5602562,120000
2.091517,1.0593882,1.5472678,6.9321675,2.6032891,230000
10.434674,-0.12000503,1.7868143,5.8441978,3.455613,68500
1.5551554,0.26220262,0.8316364,6.8120756,3.1928458,263500
10.444378,0.60035926,1.6820536,7.807704,3.4774768,195000
2.4142022,0.49597228,1.5995651,7.2197266,3.3916826,430000
8.492058,0.70045924,1.5214573,6.281056,3.3166811,180000
-0.15908366,0.38793343,1.8960217,4.8807464,3.770002,71600
1.8797649,0.89985114,1.2127304,7.083147,3.5076425,499000
9.790495,0.66265434,2.0974858,6.495981,3.2535536,144500
0.29842082,-0.3491058,0.38741434,7.7882385,3.5116072,90000
1.9505447,1.1581324,0.36643377,6.418054,2.331827,269000
-0.15717456,-1.0296702,1.1558183,4.1788087,1.9153675,56000
10.444994,-0.0878958,1.7667912,5.865609,3.4505696,68900
1.4068916,0.6875099,3.0891213,8.37763,2.7723606,85900
1.5046455,0.51309377,2.5056727,7.917247,3.0688434,126000
1.8283331,1.3903788,1.4332267,6.921544,3.0280497,209000
1.231752,0.11831119,1.2958437,8.256259,3.5159874,364500
0.33129987,0.23039766,1.2306594,8.533241,1.9919115,115500
-0.16511822,0.41496095,1.8725907,4.8784423,3.7684484,71700
4.740056,3.5896654,1.4555812,7.0216556,5.171509,139000
8.340498,0.6740014,1.3526562,6.8543158,3.7505195,135000
1.0889531,-0.22936761,4.005648,6.3124223,3.4203804,73554
-0.62036145,0.11572214,0.64751697,7.6386127,1.8435667,75000
0.7309674,-0.46665427,0.085436285,8.457065,3.7215805,89999
0.29711792,0.29698643,1.4792712,8.2768955,2.0369787,115000
1.0891261,-0.23006886,4.004703,6.308466,3.4208274,91736
0.8564711,-0.0046241716,0.49301893,8.367611,3.5109878,207700
2.0449865,0.6875959,1.5797477,7.4982586,3.4770057,317700
1.3323202,1.0042007,1.5625907,7.2195764,2.6189516,180000
0.5824511,0.45826355,3.4407294,6.067747,2.9693234,115000
1.6163033,0.43792233,3.3820028,8.233449,3.3275702,202479
1.4207814,0.5011839,2.8963742,8.088124,2.6328397,103600
1.4149691,0.73462576,3.3619936,8.553505,2.6016836,71000
0.9426814,0.031205637,0.9340396,5.561915,4.433946,123900
0.7939136,-0.074503005,0.91601866,5.3166757,4.59938,110000
2.4528618,0.3707312,1.611403,7.1810684,3.257921,500000
-0.06691465,-0.6768497,0.7099445,4.2997627,1.7590926,71000
0.8903679,0.41045955,1.4925581,8.608727,2.7034929,104000
0.7659824,-0.07914226,0.9270477,5.286654,4.643874,110000
9.707623,0.2683224,1.5973755,7.198577,3.4864366,162000
1.5880127,0.4680453,3.3355625,8.231211,3.2922826,145900
-0.06413572,-0.66359574,0.7168349,4.3017383,1.7815976,71000
9.679429,-0.49635658,2.1844082,6.3147836,4.2528334,59900
-0.6701072,-0.019889653,0.5765014,7.7220445,2.0445135,72000
0.796783,-0.11119147,0.9506186,5.3274956,4.640262,94800
-0.056910355,-0.6338953,0.7073866,4.336807,1.727988,59800
10.095515,-0.58005375,2.0038137,5.884193,3.9417212,55000
10.379725,0.3416925,1.7742699,5.607248,3.1244895,49000
